[2026-01-03T00:25:29.618+0000] {processor.py:161} INFO - Started process (PID=23796) to work on /opt/airflow/dags/prediction_dag.py
[2026-01-03T00:25:29.640+0000] {processor.py:830} INFO - Processing file /opt/airflow/dags/prediction_dag.py for tasks to queue
[2026-01-03T00:25:29.659+0000] {logging_mixin.py:188} INFO - [2026-01-03T00:25:29.650+0000] {dagbag.py:540} INFO - Filling up the DagBag from /opt/airflow/dags/prediction_dag.py
[2026-01-03T00:25:29.992+0000] {processor.py:840} INFO - DAG(s) 'prediction_dag' retrieved from /opt/airflow/dags/prediction_dag.py
[2026-01-03T00:25:31.050+0000] {logging_mixin.py:188} INFO - [2026-01-03T00:25:31.045+0000] {dag.py:3047} INFO - Sync 1 DAGs
[2026-01-03T00:25:31.361+0000] {logging_mixin.py:188} INFO - [2026-01-03T00:25:31.360+0000] {dag.py:3834} INFO - Setting next_dagrun for prediction_dag to 2026-01-03 00:24:00+00:00, run_after=2026-01-03 00:26:00+00:00
[2026-01-03T00:25:31.612+0000] {processor.py:183} INFO - Processing /opt/airflow/dags/prediction_dag.py took 2.049 seconds
[2026-01-03T01:33:49.813+0000] {processor.py:161} INFO - Started process (PID=23859) to work on /opt/airflow/dags/prediction_dag.py
[2026-01-03T01:33:50.112+0000] {processor.py:830} INFO - Processing file /opt/airflow/dags/prediction_dag.py for tasks to queue
[2026-01-03T01:33:50.208+0000] {logging_mixin.py:188} INFO - [2026-01-03T01:33:50.154+0000] {dagbag.py:540} INFO - Filling up the DagBag from /opt/airflow/dags/prediction_dag.py
[2026-01-03T01:33:50.882+0000] {processor.py:840} INFO - DAG(s) 'prediction_dag' retrieved from /opt/airflow/dags/prediction_dag.py
[2026-01-03T01:33:51.370+0000] {logging_mixin.py:188} INFO - [2026-01-03T01:33:51.366+0000] {dag.py:3047} INFO - Sync 1 DAGs
[2026-01-03T01:33:51.563+0000] {logging_mixin.py:188} INFO - [2026-01-03T01:33:51.561+0000] {dag.py:3834} INFO - Setting next_dagrun for prediction_dag to 2026-01-03 01:30:00+00:00, run_after=2026-01-03 01:32:00+00:00
[2026-01-03T01:33:51.680+0000] {processor.py:183} INFO - Processing /opt/airflow/dags/prediction_dag.py took 2.892 seconds
[2026-01-03T03:11:41.765+0000] {processor.py:161} INFO - Started process (PID=23873) to work on /opt/airflow/dags/prediction_dag.py
[2026-01-03T03:11:41.766+0000] {processor.py:830} INFO - Processing file /opt/airflow/dags/prediction_dag.py for tasks to queue
[2026-01-03T03:11:41.771+0000] {logging_mixin.py:188} INFO - [2026-01-03T03:11:41.768+0000] {dagbag.py:540} INFO - Filling up the DagBag from /opt/airflow/dags/prediction_dag.py
[2026-01-03T03:11:41.834+0000] {processor.py:840} INFO - DAG(s) 'prediction_dag' retrieved from /opt/airflow/dags/prediction_dag.py
[2026-01-03T03:11:41.901+0000] {logging_mixin.py:188} INFO - [2026-01-03T03:11:41.901+0000] {dag.py:3047} INFO - Sync 1 DAGs
[2026-01-03T03:11:41.968+0000] {logging_mixin.py:188} INFO - [2026-01-03T03:11:41.968+0000] {dag.py:3834} INFO - Setting next_dagrun for prediction_dag to 2026-01-03 03:08:00+00:00, run_after=2026-01-03 03:10:00+00:00
[2026-01-03T03:11:41.998+0000] {processor.py:183} INFO - Processing /opt/airflow/dags/prediction_dag.py took 0.243 seconds
[2026-01-03T04:30:32.650+0000] {processor.py:161} INFO - Started process (PID=23977) to work on /opt/airflow/dags/prediction_dag.py
[2026-01-03T04:30:32.662+0000] {processor.py:830} INFO - Processing file /opt/airflow/dags/prediction_dag.py for tasks to queue
[2026-01-03T04:30:32.674+0000] {logging_mixin.py:188} INFO - [2026-01-03T04:30:32.664+0000] {dagbag.py:540} INFO - Filling up the DagBag from /opt/airflow/dags/prediction_dag.py
[2026-01-03T04:30:32.832+0000] {processor.py:840} INFO - DAG(s) 'prediction_dag' retrieved from /opt/airflow/dags/prediction_dag.py
[2026-01-03T04:30:33.051+0000] {logging_mixin.py:188} INFO - [2026-01-03T04:30:33.051+0000] {dag.py:3047} INFO - Sync 1 DAGs
[2026-01-03T04:30:33.195+0000] {logging_mixin.py:188} INFO - [2026-01-03T04:30:33.193+0000] {dag.py:3834} INFO - Setting next_dagrun for prediction_dag to 2026-01-03 04:30:00+00:00, run_after=2026-01-03 04:32:00+00:00
[2026-01-03T04:30:33.297+0000] {processor.py:183} INFO - Processing /opt/airflow/dags/prediction_dag.py took 0.693 seconds
[2026-01-03T05:38:31.270+0000] {processor.py:161} INFO - Started process (PID=24117) to work on /opt/airflow/dags/prediction_dag.py
[2026-01-03T05:38:31.294+0000] {processor.py:830} INFO - Processing file /opt/airflow/dags/prediction_dag.py for tasks to queue
[2026-01-03T05:38:31.303+0000] {logging_mixin.py:188} INFO - [2026-01-03T05:38:31.298+0000] {dagbag.py:540} INFO - Filling up the DagBag from /opt/airflow/dags/prediction_dag.py
[2026-01-03T05:38:31.775+0000] {processor.py:840} INFO - DAG(s) 'prediction_dag' retrieved from /opt/airflow/dags/prediction_dag.py
[2026-01-03T05:38:32.863+0000] {logging_mixin.py:188} INFO - [2026-01-03T05:38:32.849+0000] {dag.py:3047} INFO - Sync 1 DAGs
[2026-01-03T05:38:33.799+0000] {logging_mixin.py:188} INFO - [2026-01-03T05:38:33.781+0000] {dag.py:3834} INFO - Setting next_dagrun for prediction_dag to 2026-01-03 05:38:00+00:00, run_after=2026-01-03 05:40:00+00:00
[2026-01-03T05:38:34.189+0000] {processor.py:183} INFO - Processing /opt/airflow/dags/prediction_dag.py took 3.041 seconds
[2026-01-03T06:15:47.445+0000] {processor.py:161} INFO - Started process (PID=24173) to work on /opt/airflow/dags/prediction_dag.py
[2026-01-03T06:15:47.470+0000] {processor.py:830} INFO - Processing file /opt/airflow/dags/prediction_dag.py for tasks to queue
[2026-01-03T06:15:47.523+0000] {logging_mixin.py:188} INFO - [2026-01-03T06:15:47.488+0000] {dagbag.py:540} INFO - Filling up the DagBag from /opt/airflow/dags/prediction_dag.py
[2026-01-03T06:15:48.846+0000] {processor.py:840} INFO - DAG(s) 'prediction_dag' retrieved from /opt/airflow/dags/prediction_dag.py
[2026-01-03T06:15:49.771+0000] {logging_mixin.py:188} INFO - [2026-01-03T06:15:49.759+0000] {dag.py:3047} INFO - Sync 1 DAGs
[2026-01-03T06:15:51.217+0000] {logging_mixin.py:188} INFO - [2026-01-03T06:15:51.215+0000] {dag.py:3834} INFO - Setting next_dagrun for prediction_dag to 2026-01-03 06:14:00+00:00, run_after=2026-01-03 06:16:00+00:00
[2026-01-03T06:15:51.647+0000] {processor.py:183} INFO - Processing /opt/airflow/dags/prediction_dag.py took 4.636 seconds
[2026-01-03T07:02:42.071+0000] {processor.py:161} INFO - Started process (PID=24191) to work on /opt/airflow/dags/prediction_dag.py
[2026-01-03T07:02:42.107+0000] {processor.py:830} INFO - Processing file /opt/airflow/dags/prediction_dag.py for tasks to queue
[2026-01-03T07:02:42.130+0000] {logging_mixin.py:188} INFO - [2026-01-03T07:02:42.125+0000] {dagbag.py:540} INFO - Filling up the DagBag from /opt/airflow/dags/prediction_dag.py
[2026-01-03T07:02:42.936+0000] {processor.py:840} INFO - DAG(s) 'prediction_dag' retrieved from /opt/airflow/dags/prediction_dag.py
[2026-01-03T07:02:43.919+0000] {logging_mixin.py:188} INFO - [2026-01-03T07:02:43.913+0000] {dag.py:3047} INFO - Sync 1 DAGs
[2026-01-03T07:02:47.023+0000] {logging_mixin.py:188} INFO - [2026-01-03T07:02:47.002+0000] {dag.py:3834} INFO - Setting next_dagrun for prediction_dag to 2026-01-03 07:00:00+00:00, run_after=2026-01-03 07:02:00+00:00
[2026-01-03T07:02:47.368+0000] {processor.py:183} INFO - Processing /opt/airflow/dags/prediction_dag.py took 5.514 seconds
[2026-01-03T07:02:48.479+0000] {processor.py:161} INFO - Started process (PID=24198) to work on /opt/airflow/dags/prediction_dag.py
[2026-01-03T07:02:48.513+0000] {processor.py:830} INFO - Processing file /opt/airflow/dags/prediction_dag.py for tasks to queue
[2026-01-03T07:02:48.549+0000] {logging_mixin.py:188} INFO - [2026-01-03T07:02:48.524+0000] {dagbag.py:540} INFO - Filling up the DagBag from /opt/airflow/dags/prediction_dag.py
[2026-01-03T07:02:48.858+0000] {processor.py:840} INFO - DAG(s) 'prediction_dag' retrieved from /opt/airflow/dags/prediction_dag.py
[2026-01-03T07:02:49.162+0000] {logging_mixin.py:188} INFO - [2026-01-03T07:02:49.158+0000] {taskinstance.py:2733} ERROR - {'DAG Id': 'prediction_dag', 'Task Id': 'check_for_new_data', 'Run Id': 'scheduled__2026-01-03T05:38:00+00:00', 'Hostname': '8fa1ffc51a9f'}
[2026-01-03T07:02:49.273+0000] {logging_mixin.py:188} INFO - [2026-01-03T07:02:49.273+0000] {taskinstance.py:1149} INFO - Marking task as UP_FOR_RETRY. dag_id=prediction_dag, task_id=check_for_new_data, execution_date=20260103T053800, start_date=20260103T061600, end_date=20260103T070249
[2026-01-03T07:02:49.349+0000] {processor.py:791} INFO - Executed failure callback for <TaskInstance: prediction_dag.check_for_new_data scheduled__2026-01-03T05:38:00+00:00 [up_for_retry]> in state up_for_retry
[2026-01-03T07:02:49.361+0000] {logging_mixin.py:188} INFO - [2026-01-03T07:02:49.360+0000] {taskinstance.py:2733} ERROR - {'DAG Id': 'prediction_dag', 'Task Id': 'check_for_new_data', 'Run Id': 'scheduled__2026-01-03T06:12:00+00:00', 'Hostname': '8fa1ffc51a9f'}
[2026-01-03T07:02:49.444+0000] {logging_mixin.py:188} INFO - [2026-01-03T07:02:49.443+0000] {taskinstance.py:1149} INFO - Marking task as UP_FOR_RETRY. dag_id=prediction_dag, task_id=check_for_new_data, execution_date=20260103T061200, start_date=20260103T061600, end_date=20260103T070249
[2026-01-03T07:02:49.483+0000] {processor.py:791} INFO - Executed failure callback for <TaskInstance: prediction_dag.check_for_new_data scheduled__2026-01-03T06:12:00+00:00 [up_for_retry]> in state up_for_retry
[2026-01-03T07:02:49.644+0000] {logging_mixin.py:188} INFO - [2026-01-03T07:02:49.643+0000] {dag.py:3047} INFO - Sync 1 DAGs
[2026-01-03T07:02:49.835+0000] {logging_mixin.py:188} INFO - [2026-01-03T07:02:49.834+0000] {dag.py:3834} INFO - Setting next_dagrun for prediction_dag to 2026-01-03 07:02:00+00:00, run_after=2026-01-03 07:04:00+00:00
[2026-01-03T07:02:49.923+0000] {processor.py:183} INFO - Processing /opt/airflow/dags/prediction_dag.py took 1.581 seconds
[2026-01-03T08:05:39.223+0000] {processor.py:161} INFO - Started process (PID=24259) to work on /opt/airflow/dags/prediction_dag.py
[2026-01-03T08:05:39.230+0000] {processor.py:830} INFO - Processing file /opt/airflow/dags/prediction_dag.py for tasks to queue
[2026-01-03T08:05:39.233+0000] {logging_mixin.py:188} INFO - [2026-01-03T08:05:39.233+0000] {dagbag.py:540} INFO - Filling up the DagBag from /opt/airflow/dags/prediction_dag.py
[2026-01-03T08:05:39.313+0000] {processor.py:840} INFO - DAG(s) 'prediction_dag' retrieved from /opt/airflow/dags/prediction_dag.py
[2026-01-03T08:05:39.832+0000] {logging_mixin.py:188} INFO - [2026-01-03T08:05:39.829+0000] {dag.py:3047} INFO - Sync 1 DAGs
[2026-01-03T08:05:40.317+0000] {logging_mixin.py:188} INFO - [2026-01-03T08:05:40.316+0000] {dag.py:3834} INFO - Setting next_dagrun for prediction_dag to 2026-01-03 08:04:00+00:00, run_after=2026-01-03 08:06:00+00:00
[2026-01-03T08:05:40.452+0000] {processor.py:183} INFO - Processing /opt/airflow/dags/prediction_dag.py took 1.248 seconds
[2026-01-03T09:05:56.761+0000] {processor.py:161} INFO - Started process (PID=24359) to work on /opt/airflow/dags/prediction_dag.py
[2026-01-03T09:05:56.776+0000] {processor.py:830} INFO - Processing file /opt/airflow/dags/prediction_dag.py for tasks to queue
[2026-01-03T09:05:56.800+0000] {logging_mixin.py:188} INFO - [2026-01-03T09:05:56.793+0000] {dagbag.py:540} INFO - Filling up the DagBag from /opt/airflow/dags/prediction_dag.py
[2026-01-03T09:05:57.044+0000] {processor.py:840} INFO - DAG(s) 'prediction_dag' retrieved from /opt/airflow/dags/prediction_dag.py
[2026-01-03T09:05:57.692+0000] {logging_mixin.py:188} INFO - [2026-01-03T09:05:57.687+0000] {dag.py:3047} INFO - Sync 1 DAGs
[2026-01-03T09:05:58.103+0000] {logging_mixin.py:188} INFO - [2026-01-03T09:05:58.100+0000] {dag.py:3834} INFO - Setting next_dagrun for prediction_dag to 2026-01-03 09:04:00+00:00, run_after=2026-01-03 09:06:00+00:00
[2026-01-03T09:05:58.305+0000] {processor.py:183} INFO - Processing /opt/airflow/dags/prediction_dag.py took 1.636 seconds
[2026-01-03T09:50:12.294+0000] {processor.py:161} INFO - Started process (PID=24422) to work on /opt/airflow/dags/prediction_dag.py
[2026-01-03T09:50:12.321+0000] {processor.py:830} INFO - Processing file /opt/airflow/dags/prediction_dag.py for tasks to queue
[2026-01-03T09:50:12.341+0000] {logging_mixin.py:188} INFO - [2026-01-03T09:50:12.334+0000] {dagbag.py:540} INFO - Filling up the DagBag from /opt/airflow/dags/prediction_dag.py
[2026-01-03T09:50:13.329+0000] {processor.py:840} INFO - DAG(s) 'prediction_dag' retrieved from /opt/airflow/dags/prediction_dag.py
[2026-01-03T09:50:14.864+0000] {logging_mixin.py:188} INFO - [2026-01-03T09:50:14.857+0000] {dag.py:3047} INFO - Sync 1 DAGs
[2026-01-03T09:50:15.853+0000] {logging_mixin.py:188} INFO - [2026-01-03T09:50:15.832+0000] {dag.py:3834} INFO - Setting next_dagrun for prediction_dag to 2026-01-03 09:50:00+00:00, run_after=2026-01-03 09:52:00+00:00
[2026-01-03T09:50:16.590+0000] {processor.py:183} INFO - Processing /opt/airflow/dags/prediction_dag.py took 4.384 seconds
[2026-01-03T11:10:57.999+0000] {processor.py:161} INFO - Started process (PID=24523) to work on /opt/airflow/dags/prediction_dag.py
[2026-01-03T11:10:58.055+0000] {processor.py:830} INFO - Processing file /opt/airflow/dags/prediction_dag.py for tasks to queue
[2026-01-03T11:10:58.091+0000] {logging_mixin.py:188} INFO - [2026-01-03T11:10:58.075+0000] {dagbag.py:540} INFO - Filling up the DagBag from /opt/airflow/dags/prediction_dag.py
[2026-01-03T11:10:58.432+0000] {processor.py:840} INFO - DAG(s) 'prediction_dag' retrieved from /opt/airflow/dags/prediction_dag.py
[2026-01-03T11:10:58.814+0000] {logging_mixin.py:188} INFO - [2026-01-03T11:10:58.805+0000] {dag.py:3047} INFO - Sync 1 DAGs
[2026-01-03T11:10:58.988+0000] {logging_mixin.py:188} INFO - [2026-01-03T11:10:58.987+0000] {dag.py:3834} INFO - Setting next_dagrun for prediction_dag to 2026-01-03 11:10:00+00:00, run_after=2026-01-03 11:12:00+00:00
[2026-01-03T11:10:59.080+0000] {processor.py:183} INFO - Processing /opt/airflow/dags/prediction_dag.py took 1.220 seconds
[2026-01-03T11:53:08.150+0000] {processor.py:161} INFO - Started process (PID=24620) to work on /opt/airflow/dags/prediction_dag.py
[2026-01-03T11:53:08.154+0000] {processor.py:830} INFO - Processing file /opt/airflow/dags/prediction_dag.py for tasks to queue
[2026-01-03T11:53:08.166+0000] {logging_mixin.py:188} INFO - [2026-01-03T11:53:08.162+0000] {dagbag.py:540} INFO - Filling up the DagBag from /opt/airflow/dags/prediction_dag.py
[2026-01-03T11:53:08.762+0000] {processor.py:840} INFO - DAG(s) 'prediction_dag' retrieved from /opt/airflow/dags/prediction_dag.py
[2026-01-03T11:53:09.051+0000] {logging_mixin.py:188} INFO - [2026-01-03T11:53:09.050+0000] {dag.py:3047} INFO - Sync 1 DAGs
[2026-01-03T11:53:09.450+0000] {logging_mixin.py:188} INFO - [2026-01-03T11:53:09.423+0000] {dag.py:3834} INFO - Setting next_dagrun for prediction_dag to 2026-01-03 11:50:00+00:00, run_after=2026-01-03 11:52:00+00:00
[2026-01-03T11:53:10.119+0000] {processor.py:183} INFO - Processing /opt/airflow/dags/prediction_dag.py took 1.984 seconds
[2026-01-03T12:25:36.743+0000] {processor.py:161} INFO - Started process (PID=24649) to work on /opt/airflow/dags/prediction_dag.py
[2026-01-03T12:25:37.043+0000] {processor.py:830} INFO - Processing file /opt/airflow/dags/prediction_dag.py for tasks to queue
[2026-01-03T12:25:37.208+0000] {logging_mixin.py:188} INFO - [2026-01-03T12:25:37.128+0000] {dagbag.py:540} INFO - Filling up the DagBag from /opt/airflow/dags/prediction_dag.py
[2026-01-03T12:25:39.235+0000] {processor.py:840} INFO - DAG(s) 'prediction_dag' retrieved from /opt/airflow/dags/prediction_dag.py
[2026-01-03T12:25:44.913+0000] {logging_mixin.py:188} INFO - [2026-01-03T12:25:44.852+0000] {dag.py:3047} INFO - Sync 1 DAGs
[2026-01-03T12:25:46.728+0000] {logging_mixin.py:188} INFO - [2026-01-03T12:25:46.706+0000] {dag.py:3834} INFO - Setting next_dagrun for prediction_dag to 2026-01-03 12:24:00+00:00, run_after=2026-01-03 12:26:00+00:00
[2026-01-03T12:25:47.888+0000] {processor.py:183} INFO - Processing /opt/airflow/dags/prediction_dag.py took 12.451 seconds
[2026-01-03T12:26:19.346+0000] {processor.py:161} INFO - Started process (PID=24688) to work on /opt/airflow/dags/prediction_dag.py
[2026-01-03T12:26:19.355+0000] {processor.py:830} INFO - Processing file /opt/airflow/dags/prediction_dag.py for tasks to queue
[2026-01-03T12:26:19.367+0000] {logging_mixin.py:188} INFO - [2026-01-03T12:26:19.362+0000] {dagbag.py:540} INFO - Filling up the DagBag from /opt/airflow/dags/prediction_dag.py
[2026-01-03T12:26:19.671+0000] {processor.py:840} INFO - DAG(s) 'prediction_dag' retrieved from /opt/airflow/dags/prediction_dag.py
[2026-01-03T12:26:20.426+0000] {logging_mixin.py:188} INFO - [2026-01-03T12:26:20.412+0000] {taskinstance.py:2733} ERROR - {'DAG Id': 'prediction_dag', 'Task Id': 'check_for_new_data', 'Run Id': 'scheduled__2026-01-03T11:50:00+00:00', 'Hostname': '8fa1ffc51a9f'}
[2026-01-03T12:26:20.591+0000] {logging_mixin.py:188} INFO - [2026-01-03T12:26:20.590+0000] {taskinstance.py:1149} INFO - Marking task as FAILED. dag_id=prediction_dag, task_id=check_for_new_data, execution_date=20260103T115000, start_date=20260103T122606, end_date=20260103T122620
[2026-01-03T12:26:20.671+0000] {processor.py:791} INFO - Executed failure callback for <TaskInstance: prediction_dag.check_for_new_data scheduled__2026-01-03T11:50:00+00:00 [failed]> in state failed
[2026-01-03T12:26:20.684+0000] {logging_mixin.py:188} INFO - [2026-01-03T12:26:20.683+0000] {taskinstance.py:2733} ERROR - {'DAG Id': 'prediction_dag', 'Task Id': 'check_for_new_data', 'Run Id': 'scheduled__2026-01-03T11:10:00+00:00', 'Hostname': '8fa1ffc51a9f'}
[2026-01-03T12:26:20.736+0000] {logging_mixin.py:188} INFO - [2026-01-03T12:26:20.736+0000] {taskinstance.py:1149} INFO - Marking task as FAILED. dag_id=prediction_dag, task_id=check_for_new_data, execution_date=20260103T111000, start_date=20260103T122606, end_date=20260103T122620
[2026-01-03T12:26:20.748+0000] {processor.py:791} INFO - Executed failure callback for <TaskInstance: prediction_dag.check_for_new_data scheduled__2026-01-03T11:10:00+00:00 [failed]> in state failed
[2026-01-03T12:26:20.755+0000] {logging_mixin.py:188} INFO - [2026-01-03T12:26:20.754+0000] {taskinstance.py:2733} ERROR - {'DAG Id': 'prediction_dag', 'Task Id': 'check_for_new_data', 'Run Id': 'scheduled__2026-01-03T11:50:00+00:00', 'Hostname': '8fa1ffc51a9f'}
[2026-01-03T12:26:20.787+0000] {logging_mixin.py:188} INFO - [2026-01-03T12:26:20.786+0000] {taskinstance.py:1149} INFO - Marking task as FAILED. dag_id=prediction_dag, task_id=check_for_new_data, execution_date=20260103T115000, start_date=20260103T122606, end_date=20260103T122620
[2026-01-03T12:26:20.801+0000] {processor.py:791} INFO - Executed failure callback for <TaskInstance: prediction_dag.check_for_new_data scheduled__2026-01-03T11:50:00+00:00 [failed]> in state failed
[2026-01-03T12:26:20.812+0000] {logging_mixin.py:188} INFO - [2026-01-03T12:26:20.810+0000] {taskinstance.py:2733} ERROR - {'DAG Id': 'prediction_dag', 'Task Id': 'check_for_new_data', 'Run Id': 'scheduled__2026-01-03T11:10:00+00:00', 'Hostname': '8fa1ffc51a9f'}
[2026-01-03T12:26:20.848+0000] {logging_mixin.py:188} INFO - [2026-01-03T12:26:20.847+0000] {taskinstance.py:1149} INFO - Marking task as FAILED. dag_id=prediction_dag, task_id=check_for_new_data, execution_date=20260103T111000, start_date=20260103T122606, end_date=20260103T122620
[2026-01-03T12:26:20.858+0000] {processor.py:791} INFO - Executed failure callback for <TaskInstance: prediction_dag.check_for_new_data scheduled__2026-01-03T11:10:00+00:00 [failed]> in state failed
[2026-01-03T12:26:21.035+0000] {logging_mixin.py:188} INFO - [2026-01-03T12:26:21.033+0000] {dag.py:3047} INFO - Sync 1 DAGs
[2026-01-03T12:26:21.135+0000] {logging_mixin.py:188} INFO - [2026-01-03T12:26:21.134+0000] {dag.py:3834} INFO - Setting next_dagrun for prediction_dag to 2026-01-03 12:26:00+00:00, run_after=2026-01-03 12:28:00+00:00
[2026-01-03T12:26:21.203+0000] {processor.py:183} INFO - Processing /opt/airflow/dags/prediction_dag.py took 1.897 seconds
[2026-01-03T12:26:51.877+0000] {processor.py:161} INFO - Started process (PID=24762) to work on /opt/airflow/dags/prediction_dag.py
[2026-01-03T12:26:51.879+0000] {processor.py:830} INFO - Processing file /opt/airflow/dags/prediction_dag.py for tasks to queue
[2026-01-03T12:26:51.881+0000] {logging_mixin.py:188} INFO - [2026-01-03T12:26:51.880+0000] {dagbag.py:540} INFO - Filling up the DagBag from /opt/airflow/dags/prediction_dag.py
[2026-01-03T12:26:51.929+0000] {processor.py:840} INFO - DAG(s) 'prediction_dag' retrieved from /opt/airflow/dags/prediction_dag.py
[2026-01-03T12:26:51.985+0000] {logging_mixin.py:188} INFO - [2026-01-03T12:26:51.985+0000] {dag.py:3047} INFO - Sync 1 DAGs
[2026-01-03T12:26:52.025+0000] {logging_mixin.py:188} INFO - [2026-01-03T12:26:52.025+0000] {dag.py:3834} INFO - Setting next_dagrun for prediction_dag to 2026-01-03 12:26:00+00:00, run_after=2026-01-03 12:28:00+00:00
[2026-01-03T12:26:52.044+0000] {processor.py:183} INFO - Processing /opt/airflow/dags/prediction_dag.py took 0.179 seconds
[2026-01-03T12:27:22.527+0000] {processor.py:161} INFO - Started process (PID=24842) to work on /opt/airflow/dags/prediction_dag.py
[2026-01-03T12:27:22.530+0000] {processor.py:830} INFO - Processing file /opt/airflow/dags/prediction_dag.py for tasks to queue
[2026-01-03T12:27:22.532+0000] {logging_mixin.py:188} INFO - [2026-01-03T12:27:22.531+0000] {dagbag.py:540} INFO - Filling up the DagBag from /opt/airflow/dags/prediction_dag.py
[2026-01-03T12:27:22.567+0000] {processor.py:840} INFO - DAG(s) 'prediction_dag' retrieved from /opt/airflow/dags/prediction_dag.py
[2026-01-03T12:27:22.618+0000] {logging_mixin.py:188} INFO - [2026-01-03T12:27:22.617+0000] {dag.py:3047} INFO - Sync 1 DAGs
[2026-01-03T12:27:22.650+0000] {logging_mixin.py:188} INFO - [2026-01-03T12:27:22.649+0000] {dag.py:3834} INFO - Setting next_dagrun for prediction_dag to 2026-01-03 12:26:00+00:00, run_after=2026-01-03 12:28:00+00:00
[2026-01-03T12:27:22.667+0000] {processor.py:183} INFO - Processing /opt/airflow/dags/prediction_dag.py took 0.156 seconds
[2026-01-03T12:27:53.201+0000] {processor.py:161} INFO - Started process (PID=24860) to work on /opt/airflow/dags/prediction_dag.py
[2026-01-03T12:27:53.206+0000] {processor.py:830} INFO - Processing file /opt/airflow/dags/prediction_dag.py for tasks to queue
[2026-01-03T12:27:53.213+0000] {logging_mixin.py:188} INFO - [2026-01-03T12:27:53.211+0000] {dagbag.py:540} INFO - Filling up the DagBag from /opt/airflow/dags/prediction_dag.py
[2026-01-03T12:27:53.247+0000] {processor.py:840} INFO - DAG(s) 'prediction_dag' retrieved from /opt/airflow/dags/prediction_dag.py
[2026-01-03T12:27:53.293+0000] {logging_mixin.py:188} INFO - [2026-01-03T12:27:53.292+0000] {dag.py:3047} INFO - Sync 1 DAGs
[2026-01-03T12:27:53.324+0000] {logging_mixin.py:188} INFO - [2026-01-03T12:27:53.324+0000] {dag.py:3834} INFO - Setting next_dagrun for prediction_dag to 2026-01-03 12:26:00+00:00, run_after=2026-01-03 12:28:00+00:00
[2026-01-03T12:27:53.340+0000] {processor.py:183} INFO - Processing /opt/airflow/dags/prediction_dag.py took 0.151 seconds
[2026-01-03T12:28:24.201+0000] {processor.py:161} INFO - Started process (PID=24946) to work on /opt/airflow/dags/prediction_dag.py
[2026-01-03T12:28:24.204+0000] {processor.py:830} INFO - Processing file /opt/airflow/dags/prediction_dag.py for tasks to queue
[2026-01-03T12:28:24.206+0000] {logging_mixin.py:188} INFO - [2026-01-03T12:28:24.205+0000] {dagbag.py:540} INFO - Filling up the DagBag from /opt/airflow/dags/prediction_dag.py
[2026-01-03T12:28:24.244+0000] {processor.py:840} INFO - DAG(s) 'prediction_dag' retrieved from /opt/airflow/dags/prediction_dag.py
[2026-01-03T12:28:24.300+0000] {logging_mixin.py:188} INFO - [2026-01-03T12:28:24.300+0000] {dag.py:3047} INFO - Sync 1 DAGs
[2026-01-03T12:28:24.330+0000] {logging_mixin.py:188} INFO - [2026-01-03T12:28:24.330+0000] {dag.py:3834} INFO - Setting next_dagrun for prediction_dag to 2026-01-03 12:28:00+00:00, run_after=2026-01-03 12:30:00+00:00
[2026-01-03T12:28:24.349+0000] {processor.py:183} INFO - Processing /opt/airflow/dags/prediction_dag.py took 0.160 seconds
[2026-01-03T12:28:54.560+0000] {processor.py:161} INFO - Started process (PID=24964) to work on /opt/airflow/dags/prediction_dag.py
[2026-01-03T12:28:54.562+0000] {processor.py:830} INFO - Processing file /opt/airflow/dags/prediction_dag.py for tasks to queue
[2026-01-03T12:28:54.563+0000] {logging_mixin.py:188} INFO - [2026-01-03T12:28:54.563+0000] {dagbag.py:540} INFO - Filling up the DagBag from /opt/airflow/dags/prediction_dag.py
[2026-01-03T12:28:54.595+0000] {processor.py:840} INFO - DAG(s) 'prediction_dag' retrieved from /opt/airflow/dags/prediction_dag.py
[2026-01-03T12:28:54.648+0000] {logging_mixin.py:188} INFO - [2026-01-03T12:28:54.647+0000] {dag.py:3047} INFO - Sync 1 DAGs
[2026-01-03T12:28:54.676+0000] {logging_mixin.py:188} INFO - [2026-01-03T12:28:54.676+0000] {dag.py:3834} INFO - Setting next_dagrun for prediction_dag to 2026-01-03 12:28:00+00:00, run_after=2026-01-03 12:30:00+00:00
[2026-01-03T12:28:54.697+0000] {processor.py:183} INFO - Processing /opt/airflow/dags/prediction_dag.py took 0.150 seconds
[2026-01-03T12:29:25.191+0000] {processor.py:161} INFO - Started process (PID=25044) to work on /opt/airflow/dags/prediction_dag.py
[2026-01-03T12:29:25.194+0000] {processor.py:830} INFO - Processing file /opt/airflow/dags/prediction_dag.py for tasks to queue
[2026-01-03T12:29:25.195+0000] {logging_mixin.py:188} INFO - [2026-01-03T12:29:25.195+0000] {dagbag.py:540} INFO - Filling up the DagBag from /opt/airflow/dags/prediction_dag.py
[2026-01-03T12:29:25.231+0000] {processor.py:840} INFO - DAG(s) 'prediction_dag' retrieved from /opt/airflow/dags/prediction_dag.py
[2026-01-03T12:29:25.282+0000] {logging_mixin.py:188} INFO - [2026-01-03T12:29:25.282+0000] {dag.py:3047} INFO - Sync 1 DAGs
[2026-01-03T12:29:25.312+0000] {logging_mixin.py:188} INFO - [2026-01-03T12:29:25.312+0000] {dag.py:3834} INFO - Setting next_dagrun for prediction_dag to 2026-01-03 12:28:00+00:00, run_after=2026-01-03 12:30:00+00:00
[2026-01-03T12:29:25.325+0000] {processor.py:183} INFO - Processing /opt/airflow/dags/prediction_dag.py took 0.153 seconds
[2026-01-03T12:29:55.451+0000] {processor.py:161} INFO - Started process (PID=25062) to work on /opt/airflow/dags/prediction_dag.py
[2026-01-03T12:29:55.454+0000] {processor.py:830} INFO - Processing file /opt/airflow/dags/prediction_dag.py for tasks to queue
[2026-01-03T12:29:55.455+0000] {logging_mixin.py:188} INFO - [2026-01-03T12:29:55.454+0000] {dagbag.py:540} INFO - Filling up the DagBag from /opt/airflow/dags/prediction_dag.py
[2026-01-03T12:29:55.486+0000] {processor.py:840} INFO - DAG(s) 'prediction_dag' retrieved from /opt/airflow/dags/prediction_dag.py
[2026-01-03T12:29:55.534+0000] {logging_mixin.py:188} INFO - [2026-01-03T12:29:55.534+0000] {dag.py:3047} INFO - Sync 1 DAGs
[2026-01-03T12:29:55.561+0000] {logging_mixin.py:188} INFO - [2026-01-03T12:29:55.560+0000] {dag.py:3834} INFO - Setting next_dagrun for prediction_dag to 2026-01-03 12:28:00+00:00, run_after=2026-01-03 12:30:00+00:00
[2026-01-03T12:29:55.578+0000] {processor.py:183} INFO - Processing /opt/airflow/dags/prediction_dag.py took 0.138 seconds
[2026-01-03T12:30:25.837+0000] {processor.py:161} INFO - Started process (PID=25148) to work on /opt/airflow/dags/prediction_dag.py
[2026-01-03T12:30:25.844+0000] {processor.py:830} INFO - Processing file /opt/airflow/dags/prediction_dag.py for tasks to queue
[2026-01-03T12:30:25.846+0000] {logging_mixin.py:188} INFO - [2026-01-03T12:30:25.845+0000] {dagbag.py:540} INFO - Filling up the DagBag from /opt/airflow/dags/prediction_dag.py
[2026-01-03T12:30:25.881+0000] {processor.py:840} INFO - DAG(s) 'prediction_dag' retrieved from /opt/airflow/dags/prediction_dag.py
[2026-01-03T12:30:25.925+0000] {logging_mixin.py:188} INFO - [2026-01-03T12:30:25.925+0000] {dag.py:3047} INFO - Sync 1 DAGs
[2026-01-03T12:30:25.958+0000] {logging_mixin.py:188} INFO - [2026-01-03T12:30:25.958+0000] {dag.py:3834} INFO - Setting next_dagrun for prediction_dag to 2026-01-03 12:30:00+00:00, run_after=2026-01-03 12:32:00+00:00
[2026-01-03T12:30:25.975+0000] {processor.py:183} INFO - Processing /opt/airflow/dags/prediction_dag.py took 0.150 seconds
[2026-01-03T12:30:56.296+0000] {processor.py:161} INFO - Started process (PID=25166) to work on /opt/airflow/dags/prediction_dag.py
[2026-01-03T12:30:56.303+0000] {processor.py:830} INFO - Processing file /opt/airflow/dags/prediction_dag.py for tasks to queue
[2026-01-03T12:30:56.304+0000] {logging_mixin.py:188} INFO - [2026-01-03T12:30:56.303+0000] {dagbag.py:540} INFO - Filling up the DagBag from /opt/airflow/dags/prediction_dag.py
[2026-01-03T12:30:56.338+0000] {processor.py:840} INFO - DAG(s) 'prediction_dag' retrieved from /opt/airflow/dags/prediction_dag.py
[2026-01-03T12:30:56.386+0000] {logging_mixin.py:188} INFO - [2026-01-03T12:30:56.386+0000] {dag.py:3047} INFO - Sync 1 DAGs
[2026-01-03T12:30:56.413+0000] {logging_mixin.py:188} INFO - [2026-01-03T12:30:56.413+0000] {dag.py:3834} INFO - Setting next_dagrun for prediction_dag to 2026-01-03 12:30:00+00:00, run_after=2026-01-03 12:32:00+00:00
[2026-01-03T12:30:56.427+0000] {processor.py:183} INFO - Processing /opt/airflow/dags/prediction_dag.py took 0.142 seconds
[2026-01-03T12:31:26.646+0000] {processor.py:161} INFO - Started process (PID=25246) to work on /opt/airflow/dags/prediction_dag.py
[2026-01-03T12:31:26.649+0000] {processor.py:830} INFO - Processing file /opt/airflow/dags/prediction_dag.py for tasks to queue
[2026-01-03T12:31:26.650+0000] {logging_mixin.py:188} INFO - [2026-01-03T12:31:26.650+0000] {dagbag.py:540} INFO - Filling up the DagBag from /opt/airflow/dags/prediction_dag.py
[2026-01-03T12:31:26.674+0000] {processor.py:840} INFO - DAG(s) 'prediction_dag' retrieved from /opt/airflow/dags/prediction_dag.py
[2026-01-03T12:31:26.707+0000] {logging_mixin.py:188} INFO - [2026-01-03T12:31:26.706+0000] {dag.py:3047} INFO - Sync 1 DAGs
[2026-01-03T12:31:26.735+0000] {logging_mixin.py:188} INFO - [2026-01-03T12:31:26.734+0000] {dag.py:3834} INFO - Setting next_dagrun for prediction_dag to 2026-01-03 12:30:00+00:00, run_after=2026-01-03 12:32:00+00:00
[2026-01-03T12:31:26.747+0000] {processor.py:183} INFO - Processing /opt/airflow/dags/prediction_dag.py took 0.106 seconds
[2026-01-03T12:31:57.205+0000] {processor.py:161} INFO - Started process (PID=25264) to work on /opt/airflow/dags/prediction_dag.py
[2026-01-03T12:31:57.211+0000] {processor.py:830} INFO - Processing file /opt/airflow/dags/prediction_dag.py for tasks to queue
[2026-01-03T12:31:57.212+0000] {logging_mixin.py:188} INFO - [2026-01-03T12:31:57.212+0000] {dagbag.py:540} INFO - Filling up the DagBag from /opt/airflow/dags/prediction_dag.py
[2026-01-03T12:31:57.257+0000] {processor.py:840} INFO - DAG(s) 'prediction_dag' retrieved from /opt/airflow/dags/prediction_dag.py
[2026-01-03T12:31:57.313+0000] {logging_mixin.py:188} INFO - [2026-01-03T12:31:57.313+0000] {dag.py:3047} INFO - Sync 1 DAGs
[2026-01-03T12:31:57.340+0000] {logging_mixin.py:188} INFO - [2026-01-03T12:31:57.339+0000] {dag.py:3834} INFO - Setting next_dagrun for prediction_dag to 2026-01-03 12:30:00+00:00, run_after=2026-01-03 12:32:00+00:00
[2026-01-03T12:31:57.361+0000] {processor.py:183} INFO - Processing /opt/airflow/dags/prediction_dag.py took 0.166 seconds
[2026-01-03T12:32:27.749+0000] {processor.py:161} INFO - Started process (PID=25350) to work on /opt/airflow/dags/prediction_dag.py
[2026-01-03T12:32:27.752+0000] {processor.py:830} INFO - Processing file /opt/airflow/dags/prediction_dag.py for tasks to queue
[2026-01-03T12:32:27.753+0000] {logging_mixin.py:188} INFO - [2026-01-03T12:32:27.752+0000] {dagbag.py:540} INFO - Filling up the DagBag from /opt/airflow/dags/prediction_dag.py
[2026-01-03T12:32:27.786+0000] {processor.py:840} INFO - DAG(s) 'prediction_dag' retrieved from /opt/airflow/dags/prediction_dag.py
[2026-01-03T12:32:27.837+0000] {logging_mixin.py:188} INFO - [2026-01-03T12:32:27.836+0000] {dag.py:3047} INFO - Sync 1 DAGs
[2026-01-03T12:32:27.864+0000] {logging_mixin.py:188} INFO - [2026-01-03T12:32:27.864+0000] {dag.py:3834} INFO - Setting next_dagrun for prediction_dag to 2026-01-03 12:32:00+00:00, run_after=2026-01-03 12:34:00+00:00
[2026-01-03T12:32:27.887+0000] {processor.py:183} INFO - Processing /opt/airflow/dags/prediction_dag.py took 0.145 seconds
[2026-01-03T12:32:58.206+0000] {processor.py:161} INFO - Started process (PID=25368) to work on /opt/airflow/dags/prediction_dag.py
[2026-01-03T12:32:58.207+0000] {processor.py:830} INFO - Processing file /opt/airflow/dags/prediction_dag.py for tasks to queue
[2026-01-03T12:32:58.208+0000] {logging_mixin.py:188} INFO - [2026-01-03T12:32:58.208+0000] {dagbag.py:540} INFO - Filling up the DagBag from /opt/airflow/dags/prediction_dag.py
[2026-01-03T12:32:58.225+0000] {processor.py:840} INFO - DAG(s) 'prediction_dag' retrieved from /opt/airflow/dags/prediction_dag.py
[2026-01-03T12:32:58.252+0000] {logging_mixin.py:188} INFO - [2026-01-03T12:32:58.252+0000] {dag.py:3047} INFO - Sync 1 DAGs
[2026-01-03T12:32:58.269+0000] {logging_mixin.py:188} INFO - [2026-01-03T12:32:58.269+0000] {dag.py:3834} INFO - Setting next_dagrun for prediction_dag to 2026-01-03 12:32:00+00:00, run_after=2026-01-03 12:34:00+00:00
[2026-01-03T12:32:58.281+0000] {processor.py:183} INFO - Processing /opt/airflow/dags/prediction_dag.py took 0.080 seconds
[2026-01-03T12:33:28.631+0000] {processor.py:161} INFO - Started process (PID=25438) to work on /opt/airflow/dags/prediction_dag.py
[2026-01-03T12:33:28.633+0000] {processor.py:830} INFO - Processing file /opt/airflow/dags/prediction_dag.py for tasks to queue
[2026-01-03T12:33:28.634+0000] {logging_mixin.py:188} INFO - [2026-01-03T12:33:28.634+0000] {dagbag.py:540} INFO - Filling up the DagBag from /opt/airflow/dags/prediction_dag.py
[2026-01-03T12:33:28.661+0000] {processor.py:840} INFO - DAG(s) 'prediction_dag' retrieved from /opt/airflow/dags/prediction_dag.py
[2026-01-03T12:33:28.720+0000] {logging_mixin.py:188} INFO - [2026-01-03T12:33:28.719+0000] {dag.py:3047} INFO - Sync 1 DAGs
[2026-01-03T12:33:28.752+0000] {logging_mixin.py:188} INFO - [2026-01-03T12:33:28.752+0000] {dag.py:3834} INFO - Setting next_dagrun for prediction_dag to 2026-01-03 12:32:00+00:00, run_after=2026-01-03 12:34:00+00:00
[2026-01-03T12:33:28.776+0000] {processor.py:183} INFO - Processing /opt/airflow/dags/prediction_dag.py took 0.152 seconds
[2026-01-03T12:33:59.229+0000] {processor.py:161} INFO - Started process (PID=25453) to work on /opt/airflow/dags/prediction_dag.py
[2026-01-03T12:33:59.234+0000] {processor.py:830} INFO - Processing file /opt/airflow/dags/prediction_dag.py for tasks to queue
[2026-01-03T12:33:59.238+0000] {logging_mixin.py:188} INFO - [2026-01-03T12:33:59.236+0000] {dagbag.py:540} INFO - Filling up the DagBag from /opt/airflow/dags/prediction_dag.py
[2026-01-03T12:33:59.274+0000] {processor.py:840} INFO - DAG(s) 'prediction_dag' retrieved from /opt/airflow/dags/prediction_dag.py
[2026-01-03T12:33:59.330+0000] {logging_mixin.py:188} INFO - [2026-01-03T12:33:59.330+0000] {dag.py:3047} INFO - Sync 1 DAGs
[2026-01-03T12:33:59.361+0000] {logging_mixin.py:188} INFO - [2026-01-03T12:33:59.361+0000] {dag.py:3834} INFO - Setting next_dagrun for prediction_dag to 2026-01-03 12:32:00+00:00, run_after=2026-01-03 12:34:00+00:00
[2026-01-03T12:33:59.376+0000] {processor.py:183} INFO - Processing /opt/airflow/dags/prediction_dag.py took 0.161 seconds
[2026-01-03T12:34:29.923+0000] {processor.py:161} INFO - Started process (PID=25539) to work on /opt/airflow/dags/prediction_dag.py
[2026-01-03T12:34:29.926+0000] {processor.py:830} INFO - Processing file /opt/airflow/dags/prediction_dag.py for tasks to queue
[2026-01-03T12:34:29.928+0000] {logging_mixin.py:188} INFO - [2026-01-03T12:34:29.928+0000] {dagbag.py:540} INFO - Filling up the DagBag from /opt/airflow/dags/prediction_dag.py
[2026-01-03T12:34:29.965+0000] {processor.py:840} INFO - DAG(s) 'prediction_dag' retrieved from /opt/airflow/dags/prediction_dag.py
[2026-01-03T12:34:30.020+0000] {logging_mixin.py:188} INFO - [2026-01-03T12:34:30.020+0000] {dag.py:3047} INFO - Sync 1 DAGs
[2026-01-03T12:34:30.054+0000] {logging_mixin.py:188} INFO - [2026-01-03T12:34:30.054+0000] {dag.py:3834} INFO - Setting next_dagrun for prediction_dag to 2026-01-03 12:34:00+00:00, run_after=2026-01-03 12:36:00+00:00
[2026-01-03T12:34:30.071+0000] {processor.py:183} INFO - Processing /opt/airflow/dags/prediction_dag.py took 0.156 seconds
[2026-01-03T12:35:00.451+0000] {processor.py:161} INFO - Started process (PID=25557) to work on /opt/airflow/dags/prediction_dag.py
[2026-01-03T12:35:00.454+0000] {processor.py:830} INFO - Processing file /opt/airflow/dags/prediction_dag.py for tasks to queue
[2026-01-03T12:35:00.456+0000] {logging_mixin.py:188} INFO - [2026-01-03T12:35:00.455+0000] {dagbag.py:540} INFO - Filling up the DagBag from /opt/airflow/dags/prediction_dag.py
[2026-01-03T12:35:00.487+0000] {processor.py:840} INFO - DAG(s) 'prediction_dag' retrieved from /opt/airflow/dags/prediction_dag.py
[2026-01-03T12:35:00.538+0000] {logging_mixin.py:188} INFO - [2026-01-03T12:35:00.537+0000] {dag.py:3047} INFO - Sync 1 DAGs
[2026-01-03T12:35:00.566+0000] {logging_mixin.py:188} INFO - [2026-01-03T12:35:00.566+0000] {dag.py:3834} INFO - Setting next_dagrun for prediction_dag to 2026-01-03 12:34:00+00:00, run_after=2026-01-03 12:36:00+00:00
[2026-01-03T12:35:00.579+0000] {processor.py:183} INFO - Processing /opt/airflow/dags/prediction_dag.py took 0.144 seconds
[2026-01-03T12:35:31.137+0000] {processor.py:161} INFO - Started process (PID=25637) to work on /opt/airflow/dags/prediction_dag.py
[2026-01-03T12:35:31.139+0000] {processor.py:830} INFO - Processing file /opt/airflow/dags/prediction_dag.py for tasks to queue
[2026-01-03T12:35:31.141+0000] {logging_mixin.py:188} INFO - [2026-01-03T12:35:31.140+0000] {dagbag.py:540} INFO - Filling up the DagBag from /opt/airflow/dags/prediction_dag.py
[2026-01-03T12:35:31.175+0000] {processor.py:840} INFO - DAG(s) 'prediction_dag' retrieved from /opt/airflow/dags/prediction_dag.py
[2026-01-03T12:35:31.213+0000] {logging_mixin.py:188} INFO - [2026-01-03T12:35:31.213+0000] {dag.py:3047} INFO - Sync 1 DAGs
[2026-01-03T12:35:31.240+0000] {logging_mixin.py:188} INFO - [2026-01-03T12:35:31.240+0000] {dag.py:3834} INFO - Setting next_dagrun for prediction_dag to 2026-01-03 12:34:00+00:00, run_after=2026-01-03 12:36:00+00:00
[2026-01-03T12:35:31.257+0000] {processor.py:183} INFO - Processing /opt/airflow/dags/prediction_dag.py took 0.126 seconds
[2026-01-03T12:36:01.667+0000] {processor.py:161} INFO - Started process (PID=25666) to work on /opt/airflow/dags/prediction_dag.py
[2026-01-03T12:36:01.672+0000] {processor.py:830} INFO - Processing file /opt/airflow/dags/prediction_dag.py for tasks to queue
[2026-01-03T12:36:01.673+0000] {logging_mixin.py:188} INFO - [2026-01-03T12:36:01.673+0000] {dagbag.py:540} INFO - Filling up the DagBag from /opt/airflow/dags/prediction_dag.py
[2026-01-03T12:36:01.704+0000] {processor.py:840} INFO - DAG(s) 'prediction_dag' retrieved from /opt/airflow/dags/prediction_dag.py
[2026-01-03T12:36:01.727+0000] {logging_mixin.py:188} INFO - [2026-01-03T12:36:01.727+0000] {dag.py:3047} INFO - Sync 1 DAGs
[2026-01-03T12:36:01.747+0000] {logging_mixin.py:188} INFO - [2026-01-03T12:36:01.747+0000] {dag.py:3834} INFO - Setting next_dagrun for prediction_dag to 2026-01-03 12:36:00+00:00, run_after=2026-01-03 12:38:00+00:00
[2026-01-03T12:36:01.758+0000] {processor.py:183} INFO - Processing /opt/airflow/dags/prediction_dag.py took 0.103 seconds
[2026-01-03T12:36:32.124+0000] {processor.py:161} INFO - Started process (PID=25741) to work on /opt/airflow/dags/prediction_dag.py
[2026-01-03T12:36:32.127+0000] {processor.py:830} INFO - Processing file /opt/airflow/dags/prediction_dag.py for tasks to queue
[2026-01-03T12:36:32.130+0000] {logging_mixin.py:188} INFO - [2026-01-03T12:36:32.128+0000] {dagbag.py:540} INFO - Filling up the DagBag from /opt/airflow/dags/prediction_dag.py
[2026-01-03T12:36:32.169+0000] {processor.py:840} INFO - DAG(s) 'prediction_dag' retrieved from /opt/airflow/dags/prediction_dag.py
[2026-01-03T12:36:32.218+0000] {logging_mixin.py:188} INFO - [2026-01-03T12:36:32.218+0000] {dag.py:3047} INFO - Sync 1 DAGs
[2026-01-03T12:36:32.250+0000] {logging_mixin.py:188} INFO - [2026-01-03T12:36:32.250+0000] {dag.py:3834} INFO - Setting next_dagrun for prediction_dag to 2026-01-03 12:36:00+00:00, run_after=2026-01-03 12:38:00+00:00
[2026-01-03T12:36:32.264+0000] {processor.py:183} INFO - Processing /opt/airflow/dags/prediction_dag.py took 0.153 seconds
[2026-01-03T12:37:02.601+0000] {processor.py:161} INFO - Started process (PID=25769) to work on /opt/airflow/dags/prediction_dag.py
[2026-01-03T12:37:02.604+0000] {processor.py:830} INFO - Processing file /opt/airflow/dags/prediction_dag.py for tasks to queue
[2026-01-03T12:37:02.606+0000] {logging_mixin.py:188} INFO - [2026-01-03T12:37:02.605+0000] {dagbag.py:540} INFO - Filling up the DagBag from /opt/airflow/dags/prediction_dag.py
[2026-01-03T12:37:02.631+0000] {processor.py:840} INFO - DAG(s) 'prediction_dag' retrieved from /opt/airflow/dags/prediction_dag.py
[2026-01-03T12:37:02.669+0000] {logging_mixin.py:188} INFO - [2026-01-03T12:37:02.668+0000] {dag.py:3047} INFO - Sync 1 DAGs
[2026-01-03T12:37:02.696+0000] {logging_mixin.py:188} INFO - [2026-01-03T12:37:02.696+0000] {dag.py:3834} INFO - Setting next_dagrun for prediction_dag to 2026-01-03 12:36:00+00:00, run_after=2026-01-03 12:38:00+00:00
[2026-01-03T12:37:02.710+0000] {processor.py:183} INFO - Processing /opt/airflow/dags/prediction_dag.py took 0.117 seconds
[2026-01-03T12:37:32.913+0000] {processor.py:161} INFO - Started process (PID=25839) to work on /opt/airflow/dags/prediction_dag.py
[2026-01-03T12:37:32.916+0000] {processor.py:830} INFO - Processing file /opt/airflow/dags/prediction_dag.py for tasks to queue
[2026-01-03T12:37:32.918+0000] {logging_mixin.py:188} INFO - [2026-01-03T12:37:32.917+0000] {dagbag.py:540} INFO - Filling up the DagBag from /opt/airflow/dags/prediction_dag.py
[2026-01-03T12:37:32.950+0000] {processor.py:840} INFO - DAG(s) 'prediction_dag' retrieved from /opt/airflow/dags/prediction_dag.py
[2026-01-03T12:37:33.142+0000] {logging_mixin.py:188} INFO - [2026-01-03T12:37:33.141+0000] {dag.py:3047} INFO - Sync 1 DAGs
[2026-01-03T12:37:33.236+0000] {logging_mixin.py:188} INFO - [2026-01-03T12:37:33.236+0000] {dag.py:3834} INFO - Setting next_dagrun for prediction_dag to 2026-01-03 12:36:00+00:00, run_after=2026-01-03 12:38:00+00:00
[2026-01-03T12:37:33.275+0000] {processor.py:183} INFO - Processing /opt/airflow/dags/prediction_dag.py took 0.369 seconds
[2026-01-03T12:38:03.593+0000] {processor.py:161} INFO - Started process (PID=25870) to work on /opt/airflow/dags/prediction_dag.py
[2026-01-03T12:38:03.595+0000] {processor.py:830} INFO - Processing file /opt/airflow/dags/prediction_dag.py for tasks to queue
[2026-01-03T12:38:03.596+0000] {logging_mixin.py:188} INFO - [2026-01-03T12:38:03.596+0000] {dagbag.py:540} INFO - Filling up the DagBag from /opt/airflow/dags/prediction_dag.py
[2026-01-03T12:38:03.625+0000] {processor.py:840} INFO - DAG(s) 'prediction_dag' retrieved from /opt/airflow/dags/prediction_dag.py
[2026-01-03T12:38:03.659+0000] {logging_mixin.py:188} INFO - [2026-01-03T12:38:03.659+0000] {dag.py:3047} INFO - Sync 1 DAGs
[2026-01-03T12:38:03.685+0000] {logging_mixin.py:188} INFO - [2026-01-03T12:38:03.685+0000] {dag.py:3834} INFO - Setting next_dagrun for prediction_dag to 2026-01-03 12:38:00+00:00, run_after=2026-01-03 12:40:00+00:00
[2026-01-03T12:38:03.705+0000] {processor.py:183} INFO - Processing /opt/airflow/dags/prediction_dag.py took 0.121 seconds
[2026-01-03T12:38:33.957+0000] {processor.py:161} INFO - Started process (PID=25943) to work on /opt/airflow/dags/prediction_dag.py
[2026-01-03T12:38:33.960+0000] {processor.py:830} INFO - Processing file /opt/airflow/dags/prediction_dag.py for tasks to queue
[2026-01-03T12:38:33.962+0000] {logging_mixin.py:188} INFO - [2026-01-03T12:38:33.961+0000] {dagbag.py:540} INFO - Filling up the DagBag from /opt/airflow/dags/prediction_dag.py
[2026-01-03T12:38:33.995+0000] {processor.py:840} INFO - DAG(s) 'prediction_dag' retrieved from /opt/airflow/dags/prediction_dag.py
[2026-01-03T12:38:34.042+0000] {logging_mixin.py:188} INFO - [2026-01-03T12:38:34.042+0000] {dag.py:3047} INFO - Sync 1 DAGs
[2026-01-03T12:38:34.073+0000] {logging_mixin.py:188} INFO - [2026-01-03T12:38:34.072+0000] {dag.py:3834} INFO - Setting next_dagrun for prediction_dag to 2026-01-03 12:38:00+00:00, run_after=2026-01-03 12:40:00+00:00
[2026-01-03T12:38:34.090+0000] {processor.py:183} INFO - Processing /opt/airflow/dags/prediction_dag.py took 0.144 seconds
[2026-01-03T12:39:04.254+0000] {processor.py:161} INFO - Started process (PID=25980) to work on /opt/airflow/dags/prediction_dag.py
[2026-01-03T12:39:04.256+0000] {processor.py:830} INFO - Processing file /opt/airflow/dags/prediction_dag.py for tasks to queue
[2026-01-03T12:39:04.257+0000] {logging_mixin.py:188} INFO - [2026-01-03T12:39:04.256+0000] {dagbag.py:540} INFO - Filling up the DagBag from /opt/airflow/dags/prediction_dag.py
[2026-01-03T12:39:04.269+0000] {processor.py:840} INFO - DAG(s) 'prediction_dag' retrieved from /opt/airflow/dags/prediction_dag.py
[2026-01-03T12:39:04.295+0000] {logging_mixin.py:188} INFO - [2026-01-03T12:39:04.295+0000] {dag.py:3047} INFO - Sync 1 DAGs
[2026-01-03T12:39:04.320+0000] {logging_mixin.py:188} INFO - [2026-01-03T12:39:04.319+0000] {dag.py:3834} INFO - Setting next_dagrun for prediction_dag to 2026-01-03 12:38:00+00:00, run_after=2026-01-03 12:40:00+00:00
[2026-01-03T12:39:04.332+0000] {processor.py:183} INFO - Processing /opt/airflow/dags/prediction_dag.py took 0.082 seconds
[2026-01-03T12:39:34.770+0000] {processor.py:161} INFO - Started process (PID=26041) to work on /opt/airflow/dags/prediction_dag.py
[2026-01-03T12:39:34.773+0000] {processor.py:830} INFO - Processing file /opt/airflow/dags/prediction_dag.py for tasks to queue
[2026-01-03T12:39:34.775+0000] {logging_mixin.py:188} INFO - [2026-01-03T12:39:34.774+0000] {dagbag.py:540} INFO - Filling up the DagBag from /opt/airflow/dags/prediction_dag.py
[2026-01-03T12:39:34.810+0000] {processor.py:840} INFO - DAG(s) 'prediction_dag' retrieved from /opt/airflow/dags/prediction_dag.py
[2026-01-03T12:39:34.843+0000] {logging_mixin.py:188} INFO - [2026-01-03T12:39:34.843+0000] {dag.py:3047} INFO - Sync 1 DAGs
[2026-01-03T12:39:34.872+0000] {logging_mixin.py:188} INFO - [2026-01-03T12:39:34.872+0000] {dag.py:3834} INFO - Setting next_dagrun for prediction_dag to 2026-01-03 12:38:00+00:00, run_after=2026-01-03 12:40:00+00:00
[2026-01-03T12:39:34.890+0000] {processor.py:183} INFO - Processing /opt/airflow/dags/prediction_dag.py took 0.130 seconds
[2026-01-03T12:40:04.942+0000] {processor.py:161} INFO - Started process (PID=26075) to work on /opt/airflow/dags/prediction_dag.py
[2026-01-03T12:40:04.945+0000] {processor.py:830} INFO - Processing file /opt/airflow/dags/prediction_dag.py for tasks to queue
[2026-01-03T12:40:04.948+0000] {logging_mixin.py:188} INFO - [2026-01-03T12:40:04.947+0000] {dagbag.py:540} INFO - Filling up the DagBag from /opt/airflow/dags/prediction_dag.py
[2026-01-03T12:40:05.036+0000] {processor.py:840} INFO - DAG(s) 'prediction_dag' retrieved from /opt/airflow/dags/prediction_dag.py
[2026-01-03T12:40:05.131+0000] {logging_mixin.py:188} INFO - [2026-01-03T12:40:05.130+0000] {dag.py:3047} INFO - Sync 1 DAGs
[2026-01-03T12:40:05.195+0000] {logging_mixin.py:188} INFO - [2026-01-03T12:40:05.195+0000] {dag.py:3834} INFO - Setting next_dagrun for prediction_dag to 2026-01-03 12:40:00+00:00, run_after=2026-01-03 12:42:00+00:00
[2026-01-03T12:40:05.325+0000] {processor.py:183} INFO - Processing /opt/airflow/dags/prediction_dag.py took 0.392 seconds
[2026-01-03T12:40:35.427+0000] {processor.py:161} INFO - Started process (PID=26136) to work on /opt/airflow/dags/prediction_dag.py
[2026-01-03T12:40:35.431+0000] {processor.py:830} INFO - Processing file /opt/airflow/dags/prediction_dag.py for tasks to queue
[2026-01-03T12:40:35.432+0000] {logging_mixin.py:188} INFO - [2026-01-03T12:40:35.431+0000] {dagbag.py:540} INFO - Filling up the DagBag from /opt/airflow/dags/prediction_dag.py
[2026-01-03T12:40:35.449+0000] {processor.py:840} INFO - DAG(s) 'prediction_dag' retrieved from /opt/airflow/dags/prediction_dag.py
[2026-01-03T12:40:35.488+0000] {logging_mixin.py:188} INFO - [2026-01-03T12:40:35.488+0000] {dag.py:3047} INFO - Sync 1 DAGs
[2026-01-03T12:40:35.555+0000] {logging_mixin.py:188} INFO - [2026-01-03T12:40:35.555+0000] {dag.py:3834} INFO - Setting next_dagrun for prediction_dag to 2026-01-03 12:40:00+00:00, run_after=2026-01-03 12:42:00+00:00
[2026-01-03T12:40:35.586+0000] {processor.py:183} INFO - Processing /opt/airflow/dags/prediction_dag.py took 0.166 seconds
[2026-01-03T12:41:06.039+0000] {processor.py:161} INFO - Started process (PID=26169) to work on /opt/airflow/dags/prediction_dag.py
[2026-01-03T12:41:06.042+0000] {processor.py:830} INFO - Processing file /opt/airflow/dags/prediction_dag.py for tasks to queue
[2026-01-03T12:41:06.047+0000] {logging_mixin.py:188} INFO - [2026-01-03T12:41:06.045+0000] {dagbag.py:540} INFO - Filling up the DagBag from /opt/airflow/dags/prediction_dag.py
[2026-01-03T12:41:06.096+0000] {processor.py:840} INFO - DAG(s) 'prediction_dag' retrieved from /opt/airflow/dags/prediction_dag.py
[2026-01-03T12:41:06.152+0000] {logging_mixin.py:188} INFO - [2026-01-03T12:41:06.151+0000] {dag.py:3047} INFO - Sync 1 DAGs
[2026-01-03T12:41:06.187+0000] {logging_mixin.py:188} INFO - [2026-01-03T12:41:06.187+0000] {dag.py:3834} INFO - Setting next_dagrun for prediction_dag to 2026-01-03 12:40:00+00:00, run_after=2026-01-03 12:42:00+00:00
[2026-01-03T12:41:06.209+0000] {processor.py:183} INFO - Processing /opt/airflow/dags/prediction_dag.py took 0.189 seconds
[2026-01-03T12:41:36.812+0000] {processor.py:161} INFO - Started process (PID=26230) to work on /opt/airflow/dags/prediction_dag.py
[2026-01-03T12:41:36.814+0000] {processor.py:830} INFO - Processing file /opt/airflow/dags/prediction_dag.py for tasks to queue
[2026-01-03T12:41:36.816+0000] {logging_mixin.py:188} INFO - [2026-01-03T12:41:36.815+0000] {dagbag.py:540} INFO - Filling up the DagBag from /opt/airflow/dags/prediction_dag.py
[2026-01-03T12:41:36.859+0000] {processor.py:840} INFO - DAG(s) 'prediction_dag' retrieved from /opt/airflow/dags/prediction_dag.py
[2026-01-03T12:41:36.911+0000] {logging_mixin.py:188} INFO - [2026-01-03T12:41:36.911+0000] {dag.py:3047} INFO - Sync 1 DAGs
[2026-01-03T12:41:36.991+0000] {logging_mixin.py:188} INFO - [2026-01-03T12:41:36.991+0000] {dag.py:3834} INFO - Setting next_dagrun for prediction_dag to 2026-01-03 12:40:00+00:00, run_after=2026-01-03 12:42:00+00:00
[2026-01-03T12:41:37.040+0000] {processor.py:183} INFO - Processing /opt/airflow/dags/prediction_dag.py took 0.240 seconds
[2026-01-03T12:42:07.532+0000] {processor.py:161} INFO - Started process (PID=26276) to work on /opt/airflow/dags/prediction_dag.py
[2026-01-03T12:42:07.536+0000] {processor.py:830} INFO - Processing file /opt/airflow/dags/prediction_dag.py for tasks to queue
[2026-01-03T12:42:07.540+0000] {logging_mixin.py:188} INFO - [2026-01-03T12:42:07.539+0000] {dagbag.py:540} INFO - Filling up the DagBag from /opt/airflow/dags/prediction_dag.py
[2026-01-03T12:42:07.602+0000] {processor.py:840} INFO - DAG(s) 'prediction_dag' retrieved from /opt/airflow/dags/prediction_dag.py
[2026-01-03T12:42:07.693+0000] {logging_mixin.py:188} INFO - [2026-01-03T12:42:07.693+0000] {dag.py:3047} INFO - Sync 1 DAGs
[2026-01-03T12:42:07.732+0000] {logging_mixin.py:188} INFO - [2026-01-03T12:42:07.732+0000] {dag.py:3834} INFO - Setting next_dagrun for prediction_dag to 2026-01-03 12:42:00+00:00, run_after=2026-01-03 12:44:00+00:00
[2026-01-03T12:42:07.763+0000] {processor.py:183} INFO - Processing /opt/airflow/dags/prediction_dag.py took 0.246 seconds
[2026-01-03T12:42:38.088+0000] {processor.py:161} INFO - Started process (PID=26334) to work on /opt/airflow/dags/prediction_dag.py
[2026-01-03T12:42:38.091+0000] {processor.py:830} INFO - Processing file /opt/airflow/dags/prediction_dag.py for tasks to queue
[2026-01-03T12:42:38.092+0000] {logging_mixin.py:188} INFO - [2026-01-03T12:42:38.092+0000] {dagbag.py:540} INFO - Filling up the DagBag from /opt/airflow/dags/prediction_dag.py
[2026-01-03T12:42:38.133+0000] {processor.py:840} INFO - DAG(s) 'prediction_dag' retrieved from /opt/airflow/dags/prediction_dag.py
[2026-01-03T12:42:38.195+0000] {logging_mixin.py:188} INFO - [2026-01-03T12:42:38.195+0000] {dag.py:3047} INFO - Sync 1 DAGs
[2026-01-03T12:42:38.227+0000] {logging_mixin.py:188} INFO - [2026-01-03T12:42:38.226+0000] {dag.py:3834} INFO - Setting next_dagrun for prediction_dag to 2026-01-03 12:42:00+00:00, run_after=2026-01-03 12:44:00+00:00
[2026-01-03T12:42:38.246+0000] {processor.py:183} INFO - Processing /opt/airflow/dags/prediction_dag.py took 0.169 seconds
[2026-01-03T12:43:08.537+0000] {processor.py:161} INFO - Started process (PID=26387) to work on /opt/airflow/dags/prediction_dag.py
[2026-01-03T12:43:08.539+0000] {processor.py:830} INFO - Processing file /opt/airflow/dags/prediction_dag.py for tasks to queue
[2026-01-03T12:43:08.541+0000] {logging_mixin.py:188} INFO - [2026-01-03T12:43:08.541+0000] {dagbag.py:540} INFO - Filling up the DagBag from /opt/airflow/dags/prediction_dag.py
[2026-01-03T12:43:08.571+0000] {processor.py:840} INFO - DAG(s) 'prediction_dag' retrieved from /opt/airflow/dags/prediction_dag.py
[2026-01-03T12:43:08.620+0000] {logging_mixin.py:188} INFO - [2026-01-03T12:43:08.619+0000] {dag.py:3047} INFO - Sync 1 DAGs
[2026-01-03T12:43:08.663+0000] {logging_mixin.py:188} INFO - [2026-01-03T12:43:08.663+0000] {dag.py:3834} INFO - Setting next_dagrun for prediction_dag to 2026-01-03 12:42:00+00:00, run_after=2026-01-03 12:44:00+00:00
[2026-01-03T12:43:08.703+0000] {processor.py:183} INFO - Processing /opt/airflow/dags/prediction_dag.py took 0.171 seconds
[2026-01-03T12:43:38.969+0000] {processor.py:161} INFO - Started process (PID=26432) to work on /opt/airflow/dags/prediction_dag.py
[2026-01-03T12:43:38.973+0000] {processor.py:830} INFO - Processing file /opt/airflow/dags/prediction_dag.py for tasks to queue
[2026-01-03T12:43:38.974+0000] {logging_mixin.py:188} INFO - [2026-01-03T12:43:38.974+0000] {dagbag.py:540} INFO - Filling up the DagBag from /opt/airflow/dags/prediction_dag.py
[2026-01-03T12:43:39.005+0000] {processor.py:840} INFO - DAG(s) 'prediction_dag' retrieved from /opt/airflow/dags/prediction_dag.py
[2026-01-03T12:43:39.045+0000] {logging_mixin.py:188} INFO - [2026-01-03T12:43:39.045+0000] {dag.py:3047} INFO - Sync 1 DAGs
[2026-01-03T12:43:39.071+0000] {logging_mixin.py:188} INFO - [2026-01-03T12:43:39.071+0000] {dag.py:3834} INFO - Setting next_dagrun for prediction_dag to 2026-01-03 12:42:00+00:00, run_after=2026-01-03 12:44:00+00:00
[2026-01-03T12:43:39.084+0000] {processor.py:183} INFO - Processing /opt/airflow/dags/prediction_dag.py took 0.126 seconds
[2026-01-03T12:44:09.549+0000] {processor.py:161} INFO - Started process (PID=26515) to work on /opt/airflow/dags/prediction_dag.py
[2026-01-03T12:44:09.552+0000] {processor.py:830} INFO - Processing file /opt/airflow/dags/prediction_dag.py for tasks to queue
[2026-01-03T12:44:09.556+0000] {logging_mixin.py:188} INFO - [2026-01-03T12:44:09.555+0000] {dagbag.py:540} INFO - Filling up the DagBag from /opt/airflow/dags/prediction_dag.py
[2026-01-03T12:44:09.611+0000] {processor.py:840} INFO - DAG(s) 'prediction_dag' retrieved from /opt/airflow/dags/prediction_dag.py
[2026-01-03T12:44:09.680+0000] {logging_mixin.py:188} INFO - [2026-01-03T12:44:09.679+0000] {dag.py:3047} INFO - Sync 1 DAGs
[2026-01-03T12:44:09.729+0000] {logging_mixin.py:188} INFO - [2026-01-03T12:44:09.728+0000] {dag.py:3834} INFO - Setting next_dagrun for prediction_dag to 2026-01-03 12:44:00+00:00, run_after=2026-01-03 12:46:00+00:00
[2026-01-03T12:44:09.762+0000] {processor.py:183} INFO - Processing /opt/airflow/dags/prediction_dag.py took 0.225 seconds
[2026-01-03T12:44:40.372+0000] {processor.py:161} INFO - Started process (PID=26536) to work on /opt/airflow/dags/prediction_dag.py
[2026-01-03T12:44:40.375+0000] {processor.py:830} INFO - Processing file /opt/airflow/dags/prediction_dag.py for tasks to queue
[2026-01-03T12:44:40.377+0000] {logging_mixin.py:188} INFO - [2026-01-03T12:44:40.376+0000] {dagbag.py:540} INFO - Filling up the DagBag from /opt/airflow/dags/prediction_dag.py
[2026-01-03T12:44:40.414+0000] {processor.py:840} INFO - DAG(s) 'prediction_dag' retrieved from /opt/airflow/dags/prediction_dag.py
[2026-01-03T12:44:40.461+0000] {logging_mixin.py:188} INFO - [2026-01-03T12:44:40.460+0000] {dag.py:3047} INFO - Sync 1 DAGs
[2026-01-03T12:44:40.487+0000] {logging_mixin.py:188} INFO - [2026-01-03T12:44:40.487+0000] {dag.py:3834} INFO - Setting next_dagrun for prediction_dag to 2026-01-03 12:44:00+00:00, run_after=2026-01-03 12:46:00+00:00
[2026-01-03T12:44:40.505+0000] {processor.py:183} INFO - Processing /opt/airflow/dags/prediction_dag.py took 0.144 seconds
[2026-01-03T12:45:10.651+0000] {processor.py:161} INFO - Started process (PID=26616) to work on /opt/airflow/dags/prediction_dag.py
[2026-01-03T12:45:10.653+0000] {processor.py:830} INFO - Processing file /opt/airflow/dags/prediction_dag.py for tasks to queue
[2026-01-03T12:45:10.654+0000] {logging_mixin.py:188} INFO - [2026-01-03T12:45:10.654+0000] {dagbag.py:540} INFO - Filling up the DagBag from /opt/airflow/dags/prediction_dag.py
[2026-01-03T12:45:10.680+0000] {processor.py:840} INFO - DAG(s) 'prediction_dag' retrieved from /opt/airflow/dags/prediction_dag.py
[2026-01-03T12:45:10.729+0000] {logging_mixin.py:188} INFO - [2026-01-03T12:45:10.729+0000] {dag.py:3047} INFO - Sync 1 DAGs
[2026-01-03T12:45:10.752+0000] {logging_mixin.py:188} INFO - [2026-01-03T12:45:10.752+0000] {dag.py:3834} INFO - Setting next_dagrun for prediction_dag to 2026-01-03 12:44:00+00:00, run_after=2026-01-03 12:46:00+00:00
[2026-01-03T12:45:10.764+0000] {processor.py:183} INFO - Processing /opt/airflow/dags/prediction_dag.py took 0.117 seconds
[2026-01-03T12:45:41.090+0000] {processor.py:161} INFO - Started process (PID=26634) to work on /opt/airflow/dags/prediction_dag.py
[2026-01-03T12:45:41.092+0000] {processor.py:830} INFO - Processing file /opt/airflow/dags/prediction_dag.py for tasks to queue
[2026-01-03T12:45:41.093+0000] {logging_mixin.py:188} INFO - [2026-01-03T12:45:41.093+0000] {dagbag.py:540} INFO - Filling up the DagBag from /opt/airflow/dags/prediction_dag.py
[2026-01-03T12:45:41.130+0000] {processor.py:840} INFO - DAG(s) 'prediction_dag' retrieved from /opt/airflow/dags/prediction_dag.py
[2026-01-03T12:45:41.172+0000] {logging_mixin.py:188} INFO - [2026-01-03T12:45:41.172+0000] {dag.py:3047} INFO - Sync 1 DAGs
[2026-01-03T12:45:41.201+0000] {logging_mixin.py:188} INFO - [2026-01-03T12:45:41.201+0000] {dag.py:3834} INFO - Setting next_dagrun for prediction_dag to 2026-01-03 12:44:00+00:00, run_after=2026-01-03 12:46:00+00:00
[2026-01-03T12:45:41.215+0000] {processor.py:183} INFO - Processing /opt/airflow/dags/prediction_dag.py took 0.139 seconds
[2026-01-03T12:46:11.442+0000] {processor.py:161} INFO - Started process (PID=26696) to work on /opt/airflow/dags/prediction_dag.py
[2026-01-03T12:46:11.446+0000] {processor.py:830} INFO - Processing file /opt/airflow/dags/prediction_dag.py for tasks to queue
[2026-01-03T12:46:11.450+0000] {logging_mixin.py:188} INFO - [2026-01-03T12:46:11.447+0000] {dagbag.py:540} INFO - Filling up the DagBag from /opt/airflow/dags/prediction_dag.py
[2026-01-03T12:46:11.476+0000] {processor.py:840} INFO - DAG(s) 'prediction_dag' retrieved from /opt/airflow/dags/prediction_dag.py
[2026-01-03T12:46:11.549+0000] {logging_mixin.py:188} INFO - [2026-01-03T12:46:11.548+0000] {dag.py:3047} INFO - Sync 1 DAGs
[2026-01-03T12:46:11.589+0000] {logging_mixin.py:188} INFO - [2026-01-03T12:46:11.589+0000] {dag.py:3834} INFO - Setting next_dagrun for prediction_dag to 2026-01-03 12:46:00+00:00, run_after=2026-01-03 12:48:00+00:00
[2026-01-03T12:46:11.616+0000] {processor.py:183} INFO - Processing /opt/airflow/dags/prediction_dag.py took 0.187 seconds
[2026-01-03T12:46:42.033+0000] {processor.py:161} INFO - Started process (PID=26738) to work on /opt/airflow/dags/prediction_dag.py
[2026-01-03T12:46:42.040+0000] {processor.py:830} INFO - Processing file /opt/airflow/dags/prediction_dag.py for tasks to queue
[2026-01-03T12:46:42.042+0000] {logging_mixin.py:188} INFO - [2026-01-03T12:46:42.041+0000] {dagbag.py:540} INFO - Filling up the DagBag from /opt/airflow/dags/prediction_dag.py
[2026-01-03T12:46:42.080+0000] {processor.py:840} INFO - DAG(s) 'prediction_dag' retrieved from /opt/airflow/dags/prediction_dag.py
[2026-01-03T12:46:42.137+0000] {logging_mixin.py:188} INFO - [2026-01-03T12:46:42.137+0000] {dag.py:3047} INFO - Sync 1 DAGs
[2026-01-03T12:46:42.174+0000] {logging_mixin.py:188} INFO - [2026-01-03T12:46:42.174+0000] {dag.py:3834} INFO - Setting next_dagrun for prediction_dag to 2026-01-03 12:46:00+00:00, run_after=2026-01-03 12:48:00+00:00
[2026-01-03T12:46:42.192+0000] {processor.py:183} INFO - Processing /opt/airflow/dags/prediction_dag.py took 0.167 seconds
[2026-01-03T12:47:12.658+0000] {processor.py:161} INFO - Started process (PID=26815) to work on /opt/airflow/dags/prediction_dag.py
[2026-01-03T12:47:12.669+0000] {processor.py:830} INFO - Processing file /opt/airflow/dags/prediction_dag.py for tasks to queue
[2026-01-03T12:47:12.671+0000] {logging_mixin.py:188} INFO - [2026-01-03T12:47:12.671+0000] {dagbag.py:540} INFO - Filling up the DagBag from /opt/airflow/dags/prediction_dag.py
[2026-01-03T12:47:12.734+0000] {processor.py:840} INFO - DAG(s) 'prediction_dag' retrieved from /opt/airflow/dags/prediction_dag.py
[2026-01-03T12:47:12.819+0000] {logging_mixin.py:188} INFO - [2026-01-03T12:47:12.818+0000] {dag.py:3047} INFO - Sync 1 DAGs
[2026-01-03T12:47:12.857+0000] {logging_mixin.py:188} INFO - [2026-01-03T12:47:12.857+0000] {dag.py:3834} INFO - Setting next_dagrun for prediction_dag to 2026-01-03 12:46:00+00:00, run_after=2026-01-03 12:48:00+00:00
[2026-01-03T12:47:12.875+0000] {processor.py:183} INFO - Processing /opt/airflow/dags/prediction_dag.py took 0.235 seconds
[2026-01-03T12:47:43.381+0000] {processor.py:161} INFO - Started process (PID=26836) to work on /opt/airflow/dags/prediction_dag.py
[2026-01-03T12:47:43.383+0000] {processor.py:830} INFO - Processing file /opt/airflow/dags/prediction_dag.py for tasks to queue
[2026-01-03T12:47:43.384+0000] {logging_mixin.py:188} INFO - [2026-01-03T12:47:43.383+0000] {dagbag.py:540} INFO - Filling up the DagBag from /opt/airflow/dags/prediction_dag.py
[2026-01-03T12:47:43.406+0000] {processor.py:840} INFO - DAG(s) 'prediction_dag' retrieved from /opt/airflow/dags/prediction_dag.py
[2026-01-03T12:47:43.446+0000] {logging_mixin.py:188} INFO - [2026-01-03T12:47:43.446+0000] {dag.py:3047} INFO - Sync 1 DAGs
[2026-01-03T12:47:43.469+0000] {logging_mixin.py:188} INFO - [2026-01-03T12:47:43.469+0000] {dag.py:3834} INFO - Setting next_dagrun for prediction_dag to 2026-01-03 12:46:00+00:00, run_after=2026-01-03 12:48:00+00:00
[2026-01-03T12:47:43.485+0000] {processor.py:183} INFO - Processing /opt/airflow/dags/prediction_dag.py took 0.112 seconds
[2026-01-03T12:48:13.678+0000] {processor.py:161} INFO - Started process (PID=26922) to work on /opt/airflow/dags/prediction_dag.py
[2026-01-03T12:48:13.683+0000] {processor.py:830} INFO - Processing file /opt/airflow/dags/prediction_dag.py for tasks to queue
[2026-01-03T12:48:13.691+0000] {logging_mixin.py:188} INFO - [2026-01-03T12:48:13.690+0000] {dagbag.py:540} INFO - Filling up the DagBag from /opt/airflow/dags/prediction_dag.py
[2026-01-03T12:48:13.732+0000] {processor.py:840} INFO - DAG(s) 'prediction_dag' retrieved from /opt/airflow/dags/prediction_dag.py
[2026-01-03T12:48:13.780+0000] {logging_mixin.py:188} INFO - [2026-01-03T12:48:13.779+0000] {dag.py:3047} INFO - Sync 1 DAGs
[2026-01-03T12:48:13.818+0000] {logging_mixin.py:188} INFO - [2026-01-03T12:48:13.817+0000] {dag.py:3834} INFO - Setting next_dagrun for prediction_dag to 2026-01-03 12:48:00+00:00, run_after=2026-01-03 12:50:00+00:00
[2026-01-03T12:48:13.838+0000] {processor.py:183} INFO - Processing /opt/airflow/dags/prediction_dag.py took 0.171 seconds
[2026-01-03T12:48:44.253+0000] {processor.py:161} INFO - Started process (PID=26930) to work on /opt/airflow/dags/prediction_dag.py
[2026-01-03T12:48:44.256+0000] {processor.py:830} INFO - Processing file /opt/airflow/dags/prediction_dag.py for tasks to queue
[2026-01-03T12:48:44.258+0000] {logging_mixin.py:188} INFO - [2026-01-03T12:48:44.256+0000] {dagbag.py:540} INFO - Filling up the DagBag from /opt/airflow/dags/prediction_dag.py
[2026-01-03T12:48:44.310+0000] {processor.py:840} INFO - DAG(s) 'prediction_dag' retrieved from /opt/airflow/dags/prediction_dag.py
[2026-01-03T12:48:44.394+0000] {logging_mixin.py:188} INFO - [2026-01-03T12:48:44.394+0000] {dag.py:3047} INFO - Sync 1 DAGs
[2026-01-03T12:48:44.449+0000] {logging_mixin.py:188} INFO - [2026-01-03T12:48:44.449+0000] {dag.py:3834} INFO - Setting next_dagrun for prediction_dag to 2026-01-03 12:48:00+00:00, run_after=2026-01-03 12:50:00+00:00
[2026-01-03T12:48:44.470+0000] {processor.py:183} INFO - Processing /opt/airflow/dags/prediction_dag.py took 0.222 seconds
[2026-01-03T12:49:14.698+0000] {processor.py:161} INFO - Started process (PID=27007) to work on /opt/airflow/dags/prediction_dag.py
[2026-01-03T12:49:14.701+0000] {processor.py:830} INFO - Processing file /opt/airflow/dags/prediction_dag.py for tasks to queue
[2026-01-03T12:49:14.702+0000] {logging_mixin.py:188} INFO - [2026-01-03T12:49:14.702+0000] {dagbag.py:540} INFO - Filling up the DagBag from /opt/airflow/dags/prediction_dag.py
[2026-01-03T12:49:14.739+0000] {processor.py:840} INFO - DAG(s) 'prediction_dag' retrieved from /opt/airflow/dags/prediction_dag.py
[2026-01-03T12:49:14.782+0000] {logging_mixin.py:188} INFO - [2026-01-03T12:49:14.781+0000] {dag.py:3047} INFO - Sync 1 DAGs
[2026-01-03T12:49:14.810+0000] {logging_mixin.py:188} INFO - [2026-01-03T12:49:14.810+0000] {dag.py:3834} INFO - Setting next_dagrun for prediction_dag to 2026-01-03 12:48:00+00:00, run_after=2026-01-03 12:50:00+00:00
[2026-01-03T12:49:14.825+0000] {processor.py:183} INFO - Processing /opt/airflow/dags/prediction_dag.py took 0.136 seconds
[2026-01-03T12:49:45.214+0000] {processor.py:161} INFO - Started process (PID=27025) to work on /opt/airflow/dags/prediction_dag.py
[2026-01-03T12:49:45.216+0000] {processor.py:830} INFO - Processing file /opt/airflow/dags/prediction_dag.py for tasks to queue
[2026-01-03T12:49:45.218+0000] {logging_mixin.py:188} INFO - [2026-01-03T12:49:45.217+0000] {dagbag.py:540} INFO - Filling up the DagBag from /opt/airflow/dags/prediction_dag.py
[2026-01-03T12:49:45.254+0000] {processor.py:840} INFO - DAG(s) 'prediction_dag' retrieved from /opt/airflow/dags/prediction_dag.py
[2026-01-03T12:49:45.294+0000] {logging_mixin.py:188} INFO - [2026-01-03T12:49:45.293+0000] {dag.py:3047} INFO - Sync 1 DAGs
[2026-01-03T12:49:45.318+0000] {logging_mixin.py:188} INFO - [2026-01-03T12:49:45.318+0000] {dag.py:3834} INFO - Setting next_dagrun for prediction_dag to 2026-01-03 12:48:00+00:00, run_after=2026-01-03 12:50:00+00:00
[2026-01-03T12:49:45.338+0000] {processor.py:183} INFO - Processing /opt/airflow/dags/prediction_dag.py took 0.134 seconds
[2026-01-03T12:50:15.395+0000] {processor.py:161} INFO - Started process (PID=27111) to work on /opt/airflow/dags/prediction_dag.py
[2026-01-03T12:50:15.402+0000] {processor.py:830} INFO - Processing file /opt/airflow/dags/prediction_dag.py for tasks to queue
[2026-01-03T12:50:15.406+0000] {logging_mixin.py:188} INFO - [2026-01-03T12:50:15.405+0000] {dagbag.py:540} INFO - Filling up the DagBag from /opt/airflow/dags/prediction_dag.py
[2026-01-03T12:50:15.448+0000] {processor.py:840} INFO - DAG(s) 'prediction_dag' retrieved from /opt/airflow/dags/prediction_dag.py
[2026-01-03T12:50:15.492+0000] {logging_mixin.py:188} INFO - [2026-01-03T12:50:15.491+0000] {dag.py:3047} INFO - Sync 1 DAGs
[2026-01-03T12:50:15.517+0000] {logging_mixin.py:188} INFO - [2026-01-03T12:50:15.517+0000] {dag.py:3834} INFO - Setting next_dagrun for prediction_dag to 2026-01-03 12:50:00+00:00, run_after=2026-01-03 12:52:00+00:00
[2026-01-03T12:50:15.530+0000] {processor.py:183} INFO - Processing /opt/airflow/dags/prediction_dag.py took 0.143 seconds
[2026-01-03T12:50:45.847+0000] {processor.py:161} INFO - Started process (PID=27129) to work on /opt/airflow/dags/prediction_dag.py
[2026-01-03T12:50:45.851+0000] {processor.py:830} INFO - Processing file /opt/airflow/dags/prediction_dag.py for tasks to queue
[2026-01-03T12:50:45.855+0000] {logging_mixin.py:188} INFO - [2026-01-03T12:50:45.854+0000] {dagbag.py:540} INFO - Filling up the DagBag from /opt/airflow/dags/prediction_dag.py
[2026-01-03T12:50:45.912+0000] {processor.py:840} INFO - DAG(s) 'prediction_dag' retrieved from /opt/airflow/dags/prediction_dag.py
[2026-01-03T12:50:45.985+0000] {logging_mixin.py:188} INFO - [2026-01-03T12:50:45.985+0000] {dag.py:3047} INFO - Sync 1 DAGs
[2026-01-03T12:50:46.024+0000] {logging_mixin.py:188} INFO - [2026-01-03T12:50:46.024+0000] {dag.py:3834} INFO - Setting next_dagrun for prediction_dag to 2026-01-03 12:50:00+00:00, run_after=2026-01-03 12:52:00+00:00
[2026-01-03T12:50:46.037+0000] {processor.py:183} INFO - Processing /opt/airflow/dags/prediction_dag.py took 0.203 seconds
[2026-01-03T12:51:16.409+0000] {processor.py:161} INFO - Started process (PID=27209) to work on /opt/airflow/dags/prediction_dag.py
[2026-01-03T12:51:16.413+0000] {processor.py:830} INFO - Processing file /opt/airflow/dags/prediction_dag.py for tasks to queue
[2026-01-03T12:51:16.415+0000] {logging_mixin.py:188} INFO - [2026-01-03T12:51:16.414+0000] {dagbag.py:540} INFO - Filling up the DagBag from /opt/airflow/dags/prediction_dag.py
[2026-01-03T12:51:16.447+0000] {processor.py:840} INFO - DAG(s) 'prediction_dag' retrieved from /opt/airflow/dags/prediction_dag.py
[2026-01-03T12:51:16.500+0000] {logging_mixin.py:188} INFO - [2026-01-03T12:51:16.500+0000] {dag.py:3047} INFO - Sync 1 DAGs
[2026-01-03T12:51:16.531+0000] {logging_mixin.py:188} INFO - [2026-01-03T12:51:16.531+0000] {dag.py:3834} INFO - Setting next_dagrun for prediction_dag to 2026-01-03 12:50:00+00:00, run_after=2026-01-03 12:52:00+00:00
[2026-01-03T12:51:16.544+0000] {processor.py:183} INFO - Processing /opt/airflow/dags/prediction_dag.py took 0.147 seconds
[2026-01-03T12:51:46.759+0000] {processor.py:161} INFO - Started process (PID=27227) to work on /opt/airflow/dags/prediction_dag.py
[2026-01-03T12:51:46.763+0000] {processor.py:830} INFO - Processing file /opt/airflow/dags/prediction_dag.py for tasks to queue
[2026-01-03T12:51:46.765+0000] {logging_mixin.py:188} INFO - [2026-01-03T12:51:46.764+0000] {dagbag.py:540} INFO - Filling up the DagBag from /opt/airflow/dags/prediction_dag.py
[2026-01-03T12:51:46.798+0000] {processor.py:840} INFO - DAG(s) 'prediction_dag' retrieved from /opt/airflow/dags/prediction_dag.py
[2026-01-03T12:51:46.833+0000] {logging_mixin.py:188} INFO - [2026-01-03T12:51:46.833+0000] {dag.py:3047} INFO - Sync 1 DAGs
[2026-01-03T12:51:46.855+0000] {logging_mixin.py:188} INFO - [2026-01-03T12:51:46.855+0000] {dag.py:3834} INFO - Setting next_dagrun for prediction_dag to 2026-01-03 12:50:00+00:00, run_after=2026-01-03 12:52:00+00:00
[2026-01-03T12:51:46.867+0000] {processor.py:183} INFO - Processing /opt/airflow/dags/prediction_dag.py took 0.122 seconds
[2026-01-03T12:52:17.307+0000] {processor.py:161} INFO - Started process (PID=27313) to work on /opt/airflow/dags/prediction_dag.py
[2026-01-03T12:52:17.309+0000] {processor.py:830} INFO - Processing file /opt/airflow/dags/prediction_dag.py for tasks to queue
[2026-01-03T12:52:17.312+0000] {logging_mixin.py:188} INFO - [2026-01-03T12:52:17.310+0000] {dagbag.py:540} INFO - Filling up the DagBag from /opt/airflow/dags/prediction_dag.py
[2026-01-03T12:52:17.348+0000] {processor.py:840} INFO - DAG(s) 'prediction_dag' retrieved from /opt/airflow/dags/prediction_dag.py
[2026-01-03T12:52:17.382+0000] {logging_mixin.py:188} INFO - [2026-01-03T12:52:17.382+0000] {dag.py:3047} INFO - Sync 1 DAGs
[2026-01-03T12:52:17.404+0000] {logging_mixin.py:188} INFO - [2026-01-03T12:52:17.404+0000] {dag.py:3834} INFO - Setting next_dagrun for prediction_dag to 2026-01-03 12:52:00+00:00, run_after=2026-01-03 12:54:00+00:00
[2026-01-03T12:52:17.415+0000] {processor.py:183} INFO - Processing /opt/airflow/dags/prediction_dag.py took 0.117 seconds
[2026-01-03T12:52:47.810+0000] {processor.py:161} INFO - Started process (PID=27331) to work on /opt/airflow/dags/prediction_dag.py
[2026-01-03T12:52:47.813+0000] {processor.py:830} INFO - Processing file /opt/airflow/dags/prediction_dag.py for tasks to queue
[2026-01-03T12:52:47.814+0000] {logging_mixin.py:188} INFO - [2026-01-03T12:52:47.814+0000] {dagbag.py:540} INFO - Filling up the DagBag from /opt/airflow/dags/prediction_dag.py
[2026-01-03T12:52:47.843+0000] {processor.py:840} INFO - DAG(s) 'prediction_dag' retrieved from /opt/airflow/dags/prediction_dag.py
[2026-01-03T12:52:47.893+0000] {logging_mixin.py:188} INFO - [2026-01-03T12:52:47.893+0000] {dag.py:3047} INFO - Sync 1 DAGs
[2026-01-03T12:52:47.922+0000] {logging_mixin.py:188} INFO - [2026-01-03T12:52:47.922+0000] {dag.py:3834} INFO - Setting next_dagrun for prediction_dag to 2026-01-03 12:52:00+00:00, run_after=2026-01-03 12:54:00+00:00
[2026-01-03T12:52:47.935+0000] {processor.py:183} INFO - Processing /opt/airflow/dags/prediction_dag.py took 0.138 seconds
[2026-01-03T12:53:18.222+0000] {processor.py:161} INFO - Started process (PID=27411) to work on /opt/airflow/dags/prediction_dag.py
[2026-01-03T12:53:18.226+0000] {processor.py:830} INFO - Processing file /opt/airflow/dags/prediction_dag.py for tasks to queue
[2026-01-03T12:53:18.229+0000] {logging_mixin.py:188} INFO - [2026-01-03T12:53:18.228+0000] {dagbag.py:540} INFO - Filling up the DagBag from /opt/airflow/dags/prediction_dag.py
[2026-01-03T12:53:18.271+0000] {processor.py:840} INFO - DAG(s) 'prediction_dag' retrieved from /opt/airflow/dags/prediction_dag.py
[2026-01-03T12:53:18.321+0000] {logging_mixin.py:188} INFO - [2026-01-03T12:53:18.320+0000] {dag.py:3047} INFO - Sync 1 DAGs
[2026-01-03T12:53:18.356+0000] {logging_mixin.py:188} INFO - [2026-01-03T12:53:18.356+0000] {dag.py:3834} INFO - Setting next_dagrun for prediction_dag to 2026-01-03 12:52:00+00:00, run_after=2026-01-03 12:54:00+00:00
[2026-01-03T12:53:18.372+0000] {processor.py:183} INFO - Processing /opt/airflow/dags/prediction_dag.py took 0.167 seconds
[2026-01-03T12:53:48.474+0000] {processor.py:161} INFO - Started process (PID=27429) to work on /opt/airflow/dags/prediction_dag.py
[2026-01-03T12:53:48.477+0000] {processor.py:830} INFO - Processing file /opt/airflow/dags/prediction_dag.py for tasks to queue
[2026-01-03T12:53:48.479+0000] {logging_mixin.py:188} INFO - [2026-01-03T12:53:48.478+0000] {dagbag.py:540} INFO - Filling up the DagBag from /opt/airflow/dags/prediction_dag.py
[2026-01-03T12:53:48.523+0000] {processor.py:840} INFO - DAG(s) 'prediction_dag' retrieved from /opt/airflow/dags/prediction_dag.py
[2026-01-03T12:53:48.590+0000] {logging_mixin.py:188} INFO - [2026-01-03T12:53:48.589+0000] {dag.py:3047} INFO - Sync 1 DAGs
[2026-01-03T12:53:48.620+0000] {logging_mixin.py:188} INFO - [2026-01-03T12:53:48.620+0000] {dag.py:3834} INFO - Setting next_dagrun for prediction_dag to 2026-01-03 12:52:00+00:00, run_after=2026-01-03 12:54:00+00:00
[2026-01-03T12:53:48.636+0000] {processor.py:183} INFO - Processing /opt/airflow/dags/prediction_dag.py took 0.173 seconds
[2026-01-03T12:54:19.023+0000] {processor.py:161} INFO - Started process (PID=27515) to work on /opt/airflow/dags/prediction_dag.py
[2026-01-03T12:54:19.026+0000] {processor.py:830} INFO - Processing file /opt/airflow/dags/prediction_dag.py for tasks to queue
[2026-01-03T12:54:19.028+0000] {logging_mixin.py:188} INFO - [2026-01-03T12:54:19.027+0000] {dagbag.py:540} INFO - Filling up the DagBag from /opt/airflow/dags/prediction_dag.py
[2026-01-03T12:54:19.052+0000] {processor.py:840} INFO - DAG(s) 'prediction_dag' retrieved from /opt/airflow/dags/prediction_dag.py
[2026-01-03T12:54:19.082+0000] {logging_mixin.py:188} INFO - [2026-01-03T12:54:19.082+0000] {dag.py:3047} INFO - Sync 1 DAGs
[2026-01-03T12:54:19.101+0000] {logging_mixin.py:188} INFO - [2026-01-03T12:54:19.101+0000] {dag.py:3834} INFO - Setting next_dagrun for prediction_dag to 2026-01-03 12:54:00+00:00, run_after=2026-01-03 12:56:00+00:00
[2026-01-03T12:54:19.112+0000] {processor.py:183} INFO - Processing /opt/airflow/dags/prediction_dag.py took 0.097 seconds
[2026-01-03T12:54:49.182+0000] {processor.py:161} INFO - Started process (PID=27533) to work on /opt/airflow/dags/prediction_dag.py
[2026-01-03T12:54:49.185+0000] {processor.py:830} INFO - Processing file /opt/airflow/dags/prediction_dag.py for tasks to queue
[2026-01-03T12:54:49.186+0000] {logging_mixin.py:188} INFO - [2026-01-03T12:54:49.185+0000] {dagbag.py:540} INFO - Filling up the DagBag from /opt/airflow/dags/prediction_dag.py
[2026-01-03T12:54:49.202+0000] {processor.py:840} INFO - DAG(s) 'prediction_dag' retrieved from /opt/airflow/dags/prediction_dag.py
[2026-01-03T12:54:49.228+0000] {logging_mixin.py:188} INFO - [2026-01-03T12:54:49.227+0000] {dag.py:3047} INFO - Sync 1 DAGs
[2026-01-03T12:54:49.244+0000] {logging_mixin.py:188} INFO - [2026-01-03T12:54:49.244+0000] {dag.py:3834} INFO - Setting next_dagrun for prediction_dag to 2026-01-03 12:54:00+00:00, run_after=2026-01-03 12:56:00+00:00
[2026-01-03T12:54:49.255+0000] {processor.py:183} INFO - Processing /opt/airflow/dags/prediction_dag.py took 0.081 seconds
[2026-01-03T12:55:19.354+0000] {processor.py:161} INFO - Started process (PID=27613) to work on /opt/airflow/dags/prediction_dag.py
[2026-01-03T12:55:19.357+0000] {processor.py:830} INFO - Processing file /opt/airflow/dags/prediction_dag.py for tasks to queue
[2026-01-03T12:55:19.358+0000] {logging_mixin.py:188} INFO - [2026-01-03T12:55:19.358+0000] {dagbag.py:540} INFO - Filling up the DagBag from /opt/airflow/dags/prediction_dag.py
[2026-01-03T12:55:19.379+0000] {processor.py:840} INFO - DAG(s) 'prediction_dag' retrieved from /opt/airflow/dags/prediction_dag.py
[2026-01-03T12:55:19.408+0000] {logging_mixin.py:188} INFO - [2026-01-03T12:55:19.408+0000] {dag.py:3047} INFO - Sync 1 DAGs
[2026-01-03T12:55:19.426+0000] {logging_mixin.py:188} INFO - [2026-01-03T12:55:19.426+0000] {dag.py:3834} INFO - Setting next_dagrun for prediction_dag to 2026-01-03 12:54:00+00:00, run_after=2026-01-03 12:56:00+00:00
[2026-01-03T12:55:19.437+0000] {processor.py:183} INFO - Processing /opt/airflow/dags/prediction_dag.py took 0.091 seconds
[2026-01-03T12:55:49.819+0000] {processor.py:161} INFO - Started process (PID=27622) to work on /opt/airflow/dags/prediction_dag.py
[2026-01-03T12:55:49.823+0000] {processor.py:830} INFO - Processing file /opt/airflow/dags/prediction_dag.py for tasks to queue
[2026-01-03T12:55:49.824+0000] {logging_mixin.py:188} INFO - [2026-01-03T12:55:49.824+0000] {dagbag.py:540} INFO - Filling up the DagBag from /opt/airflow/dags/prediction_dag.py
[2026-01-03T12:55:49.841+0000] {processor.py:840} INFO - DAG(s) 'prediction_dag' retrieved from /opt/airflow/dags/prediction_dag.py
[2026-01-03T12:55:49.888+0000] {logging_mixin.py:188} INFO - [2026-01-03T12:55:49.888+0000] {dag.py:3047} INFO - Sync 1 DAGs
[2026-01-03T12:55:49.919+0000] {logging_mixin.py:188} INFO - [2026-01-03T12:55:49.919+0000] {dag.py:3834} INFO - Setting next_dagrun for prediction_dag to 2026-01-03 12:54:00+00:00, run_after=2026-01-03 12:56:00+00:00
[2026-01-03T12:55:49.931+0000] {processor.py:183} INFO - Processing /opt/airflow/dags/prediction_dag.py took 0.115 seconds
[2026-01-03T12:56:20.195+0000] {processor.py:161} INFO - Started process (PID=27704) to work on /opt/airflow/dags/prediction_dag.py
[2026-01-03T12:56:20.199+0000] {processor.py:830} INFO - Processing file /opt/airflow/dags/prediction_dag.py for tasks to queue
[2026-01-03T12:56:20.201+0000] {logging_mixin.py:188} INFO - [2026-01-03T12:56:20.200+0000] {dagbag.py:540} INFO - Filling up the DagBag from /opt/airflow/dags/prediction_dag.py
[2026-01-03T12:56:20.242+0000] {processor.py:840} INFO - DAG(s) 'prediction_dag' retrieved from /opt/airflow/dags/prediction_dag.py
[2026-01-03T12:56:20.291+0000] {logging_mixin.py:188} INFO - [2026-01-03T12:56:20.291+0000] {dag.py:3047} INFO - Sync 1 DAGs
[2026-01-03T12:56:20.324+0000] {logging_mixin.py:188} INFO - [2026-01-03T12:56:20.324+0000] {dag.py:3834} INFO - Setting next_dagrun for prediction_dag to 2026-01-03 12:56:00+00:00, run_after=2026-01-03 12:58:00+00:00
[2026-01-03T12:56:20.339+0000] {processor.py:183} INFO - Processing /opt/airflow/dags/prediction_dag.py took 0.156 seconds
[2026-01-03T12:56:50.715+0000] {processor.py:161} INFO - Started process (PID=27722) to work on /opt/airflow/dags/prediction_dag.py
[2026-01-03T12:56:50.719+0000] {processor.py:830} INFO - Processing file /opt/airflow/dags/prediction_dag.py for tasks to queue
[2026-01-03T12:56:50.722+0000] {logging_mixin.py:188} INFO - [2026-01-03T12:56:50.720+0000] {dagbag.py:540} INFO - Filling up the DagBag from /opt/airflow/dags/prediction_dag.py
[2026-01-03T12:56:50.757+0000] {processor.py:840} INFO - DAG(s) 'prediction_dag' retrieved from /opt/airflow/dags/prediction_dag.py
[2026-01-03T12:56:50.804+0000] {logging_mixin.py:188} INFO - [2026-01-03T12:56:50.804+0000] {dag.py:3047} INFO - Sync 1 DAGs
[2026-01-03T12:56:50.827+0000] {logging_mixin.py:188} INFO - [2026-01-03T12:56:50.827+0000] {dag.py:3834} INFO - Setting next_dagrun for prediction_dag to 2026-01-03 12:56:00+00:00, run_after=2026-01-03 12:58:00+00:00
[2026-01-03T12:56:50.839+0000] {processor.py:183} INFO - Processing /opt/airflow/dags/prediction_dag.py took 0.136 seconds
[2026-01-03T12:57:21.310+0000] {processor.py:161} INFO - Started process (PID=27802) to work on /opt/airflow/dags/prediction_dag.py
[2026-01-03T12:57:21.313+0000] {processor.py:830} INFO - Processing file /opt/airflow/dags/prediction_dag.py for tasks to queue
[2026-01-03T12:57:21.314+0000] {logging_mixin.py:188} INFO - [2026-01-03T12:57:21.313+0000] {dagbag.py:540} INFO - Filling up the DagBag from /opt/airflow/dags/prediction_dag.py
[2026-01-03T12:57:21.341+0000] {processor.py:840} INFO - DAG(s) 'prediction_dag' retrieved from /opt/airflow/dags/prediction_dag.py
[2026-01-03T12:57:21.381+0000] {logging_mixin.py:188} INFO - [2026-01-03T12:57:21.381+0000] {dag.py:3047} INFO - Sync 1 DAGs
[2026-01-03T12:57:21.408+0000] {logging_mixin.py:188} INFO - [2026-01-03T12:57:21.408+0000] {dag.py:3834} INFO - Setting next_dagrun for prediction_dag to 2026-01-03 12:56:00+00:00, run_after=2026-01-03 12:58:00+00:00
[2026-01-03T12:57:21.426+0000] {processor.py:183} INFO - Processing /opt/airflow/dags/prediction_dag.py took 0.128 seconds
[2026-01-03T12:57:51.874+0000] {processor.py:161} INFO - Started process (PID=27820) to work on /opt/airflow/dags/prediction_dag.py
[2026-01-03T12:57:51.877+0000] {processor.py:830} INFO - Processing file /opt/airflow/dags/prediction_dag.py for tasks to queue
[2026-01-03T12:57:51.879+0000] {logging_mixin.py:188} INFO - [2026-01-03T12:57:51.878+0000] {dagbag.py:540} INFO - Filling up the DagBag from /opt/airflow/dags/prediction_dag.py
[2026-01-03T12:57:51.917+0000] {processor.py:840} INFO - DAG(s) 'prediction_dag' retrieved from /opt/airflow/dags/prediction_dag.py
[2026-01-03T12:57:51.973+0000] {logging_mixin.py:188} INFO - [2026-01-03T12:57:51.973+0000] {dag.py:3047} INFO - Sync 1 DAGs
[2026-01-03T12:57:52.006+0000] {logging_mixin.py:188} INFO - [2026-01-03T12:57:52.006+0000] {dag.py:3834} INFO - Setting next_dagrun for prediction_dag to 2026-01-03 12:56:00+00:00, run_after=2026-01-03 12:58:00+00:00
[2026-01-03T12:57:52.021+0000] {processor.py:183} INFO - Processing /opt/airflow/dags/prediction_dag.py took 0.156 seconds
[2026-01-03T12:58:22.504+0000] {processor.py:161} INFO - Started process (PID=27906) to work on /opt/airflow/dags/prediction_dag.py
[2026-01-03T12:58:22.507+0000] {processor.py:830} INFO - Processing file /opt/airflow/dags/prediction_dag.py for tasks to queue
[2026-01-03T12:58:22.509+0000] {logging_mixin.py:188} INFO - [2026-01-03T12:58:22.508+0000] {dagbag.py:540} INFO - Filling up the DagBag from /opt/airflow/dags/prediction_dag.py
[2026-01-03T12:58:22.540+0000] {processor.py:840} INFO - DAG(s) 'prediction_dag' retrieved from /opt/airflow/dags/prediction_dag.py
[2026-01-03T12:58:22.593+0000] {logging_mixin.py:188} INFO - [2026-01-03T12:58:22.592+0000] {dag.py:3047} INFO - Sync 1 DAGs
[2026-01-03T12:58:22.624+0000] {logging_mixin.py:188} INFO - [2026-01-03T12:58:22.624+0000] {dag.py:3834} INFO - Setting next_dagrun for prediction_dag to 2026-01-03 12:58:00+00:00, run_after=2026-01-03 13:00:00+00:00
[2026-01-03T12:58:22.645+0000] {processor.py:183} INFO - Processing /opt/airflow/dags/prediction_dag.py took 0.154 seconds
[2026-01-03T12:58:52.766+0000] {processor.py:161} INFO - Started process (PID=27924) to work on /opt/airflow/dags/prediction_dag.py
[2026-01-03T12:58:52.776+0000] {processor.py:830} INFO - Processing file /opt/airflow/dags/prediction_dag.py for tasks to queue
[2026-01-03T12:58:52.778+0000] {logging_mixin.py:188} INFO - [2026-01-03T12:58:52.777+0000] {dagbag.py:540} INFO - Filling up the DagBag from /opt/airflow/dags/prediction_dag.py
[2026-01-03T12:58:52.812+0000] {processor.py:840} INFO - DAG(s) 'prediction_dag' retrieved from /opt/airflow/dags/prediction_dag.py
[2026-01-03T12:58:52.856+0000] {logging_mixin.py:188} INFO - [2026-01-03T12:58:52.855+0000] {dag.py:3047} INFO - Sync 1 DAGs
[2026-01-03T12:58:52.886+0000] {logging_mixin.py:188} INFO - [2026-01-03T12:58:52.885+0000] {dag.py:3834} INFO - Setting next_dagrun for prediction_dag to 2026-01-03 12:58:00+00:00, run_after=2026-01-03 13:00:00+00:00
[2026-01-03T12:58:52.900+0000] {processor.py:183} INFO - Processing /opt/airflow/dags/prediction_dag.py took 0.148 seconds
[2026-01-03T12:59:23.256+0000] {processor.py:161} INFO - Started process (PID=28004) to work on /opt/airflow/dags/prediction_dag.py
[2026-01-03T12:59:23.260+0000] {processor.py:830} INFO - Processing file /opt/airflow/dags/prediction_dag.py for tasks to queue
[2026-01-03T12:59:23.262+0000] {logging_mixin.py:188} INFO - [2026-01-03T12:59:23.261+0000] {dagbag.py:540} INFO - Filling up the DagBag from /opt/airflow/dags/prediction_dag.py
[2026-01-03T12:59:23.299+0000] {processor.py:840} INFO - DAG(s) 'prediction_dag' retrieved from /opt/airflow/dags/prediction_dag.py
[2026-01-03T12:59:23.361+0000] {logging_mixin.py:188} INFO - [2026-01-03T12:59:23.361+0000] {dag.py:3047} INFO - Sync 1 DAGs
[2026-01-03T12:59:23.391+0000] {logging_mixin.py:188} INFO - [2026-01-03T12:59:23.391+0000] {dag.py:3834} INFO - Setting next_dagrun for prediction_dag to 2026-01-03 12:58:00+00:00, run_after=2026-01-03 13:00:00+00:00
[2026-01-03T12:59:23.405+0000] {processor.py:183} INFO - Processing /opt/airflow/dags/prediction_dag.py took 0.164 seconds
[2026-01-03T12:59:53.628+0000] {processor.py:161} INFO - Started process (PID=28022) to work on /opt/airflow/dags/prediction_dag.py
[2026-01-03T12:59:53.631+0000] {processor.py:830} INFO - Processing file /opt/airflow/dags/prediction_dag.py for tasks to queue
[2026-01-03T12:59:53.632+0000] {logging_mixin.py:188} INFO - [2026-01-03T12:59:53.632+0000] {dagbag.py:540} INFO - Filling up the DagBag from /opt/airflow/dags/prediction_dag.py
[2026-01-03T12:59:53.684+0000] {processor.py:840} INFO - DAG(s) 'prediction_dag' retrieved from /opt/airflow/dags/prediction_dag.py
[2026-01-03T12:59:53.730+0000] {logging_mixin.py:188} INFO - [2026-01-03T12:59:53.729+0000] {dag.py:3047} INFO - Sync 1 DAGs
[2026-01-03T12:59:53.758+0000] {logging_mixin.py:188} INFO - [2026-01-03T12:59:53.758+0000] {dag.py:3834} INFO - Setting next_dagrun for prediction_dag to 2026-01-03 12:58:00+00:00, run_after=2026-01-03 13:00:00+00:00
[2026-01-03T12:59:53.772+0000] {processor.py:183} INFO - Processing /opt/airflow/dags/prediction_dag.py took 0.153 seconds
[2026-01-03T13:00:24.200+0000] {processor.py:161} INFO - Started process (PID=28108) to work on /opt/airflow/dags/prediction_dag.py
[2026-01-03T13:00:24.205+0000] {processor.py:830} INFO - Processing file /opt/airflow/dags/prediction_dag.py for tasks to queue
[2026-01-03T13:00:24.207+0000] {logging_mixin.py:188} INFO - [2026-01-03T13:00:24.206+0000] {dagbag.py:540} INFO - Filling up the DagBag from /opt/airflow/dags/prediction_dag.py
[2026-01-03T13:00:24.241+0000] {processor.py:840} INFO - DAG(s) 'prediction_dag' retrieved from /opt/airflow/dags/prediction_dag.py
[2026-01-03T13:00:24.294+0000] {logging_mixin.py:188} INFO - [2026-01-03T13:00:24.294+0000] {dag.py:3047} INFO - Sync 1 DAGs
[2026-01-03T13:00:24.325+0000] {logging_mixin.py:188} INFO - [2026-01-03T13:00:24.325+0000] {dag.py:3834} INFO - Setting next_dagrun for prediction_dag to 2026-01-03 13:00:00+00:00, run_after=2026-01-03 13:02:00+00:00
[2026-01-03T13:00:24.338+0000] {processor.py:183} INFO - Processing /opt/airflow/dags/prediction_dag.py took 0.151 seconds
[2026-01-03T13:00:54.812+0000] {processor.py:161} INFO - Started process (PID=28126) to work on /opt/airflow/dags/prediction_dag.py
[2026-01-03T13:00:54.816+0000] {processor.py:830} INFO - Processing file /opt/airflow/dags/prediction_dag.py for tasks to queue
[2026-01-03T13:00:54.817+0000] {logging_mixin.py:188} INFO - [2026-01-03T13:00:54.817+0000] {dagbag.py:540} INFO - Filling up the DagBag from /opt/airflow/dags/prediction_dag.py
[2026-01-03T13:00:54.849+0000] {processor.py:840} INFO - DAG(s) 'prediction_dag' retrieved from /opt/airflow/dags/prediction_dag.py
[2026-01-03T13:00:54.892+0000] {logging_mixin.py:188} INFO - [2026-01-03T13:00:54.892+0000] {dag.py:3047} INFO - Sync 1 DAGs
[2026-01-03T13:00:54.926+0000] {logging_mixin.py:188} INFO - [2026-01-03T13:00:54.926+0000] {dag.py:3834} INFO - Setting next_dagrun for prediction_dag to 2026-01-03 13:00:00+00:00, run_after=2026-01-03 13:02:00+00:00
[2026-01-03T13:00:54.941+0000] {processor.py:183} INFO - Processing /opt/airflow/dags/prediction_dag.py took 0.141 seconds
[2026-01-03T13:01:25.201+0000] {processor.py:161} INFO - Started process (PID=28206) to work on /opt/airflow/dags/prediction_dag.py
[2026-01-03T13:01:25.204+0000] {processor.py:830} INFO - Processing file /opt/airflow/dags/prediction_dag.py for tasks to queue
[2026-01-03T13:01:25.206+0000] {logging_mixin.py:188} INFO - [2026-01-03T13:01:25.205+0000] {dagbag.py:540} INFO - Filling up the DagBag from /opt/airflow/dags/prediction_dag.py
[2026-01-03T13:01:25.266+0000] {processor.py:840} INFO - DAG(s) 'prediction_dag' retrieved from /opt/airflow/dags/prediction_dag.py
[2026-01-03T13:01:25.350+0000] {logging_mixin.py:188} INFO - [2026-01-03T13:01:25.350+0000] {dag.py:3047} INFO - Sync 1 DAGs
[2026-01-03T13:01:25.465+0000] {logging_mixin.py:188} INFO - [2026-01-03T13:01:25.462+0000] {dag.py:3834} INFO - Setting next_dagrun for prediction_dag to 2026-01-03 13:00:00+00:00, run_after=2026-01-03 13:02:00+00:00
[2026-01-03T13:01:25.565+0000] {processor.py:183} INFO - Processing /opt/airflow/dags/prediction_dag.py took 0.399 seconds
[2026-01-03T13:01:55.978+0000] {processor.py:161} INFO - Started process (PID=28224) to work on /opt/airflow/dags/prediction_dag.py
[2026-01-03T13:01:55.982+0000] {processor.py:830} INFO - Processing file /opt/airflow/dags/prediction_dag.py for tasks to queue
[2026-01-03T13:01:55.983+0000] {logging_mixin.py:188} INFO - [2026-01-03T13:01:55.982+0000] {dagbag.py:540} INFO - Filling up the DagBag from /opt/airflow/dags/prediction_dag.py
[2026-01-03T13:01:56.016+0000] {processor.py:840} INFO - DAG(s) 'prediction_dag' retrieved from /opt/airflow/dags/prediction_dag.py
[2026-01-03T13:01:56.057+0000] {logging_mixin.py:188} INFO - [2026-01-03T13:01:56.057+0000] {dag.py:3047} INFO - Sync 1 DAGs
[2026-01-03T13:01:56.083+0000] {logging_mixin.py:188} INFO - [2026-01-03T13:01:56.083+0000] {dag.py:3834} INFO - Setting next_dagrun for prediction_dag to 2026-01-03 13:00:00+00:00, run_after=2026-01-03 13:02:00+00:00
[2026-01-03T13:01:56.095+0000] {processor.py:183} INFO - Processing /opt/airflow/dags/prediction_dag.py took 0.130 seconds
[2026-01-03T13:02:26.301+0000] {processor.py:161} INFO - Started process (PID=28310) to work on /opt/airflow/dags/prediction_dag.py
[2026-01-03T13:02:26.305+0000] {processor.py:830} INFO - Processing file /opt/airflow/dags/prediction_dag.py for tasks to queue
[2026-01-03T13:02:26.307+0000] {logging_mixin.py:188} INFO - [2026-01-03T13:02:26.306+0000] {dagbag.py:540} INFO - Filling up the DagBag from /opt/airflow/dags/prediction_dag.py
[2026-01-03T13:02:26.370+0000] {processor.py:840} INFO - DAG(s) 'prediction_dag' retrieved from /opt/airflow/dags/prediction_dag.py
[2026-01-03T13:02:26.421+0000] {logging_mixin.py:188} INFO - [2026-01-03T13:02:26.421+0000] {dag.py:3047} INFO - Sync 1 DAGs
[2026-01-03T13:02:26.452+0000] {logging_mixin.py:188} INFO - [2026-01-03T13:02:26.452+0000] {dag.py:3834} INFO - Setting next_dagrun for prediction_dag to 2026-01-03 13:02:00+00:00, run_after=2026-01-03 13:04:00+00:00
[2026-01-03T13:02:26.469+0000] {processor.py:183} INFO - Processing /opt/airflow/dags/prediction_dag.py took 0.185 seconds
[2026-01-03T13:02:56.917+0000] {processor.py:161} INFO - Started process (PID=28328) to work on /opt/airflow/dags/prediction_dag.py
[2026-01-03T13:02:56.920+0000] {processor.py:830} INFO - Processing file /opt/airflow/dags/prediction_dag.py for tasks to queue
[2026-01-03T13:02:56.922+0000] {logging_mixin.py:188} INFO - [2026-01-03T13:02:56.921+0000] {dagbag.py:540} INFO - Filling up the DagBag from /opt/airflow/dags/prediction_dag.py
[2026-01-03T13:02:56.947+0000] {processor.py:840} INFO - DAG(s) 'prediction_dag' retrieved from /opt/airflow/dags/prediction_dag.py
[2026-01-03T13:02:56.981+0000] {logging_mixin.py:188} INFO - [2026-01-03T13:02:56.981+0000] {dag.py:3047} INFO - Sync 1 DAGs
[2026-01-03T13:02:57.000+0000] {logging_mixin.py:188} INFO - [2026-01-03T13:02:57.000+0000] {dag.py:3834} INFO - Setting next_dagrun for prediction_dag to 2026-01-03 13:02:00+00:00, run_after=2026-01-03 13:04:00+00:00
[2026-01-03T13:02:57.011+0000] {processor.py:183} INFO - Processing /opt/airflow/dags/prediction_dag.py took 0.108 seconds
[2026-01-03T13:03:27.276+0000] {processor.py:161} INFO - Started process (PID=28408) to work on /opt/airflow/dags/prediction_dag.py
[2026-01-03T13:03:27.277+0000] {processor.py:830} INFO - Processing file /opt/airflow/dags/prediction_dag.py for tasks to queue
[2026-01-03T13:03:27.278+0000] {logging_mixin.py:188} INFO - [2026-01-03T13:03:27.278+0000] {dagbag.py:540} INFO - Filling up the DagBag from /opt/airflow/dags/prediction_dag.py
[2026-01-03T13:03:27.294+0000] {processor.py:840} INFO - DAG(s) 'prediction_dag' retrieved from /opt/airflow/dags/prediction_dag.py
[2026-01-03T13:03:27.316+0000] {logging_mixin.py:188} INFO - [2026-01-03T13:03:27.316+0000] {dag.py:3047} INFO - Sync 1 DAGs
[2026-01-03T13:03:27.331+0000] {logging_mixin.py:188} INFO - [2026-01-03T13:03:27.331+0000] {dag.py:3834} INFO - Setting next_dagrun for prediction_dag to 2026-01-03 13:02:00+00:00, run_after=2026-01-03 13:04:00+00:00
[2026-01-03T13:03:27.341+0000] {processor.py:183} INFO - Processing /opt/airflow/dags/prediction_dag.py took 0.071 seconds
[2026-01-03T13:03:57.696+0000] {processor.py:161} INFO - Started process (PID=28426) to work on /opt/airflow/dags/prediction_dag.py
[2026-01-03T13:03:57.697+0000] {processor.py:830} INFO - Processing file /opt/airflow/dags/prediction_dag.py for tasks to queue
[2026-01-03T13:03:57.699+0000] {logging_mixin.py:188} INFO - [2026-01-03T13:03:57.698+0000] {dagbag.py:540} INFO - Filling up the DagBag from /opt/airflow/dags/prediction_dag.py
[2026-01-03T13:03:57.715+0000] {processor.py:840} INFO - DAG(s) 'prediction_dag' retrieved from /opt/airflow/dags/prediction_dag.py
[2026-01-03T13:03:57.752+0000] {logging_mixin.py:188} INFO - [2026-01-03T13:03:57.751+0000] {dag.py:3047} INFO - Sync 1 DAGs
[2026-01-03T13:03:57.770+0000] {logging_mixin.py:188} INFO - [2026-01-03T13:03:57.770+0000] {dag.py:3834} INFO - Setting next_dagrun for prediction_dag to 2026-01-03 13:02:00+00:00, run_after=2026-01-03 13:04:00+00:00
[2026-01-03T13:03:57.779+0000] {processor.py:183} INFO - Processing /opt/airflow/dags/prediction_dag.py took 0.088 seconds
[2026-01-03T13:04:28.079+0000] {processor.py:161} INFO - Started process (PID=28502) to work on /opt/airflow/dags/prediction_dag.py
[2026-01-03T13:04:28.083+0000] {processor.py:830} INFO - Processing file /opt/airflow/dags/prediction_dag.py for tasks to queue
[2026-01-03T13:04:28.084+0000] {logging_mixin.py:188} INFO - [2026-01-03T13:04:28.083+0000] {dagbag.py:540} INFO - Filling up the DagBag from /opt/airflow/dags/prediction_dag.py
[2026-01-03T13:04:28.119+0000] {processor.py:840} INFO - DAG(s) 'prediction_dag' retrieved from /opt/airflow/dags/prediction_dag.py
[2026-01-03T13:04:28.180+0000] {logging_mixin.py:188} INFO - [2026-01-03T13:04:28.180+0000] {dag.py:3047} INFO - Sync 1 DAGs
[2026-01-03T13:04:28.211+0000] {logging_mixin.py:188} INFO - [2026-01-03T13:04:28.211+0000] {dag.py:3834} INFO - Setting next_dagrun for prediction_dag to 2026-01-03 13:04:00+00:00, run_after=2026-01-03 13:06:00+00:00
[2026-01-03T13:04:28.229+0000] {processor.py:183} INFO - Processing /opt/airflow/dags/prediction_dag.py took 0.156 seconds
[2026-01-03T13:04:58.595+0000] {processor.py:161} INFO - Started process (PID=28517) to work on /opt/airflow/dags/prediction_dag.py
[2026-01-03T13:04:58.597+0000] {processor.py:830} INFO - Processing file /opt/airflow/dags/prediction_dag.py for tasks to queue
[2026-01-03T13:04:58.598+0000] {logging_mixin.py:188} INFO - [2026-01-03T13:04:58.597+0000] {dagbag.py:540} INFO - Filling up the DagBag from /opt/airflow/dags/prediction_dag.py
[2026-01-03T13:04:58.624+0000] {processor.py:840} INFO - DAG(s) 'prediction_dag' retrieved from /opt/airflow/dags/prediction_dag.py
[2026-01-03T13:04:58.668+0000] {logging_mixin.py:188} INFO - [2026-01-03T13:04:58.668+0000] {dag.py:3047} INFO - Sync 1 DAGs
[2026-01-03T13:04:58.696+0000] {logging_mixin.py:188} INFO - [2026-01-03T13:04:58.696+0000] {dag.py:3834} INFO - Setting next_dagrun for prediction_dag to 2026-01-03 13:04:00+00:00, run_after=2026-01-03 13:06:00+00:00
[2026-01-03T13:04:58.710+0000] {processor.py:183} INFO - Processing /opt/airflow/dags/prediction_dag.py took 0.127 seconds
[2026-01-03T13:05:29.037+0000] {processor.py:161} INFO - Started process (PID=28597) to work on /opt/airflow/dags/prediction_dag.py
[2026-01-03T13:05:29.039+0000] {processor.py:830} INFO - Processing file /opt/airflow/dags/prediction_dag.py for tasks to queue
[2026-01-03T13:05:29.041+0000] {logging_mixin.py:188} INFO - [2026-01-03T13:05:29.040+0000] {dagbag.py:540} INFO - Filling up the DagBag from /opt/airflow/dags/prediction_dag.py
[2026-01-03T13:05:29.076+0000] {processor.py:840} INFO - DAG(s) 'prediction_dag' retrieved from /opt/airflow/dags/prediction_dag.py
[2026-01-03T13:05:29.122+0000] {logging_mixin.py:188} INFO - [2026-01-03T13:05:29.122+0000] {dag.py:3047} INFO - Sync 1 DAGs
[2026-01-03T13:05:29.158+0000] {logging_mixin.py:188} INFO - [2026-01-03T13:05:29.157+0000] {dag.py:3834} INFO - Setting next_dagrun for prediction_dag to 2026-01-03 13:04:00+00:00, run_after=2026-01-03 13:06:00+00:00
[2026-01-03T13:05:29.173+0000] {processor.py:183} INFO - Processing /opt/airflow/dags/prediction_dag.py took 0.154 seconds
[2026-01-03T13:05:59.583+0000] {processor.py:161} INFO - Started process (PID=28615) to work on /opt/airflow/dags/prediction_dag.py
[2026-01-03T13:05:59.585+0000] {processor.py:830} INFO - Processing file /opt/airflow/dags/prediction_dag.py for tasks to queue
[2026-01-03T13:05:59.586+0000] {logging_mixin.py:188} INFO - [2026-01-03T13:05:59.586+0000] {dagbag.py:540} INFO - Filling up the DagBag from /opt/airflow/dags/prediction_dag.py
[2026-01-03T13:05:59.611+0000] {processor.py:840} INFO - DAG(s) 'prediction_dag' retrieved from /opt/airflow/dags/prediction_dag.py
[2026-01-03T13:05:59.654+0000] {logging_mixin.py:188} INFO - [2026-01-03T13:05:59.654+0000] {dag.py:3047} INFO - Sync 1 DAGs
[2026-01-03T13:05:59.676+0000] {logging_mixin.py:188} INFO - [2026-01-03T13:05:59.676+0000] {dag.py:3834} INFO - Setting next_dagrun for prediction_dag to 2026-01-03 13:04:00+00:00, run_after=2026-01-03 13:06:00+00:00
[2026-01-03T13:05:59.688+0000] {processor.py:183} INFO - Processing /opt/airflow/dags/prediction_dag.py took 0.115 seconds
[2026-01-03T13:06:29.871+0000] {processor.py:161} INFO - Started process (PID=28701) to work on /opt/airflow/dags/prediction_dag.py
[2026-01-03T13:06:29.874+0000] {processor.py:830} INFO - Processing file /opt/airflow/dags/prediction_dag.py for tasks to queue
[2026-01-03T13:06:29.875+0000] {logging_mixin.py:188} INFO - [2026-01-03T13:06:29.875+0000] {dagbag.py:540} INFO - Filling up the DagBag from /opt/airflow/dags/prediction_dag.py
[2026-01-03T13:06:29.909+0000] {processor.py:840} INFO - DAG(s) 'prediction_dag' retrieved from /opt/airflow/dags/prediction_dag.py
[2026-01-03T13:06:29.960+0000] {logging_mixin.py:188} INFO - [2026-01-03T13:06:29.959+0000] {dag.py:3047} INFO - Sync 1 DAGs
[2026-01-03T13:06:29.989+0000] {logging_mixin.py:188} INFO - [2026-01-03T13:06:29.989+0000] {dag.py:3834} INFO - Setting next_dagrun for prediction_dag to 2026-01-03 13:06:00+00:00, run_after=2026-01-03 13:08:00+00:00
[2026-01-03T13:06:30.003+0000] {processor.py:183} INFO - Processing /opt/airflow/dags/prediction_dag.py took 0.144 seconds
[2026-01-03T13:07:00.344+0000] {processor.py:161} INFO - Started process (PID=28719) to work on /opt/airflow/dags/prediction_dag.py
[2026-01-03T13:07:00.347+0000] {processor.py:830} INFO - Processing file /opt/airflow/dags/prediction_dag.py for tasks to queue
[2026-01-03T13:07:00.349+0000] {logging_mixin.py:188} INFO - [2026-01-03T13:07:00.348+0000] {dagbag.py:540} INFO - Filling up the DagBag from /opt/airflow/dags/prediction_dag.py
[2026-01-03T13:07:00.388+0000] {processor.py:840} INFO - DAG(s) 'prediction_dag' retrieved from /opt/airflow/dags/prediction_dag.py
[2026-01-03T13:07:00.434+0000] {logging_mixin.py:188} INFO - [2026-01-03T13:07:00.433+0000] {dag.py:3047} INFO - Sync 1 DAGs
[2026-01-03T13:07:00.462+0000] {logging_mixin.py:188} INFO - [2026-01-03T13:07:00.462+0000] {dag.py:3834} INFO - Setting next_dagrun for prediction_dag to 2026-01-03 13:06:00+00:00, run_after=2026-01-03 13:08:00+00:00
[2026-01-03T13:07:00.476+0000] {processor.py:183} INFO - Processing /opt/airflow/dags/prediction_dag.py took 0.139 seconds
[2026-01-03T13:07:30.606+0000] {processor.py:161} INFO - Started process (PID=28799) to work on /opt/airflow/dags/prediction_dag.py
[2026-01-03T13:07:30.609+0000] {processor.py:830} INFO - Processing file /opt/airflow/dags/prediction_dag.py for tasks to queue
[2026-01-03T13:07:30.610+0000] {logging_mixin.py:188} INFO - [2026-01-03T13:07:30.609+0000] {dagbag.py:540} INFO - Filling up the DagBag from /opt/airflow/dags/prediction_dag.py
[2026-01-03T13:07:30.643+0000] {processor.py:840} INFO - DAG(s) 'prediction_dag' retrieved from /opt/airflow/dags/prediction_dag.py
[2026-01-03T13:07:30.689+0000] {logging_mixin.py:188} INFO - [2026-01-03T13:07:30.689+0000] {dag.py:3047} INFO - Sync 1 DAGs
[2026-01-03T13:07:30.718+0000] {logging_mixin.py:188} INFO - [2026-01-03T13:07:30.718+0000] {dag.py:3834} INFO - Setting next_dagrun for prediction_dag to 2026-01-03 13:06:00+00:00, run_after=2026-01-03 13:08:00+00:00
[2026-01-03T13:07:30.735+0000] {processor.py:183} INFO - Processing /opt/airflow/dags/prediction_dag.py took 0.140 seconds
[2026-01-03T13:13:34.586+0000] {processor.py:161} INFO - Started process (PID=28820) to work on /opt/airflow/dags/prediction_dag.py
[2026-01-03T13:13:34.588+0000] {processor.py:830} INFO - Processing file /opt/airflow/dags/prediction_dag.py for tasks to queue
[2026-01-03T13:13:34.591+0000] {logging_mixin.py:188} INFO - [2026-01-03T13:13:34.590+0000] {dagbag.py:540} INFO - Filling up the DagBag from /opt/airflow/dags/prediction_dag.py
[2026-01-03T13:13:34.651+0000] {processor.py:840} INFO - DAG(s) 'prediction_dag' retrieved from /opt/airflow/dags/prediction_dag.py
[2026-01-03T13:13:34.772+0000] {logging_mixin.py:188} INFO - [2026-01-03T13:13:34.771+0000] {dag.py:3047} INFO - Sync 1 DAGs
[2026-01-03T13:13:34.862+0000] {logging_mixin.py:188} INFO - [2026-01-03T13:13:34.861+0000] {dag.py:3834} INFO - Setting next_dagrun for prediction_dag to 2026-01-03 13:12:00+00:00, run_after=2026-01-03 13:14:00+00:00
[2026-01-03T13:13:34.978+0000] {processor.py:183} INFO - Processing /opt/airflow/dags/prediction_dag.py took 0.406 seconds
[2026-01-03T13:14:05.101+0000] {processor.py:161} INFO - Started process (PID=28991) to work on /opt/airflow/dags/prediction_dag.py
[2026-01-03T13:14:05.105+0000] {processor.py:830} INFO - Processing file /opt/airflow/dags/prediction_dag.py for tasks to queue
[2026-01-03T13:14:05.107+0000] {logging_mixin.py:188} INFO - [2026-01-03T13:14:05.106+0000] {dagbag.py:540} INFO - Filling up the DagBag from /opt/airflow/dags/prediction_dag.py
[2026-01-03T13:14:05.147+0000] {processor.py:840} INFO - DAG(s) 'prediction_dag' retrieved from /opt/airflow/dags/prediction_dag.py
[2026-01-03T13:14:05.199+0000] {logging_mixin.py:188} INFO - [2026-01-03T13:14:05.199+0000] {dag.py:3047} INFO - Sync 1 DAGs
[2026-01-03T13:14:05.249+0000] {logging_mixin.py:188} INFO - [2026-01-03T13:14:05.249+0000] {dag.py:3834} INFO - Setting next_dagrun for prediction_dag to 2026-01-03 13:14:00+00:00, run_after=2026-01-03 13:16:00+00:00
[2026-01-03T13:14:05.265+0000] {processor.py:183} INFO - Processing /opt/airflow/dags/prediction_dag.py took 0.182 seconds
[2026-01-03T13:14:35.375+0000] {processor.py:161} INFO - Started process (PID=29061) to work on /opt/airflow/dags/prediction_dag.py
[2026-01-03T13:14:35.379+0000] {processor.py:830} INFO - Processing file /opt/airflow/dags/prediction_dag.py for tasks to queue
[2026-01-03T13:14:35.381+0000] {logging_mixin.py:188} INFO - [2026-01-03T13:14:35.379+0000] {dagbag.py:540} INFO - Filling up the DagBag from /opt/airflow/dags/prediction_dag.py
[2026-01-03T13:14:35.412+0000] {processor.py:840} INFO - DAG(s) 'prediction_dag' retrieved from /opt/airflow/dags/prediction_dag.py
[2026-01-03T13:14:35.474+0000] {logging_mixin.py:188} INFO - [2026-01-03T13:14:35.474+0000] {dag.py:3047} INFO - Sync 1 DAGs
[2026-01-03T13:14:35.511+0000] {logging_mixin.py:188} INFO - [2026-01-03T13:14:35.511+0000] {dag.py:3834} INFO - Setting next_dagrun for prediction_dag to 2026-01-03 13:14:00+00:00, run_after=2026-01-03 13:16:00+00:00
[2026-01-03T13:14:35.536+0000] {processor.py:183} INFO - Processing /opt/airflow/dags/prediction_dag.py took 0.171 seconds
[2026-01-03T13:15:05.909+0000] {processor.py:161} INFO - Started process (PID=29101) to work on /opt/airflow/dags/prediction_dag.py
[2026-01-03T13:15:05.911+0000] {processor.py:830} INFO - Processing file /opt/airflow/dags/prediction_dag.py for tasks to queue
[2026-01-03T13:15:05.912+0000] {logging_mixin.py:188} INFO - [2026-01-03T13:15:05.912+0000] {dagbag.py:540} INFO - Filling up the DagBag from /opt/airflow/dags/prediction_dag.py
[2026-01-03T13:15:05.930+0000] {processor.py:840} INFO - DAG(s) 'prediction_dag' retrieved from /opt/airflow/dags/prediction_dag.py
[2026-01-03T13:15:05.974+0000] {logging_mixin.py:188} INFO - [2026-01-03T13:15:05.973+0000] {dag.py:3047} INFO - Sync 1 DAGs
[2026-01-03T13:15:05.998+0000] {logging_mixin.py:188} INFO - [2026-01-03T13:15:05.998+0000] {dag.py:3834} INFO - Setting next_dagrun for prediction_dag to 2026-01-03 13:14:00+00:00, run_after=2026-01-03 13:16:00+00:00
[2026-01-03T13:15:06.010+0000] {processor.py:183} INFO - Processing /opt/airflow/dags/prediction_dag.py took 0.106 seconds
[2026-01-03T13:15:36.336+0000] {processor.py:161} INFO - Started process (PID=29159) to work on /opt/airflow/dags/prediction_dag.py
[2026-01-03T13:15:36.338+0000] {processor.py:830} INFO - Processing file /opt/airflow/dags/prediction_dag.py for tasks to queue
[2026-01-03T13:15:36.339+0000] {logging_mixin.py:188} INFO - [2026-01-03T13:15:36.339+0000] {dagbag.py:540} INFO - Filling up the DagBag from /opt/airflow/dags/prediction_dag.py
[2026-01-03T13:15:36.368+0000] {processor.py:840} INFO - DAG(s) 'prediction_dag' retrieved from /opt/airflow/dags/prediction_dag.py
[2026-01-03T13:15:36.418+0000] {logging_mixin.py:188} INFO - [2026-01-03T13:15:36.418+0000] {dag.py:3047} INFO - Sync 1 DAGs
[2026-01-03T13:15:36.449+0000] {logging_mixin.py:188} INFO - [2026-01-03T13:15:36.449+0000] {dag.py:3834} INFO - Setting next_dagrun for prediction_dag to 2026-01-03 13:14:00+00:00, run_after=2026-01-03 13:16:00+00:00
[2026-01-03T13:15:36.464+0000] {processor.py:183} INFO - Processing /opt/airflow/dags/prediction_dag.py took 0.149 seconds
[2026-01-03T13:16:06.777+0000] {processor.py:161} INFO - Started process (PID=29212) to work on /opt/airflow/dags/prediction_dag.py
[2026-01-03T13:16:06.784+0000] {processor.py:830} INFO - Processing file /opt/airflow/dags/prediction_dag.py for tasks to queue
[2026-01-03T13:16:06.785+0000] {logging_mixin.py:188} INFO - [2026-01-03T13:16:06.785+0000] {dagbag.py:540} INFO - Filling up the DagBag from /opt/airflow/dags/prediction_dag.py
[2026-01-03T13:16:06.803+0000] {processor.py:840} INFO - DAG(s) 'prediction_dag' retrieved from /opt/airflow/dags/prediction_dag.py
[2026-01-03T13:16:06.840+0000] {logging_mixin.py:188} INFO - [2026-01-03T13:16:06.839+0000] {dag.py:3047} INFO - Sync 1 DAGs
[2026-01-03T13:16:06.864+0000] {logging_mixin.py:188} INFO - [2026-01-03T13:16:06.864+0000] {dag.py:3834} INFO - Setting next_dagrun for prediction_dag to 2026-01-03 13:16:00+00:00, run_after=2026-01-03 13:18:00+00:00
[2026-01-03T13:16:06.876+0000] {processor.py:183} INFO - Processing /opt/airflow/dags/prediction_dag.py took 0.104 seconds
[2026-01-03T13:16:37.246+0000] {processor.py:161} INFO - Started process (PID=29263) to work on /opt/airflow/dags/prediction_dag.py
[2026-01-03T13:16:37.249+0000] {processor.py:830} INFO - Processing file /opt/airflow/dags/prediction_dag.py for tasks to queue
[2026-01-03T13:16:37.250+0000] {logging_mixin.py:188} INFO - [2026-01-03T13:16:37.249+0000] {dagbag.py:540} INFO - Filling up the DagBag from /opt/airflow/dags/prediction_dag.py
[2026-01-03T13:16:37.280+0000] {processor.py:840} INFO - DAG(s) 'prediction_dag' retrieved from /opt/airflow/dags/prediction_dag.py
[2026-01-03T13:16:37.329+0000] {logging_mixin.py:188} INFO - [2026-01-03T13:16:37.329+0000] {dag.py:3047} INFO - Sync 1 DAGs
[2026-01-03T13:16:37.361+0000] {logging_mixin.py:188} INFO - [2026-01-03T13:16:37.361+0000] {dag.py:3834} INFO - Setting next_dagrun for prediction_dag to 2026-01-03 13:16:00+00:00, run_after=2026-01-03 13:18:00+00:00
[2026-01-03T13:16:37.377+0000] {processor.py:183} INFO - Processing /opt/airflow/dags/prediction_dag.py took 0.146 seconds
[2026-01-03T13:17:07.693+0000] {processor.py:161} INFO - Started process (PID=29340) to work on /opt/airflow/dags/prediction_dag.py
[2026-01-03T13:17:07.694+0000] {processor.py:830} INFO - Processing file /opt/airflow/dags/prediction_dag.py for tasks to queue
[2026-01-03T13:17:07.695+0000] {logging_mixin.py:188} INFO - [2026-01-03T13:17:07.695+0000] {dagbag.py:540} INFO - Filling up the DagBag from /opt/airflow/dags/prediction_dag.py
[2026-01-03T13:17:07.715+0000] {processor.py:840} INFO - DAG(s) 'prediction_dag' retrieved from /opt/airflow/dags/prediction_dag.py
[2026-01-03T13:17:07.757+0000] {logging_mixin.py:188} INFO - [2026-01-03T13:17:07.757+0000] {dag.py:3047} INFO - Sync 1 DAGs
[2026-01-03T13:17:07.779+0000] {logging_mixin.py:188} INFO - [2026-01-03T13:17:07.779+0000] {dag.py:3834} INFO - Setting next_dagrun for prediction_dag to 2026-01-03 13:16:00+00:00, run_after=2026-01-03 13:18:00+00:00
[2026-01-03T13:17:07.793+0000] {processor.py:183} INFO - Processing /opt/airflow/dags/prediction_dag.py took 0.106 seconds
[2026-01-03T13:17:37.958+0000] {processor.py:161} INFO - Started process (PID=29361) to work on /opt/airflow/dags/prediction_dag.py
[2026-01-03T13:17:37.960+0000] {processor.py:830} INFO - Processing file /opt/airflow/dags/prediction_dag.py for tasks to queue
[2026-01-03T13:17:37.962+0000] {logging_mixin.py:188} INFO - [2026-01-03T13:17:37.961+0000] {dagbag.py:540} INFO - Filling up the DagBag from /opt/airflow/dags/prediction_dag.py
[2026-01-03T13:17:37.997+0000] {processor.py:840} INFO - DAG(s) 'prediction_dag' retrieved from /opt/airflow/dags/prediction_dag.py
[2026-01-03T13:17:38.051+0000] {logging_mixin.py:188} INFO - [2026-01-03T13:17:38.051+0000] {dag.py:3047} INFO - Sync 1 DAGs
[2026-01-03T13:17:38.074+0000] {logging_mixin.py:188} INFO - [2026-01-03T13:17:38.074+0000] {dag.py:3834} INFO - Setting next_dagrun for prediction_dag to 2026-01-03 13:16:00+00:00, run_after=2026-01-03 13:18:00+00:00
[2026-01-03T13:17:38.092+0000] {processor.py:183} INFO - Processing /opt/airflow/dags/prediction_dag.py took 0.152 seconds
[2026-01-03T13:18:08.433+0000] {processor.py:161} INFO - Started process (PID=29414) to work on /opt/airflow/dags/prediction_dag.py
[2026-01-03T13:18:08.435+0000] {processor.py:830} INFO - Processing file /opt/airflow/dags/prediction_dag.py for tasks to queue
[2026-01-03T13:18:08.436+0000] {logging_mixin.py:188} INFO - [2026-01-03T13:18:08.436+0000] {dagbag.py:540} INFO - Filling up the DagBag from /opt/airflow/dags/prediction_dag.py
[2026-01-03T13:18:08.452+0000] {processor.py:840} INFO - DAG(s) 'prediction_dag' retrieved from /opt/airflow/dags/prediction_dag.py
[2026-01-03T13:18:08.493+0000] {logging_mixin.py:188} INFO - [2026-01-03T13:18:08.492+0000] {dag.py:3047} INFO - Sync 1 DAGs
[2026-01-03T13:18:08.524+0000] {logging_mixin.py:188} INFO - [2026-01-03T13:18:08.523+0000] {dag.py:3834} INFO - Setting next_dagrun for prediction_dag to 2026-01-03 13:18:00+00:00, run_after=2026-01-03 13:20:00+00:00
[2026-01-03T13:18:08.549+0000] {processor.py:183} INFO - Processing /opt/airflow/dags/prediction_dag.py took 0.123 seconds
[2026-01-03T13:18:39.021+0000] {processor.py:161} INFO - Started process (PID=29465) to work on /opt/airflow/dags/prediction_dag.py
[2026-01-03T13:18:39.024+0000] {processor.py:830} INFO - Processing file /opt/airflow/dags/prediction_dag.py for tasks to queue
[2026-01-03T13:18:39.025+0000] {logging_mixin.py:188} INFO - [2026-01-03T13:18:39.024+0000] {dagbag.py:540} INFO - Filling up the DagBag from /opt/airflow/dags/prediction_dag.py
[2026-01-03T13:18:39.054+0000] {processor.py:840} INFO - DAG(s) 'prediction_dag' retrieved from /opt/airflow/dags/prediction_dag.py
[2026-01-03T13:18:39.104+0000] {logging_mixin.py:188} INFO - [2026-01-03T13:18:39.103+0000] {dag.py:3047} INFO - Sync 1 DAGs
[2026-01-03T13:18:39.136+0000] {logging_mixin.py:188} INFO - [2026-01-03T13:18:39.136+0000] {dag.py:3834} INFO - Setting next_dagrun for prediction_dag to 2026-01-03 13:18:00+00:00, run_after=2026-01-03 13:20:00+00:00
[2026-01-03T13:18:39.156+0000] {processor.py:183} INFO - Processing /opt/airflow/dags/prediction_dag.py took 0.145 seconds
[2026-01-03T13:19:10.232+0000] {processor.py:161} INFO - Started process (PID=29512) to work on /opt/airflow/dags/prediction_dag.py
[2026-01-03T13:19:10.248+0000] {processor.py:830} INFO - Processing file /opt/airflow/dags/prediction_dag.py for tasks to queue
[2026-01-03T13:19:10.258+0000] {logging_mixin.py:188} INFO - [2026-01-03T13:19:10.255+0000] {dagbag.py:540} INFO - Filling up the DagBag from /opt/airflow/dags/prediction_dag.py
[2026-01-03T13:19:10.389+0000] {processor.py:840} INFO - DAG(s) 'prediction_dag' retrieved from /opt/airflow/dags/prediction_dag.py
[2026-01-03T13:19:10.601+0000] {logging_mixin.py:188} INFO - [2026-01-03T13:19:10.600+0000] {dag.py:3047} INFO - Sync 1 DAGs
[2026-01-03T13:19:10.668+0000] {logging_mixin.py:188} INFO - [2026-01-03T13:19:10.667+0000] {dag.py:3834} INFO - Setting next_dagrun for prediction_dag to 2026-01-03 13:18:00+00:00, run_after=2026-01-03 13:20:00+00:00
[2026-01-03T13:19:10.724+0000] {processor.py:183} INFO - Processing /opt/airflow/dags/prediction_dag.py took 0.523 seconds
[2026-01-03T13:19:41.578+0000] {processor.py:161} INFO - Started process (PID=29550) to work on /opt/airflow/dags/prediction_dag.py
[2026-01-03T13:19:41.582+0000] {processor.py:830} INFO - Processing file /opt/airflow/dags/prediction_dag.py for tasks to queue
[2026-01-03T13:19:41.587+0000] {logging_mixin.py:188} INFO - [2026-01-03T13:19:41.584+0000] {dagbag.py:540} INFO - Filling up the DagBag from /opt/airflow/dags/prediction_dag.py
[2026-01-03T13:19:41.634+0000] {processor.py:840} INFO - DAG(s) 'prediction_dag' retrieved from /opt/airflow/dags/prediction_dag.py
[2026-01-03T13:19:41.709+0000] {logging_mixin.py:188} INFO - [2026-01-03T13:19:41.709+0000] {dag.py:3047} INFO - Sync 1 DAGs
[2026-01-03T13:19:41.738+0000] {logging_mixin.py:188} INFO - [2026-01-03T13:19:41.738+0000] {dag.py:3834} INFO - Setting next_dagrun for prediction_dag to 2026-01-03 13:18:00+00:00, run_after=2026-01-03 13:20:00+00:00
[2026-01-03T13:19:41.753+0000] {processor.py:183} INFO - Processing /opt/airflow/dags/prediction_dag.py took 0.192 seconds
[2026-01-03T13:20:12.113+0000] {processor.py:161} INFO - Started process (PID=29636) to work on /opt/airflow/dags/prediction_dag.py
[2026-01-03T13:20:12.117+0000] {processor.py:830} INFO - Processing file /opt/airflow/dags/prediction_dag.py for tasks to queue
[2026-01-03T13:20:12.119+0000] {logging_mixin.py:188} INFO - [2026-01-03T13:20:12.118+0000] {dagbag.py:540} INFO - Filling up the DagBag from /opt/airflow/dags/prediction_dag.py
[2026-01-03T13:20:12.147+0000] {processor.py:840} INFO - DAG(s) 'prediction_dag' retrieved from /opt/airflow/dags/prediction_dag.py
[2026-01-03T13:20:12.202+0000] {logging_mixin.py:188} INFO - [2026-01-03T13:20:12.201+0000] {dag.py:3047} INFO - Sync 1 DAGs
[2026-01-03T13:20:12.221+0000] {logging_mixin.py:188} INFO - [2026-01-03T13:20:12.221+0000] {dag.py:3834} INFO - Setting next_dagrun for prediction_dag to 2026-01-03 13:20:00+00:00, run_after=2026-01-03 13:22:00+00:00
[2026-01-03T13:20:12.236+0000] {processor.py:183} INFO - Processing /opt/airflow/dags/prediction_dag.py took 0.132 seconds
[2026-01-03T13:20:42.683+0000] {processor.py:161} INFO - Started process (PID=29654) to work on /opt/airflow/dags/prediction_dag.py
[2026-01-03T13:20:42.687+0000] {processor.py:830} INFO - Processing file /opt/airflow/dags/prediction_dag.py for tasks to queue
[2026-01-03T13:20:42.689+0000] {logging_mixin.py:188} INFO - [2026-01-03T13:20:42.688+0000] {dagbag.py:540} INFO - Filling up the DagBag from /opt/airflow/dags/prediction_dag.py
[2026-01-03T13:20:42.715+0000] {processor.py:840} INFO - DAG(s) 'prediction_dag' retrieved from /opt/airflow/dags/prediction_dag.py
[2026-01-03T13:20:42.764+0000] {logging_mixin.py:188} INFO - [2026-01-03T13:20:42.764+0000] {dag.py:3047} INFO - Sync 1 DAGs
[2026-01-03T13:20:42.794+0000] {logging_mixin.py:188} INFO - [2026-01-03T13:20:42.794+0000] {dag.py:3834} INFO - Setting next_dagrun for prediction_dag to 2026-01-03 13:20:00+00:00, run_after=2026-01-03 13:22:00+00:00
[2026-01-03T13:20:42.809+0000] {processor.py:183} INFO - Processing /opt/airflow/dags/prediction_dag.py took 0.139 seconds
[2026-01-03T13:21:13.156+0000] {processor.py:161} INFO - Started process (PID=29734) to work on /opt/airflow/dags/prediction_dag.py
[2026-01-03T13:21:13.159+0000] {processor.py:830} INFO - Processing file /opt/airflow/dags/prediction_dag.py for tasks to queue
[2026-01-03T13:21:13.160+0000] {logging_mixin.py:188} INFO - [2026-01-03T13:21:13.160+0000] {dagbag.py:540} INFO - Filling up the DagBag from /opt/airflow/dags/prediction_dag.py
[2026-01-03T13:21:13.188+0000] {processor.py:840} INFO - DAG(s) 'prediction_dag' retrieved from /opt/airflow/dags/prediction_dag.py
[2026-01-03T13:21:13.233+0000] {logging_mixin.py:188} INFO - [2026-01-03T13:21:13.233+0000] {dag.py:3047} INFO - Sync 1 DAGs
[2026-01-03T13:21:13.262+0000] {logging_mixin.py:188} INFO - [2026-01-03T13:21:13.262+0000] {dag.py:3834} INFO - Setting next_dagrun for prediction_dag to 2026-01-03 13:20:00+00:00, run_after=2026-01-03 13:22:00+00:00
[2026-01-03T13:21:13.275+0000] {processor.py:183} INFO - Processing /opt/airflow/dags/prediction_dag.py took 0.129 seconds
[2026-01-03T13:21:43.708+0000] {processor.py:161} INFO - Started process (PID=29752) to work on /opt/airflow/dags/prediction_dag.py
[2026-01-03T13:21:43.711+0000] {processor.py:830} INFO - Processing file /opt/airflow/dags/prediction_dag.py for tasks to queue
[2026-01-03T13:21:43.712+0000] {logging_mixin.py:188} INFO - [2026-01-03T13:21:43.712+0000] {dagbag.py:540} INFO - Filling up the DagBag from /opt/airflow/dags/prediction_dag.py
[2026-01-03T13:21:43.739+0000] {processor.py:840} INFO - DAG(s) 'prediction_dag' retrieved from /opt/airflow/dags/prediction_dag.py
[2026-01-03T13:21:43.789+0000] {logging_mixin.py:188} INFO - [2026-01-03T13:21:43.789+0000] {dag.py:3047} INFO - Sync 1 DAGs
[2026-01-03T13:21:43.817+0000] {logging_mixin.py:188} INFO - [2026-01-03T13:21:43.817+0000] {dag.py:3834} INFO - Setting next_dagrun for prediction_dag to 2026-01-03 13:20:00+00:00, run_after=2026-01-03 13:22:00+00:00
[2026-01-03T13:21:43.830+0000] {processor.py:183} INFO - Processing /opt/airflow/dags/prediction_dag.py took 0.130 seconds
[2026-01-03T13:22:14.280+0000] {processor.py:161} INFO - Started process (PID=29838) to work on /opt/airflow/dags/prediction_dag.py
[2026-01-03T13:22:14.282+0000] {processor.py:830} INFO - Processing file /opt/airflow/dags/prediction_dag.py for tasks to queue
[2026-01-03T13:22:14.284+0000] {logging_mixin.py:188} INFO - [2026-01-03T13:22:14.283+0000] {dagbag.py:540} INFO - Filling up the DagBag from /opt/airflow/dags/prediction_dag.py
[2026-01-03T13:22:14.327+0000] {processor.py:840} INFO - DAG(s) 'prediction_dag' retrieved from /opt/airflow/dags/prediction_dag.py
[2026-01-03T13:22:14.372+0000] {logging_mixin.py:188} INFO - [2026-01-03T13:22:14.371+0000] {dag.py:3047} INFO - Sync 1 DAGs
[2026-01-03T13:22:14.395+0000] {logging_mixin.py:188} INFO - [2026-01-03T13:22:14.395+0000] {dag.py:3834} INFO - Setting next_dagrun for prediction_dag to 2026-01-03 13:22:00+00:00, run_after=2026-01-03 13:24:00+00:00
[2026-01-03T13:22:14.413+0000] {processor.py:183} INFO - Processing /opt/airflow/dags/prediction_dag.py took 0.143 seconds
[2026-01-03T13:22:44.739+0000] {processor.py:161} INFO - Started process (PID=29856) to work on /opt/airflow/dags/prediction_dag.py
[2026-01-03T13:22:44.743+0000] {processor.py:830} INFO - Processing file /opt/airflow/dags/prediction_dag.py for tasks to queue
[2026-01-03T13:22:44.744+0000] {logging_mixin.py:188} INFO - [2026-01-03T13:22:44.743+0000] {dagbag.py:540} INFO - Filling up the DagBag from /opt/airflow/dags/prediction_dag.py
[2026-01-03T13:22:44.775+0000] {processor.py:840} INFO - DAG(s) 'prediction_dag' retrieved from /opt/airflow/dags/prediction_dag.py
[2026-01-03T13:22:44.818+0000] {logging_mixin.py:188} INFO - [2026-01-03T13:22:44.817+0000] {dag.py:3047} INFO - Sync 1 DAGs
[2026-01-03T13:22:44.844+0000] {logging_mixin.py:188} INFO - [2026-01-03T13:22:44.844+0000] {dag.py:3834} INFO - Setting next_dagrun for prediction_dag to 2026-01-03 13:22:00+00:00, run_after=2026-01-03 13:24:00+00:00
[2026-01-03T13:22:44.858+0000] {processor.py:183} INFO - Processing /opt/airflow/dags/prediction_dag.py took 0.127 seconds
[2026-01-03T13:23:15.273+0000] {processor.py:161} INFO - Started process (PID=29936) to work on /opt/airflow/dags/prediction_dag.py
[2026-01-03T13:23:15.275+0000] {processor.py:830} INFO - Processing file /opt/airflow/dags/prediction_dag.py for tasks to queue
[2026-01-03T13:23:15.277+0000] {logging_mixin.py:188} INFO - [2026-01-03T13:23:15.276+0000] {dagbag.py:540} INFO - Filling up the DagBag from /opt/airflow/dags/prediction_dag.py
[2026-01-03T13:23:15.310+0000] {processor.py:840} INFO - DAG(s) 'prediction_dag' retrieved from /opt/airflow/dags/prediction_dag.py
[2026-01-03T13:23:15.351+0000] {logging_mixin.py:188} INFO - [2026-01-03T13:23:15.351+0000] {dag.py:3047} INFO - Sync 1 DAGs
[2026-01-03T13:23:15.381+0000] {logging_mixin.py:188} INFO - [2026-01-03T13:23:15.381+0000] {dag.py:3834} INFO - Setting next_dagrun for prediction_dag to 2026-01-03 13:22:00+00:00, run_after=2026-01-03 13:24:00+00:00
[2026-01-03T13:23:15.396+0000] {processor.py:183} INFO - Processing /opt/airflow/dags/prediction_dag.py took 0.132 seconds
[2026-01-03T13:23:45.737+0000] {processor.py:161} INFO - Started process (PID=29954) to work on /opt/airflow/dags/prediction_dag.py
[2026-01-03T13:23:45.740+0000] {processor.py:830} INFO - Processing file /opt/airflow/dags/prediction_dag.py for tasks to queue
[2026-01-03T13:23:45.746+0000] {logging_mixin.py:188} INFO - [2026-01-03T13:23:45.745+0000] {dagbag.py:540} INFO - Filling up the DagBag from /opt/airflow/dags/prediction_dag.py
[2026-01-03T13:23:45.789+0000] {processor.py:840} INFO - DAG(s) 'prediction_dag' retrieved from /opt/airflow/dags/prediction_dag.py
[2026-01-03T13:23:45.859+0000] {logging_mixin.py:188} INFO - [2026-01-03T13:23:45.859+0000] {dag.py:3047} INFO - Sync 1 DAGs
[2026-01-03T13:23:45.961+0000] {logging_mixin.py:188} INFO - [2026-01-03T13:23:45.961+0000] {dag.py:3834} INFO - Setting next_dagrun for prediction_dag to 2026-01-03 13:22:00+00:00, run_after=2026-01-03 13:24:00+00:00
[2026-01-03T13:23:46.007+0000] {processor.py:183} INFO - Processing /opt/airflow/dags/prediction_dag.py took 0.282 seconds
[2026-01-03T13:24:16.401+0000] {processor.py:161} INFO - Started process (PID=30040) to work on /opt/airflow/dags/prediction_dag.py
[2026-01-03T13:24:16.404+0000] {processor.py:830} INFO - Processing file /opt/airflow/dags/prediction_dag.py for tasks to queue
[2026-01-03T13:24:16.408+0000] {logging_mixin.py:188} INFO - [2026-01-03T13:24:16.406+0000] {dagbag.py:540} INFO - Filling up the DagBag from /opt/airflow/dags/prediction_dag.py
[2026-01-03T13:24:16.442+0000] {processor.py:840} INFO - DAG(s) 'prediction_dag' retrieved from /opt/airflow/dags/prediction_dag.py
[2026-01-03T13:24:16.476+0000] {logging_mixin.py:188} INFO - [2026-01-03T13:24:16.475+0000] {dag.py:3047} INFO - Sync 1 DAGs
[2026-01-03T13:24:16.498+0000] {logging_mixin.py:188} INFO - [2026-01-03T13:24:16.497+0000] {dag.py:3834} INFO - Setting next_dagrun for prediction_dag to 2026-01-03 13:24:00+00:00, run_after=2026-01-03 13:26:00+00:00
[2026-01-03T13:24:16.515+0000] {processor.py:183} INFO - Processing /opt/airflow/dags/prediction_dag.py took 0.122 seconds
[2026-01-03T13:24:46.643+0000] {processor.py:161} INFO - Started process (PID=30058) to work on /opt/airflow/dags/prediction_dag.py
[2026-01-03T13:24:46.647+0000] {processor.py:830} INFO - Processing file /opt/airflow/dags/prediction_dag.py for tasks to queue
[2026-01-03T13:24:46.649+0000] {logging_mixin.py:188} INFO - [2026-01-03T13:24:46.648+0000] {dagbag.py:540} INFO - Filling up the DagBag from /opt/airflow/dags/prediction_dag.py
[2026-01-03T13:24:46.682+0000] {processor.py:840} INFO - DAG(s) 'prediction_dag' retrieved from /opt/airflow/dags/prediction_dag.py
[2026-01-03T13:24:46.732+0000] {logging_mixin.py:188} INFO - [2026-01-03T13:24:46.732+0000] {dag.py:3047} INFO - Sync 1 DAGs
[2026-01-03T13:24:46.762+0000] {logging_mixin.py:188} INFO - [2026-01-03T13:24:46.762+0000] {dag.py:3834} INFO - Setting next_dagrun for prediction_dag to 2026-01-03 13:24:00+00:00, run_after=2026-01-03 13:26:00+00:00
[2026-01-03T13:24:46.777+0000] {processor.py:183} INFO - Processing /opt/airflow/dags/prediction_dag.py took 0.149 seconds
[2026-01-03T13:25:17.111+0000] {processor.py:161} INFO - Started process (PID=30138) to work on /opt/airflow/dags/prediction_dag.py
[2026-01-03T13:25:17.113+0000] {processor.py:830} INFO - Processing file /opt/airflow/dags/prediction_dag.py for tasks to queue
[2026-01-03T13:25:17.115+0000] {logging_mixin.py:188} INFO - [2026-01-03T13:25:17.114+0000] {dagbag.py:540} INFO - Filling up the DagBag from /opt/airflow/dags/prediction_dag.py
[2026-01-03T13:25:17.144+0000] {processor.py:840} INFO - DAG(s) 'prediction_dag' retrieved from /opt/airflow/dags/prediction_dag.py
[2026-01-03T13:25:17.191+0000] {logging_mixin.py:188} INFO - [2026-01-03T13:25:17.191+0000] {dag.py:3047} INFO - Sync 1 DAGs
[2026-01-03T13:25:17.215+0000] {logging_mixin.py:188} INFO - [2026-01-03T13:25:17.215+0000] {dag.py:3834} INFO - Setting next_dagrun for prediction_dag to 2026-01-03 13:24:00+00:00, run_after=2026-01-03 13:26:00+00:00
[2026-01-03T13:25:17.228+0000] {processor.py:183} INFO - Processing /opt/airflow/dags/prediction_dag.py took 0.125 seconds
[2026-01-03T13:25:47.464+0000] {processor.py:161} INFO - Started process (PID=30156) to work on /opt/airflow/dags/prediction_dag.py
[2026-01-03T13:25:47.470+0000] {processor.py:830} INFO - Processing file /opt/airflow/dags/prediction_dag.py for tasks to queue
[2026-01-03T13:25:47.472+0000] {logging_mixin.py:188} INFO - [2026-01-03T13:25:47.471+0000] {dagbag.py:540} INFO - Filling up the DagBag from /opt/airflow/dags/prediction_dag.py
[2026-01-03T13:25:47.511+0000] {processor.py:840} INFO - DAG(s) 'prediction_dag' retrieved from /opt/airflow/dags/prediction_dag.py
[2026-01-03T13:25:47.564+0000] {logging_mixin.py:188} INFO - [2026-01-03T13:25:47.564+0000] {dag.py:3047} INFO - Sync 1 DAGs
[2026-01-03T13:25:47.604+0000] {logging_mixin.py:188} INFO - [2026-01-03T13:25:47.604+0000] {dag.py:3834} INFO - Setting next_dagrun for prediction_dag to 2026-01-03 13:24:00+00:00, run_after=2026-01-03 13:26:00+00:00
[2026-01-03T13:25:47.621+0000] {processor.py:183} INFO - Processing /opt/airflow/dags/prediction_dag.py took 0.166 seconds
[2026-01-03T13:26:18.020+0000] {processor.py:161} INFO - Started process (PID=30242) to work on /opt/airflow/dags/prediction_dag.py
[2026-01-03T13:26:18.023+0000] {processor.py:830} INFO - Processing file /opt/airflow/dags/prediction_dag.py for tasks to queue
[2026-01-03T13:26:18.024+0000] {logging_mixin.py:188} INFO - [2026-01-03T13:26:18.023+0000] {dagbag.py:540} INFO - Filling up the DagBag from /opt/airflow/dags/prediction_dag.py
[2026-01-03T13:26:18.056+0000] {processor.py:840} INFO - DAG(s) 'prediction_dag' retrieved from /opt/airflow/dags/prediction_dag.py
[2026-01-03T13:26:18.098+0000] {logging_mixin.py:188} INFO - [2026-01-03T13:26:18.098+0000] {dag.py:3047} INFO - Sync 1 DAGs
[2026-01-03T13:26:18.126+0000] {logging_mixin.py:188} INFO - [2026-01-03T13:26:18.126+0000] {dag.py:3834} INFO - Setting next_dagrun for prediction_dag to 2026-01-03 13:26:00+00:00, run_after=2026-01-03 13:28:00+00:00
[2026-01-03T13:26:18.138+0000] {processor.py:183} INFO - Processing /opt/airflow/dags/prediction_dag.py took 0.126 seconds
[2026-01-03T13:26:48.441+0000] {processor.py:161} INFO - Started process (PID=30260) to work on /opt/airflow/dags/prediction_dag.py
[2026-01-03T13:26:48.444+0000] {processor.py:830} INFO - Processing file /opt/airflow/dags/prediction_dag.py for tasks to queue
[2026-01-03T13:26:48.445+0000] {logging_mixin.py:188} INFO - [2026-01-03T13:26:48.445+0000] {dagbag.py:540} INFO - Filling up the DagBag from /opt/airflow/dags/prediction_dag.py
[2026-01-03T13:26:48.461+0000] {processor.py:840} INFO - DAG(s) 'prediction_dag' retrieved from /opt/airflow/dags/prediction_dag.py
[2026-01-03T13:26:48.484+0000] {logging_mixin.py:188} INFO - [2026-01-03T13:26:48.484+0000] {dag.py:3047} INFO - Sync 1 DAGs
[2026-01-03T13:26:48.498+0000] {logging_mixin.py:188} INFO - [2026-01-03T13:26:48.498+0000] {dag.py:3834} INFO - Setting next_dagrun for prediction_dag to 2026-01-03 13:26:00+00:00, run_after=2026-01-03 13:28:00+00:00
[2026-01-03T13:26:48.508+0000] {processor.py:183} INFO - Processing /opt/airflow/dags/prediction_dag.py took 0.074 seconds
[2026-01-03T13:27:19.180+0000] {processor.py:161} INFO - Started process (PID=30338) to work on /opt/airflow/dags/prediction_dag.py
[2026-01-03T13:27:19.182+0000] {processor.py:830} INFO - Processing file /opt/airflow/dags/prediction_dag.py for tasks to queue
[2026-01-03T13:27:19.183+0000] {logging_mixin.py:188} INFO - [2026-01-03T13:27:19.182+0000] {dagbag.py:540} INFO - Filling up the DagBag from /opt/airflow/dags/prediction_dag.py
[2026-01-03T13:27:19.209+0000] {processor.py:840} INFO - DAG(s) 'prediction_dag' retrieved from /opt/airflow/dags/prediction_dag.py
[2026-01-03T13:27:19.338+0000] {logging_mixin.py:188} INFO - [2026-01-03T13:27:19.337+0000] {dag.py:3047} INFO - Sync 1 DAGs
[2026-01-03T13:27:19.441+0000] {logging_mixin.py:188} INFO - [2026-01-03T13:27:19.441+0000] {dag.py:3834} INFO - Setting next_dagrun for prediction_dag to 2026-01-03 13:26:00+00:00, run_after=2026-01-03 13:28:00+00:00
[2026-01-03T13:27:19.491+0000] {processor.py:183} INFO - Processing /opt/airflow/dags/prediction_dag.py took 0.316 seconds
[2026-01-03T13:27:49.970+0000] {processor.py:161} INFO - Started process (PID=30345) to work on /opt/airflow/dags/prediction_dag.py
[2026-01-03T13:27:49.975+0000] {processor.py:830} INFO - Processing file /opt/airflow/dags/prediction_dag.py for tasks to queue
[2026-01-03T13:27:49.976+0000] {logging_mixin.py:188} INFO - [2026-01-03T13:27:49.975+0000] {dagbag.py:540} INFO - Filling up the DagBag from /opt/airflow/dags/prediction_dag.py
[2026-01-03T13:27:50.038+0000] {processor.py:840} INFO - DAG(s) 'prediction_dag' retrieved from /opt/airflow/dags/prediction_dag.py
[2026-01-03T13:27:50.090+0000] {logging_mixin.py:188} INFO - [2026-01-03T13:27:50.090+0000] {dag.py:3047} INFO - Sync 1 DAGs
[2026-01-03T13:27:50.118+0000] {logging_mixin.py:188} INFO - [2026-01-03T13:27:50.118+0000] {dag.py:3834} INFO - Setting next_dagrun for prediction_dag to 2026-01-03 13:26:00+00:00, run_after=2026-01-03 13:28:00+00:00
[2026-01-03T13:27:50.133+0000] {processor.py:183} INFO - Processing /opt/airflow/dags/prediction_dag.py took 0.177 seconds
[2026-01-03T13:28:20.524+0000] {processor.py:161} INFO - Started process (PID=30431) to work on /opt/airflow/dags/prediction_dag.py
[2026-01-03T13:28:20.526+0000] {processor.py:830} INFO - Processing file /opt/airflow/dags/prediction_dag.py for tasks to queue
[2026-01-03T13:28:20.527+0000] {logging_mixin.py:188} INFO - [2026-01-03T13:28:20.526+0000] {dagbag.py:540} INFO - Filling up the DagBag from /opt/airflow/dags/prediction_dag.py
[2026-01-03T13:28:20.560+0000] {processor.py:840} INFO - DAG(s) 'prediction_dag' retrieved from /opt/airflow/dags/prediction_dag.py
[2026-01-03T13:28:20.604+0000] {logging_mixin.py:188} INFO - [2026-01-03T13:28:20.604+0000] {dag.py:3047} INFO - Sync 1 DAGs
[2026-01-03T13:28:20.639+0000] {logging_mixin.py:188} INFO - [2026-01-03T13:28:20.639+0000] {dag.py:3834} INFO - Setting next_dagrun for prediction_dag to 2026-01-03 13:28:00+00:00, run_after=2026-01-03 13:30:00+00:00
[2026-01-03T13:28:20.656+0000] {processor.py:183} INFO - Processing /opt/airflow/dags/prediction_dag.py took 0.138 seconds
[2026-01-03T13:28:51.086+0000] {processor.py:161} INFO - Started process (PID=30449) to work on /opt/airflow/dags/prediction_dag.py
[2026-01-03T13:28:51.088+0000] {processor.py:830} INFO - Processing file /opt/airflow/dags/prediction_dag.py for tasks to queue
[2026-01-03T13:28:51.090+0000] {logging_mixin.py:188} INFO - [2026-01-03T13:28:51.089+0000] {dagbag.py:540} INFO - Filling up the DagBag from /opt/airflow/dags/prediction_dag.py
[2026-01-03T13:28:51.126+0000] {processor.py:840} INFO - DAG(s) 'prediction_dag' retrieved from /opt/airflow/dags/prediction_dag.py
[2026-01-03T13:28:51.169+0000] {logging_mixin.py:188} INFO - [2026-01-03T13:28:51.169+0000] {dag.py:3047} INFO - Sync 1 DAGs
[2026-01-03T13:28:51.199+0000] {logging_mixin.py:188} INFO - [2026-01-03T13:28:51.199+0000] {dag.py:3834} INFO - Setting next_dagrun for prediction_dag to 2026-01-03 13:28:00+00:00, run_after=2026-01-03 13:30:00+00:00
[2026-01-03T13:28:51.213+0000] {processor.py:183} INFO - Processing /opt/airflow/dags/prediction_dag.py took 0.134 seconds
[2026-01-03T13:29:21.361+0000] {processor.py:161} INFO - Started process (PID=30529) to work on /opt/airflow/dags/prediction_dag.py
[2026-01-03T13:29:21.364+0000] {processor.py:830} INFO - Processing file /opt/airflow/dags/prediction_dag.py for tasks to queue
[2026-01-03T13:29:21.367+0000] {logging_mixin.py:188} INFO - [2026-01-03T13:29:21.366+0000] {dagbag.py:540} INFO - Filling up the DagBag from /opt/airflow/dags/prediction_dag.py
[2026-01-03T13:29:21.410+0000] {processor.py:840} INFO - DAG(s) 'prediction_dag' retrieved from /opt/airflow/dags/prediction_dag.py
[2026-01-03T13:29:21.470+0000] {logging_mixin.py:188} INFO - [2026-01-03T13:29:21.469+0000] {dag.py:3047} INFO - Sync 1 DAGs
[2026-01-03T13:29:21.503+0000] {logging_mixin.py:188} INFO - [2026-01-03T13:29:21.502+0000] {dag.py:3834} INFO - Setting next_dagrun for prediction_dag to 2026-01-03 13:28:00+00:00, run_after=2026-01-03 13:30:00+00:00
[2026-01-03T13:29:21.518+0000] {processor.py:183} INFO - Processing /opt/airflow/dags/prediction_dag.py took 0.172 seconds
[2026-01-03T13:29:52.070+0000] {processor.py:161} INFO - Started process (PID=30547) to work on /opt/airflow/dags/prediction_dag.py
[2026-01-03T13:29:52.073+0000] {processor.py:830} INFO - Processing file /opt/airflow/dags/prediction_dag.py for tasks to queue
[2026-01-03T13:29:52.074+0000] {logging_mixin.py:188} INFO - [2026-01-03T13:29:52.073+0000] {dagbag.py:540} INFO - Filling up the DagBag from /opt/airflow/dags/prediction_dag.py
[2026-01-03T13:29:52.097+0000] {processor.py:840} INFO - DAG(s) 'prediction_dag' retrieved from /opt/airflow/dags/prediction_dag.py
[2026-01-03T13:29:52.142+0000] {logging_mixin.py:188} INFO - [2026-01-03T13:29:52.142+0000] {dag.py:3047} INFO - Sync 1 DAGs
[2026-01-03T13:29:52.172+0000] {logging_mixin.py:188} INFO - [2026-01-03T13:29:52.172+0000] {dag.py:3834} INFO - Setting next_dagrun for prediction_dag to 2026-01-03 13:28:00+00:00, run_after=2026-01-03 13:30:00+00:00
[2026-01-03T13:29:52.186+0000] {processor.py:183} INFO - Processing /opt/airflow/dags/prediction_dag.py took 0.127 seconds
[2026-01-03T13:30:22.567+0000] {processor.py:161} INFO - Started process (PID=30633) to work on /opt/airflow/dags/prediction_dag.py
[2026-01-03T13:30:22.569+0000] {processor.py:830} INFO - Processing file /opt/airflow/dags/prediction_dag.py for tasks to queue
[2026-01-03T13:30:22.571+0000] {logging_mixin.py:188} INFO - [2026-01-03T13:30:22.570+0000] {dagbag.py:540} INFO - Filling up the DagBag from /opt/airflow/dags/prediction_dag.py
[2026-01-03T13:30:22.602+0000] {processor.py:840} INFO - DAG(s) 'prediction_dag' retrieved from /opt/airflow/dags/prediction_dag.py
[2026-01-03T13:30:22.653+0000] {logging_mixin.py:188} INFO - [2026-01-03T13:30:22.652+0000] {dag.py:3047} INFO - Sync 1 DAGs
[2026-01-03T13:30:22.683+0000] {logging_mixin.py:188} INFO - [2026-01-03T13:30:22.683+0000] {dag.py:3834} INFO - Setting next_dagrun for prediction_dag to 2026-01-03 13:30:00+00:00, run_after=2026-01-03 13:32:00+00:00
[2026-01-03T13:30:22.697+0000] {processor.py:183} INFO - Processing /opt/airflow/dags/prediction_dag.py took 0.145 seconds
[2026-01-03T13:30:53.129+0000] {processor.py:161} INFO - Started process (PID=30651) to work on /opt/airflow/dags/prediction_dag.py
[2026-01-03T13:30:53.132+0000] {processor.py:830} INFO - Processing file /opt/airflow/dags/prediction_dag.py for tasks to queue
[2026-01-03T13:30:53.133+0000] {logging_mixin.py:188} INFO - [2026-01-03T13:30:53.132+0000] {dagbag.py:540} INFO - Filling up the DagBag from /opt/airflow/dags/prediction_dag.py
[2026-01-03T13:30:53.161+0000] {processor.py:840} INFO - DAG(s) 'prediction_dag' retrieved from /opt/airflow/dags/prediction_dag.py
[2026-01-03T13:30:53.201+0000] {logging_mixin.py:188} INFO - [2026-01-03T13:30:53.201+0000] {dag.py:3047} INFO - Sync 1 DAGs
[2026-01-03T13:30:53.229+0000] {logging_mixin.py:188} INFO - [2026-01-03T13:30:53.229+0000] {dag.py:3834} INFO - Setting next_dagrun for prediction_dag to 2026-01-03 13:30:00+00:00, run_after=2026-01-03 13:32:00+00:00
[2026-01-03T13:30:53.247+0000] {processor.py:183} INFO - Processing /opt/airflow/dags/prediction_dag.py took 0.127 seconds
[2026-01-03T13:31:23.791+0000] {processor.py:161} INFO - Started process (PID=30731) to work on /opt/airflow/dags/prediction_dag.py
[2026-01-03T13:31:23.794+0000] {processor.py:830} INFO - Processing file /opt/airflow/dags/prediction_dag.py for tasks to queue
[2026-01-03T13:31:23.796+0000] {logging_mixin.py:188} INFO - [2026-01-03T13:31:23.795+0000] {dagbag.py:540} INFO - Filling up the DagBag from /opt/airflow/dags/prediction_dag.py
[2026-01-03T13:31:23.823+0000] {processor.py:840} INFO - DAG(s) 'prediction_dag' retrieved from /opt/airflow/dags/prediction_dag.py
[2026-01-03T13:31:23.861+0000] {logging_mixin.py:188} INFO - [2026-01-03T13:31:23.861+0000] {dag.py:3047} INFO - Sync 1 DAGs
[2026-01-03T13:31:23.897+0000] {logging_mixin.py:188} INFO - [2026-01-03T13:31:23.896+0000] {dag.py:3834} INFO - Setting next_dagrun for prediction_dag to 2026-01-03 13:30:00+00:00, run_after=2026-01-03 13:32:00+00:00
[2026-01-03T13:31:23.912+0000] {processor.py:183} INFO - Processing /opt/airflow/dags/prediction_dag.py took 0.132 seconds
[2026-01-03T13:31:54.162+0000] {processor.py:161} INFO - Started process (PID=30749) to work on /opt/airflow/dags/prediction_dag.py
[2026-01-03T13:31:54.165+0000] {processor.py:830} INFO - Processing file /opt/airflow/dags/prediction_dag.py for tasks to queue
[2026-01-03T13:31:54.167+0000] {logging_mixin.py:188} INFO - [2026-01-03T13:31:54.166+0000] {dagbag.py:540} INFO - Filling up the DagBag from /opt/airflow/dags/prediction_dag.py
[2026-01-03T13:31:54.199+0000] {processor.py:840} INFO - DAG(s) 'prediction_dag' retrieved from /opt/airflow/dags/prediction_dag.py
[2026-01-03T13:31:54.252+0000] {logging_mixin.py:188} INFO - [2026-01-03T13:31:54.252+0000] {dag.py:3047} INFO - Sync 1 DAGs
[2026-01-03T13:31:54.284+0000] {logging_mixin.py:188} INFO - [2026-01-03T13:31:54.284+0000] {dag.py:3834} INFO - Setting next_dagrun for prediction_dag to 2026-01-03 13:30:00+00:00, run_after=2026-01-03 13:32:00+00:00
[2026-01-03T13:31:54.298+0000] {processor.py:183} INFO - Processing /opt/airflow/dags/prediction_dag.py took 0.154 seconds
[2026-01-03T13:32:25.020+0000] {processor.py:161} INFO - Started process (PID=30835) to work on /opt/airflow/dags/prediction_dag.py
[2026-01-03T13:32:25.023+0000] {processor.py:830} INFO - Processing file /opt/airflow/dags/prediction_dag.py for tasks to queue
[2026-01-03T13:32:25.025+0000] {logging_mixin.py:188} INFO - [2026-01-03T13:32:25.024+0000] {dagbag.py:540} INFO - Filling up the DagBag from /opt/airflow/dags/prediction_dag.py
[2026-01-03T13:32:25.182+0000] {processor.py:840} INFO - DAG(s) 'prediction_dag' retrieved from /opt/airflow/dags/prediction_dag.py
[2026-01-03T13:32:25.294+0000] {logging_mixin.py:188} INFO - [2026-01-03T13:32:25.293+0000] {dag.py:3047} INFO - Sync 1 DAGs
[2026-01-03T13:32:25.359+0000] {logging_mixin.py:188} INFO - [2026-01-03T13:32:25.359+0000] {dag.py:3834} INFO - Setting next_dagrun for prediction_dag to 2026-01-03 13:32:00+00:00, run_after=2026-01-03 13:34:00+00:00
[2026-01-03T13:32:25.398+0000] {processor.py:183} INFO - Processing /opt/airflow/dags/prediction_dag.py took 0.387 seconds
[2026-01-03T13:32:55.871+0000] {processor.py:161} INFO - Started process (PID=30853) to work on /opt/airflow/dags/prediction_dag.py
[2026-01-03T13:32:55.874+0000] {processor.py:830} INFO - Processing file /opt/airflow/dags/prediction_dag.py for tasks to queue
[2026-01-03T13:32:55.876+0000] {logging_mixin.py:188} INFO - [2026-01-03T13:32:55.875+0000] {dagbag.py:540} INFO - Filling up the DagBag from /opt/airflow/dags/prediction_dag.py
[2026-01-03T13:32:55.907+0000] {processor.py:840} INFO - DAG(s) 'prediction_dag' retrieved from /opt/airflow/dags/prediction_dag.py
[2026-01-03T13:32:55.963+0000] {logging_mixin.py:188} INFO - [2026-01-03T13:32:55.963+0000] {dag.py:3047} INFO - Sync 1 DAGs
[2026-01-03T13:32:56.005+0000] {logging_mixin.py:188} INFO - [2026-01-03T13:32:56.005+0000] {dag.py:3834} INFO - Setting next_dagrun for prediction_dag to 2026-01-03 13:32:00+00:00, run_after=2026-01-03 13:34:00+00:00
[2026-01-03T13:32:56.024+0000] {processor.py:183} INFO - Processing /opt/airflow/dags/prediction_dag.py took 0.174 seconds
[2026-01-03T13:33:26.572+0000] {processor.py:161} INFO - Started process (PID=30933) to work on /opt/airflow/dags/prediction_dag.py
[2026-01-03T13:33:26.575+0000] {processor.py:830} INFO - Processing file /opt/airflow/dags/prediction_dag.py for tasks to queue
[2026-01-03T13:33:26.576+0000] {logging_mixin.py:188} INFO - [2026-01-03T13:33:26.576+0000] {dagbag.py:540} INFO - Filling up the DagBag from /opt/airflow/dags/prediction_dag.py
[2026-01-03T13:33:26.612+0000] {processor.py:840} INFO - DAG(s) 'prediction_dag' retrieved from /opt/airflow/dags/prediction_dag.py
[2026-01-03T13:33:26.664+0000] {logging_mixin.py:188} INFO - [2026-01-03T13:33:26.664+0000] {dag.py:3047} INFO - Sync 1 DAGs
[2026-01-03T13:33:26.712+0000] {logging_mixin.py:188} INFO - [2026-01-03T13:33:26.712+0000] {dag.py:3834} INFO - Setting next_dagrun for prediction_dag to 2026-01-03 13:32:00+00:00, run_after=2026-01-03 13:34:00+00:00
[2026-01-03T13:33:26.731+0000] {processor.py:183} INFO - Processing /opt/airflow/dags/prediction_dag.py took 0.169 seconds
[2026-01-03T13:33:57.286+0000] {processor.py:161} INFO - Started process (PID=30951) to work on /opt/airflow/dags/prediction_dag.py
[2026-01-03T13:33:57.288+0000] {processor.py:830} INFO - Processing file /opt/airflow/dags/prediction_dag.py for tasks to queue
[2026-01-03T13:33:57.289+0000] {logging_mixin.py:188} INFO - [2026-01-03T13:33:57.288+0000] {dagbag.py:540} INFO - Filling up the DagBag from /opt/airflow/dags/prediction_dag.py
[2026-01-03T13:33:57.316+0000] {processor.py:840} INFO - DAG(s) 'prediction_dag' retrieved from /opt/airflow/dags/prediction_dag.py
[2026-01-03T13:33:57.368+0000] {logging_mixin.py:188} INFO - [2026-01-03T13:33:57.368+0000] {dag.py:3047} INFO - Sync 1 DAGs
[2026-01-03T13:33:57.395+0000] {logging_mixin.py:188} INFO - [2026-01-03T13:33:57.395+0000] {dag.py:3834} INFO - Setting next_dagrun for prediction_dag to 2026-01-03 13:32:00+00:00, run_after=2026-01-03 13:34:00+00:00
[2026-01-03T13:33:57.416+0000] {processor.py:183} INFO - Processing /opt/airflow/dags/prediction_dag.py took 0.140 seconds
[2026-01-03T13:34:27.945+0000] {processor.py:161} INFO - Started process (PID=31037) to work on /opt/airflow/dags/prediction_dag.py
[2026-01-03T13:34:27.950+0000] {processor.py:830} INFO - Processing file /opt/airflow/dags/prediction_dag.py for tasks to queue
[2026-01-03T13:34:27.954+0000] {logging_mixin.py:188} INFO - [2026-01-03T13:34:27.953+0000] {dagbag.py:540} INFO - Filling up the DagBag from /opt/airflow/dags/prediction_dag.py
[2026-01-03T13:34:28.008+0000] {processor.py:840} INFO - DAG(s) 'prediction_dag' retrieved from /opt/airflow/dags/prediction_dag.py
[2026-01-03T13:34:28.057+0000] {logging_mixin.py:188} INFO - [2026-01-03T13:34:28.057+0000] {dag.py:3047} INFO - Sync 1 DAGs
[2026-01-03T13:34:28.090+0000] {logging_mixin.py:188} INFO - [2026-01-03T13:34:28.089+0000] {dag.py:3834} INFO - Setting next_dagrun for prediction_dag to 2026-01-03 13:34:00+00:00, run_after=2026-01-03 13:36:00+00:00
[2026-01-03T13:34:28.105+0000] {processor.py:183} INFO - Processing /opt/airflow/dags/prediction_dag.py took 0.168 seconds
[2026-01-03T13:34:58.510+0000] {processor.py:161} INFO - Started process (PID=31055) to work on /opt/airflow/dags/prediction_dag.py
[2026-01-03T13:34:58.512+0000] {processor.py:830} INFO - Processing file /opt/airflow/dags/prediction_dag.py for tasks to queue
[2026-01-03T13:34:58.514+0000] {logging_mixin.py:188} INFO - [2026-01-03T13:34:58.513+0000] {dagbag.py:540} INFO - Filling up the DagBag from /opt/airflow/dags/prediction_dag.py
[2026-01-03T13:34:58.541+0000] {processor.py:840} INFO - DAG(s) 'prediction_dag' retrieved from /opt/airflow/dags/prediction_dag.py
[2026-01-03T13:34:58.577+0000] {logging_mixin.py:188} INFO - [2026-01-03T13:34:58.577+0000] {dag.py:3047} INFO - Sync 1 DAGs
[2026-01-03T13:34:58.607+0000] {logging_mixin.py:188} INFO - [2026-01-03T13:34:58.607+0000] {dag.py:3834} INFO - Setting next_dagrun for prediction_dag to 2026-01-03 13:34:00+00:00, run_after=2026-01-03 13:36:00+00:00
[2026-01-03T13:34:58.620+0000] {processor.py:183} INFO - Processing /opt/airflow/dags/prediction_dag.py took 0.124 seconds
[2026-01-03T13:35:29.304+0000] {processor.py:161} INFO - Started process (PID=31126) to work on /opt/airflow/dags/prediction_dag.py
[2026-01-03T13:35:29.305+0000] {processor.py:830} INFO - Processing file /opt/airflow/dags/prediction_dag.py for tasks to queue
[2026-01-03T13:35:29.306+0000] {logging_mixin.py:188} INFO - [2026-01-03T13:35:29.306+0000] {dagbag.py:540} INFO - Filling up the DagBag from /opt/airflow/dags/prediction_dag.py
[2026-01-03T13:35:29.322+0000] {processor.py:840} INFO - DAG(s) 'prediction_dag' retrieved from /opt/airflow/dags/prediction_dag.py
[2026-01-03T13:35:29.400+0000] {logging_mixin.py:188} INFO - [2026-01-03T13:35:29.400+0000] {dag.py:3047} INFO - Sync 1 DAGs
[2026-01-03T13:35:29.427+0000] {logging_mixin.py:188} INFO - [2026-01-03T13:35:29.427+0000] {dag.py:3834} INFO - Setting next_dagrun for prediction_dag to 2026-01-03 13:34:00+00:00, run_after=2026-01-03 13:36:00+00:00
[2026-01-03T13:35:29.444+0000] {processor.py:183} INFO - Processing /opt/airflow/dags/prediction_dag.py took 0.143 seconds
[2026-01-03T13:35:59.869+0000] {processor.py:161} INFO - Started process (PID=31140) to work on /opt/airflow/dags/prediction_dag.py
[2026-01-03T13:35:59.872+0000] {processor.py:830} INFO - Processing file /opt/airflow/dags/prediction_dag.py for tasks to queue
[2026-01-03T13:35:59.873+0000] {logging_mixin.py:188} INFO - [2026-01-03T13:35:59.873+0000] {dagbag.py:540} INFO - Filling up the DagBag from /opt/airflow/dags/prediction_dag.py
[2026-01-03T13:35:59.905+0000] {processor.py:840} INFO - DAG(s) 'prediction_dag' retrieved from /opt/airflow/dags/prediction_dag.py
[2026-01-03T13:35:59.957+0000] {logging_mixin.py:188} INFO - [2026-01-03T13:35:59.957+0000] {dag.py:3047} INFO - Sync 1 DAGs
[2026-01-03T13:35:59.989+0000] {logging_mixin.py:188} INFO - [2026-01-03T13:35:59.988+0000] {dag.py:3834} INFO - Setting next_dagrun for prediction_dag to 2026-01-03 13:34:00+00:00, run_after=2026-01-03 13:36:00+00:00
[2026-01-03T13:36:00.010+0000] {processor.py:183} INFO - Processing /opt/airflow/dags/prediction_dag.py took 0.158 seconds
[2026-01-03T13:36:30.611+0000] {processor.py:161} INFO - Started process (PID=31226) to work on /opt/airflow/dags/prediction_dag.py
[2026-01-03T13:36:30.613+0000] {processor.py:830} INFO - Processing file /opt/airflow/dags/prediction_dag.py for tasks to queue
[2026-01-03T13:36:30.614+0000] {logging_mixin.py:188} INFO - [2026-01-03T13:36:30.613+0000] {dagbag.py:540} INFO - Filling up the DagBag from /opt/airflow/dags/prediction_dag.py
[2026-01-03T13:36:30.643+0000] {processor.py:840} INFO - DAG(s) 'prediction_dag' retrieved from /opt/airflow/dags/prediction_dag.py
[2026-01-03T13:36:30.695+0000] {logging_mixin.py:188} INFO - [2026-01-03T13:36:30.695+0000] {dag.py:3047} INFO - Sync 1 DAGs
[2026-01-03T13:36:30.726+0000] {logging_mixin.py:188} INFO - [2026-01-03T13:36:30.726+0000] {dag.py:3834} INFO - Setting next_dagrun for prediction_dag to 2026-01-03 13:36:00+00:00, run_after=2026-01-03 13:38:00+00:00
[2026-01-03T13:36:30.744+0000] {processor.py:183} INFO - Processing /opt/airflow/dags/prediction_dag.py took 0.144 seconds
[2026-01-03T13:37:01.101+0000] {processor.py:161} INFO - Started process (PID=31245) to work on /opt/airflow/dags/prediction_dag.py
[2026-01-03T13:37:01.105+0000] {processor.py:830} INFO - Processing file /opt/airflow/dags/prediction_dag.py for tasks to queue
[2026-01-03T13:37:01.106+0000] {logging_mixin.py:188} INFO - [2026-01-03T13:37:01.106+0000] {dagbag.py:540} INFO - Filling up the DagBag from /opt/airflow/dags/prediction_dag.py
[2026-01-03T13:37:01.125+0000] {processor.py:840} INFO - DAG(s) 'prediction_dag' retrieved from /opt/airflow/dags/prediction_dag.py
[2026-01-03T13:37:01.158+0000] {logging_mixin.py:188} INFO - [2026-01-03T13:37:01.157+0000] {dag.py:3047} INFO - Sync 1 DAGs
[2026-01-03T13:37:01.186+0000] {logging_mixin.py:188} INFO - [2026-01-03T13:37:01.186+0000] {dag.py:3834} INFO - Setting next_dagrun for prediction_dag to 2026-01-03 13:36:00+00:00, run_after=2026-01-03 13:38:00+00:00
[2026-01-03T13:37:01.202+0000] {processor.py:183} INFO - Processing /opt/airflow/dags/prediction_dag.py took 0.106 seconds
[2026-01-03T13:37:31.694+0000] {processor.py:161} INFO - Started process (PID=31324) to work on /opt/airflow/dags/prediction_dag.py
[2026-01-03T13:37:31.700+0000] {processor.py:830} INFO - Processing file /opt/airflow/dags/prediction_dag.py for tasks to queue
[2026-01-03T13:37:31.703+0000] {logging_mixin.py:188} INFO - [2026-01-03T13:37:31.702+0000] {dagbag.py:540} INFO - Filling up the DagBag from /opt/airflow/dags/prediction_dag.py
[2026-01-03T13:37:31.731+0000] {processor.py:840} INFO - DAG(s) 'prediction_dag' retrieved from /opt/airflow/dags/prediction_dag.py
[2026-01-03T13:37:31.778+0000] {logging_mixin.py:188} INFO - [2026-01-03T13:37:31.777+0000] {dag.py:3047} INFO - Sync 1 DAGs
[2026-01-03T13:37:31.808+0000] {logging_mixin.py:188} INFO - [2026-01-03T13:37:31.807+0000] {dag.py:3834} INFO - Setting next_dagrun for prediction_dag to 2026-01-03 13:36:00+00:00, run_after=2026-01-03 13:38:00+00:00
[2026-01-03T13:37:31.826+0000] {processor.py:183} INFO - Processing /opt/airflow/dags/prediction_dag.py took 0.141 seconds
[2026-01-03T13:38:02.149+0000] {processor.py:161} INFO - Started process (PID=31347) to work on /opt/airflow/dags/prediction_dag.py
[2026-01-03T13:38:02.152+0000] {processor.py:830} INFO - Processing file /opt/airflow/dags/prediction_dag.py for tasks to queue
[2026-01-03T13:38:02.155+0000] {logging_mixin.py:188} INFO - [2026-01-03T13:38:02.154+0000] {dagbag.py:540} INFO - Filling up the DagBag from /opt/airflow/dags/prediction_dag.py
[2026-01-03T13:38:02.189+0000] {processor.py:840} INFO - DAG(s) 'prediction_dag' retrieved from /opt/airflow/dags/prediction_dag.py
[2026-01-03T13:38:02.255+0000] {logging_mixin.py:188} INFO - [2026-01-03T13:38:02.255+0000] {dag.py:3047} INFO - Sync 1 DAGs
[2026-01-03T13:38:02.282+0000] {logging_mixin.py:188} INFO - [2026-01-03T13:38:02.282+0000] {dag.py:3834} INFO - Setting next_dagrun for prediction_dag to 2026-01-03 13:38:00+00:00, run_after=2026-01-03 13:40:00+00:00
[2026-01-03T13:38:02.300+0000] {processor.py:183} INFO - Processing /opt/airflow/dags/prediction_dag.py took 0.154 seconds
[2026-01-03T13:38:32.656+0000] {processor.py:161} INFO - Started process (PID=31428) to work on /opt/airflow/dags/prediction_dag.py
[2026-01-03T13:38:32.659+0000] {processor.py:830} INFO - Processing file /opt/airflow/dags/prediction_dag.py for tasks to queue
[2026-01-03T13:38:32.660+0000] {logging_mixin.py:188} INFO - [2026-01-03T13:38:32.659+0000] {dagbag.py:540} INFO - Filling up the DagBag from /opt/airflow/dags/prediction_dag.py
[2026-01-03T13:38:32.689+0000] {processor.py:840} INFO - DAG(s) 'prediction_dag' retrieved from /opt/airflow/dags/prediction_dag.py
[2026-01-03T13:38:32.741+0000] {logging_mixin.py:188} INFO - [2026-01-03T13:38:32.741+0000] {dag.py:3047} INFO - Sync 1 DAGs
[2026-01-03T13:38:32.772+0000] {logging_mixin.py:188} INFO - [2026-01-03T13:38:32.772+0000] {dag.py:3834} INFO - Setting next_dagrun for prediction_dag to 2026-01-03 13:38:00+00:00, run_after=2026-01-03 13:40:00+00:00
[2026-01-03T13:38:32.787+0000] {processor.py:183} INFO - Processing /opt/airflow/dags/prediction_dag.py took 0.144 seconds
[2026-01-03T13:39:03.159+0000] {processor.py:161} INFO - Started process (PID=31455) to work on /opt/airflow/dags/prediction_dag.py
[2026-01-03T13:39:03.161+0000] {processor.py:830} INFO - Processing file /opt/airflow/dags/prediction_dag.py for tasks to queue
[2026-01-03T13:39:03.162+0000] {logging_mixin.py:188} INFO - [2026-01-03T13:39:03.161+0000] {dagbag.py:540} INFO - Filling up the DagBag from /opt/airflow/dags/prediction_dag.py
[2026-01-03T13:39:03.187+0000] {processor.py:840} INFO - DAG(s) 'prediction_dag' retrieved from /opt/airflow/dags/prediction_dag.py
[2026-01-03T13:39:03.228+0000] {logging_mixin.py:188} INFO - [2026-01-03T13:39:03.228+0000] {dag.py:3047} INFO - Sync 1 DAGs
[2026-01-03T13:39:03.257+0000] {logging_mixin.py:188} INFO - [2026-01-03T13:39:03.256+0000] {dag.py:3834} INFO - Setting next_dagrun for prediction_dag to 2026-01-03 13:38:00+00:00, run_after=2026-01-03 13:40:00+00:00
[2026-01-03T13:39:03.270+0000] {processor.py:183} INFO - Processing /opt/airflow/dags/prediction_dag.py took 0.121 seconds
[2026-01-03T13:39:33.943+0000] {processor.py:161} INFO - Started process (PID=31526) to work on /opt/airflow/dags/prediction_dag.py
[2026-01-03T13:39:33.946+0000] {processor.py:830} INFO - Processing file /opt/airflow/dags/prediction_dag.py for tasks to queue
[2026-01-03T13:39:33.947+0000] {logging_mixin.py:188} INFO - [2026-01-03T13:39:33.946+0000] {dagbag.py:540} INFO - Filling up the DagBag from /opt/airflow/dags/prediction_dag.py
[2026-01-03T13:39:33.976+0000] {processor.py:840} INFO - DAG(s) 'prediction_dag' retrieved from /opt/airflow/dags/prediction_dag.py
[2026-01-03T13:39:34.023+0000] {logging_mixin.py:188} INFO - [2026-01-03T13:39:34.023+0000] {dag.py:3047} INFO - Sync 1 DAGs
[2026-01-03T13:39:34.053+0000] {logging_mixin.py:188} INFO - [2026-01-03T13:39:34.053+0000] {dag.py:3834} INFO - Setting next_dagrun for prediction_dag to 2026-01-03 13:38:00+00:00, run_after=2026-01-03 13:40:00+00:00
[2026-01-03T13:39:34.069+0000] {processor.py:183} INFO - Processing /opt/airflow/dags/prediction_dag.py took 0.141 seconds
[2026-01-03T13:40:04.285+0000] {processor.py:161} INFO - Started process (PID=31560) to work on /opt/airflow/dags/prediction_dag.py
[2026-01-03T13:40:04.286+0000] {processor.py:830} INFO - Processing file /opt/airflow/dags/prediction_dag.py for tasks to queue
[2026-01-03T13:40:04.287+0000] {logging_mixin.py:188} INFO - [2026-01-03T13:40:04.287+0000] {dagbag.py:540} INFO - Filling up the DagBag from /opt/airflow/dags/prediction_dag.py
[2026-01-03T13:40:04.310+0000] {processor.py:840} INFO - DAG(s) 'prediction_dag' retrieved from /opt/airflow/dags/prediction_dag.py
[2026-01-03T13:40:04.347+0000] {logging_mixin.py:188} INFO - [2026-01-03T13:40:04.347+0000] {dag.py:3047} INFO - Sync 1 DAGs
[2026-01-03T13:40:04.379+0000] {logging_mixin.py:188} INFO - [2026-01-03T13:40:04.378+0000] {dag.py:3834} INFO - Setting next_dagrun for prediction_dag to 2026-01-03 13:40:00+00:00, run_after=2026-01-03 13:42:00+00:00
[2026-01-03T13:40:04.728+0000] {processor.py:183} INFO - Processing /opt/airflow/dags/prediction_dag.py took 0.449 seconds
[2026-01-03T13:40:35.123+0000] {processor.py:161} INFO - Started process (PID=31630) to work on /opt/airflow/dags/prediction_dag.py
[2026-01-03T13:40:35.126+0000] {processor.py:830} INFO - Processing file /opt/airflow/dags/prediction_dag.py for tasks to queue
[2026-01-03T13:40:35.128+0000] {logging_mixin.py:188} INFO - [2026-01-03T13:40:35.127+0000] {dagbag.py:540} INFO - Filling up the DagBag from /opt/airflow/dags/prediction_dag.py
[2026-01-03T13:40:35.170+0000] {processor.py:840} INFO - DAG(s) 'prediction_dag' retrieved from /opt/airflow/dags/prediction_dag.py
[2026-01-03T13:40:35.258+0000] {logging_mixin.py:188} INFO - [2026-01-03T13:40:35.257+0000] {dag.py:3047} INFO - Sync 1 DAGs
[2026-01-03T13:40:35.296+0000] {logging_mixin.py:188} INFO - [2026-01-03T13:40:35.296+0000] {dag.py:3834} INFO - Setting next_dagrun for prediction_dag to 2026-01-03 13:40:00+00:00, run_after=2026-01-03 13:42:00+00:00
[2026-01-03T13:40:35.313+0000] {processor.py:183} INFO - Processing /opt/airflow/dags/prediction_dag.py took 0.201 seconds
[2026-01-03T13:41:05.629+0000] {processor.py:161} INFO - Started process (PID=31669) to work on /opt/airflow/dags/prediction_dag.py
[2026-01-03T13:41:05.632+0000] {processor.py:830} INFO - Processing file /opt/airflow/dags/prediction_dag.py for tasks to queue
[2026-01-03T13:41:05.635+0000] {logging_mixin.py:188} INFO - [2026-01-03T13:41:05.634+0000] {dagbag.py:540} INFO - Filling up the DagBag from /opt/airflow/dags/prediction_dag.py
[2026-01-03T13:41:05.659+0000] {processor.py:840} INFO - DAG(s) 'prediction_dag' retrieved from /opt/airflow/dags/prediction_dag.py
[2026-01-03T13:41:05.698+0000] {logging_mixin.py:188} INFO - [2026-01-03T13:41:05.698+0000] {dag.py:3047} INFO - Sync 1 DAGs
[2026-01-03T13:41:05.731+0000] {logging_mixin.py:188} INFO - [2026-01-03T13:41:05.731+0000] {dag.py:3834} INFO - Setting next_dagrun for prediction_dag to 2026-01-03 13:40:00+00:00, run_after=2026-01-03 13:42:00+00:00
[2026-01-03T13:41:05.745+0000] {processor.py:183} INFO - Processing /opt/airflow/dags/prediction_dag.py took 0.124 seconds
[2026-01-03T13:41:35.863+0000] {processor.py:161} INFO - Started process (PID=31728) to work on /opt/airflow/dags/prediction_dag.py
[2026-01-03T13:41:35.865+0000] {processor.py:830} INFO - Processing file /opt/airflow/dags/prediction_dag.py for tasks to queue
[2026-01-03T13:41:35.867+0000] {logging_mixin.py:188} INFO - [2026-01-03T13:41:35.866+0000] {dagbag.py:540} INFO - Filling up the DagBag from /opt/airflow/dags/prediction_dag.py
[2026-01-03T13:41:35.901+0000] {processor.py:840} INFO - DAG(s) 'prediction_dag' retrieved from /opt/airflow/dags/prediction_dag.py
[2026-01-03T13:41:35.960+0000] {logging_mixin.py:188} INFO - [2026-01-03T13:41:35.960+0000] {dag.py:3047} INFO - Sync 1 DAGs
[2026-01-03T13:41:35.992+0000] {logging_mixin.py:188} INFO - [2026-01-03T13:41:35.992+0000] {dag.py:3834} INFO - Setting next_dagrun for prediction_dag to 2026-01-03 13:40:00+00:00, run_after=2026-01-03 13:42:00+00:00
[2026-01-03T13:41:36.012+0000] {processor.py:183} INFO - Processing /opt/airflow/dags/prediction_dag.py took 0.158 seconds
[2026-01-03T13:42:06.332+0000] {processor.py:161} INFO - Started process (PID=31772) to work on /opt/airflow/dags/prediction_dag.py
[2026-01-03T13:42:06.334+0000] {processor.py:830} INFO - Processing file /opt/airflow/dags/prediction_dag.py for tasks to queue
[2026-01-03T13:42:06.335+0000] {logging_mixin.py:188} INFO - [2026-01-03T13:42:06.334+0000] {dagbag.py:540} INFO - Filling up the DagBag from /opt/airflow/dags/prediction_dag.py
[2026-01-03T13:42:06.359+0000] {processor.py:840} INFO - DAG(s) 'prediction_dag' retrieved from /opt/airflow/dags/prediction_dag.py
[2026-01-03T13:42:06.398+0000] {logging_mixin.py:188} INFO - [2026-01-03T13:42:06.397+0000] {dag.py:3047} INFO - Sync 1 DAGs
[2026-01-03T13:42:06.436+0000] {logging_mixin.py:188} INFO - [2026-01-03T13:42:06.436+0000] {dag.py:3834} INFO - Setting next_dagrun for prediction_dag to 2026-01-03 13:42:00+00:00, run_after=2026-01-03 13:44:00+00:00
[2026-01-03T13:42:06.453+0000] {processor.py:183} INFO - Processing /opt/airflow/dags/prediction_dag.py took 0.126 seconds
[2026-01-03T13:42:36.605+0000] {processor.py:161} INFO - Started process (PID=31832) to work on /opt/airflow/dags/prediction_dag.py
[2026-01-03T13:42:36.606+0000] {processor.py:830} INFO - Processing file /opt/airflow/dags/prediction_dag.py for tasks to queue
[2026-01-03T13:42:36.607+0000] {logging_mixin.py:188} INFO - [2026-01-03T13:42:36.607+0000] {dagbag.py:540} INFO - Filling up the DagBag from /opt/airflow/dags/prediction_dag.py
[2026-01-03T13:42:36.617+0000] {processor.py:840} INFO - DAG(s) 'prediction_dag' retrieved from /opt/airflow/dags/prediction_dag.py
[2026-01-03T13:42:36.636+0000] {logging_mixin.py:188} INFO - [2026-01-03T13:42:36.636+0000] {dag.py:3047} INFO - Sync 1 DAGs
[2026-01-03T13:42:36.650+0000] {logging_mixin.py:188} INFO - [2026-01-03T13:42:36.650+0000] {dag.py:3834} INFO - Setting next_dagrun for prediction_dag to 2026-01-03 13:42:00+00:00, run_after=2026-01-03 13:44:00+00:00
[2026-01-03T13:42:36.768+0000] {processor.py:183} INFO - Processing /opt/airflow/dags/prediction_dag.py took 0.166 seconds
[2026-01-03T13:43:06.997+0000] {processor.py:161} INFO - Started process (PID=31871) to work on /opt/airflow/dags/prediction_dag.py
[2026-01-03T13:43:06.998+0000] {processor.py:830} INFO - Processing file /opt/airflow/dags/prediction_dag.py for tasks to queue
[2026-01-03T13:43:06.999+0000] {logging_mixin.py:188} INFO - [2026-01-03T13:43:06.998+0000] {dagbag.py:540} INFO - Filling up the DagBag from /opt/airflow/dags/prediction_dag.py
[2026-01-03T13:43:07.022+0000] {processor.py:840} INFO - DAG(s) 'prediction_dag' retrieved from /opt/airflow/dags/prediction_dag.py
[2026-01-03T13:43:07.065+0000] {logging_mixin.py:188} INFO - [2026-01-03T13:43:07.064+0000] {dag.py:3047} INFO - Sync 1 DAGs
[2026-01-03T13:43:07.092+0000] {logging_mixin.py:188} INFO - [2026-01-03T13:43:07.092+0000] {dag.py:3834} INFO - Setting next_dagrun for prediction_dag to 2026-01-03 13:42:00+00:00, run_after=2026-01-03 13:44:00+00:00
[2026-01-03T13:43:07.110+0000] {processor.py:183} INFO - Processing /opt/airflow/dags/prediction_dag.py took 0.116 seconds
[2026-01-03T13:43:37.496+0000] {processor.py:161} INFO - Started process (PID=31917) to work on /opt/airflow/dags/prediction_dag.py
[2026-01-03T13:43:37.498+0000] {processor.py:830} INFO - Processing file /opt/airflow/dags/prediction_dag.py for tasks to queue
[2026-01-03T13:43:37.499+0000] {logging_mixin.py:188} INFO - [2026-01-03T13:43:37.499+0000] {dagbag.py:540} INFO - Filling up the DagBag from /opt/airflow/dags/prediction_dag.py
[2026-01-03T13:43:37.540+0000] {processor.py:840} INFO - DAG(s) 'prediction_dag' retrieved from /opt/airflow/dags/prediction_dag.py
[2026-01-03T13:43:37.589+0000] {logging_mixin.py:188} INFO - [2026-01-03T13:43:37.589+0000] {dag.py:3047} INFO - Sync 1 DAGs
[2026-01-03T13:43:37.618+0000] {logging_mixin.py:188} INFO - [2026-01-03T13:43:37.618+0000] {dag.py:3834} INFO - Setting next_dagrun for prediction_dag to 2026-01-03 13:42:00+00:00, run_after=2026-01-03 13:44:00+00:00
[2026-01-03T13:43:37.636+0000] {processor.py:183} INFO - Processing /opt/airflow/dags/prediction_dag.py took 0.152 seconds
[2026-01-03T13:44:07.947+0000] {processor.py:161} INFO - Started process (PID=31962) to work on /opt/airflow/dags/prediction_dag.py
[2026-01-03T13:44:07.950+0000] {processor.py:830} INFO - Processing file /opt/airflow/dags/prediction_dag.py for tasks to queue
[2026-01-03T13:44:07.957+0000] {logging_mixin.py:188} INFO - [2026-01-03T13:44:07.953+0000] {dagbag.py:540} INFO - Filling up the DagBag from /opt/airflow/dags/prediction_dag.py
[2026-01-03T13:44:08.016+0000] {processor.py:840} INFO - DAG(s) 'prediction_dag' retrieved from /opt/airflow/dags/prediction_dag.py
[2026-01-03T13:44:08.110+0000] {logging_mixin.py:188} INFO - [2026-01-03T13:44:08.110+0000] {dag.py:3047} INFO - Sync 1 DAGs
[2026-01-03T13:44:08.148+0000] {logging_mixin.py:188} INFO - [2026-01-03T13:44:08.147+0000] {dag.py:3834} INFO - Setting next_dagrun for prediction_dag to 2026-01-03 13:44:00+00:00, run_after=2026-01-03 13:46:00+00:00
[2026-01-03T13:44:08.432+0000] {processor.py:183} INFO - Processing /opt/airflow/dags/prediction_dag.py took 0.499 seconds
[2026-01-03T13:44:38.656+0000] {processor.py:161} INFO - Started process (PID=32021) to work on /opt/airflow/dags/prediction_dag.py
[2026-01-03T13:44:38.659+0000] {processor.py:830} INFO - Processing file /opt/airflow/dags/prediction_dag.py for tasks to queue
[2026-01-03T13:44:38.661+0000] {logging_mixin.py:188} INFO - [2026-01-03T13:44:38.660+0000] {dagbag.py:540} INFO - Filling up the DagBag from /opt/airflow/dags/prediction_dag.py
[2026-01-03T13:44:38.696+0000] {processor.py:840} INFO - DAG(s) 'prediction_dag' retrieved from /opt/airflow/dags/prediction_dag.py
[2026-01-03T13:44:38.752+0000] {logging_mixin.py:188} INFO - [2026-01-03T13:44:38.751+0000] {dag.py:3047} INFO - Sync 1 DAGs
[2026-01-03T13:44:38.784+0000] {logging_mixin.py:188} INFO - [2026-01-03T13:44:38.784+0000] {dag.py:3834} INFO - Setting next_dagrun for prediction_dag to 2026-01-03 13:44:00+00:00, run_after=2026-01-03 13:46:00+00:00
[2026-01-03T13:44:38.803+0000] {processor.py:183} INFO - Processing /opt/airflow/dags/prediction_dag.py took 0.156 seconds
[2026-01-03T13:45:09.131+0000] {processor.py:161} INFO - Started process (PID=32098) to work on /opt/airflow/dags/prediction_dag.py
[2026-01-03T13:45:09.133+0000] {processor.py:830} INFO - Processing file /opt/airflow/dags/prediction_dag.py for tasks to queue
[2026-01-03T13:45:09.134+0000] {logging_mixin.py:188} INFO - [2026-01-03T13:45:09.134+0000] {dagbag.py:540} INFO - Filling up the DagBag from /opt/airflow/dags/prediction_dag.py
[2026-01-03T13:45:09.163+0000] {processor.py:840} INFO - DAG(s) 'prediction_dag' retrieved from /opt/airflow/dags/prediction_dag.py
[2026-01-03T13:45:09.217+0000] {logging_mixin.py:188} INFO - [2026-01-03T13:45:09.217+0000] {dag.py:3047} INFO - Sync 1 DAGs
[2026-01-03T13:45:09.246+0000] {logging_mixin.py:188} INFO - [2026-01-03T13:45:09.246+0000] {dag.py:3834} INFO - Setting next_dagrun for prediction_dag to 2026-01-03 13:44:00+00:00, run_after=2026-01-03 13:46:00+00:00
[2026-01-03T13:45:09.264+0000] {processor.py:183} INFO - Processing /opt/airflow/dags/prediction_dag.py took 0.137 seconds
[2026-01-03T13:45:39.508+0000] {processor.py:161} INFO - Started process (PID=32119) to work on /opt/airflow/dags/prediction_dag.py
[2026-01-03T13:45:39.510+0000] {processor.py:830} INFO - Processing file /opt/airflow/dags/prediction_dag.py for tasks to queue
[2026-01-03T13:45:39.512+0000] {logging_mixin.py:188} INFO - [2026-01-03T13:45:39.511+0000] {dagbag.py:540} INFO - Filling up the DagBag from /opt/airflow/dags/prediction_dag.py
[2026-01-03T13:45:39.541+0000] {processor.py:840} INFO - DAG(s) 'prediction_dag' retrieved from /opt/airflow/dags/prediction_dag.py
[2026-01-03T13:45:39.593+0000] {logging_mixin.py:188} INFO - [2026-01-03T13:45:39.592+0000] {dag.py:3047} INFO - Sync 1 DAGs
[2026-01-03T13:45:39.857+0000] {logging_mixin.py:188} INFO - [2026-01-03T13:45:39.857+0000] {dag.py:3834} INFO - Setting next_dagrun for prediction_dag to 2026-01-03 13:44:00+00:00, run_after=2026-01-03 13:46:00+00:00
[2026-01-03T13:45:39.867+0000] {processor.py:183} INFO - Processing /opt/airflow/dags/prediction_dag.py took 0.368 seconds
[2026-01-03T13:46:10.428+0000] {processor.py:161} INFO - Started process (PID=32178) to work on /opt/airflow/dags/prediction_dag.py
[2026-01-03T13:46:10.430+0000] {processor.py:830} INFO - Processing file /opt/airflow/dags/prediction_dag.py for tasks to queue
[2026-01-03T13:46:10.431+0000] {logging_mixin.py:188} INFO - [2026-01-03T13:46:10.431+0000] {dagbag.py:540} INFO - Filling up the DagBag from /opt/airflow/dags/prediction_dag.py
[2026-01-03T13:46:10.456+0000] {processor.py:840} INFO - DAG(s) 'prediction_dag' retrieved from /opt/airflow/dags/prediction_dag.py
[2026-01-03T13:46:10.496+0000] {logging_mixin.py:188} INFO - [2026-01-03T13:46:10.496+0000] {dag.py:3047} INFO - Sync 1 DAGs
[2026-01-03T13:46:10.528+0000] {logging_mixin.py:188} INFO - [2026-01-03T13:46:10.528+0000] {dag.py:3834} INFO - Setting next_dagrun for prediction_dag to 2026-01-03 13:46:00+00:00, run_after=2026-01-03 13:48:00+00:00
[2026-01-03T13:46:10.547+0000] {processor.py:183} INFO - Processing /opt/airflow/dags/prediction_dag.py took 0.125 seconds
[2026-01-03T13:46:40.904+0000] {processor.py:161} INFO - Started process (PID=32223) to work on /opt/airflow/dags/prediction_dag.py
[2026-01-03T13:46:40.906+0000] {processor.py:830} INFO - Processing file /opt/airflow/dags/prediction_dag.py for tasks to queue
[2026-01-03T13:46:40.907+0000] {logging_mixin.py:188} INFO - [2026-01-03T13:46:40.907+0000] {dagbag.py:540} INFO - Filling up the DagBag from /opt/airflow/dags/prediction_dag.py
[2026-01-03T13:46:40.937+0000] {processor.py:840} INFO - DAG(s) 'prediction_dag' retrieved from /opt/airflow/dags/prediction_dag.py
[2026-01-03T13:46:41.006+0000] {logging_mixin.py:188} INFO - [2026-01-03T13:46:41.005+0000] {dag.py:3047} INFO - Sync 1 DAGs
[2026-01-03T13:46:41.034+0000] {logging_mixin.py:188} INFO - [2026-01-03T13:46:41.034+0000] {dag.py:3834} INFO - Setting next_dagrun for prediction_dag to 2026-01-03 13:46:00+00:00, run_after=2026-01-03 13:48:00+00:00
[2026-01-03T13:46:41.269+0000] {processor.py:183} INFO - Processing /opt/airflow/dags/prediction_dag.py took 0.382 seconds
[2026-01-03T13:47:11.621+0000] {processor.py:161} INFO - Started process (PID=32300) to work on /opt/airflow/dags/prediction_dag.py
[2026-01-03T13:47:11.624+0000] {processor.py:830} INFO - Processing file /opt/airflow/dags/prediction_dag.py for tasks to queue
[2026-01-03T13:47:11.628+0000] {logging_mixin.py:188} INFO - [2026-01-03T13:47:11.626+0000] {dagbag.py:540} INFO - Filling up the DagBag from /opt/airflow/dags/prediction_dag.py
[2026-01-03T13:47:11.649+0000] {processor.py:840} INFO - DAG(s) 'prediction_dag' retrieved from /opt/airflow/dags/prediction_dag.py
[2026-01-03T13:47:11.695+0000] {logging_mixin.py:188} INFO - [2026-01-03T13:47:11.695+0000] {dag.py:3047} INFO - Sync 1 DAGs
[2026-01-03T13:47:11.725+0000] {logging_mixin.py:188} INFO - [2026-01-03T13:47:11.725+0000] {dag.py:3834} INFO - Setting next_dagrun for prediction_dag to 2026-01-03 13:46:00+00:00, run_after=2026-01-03 13:48:00+00:00
[2026-01-03T13:47:11.739+0000] {processor.py:183} INFO - Processing /opt/airflow/dags/prediction_dag.py took 0.125 seconds
[2026-01-03T13:47:41.888+0000] {processor.py:161} INFO - Started process (PID=32321) to work on /opt/airflow/dags/prediction_dag.py
[2026-01-03T13:47:41.891+0000] {processor.py:830} INFO - Processing file /opt/airflow/dags/prediction_dag.py for tasks to queue
[2026-01-03T13:47:41.892+0000] {logging_mixin.py:188} INFO - [2026-01-03T13:47:41.892+0000] {dagbag.py:540} INFO - Filling up the DagBag from /opt/airflow/dags/prediction_dag.py
[2026-01-03T13:47:41.922+0000] {processor.py:840} INFO - DAG(s) 'prediction_dag' retrieved from /opt/airflow/dags/prediction_dag.py
[2026-01-03T13:47:41.980+0000] {logging_mixin.py:188} INFO - [2026-01-03T13:47:41.980+0000] {dag.py:3047} INFO - Sync 1 DAGs
[2026-01-03T13:47:42.011+0000] {logging_mixin.py:188} INFO - [2026-01-03T13:47:42.011+0000] {dag.py:3834} INFO - Setting next_dagrun for prediction_dag to 2026-01-03 13:46:00+00:00, run_after=2026-01-03 13:48:00+00:00
[2026-01-03T13:47:42.028+0000] {processor.py:183} INFO - Processing /opt/airflow/dags/prediction_dag.py took 0.150 seconds
[2026-01-03T13:48:12.455+0000] {processor.py:161} INFO - Started process (PID=32407) to work on /opt/airflow/dags/prediction_dag.py
[2026-01-03T13:48:12.457+0000] {processor.py:830} INFO - Processing file /opt/airflow/dags/prediction_dag.py for tasks to queue
[2026-01-03T13:48:12.459+0000] {logging_mixin.py:188} INFO - [2026-01-03T13:48:12.458+0000] {dagbag.py:540} INFO - Filling up the DagBag from /opt/airflow/dags/prediction_dag.py
[2026-01-03T13:48:12.486+0000] {processor.py:840} INFO - DAG(s) 'prediction_dag' retrieved from /opt/airflow/dags/prediction_dag.py
[2026-01-03T13:48:12.519+0000] {logging_mixin.py:188} INFO - [2026-01-03T13:48:12.518+0000] {dag.py:3047} INFO - Sync 1 DAGs
[2026-01-03T13:48:13.005+0000] {logging_mixin.py:188} INFO - [2026-01-03T13:48:13.005+0000] {dag.py:3834} INFO - Setting next_dagrun for prediction_dag to 2026-01-03 13:48:00+00:00, run_after=2026-01-03 13:50:00+00:00
[2026-01-03T13:48:13.024+0000] {processor.py:183} INFO - Processing /opt/airflow/dags/prediction_dag.py took 0.573 seconds
[2026-01-03T13:48:43.265+0000] {processor.py:161} INFO - Started process (PID=32425) to work on /opt/airflow/dags/prediction_dag.py
[2026-01-03T13:48:43.268+0000] {processor.py:830} INFO - Processing file /opt/airflow/dags/prediction_dag.py for tasks to queue
[2026-01-03T13:48:43.269+0000] {logging_mixin.py:188} INFO - [2026-01-03T13:48:43.268+0000] {dagbag.py:540} INFO - Filling up the DagBag from /opt/airflow/dags/prediction_dag.py
[2026-01-03T13:48:43.303+0000] {processor.py:840} INFO - DAG(s) 'prediction_dag' retrieved from /opt/airflow/dags/prediction_dag.py
[2026-01-03T13:48:43.357+0000] {logging_mixin.py:188} INFO - [2026-01-03T13:48:43.356+0000] {dag.py:3047} INFO - Sync 1 DAGs
[2026-01-03T13:48:43.403+0000] {logging_mixin.py:188} INFO - [2026-01-03T13:48:43.402+0000] {dag.py:3834} INFO - Setting next_dagrun for prediction_dag to 2026-01-03 13:48:00+00:00, run_after=2026-01-03 13:50:00+00:00
[2026-01-03T13:48:43.423+0000] {processor.py:183} INFO - Processing /opt/airflow/dags/prediction_dag.py took 0.169 seconds
[2026-01-03T13:49:13.678+0000] {processor.py:161} INFO - Started process (PID=32505) to work on /opt/airflow/dags/prediction_dag.py
[2026-01-03T13:49:13.680+0000] {processor.py:830} INFO - Processing file /opt/airflow/dags/prediction_dag.py for tasks to queue
[2026-01-03T13:49:13.682+0000] {logging_mixin.py:188} INFO - [2026-01-03T13:49:13.681+0000] {dagbag.py:540} INFO - Filling up the DagBag from /opt/airflow/dags/prediction_dag.py
[2026-01-03T13:49:13.711+0000] {processor.py:840} INFO - DAG(s) 'prediction_dag' retrieved from /opt/airflow/dags/prediction_dag.py
[2026-01-03T13:49:13.779+0000] {logging_mixin.py:188} INFO - [2026-01-03T13:49:13.779+0000] {dag.py:3047} INFO - Sync 1 DAGs
[2026-01-03T13:49:13.821+0000] {logging_mixin.py:188} INFO - [2026-01-03T13:49:13.821+0000] {dag.py:3834} INFO - Setting next_dagrun for prediction_dag to 2026-01-03 13:48:00+00:00, run_after=2026-01-03 13:50:00+00:00
[2026-01-03T13:49:14.184+0000] {processor.py:183} INFO - Processing /opt/airflow/dags/prediction_dag.py took 0.521 seconds
[2026-01-03T13:49:44.675+0000] {processor.py:161} INFO - Started process (PID=32523) to work on /opt/airflow/dags/prediction_dag.py
[2026-01-03T13:49:44.678+0000] {processor.py:830} INFO - Processing file /opt/airflow/dags/prediction_dag.py for tasks to queue
[2026-01-03T13:49:44.688+0000] {logging_mixin.py:188} INFO - [2026-01-03T13:49:44.686+0000] {dagbag.py:540} INFO - Filling up the DagBag from /opt/airflow/dags/prediction_dag.py
[2026-01-03T13:49:44.738+0000] {processor.py:840} INFO - DAG(s) 'prediction_dag' retrieved from /opt/airflow/dags/prediction_dag.py
[2026-01-03T13:49:45.112+0000] {logging_mixin.py:188} INFO - [2026-01-03T13:49:45.112+0000] {dag.py:3047} INFO - Sync 1 DAGs
[2026-01-03T13:49:45.133+0000] {logging_mixin.py:188} INFO - [2026-01-03T13:49:45.133+0000] {dag.py:3834} INFO - Setting next_dagrun for prediction_dag to 2026-01-03 13:48:00+00:00, run_after=2026-01-03 13:50:00+00:00
[2026-01-03T13:49:45.143+0000] {processor.py:183} INFO - Processing /opt/airflow/dags/prediction_dag.py took 0.495 seconds
[2026-01-03T13:50:15.516+0000] {processor.py:161} INFO - Started process (PID=32609) to work on /opt/airflow/dags/prediction_dag.py
[2026-01-03T13:50:15.521+0000] {processor.py:830} INFO - Processing file /opt/airflow/dags/prediction_dag.py for tasks to queue
[2026-01-03T13:50:15.523+0000] {logging_mixin.py:188} INFO - [2026-01-03T13:50:15.522+0000] {dagbag.py:540} INFO - Filling up the DagBag from /opt/airflow/dags/prediction_dag.py
[2026-01-03T13:50:15.563+0000] {processor.py:840} INFO - DAG(s) 'prediction_dag' retrieved from /opt/airflow/dags/prediction_dag.py
[2026-01-03T13:50:15.600+0000] {logging_mixin.py:188} INFO - [2026-01-03T13:50:15.600+0000] {dag.py:3047} INFO - Sync 1 DAGs
[2026-01-03T13:50:15.620+0000] {logging_mixin.py:188} INFO - [2026-01-03T13:50:15.620+0000] {dag.py:3834} INFO - Setting next_dagrun for prediction_dag to 2026-01-03 13:50:00+00:00, run_after=2026-01-03 13:52:00+00:00
[2026-01-03T13:50:15.638+0000] {processor.py:183} INFO - Processing /opt/airflow/dags/prediction_dag.py took 0.130 seconds
[2026-01-03T13:50:45.928+0000] {processor.py:161} INFO - Started process (PID=32618) to work on /opt/airflow/dags/prediction_dag.py
[2026-01-03T13:50:45.931+0000] {processor.py:830} INFO - Processing file /opt/airflow/dags/prediction_dag.py for tasks to queue
[2026-01-03T13:50:45.932+0000] {logging_mixin.py:188} INFO - [2026-01-03T13:50:45.932+0000] {dagbag.py:540} INFO - Filling up the DagBag from /opt/airflow/dags/prediction_dag.py
[2026-01-03T13:50:45.952+0000] {processor.py:840} INFO - DAG(s) 'prediction_dag' retrieved from /opt/airflow/dags/prediction_dag.py
[2026-01-03T13:50:45.989+0000] {logging_mixin.py:188} INFO - [2026-01-03T13:50:45.989+0000] {dag.py:3047} INFO - Sync 1 DAGs
[2026-01-03T13:50:46.033+0000] {logging_mixin.py:188} INFO - [2026-01-03T13:50:46.033+0000] {dag.py:3834} INFO - Setting next_dagrun for prediction_dag to 2026-01-03 13:50:00+00:00, run_after=2026-01-03 13:52:00+00:00
[2026-01-03T13:50:46.097+0000] {processor.py:183} INFO - Processing /opt/airflow/dags/prediction_dag.py took 0.174 seconds
[2026-01-03T13:51:16.197+0000] {processor.py:161} INFO - Started process (PID=32694) to work on /opt/airflow/dags/prediction_dag.py
[2026-01-03T13:51:16.200+0000] {processor.py:830} INFO - Processing file /opt/airflow/dags/prediction_dag.py for tasks to queue
[2026-01-03T13:51:16.202+0000] {logging_mixin.py:188} INFO - [2026-01-03T13:51:16.201+0000] {dagbag.py:540} INFO - Filling up the DagBag from /opt/airflow/dags/prediction_dag.py
[2026-01-03T13:51:16.227+0000] {processor.py:840} INFO - DAG(s) 'prediction_dag' retrieved from /opt/airflow/dags/prediction_dag.py
[2026-01-03T13:51:16.269+0000] {logging_mixin.py:188} INFO - [2026-01-03T13:51:16.269+0000] {dag.py:3047} INFO - Sync 1 DAGs
[2026-01-03T13:51:16.294+0000] {logging_mixin.py:188} INFO - [2026-01-03T13:51:16.294+0000] {dag.py:3834} INFO - Setting next_dagrun for prediction_dag to 2026-01-03 13:50:00+00:00, run_after=2026-01-03 13:52:00+00:00
[2026-01-03T13:51:16.305+0000] {processor.py:183} INFO - Processing /opt/airflow/dags/prediction_dag.py took 0.113 seconds
[2026-01-03T13:51:46.743+0000] {processor.py:161} INFO - Started process (PID=32712) to work on /opt/airflow/dags/prediction_dag.py
[2026-01-03T13:51:46.746+0000] {processor.py:830} INFO - Processing file /opt/airflow/dags/prediction_dag.py for tasks to queue
[2026-01-03T13:51:46.748+0000] {logging_mixin.py:188} INFO - [2026-01-03T13:51:46.747+0000] {dagbag.py:540} INFO - Filling up the DagBag from /opt/airflow/dags/prediction_dag.py
[2026-01-03T13:51:46.781+0000] {processor.py:840} INFO - DAG(s) 'prediction_dag' retrieved from /opt/airflow/dags/prediction_dag.py
[2026-01-03T13:51:46.847+0000] {logging_mixin.py:188} INFO - [2026-01-03T13:51:46.847+0000] {dag.py:3047} INFO - Sync 1 DAGs
[2026-01-03T13:51:46.874+0000] {logging_mixin.py:188} INFO - [2026-01-03T13:51:46.874+0000] {dag.py:3834} INFO - Setting next_dagrun for prediction_dag to 2026-01-03 13:50:00+00:00, run_after=2026-01-03 13:52:00+00:00
[2026-01-03T13:51:46.888+0000] {processor.py:183} INFO - Processing /opt/airflow/dags/prediction_dag.py took 0.156 seconds
[2026-01-03T13:52:17.156+0000] {processor.py:161} INFO - Started process (PID=32798) to work on /opt/airflow/dags/prediction_dag.py
[2026-01-03T13:52:17.159+0000] {processor.py:830} INFO - Processing file /opt/airflow/dags/prediction_dag.py for tasks to queue
[2026-01-03T13:52:17.161+0000] {logging_mixin.py:188} INFO - [2026-01-03T13:52:17.160+0000] {dagbag.py:540} INFO - Filling up the DagBag from /opt/airflow/dags/prediction_dag.py
[2026-01-03T13:52:17.201+0000] {processor.py:840} INFO - DAG(s) 'prediction_dag' retrieved from /opt/airflow/dags/prediction_dag.py
[2026-01-03T13:52:17.238+0000] {logging_mixin.py:188} INFO - [2026-01-03T13:52:17.237+0000] {dag.py:3047} INFO - Sync 1 DAGs
[2026-01-03T13:52:17.269+0000] {logging_mixin.py:188} INFO - [2026-01-03T13:52:17.268+0000] {dag.py:3834} INFO - Setting next_dagrun for prediction_dag to 2026-01-03 13:52:00+00:00, run_after=2026-01-03 13:54:00+00:00
[2026-01-03T13:52:17.283+0000] {processor.py:183} INFO - Processing /opt/airflow/dags/prediction_dag.py took 0.138 seconds
[2026-01-03T13:52:47.468+0000] {processor.py:161} INFO - Started process (PID=32816) to work on /opt/airflow/dags/prediction_dag.py
[2026-01-03T13:52:47.471+0000] {processor.py:830} INFO - Processing file /opt/airflow/dags/prediction_dag.py for tasks to queue
[2026-01-03T13:52:47.473+0000] {logging_mixin.py:188} INFO - [2026-01-03T13:52:47.472+0000] {dagbag.py:540} INFO - Filling up the DagBag from /opt/airflow/dags/prediction_dag.py
[2026-01-03T13:52:47.506+0000] {processor.py:840} INFO - DAG(s) 'prediction_dag' retrieved from /opt/airflow/dags/prediction_dag.py
[2026-01-03T13:52:47.557+0000] {logging_mixin.py:188} INFO - [2026-01-03T13:52:47.556+0000] {dag.py:3047} INFO - Sync 1 DAGs
[2026-01-03T13:52:47.584+0000] {logging_mixin.py:188} INFO - [2026-01-03T13:52:47.584+0000] {dag.py:3834} INFO - Setting next_dagrun for prediction_dag to 2026-01-03 13:52:00+00:00, run_after=2026-01-03 13:54:00+00:00
[2026-01-03T13:52:47.602+0000] {processor.py:183} INFO - Processing /opt/airflow/dags/prediction_dag.py took 0.149 seconds
[2026-01-03T13:53:17.971+0000] {processor.py:161} INFO - Started process (PID=32896) to work on /opt/airflow/dags/prediction_dag.py
[2026-01-03T13:53:17.976+0000] {processor.py:830} INFO - Processing file /opt/airflow/dags/prediction_dag.py for tasks to queue
[2026-01-03T13:53:17.978+0000] {logging_mixin.py:188} INFO - [2026-01-03T13:53:17.977+0000] {dagbag.py:540} INFO - Filling up the DagBag from /opt/airflow/dags/prediction_dag.py
[2026-01-03T13:53:18.015+0000] {processor.py:840} INFO - DAG(s) 'prediction_dag' retrieved from /opt/airflow/dags/prediction_dag.py
[2026-01-03T13:53:18.090+0000] {logging_mixin.py:188} INFO - [2026-01-03T13:53:18.090+0000] {dag.py:3047} INFO - Sync 1 DAGs
[2026-01-03T13:53:18.139+0000] {logging_mixin.py:188} INFO - [2026-01-03T13:53:18.139+0000] {dag.py:3834} INFO - Setting next_dagrun for prediction_dag to 2026-01-03 13:52:00+00:00, run_after=2026-01-03 13:54:00+00:00
[2026-01-03T13:53:18.154+0000] {processor.py:183} INFO - Processing /opt/airflow/dags/prediction_dag.py took 0.196 seconds
[2026-01-03T13:53:48.667+0000] {processor.py:161} INFO - Started process (PID=32914) to work on /opt/airflow/dags/prediction_dag.py
[2026-01-03T13:53:48.671+0000] {processor.py:830} INFO - Processing file /opt/airflow/dags/prediction_dag.py for tasks to queue
[2026-01-03T13:53:48.672+0000] {logging_mixin.py:188} INFO - [2026-01-03T13:53:48.672+0000] {dagbag.py:540} INFO - Filling up the DagBag from /opt/airflow/dags/prediction_dag.py
[2026-01-03T13:53:48.706+0000] {processor.py:840} INFO - DAG(s) 'prediction_dag' retrieved from /opt/airflow/dags/prediction_dag.py
[2026-01-03T13:53:48.761+0000] {logging_mixin.py:188} INFO - [2026-01-03T13:53:48.761+0000] {dag.py:3047} INFO - Sync 1 DAGs
[2026-01-03T13:53:48.794+0000] {logging_mixin.py:188} INFO - [2026-01-03T13:53:48.794+0000] {dag.py:3834} INFO - Setting next_dagrun for prediction_dag to 2026-01-03 13:52:00+00:00, run_after=2026-01-03 13:54:00+00:00
[2026-01-03T13:53:48.814+0000] {processor.py:183} INFO - Processing /opt/airflow/dags/prediction_dag.py took 0.159 seconds
[2026-01-03T13:54:19.361+0000] {processor.py:161} INFO - Started process (PID=33000) to work on /opt/airflow/dags/prediction_dag.py
[2026-01-03T13:54:19.364+0000] {processor.py:830} INFO - Processing file /opt/airflow/dags/prediction_dag.py for tasks to queue
[2026-01-03T13:54:19.366+0000] {logging_mixin.py:188} INFO - [2026-01-03T13:54:19.365+0000] {dagbag.py:540} INFO - Filling up the DagBag from /opt/airflow/dags/prediction_dag.py
[2026-01-03T13:54:19.409+0000] {processor.py:840} INFO - DAG(s) 'prediction_dag' retrieved from /opt/airflow/dags/prediction_dag.py
[2026-01-03T13:54:19.471+0000] {logging_mixin.py:188} INFO - [2026-01-03T13:54:19.470+0000] {dag.py:3047} INFO - Sync 1 DAGs
[2026-01-03T13:54:19.505+0000] {logging_mixin.py:188} INFO - [2026-01-03T13:54:19.504+0000] {dag.py:3834} INFO - Setting next_dagrun for prediction_dag to 2026-01-03 13:54:00+00:00, run_after=2026-01-03 13:56:00+00:00
[2026-01-03T13:54:19.522+0000] {processor.py:183} INFO - Processing /opt/airflow/dags/prediction_dag.py took 0.177 seconds
[2026-01-03T13:54:49.965+0000] {processor.py:161} INFO - Started process (PID=33018) to work on /opt/airflow/dags/prediction_dag.py
[2026-01-03T13:54:49.972+0000] {processor.py:830} INFO - Processing file /opt/airflow/dags/prediction_dag.py for tasks to queue
[2026-01-03T13:54:49.973+0000] {logging_mixin.py:188} INFO - [2026-01-03T13:54:49.973+0000] {dagbag.py:540} INFO - Filling up the DagBag from /opt/airflow/dags/prediction_dag.py
[2026-01-03T13:54:50.033+0000] {processor.py:840} INFO - DAG(s) 'prediction_dag' retrieved from /opt/airflow/dags/prediction_dag.py
[2026-01-03T13:54:50.129+0000] {logging_mixin.py:188} INFO - [2026-01-03T13:54:50.129+0000] {dag.py:3047} INFO - Sync 1 DAGs
[2026-01-03T13:54:50.171+0000] {logging_mixin.py:188} INFO - [2026-01-03T13:54:50.171+0000] {dag.py:3834} INFO - Setting next_dagrun for prediction_dag to 2026-01-03 13:54:00+00:00, run_after=2026-01-03 13:56:00+00:00
[2026-01-03T13:54:50.194+0000] {processor.py:183} INFO - Processing /opt/airflow/dags/prediction_dag.py took 0.238 seconds
[2026-01-03T13:55:20.470+0000] {processor.py:161} INFO - Started process (PID=33098) to work on /opt/airflow/dags/prediction_dag.py
[2026-01-03T13:55:20.477+0000] {processor.py:830} INFO - Processing file /opt/airflow/dags/prediction_dag.py for tasks to queue
[2026-01-03T13:55:20.482+0000] {logging_mixin.py:188} INFO - [2026-01-03T13:55:20.481+0000] {dagbag.py:540} INFO - Filling up the DagBag from /opt/airflow/dags/prediction_dag.py
[2026-01-03T13:55:20.514+0000] {processor.py:840} INFO - DAG(s) 'prediction_dag' retrieved from /opt/airflow/dags/prediction_dag.py
[2026-01-03T13:55:20.561+0000] {logging_mixin.py:188} INFO - [2026-01-03T13:55:20.561+0000] {dag.py:3047} INFO - Sync 1 DAGs
[2026-01-03T13:55:20.596+0000] {logging_mixin.py:188} INFO - [2026-01-03T13:55:20.595+0000] {dag.py:3834} INFO - Setting next_dagrun for prediction_dag to 2026-01-03 13:54:00+00:00, run_after=2026-01-03 13:56:00+00:00
[2026-01-03T13:55:20.608+0000] {processor.py:183} INFO - Processing /opt/airflow/dags/prediction_dag.py took 0.146 seconds
[2026-01-03T13:55:50.790+0000] {processor.py:161} INFO - Started process (PID=33116) to work on /opt/airflow/dags/prediction_dag.py
[2026-01-03T13:55:50.792+0000] {processor.py:830} INFO - Processing file /opt/airflow/dags/prediction_dag.py for tasks to queue
[2026-01-03T13:55:50.793+0000] {logging_mixin.py:188} INFO - [2026-01-03T13:55:50.793+0000] {dagbag.py:540} INFO - Filling up the DagBag from /opt/airflow/dags/prediction_dag.py
[2026-01-03T13:55:50.830+0000] {processor.py:840} INFO - DAG(s) 'prediction_dag' retrieved from /opt/airflow/dags/prediction_dag.py
[2026-01-03T13:55:50.886+0000] {logging_mixin.py:188} INFO - [2026-01-03T13:55:50.886+0000] {dag.py:3047} INFO - Sync 1 DAGs
[2026-01-03T13:55:50.918+0000] {logging_mixin.py:188} INFO - [2026-01-03T13:55:50.918+0000] {dag.py:3834} INFO - Setting next_dagrun for prediction_dag to 2026-01-03 13:54:00+00:00, run_after=2026-01-03 13:56:00+00:00
[2026-01-03T13:55:50.932+0000] {processor.py:183} INFO - Processing /opt/airflow/dags/prediction_dag.py took 0.153 seconds
[2026-01-03T13:56:21.427+0000] {processor.py:161} INFO - Started process (PID=33202) to work on /opt/airflow/dags/prediction_dag.py
[2026-01-03T13:56:21.430+0000] {processor.py:830} INFO - Processing file /opt/airflow/dags/prediction_dag.py for tasks to queue
[2026-01-03T13:56:21.432+0000] {logging_mixin.py:188} INFO - [2026-01-03T13:56:21.431+0000] {dagbag.py:540} INFO - Filling up the DagBag from /opt/airflow/dags/prediction_dag.py
[2026-01-03T13:56:21.468+0000] {processor.py:840} INFO - DAG(s) 'prediction_dag' retrieved from /opt/airflow/dags/prediction_dag.py
[2026-01-03T13:56:21.526+0000] {logging_mixin.py:188} INFO - [2026-01-03T13:56:21.526+0000] {dag.py:3047} INFO - Sync 1 DAGs
[2026-01-03T13:56:21.563+0000] {logging_mixin.py:188} INFO - [2026-01-03T13:56:21.562+0000] {dag.py:3834} INFO - Setting next_dagrun for prediction_dag to 2026-01-03 13:56:00+00:00, run_after=2026-01-03 13:58:00+00:00
[2026-01-03T13:56:21.581+0000] {processor.py:183} INFO - Processing /opt/airflow/dags/prediction_dag.py took 0.164 seconds
[2026-01-03T13:56:51.695+0000] {processor.py:161} INFO - Started process (PID=33220) to work on /opt/airflow/dags/prediction_dag.py
[2026-01-03T13:56:51.698+0000] {processor.py:830} INFO - Processing file /opt/airflow/dags/prediction_dag.py for tasks to queue
[2026-01-03T13:56:51.699+0000] {logging_mixin.py:188} INFO - [2026-01-03T13:56:51.699+0000] {dagbag.py:540} INFO - Filling up the DagBag from /opt/airflow/dags/prediction_dag.py
[2026-01-03T13:56:51.728+0000] {processor.py:840} INFO - DAG(s) 'prediction_dag' retrieved from /opt/airflow/dags/prediction_dag.py
[2026-01-03T13:56:51.766+0000] {logging_mixin.py:188} INFO - [2026-01-03T13:56:51.766+0000] {dag.py:3047} INFO - Sync 1 DAGs
[2026-01-03T13:56:51.789+0000] {logging_mixin.py:188} INFO - [2026-01-03T13:56:51.789+0000] {dag.py:3834} INFO - Setting next_dagrun for prediction_dag to 2026-01-03 13:56:00+00:00, run_after=2026-01-03 13:58:00+00:00
[2026-01-03T13:56:51.803+0000] {processor.py:183} INFO - Processing /opt/airflow/dags/prediction_dag.py took 0.117 seconds
[2026-01-03T13:57:21.929+0000] {processor.py:161} INFO - Started process (PID=33300) to work on /opt/airflow/dags/prediction_dag.py
[2026-01-03T13:57:21.931+0000] {processor.py:830} INFO - Processing file /opt/airflow/dags/prediction_dag.py for tasks to queue
[2026-01-03T13:57:21.933+0000] {logging_mixin.py:188} INFO - [2026-01-03T13:57:21.932+0000] {dagbag.py:540} INFO - Filling up the DagBag from /opt/airflow/dags/prediction_dag.py
[2026-01-03T13:57:21.965+0000] {processor.py:840} INFO - DAG(s) 'prediction_dag' retrieved from /opt/airflow/dags/prediction_dag.py
[2026-01-03T13:57:22.012+0000] {logging_mixin.py:188} INFO - [2026-01-03T13:57:22.012+0000] {dag.py:3047} INFO - Sync 1 DAGs
[2026-01-03T13:57:22.040+0000] {logging_mixin.py:188} INFO - [2026-01-03T13:57:22.040+0000] {dag.py:3834} INFO - Setting next_dagrun for prediction_dag to 2026-01-03 13:56:00+00:00, run_after=2026-01-03 13:58:00+00:00
[2026-01-03T13:57:22.055+0000] {processor.py:183} INFO - Processing /opt/airflow/dags/prediction_dag.py took 0.136 seconds
[2026-01-03T13:57:52.259+0000] {processor.py:161} INFO - Started process (PID=33318) to work on /opt/airflow/dags/prediction_dag.py
[2026-01-03T13:57:52.261+0000] {processor.py:830} INFO - Processing file /opt/airflow/dags/prediction_dag.py for tasks to queue
[2026-01-03T13:57:52.263+0000] {logging_mixin.py:188} INFO - [2026-01-03T13:57:52.262+0000] {dagbag.py:540} INFO - Filling up the DagBag from /opt/airflow/dags/prediction_dag.py
[2026-01-03T13:57:52.281+0000] {processor.py:840} INFO - DAG(s) 'prediction_dag' retrieved from /opt/airflow/dags/prediction_dag.py
[2026-01-03T13:57:52.331+0000] {logging_mixin.py:188} INFO - [2026-01-03T13:57:52.331+0000] {dag.py:3047} INFO - Sync 1 DAGs
[2026-01-03T13:57:52.361+0000] {logging_mixin.py:188} INFO - [2026-01-03T13:57:52.361+0000] {dag.py:3834} INFO - Setting next_dagrun for prediction_dag to 2026-01-03 13:56:00+00:00, run_after=2026-01-03 13:58:00+00:00
[2026-01-03T13:57:52.395+0000] {processor.py:183} INFO - Processing /opt/airflow/dags/prediction_dag.py took 0.142 seconds
[2026-01-03T13:58:23.023+0000] {processor.py:161} INFO - Started process (PID=33394) to work on /opt/airflow/dags/prediction_dag.py
[2026-01-03T13:58:23.026+0000] {processor.py:830} INFO - Processing file /opt/airflow/dags/prediction_dag.py for tasks to queue
[2026-01-03T13:58:23.027+0000] {logging_mixin.py:188} INFO - [2026-01-03T13:58:23.027+0000] {dagbag.py:540} INFO - Filling up the DagBag from /opt/airflow/dags/prediction_dag.py
[2026-01-03T13:58:23.099+0000] {processor.py:840} INFO - DAG(s) 'prediction_dag' retrieved from /opt/airflow/dags/prediction_dag.py
[2026-01-03T13:58:23.164+0000] {logging_mixin.py:188} INFO - [2026-01-03T13:58:23.163+0000] {dag.py:3047} INFO - Sync 1 DAGs
[2026-01-03T13:58:23.195+0000] {logging_mixin.py:188} INFO - [2026-01-03T13:58:23.195+0000] {dag.py:3834} INFO - Setting next_dagrun for prediction_dag to 2026-01-03 13:58:00+00:00, run_after=2026-01-03 14:00:00+00:00
[2026-01-03T13:58:23.219+0000] {processor.py:183} INFO - Processing /opt/airflow/dags/prediction_dag.py took 0.205 seconds
[2026-01-03T13:58:53.986+0000] {processor.py:161} INFO - Started process (PID=33409) to work on /opt/airflow/dags/prediction_dag.py
[2026-01-03T13:58:53.989+0000] {processor.py:830} INFO - Processing file /opt/airflow/dags/prediction_dag.py for tasks to queue
[2026-01-03T13:58:53.993+0000] {logging_mixin.py:188} INFO - [2026-01-03T13:58:53.991+0000] {dagbag.py:540} INFO - Filling up the DagBag from /opt/airflow/dags/prediction_dag.py
[2026-01-03T13:58:54.030+0000] {processor.py:840} INFO - DAG(s) 'prediction_dag' retrieved from /opt/airflow/dags/prediction_dag.py
[2026-01-03T13:58:54.097+0000] {logging_mixin.py:188} INFO - [2026-01-03T13:58:54.097+0000] {dag.py:3047} INFO - Sync 1 DAGs
[2026-01-03T13:58:54.127+0000] {logging_mixin.py:188} INFO - [2026-01-03T13:58:54.126+0000] {dag.py:3834} INFO - Setting next_dagrun for prediction_dag to 2026-01-03 13:58:00+00:00, run_after=2026-01-03 14:00:00+00:00
[2026-01-03T13:58:54.156+0000] {processor.py:183} INFO - Processing /opt/airflow/dags/prediction_dag.py took 0.179 seconds
[2026-01-03T13:59:24.729+0000] {processor.py:161} INFO - Started process (PID=33489) to work on /opt/airflow/dags/prediction_dag.py
[2026-01-03T13:59:24.734+0000] {processor.py:830} INFO - Processing file /opt/airflow/dags/prediction_dag.py for tasks to queue
[2026-01-03T13:59:24.735+0000] {logging_mixin.py:188} INFO - [2026-01-03T13:59:24.735+0000] {dagbag.py:540} INFO - Filling up the DagBag from /opt/airflow/dags/prediction_dag.py
[2026-01-03T13:59:24.762+0000] {processor.py:840} INFO - DAG(s) 'prediction_dag' retrieved from /opt/airflow/dags/prediction_dag.py
[2026-01-03T13:59:24.810+0000] {logging_mixin.py:188} INFO - [2026-01-03T13:59:24.810+0000] {dag.py:3047} INFO - Sync 1 DAGs
[2026-01-03T13:59:24.840+0000] {logging_mixin.py:188} INFO - [2026-01-03T13:59:24.840+0000] {dag.py:3834} INFO - Setting next_dagrun for prediction_dag to 2026-01-03 13:58:00+00:00, run_after=2026-01-03 14:00:00+00:00
[2026-01-03T13:59:24.856+0000] {processor.py:183} INFO - Processing /opt/airflow/dags/prediction_dag.py took 0.134 seconds
[2026-01-03T13:59:55.288+0000] {processor.py:161} INFO - Started process (PID=33507) to work on /opt/airflow/dags/prediction_dag.py
[2026-01-03T13:59:55.291+0000] {processor.py:830} INFO - Processing file /opt/airflow/dags/prediction_dag.py for tasks to queue
[2026-01-03T13:59:55.294+0000] {logging_mixin.py:188} INFO - [2026-01-03T13:59:55.292+0000] {dagbag.py:540} INFO - Filling up the DagBag from /opt/airflow/dags/prediction_dag.py
[2026-01-03T13:59:55.346+0000] {processor.py:840} INFO - DAG(s) 'prediction_dag' retrieved from /opt/airflow/dags/prediction_dag.py
[2026-01-03T13:59:55.449+0000] {logging_mixin.py:188} INFO - [2026-01-03T13:59:55.449+0000] {dag.py:3047} INFO - Sync 1 DAGs
[2026-01-03T13:59:55.484+0000] {logging_mixin.py:188} INFO - [2026-01-03T13:59:55.484+0000] {dag.py:3834} INFO - Setting next_dagrun for prediction_dag to 2026-01-03 13:58:00+00:00, run_after=2026-01-03 14:00:00+00:00
[2026-01-03T13:59:55.498+0000] {processor.py:183} INFO - Processing /opt/airflow/dags/prediction_dag.py took 0.224 seconds
[2026-01-03T14:00:26.173+0000] {processor.py:161} INFO - Started process (PID=33593) to work on /opt/airflow/dags/prediction_dag.py
[2026-01-03T14:00:26.177+0000] {processor.py:830} INFO - Processing file /opt/airflow/dags/prediction_dag.py for tasks to queue
[2026-01-03T14:00:26.178+0000] {logging_mixin.py:188} INFO - [2026-01-03T14:00:26.178+0000] {dagbag.py:540} INFO - Filling up the DagBag from /opt/airflow/dags/prediction_dag.py
[2026-01-03T14:00:26.223+0000] {processor.py:840} INFO - DAG(s) 'prediction_dag' retrieved from /opt/airflow/dags/prediction_dag.py
[2026-01-03T14:00:26.279+0000] {logging_mixin.py:188} INFO - [2026-01-03T14:00:26.278+0000] {dag.py:3047} INFO - Sync 1 DAGs
[2026-01-03T14:00:26.309+0000] {logging_mixin.py:188} INFO - [2026-01-03T14:00:26.308+0000] {dag.py:3834} INFO - Setting next_dagrun for prediction_dag to 2026-01-03 14:00:00+00:00, run_after=2026-01-03 14:02:00+00:00
[2026-01-03T14:00:26.329+0000] {processor.py:183} INFO - Processing /opt/airflow/dags/prediction_dag.py took 0.169 seconds
[2026-01-03T14:00:56.846+0000] {processor.py:161} INFO - Started process (PID=33611) to work on /opt/airflow/dags/prediction_dag.py
[2026-01-03T14:00:56.849+0000] {processor.py:830} INFO - Processing file /opt/airflow/dags/prediction_dag.py for tasks to queue
[2026-01-03T14:00:56.850+0000] {logging_mixin.py:188} INFO - [2026-01-03T14:00:56.850+0000] {dagbag.py:540} INFO - Filling up the DagBag from /opt/airflow/dags/prediction_dag.py
[2026-01-03T14:00:56.886+0000] {processor.py:840} INFO - DAG(s) 'prediction_dag' retrieved from /opt/airflow/dags/prediction_dag.py
[2026-01-03T14:00:56.949+0000] {logging_mixin.py:188} INFO - [2026-01-03T14:00:56.948+0000] {dag.py:3047} INFO - Sync 1 DAGs
[2026-01-03T14:00:56.981+0000] {logging_mixin.py:188} INFO - [2026-01-03T14:00:56.981+0000] {dag.py:3834} INFO - Setting next_dagrun for prediction_dag to 2026-01-03 14:00:00+00:00, run_after=2026-01-03 14:02:00+00:00
[2026-01-03T14:00:56.994+0000] {processor.py:183} INFO - Processing /opt/airflow/dags/prediction_dag.py took 0.158 seconds
[2026-01-03T14:01:27.085+0000] {processor.py:161} INFO - Started process (PID=33691) to work on /opt/airflow/dags/prediction_dag.py
[2026-01-03T14:01:27.100+0000] {processor.py:830} INFO - Processing file /opt/airflow/dags/prediction_dag.py for tasks to queue
[2026-01-03T14:01:27.101+0000] {logging_mixin.py:188} INFO - [2026-01-03T14:01:27.101+0000] {dagbag.py:540} INFO - Filling up the DagBag from /opt/airflow/dags/prediction_dag.py
[2026-01-03T14:01:27.130+0000] {processor.py:840} INFO - DAG(s) 'prediction_dag' retrieved from /opt/airflow/dags/prediction_dag.py
[2026-01-03T14:01:27.183+0000] {logging_mixin.py:188} INFO - [2026-01-03T14:01:27.183+0000] {dag.py:3047} INFO - Sync 1 DAGs
[2026-01-03T14:01:27.214+0000] {logging_mixin.py:188} INFO - [2026-01-03T14:01:27.213+0000] {dag.py:3834} INFO - Setting next_dagrun for prediction_dag to 2026-01-03 14:00:00+00:00, run_after=2026-01-03 14:02:00+00:00
[2026-01-03T14:01:27.231+0000] {processor.py:183} INFO - Processing /opt/airflow/dags/prediction_dag.py took 0.156 seconds
[2026-01-03T14:01:57.508+0000] {processor.py:161} INFO - Started process (PID=33709) to work on /opt/airflow/dags/prediction_dag.py
[2026-01-03T14:01:57.512+0000] {processor.py:830} INFO - Processing file /opt/airflow/dags/prediction_dag.py for tasks to queue
[2026-01-03T14:01:57.514+0000] {logging_mixin.py:188} INFO - [2026-01-03T14:01:57.513+0000] {dagbag.py:540} INFO - Filling up the DagBag from /opt/airflow/dags/prediction_dag.py
[2026-01-03T14:01:57.556+0000] {processor.py:840} INFO - DAG(s) 'prediction_dag' retrieved from /opt/airflow/dags/prediction_dag.py
[2026-01-03T14:01:57.619+0000] {logging_mixin.py:188} INFO - [2026-01-03T14:01:57.619+0000] {dag.py:3047} INFO - Sync 1 DAGs
[2026-01-03T14:01:57.650+0000] {logging_mixin.py:188} INFO - [2026-01-03T14:01:57.650+0000] {dag.py:3834} INFO - Setting next_dagrun for prediction_dag to 2026-01-03 14:00:00+00:00, run_after=2026-01-03 14:02:00+00:00
[2026-01-03T14:01:57.666+0000] {processor.py:183} INFO - Processing /opt/airflow/dags/prediction_dag.py took 0.168 seconds
[2026-01-03T14:02:28.045+0000] {processor.py:161} INFO - Started process (PID=33795) to work on /opt/airflow/dags/prediction_dag.py
[2026-01-03T14:02:28.048+0000] {processor.py:830} INFO - Processing file /opt/airflow/dags/prediction_dag.py for tasks to queue
[2026-01-03T14:02:28.050+0000] {logging_mixin.py:188} INFO - [2026-01-03T14:02:28.049+0000] {dagbag.py:540} INFO - Filling up the DagBag from /opt/airflow/dags/prediction_dag.py
[2026-01-03T14:02:28.084+0000] {processor.py:840} INFO - DAG(s) 'prediction_dag' retrieved from /opt/airflow/dags/prediction_dag.py
[2026-01-03T14:02:28.148+0000] {logging_mixin.py:188} INFO - [2026-01-03T14:02:28.147+0000] {dag.py:3047} INFO - Sync 1 DAGs
[2026-01-03T14:02:28.180+0000] {logging_mixin.py:188} INFO - [2026-01-03T14:02:28.179+0000] {dag.py:3834} INFO - Setting next_dagrun for prediction_dag to 2026-01-03 14:02:00+00:00, run_after=2026-01-03 14:04:00+00:00
[2026-01-03T14:02:28.197+0000] {processor.py:183} INFO - Processing /opt/airflow/dags/prediction_dag.py took 0.165 seconds
[2026-01-03T14:02:58.615+0000] {processor.py:161} INFO - Started process (PID=33813) to work on /opt/airflow/dags/prediction_dag.py
[2026-01-03T14:02:58.618+0000] {processor.py:830} INFO - Processing file /opt/airflow/dags/prediction_dag.py for tasks to queue
[2026-01-03T14:02:58.620+0000] {logging_mixin.py:188} INFO - [2026-01-03T14:02:58.619+0000] {dagbag.py:540} INFO - Filling up the DagBag from /opt/airflow/dags/prediction_dag.py
[2026-01-03T14:02:58.659+0000] {processor.py:840} INFO - DAG(s) 'prediction_dag' retrieved from /opt/airflow/dags/prediction_dag.py
[2026-01-03T14:02:58.711+0000] {logging_mixin.py:188} INFO - [2026-01-03T14:02:58.711+0000] {dag.py:3047} INFO - Sync 1 DAGs
[2026-01-03T14:02:58.742+0000] {logging_mixin.py:188} INFO - [2026-01-03T14:02:58.742+0000] {dag.py:3834} INFO - Setting next_dagrun for prediction_dag to 2026-01-03 14:02:00+00:00, run_after=2026-01-03 14:04:00+00:00
[2026-01-03T14:02:58.755+0000] {processor.py:183} INFO - Processing /opt/airflow/dags/prediction_dag.py took 0.153 seconds
[2026-01-03T14:03:29.093+0000] {processor.py:161} INFO - Started process (PID=33893) to work on /opt/airflow/dags/prediction_dag.py
[2026-01-03T14:03:29.096+0000] {processor.py:830} INFO - Processing file /opt/airflow/dags/prediction_dag.py for tasks to queue
[2026-01-03T14:03:29.098+0000] {logging_mixin.py:188} INFO - [2026-01-03T14:03:29.097+0000] {dagbag.py:540} INFO - Filling up the DagBag from /opt/airflow/dags/prediction_dag.py
[2026-01-03T14:03:29.138+0000] {processor.py:840} INFO - DAG(s) 'prediction_dag' retrieved from /opt/airflow/dags/prediction_dag.py
[2026-01-03T14:03:29.189+0000] {logging_mixin.py:188} INFO - [2026-01-03T14:03:29.189+0000] {dag.py:3047} INFO - Sync 1 DAGs
[2026-01-03T14:03:29.216+0000] {logging_mixin.py:188} INFO - [2026-01-03T14:03:29.216+0000] {dag.py:3834} INFO - Setting next_dagrun for prediction_dag to 2026-01-03 14:02:00+00:00, run_after=2026-01-03 14:04:00+00:00
[2026-01-03T14:03:29.230+0000] {processor.py:183} INFO - Processing /opt/airflow/dags/prediction_dag.py took 0.147 seconds
[2026-01-03T14:03:59.504+0000] {processor.py:161} INFO - Started process (PID=33911) to work on /opt/airflow/dags/prediction_dag.py
[2026-01-03T14:03:59.519+0000] {processor.py:830} INFO - Processing file /opt/airflow/dags/prediction_dag.py for tasks to queue
[2026-01-03T14:03:59.524+0000] {logging_mixin.py:188} INFO - [2026-01-03T14:03:59.523+0000] {dagbag.py:540} INFO - Filling up the DagBag from /opt/airflow/dags/prediction_dag.py
[2026-01-03T14:03:59.622+0000] {processor.py:840} INFO - DAG(s) 'prediction_dag' retrieved from /opt/airflow/dags/prediction_dag.py
[2026-01-03T14:03:59.776+0000] {logging_mixin.py:188} INFO - [2026-01-03T14:03:59.776+0000] {dag.py:3047} INFO - Sync 1 DAGs
[2026-01-03T14:03:59.813+0000] {logging_mixin.py:188} INFO - [2026-01-03T14:03:59.812+0000] {dag.py:3834} INFO - Setting next_dagrun for prediction_dag to 2026-01-03 14:02:00+00:00, run_after=2026-01-03 14:04:00+00:00
[2026-01-03T14:03:59.839+0000] {processor.py:183} INFO - Processing /opt/airflow/dags/prediction_dag.py took 0.431 seconds
[2026-01-03T14:04:30.685+0000] {processor.py:161} INFO - Started process (PID=33997) to work on /opt/airflow/dags/prediction_dag.py
[2026-01-03T14:04:30.722+0000] {processor.py:830} INFO - Processing file /opt/airflow/dags/prediction_dag.py for tasks to queue
[2026-01-03T14:04:30.730+0000] {logging_mixin.py:188} INFO - [2026-01-03T14:04:30.729+0000] {dagbag.py:540} INFO - Filling up the DagBag from /opt/airflow/dags/prediction_dag.py
[2026-01-03T14:04:30.955+0000] {processor.py:840} INFO - DAG(s) 'prediction_dag' retrieved from /opt/airflow/dags/prediction_dag.py
[2026-01-03T14:04:31.309+0000] {logging_mixin.py:188} INFO - [2026-01-03T14:04:31.308+0000] {dag.py:3047} INFO - Sync 1 DAGs
[2026-01-03T14:04:31.449+0000] {logging_mixin.py:188} INFO - [2026-01-03T14:04:31.448+0000] {dag.py:3834} INFO - Setting next_dagrun for prediction_dag to 2026-01-03 14:04:00+00:00, run_after=2026-01-03 14:06:00+00:00
[2026-01-03T14:04:31.608+0000] {processor.py:183} INFO - Processing /opt/airflow/dags/prediction_dag.py took 0.993 seconds
[2026-01-03T14:05:01.970+0000] {processor.py:161} INFO - Started process (PID=34024) to work on /opt/airflow/dags/prediction_dag.py
[2026-01-03T14:05:01.971+0000] {processor.py:830} INFO - Processing file /opt/airflow/dags/prediction_dag.py for tasks to queue
[2026-01-03T14:05:01.972+0000] {logging_mixin.py:188} INFO - [2026-01-03T14:05:01.972+0000] {dagbag.py:540} INFO - Filling up the DagBag from /opt/airflow/dags/prediction_dag.py
[2026-01-03T14:05:01.988+0000] {processor.py:840} INFO - DAG(s) 'prediction_dag' retrieved from /opt/airflow/dags/prediction_dag.py
[2026-01-03T14:05:02.018+0000] {logging_mixin.py:188} INFO - [2026-01-03T14:05:02.017+0000] {dag.py:3047} INFO - Sync 1 DAGs
[2026-01-03T14:05:02.037+0000] {logging_mixin.py:188} INFO - [2026-01-03T14:05:02.037+0000] {dag.py:3834} INFO - Setting next_dagrun for prediction_dag to 2026-01-03 14:04:00+00:00, run_after=2026-01-03 14:06:00+00:00
[2026-01-03T14:05:02.049+0000] {processor.py:183} INFO - Processing /opt/airflow/dags/prediction_dag.py took 0.084 seconds
[2026-01-03T14:05:32.167+0000] {processor.py:161} INFO - Started process (PID=34095) to work on /opt/airflow/dags/prediction_dag.py
[2026-01-03T14:05:32.171+0000] {processor.py:830} INFO - Processing file /opt/airflow/dags/prediction_dag.py for tasks to queue
[2026-01-03T14:05:32.172+0000] {logging_mixin.py:188} INFO - [2026-01-03T14:05:32.172+0000] {dagbag.py:540} INFO - Filling up the DagBag from /opt/airflow/dags/prediction_dag.py
[2026-01-03T14:05:32.184+0000] {processor.py:840} INFO - DAG(s) 'prediction_dag' retrieved from /opt/airflow/dags/prediction_dag.py
[2026-01-03T14:05:32.209+0000] {logging_mixin.py:188} INFO - [2026-01-03T14:05:32.209+0000] {dag.py:3047} INFO - Sync 1 DAGs
[2026-01-03T14:05:32.229+0000] {logging_mixin.py:188} INFO - [2026-01-03T14:05:32.229+0000] {dag.py:3834} INFO - Setting next_dagrun for prediction_dag to 2026-01-03 14:04:00+00:00, run_after=2026-01-03 14:06:00+00:00
[2026-01-03T14:05:32.319+0000] {processor.py:183} INFO - Processing /opt/airflow/dags/prediction_dag.py took 0.155 seconds
[2026-01-03T14:06:02.527+0000] {processor.py:161} INFO - Started process (PID=34116) to work on /opt/airflow/dags/prediction_dag.py
[2026-01-03T14:06:02.529+0000] {processor.py:830} INFO - Processing file /opt/airflow/dags/prediction_dag.py for tasks to queue
[2026-01-03T14:06:02.531+0000] {logging_mixin.py:188} INFO - [2026-01-03T14:06:02.531+0000] {dagbag.py:540} INFO - Filling up the DagBag from /opt/airflow/dags/prediction_dag.py
[2026-01-03T14:06:02.564+0000] {processor.py:840} INFO - DAG(s) 'prediction_dag' retrieved from /opt/airflow/dags/prediction_dag.py
[2026-01-03T14:06:02.606+0000] {logging_mixin.py:188} INFO - [2026-01-03T14:06:02.605+0000] {dag.py:3047} INFO - Sync 1 DAGs
[2026-01-03T14:06:02.634+0000] {logging_mixin.py:188} INFO - [2026-01-03T14:06:02.634+0000] {dag.py:3834} INFO - Setting next_dagrun for prediction_dag to 2026-01-03 14:06:00+00:00, run_after=2026-01-03 14:08:00+00:00
[2026-01-03T14:06:02.658+0000] {processor.py:183} INFO - Processing /opt/airflow/dags/prediction_dag.py took 0.136 seconds
[2026-01-03T14:06:32.787+0000] {processor.py:161} INFO - Started process (PID=34186) to work on /opt/airflow/dags/prediction_dag.py
[2026-01-03T14:06:32.790+0000] {processor.py:830} INFO - Processing file /opt/airflow/dags/prediction_dag.py for tasks to queue
[2026-01-03T14:06:32.791+0000] {logging_mixin.py:188} INFO - [2026-01-03T14:06:32.791+0000] {dagbag.py:540} INFO - Filling up the DagBag from /opt/airflow/dags/prediction_dag.py
[2026-01-03T14:06:32.822+0000] {processor.py:840} INFO - DAG(s) 'prediction_dag' retrieved from /opt/airflow/dags/prediction_dag.py
[2026-01-03T14:06:32.870+0000] {logging_mixin.py:188} INFO - [2026-01-03T14:06:32.870+0000] {dag.py:3047} INFO - Sync 1 DAGs
[2026-01-03T14:06:32.902+0000] {logging_mixin.py:188} INFO - [2026-01-03T14:06:32.902+0000] {dag.py:3834} INFO - Setting next_dagrun for prediction_dag to 2026-01-03 14:06:00+00:00, run_after=2026-01-03 14:08:00+00:00
[2026-01-03T14:06:32.927+0000] {processor.py:183} INFO - Processing /opt/airflow/dags/prediction_dag.py took 0.156 seconds
[2026-01-03T14:07:03.179+0000] {processor.py:161} INFO - Started process (PID=34223) to work on /opt/airflow/dags/prediction_dag.py
[2026-01-03T14:07:03.181+0000] {processor.py:830} INFO - Processing file /opt/airflow/dags/prediction_dag.py for tasks to queue
[2026-01-03T14:07:03.181+0000] {logging_mixin.py:188} INFO - [2026-01-03T14:07:03.181+0000] {dagbag.py:540} INFO - Filling up the DagBag from /opt/airflow/dags/prediction_dag.py
[2026-01-03T14:07:03.201+0000] {processor.py:840} INFO - DAG(s) 'prediction_dag' retrieved from /opt/airflow/dags/prediction_dag.py
[2026-01-03T14:07:03.233+0000] {logging_mixin.py:188} INFO - [2026-01-03T14:07:03.233+0000] {dag.py:3047} INFO - Sync 1 DAGs
[2026-01-03T14:07:03.263+0000] {logging_mixin.py:188} INFO - [2026-01-03T14:07:03.263+0000] {dag.py:3834} INFO - Setting next_dagrun for prediction_dag to 2026-01-03 14:06:00+00:00, run_after=2026-01-03 14:08:00+00:00
[2026-01-03T14:07:03.276+0000] {processor.py:183} INFO - Processing /opt/airflow/dags/prediction_dag.py took 0.100 seconds
[2026-01-03T14:07:33.645+0000] {processor.py:161} INFO - Started process (PID=34284) to work on /opt/airflow/dags/prediction_dag.py
[2026-01-03T14:07:33.648+0000] {processor.py:830} INFO - Processing file /opt/airflow/dags/prediction_dag.py for tasks to queue
[2026-01-03T14:07:33.649+0000] {logging_mixin.py:188} INFO - [2026-01-03T14:07:33.648+0000] {dagbag.py:540} INFO - Filling up the DagBag from /opt/airflow/dags/prediction_dag.py
[2026-01-03T14:07:33.679+0000] {processor.py:840} INFO - DAG(s) 'prediction_dag' retrieved from /opt/airflow/dags/prediction_dag.py
[2026-01-03T14:07:33.728+0000] {logging_mixin.py:188} INFO - [2026-01-03T14:07:33.728+0000] {dag.py:3047} INFO - Sync 1 DAGs
[2026-01-03T14:07:33.757+0000] {logging_mixin.py:188} INFO - [2026-01-03T14:07:33.756+0000] {dag.py:3834} INFO - Setting next_dagrun for prediction_dag to 2026-01-03 14:06:00+00:00, run_after=2026-01-03 14:08:00+00:00
[2026-01-03T14:07:33.772+0000] {processor.py:183} INFO - Processing /opt/airflow/dags/prediction_dag.py took 0.136 seconds
[2026-01-03T14:08:03.973+0000] {processor.py:161} INFO - Started process (PID=34315) to work on /opt/airflow/dags/prediction_dag.py
[2026-01-03T14:08:03.975+0000] {processor.py:830} INFO - Processing file /opt/airflow/dags/prediction_dag.py for tasks to queue
[2026-01-03T14:08:03.975+0000] {logging_mixin.py:188} INFO - [2026-01-03T14:08:03.975+0000] {dagbag.py:540} INFO - Filling up the DagBag from /opt/airflow/dags/prediction_dag.py
[2026-01-03T14:08:03.990+0000] {processor.py:840} INFO - DAG(s) 'prediction_dag' retrieved from /opt/airflow/dags/prediction_dag.py
[2026-01-03T14:08:04.034+0000] {logging_mixin.py:188} INFO - [2026-01-03T14:08:04.034+0000] {dag.py:3047} INFO - Sync 1 DAGs
[2026-01-03T14:08:04.072+0000] {logging_mixin.py:188} INFO - [2026-01-03T14:08:04.072+0000] {dag.py:3834} INFO - Setting next_dagrun for prediction_dag to 2026-01-03 14:08:00+00:00, run_after=2026-01-03 14:10:00+00:00
[2026-01-03T14:08:04.088+0000] {processor.py:183} INFO - Processing /opt/airflow/dags/prediction_dag.py took 0.121 seconds
[2026-01-03T14:08:34.728+0000] {processor.py:161} INFO - Started process (PID=34388) to work on /opt/airflow/dags/prediction_dag.py
[2026-01-03T14:08:34.730+0000] {processor.py:830} INFO - Processing file /opt/airflow/dags/prediction_dag.py for tasks to queue
[2026-01-03T14:08:34.731+0000] {logging_mixin.py:188} INFO - [2026-01-03T14:08:34.731+0000] {dagbag.py:540} INFO - Filling up the DagBag from /opt/airflow/dags/prediction_dag.py
[2026-01-03T14:08:34.759+0000] {processor.py:840} INFO - DAG(s) 'prediction_dag' retrieved from /opt/airflow/dags/prediction_dag.py
[2026-01-03T14:08:34.808+0000] {logging_mixin.py:188} INFO - [2026-01-03T14:08:34.807+0000] {dag.py:3047} INFO - Sync 1 DAGs
[2026-01-03T14:08:34.837+0000] {logging_mixin.py:188} INFO - [2026-01-03T14:08:34.837+0000] {dag.py:3834} INFO - Setting next_dagrun for prediction_dag to 2026-01-03 14:08:00+00:00, run_after=2026-01-03 14:10:00+00:00
[2026-01-03T14:08:34.852+0000] {processor.py:183} INFO - Processing /opt/airflow/dags/prediction_dag.py took 0.132 seconds
[2026-01-03T14:09:05.178+0000] {processor.py:161} INFO - Started process (PID=34425) to work on /opt/airflow/dags/prediction_dag.py
[2026-01-03T14:09:05.180+0000] {processor.py:830} INFO - Processing file /opt/airflow/dags/prediction_dag.py for tasks to queue
[2026-01-03T14:09:05.181+0000] {logging_mixin.py:188} INFO - [2026-01-03T14:09:05.180+0000] {dagbag.py:540} INFO - Filling up the DagBag from /opt/airflow/dags/prediction_dag.py
[2026-01-03T14:09:05.203+0000] {processor.py:840} INFO - DAG(s) 'prediction_dag' retrieved from /opt/airflow/dags/prediction_dag.py
[2026-01-03T14:09:05.259+0000] {logging_mixin.py:188} INFO - [2026-01-03T14:09:05.259+0000] {dag.py:3047} INFO - Sync 1 DAGs
[2026-01-03T14:09:05.281+0000] {logging_mixin.py:188} INFO - [2026-01-03T14:09:05.281+0000] {dag.py:3834} INFO - Setting next_dagrun for prediction_dag to 2026-01-03 14:08:00+00:00, run_after=2026-01-03 14:10:00+00:00
[2026-01-03T14:09:05.294+0000] {processor.py:183} INFO - Processing /opt/airflow/dags/prediction_dag.py took 0.120 seconds
[2026-01-03T14:09:35.821+0000] {processor.py:161} INFO - Started process (PID=34486) to work on /opt/airflow/dags/prediction_dag.py
[2026-01-03T14:09:35.825+0000] {processor.py:830} INFO - Processing file /opt/airflow/dags/prediction_dag.py for tasks to queue
[2026-01-03T14:09:35.827+0000] {logging_mixin.py:188} INFO - [2026-01-03T14:09:35.826+0000] {dagbag.py:540} INFO - Filling up the DagBag from /opt/airflow/dags/prediction_dag.py
[2026-01-03T14:09:35.861+0000] {processor.py:840} INFO - DAG(s) 'prediction_dag' retrieved from /opt/airflow/dags/prediction_dag.py
[2026-01-03T14:09:35.918+0000] {logging_mixin.py:188} INFO - [2026-01-03T14:09:35.918+0000] {dag.py:3047} INFO - Sync 1 DAGs
[2026-01-03T14:09:35.955+0000] {logging_mixin.py:188} INFO - [2026-01-03T14:09:35.955+0000] {dag.py:3834} INFO - Setting next_dagrun for prediction_dag to 2026-01-03 14:08:00+00:00, run_after=2026-01-03 14:10:00+00:00
[2026-01-03T14:09:35.976+0000] {processor.py:183} INFO - Processing /opt/airflow/dags/prediction_dag.py took 0.171 seconds
[2026-01-03T14:10:06.284+0000] {processor.py:161} INFO - Started process (PID=34531) to work on /opt/airflow/dags/prediction_dag.py
[2026-01-03T14:10:06.286+0000] {processor.py:830} INFO - Processing file /opt/airflow/dags/prediction_dag.py for tasks to queue
[2026-01-03T14:10:06.287+0000] {logging_mixin.py:188} INFO - [2026-01-03T14:10:06.286+0000] {dagbag.py:540} INFO - Filling up the DagBag from /opt/airflow/dags/prediction_dag.py
[2026-01-03T14:10:06.310+0000] {processor.py:840} INFO - DAG(s) 'prediction_dag' retrieved from /opt/airflow/dags/prediction_dag.py
[2026-01-03T14:10:06.354+0000] {logging_mixin.py:188} INFO - [2026-01-03T14:10:06.354+0000] {dag.py:3047} INFO - Sync 1 DAGs
[2026-01-03T14:10:06.385+0000] {logging_mixin.py:188} INFO - [2026-01-03T14:10:06.384+0000] {dag.py:3834} INFO - Setting next_dagrun for prediction_dag to 2026-01-03 14:10:00+00:00, run_after=2026-01-03 14:12:00+00:00
[2026-01-03T14:10:06.405+0000] {processor.py:183} INFO - Processing /opt/airflow/dags/prediction_dag.py took 0.132 seconds
[2026-01-03T14:10:36.810+0000] {processor.py:161} INFO - Started process (PID=34590) to work on /opt/airflow/dags/prediction_dag.py
[2026-01-03T14:10:36.816+0000] {processor.py:830} INFO - Processing file /opt/airflow/dags/prediction_dag.py for tasks to queue
[2026-01-03T14:10:36.817+0000] {logging_mixin.py:188} INFO - [2026-01-03T14:10:36.816+0000] {dagbag.py:540} INFO - Filling up the DagBag from /opt/airflow/dags/prediction_dag.py
[2026-01-03T14:10:36.849+0000] {processor.py:840} INFO - DAG(s) 'prediction_dag' retrieved from /opt/airflow/dags/prediction_dag.py
[2026-01-03T14:10:36.904+0000] {logging_mixin.py:188} INFO - [2026-01-03T14:10:36.904+0000] {dag.py:3047} INFO - Sync 1 DAGs
[2026-01-03T14:10:36.931+0000] {logging_mixin.py:188} INFO - [2026-01-03T14:10:36.931+0000] {dag.py:3834} INFO - Setting next_dagrun for prediction_dag to 2026-01-03 14:10:00+00:00, run_after=2026-01-03 14:12:00+00:00
[2026-01-03T14:10:36.951+0000] {processor.py:183} INFO - Processing /opt/airflow/dags/prediction_dag.py took 0.158 seconds
[2026-01-03T14:11:07.283+0000] {processor.py:161} INFO - Started process (PID=34637) to work on /opt/airflow/dags/prediction_dag.py
[2026-01-03T14:11:07.284+0000] {processor.py:830} INFO - Processing file /opt/airflow/dags/prediction_dag.py for tasks to queue
[2026-01-03T14:11:07.285+0000] {logging_mixin.py:188} INFO - [2026-01-03T14:11:07.285+0000] {dagbag.py:540} INFO - Filling up the DagBag from /opt/airflow/dags/prediction_dag.py
[2026-01-03T14:11:07.299+0000] {processor.py:840} INFO - DAG(s) 'prediction_dag' retrieved from /opt/airflow/dags/prediction_dag.py
[2026-01-03T14:11:07.327+0000] {logging_mixin.py:188} INFO - [2026-01-03T14:11:07.327+0000] {dag.py:3047} INFO - Sync 1 DAGs
[2026-01-03T14:11:07.347+0000] {logging_mixin.py:188} INFO - [2026-01-03T14:11:07.347+0000] {dag.py:3834} INFO - Setting next_dagrun for prediction_dag to 2026-01-03 14:10:00+00:00, run_after=2026-01-03 14:12:00+00:00
[2026-01-03T14:11:07.359+0000] {processor.py:183} INFO - Processing /opt/airflow/dags/prediction_dag.py took 0.081 seconds
[2026-01-03T14:11:37.782+0000] {processor.py:161} INFO - Started process (PID=34688) to work on /opt/airflow/dags/prediction_dag.py
[2026-01-03T14:11:37.785+0000] {processor.py:830} INFO - Processing file /opt/airflow/dags/prediction_dag.py for tasks to queue
[2026-01-03T14:11:37.787+0000] {logging_mixin.py:188} INFO - [2026-01-03T14:11:37.786+0000] {dagbag.py:540} INFO - Filling up the DagBag from /opt/airflow/dags/prediction_dag.py
[2026-01-03T14:11:37.817+0000] {processor.py:840} INFO - DAG(s) 'prediction_dag' retrieved from /opt/airflow/dags/prediction_dag.py
[2026-01-03T14:11:37.867+0000] {logging_mixin.py:188} INFO - [2026-01-03T14:11:37.867+0000] {dag.py:3047} INFO - Sync 1 DAGs
[2026-01-03T14:11:37.899+0000] {logging_mixin.py:188} INFO - [2026-01-03T14:11:37.899+0000] {dag.py:3834} INFO - Setting next_dagrun for prediction_dag to 2026-01-03 14:10:00+00:00, run_after=2026-01-03 14:12:00+00:00
[2026-01-03T14:11:37.918+0000] {processor.py:183} INFO - Processing /opt/airflow/dags/prediction_dag.py took 0.147 seconds
[2026-01-03T14:12:08.210+0000] {processor.py:161} INFO - Started process (PID=34744) to work on /opt/airflow/dags/prediction_dag.py
[2026-01-03T14:12:08.213+0000] {processor.py:830} INFO - Processing file /opt/airflow/dags/prediction_dag.py for tasks to queue
[2026-01-03T14:12:08.214+0000] {logging_mixin.py:188} INFO - [2026-01-03T14:12:08.213+0000] {dagbag.py:540} INFO - Filling up the DagBag from /opt/airflow/dags/prediction_dag.py
[2026-01-03T14:12:08.233+0000] {processor.py:840} INFO - DAG(s) 'prediction_dag' retrieved from /opt/airflow/dags/prediction_dag.py
[2026-01-03T14:12:08.259+0000] {logging_mixin.py:188} INFO - [2026-01-03T14:12:08.259+0000] {dag.py:3047} INFO - Sync 1 DAGs
[2026-01-03T14:12:08.276+0000] {logging_mixin.py:188} INFO - [2026-01-03T14:12:08.276+0000] {dag.py:3834} INFO - Setting next_dagrun for prediction_dag to 2026-01-03 14:12:00+00:00, run_after=2026-01-03 14:14:00+00:00
[2026-01-03T14:12:08.293+0000] {processor.py:183} INFO - Processing /opt/airflow/dags/prediction_dag.py took 0.088 seconds
[2026-01-03T14:12:38.689+0000] {processor.py:161} INFO - Started process (PID=34792) to work on /opt/airflow/dags/prediction_dag.py
[2026-01-03T14:12:38.691+0000] {processor.py:830} INFO - Processing file /opt/airflow/dags/prediction_dag.py for tasks to queue
[2026-01-03T14:12:38.692+0000] {logging_mixin.py:188} INFO - [2026-01-03T14:12:38.692+0000] {dagbag.py:540} INFO - Filling up the DagBag from /opt/airflow/dags/prediction_dag.py
[2026-01-03T14:12:38.720+0000] {processor.py:840} INFO - DAG(s) 'prediction_dag' retrieved from /opt/airflow/dags/prediction_dag.py
[2026-01-03T14:12:38.751+0000] {logging_mixin.py:188} INFO - [2026-01-03T14:12:38.751+0000] {dag.py:3047} INFO - Sync 1 DAGs
[2026-01-03T14:12:38.772+0000] {logging_mixin.py:188} INFO - [2026-01-03T14:12:38.772+0000] {dag.py:3834} INFO - Setting next_dagrun for prediction_dag to 2026-01-03 14:12:00+00:00, run_after=2026-01-03 14:14:00+00:00
[2026-01-03T14:12:38.785+0000] {processor.py:183} INFO - Processing /opt/airflow/dags/prediction_dag.py took 0.102 seconds
[2026-01-03T14:13:09.212+0000] {processor.py:161} INFO - Started process (PID=34830) to work on /opt/airflow/dags/prediction_dag.py
[2026-01-03T14:13:09.214+0000] {processor.py:830} INFO - Processing file /opt/airflow/dags/prediction_dag.py for tasks to queue
[2026-01-03T14:13:09.221+0000] {logging_mixin.py:188} INFO - [2026-01-03T14:13:09.216+0000] {dagbag.py:540} INFO - Filling up the DagBag from /opt/airflow/dags/prediction_dag.py
[2026-01-03T14:13:09.259+0000] {processor.py:840} INFO - DAG(s) 'prediction_dag' retrieved from /opt/airflow/dags/prediction_dag.py
[2026-01-03T14:13:09.330+0000] {logging_mixin.py:188} INFO - [2026-01-03T14:13:09.329+0000] {dag.py:3047} INFO - Sync 1 DAGs
[2026-01-03T14:13:09.377+0000] {logging_mixin.py:188} INFO - [2026-01-03T14:13:09.377+0000] {dag.py:3834} INFO - Setting next_dagrun for prediction_dag to 2026-01-03 14:12:00+00:00, run_after=2026-01-03 14:14:00+00:00
[2026-01-03T14:13:09.475+0000] {processor.py:183} INFO - Processing /opt/airflow/dags/prediction_dag.py took 0.274 seconds
[2026-01-03T14:13:39.670+0000] {processor.py:161} INFO - Started process (PID=34877) to work on /opt/airflow/dags/prediction_dag.py
[2026-01-03T14:13:39.677+0000] {processor.py:830} INFO - Processing file /opt/airflow/dags/prediction_dag.py for tasks to queue
[2026-01-03T14:13:39.684+0000] {logging_mixin.py:188} INFO - [2026-01-03T14:13:39.679+0000] {dagbag.py:540} INFO - Filling up the DagBag from /opt/airflow/dags/prediction_dag.py
[2026-01-03T14:13:39.737+0000] {processor.py:840} INFO - DAG(s) 'prediction_dag' retrieved from /opt/airflow/dags/prediction_dag.py
[2026-01-03T14:13:39.816+0000] {logging_mixin.py:188} INFO - [2026-01-03T14:13:39.816+0000] {dag.py:3047} INFO - Sync 1 DAGs
[2026-01-03T14:13:39.962+0000] {logging_mixin.py:188} INFO - [2026-01-03T14:13:39.960+0000] {dag.py:3834} INFO - Setting next_dagrun for prediction_dag to 2026-01-03 14:12:00+00:00, run_after=2026-01-03 14:14:00+00:00
[2026-01-03T14:13:40.065+0000] {processor.py:183} INFO - Processing /opt/airflow/dags/prediction_dag.py took 0.414 seconds
[2026-01-03T14:14:10.152+0000] {processor.py:161} INFO - Started process (PID=34960) to work on /opt/airflow/dags/prediction_dag.py
[2026-01-03T14:14:10.155+0000] {processor.py:830} INFO - Processing file /opt/airflow/dags/prediction_dag.py for tasks to queue
[2026-01-03T14:14:10.156+0000] {logging_mixin.py:188} INFO - [2026-01-03T14:14:10.155+0000] {dagbag.py:540} INFO - Filling up the DagBag from /opt/airflow/dags/prediction_dag.py
[2026-01-03T14:14:10.176+0000] {processor.py:840} INFO - DAG(s) 'prediction_dag' retrieved from /opt/airflow/dags/prediction_dag.py
[2026-01-03T14:14:10.216+0000] {logging_mixin.py:188} INFO - [2026-01-03T14:14:10.215+0000] {dag.py:3047} INFO - Sync 1 DAGs
[2026-01-03T14:14:10.255+0000] {logging_mixin.py:188} INFO - [2026-01-03T14:14:10.255+0000] {dag.py:3834} INFO - Setting next_dagrun for prediction_dag to 2026-01-03 14:14:00+00:00, run_after=2026-01-03 14:16:00+00:00
[2026-01-03T14:14:10.269+0000] {processor.py:183} INFO - Processing /opt/airflow/dags/prediction_dag.py took 0.126 seconds
[2026-01-03T14:14:40.450+0000] {processor.py:161} INFO - Started process (PID=34981) to work on /opt/airflow/dags/prediction_dag.py
[2026-01-03T14:14:40.453+0000] {processor.py:830} INFO - Processing file /opt/airflow/dags/prediction_dag.py for tasks to queue
[2026-01-03T14:14:40.454+0000] {logging_mixin.py:188} INFO - [2026-01-03T14:14:40.454+0000] {dagbag.py:540} INFO - Filling up the DagBag from /opt/airflow/dags/prediction_dag.py
[2026-01-03T14:14:40.488+0000] {processor.py:840} INFO - DAG(s) 'prediction_dag' retrieved from /opt/airflow/dags/prediction_dag.py
[2026-01-03T14:14:40.542+0000] {logging_mixin.py:188} INFO - [2026-01-03T14:14:40.542+0000] {dag.py:3047} INFO - Sync 1 DAGs
[2026-01-03T14:14:40.570+0000] {logging_mixin.py:188} INFO - [2026-01-03T14:14:40.570+0000] {dag.py:3834} INFO - Setting next_dagrun for prediction_dag to 2026-01-03 14:14:00+00:00, run_after=2026-01-03 14:16:00+00:00
[2026-01-03T14:14:40.583+0000] {processor.py:183} INFO - Processing /opt/airflow/dags/prediction_dag.py took 0.146 seconds
[2026-01-03T14:15:10.905+0000] {processor.py:161} INFO - Started process (PID=35061) to work on /opt/airflow/dags/prediction_dag.py
[2026-01-03T14:15:10.907+0000] {processor.py:830} INFO - Processing file /opt/airflow/dags/prediction_dag.py for tasks to queue
[2026-01-03T14:15:10.909+0000] {logging_mixin.py:188} INFO - [2026-01-03T14:15:10.908+0000] {dagbag.py:540} INFO - Filling up the DagBag from /opt/airflow/dags/prediction_dag.py
[2026-01-03T14:15:10.930+0000] {processor.py:840} INFO - DAG(s) 'prediction_dag' retrieved from /opt/airflow/dags/prediction_dag.py
[2026-01-03T14:15:10.964+0000] {logging_mixin.py:188} INFO - [2026-01-03T14:15:10.964+0000] {dag.py:3047} INFO - Sync 1 DAGs
[2026-01-03T14:15:10.983+0000] {logging_mixin.py:188} INFO - [2026-01-03T14:15:10.983+0000] {dag.py:3834} INFO - Setting next_dagrun for prediction_dag to 2026-01-03 14:14:00+00:00, run_after=2026-01-03 14:16:00+00:00
[2026-01-03T14:15:10.997+0000] {processor.py:183} INFO - Processing /opt/airflow/dags/prediction_dag.py took 0.099 seconds
[2026-01-03T14:15:41.243+0000] {processor.py:161} INFO - Started process (PID=35079) to work on /opt/airflow/dags/prediction_dag.py
[2026-01-03T14:15:41.245+0000] {processor.py:830} INFO - Processing file /opt/airflow/dags/prediction_dag.py for tasks to queue
[2026-01-03T14:15:41.247+0000] {logging_mixin.py:188} INFO - [2026-01-03T14:15:41.247+0000] {dagbag.py:540} INFO - Filling up the DagBag from /opt/airflow/dags/prediction_dag.py
[2026-01-03T14:15:41.274+0000] {processor.py:840} INFO - DAG(s) 'prediction_dag' retrieved from /opt/airflow/dags/prediction_dag.py
[2026-01-03T14:15:41.329+0000] {logging_mixin.py:188} INFO - [2026-01-03T14:15:41.329+0000] {dag.py:3047} INFO - Sync 1 DAGs
[2026-01-03T14:15:41.360+0000] {logging_mixin.py:188} INFO - [2026-01-03T14:15:41.359+0000] {dag.py:3834} INFO - Setting next_dagrun for prediction_dag to 2026-01-03 14:14:00+00:00, run_after=2026-01-03 14:16:00+00:00
[2026-01-03T14:15:41.373+0000] {processor.py:183} INFO - Processing /opt/airflow/dags/prediction_dag.py took 0.146 seconds
[2026-01-03T14:16:11.606+0000] {processor.py:161} INFO - Started process (PID=35162) to work on /opt/airflow/dags/prediction_dag.py
[2026-01-03T14:16:11.608+0000] {processor.py:830} INFO - Processing file /opt/airflow/dags/prediction_dag.py for tasks to queue
[2026-01-03T14:16:11.610+0000] {logging_mixin.py:188} INFO - [2026-01-03T14:16:11.609+0000] {dagbag.py:540} INFO - Filling up the DagBag from /opt/airflow/dags/prediction_dag.py
[2026-01-03T14:16:11.633+0000] {processor.py:840} INFO - DAG(s) 'prediction_dag' retrieved from /opt/airflow/dags/prediction_dag.py
[2026-01-03T14:16:11.678+0000] {logging_mixin.py:188} INFO - [2026-01-03T14:16:11.678+0000] {dag.py:3047} INFO - Sync 1 DAGs
[2026-01-03T14:16:11.707+0000] {logging_mixin.py:188} INFO - [2026-01-03T14:16:11.707+0000] {dag.py:3834} INFO - Setting next_dagrun for prediction_dag to 2026-01-03 14:16:00+00:00, run_after=2026-01-03 14:18:00+00:00
[2026-01-03T14:16:11.720+0000] {processor.py:183} INFO - Processing /opt/airflow/dags/prediction_dag.py took 0.118 seconds
[2026-01-03T14:16:42.092+0000] {processor.py:161} INFO - Started process (PID=35183) to work on /opt/airflow/dags/prediction_dag.py
[2026-01-03T14:16:42.095+0000] {processor.py:830} INFO - Processing file /opt/airflow/dags/prediction_dag.py for tasks to queue
[2026-01-03T14:16:42.097+0000] {logging_mixin.py:188} INFO - [2026-01-03T14:16:42.096+0000] {dagbag.py:540} INFO - Filling up the DagBag from /opt/airflow/dags/prediction_dag.py
[2026-01-03T14:16:42.129+0000] {processor.py:840} INFO - DAG(s) 'prediction_dag' retrieved from /opt/airflow/dags/prediction_dag.py
[2026-01-03T14:16:42.181+0000] {logging_mixin.py:188} INFO - [2026-01-03T14:16:42.181+0000] {dag.py:3047} INFO - Sync 1 DAGs
[2026-01-03T14:16:42.211+0000] {logging_mixin.py:188} INFO - [2026-01-03T14:16:42.211+0000] {dag.py:3834} INFO - Setting next_dagrun for prediction_dag to 2026-01-03 14:16:00+00:00, run_after=2026-01-03 14:18:00+00:00
[2026-01-03T14:16:42.225+0000] {processor.py:183} INFO - Processing /opt/airflow/dags/prediction_dag.py took 0.148 seconds
[2026-01-03T14:17:12.532+0000] {processor.py:161} INFO - Started process (PID=35263) to work on /opt/airflow/dags/prediction_dag.py
[2026-01-03T14:17:12.534+0000] {processor.py:830} INFO - Processing file /opt/airflow/dags/prediction_dag.py for tasks to queue
[2026-01-03T14:17:12.535+0000] {logging_mixin.py:188} INFO - [2026-01-03T14:17:12.535+0000] {dagbag.py:540} INFO - Filling up the DagBag from /opt/airflow/dags/prediction_dag.py
[2026-01-03T14:17:12.577+0000] {processor.py:840} INFO - DAG(s) 'prediction_dag' retrieved from /opt/airflow/dags/prediction_dag.py
[2026-01-03T14:17:12.608+0000] {logging_mixin.py:188} INFO - [2026-01-03T14:17:12.608+0000] {dag.py:3047} INFO - Sync 1 DAGs
[2026-01-03T14:17:12.634+0000] {logging_mixin.py:188} INFO - [2026-01-03T14:17:12.634+0000] {dag.py:3834} INFO - Setting next_dagrun for prediction_dag to 2026-01-03 14:16:00+00:00, run_after=2026-01-03 14:18:00+00:00
[2026-01-03T14:17:12.649+0000] {processor.py:183} INFO - Processing /opt/airflow/dags/prediction_dag.py took 0.130 seconds
[2026-01-03T14:17:43.105+0000] {processor.py:161} INFO - Started process (PID=35281) to work on /opt/airflow/dags/prediction_dag.py
[2026-01-03T14:17:43.108+0000] {processor.py:830} INFO - Processing file /opt/airflow/dags/prediction_dag.py for tasks to queue
[2026-01-03T14:17:43.110+0000] {logging_mixin.py:188} INFO - [2026-01-03T14:17:43.109+0000] {dagbag.py:540} INFO - Filling up the DagBag from /opt/airflow/dags/prediction_dag.py
[2026-01-03T14:17:43.136+0000] {processor.py:840} INFO - DAG(s) 'prediction_dag' retrieved from /opt/airflow/dags/prediction_dag.py
[2026-01-03T14:17:43.219+0000] {logging_mixin.py:188} INFO - [2026-01-03T14:17:43.219+0000] {dag.py:3047} INFO - Sync 1 DAGs
[2026-01-03T14:17:43.250+0000] {logging_mixin.py:188} INFO - [2026-01-03T14:17:43.250+0000] {dag.py:3834} INFO - Setting next_dagrun for prediction_dag to 2026-01-03 14:16:00+00:00, run_after=2026-01-03 14:18:00+00:00
[2026-01-03T14:17:43.265+0000] {processor.py:183} INFO - Processing /opt/airflow/dags/prediction_dag.py took 0.173 seconds
[2026-01-03T14:18:13.363+0000] {processor.py:161} INFO - Started process (PID=35367) to work on /opt/airflow/dags/prediction_dag.py
[2026-01-03T14:18:13.365+0000] {processor.py:830} INFO - Processing file /opt/airflow/dags/prediction_dag.py for tasks to queue
[2026-01-03T14:18:13.366+0000] {logging_mixin.py:188} INFO - [2026-01-03T14:18:13.366+0000] {dagbag.py:540} INFO - Filling up the DagBag from /opt/airflow/dags/prediction_dag.py
[2026-01-03T14:18:13.389+0000] {processor.py:840} INFO - DAG(s) 'prediction_dag' retrieved from /opt/airflow/dags/prediction_dag.py
[2026-01-03T14:18:13.421+0000] {logging_mixin.py:188} INFO - [2026-01-03T14:18:13.421+0000] {dag.py:3047} INFO - Sync 1 DAGs
[2026-01-03T14:18:13.445+0000] {logging_mixin.py:188} INFO - [2026-01-03T14:18:13.445+0000] {dag.py:3834} INFO - Setting next_dagrun for prediction_dag to 2026-01-03 14:18:00+00:00, run_after=2026-01-03 14:20:00+00:00
[2026-01-03T14:18:13.464+0000] {processor.py:183} INFO - Processing /opt/airflow/dags/prediction_dag.py took 0.107 seconds
[2026-01-03T14:18:43.567+0000] {processor.py:161} INFO - Started process (PID=35385) to work on /opt/airflow/dags/prediction_dag.py
[2026-01-03T14:18:43.568+0000] {processor.py:830} INFO - Processing file /opt/airflow/dags/prediction_dag.py for tasks to queue
[2026-01-03T14:18:43.569+0000] {logging_mixin.py:188} INFO - [2026-01-03T14:18:43.569+0000] {dagbag.py:540} INFO - Filling up the DagBag from /opt/airflow/dags/prediction_dag.py
[2026-01-03T14:18:43.592+0000] {processor.py:840} INFO - DAG(s) 'prediction_dag' retrieved from /opt/airflow/dags/prediction_dag.py
[2026-01-03T14:18:43.632+0000] {logging_mixin.py:188} INFO - [2026-01-03T14:18:43.631+0000] {dag.py:3047} INFO - Sync 1 DAGs
[2026-01-03T14:18:43.661+0000] {logging_mixin.py:188} INFO - [2026-01-03T14:18:43.660+0000] {dag.py:3834} INFO - Setting next_dagrun for prediction_dag to 2026-01-03 14:18:00+00:00, run_after=2026-01-03 14:20:00+00:00
[2026-01-03T14:18:43.673+0000] {processor.py:183} INFO - Processing /opt/airflow/dags/prediction_dag.py took 0.111 seconds
[2026-01-03T14:19:14.025+0000] {processor.py:161} INFO - Started process (PID=35465) to work on /opt/airflow/dags/prediction_dag.py
[2026-01-03T14:19:14.029+0000] {processor.py:830} INFO - Processing file /opt/airflow/dags/prediction_dag.py for tasks to queue
[2026-01-03T14:19:14.032+0000] {logging_mixin.py:188} INFO - [2026-01-03T14:19:14.031+0000] {dagbag.py:540} INFO - Filling up the DagBag from /opt/airflow/dags/prediction_dag.py
[2026-01-03T14:19:14.093+0000] {processor.py:840} INFO - DAG(s) 'prediction_dag' retrieved from /opt/airflow/dags/prediction_dag.py
[2026-01-03T14:19:14.138+0000] {logging_mixin.py:188} INFO - [2026-01-03T14:19:14.137+0000] {dag.py:3047} INFO - Sync 1 DAGs
[2026-01-03T14:19:14.165+0000] {logging_mixin.py:188} INFO - [2026-01-03T14:19:14.164+0000] {dag.py:3834} INFO - Setting next_dagrun for prediction_dag to 2026-01-03 14:18:00+00:00, run_after=2026-01-03 14:20:00+00:00
[2026-01-03T14:19:14.178+0000] {processor.py:183} INFO - Processing /opt/airflow/dags/prediction_dag.py took 0.169 seconds
[2026-01-03T14:19:44.594+0000] {processor.py:161} INFO - Started process (PID=35483) to work on /opt/airflow/dags/prediction_dag.py
[2026-01-03T14:19:44.599+0000] {processor.py:830} INFO - Processing file /opt/airflow/dags/prediction_dag.py for tasks to queue
[2026-01-03T14:19:44.601+0000] {logging_mixin.py:188} INFO - [2026-01-03T14:19:44.600+0000] {dagbag.py:540} INFO - Filling up the DagBag from /opt/airflow/dags/prediction_dag.py
[2026-01-03T14:19:44.631+0000] {processor.py:840} INFO - DAG(s) 'prediction_dag' retrieved from /opt/airflow/dags/prediction_dag.py
[2026-01-03T14:19:44.676+0000] {logging_mixin.py:188} INFO - [2026-01-03T14:19:44.676+0000] {dag.py:3047} INFO - Sync 1 DAGs
[2026-01-03T14:19:44.704+0000] {logging_mixin.py:188} INFO - [2026-01-03T14:19:44.704+0000] {dag.py:3834} INFO - Setting next_dagrun for prediction_dag to 2026-01-03 14:18:00+00:00, run_after=2026-01-03 14:20:00+00:00
[2026-01-03T14:19:44.717+0000] {processor.py:183} INFO - Processing /opt/airflow/dags/prediction_dag.py took 0.137 seconds
[2026-01-03T14:20:15.023+0000] {processor.py:161} INFO - Started process (PID=35569) to work on /opt/airflow/dags/prediction_dag.py
[2026-01-03T14:20:15.025+0000] {processor.py:830} INFO - Processing file /opt/airflow/dags/prediction_dag.py for tasks to queue
[2026-01-03T14:20:15.027+0000] {logging_mixin.py:188} INFO - [2026-01-03T14:20:15.026+0000] {dagbag.py:540} INFO - Filling up the DagBag from /opt/airflow/dags/prediction_dag.py
[2026-01-03T14:20:15.060+0000] {processor.py:840} INFO - DAG(s) 'prediction_dag' retrieved from /opt/airflow/dags/prediction_dag.py
[2026-01-03T14:20:15.097+0000] {logging_mixin.py:188} INFO - [2026-01-03T14:20:15.097+0000] {dag.py:3047} INFO - Sync 1 DAGs
[2026-01-03T14:20:15.126+0000] {logging_mixin.py:188} INFO - [2026-01-03T14:20:15.126+0000] {dag.py:3834} INFO - Setting next_dagrun for prediction_dag to 2026-01-03 14:20:00+00:00, run_after=2026-01-03 14:22:00+00:00
[2026-01-03T14:20:15.146+0000] {processor.py:183} INFO - Processing /opt/airflow/dags/prediction_dag.py took 0.129 seconds
[2026-01-03T14:20:45.274+0000] {processor.py:161} INFO - Started process (PID=35587) to work on /opt/airflow/dags/prediction_dag.py
[2026-01-03T14:20:45.275+0000] {processor.py:830} INFO - Processing file /opt/airflow/dags/prediction_dag.py for tasks to queue
[2026-01-03T14:20:45.276+0000] {logging_mixin.py:188} INFO - [2026-01-03T14:20:45.276+0000] {dagbag.py:540} INFO - Filling up the DagBag from /opt/airflow/dags/prediction_dag.py
[2026-01-03T14:20:45.288+0000] {processor.py:840} INFO - DAG(s) 'prediction_dag' retrieved from /opt/airflow/dags/prediction_dag.py
[2026-01-03T14:20:45.306+0000] {logging_mixin.py:188} INFO - [2026-01-03T14:20:45.306+0000] {dag.py:3047} INFO - Sync 1 DAGs
[2026-01-03T14:20:45.321+0000] {logging_mixin.py:188} INFO - [2026-01-03T14:20:45.321+0000] {dag.py:3834} INFO - Setting next_dagrun for prediction_dag to 2026-01-03 14:20:00+00:00, run_after=2026-01-03 14:22:00+00:00
[2026-01-03T14:20:45.331+0000] {processor.py:183} INFO - Processing /opt/airflow/dags/prediction_dag.py took 0.066 seconds
[2026-01-03T14:21:15.943+0000] {processor.py:161} INFO - Started process (PID=35657) to work on /opt/airflow/dags/prediction_dag.py
[2026-01-03T14:21:15.945+0000] {processor.py:830} INFO - Processing file /opt/airflow/dags/prediction_dag.py for tasks to queue
[2026-01-03T14:21:15.947+0000] {logging_mixin.py:188} INFO - [2026-01-03T14:21:15.946+0000] {dagbag.py:540} INFO - Filling up the DagBag from /opt/airflow/dags/prediction_dag.py
[2026-01-03T14:21:15.989+0000] {processor.py:840} INFO - DAG(s) 'prediction_dag' retrieved from /opt/airflow/dags/prediction_dag.py
[2026-01-03T14:21:16.052+0000] {logging_mixin.py:188} INFO - [2026-01-03T14:21:16.052+0000] {dag.py:3047} INFO - Sync 1 DAGs
[2026-01-03T14:21:16.082+0000] {logging_mixin.py:188} INFO - [2026-01-03T14:21:16.082+0000] {dag.py:3834} INFO - Setting next_dagrun for prediction_dag to 2026-01-03 14:20:00+00:00, run_after=2026-01-03 14:22:00+00:00
[2026-01-03T14:21:16.099+0000] {processor.py:183} INFO - Processing /opt/airflow/dags/prediction_dag.py took 0.164 seconds
[2026-01-03T14:21:46.482+0000] {processor.py:161} INFO - Started process (PID=35672) to work on /opt/airflow/dags/prediction_dag.py
[2026-01-03T14:21:46.485+0000] {processor.py:830} INFO - Processing file /opt/airflow/dags/prediction_dag.py for tasks to queue
[2026-01-03T14:21:46.486+0000] {logging_mixin.py:188} INFO - [2026-01-03T14:21:46.485+0000] {dagbag.py:540} INFO - Filling up the DagBag from /opt/airflow/dags/prediction_dag.py
[2026-01-03T14:21:46.517+0000] {processor.py:840} INFO - DAG(s) 'prediction_dag' retrieved from /opt/airflow/dags/prediction_dag.py
[2026-01-03T14:21:46.562+0000] {logging_mixin.py:188} INFO - [2026-01-03T14:21:46.562+0000] {dag.py:3047} INFO - Sync 1 DAGs
[2026-01-03T14:21:46.594+0000] {logging_mixin.py:188} INFO - [2026-01-03T14:21:46.594+0000] {dag.py:3834} INFO - Setting next_dagrun for prediction_dag to 2026-01-03 14:20:00+00:00, run_after=2026-01-03 14:22:00+00:00
[2026-01-03T14:21:46.616+0000] {processor.py:183} INFO - Processing /opt/airflow/dags/prediction_dag.py took 0.148 seconds
[2026-01-03T14:22:17.109+0000] {processor.py:161} INFO - Started process (PID=35758) to work on /opt/airflow/dags/prediction_dag.py
[2026-01-03T14:22:17.111+0000] {processor.py:830} INFO - Processing file /opt/airflow/dags/prediction_dag.py for tasks to queue
[2026-01-03T14:22:17.113+0000] {logging_mixin.py:188} INFO - [2026-01-03T14:22:17.112+0000] {dagbag.py:540} INFO - Filling up the DagBag from /opt/airflow/dags/prediction_dag.py
[2026-01-03T14:22:17.143+0000] {processor.py:840} INFO - DAG(s) 'prediction_dag' retrieved from /opt/airflow/dags/prediction_dag.py
[2026-01-03T14:22:17.184+0000] {logging_mixin.py:188} INFO - [2026-01-03T14:22:17.184+0000] {dag.py:3047} INFO - Sync 1 DAGs
[2026-01-03T14:22:17.219+0000] {logging_mixin.py:188} INFO - [2026-01-03T14:22:17.219+0000] {dag.py:3834} INFO - Setting next_dagrun for prediction_dag to 2026-01-03 14:22:00+00:00, run_after=2026-01-03 14:24:00+00:00
[2026-01-03T14:22:17.234+0000] {processor.py:183} INFO - Processing /opt/airflow/dags/prediction_dag.py took 0.139 seconds
[2026-01-03T14:22:47.600+0000] {processor.py:161} INFO - Started process (PID=35776) to work on /opt/airflow/dags/prediction_dag.py
[2026-01-03T14:22:47.604+0000] {processor.py:830} INFO - Processing file /opt/airflow/dags/prediction_dag.py for tasks to queue
[2026-01-03T14:22:47.606+0000] {logging_mixin.py:188} INFO - [2026-01-03T14:22:47.605+0000] {dagbag.py:540} INFO - Filling up the DagBag from /opt/airflow/dags/prediction_dag.py
[2026-01-03T14:22:47.638+0000] {processor.py:840} INFO - DAG(s) 'prediction_dag' retrieved from /opt/airflow/dags/prediction_dag.py
[2026-01-03T14:22:47.679+0000] {logging_mixin.py:188} INFO - [2026-01-03T14:22:47.679+0000] {dag.py:3047} INFO - Sync 1 DAGs
[2026-01-03T14:22:47.710+0000] {logging_mixin.py:188} INFO - [2026-01-03T14:22:47.709+0000] {dag.py:3834} INFO - Setting next_dagrun for prediction_dag to 2026-01-03 14:22:00+00:00, run_after=2026-01-03 14:24:00+00:00
[2026-01-03T14:22:47.723+0000] {processor.py:183} INFO - Processing /opt/airflow/dags/prediction_dag.py took 0.144 seconds
[2026-01-03T14:23:18.132+0000] {processor.py:161} INFO - Started process (PID=35856) to work on /opt/airflow/dags/prediction_dag.py
[2026-01-03T14:23:18.135+0000] {processor.py:830} INFO - Processing file /opt/airflow/dags/prediction_dag.py for tasks to queue
[2026-01-03T14:23:18.136+0000] {logging_mixin.py:188} INFO - [2026-01-03T14:23:18.136+0000] {dagbag.py:540} INFO - Filling up the DagBag from /opt/airflow/dags/prediction_dag.py
[2026-01-03T14:23:18.171+0000] {processor.py:840} INFO - DAG(s) 'prediction_dag' retrieved from /opt/airflow/dags/prediction_dag.py
[2026-01-03T14:23:18.251+0000] {logging_mixin.py:188} INFO - [2026-01-03T14:23:18.250+0000] {dag.py:3047} INFO - Sync 1 DAGs
[2026-01-03T14:23:18.283+0000] {logging_mixin.py:188} INFO - [2026-01-03T14:23:18.283+0000] {dag.py:3834} INFO - Setting next_dagrun for prediction_dag to 2026-01-03 14:22:00+00:00, run_after=2026-01-03 14:24:00+00:00
[2026-01-03T14:23:18.305+0000] {processor.py:183} INFO - Processing /opt/airflow/dags/prediction_dag.py took 0.183 seconds
[2026-01-03T14:23:48.464+0000] {processor.py:161} INFO - Started process (PID=35874) to work on /opt/airflow/dags/prediction_dag.py
[2026-01-03T14:23:48.466+0000] {processor.py:830} INFO - Processing file /opt/airflow/dags/prediction_dag.py for tasks to queue
[2026-01-03T14:23:48.467+0000] {logging_mixin.py:188} INFO - [2026-01-03T14:23:48.467+0000] {dagbag.py:540} INFO - Filling up the DagBag from /opt/airflow/dags/prediction_dag.py
[2026-01-03T14:23:48.493+0000] {processor.py:840} INFO - DAG(s) 'prediction_dag' retrieved from /opt/airflow/dags/prediction_dag.py
[2026-01-03T14:23:48.546+0000] {logging_mixin.py:188} INFO - [2026-01-03T14:23:48.546+0000] {dag.py:3047} INFO - Sync 1 DAGs
[2026-01-03T14:23:48.575+0000] {logging_mixin.py:188} INFO - [2026-01-03T14:23:48.575+0000] {dag.py:3834} INFO - Setting next_dagrun for prediction_dag to 2026-01-03 14:22:00+00:00, run_after=2026-01-03 14:24:00+00:00
[2026-01-03T14:23:48.595+0000] {processor.py:183} INFO - Processing /opt/airflow/dags/prediction_dag.py took 0.138 seconds
[2026-01-03T14:24:19.023+0000] {processor.py:161} INFO - Started process (PID=35960) to work on /opt/airflow/dags/prediction_dag.py
[2026-01-03T14:24:19.026+0000] {processor.py:830} INFO - Processing file /opt/airflow/dags/prediction_dag.py for tasks to queue
[2026-01-03T14:24:19.028+0000] {logging_mixin.py:188} INFO - [2026-01-03T14:24:19.027+0000] {dagbag.py:540} INFO - Filling up the DagBag from /opt/airflow/dags/prediction_dag.py
[2026-01-03T14:24:19.075+0000] {processor.py:840} INFO - DAG(s) 'prediction_dag' retrieved from /opt/airflow/dags/prediction_dag.py
[2026-01-03T14:24:19.132+0000] {logging_mixin.py:188} INFO - [2026-01-03T14:24:19.132+0000] {dag.py:3047} INFO - Sync 1 DAGs
[2026-01-03T14:24:19.164+0000] {logging_mixin.py:188} INFO - [2026-01-03T14:24:19.163+0000] {dag.py:3834} INFO - Setting next_dagrun for prediction_dag to 2026-01-03 14:24:00+00:00, run_after=2026-01-03 14:26:00+00:00
[2026-01-03T14:24:19.176+0000] {processor.py:183} INFO - Processing /opt/airflow/dags/prediction_dag.py took 0.167 seconds
[2026-01-03T14:24:49.520+0000] {processor.py:161} INFO - Started process (PID=35978) to work on /opt/airflow/dags/prediction_dag.py
[2026-01-03T14:24:49.522+0000] {processor.py:830} INFO - Processing file /opt/airflow/dags/prediction_dag.py for tasks to queue
[2026-01-03T14:24:49.523+0000] {logging_mixin.py:188} INFO - [2026-01-03T14:24:49.523+0000] {dagbag.py:540} INFO - Filling up the DagBag from /opt/airflow/dags/prediction_dag.py
[2026-01-03T14:24:49.545+0000] {processor.py:840} INFO - DAG(s) 'prediction_dag' retrieved from /opt/airflow/dags/prediction_dag.py
[2026-01-03T14:24:49.586+0000] {logging_mixin.py:188} INFO - [2026-01-03T14:24:49.586+0000] {dag.py:3047} INFO - Sync 1 DAGs
[2026-01-03T14:24:49.617+0000] {logging_mixin.py:188} INFO - [2026-01-03T14:24:49.616+0000] {dag.py:3834} INFO - Setting next_dagrun for prediction_dag to 2026-01-03 14:24:00+00:00, run_after=2026-01-03 14:26:00+00:00
[2026-01-03T14:24:49.630+0000] {processor.py:183} INFO - Processing /opt/airflow/dags/prediction_dag.py took 0.116 seconds
[2026-01-03T14:25:20.063+0000] {processor.py:161} INFO - Started process (PID=36058) to work on /opt/airflow/dags/prediction_dag.py
[2026-01-03T14:25:20.065+0000] {processor.py:830} INFO - Processing file /opt/airflow/dags/prediction_dag.py for tasks to queue
[2026-01-03T14:25:20.067+0000] {logging_mixin.py:188} INFO - [2026-01-03T14:25:20.066+0000] {dagbag.py:540} INFO - Filling up the DagBag from /opt/airflow/dags/prediction_dag.py
[2026-01-03T14:25:20.102+0000] {processor.py:840} INFO - DAG(s) 'prediction_dag' retrieved from /opt/airflow/dags/prediction_dag.py
[2026-01-03T14:25:20.138+0000] {logging_mixin.py:188} INFO - [2026-01-03T14:25:20.138+0000] {dag.py:3047} INFO - Sync 1 DAGs
[2026-01-03T14:25:20.163+0000] {logging_mixin.py:188} INFO - [2026-01-03T14:25:20.163+0000] {dag.py:3834} INFO - Setting next_dagrun for prediction_dag to 2026-01-03 14:24:00+00:00, run_after=2026-01-03 14:26:00+00:00
[2026-01-03T14:25:20.177+0000] {processor.py:183} INFO - Processing /opt/airflow/dags/prediction_dag.py took 0.124 seconds
[2026-01-03T14:25:50.342+0000] {processor.py:161} INFO - Started process (PID=36076) to work on /opt/airflow/dags/prediction_dag.py
[2026-01-03T14:25:50.344+0000] {processor.py:830} INFO - Processing file /opt/airflow/dags/prediction_dag.py for tasks to queue
[2026-01-03T14:25:50.346+0000] {logging_mixin.py:188} INFO - [2026-01-03T14:25:50.345+0000] {dagbag.py:540} INFO - Filling up the DagBag from /opt/airflow/dags/prediction_dag.py
[2026-01-03T14:25:50.389+0000] {processor.py:840} INFO - DAG(s) 'prediction_dag' retrieved from /opt/airflow/dags/prediction_dag.py
[2026-01-03T14:25:50.438+0000] {logging_mixin.py:188} INFO - [2026-01-03T14:25:50.438+0000] {dag.py:3047} INFO - Sync 1 DAGs
[2026-01-03T14:25:50.471+0000] {logging_mixin.py:188} INFO - [2026-01-03T14:25:50.470+0000] {dag.py:3834} INFO - Setting next_dagrun for prediction_dag to 2026-01-03 14:24:00+00:00, run_after=2026-01-03 14:26:00+00:00
[2026-01-03T14:25:50.491+0000] {processor.py:183} INFO - Processing /opt/airflow/dags/prediction_dag.py took 0.160 seconds
[2026-01-03T14:26:20.625+0000] {processor.py:161} INFO - Started process (PID=36162) to work on /opt/airflow/dags/prediction_dag.py
[2026-01-03T14:26:20.629+0000] {processor.py:830} INFO - Processing file /opt/airflow/dags/prediction_dag.py for tasks to queue
[2026-01-03T14:26:20.630+0000] {logging_mixin.py:188} INFO - [2026-01-03T14:26:20.630+0000] {dagbag.py:540} INFO - Filling up the DagBag from /opt/airflow/dags/prediction_dag.py
[2026-01-03T14:26:20.666+0000] {processor.py:840} INFO - DAG(s) 'prediction_dag' retrieved from /opt/airflow/dags/prediction_dag.py
[2026-01-03T14:26:20.715+0000] {logging_mixin.py:188} INFO - [2026-01-03T14:26:20.714+0000] {dag.py:3047} INFO - Sync 1 DAGs
[2026-01-03T14:26:20.745+0000] {logging_mixin.py:188} INFO - [2026-01-03T14:26:20.745+0000] {dag.py:3834} INFO - Setting next_dagrun for prediction_dag to 2026-01-03 14:26:00+00:00, run_after=2026-01-03 14:28:00+00:00
[2026-01-03T14:26:20.759+0000] {processor.py:183} INFO - Processing /opt/airflow/dags/prediction_dag.py took 0.146 seconds
[2026-01-03T14:26:51.193+0000] {processor.py:161} INFO - Started process (PID=36180) to work on /opt/airflow/dags/prediction_dag.py
[2026-01-03T14:26:51.196+0000] {processor.py:830} INFO - Processing file /opt/airflow/dags/prediction_dag.py for tasks to queue
[2026-01-03T14:26:51.197+0000] {logging_mixin.py:188} INFO - [2026-01-03T14:26:51.197+0000] {dagbag.py:540} INFO - Filling up the DagBag from /opt/airflow/dags/prediction_dag.py
[2026-01-03T14:26:51.228+0000] {processor.py:840} INFO - DAG(s) 'prediction_dag' retrieved from /opt/airflow/dags/prediction_dag.py
[2026-01-03T14:26:51.295+0000] {logging_mixin.py:188} INFO - [2026-01-03T14:26:51.295+0000] {dag.py:3047} INFO - Sync 1 DAGs
[2026-01-03T14:26:51.480+0000] {logging_mixin.py:188} INFO - [2026-01-03T14:26:51.480+0000] {dag.py:3834} INFO - Setting next_dagrun for prediction_dag to 2026-01-03 14:26:00+00:00, run_after=2026-01-03 14:28:00+00:00
[2026-01-03T14:26:51.503+0000] {processor.py:183} INFO - Processing /opt/airflow/dags/prediction_dag.py took 0.319 seconds
[2026-01-03T14:27:21.863+0000] {processor.py:161} INFO - Started process (PID=36260) to work on /opt/airflow/dags/prediction_dag.py
[2026-01-03T14:27:21.866+0000] {processor.py:830} INFO - Processing file /opt/airflow/dags/prediction_dag.py for tasks to queue
[2026-01-03T14:27:21.867+0000] {logging_mixin.py:188} INFO - [2026-01-03T14:27:21.867+0000] {dagbag.py:540} INFO - Filling up the DagBag from /opt/airflow/dags/prediction_dag.py
[2026-01-03T14:27:21.907+0000] {processor.py:840} INFO - DAG(s) 'prediction_dag' retrieved from /opt/airflow/dags/prediction_dag.py
[2026-01-03T14:27:21.942+0000] {logging_mixin.py:188} INFO - [2026-01-03T14:27:21.941+0000] {dag.py:3047} INFO - Sync 1 DAGs
[2026-01-03T14:27:21.967+0000] {logging_mixin.py:188} INFO - [2026-01-03T14:27:21.967+0000] {dag.py:3834} INFO - Setting next_dagrun for prediction_dag to 2026-01-03 14:26:00+00:00, run_after=2026-01-03 14:28:00+00:00
[2026-01-03T14:27:21.983+0000] {processor.py:183} INFO - Processing /opt/airflow/dags/prediction_dag.py took 0.130 seconds
[2026-01-03T14:27:52.172+0000] {processor.py:161} INFO - Started process (PID=36278) to work on /opt/airflow/dags/prediction_dag.py
[2026-01-03T14:27:52.175+0000] {processor.py:830} INFO - Processing file /opt/airflow/dags/prediction_dag.py for tasks to queue
[2026-01-03T14:27:52.176+0000] {logging_mixin.py:188} INFO - [2026-01-03T14:27:52.176+0000] {dagbag.py:540} INFO - Filling up the DagBag from /opt/airflow/dags/prediction_dag.py
[2026-01-03T14:27:52.215+0000] {processor.py:840} INFO - DAG(s) 'prediction_dag' retrieved from /opt/airflow/dags/prediction_dag.py
[2026-01-03T14:27:52.270+0000] {logging_mixin.py:188} INFO - [2026-01-03T14:27:52.270+0000] {dag.py:3047} INFO - Sync 1 DAGs
[2026-01-03T14:27:52.304+0000] {logging_mixin.py:188} INFO - [2026-01-03T14:27:52.303+0000] {dag.py:3834} INFO - Setting next_dagrun for prediction_dag to 2026-01-03 14:26:00+00:00, run_after=2026-01-03 14:28:00+00:00
[2026-01-03T14:27:52.318+0000] {processor.py:183} INFO - Processing /opt/airflow/dags/prediction_dag.py took 0.160 seconds
[2026-01-03T14:28:22.789+0000] {processor.py:161} INFO - Started process (PID=36364) to work on /opt/airflow/dags/prediction_dag.py
[2026-01-03T14:28:22.792+0000] {processor.py:830} INFO - Processing file /opt/airflow/dags/prediction_dag.py for tasks to queue
[2026-01-03T14:28:22.794+0000] {logging_mixin.py:188} INFO - [2026-01-03T14:28:22.793+0000] {dagbag.py:540} INFO - Filling up the DagBag from /opt/airflow/dags/prediction_dag.py
[2026-01-03T14:28:22.820+0000] {processor.py:840} INFO - DAG(s) 'prediction_dag' retrieved from /opt/airflow/dags/prediction_dag.py
[2026-01-03T14:28:22.850+0000] {logging_mixin.py:188} INFO - [2026-01-03T14:28:22.850+0000] {dag.py:3047} INFO - Sync 1 DAGs
[2026-01-03T14:28:22.869+0000] {logging_mixin.py:188} INFO - [2026-01-03T14:28:22.869+0000] {dag.py:3834} INFO - Setting next_dagrun for prediction_dag to 2026-01-03 14:28:00+00:00, run_after=2026-01-03 14:30:00+00:00
[2026-01-03T14:28:22.881+0000] {processor.py:183} INFO - Processing /opt/airflow/dags/prediction_dag.py took 0.100 seconds
[2026-01-03T14:28:53.260+0000] {processor.py:161} INFO - Started process (PID=36382) to work on /opt/airflow/dags/prediction_dag.py
[2026-01-03T14:28:53.263+0000] {processor.py:830} INFO - Processing file /opt/airflow/dags/prediction_dag.py for tasks to queue
[2026-01-03T14:28:53.264+0000] {logging_mixin.py:188} INFO - [2026-01-03T14:28:53.264+0000] {dagbag.py:540} INFO - Filling up the DagBag from /opt/airflow/dags/prediction_dag.py
[2026-01-03T14:28:53.296+0000] {processor.py:840} INFO - DAG(s) 'prediction_dag' retrieved from /opt/airflow/dags/prediction_dag.py
[2026-01-03T14:28:53.334+0000] {logging_mixin.py:188} INFO - [2026-01-03T14:28:53.334+0000] {dag.py:3047} INFO - Sync 1 DAGs
[2026-01-03T14:28:53.358+0000] {logging_mixin.py:188} INFO - [2026-01-03T14:28:53.358+0000] {dag.py:3834} INFO - Setting next_dagrun for prediction_dag to 2026-01-03 14:28:00+00:00, run_after=2026-01-03 14:30:00+00:00
[2026-01-03T14:28:53.370+0000] {processor.py:183} INFO - Processing /opt/airflow/dags/prediction_dag.py took 0.119 seconds
[2026-01-03T14:29:23.657+0000] {processor.py:161} INFO - Started process (PID=36462) to work on /opt/airflow/dags/prediction_dag.py
[2026-01-03T14:29:23.659+0000] {processor.py:830} INFO - Processing file /opt/airflow/dags/prediction_dag.py for tasks to queue
[2026-01-03T14:29:23.660+0000] {logging_mixin.py:188} INFO - [2026-01-03T14:29:23.660+0000] {dagbag.py:540} INFO - Filling up the DagBag from /opt/airflow/dags/prediction_dag.py
[2026-01-03T14:29:23.676+0000] {processor.py:840} INFO - DAG(s) 'prediction_dag' retrieved from /opt/airflow/dags/prediction_dag.py
[2026-01-03T14:29:23.702+0000] {logging_mixin.py:188} INFO - [2026-01-03T14:29:23.702+0000] {dag.py:3047} INFO - Sync 1 DAGs
[2026-01-03T14:29:23.723+0000] {logging_mixin.py:188} INFO - [2026-01-03T14:29:23.723+0000] {dag.py:3834} INFO - Setting next_dagrun for prediction_dag to 2026-01-03 14:28:00+00:00, run_after=2026-01-03 14:30:00+00:00
[2026-01-03T14:29:23.747+0000] {processor.py:183} INFO - Processing /opt/airflow/dags/prediction_dag.py took 0.094 seconds
[2026-01-03T14:29:54.010+0000] {processor.py:161} INFO - Started process (PID=36470) to work on /opt/airflow/dags/prediction_dag.py
[2026-01-03T14:29:54.011+0000] {processor.py:830} INFO - Processing file /opt/airflow/dags/prediction_dag.py for tasks to queue
[2026-01-03T14:29:54.012+0000] {logging_mixin.py:188} INFO - [2026-01-03T14:29:54.012+0000] {dagbag.py:540} INFO - Filling up the DagBag from /opt/airflow/dags/prediction_dag.py
[2026-01-03T14:29:54.043+0000] {processor.py:840} INFO - DAG(s) 'prediction_dag' retrieved from /opt/airflow/dags/prediction_dag.py
[2026-01-03T14:29:54.083+0000] {logging_mixin.py:188} INFO - [2026-01-03T14:29:54.083+0000] {dag.py:3047} INFO - Sync 1 DAGs
[2026-01-03T14:29:54.113+0000] {logging_mixin.py:188} INFO - [2026-01-03T14:29:54.113+0000] {dag.py:3834} INFO - Setting next_dagrun for prediction_dag to 2026-01-03 14:28:00+00:00, run_after=2026-01-03 14:30:00+00:00
[2026-01-03T14:29:54.129+0000] {processor.py:183} INFO - Processing /opt/airflow/dags/prediction_dag.py took 0.124 seconds
[2026-01-03T14:30:24.532+0000] {processor.py:161} INFO - Started process (PID=36553) to work on /opt/airflow/dags/prediction_dag.py
[2026-01-03T14:30:24.535+0000] {processor.py:830} INFO - Processing file /opt/airflow/dags/prediction_dag.py for tasks to queue
[2026-01-03T14:30:24.536+0000] {logging_mixin.py:188} INFO - [2026-01-03T14:30:24.536+0000] {dagbag.py:540} INFO - Filling up the DagBag from /opt/airflow/dags/prediction_dag.py
[2026-01-03T14:30:24.566+0000] {processor.py:840} INFO - DAG(s) 'prediction_dag' retrieved from /opt/airflow/dags/prediction_dag.py
[2026-01-03T14:30:24.622+0000] {logging_mixin.py:188} INFO - [2026-01-03T14:30:24.622+0000] {dag.py:3047} INFO - Sync 1 DAGs
[2026-01-03T14:30:24.694+0000] {logging_mixin.py:188} INFO - [2026-01-03T14:30:24.693+0000] {dag.py:3834} INFO - Setting next_dagrun for prediction_dag to 2026-01-03 14:30:00+00:00, run_after=2026-01-03 14:32:00+00:00
[2026-01-03T14:30:24.740+0000] {processor.py:183} INFO - Processing /opt/airflow/dags/prediction_dag.py took 0.217 seconds
[2026-01-03T14:30:54.919+0000] {processor.py:161} INFO - Started process (PID=36571) to work on /opt/airflow/dags/prediction_dag.py
[2026-01-03T14:30:54.922+0000] {processor.py:830} INFO - Processing file /opt/airflow/dags/prediction_dag.py for tasks to queue
[2026-01-03T14:30:54.924+0000] {logging_mixin.py:188} INFO - [2026-01-03T14:30:54.923+0000] {dagbag.py:540} INFO - Filling up the DagBag from /opt/airflow/dags/prediction_dag.py
[2026-01-03T14:30:54.956+0000] {processor.py:840} INFO - DAG(s) 'prediction_dag' retrieved from /opt/airflow/dags/prediction_dag.py
[2026-01-03T14:30:55.000+0000] {logging_mixin.py:188} INFO - [2026-01-03T14:30:55.000+0000] {dag.py:3047} INFO - Sync 1 DAGs
[2026-01-03T14:30:55.033+0000] {logging_mixin.py:188} INFO - [2026-01-03T14:30:55.033+0000] {dag.py:3834} INFO - Setting next_dagrun for prediction_dag to 2026-01-03 14:30:00+00:00, run_after=2026-01-03 14:32:00+00:00
[2026-01-03T14:30:55.049+0000] {processor.py:183} INFO - Processing /opt/airflow/dags/prediction_dag.py took 0.138 seconds
[2026-01-03T14:31:25.471+0000] {processor.py:161} INFO - Started process (PID=36651) to work on /opt/airflow/dags/prediction_dag.py
[2026-01-03T14:31:25.473+0000] {processor.py:830} INFO - Processing file /opt/airflow/dags/prediction_dag.py for tasks to queue
[2026-01-03T14:31:25.474+0000] {logging_mixin.py:188} INFO - [2026-01-03T14:31:25.474+0000] {dagbag.py:540} INFO - Filling up the DagBag from /opt/airflow/dags/prediction_dag.py
[2026-01-03T14:31:25.504+0000] {processor.py:840} INFO - DAG(s) 'prediction_dag' retrieved from /opt/airflow/dags/prediction_dag.py
[2026-01-03T14:31:25.539+0000] {logging_mixin.py:188} INFO - [2026-01-03T14:31:25.539+0000] {dag.py:3047} INFO - Sync 1 DAGs
[2026-01-03T14:31:25.565+0000] {logging_mixin.py:188} INFO - [2026-01-03T14:31:25.565+0000] {dag.py:3834} INFO - Setting next_dagrun for prediction_dag to 2026-01-03 14:30:00+00:00, run_after=2026-01-03 14:32:00+00:00
[2026-01-03T14:31:25.582+0000] {processor.py:183} INFO - Processing /opt/airflow/dags/prediction_dag.py took 0.118 seconds
[2026-01-03T14:31:55.943+0000] {processor.py:161} INFO - Started process (PID=36669) to work on /opt/airflow/dags/prediction_dag.py
[2026-01-03T14:31:55.945+0000] {processor.py:830} INFO - Processing file /opt/airflow/dags/prediction_dag.py for tasks to queue
[2026-01-03T14:31:55.946+0000] {logging_mixin.py:188} INFO - [2026-01-03T14:31:55.946+0000] {dagbag.py:540} INFO - Filling up the DagBag from /opt/airflow/dags/prediction_dag.py
[2026-01-03T14:31:55.978+0000] {processor.py:840} INFO - DAG(s) 'prediction_dag' retrieved from /opt/airflow/dags/prediction_dag.py
[2026-01-03T14:31:56.031+0000] {logging_mixin.py:188} INFO - [2026-01-03T14:31:56.031+0000] {dag.py:3047} INFO - Sync 1 DAGs
[2026-01-03T14:31:56.060+0000] {logging_mixin.py:188} INFO - [2026-01-03T14:31:56.059+0000] {dag.py:3834} INFO - Setting next_dagrun for prediction_dag to 2026-01-03 14:30:00+00:00, run_after=2026-01-03 14:32:00+00:00
[2026-01-03T14:31:56.075+0000] {processor.py:183} INFO - Processing /opt/airflow/dags/prediction_dag.py took 0.138 seconds
[2026-01-03T14:32:26.353+0000] {processor.py:161} INFO - Started process (PID=36755) to work on /opt/airflow/dags/prediction_dag.py
[2026-01-03T14:32:26.355+0000] {processor.py:830} INFO - Processing file /opt/airflow/dags/prediction_dag.py for tasks to queue
[2026-01-03T14:32:26.357+0000] {logging_mixin.py:188} INFO - [2026-01-03T14:32:26.356+0000] {dagbag.py:540} INFO - Filling up the DagBag from /opt/airflow/dags/prediction_dag.py
[2026-01-03T14:32:26.389+0000] {processor.py:840} INFO - DAG(s) 'prediction_dag' retrieved from /opt/airflow/dags/prediction_dag.py
[2026-01-03T14:32:26.428+0000] {logging_mixin.py:188} INFO - [2026-01-03T14:32:26.428+0000] {dag.py:3047} INFO - Sync 1 DAGs
[2026-01-03T14:32:26.458+0000] {logging_mixin.py:188} INFO - [2026-01-03T14:32:26.458+0000] {dag.py:3834} INFO - Setting next_dagrun for prediction_dag to 2026-01-03 14:32:00+00:00, run_after=2026-01-03 14:34:00+00:00
[2026-01-03T14:32:26.474+0000] {processor.py:183} INFO - Processing /opt/airflow/dags/prediction_dag.py took 0.129 seconds
[2026-01-03T14:32:56.889+0000] {processor.py:161} INFO - Started process (PID=36773) to work on /opt/airflow/dags/prediction_dag.py
[2026-01-03T14:32:56.892+0000] {processor.py:830} INFO - Processing file /opt/airflow/dags/prediction_dag.py for tasks to queue
[2026-01-03T14:32:56.898+0000] {logging_mixin.py:188} INFO - [2026-01-03T14:32:56.895+0000] {dagbag.py:540} INFO - Filling up the DagBag from /opt/airflow/dags/prediction_dag.py
[2026-01-03T14:32:56.929+0000] {processor.py:840} INFO - DAG(s) 'prediction_dag' retrieved from /opt/airflow/dags/prediction_dag.py
[2026-01-03T14:32:56.974+0000] {logging_mixin.py:188} INFO - [2026-01-03T14:32:56.974+0000] {dag.py:3047} INFO - Sync 1 DAGs
[2026-01-03T14:32:57.001+0000] {logging_mixin.py:188} INFO - [2026-01-03T14:32:57.001+0000] {dag.py:3834} INFO - Setting next_dagrun for prediction_dag to 2026-01-03 14:32:00+00:00, run_after=2026-01-03 14:34:00+00:00
[2026-01-03T14:32:57.016+0000] {processor.py:183} INFO - Processing /opt/airflow/dags/prediction_dag.py took 0.137 seconds
[2026-01-03T14:33:27.376+0000] {processor.py:161} INFO - Started process (PID=36853) to work on /opt/airflow/dags/prediction_dag.py
[2026-01-03T14:33:27.381+0000] {processor.py:830} INFO - Processing file /opt/airflow/dags/prediction_dag.py for tasks to queue
[2026-01-03T14:33:27.385+0000] {logging_mixin.py:188} INFO - [2026-01-03T14:33:27.382+0000] {dagbag.py:540} INFO - Filling up the DagBag from /opt/airflow/dags/prediction_dag.py
[2026-01-03T14:33:27.422+0000] {processor.py:840} INFO - DAG(s) 'prediction_dag' retrieved from /opt/airflow/dags/prediction_dag.py
[2026-01-03T14:33:27.466+0000] {logging_mixin.py:188} INFO - [2026-01-03T14:33:27.466+0000] {dag.py:3047} INFO - Sync 1 DAGs
[2026-01-03T14:33:27.490+0000] {logging_mixin.py:188} INFO - [2026-01-03T14:33:27.490+0000] {dag.py:3834} INFO - Setting next_dagrun for prediction_dag to 2026-01-03 14:32:00+00:00, run_after=2026-01-03 14:34:00+00:00
[2026-01-03T14:33:27.503+0000] {processor.py:183} INFO - Processing /opt/airflow/dags/prediction_dag.py took 0.135 seconds
[2026-01-03T14:33:57.890+0000] {processor.py:161} INFO - Started process (PID=36871) to work on /opt/airflow/dags/prediction_dag.py
[2026-01-03T14:33:57.894+0000] {processor.py:830} INFO - Processing file /opt/airflow/dags/prediction_dag.py for tasks to queue
[2026-01-03T14:33:57.895+0000] {logging_mixin.py:188} INFO - [2026-01-03T14:33:57.895+0000] {dagbag.py:540} INFO - Filling up the DagBag from /opt/airflow/dags/prediction_dag.py
[2026-01-03T14:33:57.923+0000] {processor.py:840} INFO - DAG(s) 'prediction_dag' retrieved from /opt/airflow/dags/prediction_dag.py
[2026-01-03T14:33:57.964+0000] {logging_mixin.py:188} INFO - [2026-01-03T14:33:57.964+0000] {dag.py:3047} INFO - Sync 1 DAGs
[2026-01-03T14:33:57.989+0000] {logging_mixin.py:188} INFO - [2026-01-03T14:33:57.989+0000] {dag.py:3834} INFO - Setting next_dagrun for prediction_dag to 2026-01-03 14:32:00+00:00, run_after=2026-01-03 14:34:00+00:00
[2026-01-03T14:33:58.006+0000] {processor.py:183} INFO - Processing /opt/airflow/dags/prediction_dag.py took 0.125 seconds
[2026-01-03T14:34:28.144+0000] {processor.py:161} INFO - Started process (PID=36957) to work on /opt/airflow/dags/prediction_dag.py
[2026-01-03T14:34:28.147+0000] {processor.py:830} INFO - Processing file /opt/airflow/dags/prediction_dag.py for tasks to queue
[2026-01-03T14:34:28.149+0000] {logging_mixin.py:188} INFO - [2026-01-03T14:34:28.148+0000] {dagbag.py:540} INFO - Filling up the DagBag from /opt/airflow/dags/prediction_dag.py
[2026-01-03T14:34:28.187+0000] {processor.py:840} INFO - DAG(s) 'prediction_dag' retrieved from /opt/airflow/dags/prediction_dag.py
[2026-01-03T14:34:28.229+0000] {logging_mixin.py:188} INFO - [2026-01-03T14:34:28.229+0000] {dag.py:3047} INFO - Sync 1 DAGs
[2026-01-03T14:34:28.262+0000] {logging_mixin.py:188} INFO - [2026-01-03T14:34:28.262+0000] {dag.py:3834} INFO - Setting next_dagrun for prediction_dag to 2026-01-03 14:34:00+00:00, run_after=2026-01-03 14:36:00+00:00
[2026-01-03T14:34:28.275+0000] {processor.py:183} INFO - Processing /opt/airflow/dags/prediction_dag.py took 0.142 seconds
[2026-01-03T14:34:58.583+0000] {processor.py:161} INFO - Started process (PID=36975) to work on /opt/airflow/dags/prediction_dag.py
[2026-01-03T14:34:58.586+0000] {processor.py:830} INFO - Processing file /opt/airflow/dags/prediction_dag.py for tasks to queue
[2026-01-03T14:34:58.588+0000] {logging_mixin.py:188} INFO - [2026-01-03T14:34:58.587+0000] {dagbag.py:540} INFO - Filling up the DagBag from /opt/airflow/dags/prediction_dag.py
[2026-01-03T14:34:58.625+0000] {processor.py:840} INFO - DAG(s) 'prediction_dag' retrieved from /opt/airflow/dags/prediction_dag.py
[2026-01-03T14:34:58.682+0000] {logging_mixin.py:188} INFO - [2026-01-03T14:34:58.682+0000] {dag.py:3047} INFO - Sync 1 DAGs
[2026-01-03T14:34:58.735+0000] {logging_mixin.py:188} INFO - [2026-01-03T14:34:58.735+0000] {dag.py:3834} INFO - Setting next_dagrun for prediction_dag to 2026-01-03 14:34:00+00:00, run_after=2026-01-03 14:36:00+00:00
[2026-01-03T14:34:58.757+0000] {processor.py:183} INFO - Processing /opt/airflow/dags/prediction_dag.py took 0.182 seconds
[2026-01-03T14:35:29.072+0000] {processor.py:161} INFO - Started process (PID=37055) to work on /opt/airflow/dags/prediction_dag.py
[2026-01-03T14:35:29.075+0000] {processor.py:830} INFO - Processing file /opt/airflow/dags/prediction_dag.py for tasks to queue
[2026-01-03T14:35:29.076+0000] {logging_mixin.py:188} INFO - [2026-01-03T14:35:29.075+0000] {dagbag.py:540} INFO - Filling up the DagBag from /opt/airflow/dags/prediction_dag.py
[2026-01-03T14:35:29.099+0000] {processor.py:840} INFO - DAG(s) 'prediction_dag' retrieved from /opt/airflow/dags/prediction_dag.py
[2026-01-03T14:35:29.147+0000] {logging_mixin.py:188} INFO - [2026-01-03T14:35:29.147+0000] {dag.py:3047} INFO - Sync 1 DAGs
[2026-01-03T14:35:29.177+0000] {logging_mixin.py:188} INFO - [2026-01-03T14:35:29.177+0000] {dag.py:3834} INFO - Setting next_dagrun for prediction_dag to 2026-01-03 14:34:00+00:00, run_after=2026-01-03 14:36:00+00:00
[2026-01-03T14:35:29.196+0000] {processor.py:183} INFO - Processing /opt/airflow/dags/prediction_dag.py took 0.131 seconds
[2026-01-03T14:35:59.577+0000] {processor.py:161} INFO - Started process (PID=37073) to work on /opt/airflow/dags/prediction_dag.py
[2026-01-03T14:35:59.579+0000] {processor.py:830} INFO - Processing file /opt/airflow/dags/prediction_dag.py for tasks to queue
[2026-01-03T14:35:59.581+0000] {logging_mixin.py:188} INFO - [2026-01-03T14:35:59.580+0000] {dagbag.py:540} INFO - Filling up the DagBag from /opt/airflow/dags/prediction_dag.py
[2026-01-03T14:35:59.624+0000] {processor.py:840} INFO - DAG(s) 'prediction_dag' retrieved from /opt/airflow/dags/prediction_dag.py
[2026-01-03T14:35:59.668+0000] {logging_mixin.py:188} INFO - [2026-01-03T14:35:59.667+0000] {dag.py:3047} INFO - Sync 1 DAGs
[2026-01-03T14:35:59.692+0000] {logging_mixin.py:188} INFO - [2026-01-03T14:35:59.692+0000] {dag.py:3834} INFO - Setting next_dagrun for prediction_dag to 2026-01-03 14:34:00+00:00, run_after=2026-01-03 14:36:00+00:00
[2026-01-03T14:35:59.712+0000] {processor.py:183} INFO - Processing /opt/airflow/dags/prediction_dag.py took 0.156 seconds
[2026-01-03T14:36:30.045+0000] {processor.py:161} INFO - Started process (PID=37159) to work on /opt/airflow/dags/prediction_dag.py
[2026-01-03T14:36:30.049+0000] {processor.py:830} INFO - Processing file /opt/airflow/dags/prediction_dag.py for tasks to queue
[2026-01-03T14:36:30.051+0000] {logging_mixin.py:188} INFO - [2026-01-03T14:36:30.050+0000] {dagbag.py:540} INFO - Filling up the DagBag from /opt/airflow/dags/prediction_dag.py
[2026-01-03T14:36:30.091+0000] {processor.py:840} INFO - DAG(s) 'prediction_dag' retrieved from /opt/airflow/dags/prediction_dag.py
[2026-01-03T14:36:30.134+0000] {logging_mixin.py:188} INFO - [2026-01-03T14:36:30.134+0000] {dag.py:3047} INFO - Sync 1 DAGs
[2026-01-03T14:36:30.164+0000] {logging_mixin.py:188} INFO - [2026-01-03T14:36:30.163+0000] {dag.py:3834} INFO - Setting next_dagrun for prediction_dag to 2026-01-03 14:36:00+00:00, run_after=2026-01-03 14:38:00+00:00
[2026-01-03T14:36:30.177+0000] {processor.py:183} INFO - Processing /opt/airflow/dags/prediction_dag.py took 0.150 seconds
[2026-01-03T14:37:00.585+0000] {processor.py:161} INFO - Started process (PID=37177) to work on /opt/airflow/dags/prediction_dag.py
[2026-01-03T14:37:00.587+0000] {processor.py:830} INFO - Processing file /opt/airflow/dags/prediction_dag.py for tasks to queue
[2026-01-03T14:37:00.588+0000] {logging_mixin.py:188} INFO - [2026-01-03T14:37:00.588+0000] {dagbag.py:540} INFO - Filling up the DagBag from /opt/airflow/dags/prediction_dag.py
[2026-01-03T14:37:00.614+0000] {processor.py:840} INFO - DAG(s) 'prediction_dag' retrieved from /opt/airflow/dags/prediction_dag.py
[2026-01-03T14:37:00.655+0000] {logging_mixin.py:188} INFO - [2026-01-03T14:37:00.654+0000] {dag.py:3047} INFO - Sync 1 DAGs
[2026-01-03T14:37:00.677+0000] {logging_mixin.py:188} INFO - [2026-01-03T14:37:00.677+0000] {dag.py:3834} INFO - Setting next_dagrun for prediction_dag to 2026-01-03 14:36:00+00:00, run_after=2026-01-03 14:38:00+00:00
[2026-01-03T14:37:00.690+0000] {processor.py:183} INFO - Processing /opt/airflow/dags/prediction_dag.py took 0.112 seconds
[2026-01-03T14:37:31.039+0000] {processor.py:161} INFO - Started process (PID=37257) to work on /opt/airflow/dags/prediction_dag.py
[2026-01-03T14:37:31.041+0000] {processor.py:830} INFO - Processing file /opt/airflow/dags/prediction_dag.py for tasks to queue
[2026-01-03T14:37:31.043+0000] {logging_mixin.py:188} INFO - [2026-01-03T14:37:31.042+0000] {dagbag.py:540} INFO - Filling up the DagBag from /opt/airflow/dags/prediction_dag.py
[2026-01-03T14:37:31.060+0000] {processor.py:840} INFO - DAG(s) 'prediction_dag' retrieved from /opt/airflow/dags/prediction_dag.py
[2026-01-03T14:37:31.084+0000] {logging_mixin.py:188} INFO - [2026-01-03T14:37:31.084+0000] {dag.py:3047} INFO - Sync 1 DAGs
[2026-01-03T14:37:31.103+0000] {logging_mixin.py:188} INFO - [2026-01-03T14:37:31.103+0000] {dag.py:3834} INFO - Setting next_dagrun for prediction_dag to 2026-01-03 14:36:00+00:00, run_after=2026-01-03 14:38:00+00:00
[2026-01-03T14:37:31.113+0000] {processor.py:183} INFO - Processing /opt/airflow/dags/prediction_dag.py took 0.082 seconds
[2026-01-03T14:38:01.551+0000] {processor.py:161} INFO - Started process (PID=37268) to work on /opt/airflow/dags/prediction_dag.py
[2026-01-03T14:38:01.554+0000] {processor.py:830} INFO - Processing file /opt/airflow/dags/prediction_dag.py for tasks to queue
[2026-01-03T14:38:01.557+0000] {logging_mixin.py:188} INFO - [2026-01-03T14:38:01.556+0000] {dagbag.py:540} INFO - Filling up the DagBag from /opt/airflow/dags/prediction_dag.py
[2026-01-03T14:38:01.590+0000] {processor.py:840} INFO - DAG(s) 'prediction_dag' retrieved from /opt/airflow/dags/prediction_dag.py
[2026-01-03T14:38:01.642+0000] {logging_mixin.py:188} INFO - [2026-01-03T14:38:01.642+0000] {dag.py:3047} INFO - Sync 1 DAGs
[2026-01-03T14:38:01.701+0000] {logging_mixin.py:188} INFO - [2026-01-03T14:38:01.700+0000] {dag.py:3834} INFO - Setting next_dagrun for prediction_dag to 2026-01-03 14:38:00+00:00, run_after=2026-01-03 14:40:00+00:00
[2026-01-03T14:38:01.748+0000] {processor.py:183} INFO - Processing /opt/airflow/dags/prediction_dag.py took 0.206 seconds
[2026-01-03T14:38:31.881+0000] {processor.py:161} INFO - Started process (PID=37348) to work on /opt/airflow/dags/prediction_dag.py
[2026-01-03T14:38:31.883+0000] {processor.py:830} INFO - Processing file /opt/airflow/dags/prediction_dag.py for tasks to queue
[2026-01-03T14:38:31.885+0000] {logging_mixin.py:188} INFO - [2026-01-03T14:38:31.884+0000] {dagbag.py:540} INFO - Filling up the DagBag from /opt/airflow/dags/prediction_dag.py
[2026-01-03T14:38:31.931+0000] {processor.py:840} INFO - DAG(s) 'prediction_dag' retrieved from /opt/airflow/dags/prediction_dag.py
[2026-01-03T14:38:31.981+0000] {logging_mixin.py:188} INFO - [2026-01-03T14:38:31.981+0000] {dag.py:3047} INFO - Sync 1 DAGs
[2026-01-03T14:38:32.025+0000] {logging_mixin.py:188} INFO - [2026-01-03T14:38:32.024+0000] {dag.py:3834} INFO - Setting next_dagrun for prediction_dag to 2026-01-03 14:38:00+00:00, run_after=2026-01-03 14:40:00+00:00
[2026-01-03T14:38:32.044+0000] {processor.py:183} INFO - Processing /opt/airflow/dags/prediction_dag.py took 0.173 seconds
[2026-01-03T14:39:02.696+0000] {processor.py:161} INFO - Started process (PID=37377) to work on /opt/airflow/dags/prediction_dag.py
[2026-01-03T14:39:02.697+0000] {processor.py:830} INFO - Processing file /opt/airflow/dags/prediction_dag.py for tasks to queue
[2026-01-03T14:39:02.697+0000] {logging_mixin.py:188} INFO - [2026-01-03T14:39:02.697+0000] {dagbag.py:540} INFO - Filling up the DagBag from /opt/airflow/dags/prediction_dag.py
[2026-01-03T14:39:02.710+0000] {processor.py:840} INFO - DAG(s) 'prediction_dag' retrieved from /opt/airflow/dags/prediction_dag.py
[2026-01-03T14:39:02.734+0000] {logging_mixin.py:188} INFO - [2026-01-03T14:39:02.733+0000] {dag.py:3047} INFO - Sync 1 DAGs
[2026-01-03T14:39:02.752+0000] {logging_mixin.py:188} INFO - [2026-01-03T14:39:02.752+0000] {dag.py:3834} INFO - Setting next_dagrun for prediction_dag to 2026-01-03 14:38:00+00:00, run_after=2026-01-03 14:40:00+00:00
[2026-01-03T14:39:02.763+0000] {processor.py:183} INFO - Processing /opt/airflow/dags/prediction_dag.py took 0.070 seconds
[2026-01-03T14:39:33.173+0000] {processor.py:161} INFO - Started process (PID=37446) to work on /opt/airflow/dags/prediction_dag.py
[2026-01-03T14:39:33.176+0000] {processor.py:830} INFO - Processing file /opt/airflow/dags/prediction_dag.py for tasks to queue
[2026-01-03T14:39:33.178+0000] {logging_mixin.py:188} INFO - [2026-01-03T14:39:33.177+0000] {dagbag.py:540} INFO - Filling up the DagBag from /opt/airflow/dags/prediction_dag.py
[2026-01-03T14:39:33.211+0000] {processor.py:840} INFO - DAG(s) 'prediction_dag' retrieved from /opt/airflow/dags/prediction_dag.py
[2026-01-03T14:39:33.264+0000] {logging_mixin.py:188} INFO - [2026-01-03T14:39:33.264+0000] {dag.py:3047} INFO - Sync 1 DAGs
[2026-01-03T14:39:33.295+0000] {logging_mixin.py:188} INFO - [2026-01-03T14:39:33.294+0000] {dag.py:3834} INFO - Setting next_dagrun for prediction_dag to 2026-01-03 14:38:00+00:00, run_after=2026-01-03 14:40:00+00:00
[2026-01-03T14:39:33.313+0000] {processor.py:183} INFO - Processing /opt/airflow/dags/prediction_dag.py took 0.152 seconds
[2026-01-03T14:40:03.572+0000] {processor.py:161} INFO - Started process (PID=37481) to work on /opt/airflow/dags/prediction_dag.py
[2026-01-03T14:40:03.574+0000] {processor.py:830} INFO - Processing file /opt/airflow/dags/prediction_dag.py for tasks to queue
[2026-01-03T14:40:03.576+0000] {logging_mixin.py:188} INFO - [2026-01-03T14:40:03.575+0000] {dagbag.py:540} INFO - Filling up the DagBag from /opt/airflow/dags/prediction_dag.py
[2026-01-03T14:40:03.608+0000] {processor.py:840} INFO - DAG(s) 'prediction_dag' retrieved from /opt/airflow/dags/prediction_dag.py
[2026-01-03T14:40:03.653+0000] {logging_mixin.py:188} INFO - [2026-01-03T14:40:03.653+0000] {dag.py:3047} INFO - Sync 1 DAGs
[2026-01-03T14:40:03.690+0000] {logging_mixin.py:188} INFO - [2026-01-03T14:40:03.690+0000] {dag.py:3834} INFO - Setting next_dagrun for prediction_dag to 2026-01-03 14:40:00+00:00, run_after=2026-01-03 14:42:00+00:00
[2026-01-03T14:40:03.721+0000] {processor.py:183} INFO - Processing /opt/airflow/dags/prediction_dag.py took 0.158 seconds
[2026-01-03T14:40:34.052+0000] {processor.py:161} INFO - Started process (PID=37550) to work on /opt/airflow/dags/prediction_dag.py
[2026-01-03T14:40:34.054+0000] {processor.py:830} INFO - Processing file /opt/airflow/dags/prediction_dag.py for tasks to queue
[2026-01-03T14:40:34.055+0000] {logging_mixin.py:188} INFO - [2026-01-03T14:40:34.055+0000] {dagbag.py:540} INFO - Filling up the DagBag from /opt/airflow/dags/prediction_dag.py
[2026-01-03T14:40:34.088+0000] {processor.py:840} INFO - DAG(s) 'prediction_dag' retrieved from /opt/airflow/dags/prediction_dag.py
[2026-01-03T14:40:34.132+0000] {logging_mixin.py:188} INFO - [2026-01-03T14:40:34.131+0000] {dag.py:3047} INFO - Sync 1 DAGs
[2026-01-03T14:40:34.163+0000] {logging_mixin.py:188} INFO - [2026-01-03T14:40:34.162+0000] {dag.py:3834} INFO - Setting next_dagrun for prediction_dag to 2026-01-03 14:40:00+00:00, run_after=2026-01-03 14:42:00+00:00
[2026-01-03T14:40:34.176+0000] {processor.py:183} INFO - Processing /opt/airflow/dags/prediction_dag.py took 0.130 seconds
[2026-01-03T14:41:04.539+0000] {processor.py:161} INFO - Started process (PID=37588) to work on /opt/airflow/dags/prediction_dag.py
[2026-01-03T14:41:04.541+0000] {processor.py:830} INFO - Processing file /opt/airflow/dags/prediction_dag.py for tasks to queue
[2026-01-03T14:41:04.542+0000] {logging_mixin.py:188} INFO - [2026-01-03T14:41:04.541+0000] {dagbag.py:540} INFO - Filling up the DagBag from /opt/airflow/dags/prediction_dag.py
[2026-01-03T14:41:04.556+0000] {processor.py:840} INFO - DAG(s) 'prediction_dag' retrieved from /opt/airflow/dags/prediction_dag.py
[2026-01-03T14:41:04.583+0000] {logging_mixin.py:188} INFO - [2026-01-03T14:41:04.583+0000] {dag.py:3047} INFO - Sync 1 DAGs
[2026-01-03T14:41:04.602+0000] {logging_mixin.py:188} INFO - [2026-01-03T14:41:04.602+0000] {dag.py:3834} INFO - Setting next_dagrun for prediction_dag to 2026-01-03 14:40:00+00:00, run_after=2026-01-03 14:42:00+00:00
[2026-01-03T14:41:04.614+0000] {processor.py:183} INFO - Processing /opt/airflow/dags/prediction_dag.py took 0.080 seconds
[2026-01-03T14:41:34.981+0000] {processor.py:161} INFO - Started process (PID=37648) to work on /opt/airflow/dags/prediction_dag.py
[2026-01-03T14:41:34.985+0000] {processor.py:830} INFO - Processing file /opt/airflow/dags/prediction_dag.py for tasks to queue
[2026-01-03T14:41:34.987+0000] {logging_mixin.py:188} INFO - [2026-01-03T14:41:34.986+0000] {dagbag.py:540} INFO - Filling up the DagBag from /opt/airflow/dags/prediction_dag.py
[2026-01-03T14:41:35.036+0000] {processor.py:840} INFO - DAG(s) 'prediction_dag' retrieved from /opt/airflow/dags/prediction_dag.py
[2026-01-03T14:41:35.117+0000] {logging_mixin.py:188} INFO - [2026-01-03T14:41:35.117+0000] {dag.py:3047} INFO - Sync 1 DAGs
[2026-01-03T14:41:35.155+0000] {logging_mixin.py:188} INFO - [2026-01-03T14:41:35.155+0000] {dag.py:3834} INFO - Setting next_dagrun for prediction_dag to 2026-01-03 14:40:00+00:00, run_after=2026-01-03 14:42:00+00:00
[2026-01-03T14:41:35.167+0000] {processor.py:183} INFO - Processing /opt/airflow/dags/prediction_dag.py took 0.196 seconds
[2026-01-03T14:42:05.517+0000] {processor.py:161} INFO - Started process (PID=37692) to work on /opt/airflow/dags/prediction_dag.py
[2026-01-03T14:42:05.520+0000] {processor.py:830} INFO - Processing file /opt/airflow/dags/prediction_dag.py for tasks to queue
[2026-01-03T14:42:05.520+0000] {logging_mixin.py:188} INFO - [2026-01-03T14:42:05.520+0000] {dagbag.py:540} INFO - Filling up the DagBag from /opt/airflow/dags/prediction_dag.py
[2026-01-03T14:42:05.537+0000] {processor.py:840} INFO - DAG(s) 'prediction_dag' retrieved from /opt/airflow/dags/prediction_dag.py
[2026-01-03T14:42:05.566+0000] {logging_mixin.py:188} INFO - [2026-01-03T14:42:05.566+0000] {dag.py:3047} INFO - Sync 1 DAGs
[2026-01-03T14:42:05.596+0000] {logging_mixin.py:188} INFO - [2026-01-03T14:42:05.596+0000] {dag.py:3834} INFO - Setting next_dagrun for prediction_dag to 2026-01-03 14:42:00+00:00, run_after=2026-01-03 14:44:00+00:00
[2026-01-03T14:42:05.620+0000] {processor.py:183} INFO - Processing /opt/airflow/dags/prediction_dag.py took 0.108 seconds
[2026-01-03T14:42:35.983+0000] {processor.py:161} INFO - Started process (PID=37752) to work on /opt/airflow/dags/prediction_dag.py
[2026-01-03T14:42:35.987+0000] {processor.py:830} INFO - Processing file /opt/airflow/dags/prediction_dag.py for tasks to queue
[2026-01-03T14:42:35.988+0000] {logging_mixin.py:188} INFO - [2026-01-03T14:42:35.988+0000] {dagbag.py:540} INFO - Filling up the DagBag from /opt/airflow/dags/prediction_dag.py
[2026-01-03T14:42:36.017+0000] {processor.py:840} INFO - DAG(s) 'prediction_dag' retrieved from /opt/airflow/dags/prediction_dag.py
[2026-01-03T14:42:36.053+0000] {logging_mixin.py:188} INFO - [2026-01-03T14:42:36.053+0000] {dag.py:3047} INFO - Sync 1 DAGs
[2026-01-03T14:42:36.077+0000] {logging_mixin.py:188} INFO - [2026-01-03T14:42:36.077+0000] {dag.py:3834} INFO - Setting next_dagrun for prediction_dag to 2026-01-03 14:42:00+00:00, run_after=2026-01-03 14:44:00+00:00
[2026-01-03T14:42:36.092+0000] {processor.py:183} INFO - Processing /opt/airflow/dags/prediction_dag.py took 0.119 seconds
[2026-01-03T14:43:06.392+0000] {processor.py:161} INFO - Started process (PID=37799) to work on /opt/airflow/dags/prediction_dag.py
[2026-01-03T14:43:06.394+0000] {processor.py:830} INFO - Processing file /opt/airflow/dags/prediction_dag.py for tasks to queue
[2026-01-03T14:43:06.395+0000] {logging_mixin.py:188} INFO - [2026-01-03T14:43:06.394+0000] {dagbag.py:540} INFO - Filling up the DagBag from /opt/airflow/dags/prediction_dag.py
[2026-01-03T14:43:06.420+0000] {processor.py:840} INFO - DAG(s) 'prediction_dag' retrieved from /opt/airflow/dags/prediction_dag.py
[2026-01-03T14:43:06.455+0000] {logging_mixin.py:188} INFO - [2026-01-03T14:43:06.455+0000] {dag.py:3047} INFO - Sync 1 DAGs
[2026-01-03T14:43:06.479+0000] {logging_mixin.py:188} INFO - [2026-01-03T14:43:06.478+0000] {dag.py:3834} INFO - Setting next_dagrun for prediction_dag to 2026-01-03 14:42:00+00:00, run_after=2026-01-03 14:44:00+00:00
[2026-01-03T14:43:06.492+0000] {processor.py:183} INFO - Processing /opt/airflow/dags/prediction_dag.py took 0.105 seconds
[2026-01-03T14:43:36.924+0000] {processor.py:161} INFO - Started process (PID=37850) to work on /opt/airflow/dags/prediction_dag.py
[2026-01-03T14:43:36.930+0000] {processor.py:830} INFO - Processing file /opt/airflow/dags/prediction_dag.py for tasks to queue
[2026-01-03T14:43:36.932+0000] {logging_mixin.py:188} INFO - [2026-01-03T14:43:36.932+0000] {dagbag.py:540} INFO - Filling up the DagBag from /opt/airflow/dags/prediction_dag.py
[2026-01-03T14:43:36.962+0000] {processor.py:840} INFO - DAG(s) 'prediction_dag' retrieved from /opt/airflow/dags/prediction_dag.py
[2026-01-03T14:43:37.010+0000] {logging_mixin.py:188} INFO - [2026-01-03T14:43:37.010+0000] {dag.py:3047} INFO - Sync 1 DAGs
[2026-01-03T14:43:37.036+0000] {logging_mixin.py:188} INFO - [2026-01-03T14:43:37.036+0000] {dag.py:3834} INFO - Setting next_dagrun for prediction_dag to 2026-01-03 14:42:00+00:00, run_after=2026-01-03 14:44:00+00:00
[2026-01-03T14:43:37.052+0000] {processor.py:183} INFO - Processing /opt/airflow/dags/prediction_dag.py took 0.136 seconds
[2026-01-03T14:44:07.428+0000] {processor.py:161} INFO - Started process (PID=37895) to work on /opt/airflow/dags/prediction_dag.py
[2026-01-03T14:44:07.432+0000] {processor.py:830} INFO - Processing file /opt/airflow/dags/prediction_dag.py for tasks to queue
[2026-01-03T14:44:07.437+0000] {logging_mixin.py:188} INFO - [2026-01-03T14:44:07.436+0000] {dagbag.py:540} INFO - Filling up the DagBag from /opt/airflow/dags/prediction_dag.py
[2026-01-03T14:44:07.470+0000] {processor.py:840} INFO - DAG(s) 'prediction_dag' retrieved from /opt/airflow/dags/prediction_dag.py
[2026-01-03T14:44:07.542+0000] {logging_mixin.py:188} INFO - [2026-01-03T14:44:07.542+0000] {dag.py:3047} INFO - Sync 1 DAGs
[2026-01-03T14:44:07.577+0000] {logging_mixin.py:188} INFO - [2026-01-03T14:44:07.577+0000] {dag.py:3834} INFO - Setting next_dagrun for prediction_dag to 2026-01-03 14:44:00+00:00, run_after=2026-01-03 14:46:00+00:00
[2026-01-03T14:44:07.598+0000] {processor.py:183} INFO - Processing /opt/airflow/dags/prediction_dag.py took 0.187 seconds
[2026-01-03T14:44:37.916+0000] {processor.py:161} INFO - Started process (PID=37954) to work on /opt/airflow/dags/prediction_dag.py
[2026-01-03T14:44:37.918+0000] {processor.py:830} INFO - Processing file /opt/airflow/dags/prediction_dag.py for tasks to queue
[2026-01-03T14:44:37.919+0000] {logging_mixin.py:188} INFO - [2026-01-03T14:44:37.919+0000] {dagbag.py:540} INFO - Filling up the DagBag from /opt/airflow/dags/prediction_dag.py
[2026-01-03T14:44:37.946+0000] {processor.py:840} INFO - DAG(s) 'prediction_dag' retrieved from /opt/airflow/dags/prediction_dag.py
[2026-01-03T14:44:38.003+0000] {logging_mixin.py:188} INFO - [2026-01-03T14:44:38.002+0000] {dag.py:3047} INFO - Sync 1 DAGs
[2026-01-03T14:44:38.030+0000] {logging_mixin.py:188} INFO - [2026-01-03T14:44:38.029+0000] {dag.py:3834} INFO - Setting next_dagrun for prediction_dag to 2026-01-03 14:44:00+00:00, run_after=2026-01-03 14:46:00+00:00
[2026-01-03T14:44:38.047+0000] {processor.py:183} INFO - Processing /opt/airflow/dags/prediction_dag.py took 0.140 seconds
[2026-01-03T14:45:08.372+0000] {processor.py:161} INFO - Started process (PID=38001) to work on /opt/airflow/dags/prediction_dag.py
[2026-01-03T14:45:08.375+0000] {processor.py:830} INFO - Processing file /opt/airflow/dags/prediction_dag.py for tasks to queue
[2026-01-03T14:45:08.377+0000] {logging_mixin.py:188} INFO - [2026-01-03T14:45:08.376+0000] {dagbag.py:540} INFO - Filling up the DagBag from /opt/airflow/dags/prediction_dag.py
[2026-01-03T14:45:08.398+0000] {processor.py:840} INFO - DAG(s) 'prediction_dag' retrieved from /opt/airflow/dags/prediction_dag.py
[2026-01-03T14:45:08.456+0000] {logging_mixin.py:188} INFO - [2026-01-03T14:45:08.456+0000] {dag.py:3047} INFO - Sync 1 DAGs
[2026-01-03T14:45:08.486+0000] {logging_mixin.py:188} INFO - [2026-01-03T14:45:08.486+0000] {dag.py:3834} INFO - Setting next_dagrun for prediction_dag to 2026-01-03 14:44:00+00:00, run_after=2026-01-03 14:46:00+00:00
[2026-01-03T14:45:08.500+0000] {processor.py:183} INFO - Processing /opt/airflow/dags/prediction_dag.py took 0.137 seconds
[2026-01-03T14:45:38.789+0000] {processor.py:161} INFO - Started process (PID=38043) to work on /opt/airflow/dags/prediction_dag.py
[2026-01-03T14:45:38.792+0000] {processor.py:830} INFO - Processing file /opt/airflow/dags/prediction_dag.py for tasks to queue
[2026-01-03T14:45:38.792+0000] {logging_mixin.py:188} INFO - [2026-01-03T14:45:38.792+0000] {dagbag.py:540} INFO - Filling up the DagBag from /opt/airflow/dags/prediction_dag.py
[2026-01-03T14:45:38.812+0000] {processor.py:840} INFO - DAG(s) 'prediction_dag' retrieved from /opt/airflow/dags/prediction_dag.py
[2026-01-03T14:45:38.860+0000] {logging_mixin.py:188} INFO - [2026-01-03T14:45:38.859+0000] {dag.py:3047} INFO - Sync 1 DAGs
[2026-01-03T14:45:38.896+0000] {logging_mixin.py:188} INFO - [2026-01-03T14:45:38.895+0000] {dag.py:3834} INFO - Setting next_dagrun for prediction_dag to 2026-01-03 14:44:00+00:00, run_after=2026-01-03 14:46:00+00:00
[2026-01-03T14:45:38.914+0000] {processor.py:183} INFO - Processing /opt/airflow/dags/prediction_dag.py took 0.130 seconds
[2026-01-03T14:46:09.301+0000] {processor.py:161} INFO - Started process (PID=38101) to work on /opt/airflow/dags/prediction_dag.py
[2026-01-03T14:46:09.306+0000] {processor.py:830} INFO - Processing file /opt/airflow/dags/prediction_dag.py for tasks to queue
[2026-01-03T14:46:09.308+0000] {logging_mixin.py:188} INFO - [2026-01-03T14:46:09.307+0000] {dagbag.py:540} INFO - Filling up the DagBag from /opt/airflow/dags/prediction_dag.py
[2026-01-03T14:46:09.428+0000] {processor.py:840} INFO - DAG(s) 'prediction_dag' retrieved from /opt/airflow/dags/prediction_dag.py
[2026-01-03T14:46:09.506+0000] {logging_mixin.py:188} INFO - [2026-01-03T14:46:09.505+0000] {dag.py:3047} INFO - Sync 1 DAGs
[2026-01-03T14:46:09.540+0000] {logging_mixin.py:188} INFO - [2026-01-03T14:46:09.539+0000] {dag.py:3834} INFO - Setting next_dagrun for prediction_dag to 2026-01-03 14:46:00+00:00, run_after=2026-01-03 14:48:00+00:00
[2026-01-03T14:46:09.576+0000] {processor.py:183} INFO - Processing /opt/airflow/dags/prediction_dag.py took 0.282 seconds
[2026-01-03T14:46:40.062+0000] {processor.py:161} INFO - Started process (PID=38143) to work on /opt/airflow/dags/prediction_dag.py
[2026-01-03T14:46:40.065+0000] {processor.py:830} INFO - Processing file /opt/airflow/dags/prediction_dag.py for tasks to queue
[2026-01-03T14:46:40.067+0000] {logging_mixin.py:188} INFO - [2026-01-03T14:46:40.066+0000] {dagbag.py:540} INFO - Filling up the DagBag from /opt/airflow/dags/prediction_dag.py
[2026-01-03T14:46:40.099+0000] {processor.py:840} INFO - DAG(s) 'prediction_dag' retrieved from /opt/airflow/dags/prediction_dag.py
[2026-01-03T14:46:40.146+0000] {logging_mixin.py:188} INFO - [2026-01-03T14:46:40.145+0000] {dag.py:3047} INFO - Sync 1 DAGs
[2026-01-03T14:46:40.174+0000] {logging_mixin.py:188} INFO - [2026-01-03T14:46:40.173+0000] {dag.py:3834} INFO - Setting next_dagrun for prediction_dag to 2026-01-03 14:46:00+00:00, run_after=2026-01-03 14:48:00+00:00
[2026-01-03T14:46:40.189+0000] {processor.py:183} INFO - Processing /opt/airflow/dags/prediction_dag.py took 0.138 seconds
[2026-01-03T14:47:10.602+0000] {processor.py:161} INFO - Started process (PID=38223) to work on /opt/airflow/dags/prediction_dag.py
[2026-01-03T14:47:10.606+0000] {processor.py:830} INFO - Processing file /opt/airflow/dags/prediction_dag.py for tasks to queue
[2026-01-03T14:47:10.607+0000] {logging_mixin.py:188} INFO - [2026-01-03T14:47:10.607+0000] {dagbag.py:540} INFO - Filling up the DagBag from /opt/airflow/dags/prediction_dag.py
[2026-01-03T14:47:10.640+0000] {processor.py:840} INFO - DAG(s) 'prediction_dag' retrieved from /opt/airflow/dags/prediction_dag.py
[2026-01-03T14:47:10.686+0000] {logging_mixin.py:188} INFO - [2026-01-03T14:47:10.686+0000] {dag.py:3047} INFO - Sync 1 DAGs
[2026-01-03T14:47:10.716+0000] {logging_mixin.py:188} INFO - [2026-01-03T14:47:10.716+0000] {dag.py:3834} INFO - Setting next_dagrun for prediction_dag to 2026-01-03 14:46:00+00:00, run_after=2026-01-03 14:48:00+00:00
[2026-01-03T14:47:10.748+0000] {processor.py:183} INFO - Processing /opt/airflow/dags/prediction_dag.py took 0.150 seconds
[2026-01-03T14:47:41.425+0000] {processor.py:161} INFO - Started process (PID=38241) to work on /opt/airflow/dags/prediction_dag.py
[2026-01-03T14:47:41.428+0000] {processor.py:830} INFO - Processing file /opt/airflow/dags/prediction_dag.py for tasks to queue
[2026-01-03T14:47:41.429+0000] {logging_mixin.py:188} INFO - [2026-01-03T14:47:41.429+0000] {dagbag.py:540} INFO - Filling up the DagBag from /opt/airflow/dags/prediction_dag.py
[2026-01-03T14:47:41.466+0000] {processor.py:840} INFO - DAG(s) 'prediction_dag' retrieved from /opt/airflow/dags/prediction_dag.py
[2026-01-03T14:47:41.520+0000] {logging_mixin.py:188} INFO - [2026-01-03T14:47:41.520+0000] {dag.py:3047} INFO - Sync 1 DAGs
[2026-01-03T14:47:41.549+0000] {logging_mixin.py:188} INFO - [2026-01-03T14:47:41.549+0000] {dag.py:3834} INFO - Setting next_dagrun for prediction_dag to 2026-01-03 14:46:00+00:00, run_after=2026-01-03 14:48:00+00:00
[2026-01-03T14:47:41.576+0000] {processor.py:183} INFO - Processing /opt/airflow/dags/prediction_dag.py took 0.163 seconds
[2026-01-03T14:48:12.125+0000] {processor.py:161} INFO - Started process (PID=38295) to work on /opt/airflow/dags/prediction_dag.py
[2026-01-03T14:48:12.126+0000] {processor.py:830} INFO - Processing file /opt/airflow/dags/prediction_dag.py for tasks to queue
[2026-01-03T14:48:12.128+0000] {logging_mixin.py:188} INFO - [2026-01-03T14:48:12.127+0000] {dagbag.py:540} INFO - Filling up the DagBag from /opt/airflow/dags/prediction_dag.py
[2026-01-03T14:48:12.187+0000] {processor.py:840} INFO - DAG(s) 'prediction_dag' retrieved from /opt/airflow/dags/prediction_dag.py
[2026-01-03T14:48:12.230+0000] {logging_mixin.py:188} INFO - [2026-01-03T14:48:12.230+0000] {dag.py:3047} INFO - Sync 1 DAGs
[2026-01-03T14:48:12.260+0000] {logging_mixin.py:188} INFO - [2026-01-03T14:48:12.260+0000] {dag.py:3834} INFO - Setting next_dagrun for prediction_dag to 2026-01-03 14:48:00+00:00, run_after=2026-01-03 14:50:00+00:00
[2026-01-03T14:48:12.277+0000] {processor.py:183} INFO - Processing /opt/airflow/dags/prediction_dag.py took 0.167 seconds
[2026-01-03T14:48:42.864+0000] {processor.py:161} INFO - Started process (PID=38345) to work on /opt/airflow/dags/prediction_dag.py
[2026-01-03T14:48:42.867+0000] {processor.py:830} INFO - Processing file /opt/airflow/dags/prediction_dag.py for tasks to queue
[2026-01-03T14:48:42.868+0000] {logging_mixin.py:188} INFO - [2026-01-03T14:48:42.867+0000] {dagbag.py:540} INFO - Filling up the DagBag from /opt/airflow/dags/prediction_dag.py
[2026-01-03T14:48:42.905+0000] {processor.py:840} INFO - DAG(s) 'prediction_dag' retrieved from /opt/airflow/dags/prediction_dag.py
[2026-01-03T14:48:42.952+0000] {logging_mixin.py:188} INFO - [2026-01-03T14:48:42.951+0000] {dag.py:3047} INFO - Sync 1 DAGs
[2026-01-03T14:48:42.981+0000] {logging_mixin.py:188} INFO - [2026-01-03T14:48:42.981+0000] {dag.py:3834} INFO - Setting next_dagrun for prediction_dag to 2026-01-03 14:48:00+00:00, run_after=2026-01-03 14:50:00+00:00
[2026-01-03T14:48:42.996+0000] {processor.py:183} INFO - Processing /opt/airflow/dags/prediction_dag.py took 0.145 seconds
[2026-01-03T14:49:13.323+0000] {processor.py:161} INFO - Started process (PID=38425) to work on /opt/airflow/dags/prediction_dag.py
[2026-01-03T14:49:13.329+0000] {processor.py:830} INFO - Processing file /opt/airflow/dags/prediction_dag.py for tasks to queue
[2026-01-03T14:49:13.331+0000] {logging_mixin.py:188} INFO - [2026-01-03T14:49:13.330+0000] {dagbag.py:540} INFO - Filling up the DagBag from /opt/airflow/dags/prediction_dag.py
[2026-01-03T14:49:13.358+0000] {processor.py:840} INFO - DAG(s) 'prediction_dag' retrieved from /opt/airflow/dags/prediction_dag.py
[2026-01-03T14:49:13.395+0000] {logging_mixin.py:188} INFO - [2026-01-03T14:49:13.395+0000] {dag.py:3047} INFO - Sync 1 DAGs
[2026-01-03T14:49:13.426+0000] {logging_mixin.py:188} INFO - [2026-01-03T14:49:13.426+0000] {dag.py:3834} INFO - Setting next_dagrun for prediction_dag to 2026-01-03 14:48:00+00:00, run_after=2026-01-03 14:50:00+00:00
[2026-01-03T14:49:13.438+0000] {processor.py:183} INFO - Processing /opt/airflow/dags/prediction_dag.py took 0.124 seconds
[2026-01-03T14:49:43.840+0000] {processor.py:161} INFO - Started process (PID=38443) to work on /opt/airflow/dags/prediction_dag.py
[2026-01-03T14:49:43.843+0000] {processor.py:830} INFO - Processing file /opt/airflow/dags/prediction_dag.py for tasks to queue
[2026-01-03T14:49:43.844+0000] {logging_mixin.py:188} INFO - [2026-01-03T14:49:43.844+0000] {dagbag.py:540} INFO - Filling up the DagBag from /opt/airflow/dags/prediction_dag.py
[2026-01-03T14:49:43.874+0000] {processor.py:840} INFO - DAG(s) 'prediction_dag' retrieved from /opt/airflow/dags/prediction_dag.py
[2026-01-03T14:49:43.928+0000] {logging_mixin.py:188} INFO - [2026-01-03T14:49:43.928+0000] {dag.py:3047} INFO - Sync 1 DAGs
[2026-01-03T14:49:43.960+0000] {logging_mixin.py:188} INFO - [2026-01-03T14:49:43.960+0000] {dag.py:3834} INFO - Setting next_dagrun for prediction_dag to 2026-01-03 14:48:00+00:00, run_after=2026-01-03 14:50:00+00:00
[2026-01-03T14:49:43.975+0000] {processor.py:183} INFO - Processing /opt/airflow/dags/prediction_dag.py took 0.146 seconds
[2026-01-03T14:50:14.210+0000] {processor.py:161} INFO - Started process (PID=38529) to work on /opt/airflow/dags/prediction_dag.py
[2026-01-03T14:50:14.214+0000] {processor.py:830} INFO - Processing file /opt/airflow/dags/prediction_dag.py for tasks to queue
[2026-01-03T14:50:14.216+0000] {logging_mixin.py:188} INFO - [2026-01-03T14:50:14.215+0000] {dagbag.py:540} INFO - Filling up the DagBag from /opt/airflow/dags/prediction_dag.py
[2026-01-03T14:50:14.259+0000] {processor.py:840} INFO - DAG(s) 'prediction_dag' retrieved from /opt/airflow/dags/prediction_dag.py
[2026-01-03T14:50:14.307+0000] {logging_mixin.py:188} INFO - [2026-01-03T14:50:14.306+0000] {dag.py:3047} INFO - Sync 1 DAGs
[2026-01-03T14:50:14.351+0000] {logging_mixin.py:188} INFO - [2026-01-03T14:50:14.351+0000] {dag.py:3834} INFO - Setting next_dagrun for prediction_dag to 2026-01-03 14:50:00+00:00, run_after=2026-01-03 14:52:00+00:00
[2026-01-03T14:50:14.367+0000] {processor.py:183} INFO - Processing /opt/airflow/dags/prediction_dag.py took 0.168 seconds
[2026-01-03T14:50:44.784+0000] {processor.py:161} INFO - Started process (PID=38547) to work on /opt/airflow/dags/prediction_dag.py
[2026-01-03T14:50:44.787+0000] {processor.py:830} INFO - Processing file /opt/airflow/dags/prediction_dag.py for tasks to queue
[2026-01-03T14:50:44.789+0000] {logging_mixin.py:188} INFO - [2026-01-03T14:50:44.788+0000] {dagbag.py:540} INFO - Filling up the DagBag from /opt/airflow/dags/prediction_dag.py
[2026-01-03T14:50:44.816+0000] {processor.py:840} INFO - DAG(s) 'prediction_dag' retrieved from /opt/airflow/dags/prediction_dag.py
[2026-01-03T14:50:44.870+0000] {logging_mixin.py:188} INFO - [2026-01-03T14:50:44.870+0000] {dag.py:3047} INFO - Sync 1 DAGs
[2026-01-03T14:50:44.901+0000] {logging_mixin.py:188} INFO - [2026-01-03T14:50:44.901+0000] {dag.py:3834} INFO - Setting next_dagrun for prediction_dag to 2026-01-03 14:50:00+00:00, run_after=2026-01-03 14:52:00+00:00
[2026-01-03T14:50:44.916+0000] {processor.py:183} INFO - Processing /opt/airflow/dags/prediction_dag.py took 0.142 seconds
[2026-01-03T14:51:15.215+0000] {processor.py:161} INFO - Started process (PID=38627) to work on /opt/airflow/dags/prediction_dag.py
[2026-01-03T14:51:15.218+0000] {processor.py:830} INFO - Processing file /opt/airflow/dags/prediction_dag.py for tasks to queue
[2026-01-03T14:51:15.219+0000] {logging_mixin.py:188} INFO - [2026-01-03T14:51:15.219+0000] {dagbag.py:540} INFO - Filling up the DagBag from /opt/airflow/dags/prediction_dag.py
[2026-01-03T14:51:15.242+0000] {processor.py:840} INFO - DAG(s) 'prediction_dag' retrieved from /opt/airflow/dags/prediction_dag.py
[2026-01-03T14:51:15.282+0000] {logging_mixin.py:188} INFO - [2026-01-03T14:51:15.282+0000] {dag.py:3047} INFO - Sync 1 DAGs
[2026-01-03T14:51:15.308+0000] {logging_mixin.py:188} INFO - [2026-01-03T14:51:15.308+0000] {dag.py:3834} INFO - Setting next_dagrun for prediction_dag to 2026-01-03 14:50:00+00:00, run_after=2026-01-03 14:52:00+00:00
[2026-01-03T14:51:15.323+0000] {processor.py:183} INFO - Processing /opt/airflow/dags/prediction_dag.py took 0.115 seconds
[2026-01-03T14:51:45.465+0000] {processor.py:161} INFO - Started process (PID=38645) to work on /opt/airflow/dags/prediction_dag.py
[2026-01-03T14:51:45.469+0000] {processor.py:830} INFO - Processing file /opt/airflow/dags/prediction_dag.py for tasks to queue
[2026-01-03T14:51:45.471+0000] {logging_mixin.py:188} INFO - [2026-01-03T14:51:45.470+0000] {dagbag.py:540} INFO - Filling up the DagBag from /opt/airflow/dags/prediction_dag.py
[2026-01-03T14:51:45.506+0000] {processor.py:840} INFO - DAG(s) 'prediction_dag' retrieved from /opt/airflow/dags/prediction_dag.py
[2026-01-03T14:51:45.553+0000] {logging_mixin.py:188} INFO - [2026-01-03T14:51:45.552+0000] {dag.py:3047} INFO - Sync 1 DAGs
[2026-01-03T14:51:45.577+0000] {logging_mixin.py:188} INFO - [2026-01-03T14:51:45.577+0000] {dag.py:3834} INFO - Setting next_dagrun for prediction_dag to 2026-01-03 14:50:00+00:00, run_after=2026-01-03 14:52:00+00:00
[2026-01-03T14:51:45.597+0000] {processor.py:183} INFO - Processing /opt/airflow/dags/prediction_dag.py took 0.149 seconds
[2026-01-03T14:52:16.313+0000] {processor.py:161} INFO - Started process (PID=38731) to work on /opt/airflow/dags/prediction_dag.py
[2026-01-03T14:52:16.316+0000] {processor.py:830} INFO - Processing file /opt/airflow/dags/prediction_dag.py for tasks to queue
[2026-01-03T14:52:16.318+0000] {logging_mixin.py:188} INFO - [2026-01-03T14:52:16.318+0000] {dagbag.py:540} INFO - Filling up the DagBag from /opt/airflow/dags/prediction_dag.py
[2026-01-03T14:52:16.348+0000] {processor.py:840} INFO - DAG(s) 'prediction_dag' retrieved from /opt/airflow/dags/prediction_dag.py
[2026-01-03T14:52:16.389+0000] {logging_mixin.py:188} INFO - [2026-01-03T14:52:16.389+0000] {dag.py:3047} INFO - Sync 1 DAGs
[2026-01-03T14:52:16.430+0000] {logging_mixin.py:188} INFO - [2026-01-03T14:52:16.430+0000] {dag.py:3834} INFO - Setting next_dagrun for prediction_dag to 2026-01-03 14:52:00+00:00, run_after=2026-01-03 14:54:00+00:00
[2026-01-03T14:52:16.443+0000] {processor.py:183} INFO - Processing /opt/airflow/dags/prediction_dag.py took 0.146 seconds
[2026-01-03T14:52:46.790+0000] {processor.py:161} INFO - Started process (PID=38749) to work on /opt/airflow/dags/prediction_dag.py
[2026-01-03T14:52:46.792+0000] {processor.py:830} INFO - Processing file /opt/airflow/dags/prediction_dag.py for tasks to queue
[2026-01-03T14:52:46.794+0000] {logging_mixin.py:188} INFO - [2026-01-03T14:52:46.793+0000] {dagbag.py:540} INFO - Filling up the DagBag from /opt/airflow/dags/prediction_dag.py
[2026-01-03T14:52:46.835+0000] {processor.py:840} INFO - DAG(s) 'prediction_dag' retrieved from /opt/airflow/dags/prediction_dag.py
[2026-01-03T14:52:46.874+0000] {logging_mixin.py:188} INFO - [2026-01-03T14:52:46.874+0000] {dag.py:3047} INFO - Sync 1 DAGs
[2026-01-03T14:52:46.900+0000] {logging_mixin.py:188} INFO - [2026-01-03T14:52:46.900+0000] {dag.py:3834} INFO - Setting next_dagrun for prediction_dag to 2026-01-03 14:52:00+00:00, run_after=2026-01-03 14:54:00+00:00
[2026-01-03T14:52:46.916+0000] {processor.py:183} INFO - Processing /opt/airflow/dags/prediction_dag.py took 0.135 seconds
[2026-01-03T14:53:17.284+0000] {processor.py:161} INFO - Started process (PID=38829) to work on /opt/airflow/dags/prediction_dag.py
[2026-01-03T14:53:17.290+0000] {processor.py:830} INFO - Processing file /opt/airflow/dags/prediction_dag.py for tasks to queue
[2026-01-03T14:53:17.291+0000] {logging_mixin.py:188} INFO - [2026-01-03T14:53:17.291+0000] {dagbag.py:540} INFO - Filling up the DagBag from /opt/airflow/dags/prediction_dag.py
[2026-01-03T14:53:17.318+0000] {processor.py:840} INFO - DAG(s) 'prediction_dag' retrieved from /opt/airflow/dags/prediction_dag.py
[2026-01-03T14:53:17.360+0000] {logging_mixin.py:188} INFO - [2026-01-03T14:53:17.360+0000] {dag.py:3047} INFO - Sync 1 DAGs
[2026-01-03T14:53:17.384+0000] {logging_mixin.py:188} INFO - [2026-01-03T14:53:17.384+0000] {dag.py:3834} INFO - Setting next_dagrun for prediction_dag to 2026-01-03 14:52:00+00:00, run_after=2026-01-03 14:54:00+00:00
[2026-01-03T14:53:17.405+0000] {processor.py:183} INFO - Processing /opt/airflow/dags/prediction_dag.py took 0.128 seconds
[2026-01-03T14:53:47.826+0000] {processor.py:161} INFO - Started process (PID=38845) to work on /opt/airflow/dags/prediction_dag.py
[2026-01-03T14:53:47.828+0000] {processor.py:830} INFO - Processing file /opt/airflow/dags/prediction_dag.py for tasks to queue
[2026-01-03T14:53:47.829+0000] {logging_mixin.py:188} INFO - [2026-01-03T14:53:47.828+0000] {dagbag.py:540} INFO - Filling up the DagBag from /opt/airflow/dags/prediction_dag.py
[2026-01-03T14:53:47.843+0000] {processor.py:840} INFO - DAG(s) 'prediction_dag' retrieved from /opt/airflow/dags/prediction_dag.py
[2026-01-03T14:53:47.871+0000] {logging_mixin.py:188} INFO - [2026-01-03T14:53:47.871+0000] {dag.py:3047} INFO - Sync 1 DAGs
[2026-01-03T14:53:47.892+0000] {logging_mixin.py:188} INFO - [2026-01-03T14:53:47.892+0000] {dag.py:3834} INFO - Setting next_dagrun for prediction_dag to 2026-01-03 14:52:00+00:00, run_after=2026-01-03 14:54:00+00:00
[2026-01-03T14:53:47.903+0000] {processor.py:183} INFO - Processing /opt/airflow/dags/prediction_dag.py took 0.084 seconds
[2026-01-03T14:54:18.260+0000] {processor.py:161} INFO - Started process (PID=38920) to work on /opt/airflow/dags/prediction_dag.py
[2026-01-03T14:54:18.263+0000] {processor.py:830} INFO - Processing file /opt/airflow/dags/prediction_dag.py for tasks to queue
[2026-01-03T14:54:18.265+0000] {logging_mixin.py:188} INFO - [2026-01-03T14:54:18.264+0000] {dagbag.py:540} INFO - Filling up the DagBag from /opt/airflow/dags/prediction_dag.py
[2026-01-03T14:54:18.311+0000] {processor.py:840} INFO - DAG(s) 'prediction_dag' retrieved from /opt/airflow/dags/prediction_dag.py
[2026-01-03T14:54:18.374+0000] {logging_mixin.py:188} INFO - [2026-01-03T14:54:18.374+0000] {dag.py:3047} INFO - Sync 1 DAGs
[2026-01-03T14:54:18.407+0000] {logging_mixin.py:188} INFO - [2026-01-03T14:54:18.406+0000] {dag.py:3834} INFO - Setting next_dagrun for prediction_dag to 2026-01-03 14:54:00+00:00, run_after=2026-01-03 14:56:00+00:00
[2026-01-03T14:54:18.421+0000] {processor.py:183} INFO - Processing /opt/airflow/dags/prediction_dag.py took 0.177 seconds
[2026-01-03T14:54:48.740+0000] {processor.py:161} INFO - Started process (PID=38938) to work on /opt/airflow/dags/prediction_dag.py
[2026-01-03T14:54:48.745+0000] {processor.py:830} INFO - Processing file /opt/airflow/dags/prediction_dag.py for tasks to queue
[2026-01-03T14:54:48.747+0000] {logging_mixin.py:188} INFO - [2026-01-03T14:54:48.746+0000] {dagbag.py:540} INFO - Filling up the DagBag from /opt/airflow/dags/prediction_dag.py
[2026-01-03T14:54:48.779+0000] {processor.py:840} INFO - DAG(s) 'prediction_dag' retrieved from /opt/airflow/dags/prediction_dag.py
[2026-01-03T14:54:48.837+0000] {logging_mixin.py:188} INFO - [2026-01-03T14:54:48.836+0000] {dag.py:3047} INFO - Sync 1 DAGs
[2026-01-03T14:54:48.870+0000] {logging_mixin.py:188} INFO - [2026-01-03T14:54:48.870+0000] {dag.py:3834} INFO - Setting next_dagrun for prediction_dag to 2026-01-03 14:54:00+00:00, run_after=2026-01-03 14:56:00+00:00
[2026-01-03T14:54:48.887+0000] {processor.py:183} INFO - Processing /opt/airflow/dags/prediction_dag.py took 0.156 seconds
[2026-01-03T14:55:19.236+0000] {processor.py:161} INFO - Started process (PID=39018) to work on /opt/airflow/dags/prediction_dag.py
[2026-01-03T14:55:19.239+0000] {processor.py:830} INFO - Processing file /opt/airflow/dags/prediction_dag.py for tasks to queue
[2026-01-03T14:55:19.245+0000] {logging_mixin.py:188} INFO - [2026-01-03T14:55:19.245+0000] {dagbag.py:540} INFO - Filling up the DagBag from /opt/airflow/dags/prediction_dag.py
[2026-01-03T14:55:19.277+0000] {processor.py:840} INFO - DAG(s) 'prediction_dag' retrieved from /opt/airflow/dags/prediction_dag.py
[2026-01-03T14:55:19.328+0000] {logging_mixin.py:188} INFO - [2026-01-03T14:55:19.328+0000] {dag.py:3047} INFO - Sync 1 DAGs
[2026-01-03T14:55:19.358+0000] {logging_mixin.py:188} INFO - [2026-01-03T14:55:19.357+0000] {dag.py:3834} INFO - Setting next_dagrun for prediction_dag to 2026-01-03 14:54:00+00:00, run_after=2026-01-03 14:56:00+00:00
[2026-01-03T14:55:19.375+0000] {processor.py:183} INFO - Processing /opt/airflow/dags/prediction_dag.py took 0.149 seconds
[2026-01-03T14:55:49.523+0000] {processor.py:161} INFO - Started process (PID=39036) to work on /opt/airflow/dags/prediction_dag.py
[2026-01-03T14:55:49.526+0000] {processor.py:830} INFO - Processing file /opt/airflow/dags/prediction_dag.py for tasks to queue
[2026-01-03T14:55:49.527+0000] {logging_mixin.py:188} INFO - [2026-01-03T14:55:49.527+0000] {dagbag.py:540} INFO - Filling up the DagBag from /opt/airflow/dags/prediction_dag.py
[2026-01-03T14:55:49.565+0000] {processor.py:840} INFO - DAG(s) 'prediction_dag' retrieved from /opt/airflow/dags/prediction_dag.py
[2026-01-03T14:55:49.618+0000] {logging_mixin.py:188} INFO - [2026-01-03T14:55:49.618+0000] {dag.py:3047} INFO - Sync 1 DAGs
[2026-01-03T14:55:49.649+0000] {logging_mixin.py:188} INFO - [2026-01-03T14:55:49.649+0000] {dag.py:3834} INFO - Setting next_dagrun for prediction_dag to 2026-01-03 14:54:00+00:00, run_after=2026-01-03 14:56:00+00:00
[2026-01-03T14:55:49.662+0000] {processor.py:183} INFO - Processing /opt/airflow/dags/prediction_dag.py took 0.154 seconds
[2026-01-03T14:56:19.858+0000] {processor.py:161} INFO - Started process (PID=39122) to work on /opt/airflow/dags/prediction_dag.py
[2026-01-03T14:56:19.862+0000] {processor.py:830} INFO - Processing file /opt/airflow/dags/prediction_dag.py for tasks to queue
[2026-01-03T14:56:19.863+0000] {logging_mixin.py:188} INFO - [2026-01-03T14:56:19.862+0000] {dagbag.py:540} INFO - Filling up the DagBag from /opt/airflow/dags/prediction_dag.py
[2026-01-03T14:56:19.898+0000] {processor.py:840} INFO - DAG(s) 'prediction_dag' retrieved from /opt/airflow/dags/prediction_dag.py
[2026-01-03T14:56:19.942+0000] {logging_mixin.py:188} INFO - [2026-01-03T14:56:19.941+0000] {dag.py:3047} INFO - Sync 1 DAGs
[2026-01-03T14:56:19.972+0000] {logging_mixin.py:188} INFO - [2026-01-03T14:56:19.972+0000] {dag.py:3834} INFO - Setting next_dagrun for prediction_dag to 2026-01-03 14:56:00+00:00, run_after=2026-01-03 14:58:00+00:00
[2026-01-03T14:56:19.984+0000] {processor.py:183} INFO - Processing /opt/airflow/dags/prediction_dag.py took 0.137 seconds
[2026-01-03T14:56:50.156+0000] {processor.py:161} INFO - Started process (PID=39140) to work on /opt/airflow/dags/prediction_dag.py
[2026-01-03T14:56:50.159+0000] {processor.py:830} INFO - Processing file /opt/airflow/dags/prediction_dag.py for tasks to queue
[2026-01-03T14:56:50.160+0000] {logging_mixin.py:188} INFO - [2026-01-03T14:56:50.159+0000] {dagbag.py:540} INFO - Filling up the DagBag from /opt/airflow/dags/prediction_dag.py
[2026-01-03T14:56:50.197+0000] {processor.py:840} INFO - DAG(s) 'prediction_dag' retrieved from /opt/airflow/dags/prediction_dag.py
[2026-01-03T14:56:50.262+0000] {logging_mixin.py:188} INFO - [2026-01-03T14:56:50.262+0000] {dag.py:3047} INFO - Sync 1 DAGs
[2026-01-03T14:56:50.294+0000] {logging_mixin.py:188} INFO - [2026-01-03T14:56:50.293+0000] {dag.py:3834} INFO - Setting next_dagrun for prediction_dag to 2026-01-03 14:56:00+00:00, run_after=2026-01-03 14:58:00+00:00
[2026-01-03T14:56:50.307+0000] {processor.py:183} INFO - Processing /opt/airflow/dags/prediction_dag.py took 0.165 seconds
[2026-01-03T14:57:20.755+0000] {processor.py:161} INFO - Started process (PID=39220) to work on /opt/airflow/dags/prediction_dag.py
[2026-01-03T14:57:20.762+0000] {processor.py:830} INFO - Processing file /opt/airflow/dags/prediction_dag.py for tasks to queue
[2026-01-03T14:57:20.765+0000] {logging_mixin.py:188} INFO - [2026-01-03T14:57:20.764+0000] {dagbag.py:540} INFO - Filling up the DagBag from /opt/airflow/dags/prediction_dag.py
[2026-01-03T14:57:20.799+0000] {processor.py:840} INFO - DAG(s) 'prediction_dag' retrieved from /opt/airflow/dags/prediction_dag.py
[2026-01-03T14:57:20.847+0000] {logging_mixin.py:188} INFO - [2026-01-03T14:57:20.846+0000] {dag.py:3047} INFO - Sync 1 DAGs
[2026-01-03T14:57:20.875+0000] {logging_mixin.py:188} INFO - [2026-01-03T14:57:20.875+0000] {dag.py:3834} INFO - Setting next_dagrun for prediction_dag to 2026-01-03 14:56:00+00:00, run_after=2026-01-03 14:58:00+00:00
[2026-01-03T14:57:20.895+0000] {processor.py:183} INFO - Processing /opt/airflow/dags/prediction_dag.py took 0.148 seconds
[2026-01-03T14:57:51.427+0000] {processor.py:161} INFO - Started process (PID=39238) to work on /opt/airflow/dags/prediction_dag.py
[2026-01-03T14:57:51.431+0000] {processor.py:830} INFO - Processing file /opt/airflow/dags/prediction_dag.py for tasks to queue
[2026-01-03T14:57:51.433+0000] {logging_mixin.py:188} INFO - [2026-01-03T14:57:51.432+0000] {dagbag.py:540} INFO - Filling up the DagBag from /opt/airflow/dags/prediction_dag.py
[2026-01-03T14:57:51.467+0000] {processor.py:840} INFO - DAG(s) 'prediction_dag' retrieved from /opt/airflow/dags/prediction_dag.py
[2026-01-03T14:57:51.525+0000] {logging_mixin.py:188} INFO - [2026-01-03T14:57:51.524+0000] {dag.py:3047} INFO - Sync 1 DAGs
[2026-01-03T14:57:51.556+0000] {logging_mixin.py:188} INFO - [2026-01-03T14:57:51.556+0000] {dag.py:3834} INFO - Setting next_dagrun for prediction_dag to 2026-01-03 14:56:00+00:00, run_after=2026-01-03 14:58:00+00:00
[2026-01-03T14:57:51.574+0000] {processor.py:183} INFO - Processing /opt/airflow/dags/prediction_dag.py took 0.155 seconds
[2026-01-03T14:58:22.007+0000] {processor.py:161} INFO - Started process (PID=39324) to work on /opt/airflow/dags/prediction_dag.py
[2026-01-03T14:58:22.013+0000] {processor.py:830} INFO - Processing file /opt/airflow/dags/prediction_dag.py for tasks to queue
[2026-01-03T14:58:22.015+0000] {logging_mixin.py:188} INFO - [2026-01-03T14:58:22.014+0000] {dagbag.py:540} INFO - Filling up the DagBag from /opt/airflow/dags/prediction_dag.py
[2026-01-03T14:58:22.049+0000] {processor.py:840} INFO - DAG(s) 'prediction_dag' retrieved from /opt/airflow/dags/prediction_dag.py
[2026-01-03T14:58:22.115+0000] {logging_mixin.py:188} INFO - [2026-01-03T14:58:22.115+0000] {dag.py:3047} INFO - Sync 1 DAGs
[2026-01-03T14:58:22.150+0000] {logging_mixin.py:188} INFO - [2026-01-03T14:58:22.150+0000] {dag.py:3834} INFO - Setting next_dagrun for prediction_dag to 2026-01-03 14:58:00+00:00, run_after=2026-01-03 15:00:00+00:00
[2026-01-03T14:58:22.172+0000] {processor.py:183} INFO - Processing /opt/airflow/dags/prediction_dag.py took 0.175 seconds
[2026-01-03T14:58:52.479+0000] {processor.py:161} INFO - Started process (PID=39342) to work on /opt/airflow/dags/prediction_dag.py
[2026-01-03T14:58:52.482+0000] {processor.py:830} INFO - Processing file /opt/airflow/dags/prediction_dag.py for tasks to queue
[2026-01-03T14:58:52.483+0000] {logging_mixin.py:188} INFO - [2026-01-03T14:58:52.482+0000] {dagbag.py:540} INFO - Filling up the DagBag from /opt/airflow/dags/prediction_dag.py
[2026-01-03T14:58:52.510+0000] {processor.py:840} INFO - DAG(s) 'prediction_dag' retrieved from /opt/airflow/dags/prediction_dag.py
[2026-01-03T14:58:52.558+0000] {logging_mixin.py:188} INFO - [2026-01-03T14:58:52.558+0000] {dag.py:3047} INFO - Sync 1 DAGs
[2026-01-03T14:58:52.588+0000] {logging_mixin.py:188} INFO - [2026-01-03T14:58:52.588+0000] {dag.py:3834} INFO - Setting next_dagrun for prediction_dag to 2026-01-03 14:58:00+00:00, run_after=2026-01-03 15:00:00+00:00
[2026-01-03T14:58:52.605+0000] {processor.py:183} INFO - Processing /opt/airflow/dags/prediction_dag.py took 0.134 seconds
[2026-01-03T14:59:22.964+0000] {processor.py:161} INFO - Started process (PID=39422) to work on /opt/airflow/dags/prediction_dag.py
[2026-01-03T14:59:22.967+0000] {processor.py:830} INFO - Processing file /opt/airflow/dags/prediction_dag.py for tasks to queue
[2026-01-03T14:59:22.968+0000] {logging_mixin.py:188} INFO - [2026-01-03T14:59:22.968+0000] {dagbag.py:540} INFO - Filling up the DagBag from /opt/airflow/dags/prediction_dag.py
[2026-01-03T14:59:22.998+0000] {processor.py:840} INFO - DAG(s) 'prediction_dag' retrieved from /opt/airflow/dags/prediction_dag.py
[2026-01-03T14:59:23.075+0000] {logging_mixin.py:188} INFO - [2026-01-03T14:59:23.075+0000] {dag.py:3047} INFO - Sync 1 DAGs
[2026-01-03T14:59:23.107+0000] {logging_mixin.py:188} INFO - [2026-01-03T14:59:23.107+0000] {dag.py:3834} INFO - Setting next_dagrun for prediction_dag to 2026-01-03 14:58:00+00:00, run_after=2026-01-03 15:00:00+00:00
[2026-01-03T14:59:23.124+0000] {processor.py:183} INFO - Processing /opt/airflow/dags/prediction_dag.py took 0.177 seconds
[2026-01-03T14:59:53.470+0000] {processor.py:161} INFO - Started process (PID=39440) to work on /opt/airflow/dags/prediction_dag.py
[2026-01-03T14:59:53.473+0000] {processor.py:830} INFO - Processing file /opt/airflow/dags/prediction_dag.py for tasks to queue
[2026-01-03T14:59:53.474+0000] {logging_mixin.py:188} INFO - [2026-01-03T14:59:53.473+0000] {dagbag.py:540} INFO - Filling up the DagBag from /opt/airflow/dags/prediction_dag.py
[2026-01-03T14:59:53.488+0000] {processor.py:840} INFO - DAG(s) 'prediction_dag' retrieved from /opt/airflow/dags/prediction_dag.py
[2026-01-03T14:59:53.514+0000] {logging_mixin.py:188} INFO - [2026-01-03T14:59:53.514+0000] {dag.py:3047} INFO - Sync 1 DAGs
[2026-01-03T14:59:53.530+0000] {logging_mixin.py:188} INFO - [2026-01-03T14:59:53.530+0000] {dag.py:3834} INFO - Setting next_dagrun for prediction_dag to 2026-01-03 14:58:00+00:00, run_after=2026-01-03 15:00:00+00:00
[2026-01-03T14:59:53.539+0000] {processor.py:183} INFO - Processing /opt/airflow/dags/prediction_dag.py took 0.074 seconds
[2026-01-03T15:00:23.829+0000] {processor.py:161} INFO - Started process (PID=39526) to work on /opt/airflow/dags/prediction_dag.py
[2026-01-03T15:00:23.831+0000] {processor.py:830} INFO - Processing file /opt/airflow/dags/prediction_dag.py for tasks to queue
[2026-01-03T15:00:23.833+0000] {logging_mixin.py:188} INFO - [2026-01-03T15:00:23.832+0000] {dagbag.py:540} INFO - Filling up the DagBag from /opt/airflow/dags/prediction_dag.py
[2026-01-03T15:00:23.852+0000] {processor.py:840} INFO - DAG(s) 'prediction_dag' retrieved from /opt/airflow/dags/prediction_dag.py
[2026-01-03T15:00:23.880+0000] {logging_mixin.py:188} INFO - [2026-01-03T15:00:23.880+0000] {dag.py:3047} INFO - Sync 1 DAGs
[2026-01-03T15:00:23.896+0000] {logging_mixin.py:188} INFO - [2026-01-03T15:00:23.895+0000] {dag.py:3834} INFO - Setting next_dagrun for prediction_dag to 2026-01-03 15:00:00+00:00, run_after=2026-01-03 15:02:00+00:00
[2026-01-03T15:00:23.906+0000] {processor.py:183} INFO - Processing /opt/airflow/dags/prediction_dag.py took 0.084 seconds
[2026-01-03T15:00:54.213+0000] {processor.py:161} INFO - Started process (PID=39544) to work on /opt/airflow/dags/prediction_dag.py
[2026-01-03T15:00:54.215+0000] {processor.py:830} INFO - Processing file /opt/airflow/dags/prediction_dag.py for tasks to queue
[2026-01-03T15:00:54.216+0000] {logging_mixin.py:188} INFO - [2026-01-03T15:00:54.215+0000] {dagbag.py:540} INFO - Filling up the DagBag from /opt/airflow/dags/prediction_dag.py
[2026-01-03T15:00:54.233+0000] {processor.py:840} INFO - DAG(s) 'prediction_dag' retrieved from /opt/airflow/dags/prediction_dag.py
[2026-01-03T15:00:54.258+0000] {logging_mixin.py:188} INFO - [2026-01-03T15:00:54.258+0000] {dag.py:3047} INFO - Sync 1 DAGs
[2026-01-03T15:00:54.274+0000] {logging_mixin.py:188} INFO - [2026-01-03T15:00:54.274+0000] {dag.py:3834} INFO - Setting next_dagrun for prediction_dag to 2026-01-03 15:00:00+00:00, run_after=2026-01-03 15:02:00+00:00
[2026-01-03T15:00:54.284+0000] {processor.py:183} INFO - Processing /opt/airflow/dags/prediction_dag.py took 0.079 seconds
[2026-01-03T15:01:24.643+0000] {processor.py:161} INFO - Started process (PID=39614) to work on /opt/airflow/dags/prediction_dag.py
[2026-01-03T15:01:24.644+0000] {processor.py:830} INFO - Processing file /opt/airflow/dags/prediction_dag.py for tasks to queue
[2026-01-03T15:01:24.645+0000] {logging_mixin.py:188} INFO - [2026-01-03T15:01:24.645+0000] {dagbag.py:540} INFO - Filling up the DagBag from /opt/airflow/dags/prediction_dag.py
[2026-01-03T15:01:24.672+0000] {processor.py:840} INFO - DAG(s) 'prediction_dag' retrieved from /opt/airflow/dags/prediction_dag.py
[2026-01-03T15:01:24.709+0000] {logging_mixin.py:188} INFO - [2026-01-03T15:01:24.708+0000] {dag.py:3047} INFO - Sync 1 DAGs
[2026-01-03T15:01:24.747+0000] {logging_mixin.py:188} INFO - [2026-01-03T15:01:24.746+0000] {dag.py:3834} INFO - Setting next_dagrun for prediction_dag to 2026-01-03 15:00:00+00:00, run_after=2026-01-03 15:02:00+00:00
[2026-01-03T15:01:24.765+0000] {processor.py:183} INFO - Processing /opt/airflow/dags/prediction_dag.py took 0.128 seconds
[2026-01-03T15:01:55.166+0000] {processor.py:161} INFO - Started process (PID=39629) to work on /opt/airflow/dags/prediction_dag.py
[2026-01-03T15:01:55.171+0000] {processor.py:830} INFO - Processing file /opt/airflow/dags/prediction_dag.py for tasks to queue
[2026-01-03T15:01:55.172+0000] {logging_mixin.py:188} INFO - [2026-01-03T15:01:55.171+0000] {dagbag.py:540} INFO - Filling up the DagBag from /opt/airflow/dags/prediction_dag.py
[2026-01-03T15:01:55.203+0000] {processor.py:840} INFO - DAG(s) 'prediction_dag' retrieved from /opt/airflow/dags/prediction_dag.py
[2026-01-03T15:01:55.243+0000] {logging_mixin.py:188} INFO - [2026-01-03T15:01:55.243+0000] {dag.py:3047} INFO - Sync 1 DAGs
[2026-01-03T15:01:55.271+0000] {logging_mixin.py:188} INFO - [2026-01-03T15:01:55.271+0000] {dag.py:3834} INFO - Setting next_dagrun for prediction_dag to 2026-01-03 15:00:00+00:00, run_after=2026-01-03 15:02:00+00:00
[2026-01-03T15:01:55.284+0000] {processor.py:183} INFO - Processing /opt/airflow/dags/prediction_dag.py took 0.135 seconds
[2026-01-03T15:02:25.666+0000] {processor.py:161} INFO - Started process (PID=39715) to work on /opt/airflow/dags/prediction_dag.py
[2026-01-03T15:02:25.669+0000] {processor.py:830} INFO - Processing file /opt/airflow/dags/prediction_dag.py for tasks to queue
[2026-01-03T15:02:25.671+0000] {logging_mixin.py:188} INFO - [2026-01-03T15:02:25.670+0000] {dagbag.py:540} INFO - Filling up the DagBag from /opt/airflow/dags/prediction_dag.py
[2026-01-03T15:02:25.711+0000] {processor.py:840} INFO - DAG(s) 'prediction_dag' retrieved from /opt/airflow/dags/prediction_dag.py
[2026-01-03T15:02:25.751+0000] {logging_mixin.py:188} INFO - [2026-01-03T15:02:25.751+0000] {dag.py:3047} INFO - Sync 1 DAGs
[2026-01-03T15:02:25.783+0000] {logging_mixin.py:188} INFO - [2026-01-03T15:02:25.783+0000] {dag.py:3834} INFO - Setting next_dagrun for prediction_dag to 2026-01-03 15:02:00+00:00, run_after=2026-01-03 15:04:00+00:00
[2026-01-03T15:02:25.795+0000] {processor.py:183} INFO - Processing /opt/airflow/dags/prediction_dag.py took 0.142 seconds
[2026-01-03T15:02:56.218+0000] {processor.py:161} INFO - Started process (PID=39733) to work on /opt/airflow/dags/prediction_dag.py
[2026-01-03T15:02:56.222+0000] {processor.py:830} INFO - Processing file /opt/airflow/dags/prediction_dag.py for tasks to queue
[2026-01-03T15:02:56.224+0000] {logging_mixin.py:188} INFO - [2026-01-03T15:02:56.223+0000] {dagbag.py:540} INFO - Filling up the DagBag from /opt/airflow/dags/prediction_dag.py
[2026-01-03T15:02:56.265+0000] {processor.py:840} INFO - DAG(s) 'prediction_dag' retrieved from /opt/airflow/dags/prediction_dag.py
[2026-01-03T15:02:56.315+0000] {logging_mixin.py:188} INFO - [2026-01-03T15:02:56.315+0000] {dag.py:3047} INFO - Sync 1 DAGs
[2026-01-03T15:02:56.340+0000] {logging_mixin.py:188} INFO - [2026-01-03T15:02:56.340+0000] {dag.py:3834} INFO - Setting next_dagrun for prediction_dag to 2026-01-03 15:02:00+00:00, run_after=2026-01-03 15:04:00+00:00
[2026-01-03T15:02:56.359+0000] {processor.py:183} INFO - Processing /opt/airflow/dags/prediction_dag.py took 0.158 seconds
[2026-01-03T15:03:26.543+0000] {processor.py:161} INFO - Started process (PID=39813) to work on /opt/airflow/dags/prediction_dag.py
[2026-01-03T15:03:26.546+0000] {processor.py:830} INFO - Processing file /opt/airflow/dags/prediction_dag.py for tasks to queue
[2026-01-03T15:03:26.548+0000] {logging_mixin.py:188} INFO - [2026-01-03T15:03:26.547+0000] {dagbag.py:540} INFO - Filling up the DagBag from /opt/airflow/dags/prediction_dag.py
[2026-01-03T15:03:26.581+0000] {processor.py:840} INFO - DAG(s) 'prediction_dag' retrieved from /opt/airflow/dags/prediction_dag.py
[2026-01-03T15:03:26.623+0000] {logging_mixin.py:188} INFO - [2026-01-03T15:03:26.622+0000] {dag.py:3047} INFO - Sync 1 DAGs
[2026-01-03T15:03:26.646+0000] {logging_mixin.py:188} INFO - [2026-01-03T15:03:26.646+0000] {dag.py:3834} INFO - Setting next_dagrun for prediction_dag to 2026-01-03 15:02:00+00:00, run_after=2026-01-03 15:04:00+00:00
[2026-01-03T15:03:26.658+0000] {processor.py:183} INFO - Processing /opt/airflow/dags/prediction_dag.py took 0.124 seconds
[2026-01-03T15:03:56.787+0000] {processor.py:161} INFO - Started process (PID=39831) to work on /opt/airflow/dags/prediction_dag.py
[2026-01-03T15:03:56.790+0000] {processor.py:830} INFO - Processing file /opt/airflow/dags/prediction_dag.py for tasks to queue
[2026-01-03T15:03:56.792+0000] {logging_mixin.py:188} INFO - [2026-01-03T15:03:56.791+0000] {dagbag.py:540} INFO - Filling up the DagBag from /opt/airflow/dags/prediction_dag.py
[2026-01-03T15:03:56.829+0000] {processor.py:840} INFO - DAG(s) 'prediction_dag' retrieved from /opt/airflow/dags/prediction_dag.py
[2026-01-03T15:03:56.875+0000] {logging_mixin.py:188} INFO - [2026-01-03T15:03:56.875+0000] {dag.py:3047} INFO - Sync 1 DAGs
[2026-01-03T15:03:56.904+0000] {logging_mixin.py:188} INFO - [2026-01-03T15:03:56.904+0000] {dag.py:3834} INFO - Setting next_dagrun for prediction_dag to 2026-01-03 15:02:00+00:00, run_after=2026-01-03 15:04:00+00:00
[2026-01-03T15:03:56.917+0000] {processor.py:183} INFO - Processing /opt/airflow/dags/prediction_dag.py took 0.140 seconds
[2026-01-03T15:04:27.136+0000] {processor.py:161} INFO - Started process (PID=39917) to work on /opt/airflow/dags/prediction_dag.py
[2026-01-03T15:04:27.140+0000] {processor.py:830} INFO - Processing file /opt/airflow/dags/prediction_dag.py for tasks to queue
[2026-01-03T15:04:27.141+0000] {logging_mixin.py:188} INFO - [2026-01-03T15:04:27.140+0000] {dagbag.py:540} INFO - Filling up the DagBag from /opt/airflow/dags/prediction_dag.py
[2026-01-03T15:04:27.180+0000] {processor.py:840} INFO - DAG(s) 'prediction_dag' retrieved from /opt/airflow/dags/prediction_dag.py
[2026-01-03T15:04:27.232+0000] {logging_mixin.py:188} INFO - [2026-01-03T15:04:27.232+0000] {dag.py:3047} INFO - Sync 1 DAGs
[2026-01-03T15:04:27.263+0000] {logging_mixin.py:188} INFO - [2026-01-03T15:04:27.263+0000] {dag.py:3834} INFO - Setting next_dagrun for prediction_dag to 2026-01-03 15:04:00+00:00, run_after=2026-01-03 15:06:00+00:00
[2026-01-03T15:04:27.276+0000] {processor.py:183} INFO - Processing /opt/airflow/dags/prediction_dag.py took 0.156 seconds
[2026-01-03T15:04:57.688+0000] {processor.py:161} INFO - Started process (PID=39935) to work on /opt/airflow/dags/prediction_dag.py
[2026-01-03T15:04:57.691+0000] {processor.py:830} INFO - Processing file /opt/airflow/dags/prediction_dag.py for tasks to queue
[2026-01-03T15:04:57.693+0000] {logging_mixin.py:188} INFO - [2026-01-03T15:04:57.692+0000] {dagbag.py:540} INFO - Filling up the DagBag from /opt/airflow/dags/prediction_dag.py
[2026-01-03T15:04:57.726+0000] {processor.py:840} INFO - DAG(s) 'prediction_dag' retrieved from /opt/airflow/dags/prediction_dag.py
[2026-01-03T15:04:57.786+0000] {logging_mixin.py:188} INFO - [2026-01-03T15:04:57.786+0000] {dag.py:3047} INFO - Sync 1 DAGs
[2026-01-03T15:04:57.815+0000] {logging_mixin.py:188} INFO - [2026-01-03T15:04:57.815+0000] {dag.py:3834} INFO - Setting next_dagrun for prediction_dag to 2026-01-03 15:04:00+00:00, run_after=2026-01-03 15:06:00+00:00
[2026-01-03T15:04:57.829+0000] {processor.py:183} INFO - Processing /opt/airflow/dags/prediction_dag.py took 0.148 seconds
[2026-01-03T15:56:54.450+0000] {processor.py:161} INFO - Started process (PID=39964) to work on /opt/airflow/dags/prediction_dag.py
[2026-01-03T15:56:54.451+0000] {processor.py:830} INFO - Processing file /opt/airflow/dags/prediction_dag.py for tasks to queue
[2026-01-03T15:56:54.452+0000] {logging_mixin.py:188} INFO - [2026-01-03T15:56:54.451+0000] {dagbag.py:540} INFO - Filling up the DagBag from /opt/airflow/dags/prediction_dag.py
[2026-01-03T15:56:54.495+0000] {processor.py:840} INFO - DAG(s) 'prediction_dag' retrieved from /opt/airflow/dags/prediction_dag.py
[2026-01-03T15:56:54.596+0000] {logging_mixin.py:188} INFO - [2026-01-03T15:56:54.596+0000] {dag.py:3047} INFO - Sync 1 DAGs
[2026-01-03T15:56:54.671+0000] {logging_mixin.py:188} INFO - [2026-01-03T15:56:54.671+0000] {dag.py:3834} INFO - Setting next_dagrun for prediction_dag to 2026-01-03 15:56:00+00:00, run_after=2026-01-03 15:58:00+00:00
[2026-01-03T15:56:54.723+0000] {processor.py:183} INFO - Processing /opt/airflow/dags/prediction_dag.py took 0.277 seconds
[2026-01-03T16:23:37.194+0000] {processor.py:161} INFO - Started process (PID=40116) to work on /opt/airflow/dags/prediction_dag.py
[2026-01-03T16:23:37.198+0000] {processor.py:830} INFO - Processing file /opt/airflow/dags/prediction_dag.py for tasks to queue
[2026-01-03T16:23:37.206+0000] {logging_mixin.py:188} INFO - [2026-01-03T16:23:37.205+0000] {dagbag.py:540} INFO - Filling up the DagBag from /opt/airflow/dags/prediction_dag.py
[2026-01-03T16:23:37.406+0000] {processor.py:840} INFO - DAG(s) 'prediction_dag' retrieved from /opt/airflow/dags/prediction_dag.py
[2026-01-03T16:23:37.705+0000] {logging_mixin.py:188} INFO - [2026-01-03T16:23:37.704+0000] {dag.py:3047} INFO - Sync 1 DAGs
[2026-01-03T16:23:37.909+0000] {logging_mixin.py:188} INFO - [2026-01-03T16:23:37.908+0000] {dag.py:3834} INFO - Setting next_dagrun for prediction_dag to 2026-01-03 16:22:00+00:00, run_after=2026-01-03 16:24:00+00:00
[2026-01-03T16:23:38.112+0000] {processor.py:183} INFO - Processing /opt/airflow/dags/prediction_dag.py took 0.947 seconds
[2026-01-03T16:57:06.985+0000] {processor.py:161} INFO - Started process (PID=40189) to work on /opt/airflow/dags/prediction_dag.py
[2026-01-03T16:57:07.009+0000] {processor.py:830} INFO - Processing file /opt/airflow/dags/prediction_dag.py for tasks to queue
[2026-01-03T16:57:07.035+0000] {logging_mixin.py:188} INFO - [2026-01-03T16:57:07.030+0000] {dagbag.py:540} INFO - Filling up the DagBag from /opt/airflow/dags/prediction_dag.py
[2026-01-03T16:57:07.343+0000] {processor.py:840} INFO - DAG(s) 'prediction_dag' retrieved from /opt/airflow/dags/prediction_dag.py
[2026-01-03T16:57:09.050+0000] {logging_mixin.py:188} INFO - [2026-01-03T16:57:09.004+0000] {dag.py:3047} INFO - Sync 1 DAGs
[2026-01-03T16:57:09.711+0000] {logging_mixin.py:188} INFO - [2026-01-03T16:57:09.699+0000] {dag.py:3834} INFO - Setting next_dagrun for prediction_dag to 2026-01-03 16:54:00+00:00, run_after=2026-01-03 16:56:00+00:00
[2026-01-03T16:57:10.257+0000] {processor.py:183} INFO - Processing /opt/airflow/dags/prediction_dag.py took 3.434 seconds
[2026-01-03T17:23:37.834+0000] {processor.py:161} INFO - Started process (PID=40271) to work on /opt/airflow/dags/prediction_dag.py
[2026-01-03T17:23:37.850+0000] {processor.py:830} INFO - Processing file /opt/airflow/dags/prediction_dag.py for tasks to queue
[2026-01-03T17:23:37.880+0000] {logging_mixin.py:188} INFO - [2026-01-03T17:23:37.854+0000] {dagbag.py:540} INFO - Filling up the DagBag from /opt/airflow/dags/prediction_dag.py
[2026-01-03T17:23:38.344+0000] {processor.py:840} INFO - DAG(s) 'prediction_dag' retrieved from /opt/airflow/dags/prediction_dag.py
[2026-01-03T17:23:38.803+0000] {logging_mixin.py:188} INFO - [2026-01-03T17:23:38.791+0000] {dag.py:3047} INFO - Sync 1 DAGs
[2026-01-03T17:23:39.202+0000] {logging_mixin.py:188} INFO - [2026-01-03T17:23:39.197+0000] {dag.py:3834} INFO - Setting next_dagrun for prediction_dag to 2026-01-03 17:22:00+00:00, run_after=2026-01-03 17:24:00+00:00
[2026-01-03T17:23:39.500+0000] {processor.py:183} INFO - Processing /opt/airflow/dags/prediction_dag.py took 1.739 seconds
[2026-01-03T18:06:37.438+0000] {processor.py:161} INFO - Started process (PID=40387) to work on /opt/airflow/dags/prediction_dag.py
[2026-01-03T18:06:37.456+0000] {processor.py:830} INFO - Processing file /opt/airflow/dags/prediction_dag.py for tasks to queue
[2026-01-03T18:06:37.464+0000] {logging_mixin.py:188} INFO - [2026-01-03T18:06:37.463+0000] {dagbag.py:540} INFO - Filling up the DagBag from /opt/airflow/dags/prediction_dag.py
[2026-01-03T18:06:37.809+0000] {processor.py:840} INFO - DAG(s) 'prediction_dag' retrieved from /opt/airflow/dags/prediction_dag.py
[2026-01-03T18:06:38.405+0000] {logging_mixin.py:188} INFO - [2026-01-03T18:06:38.401+0000] {dag.py:3047} INFO - Sync 1 DAGs
[2026-01-03T18:06:39.232+0000] {logging_mixin.py:188} INFO - [2026-01-03T18:06:39.228+0000] {dag.py:3834} INFO - Setting next_dagrun for prediction_dag to 2026-01-03 18:06:00+00:00, run_after=2026-01-03 18:08:00+00:00
[2026-01-03T18:06:39.629+0000] {processor.py:183} INFO - Processing /opt/airflow/dags/prediction_dag.py took 2.243 seconds
[2026-01-03T18:22:57.863+0000] {processor.py:161} INFO - Started process (PID=40550) to work on /opt/airflow/dags/prediction_dag.py
[2026-01-03T18:22:57.870+0000] {processor.py:830} INFO - Processing file /opt/airflow/dags/prediction_dag.py for tasks to queue
[2026-01-03T18:22:57.873+0000] {logging_mixin.py:188} INFO - [2026-01-03T18:22:57.872+0000] {dagbag.py:540} INFO - Filling up the DagBag from /opt/airflow/dags/prediction_dag.py
[2026-01-03T18:22:58.234+0000] {processor.py:840} INFO - DAG(s) 'prediction_dag' retrieved from /opt/airflow/dags/prediction_dag.py
[2026-01-03T18:22:58.623+0000] {logging_mixin.py:188} INFO - [2026-01-03T18:22:58.623+0000] {dag.py:3047} INFO - Sync 1 DAGs
[2026-01-03T18:22:58.867+0000] {logging_mixin.py:188} INFO - [2026-01-03T18:22:58.861+0000] {dag.py:3834} INFO - Setting next_dagrun for prediction_dag to 2026-01-03 18:22:00+00:00, run_after=2026-01-03 18:24:00+00:00
[2026-01-03T18:22:59.008+0000] {processor.py:183} INFO - Processing /opt/airflow/dags/prediction_dag.py took 1.156 seconds
[2026-01-03T18:58:39.204+0000] {processor.py:161} INFO - Started process (PID=40653) to work on /opt/airflow/dags/prediction_dag.py
[2026-01-03T18:58:39.221+0000] {processor.py:830} INFO - Processing file /opt/airflow/dags/prediction_dag.py for tasks to queue
[2026-01-03T18:58:39.243+0000] {logging_mixin.py:188} INFO - [2026-01-03T18:58:39.231+0000] {dagbag.py:540} INFO - Filling up the DagBag from /opt/airflow/dags/prediction_dag.py
[2026-01-03T18:58:44.985+0000] {processor.py:840} INFO - DAG(s) 'prediction_dag' retrieved from /opt/airflow/dags/prediction_dag.py
[2026-01-03T18:58:53.294+0000] {logging_mixin.py:188} INFO - [2026-01-03T18:58:53.261+0000] {dag.py:3047} INFO - Sync 1 DAGs
[2026-01-03T18:58:58.053+0000] {logging_mixin.py:188} INFO - [2026-01-03T18:58:57.911+0000] {dag.py:3834} INFO - Setting next_dagrun for prediction_dag to 2026-01-03 18:58:00+00:00, run_after=2026-01-03 19:00:00+00:00
[2026-01-03T18:59:01.761+0000] {processor.py:183} INFO - Processing /opt/airflow/dags/prediction_dag.py took 22.489 seconds
[2026-01-03T19:00:04.936+0000] {processor.py:161} INFO - Started process (PID=40667) to work on /opt/airflow/dags/prediction_dag.py
[2026-01-03T19:00:05.069+0000] {processor.py:830} INFO - Processing file /opt/airflow/dags/prediction_dag.py for tasks to queue
[2026-01-03T19:00:05.125+0000] {logging_mixin.py:188} INFO - [2026-01-03T19:00:05.102+0000] {dagbag.py:540} INFO - Filling up the DagBag from /opt/airflow/dags/prediction_dag.py
[2026-01-03T19:00:07.741+0000] {processor.py:840} INFO - DAG(s) 'prediction_dag' retrieved from /opt/airflow/dags/prediction_dag.py
[2026-01-03T19:00:11.491+0000] {logging_mixin.py:188} INFO - [2026-01-03T19:00:11.433+0000] {dag.py:3047} INFO - Sync 1 DAGs
[2026-01-03T19:00:13.158+0000] {logging_mixin.py:188} INFO - [2026-01-03T19:00:13.098+0000] {dag.py:3834} INFO - Setting next_dagrun for prediction_dag to 2026-01-03 19:00:00+00:00, run_after=2026-01-03 19:02:00+00:00
[2026-01-03T19:00:14.013+0000] {processor.py:183} INFO - Processing /opt/airflow/dags/prediction_dag.py took 9.540 seconds
[2026-01-03T19:00:45.100+0000] {processor.py:161} INFO - Started process (PID=40681) to work on /opt/airflow/dags/prediction_dag.py
[2026-01-03T19:00:45.102+0000] {processor.py:830} INFO - Processing file /opt/airflow/dags/prediction_dag.py for tasks to queue
[2026-01-03T19:00:45.104+0000] {logging_mixin.py:188} INFO - [2026-01-03T19:00:45.103+0000] {dagbag.py:540} INFO - Filling up the DagBag from /opt/airflow/dags/prediction_dag.py
[2026-01-03T19:00:45.145+0000] {processor.py:840} INFO - DAG(s) 'prediction_dag' retrieved from /opt/airflow/dags/prediction_dag.py
[2026-01-03T19:00:45.224+0000] {logging_mixin.py:188} INFO - [2026-01-03T19:00:45.223+0000] {dag.py:3047} INFO - Sync 1 DAGs
[2026-01-03T19:00:45.265+0000] {logging_mixin.py:188} INFO - [2026-01-03T19:00:45.265+0000] {dag.py:3834} INFO - Setting next_dagrun for prediction_dag to 2026-01-03 19:00:00+00:00, run_after=2026-01-03 19:02:00+00:00
[2026-01-03T19:00:45.288+0000] {processor.py:183} INFO - Processing /opt/airflow/dags/prediction_dag.py took 0.202 seconds
[2026-01-03T19:01:15.673+0000] {processor.py:161} INFO - Started process (PID=40722) to work on /opt/airflow/dags/prediction_dag.py
[2026-01-03T19:01:15.675+0000] {processor.py:830} INFO - Processing file /opt/airflow/dags/prediction_dag.py for tasks to queue
[2026-01-03T19:01:15.676+0000] {logging_mixin.py:188} INFO - [2026-01-03T19:01:15.676+0000] {dagbag.py:540} INFO - Filling up the DagBag from /opt/airflow/dags/prediction_dag.py
[2026-01-03T19:01:15.701+0000] {processor.py:840} INFO - DAG(s) 'prediction_dag' retrieved from /opt/airflow/dags/prediction_dag.py
[2026-01-03T19:01:15.758+0000] {logging_mixin.py:188} INFO - [2026-01-03T19:01:15.758+0000] {dag.py:3047} INFO - Sync 1 DAGs
[2026-01-03T19:01:15.795+0000] {logging_mixin.py:188} INFO - [2026-01-03T19:01:15.794+0000] {dag.py:3834} INFO - Setting next_dagrun for prediction_dag to 2026-01-03 19:00:00+00:00, run_after=2026-01-03 19:02:00+00:00
[2026-01-03T19:01:15.815+0000] {processor.py:183} INFO - Processing /opt/airflow/dags/prediction_dag.py took 0.147 seconds
[2026-01-03T19:01:46.339+0000] {processor.py:161} INFO - Started process (PID=40781) to work on /opt/airflow/dags/prediction_dag.py
[2026-01-03T19:01:46.341+0000] {processor.py:830} INFO - Processing file /opt/airflow/dags/prediction_dag.py for tasks to queue
[2026-01-03T19:01:46.343+0000] {logging_mixin.py:188} INFO - [2026-01-03T19:01:46.342+0000] {dagbag.py:540} INFO - Filling up the DagBag from /opt/airflow/dags/prediction_dag.py
[2026-01-03T19:01:46.386+0000] {processor.py:840} INFO - DAG(s) 'prediction_dag' retrieved from /opt/airflow/dags/prediction_dag.py
[2026-01-03T19:01:46.485+0000] {logging_mixin.py:188} INFO - [2026-01-03T19:01:46.484+0000] {dag.py:3047} INFO - Sync 1 DAGs
[2026-01-03T19:01:46.520+0000] {logging_mixin.py:188} INFO - [2026-01-03T19:01:46.520+0000] {dag.py:3834} INFO - Setting next_dagrun for prediction_dag to 2026-01-03 19:00:00+00:00, run_after=2026-01-03 19:02:00+00:00
[2026-01-03T19:01:46.543+0000] {processor.py:183} INFO - Processing /opt/airflow/dags/prediction_dag.py took 0.218 seconds
[2026-01-03T19:02:17.277+0000] {processor.py:161} INFO - Started process (PID=40867) to work on /opt/airflow/dags/prediction_dag.py
[2026-01-03T19:02:17.282+0000] {processor.py:830} INFO - Processing file /opt/airflow/dags/prediction_dag.py for tasks to queue
[2026-01-03T19:02:17.298+0000] {logging_mixin.py:188} INFO - [2026-01-03T19:02:17.295+0000] {dagbag.py:540} INFO - Filling up the DagBag from /opt/airflow/dags/prediction_dag.py
[2026-01-03T19:02:17.359+0000] {processor.py:840} INFO - DAG(s) 'prediction_dag' retrieved from /opt/airflow/dags/prediction_dag.py
[2026-01-03T19:02:17.433+0000] {logging_mixin.py:188} INFO - [2026-01-03T19:02:17.432+0000] {dag.py:3047} INFO - Sync 1 DAGs
[2026-01-03T19:02:17.495+0000] {logging_mixin.py:188} INFO - [2026-01-03T19:02:17.495+0000] {dag.py:3834} INFO - Setting next_dagrun for prediction_dag to 2026-01-03 19:02:00+00:00, run_after=2026-01-03 19:04:00+00:00
[2026-01-03T19:02:17.519+0000] {processor.py:183} INFO - Processing /opt/airflow/dags/prediction_dag.py took 0.264 seconds
[2026-01-03T19:02:47.981+0000] {processor.py:161} INFO - Started process (PID=40876) to work on /opt/airflow/dags/prediction_dag.py
[2026-01-03T19:02:47.989+0000] {processor.py:830} INFO - Processing file /opt/airflow/dags/prediction_dag.py for tasks to queue
[2026-01-03T19:02:47.991+0000] {logging_mixin.py:188} INFO - [2026-01-03T19:02:47.990+0000] {dagbag.py:540} INFO - Filling up the DagBag from /opt/airflow/dags/prediction_dag.py
[2026-01-03T19:02:48.043+0000] {processor.py:840} INFO - DAG(s) 'prediction_dag' retrieved from /opt/airflow/dags/prediction_dag.py
[2026-01-03T19:02:48.680+0000] {logging_mixin.py:188} INFO - [2026-01-03T19:02:48.670+0000] {dag.py:3047} INFO - Sync 1 DAGs
[2026-01-03T19:02:48.835+0000] {logging_mixin.py:188} INFO - [2026-01-03T19:02:48.834+0000] {dag.py:3834} INFO - Setting next_dagrun for prediction_dag to 2026-01-03 19:02:00+00:00, run_after=2026-01-03 19:04:00+00:00
[2026-01-03T19:02:48.907+0000] {processor.py:183} INFO - Processing /opt/airflow/dags/prediction_dag.py took 0.946 seconds
[2026-01-03T19:03:19.152+0000] {processor.py:161} INFO - Started process (PID=40952) to work on /opt/airflow/dags/prediction_dag.py
[2026-01-03T19:03:19.155+0000] {processor.py:830} INFO - Processing file /opt/airflow/dags/prediction_dag.py for tasks to queue
[2026-01-03T19:03:19.162+0000] {logging_mixin.py:188} INFO - [2026-01-03T19:03:19.159+0000] {dagbag.py:540} INFO - Filling up the DagBag from /opt/airflow/dags/prediction_dag.py
[2026-01-03T19:03:19.195+0000] {processor.py:840} INFO - DAG(s) 'prediction_dag' retrieved from /opt/airflow/dags/prediction_dag.py
[2026-01-03T19:03:19.252+0000] {logging_mixin.py:188} INFO - [2026-01-03T19:03:19.252+0000] {dag.py:3047} INFO - Sync 1 DAGs
[2026-01-03T19:03:19.280+0000] {logging_mixin.py:188} INFO - [2026-01-03T19:03:19.280+0000] {dag.py:3834} INFO - Setting next_dagrun for prediction_dag to 2026-01-03 19:02:00+00:00, run_after=2026-01-03 19:04:00+00:00
[2026-01-03T19:03:19.299+0000] {processor.py:183} INFO - Processing /opt/airflow/dags/prediction_dag.py took 0.155 seconds
[2026-01-03T19:03:49.733+0000] {processor.py:161} INFO - Started process (PID=40970) to work on /opt/airflow/dags/prediction_dag.py
[2026-01-03T19:03:49.736+0000] {processor.py:830} INFO - Processing file /opt/airflow/dags/prediction_dag.py for tasks to queue
[2026-01-03T19:03:49.738+0000] {logging_mixin.py:188} INFO - [2026-01-03T19:03:49.737+0000] {dagbag.py:540} INFO - Filling up the DagBag from /opt/airflow/dags/prediction_dag.py
[2026-01-03T19:03:49.789+0000] {processor.py:840} INFO - DAG(s) 'prediction_dag' retrieved from /opt/airflow/dags/prediction_dag.py
[2026-01-03T19:03:49.846+0000] {logging_mixin.py:188} INFO - [2026-01-03T19:03:49.846+0000] {dag.py:3047} INFO - Sync 1 DAGs
[2026-01-03T19:03:49.876+0000] {logging_mixin.py:188} INFO - [2026-01-03T19:03:49.876+0000] {dag.py:3834} INFO - Setting next_dagrun for prediction_dag to 2026-01-03 19:02:00+00:00, run_after=2026-01-03 19:04:00+00:00
[2026-01-03T19:03:49.905+0000] {processor.py:183} INFO - Processing /opt/airflow/dags/prediction_dag.py took 0.181 seconds
[2026-01-03T19:04:20.401+0000] {processor.py:161} INFO - Started process (PID=41056) to work on /opt/airflow/dags/prediction_dag.py
[2026-01-03T19:04:20.403+0000] {processor.py:830} INFO - Processing file /opt/airflow/dags/prediction_dag.py for tasks to queue
[2026-01-03T19:04:20.405+0000] {logging_mixin.py:188} INFO - [2026-01-03T19:04:20.404+0000] {dagbag.py:540} INFO - Filling up the DagBag from /opt/airflow/dags/prediction_dag.py
[2026-01-03T19:04:20.457+0000] {processor.py:840} INFO - DAG(s) 'prediction_dag' retrieved from /opt/airflow/dags/prediction_dag.py
[2026-01-03T19:04:20.504+0000] {logging_mixin.py:188} INFO - [2026-01-03T19:04:20.504+0000] {dag.py:3047} INFO - Sync 1 DAGs
[2026-01-03T19:04:20.545+0000] {logging_mixin.py:188} INFO - [2026-01-03T19:04:20.545+0000] {dag.py:3834} INFO - Setting next_dagrun for prediction_dag to 2026-01-03 19:04:00+00:00, run_after=2026-01-03 19:06:00+00:00
[2026-01-03T19:04:20.560+0000] {processor.py:183} INFO - Processing /opt/airflow/dags/prediction_dag.py took 0.167 seconds
[2026-01-03T19:04:50.962+0000] {processor.py:161} INFO - Started process (PID=41074) to work on /opt/airflow/dags/prediction_dag.py
[2026-01-03T19:04:50.968+0000] {processor.py:830} INFO - Processing file /opt/airflow/dags/prediction_dag.py for tasks to queue
[2026-01-03T19:04:50.971+0000] {logging_mixin.py:188} INFO - [2026-01-03T19:04:50.970+0000] {dagbag.py:540} INFO - Filling up the DagBag from /opt/airflow/dags/prediction_dag.py
[2026-01-03T19:04:51.036+0000] {processor.py:840} INFO - DAG(s) 'prediction_dag' retrieved from /opt/airflow/dags/prediction_dag.py
[2026-01-03T19:04:51.101+0000] {logging_mixin.py:188} INFO - [2026-01-03T19:04:51.101+0000] {dag.py:3047} INFO - Sync 1 DAGs
[2026-01-03T19:04:51.140+0000] {logging_mixin.py:188} INFO - [2026-01-03T19:04:51.140+0000] {dag.py:3834} INFO - Setting next_dagrun for prediction_dag to 2026-01-03 19:04:00+00:00, run_after=2026-01-03 19:06:00+00:00
[2026-01-03T19:04:51.159+0000] {processor.py:183} INFO - Processing /opt/airflow/dags/prediction_dag.py took 0.220 seconds
[2026-01-03T19:05:21.548+0000] {processor.py:161} INFO - Started process (PID=41154) to work on /opt/airflow/dags/prediction_dag.py
[2026-01-03T19:05:21.550+0000] {processor.py:830} INFO - Processing file /opt/airflow/dags/prediction_dag.py for tasks to queue
[2026-01-03T19:05:21.552+0000] {logging_mixin.py:188} INFO - [2026-01-03T19:05:21.551+0000] {dagbag.py:540} INFO - Filling up the DagBag from /opt/airflow/dags/prediction_dag.py
[2026-01-03T19:05:21.585+0000] {processor.py:840} INFO - DAG(s) 'prediction_dag' retrieved from /opt/airflow/dags/prediction_dag.py
[2026-01-03T19:05:21.638+0000] {logging_mixin.py:188} INFO - [2026-01-03T19:05:21.637+0000] {dag.py:3047} INFO - Sync 1 DAGs
[2026-01-03T19:05:21.665+0000] {logging_mixin.py:188} INFO - [2026-01-03T19:05:21.665+0000] {dag.py:3834} INFO - Setting next_dagrun for prediction_dag to 2026-01-03 19:04:00+00:00, run_after=2026-01-03 19:06:00+00:00
[2026-01-03T19:05:21.676+0000] {processor.py:183} INFO - Processing /opt/airflow/dags/prediction_dag.py took 0.137 seconds
[2026-01-03T19:05:52.316+0000] {processor.py:161} INFO - Started process (PID=41172) to work on /opt/airflow/dags/prediction_dag.py
[2026-01-03T19:05:52.318+0000] {processor.py:830} INFO - Processing file /opt/airflow/dags/prediction_dag.py for tasks to queue
[2026-01-03T19:05:52.320+0000] {logging_mixin.py:188} INFO - [2026-01-03T19:05:52.319+0000] {dagbag.py:540} INFO - Filling up the DagBag from /opt/airflow/dags/prediction_dag.py
[2026-01-03T19:05:52.351+0000] {processor.py:840} INFO - DAG(s) 'prediction_dag' retrieved from /opt/airflow/dags/prediction_dag.py
[2026-01-03T19:05:52.390+0000] {logging_mixin.py:188} INFO - [2026-01-03T19:05:52.389+0000] {dag.py:3047} INFO - Sync 1 DAGs
[2026-01-03T19:05:52.417+0000] {logging_mixin.py:188} INFO - [2026-01-03T19:05:52.417+0000] {dag.py:3834} INFO - Setting next_dagrun for prediction_dag to 2026-01-03 19:04:00+00:00, run_after=2026-01-03 19:06:00+00:00
[2026-01-03T19:05:52.429+0000] {processor.py:183} INFO - Processing /opt/airflow/dags/prediction_dag.py took 0.119 seconds
[2026-01-03T19:06:22.930+0000] {processor.py:161} INFO - Started process (PID=41258) to work on /opt/airflow/dags/prediction_dag.py
[2026-01-03T19:06:22.932+0000] {processor.py:830} INFO - Processing file /opt/airflow/dags/prediction_dag.py for tasks to queue
[2026-01-03T19:06:22.933+0000] {logging_mixin.py:188} INFO - [2026-01-03T19:06:22.933+0000] {dagbag.py:540} INFO - Filling up the DagBag from /opt/airflow/dags/prediction_dag.py
[2026-01-03T19:06:22.960+0000] {processor.py:840} INFO - DAG(s) 'prediction_dag' retrieved from /opt/airflow/dags/prediction_dag.py
[2026-01-03T19:06:23.005+0000] {logging_mixin.py:188} INFO - [2026-01-03T19:06:23.005+0000] {dag.py:3047} INFO - Sync 1 DAGs
[2026-01-03T19:06:23.037+0000] {logging_mixin.py:188} INFO - [2026-01-03T19:06:23.036+0000] {dag.py:3834} INFO - Setting next_dagrun for prediction_dag to 2026-01-03 19:06:00+00:00, run_after=2026-01-03 19:08:00+00:00
[2026-01-03T19:06:23.048+0000] {processor.py:183} INFO - Processing /opt/airflow/dags/prediction_dag.py took 0.127 seconds
[2026-01-03T19:06:53.439+0000] {processor.py:161} INFO - Started process (PID=41276) to work on /opt/airflow/dags/prediction_dag.py
[2026-01-03T19:06:53.442+0000] {processor.py:830} INFO - Processing file /opt/airflow/dags/prediction_dag.py for tasks to queue
[2026-01-03T19:06:53.443+0000] {logging_mixin.py:188} INFO - [2026-01-03T19:06:53.443+0000] {dagbag.py:540} INFO - Filling up the DagBag from /opt/airflow/dags/prediction_dag.py
[2026-01-03T19:06:53.477+0000] {processor.py:840} INFO - DAG(s) 'prediction_dag' retrieved from /opt/airflow/dags/prediction_dag.py
[2026-01-03T19:06:53.526+0000] {logging_mixin.py:188} INFO - [2026-01-03T19:06:53.526+0000] {dag.py:3047} INFO - Sync 1 DAGs
[2026-01-03T19:06:53.551+0000] {logging_mixin.py:188} INFO - [2026-01-03T19:06:53.551+0000] {dag.py:3834} INFO - Setting next_dagrun for prediction_dag to 2026-01-03 19:06:00+00:00, run_after=2026-01-03 19:08:00+00:00
[2026-01-03T19:06:53.565+0000] {processor.py:183} INFO - Processing /opt/airflow/dags/prediction_dag.py took 0.136 seconds
[2026-01-03T19:07:23.777+0000] {processor.py:161} INFO - Started process (PID=41356) to work on /opt/airflow/dags/prediction_dag.py
[2026-01-03T19:07:23.780+0000] {processor.py:830} INFO - Processing file /opt/airflow/dags/prediction_dag.py for tasks to queue
[2026-01-03T19:07:23.781+0000] {logging_mixin.py:188} INFO - [2026-01-03T19:07:23.781+0000] {dagbag.py:540} INFO - Filling up the DagBag from /opt/airflow/dags/prediction_dag.py
[2026-01-03T19:07:23.822+0000] {processor.py:840} INFO - DAG(s) 'prediction_dag' retrieved from /opt/airflow/dags/prediction_dag.py
[2026-01-03T19:07:23.891+0000] {logging_mixin.py:188} INFO - [2026-01-03T19:07:23.891+0000] {dag.py:3047} INFO - Sync 1 DAGs
[2026-01-03T19:07:23.934+0000] {logging_mixin.py:188} INFO - [2026-01-03T19:07:23.934+0000] {dag.py:3834} INFO - Setting next_dagrun for prediction_dag to 2026-01-03 19:06:00+00:00, run_after=2026-01-03 19:08:00+00:00
[2026-01-03T19:07:23.960+0000] {processor.py:183} INFO - Processing /opt/airflow/dags/prediction_dag.py took 0.199 seconds
[2026-01-03T19:07:54.252+0000] {processor.py:161} INFO - Started process (PID=41374) to work on /opt/airflow/dags/prediction_dag.py
[2026-01-03T19:07:54.255+0000] {processor.py:830} INFO - Processing file /opt/airflow/dags/prediction_dag.py for tasks to queue
[2026-01-03T19:07:54.257+0000] {logging_mixin.py:188} INFO - [2026-01-03T19:07:54.256+0000] {dagbag.py:540} INFO - Filling up the DagBag from /opt/airflow/dags/prediction_dag.py
[2026-01-03T19:07:54.303+0000] {processor.py:840} INFO - DAG(s) 'prediction_dag' retrieved from /opt/airflow/dags/prediction_dag.py
[2026-01-03T19:07:54.356+0000] {logging_mixin.py:188} INFO - [2026-01-03T19:07:54.356+0000] {dag.py:3047} INFO - Sync 1 DAGs
[2026-01-03T19:07:54.392+0000] {logging_mixin.py:188} INFO - [2026-01-03T19:07:54.392+0000] {dag.py:3834} INFO - Setting next_dagrun for prediction_dag to 2026-01-03 19:06:00+00:00, run_after=2026-01-03 19:08:00+00:00
[2026-01-03T19:07:54.405+0000] {processor.py:183} INFO - Processing /opt/airflow/dags/prediction_dag.py took 0.165 seconds
[2026-01-03T19:08:24.555+0000] {processor.py:161} INFO - Started process (PID=41460) to work on /opt/airflow/dags/prediction_dag.py
[2026-01-03T19:08:24.559+0000] {processor.py:830} INFO - Processing file /opt/airflow/dags/prediction_dag.py for tasks to queue
[2026-01-03T19:08:24.561+0000] {logging_mixin.py:188} INFO - [2026-01-03T19:08:24.560+0000] {dagbag.py:540} INFO - Filling up the DagBag from /opt/airflow/dags/prediction_dag.py
[2026-01-03T19:08:24.584+0000] {processor.py:840} INFO - DAG(s) 'prediction_dag' retrieved from /opt/airflow/dags/prediction_dag.py
[2026-01-03T19:08:24.627+0000] {logging_mixin.py:188} INFO - [2026-01-03T19:08:24.626+0000] {dag.py:3047} INFO - Sync 1 DAGs
[2026-01-03T19:08:24.648+0000] {logging_mixin.py:188} INFO - [2026-01-03T19:08:24.648+0000] {dag.py:3834} INFO - Setting next_dagrun for prediction_dag to 2026-01-03 19:08:00+00:00, run_after=2026-01-03 19:10:00+00:00
[2026-01-03T19:08:24.659+0000] {processor.py:183} INFO - Processing /opt/airflow/dags/prediction_dag.py took 0.120 seconds
[2026-01-03T19:08:55.084+0000] {processor.py:161} INFO - Started process (PID=41478) to work on /opt/airflow/dags/prediction_dag.py
[2026-01-03T19:08:55.087+0000] {processor.py:830} INFO - Processing file /opt/airflow/dags/prediction_dag.py for tasks to queue
[2026-01-03T19:08:55.090+0000] {logging_mixin.py:188} INFO - [2026-01-03T19:08:55.088+0000] {dagbag.py:540} INFO - Filling up the DagBag from /opt/airflow/dags/prediction_dag.py
[2026-01-03T19:08:55.138+0000] {processor.py:840} INFO - DAG(s) 'prediction_dag' retrieved from /opt/airflow/dags/prediction_dag.py
[2026-01-03T19:08:55.202+0000] {logging_mixin.py:188} INFO - [2026-01-03T19:08:55.201+0000] {dag.py:3047} INFO - Sync 1 DAGs
[2026-01-03T19:08:55.242+0000] {logging_mixin.py:188} INFO - [2026-01-03T19:08:55.241+0000] {dag.py:3834} INFO - Setting next_dagrun for prediction_dag to 2026-01-03 19:08:00+00:00, run_after=2026-01-03 19:10:00+00:00
[2026-01-03T19:08:55.255+0000] {processor.py:183} INFO - Processing /opt/airflow/dags/prediction_dag.py took 0.184 seconds
[2026-01-03T19:09:25.284+0000] {processor.py:161} INFO - Started process (PID=41558) to work on /opt/airflow/dags/prediction_dag.py
[2026-01-03T19:09:25.285+0000] {processor.py:830} INFO - Processing file /opt/airflow/dags/prediction_dag.py for tasks to queue
[2026-01-03T19:09:25.286+0000] {logging_mixin.py:188} INFO - [2026-01-03T19:09:25.286+0000] {dagbag.py:540} INFO - Filling up the DagBag from /opt/airflow/dags/prediction_dag.py
[2026-01-03T19:09:25.295+0000] {processor.py:840} INFO - DAG(s) 'prediction_dag' retrieved from /opt/airflow/dags/prediction_dag.py
[2026-01-03T19:09:25.313+0000] {logging_mixin.py:188} INFO - [2026-01-03T19:09:25.313+0000] {dag.py:3047} INFO - Sync 1 DAGs
[2026-01-03T19:09:25.327+0000] {logging_mixin.py:188} INFO - [2026-01-03T19:09:25.326+0000] {dag.py:3834} INFO - Setting next_dagrun for prediction_dag to 2026-01-03 19:08:00+00:00, run_after=2026-01-03 19:10:00+00:00
[2026-01-03T19:09:25.335+0000] {processor.py:183} INFO - Processing /opt/airflow/dags/prediction_dag.py took 0.054 seconds
[2026-01-03T19:09:55.721+0000] {processor.py:161} INFO - Started process (PID=41566) to work on /opt/airflow/dags/prediction_dag.py
[2026-01-03T19:09:55.722+0000] {processor.py:830} INFO - Processing file /opt/airflow/dags/prediction_dag.py for tasks to queue
[2026-01-03T19:09:55.724+0000] {logging_mixin.py:188} INFO - [2026-01-03T19:09:55.723+0000] {dagbag.py:540} INFO - Filling up the DagBag from /opt/airflow/dags/prediction_dag.py
[2026-01-03T19:09:55.756+0000] {processor.py:840} INFO - DAG(s) 'prediction_dag' retrieved from /opt/airflow/dags/prediction_dag.py
[2026-01-03T19:09:55.804+0000] {logging_mixin.py:188} INFO - [2026-01-03T19:09:55.804+0000] {dag.py:3047} INFO - Sync 1 DAGs
[2026-01-03T19:09:55.831+0000] {logging_mixin.py:188} INFO - [2026-01-03T19:09:55.831+0000] {dag.py:3834} INFO - Setting next_dagrun for prediction_dag to 2026-01-03 19:08:00+00:00, run_after=2026-01-03 19:10:00+00:00
[2026-01-03T19:09:55.847+0000] {processor.py:183} INFO - Processing /opt/airflow/dags/prediction_dag.py took 0.133 seconds
[2026-01-03T19:10:25.995+0000] {processor.py:161} INFO - Started process (PID=41649) to work on /opt/airflow/dags/prediction_dag.py
[2026-01-03T19:10:25.998+0000] {processor.py:830} INFO - Processing file /opt/airflow/dags/prediction_dag.py for tasks to queue
[2026-01-03T19:10:26.000+0000] {logging_mixin.py:188} INFO - [2026-01-03T19:10:25.999+0000] {dagbag.py:540} INFO - Filling up the DagBag from /opt/airflow/dags/prediction_dag.py
[2026-01-03T19:10:26.060+0000] {processor.py:840} INFO - DAG(s) 'prediction_dag' retrieved from /opt/airflow/dags/prediction_dag.py
[2026-01-03T19:10:26.121+0000] {logging_mixin.py:188} INFO - [2026-01-03T19:10:26.120+0000] {dag.py:3047} INFO - Sync 1 DAGs
[2026-01-03T19:10:26.151+0000] {logging_mixin.py:188} INFO - [2026-01-03T19:10:26.151+0000] {dag.py:3834} INFO - Setting next_dagrun for prediction_dag to 2026-01-03 19:10:00+00:00, run_after=2026-01-03 19:12:00+00:00
[2026-01-03T19:10:26.170+0000] {processor.py:183} INFO - Processing /opt/airflow/dags/prediction_dag.py took 0.189 seconds
[2026-01-03T19:10:56.402+0000] {processor.py:161} INFO - Started process (PID=41667) to work on /opt/airflow/dags/prediction_dag.py
[2026-01-03T19:10:56.405+0000] {processor.py:830} INFO - Processing file /opt/airflow/dags/prediction_dag.py for tasks to queue
[2026-01-03T19:10:56.406+0000] {logging_mixin.py:188} INFO - [2026-01-03T19:10:56.405+0000] {dagbag.py:540} INFO - Filling up the DagBag from /opt/airflow/dags/prediction_dag.py
[2026-01-03T19:10:56.441+0000] {processor.py:840} INFO - DAG(s) 'prediction_dag' retrieved from /opt/airflow/dags/prediction_dag.py
[2026-01-03T19:10:56.484+0000] {logging_mixin.py:188} INFO - [2026-01-03T19:10:56.484+0000] {dag.py:3047} INFO - Sync 1 DAGs
[2026-01-03T19:10:56.512+0000] {logging_mixin.py:188} INFO - [2026-01-03T19:10:56.512+0000] {dag.py:3834} INFO - Setting next_dagrun for prediction_dag to 2026-01-03 19:10:00+00:00, run_after=2026-01-03 19:12:00+00:00
[2026-01-03T19:10:56.524+0000] {processor.py:183} INFO - Processing /opt/airflow/dags/prediction_dag.py took 0.136 seconds
[2026-01-03T19:11:26.864+0000] {processor.py:161} INFO - Started process (PID=41747) to work on /opt/airflow/dags/prediction_dag.py
[2026-01-03T19:11:26.867+0000] {processor.py:830} INFO - Processing file /opt/airflow/dags/prediction_dag.py for tasks to queue
[2026-01-03T19:11:26.869+0000] {logging_mixin.py:188} INFO - [2026-01-03T19:11:26.868+0000] {dagbag.py:540} INFO - Filling up the DagBag from /opt/airflow/dags/prediction_dag.py
[2026-01-03T19:11:26.904+0000] {processor.py:840} INFO - DAG(s) 'prediction_dag' retrieved from /opt/airflow/dags/prediction_dag.py
[2026-01-03T19:11:26.955+0000] {logging_mixin.py:188} INFO - [2026-01-03T19:11:26.955+0000] {dag.py:3047} INFO - Sync 1 DAGs
[2026-01-03T19:11:26.985+0000] {logging_mixin.py:188} INFO - [2026-01-03T19:11:26.985+0000] {dag.py:3834} INFO - Setting next_dagrun for prediction_dag to 2026-01-03 19:10:00+00:00, run_after=2026-01-03 19:12:00+00:00
[2026-01-03T19:11:27.000+0000] {processor.py:183} INFO - Processing /opt/airflow/dags/prediction_dag.py took 0.149 seconds
[2026-01-03T19:11:57.424+0000] {processor.py:161} INFO - Started process (PID=41765) to work on /opt/airflow/dags/prediction_dag.py
[2026-01-03T19:11:57.426+0000] {processor.py:830} INFO - Processing file /opt/airflow/dags/prediction_dag.py for tasks to queue
[2026-01-03T19:11:57.427+0000] {logging_mixin.py:188} INFO - [2026-01-03T19:11:57.426+0000] {dagbag.py:540} INFO - Filling up the DagBag from /opt/airflow/dags/prediction_dag.py
[2026-01-03T19:11:57.466+0000] {processor.py:840} INFO - DAG(s) 'prediction_dag' retrieved from /opt/airflow/dags/prediction_dag.py
[2026-01-03T19:11:57.527+0000] {logging_mixin.py:188} INFO - [2026-01-03T19:11:57.527+0000] {dag.py:3047} INFO - Sync 1 DAGs
[2026-01-03T19:11:57.565+0000] {logging_mixin.py:188} INFO - [2026-01-03T19:11:57.565+0000] {dag.py:3834} INFO - Setting next_dagrun for prediction_dag to 2026-01-03 19:10:00+00:00, run_after=2026-01-03 19:12:00+00:00
[2026-01-03T19:11:57.639+0000] {processor.py:183} INFO - Processing /opt/airflow/dags/prediction_dag.py took 0.223 seconds
[2026-01-03T19:12:27.870+0000] {processor.py:161} INFO - Started process (PID=41851) to work on /opt/airflow/dags/prediction_dag.py
[2026-01-03T19:12:27.875+0000] {processor.py:830} INFO - Processing file /opt/airflow/dags/prediction_dag.py for tasks to queue
[2026-01-03T19:12:27.877+0000] {logging_mixin.py:188} INFO - [2026-01-03T19:12:27.876+0000] {dagbag.py:540} INFO - Filling up the DagBag from /opt/airflow/dags/prediction_dag.py
[2026-01-03T19:12:27.914+0000] {processor.py:840} INFO - DAG(s) 'prediction_dag' retrieved from /opt/airflow/dags/prediction_dag.py
[2026-01-03T19:12:27.964+0000] {logging_mixin.py:188} INFO - [2026-01-03T19:12:27.964+0000] {dag.py:3047} INFO - Sync 1 DAGs
[2026-01-03T19:12:27.994+0000] {logging_mixin.py:188} INFO - [2026-01-03T19:12:27.994+0000] {dag.py:3834} INFO - Setting next_dagrun for prediction_dag to 2026-01-03 19:12:00+00:00, run_after=2026-01-03 19:14:00+00:00
[2026-01-03T19:12:28.011+0000] {processor.py:183} INFO - Processing /opt/airflow/dags/prediction_dag.py took 0.152 seconds
[2026-01-03T19:12:58.091+0000] {processor.py:161} INFO - Started process (PID=41869) to work on /opt/airflow/dags/prediction_dag.py
[2026-01-03T19:12:58.093+0000] {processor.py:830} INFO - Processing file /opt/airflow/dags/prediction_dag.py for tasks to queue
[2026-01-03T19:12:58.094+0000] {logging_mixin.py:188} INFO - [2026-01-03T19:12:58.094+0000] {dagbag.py:540} INFO - Filling up the DagBag from /opt/airflow/dags/prediction_dag.py
[2026-01-03T19:12:58.118+0000] {processor.py:840} INFO - DAG(s) 'prediction_dag' retrieved from /opt/airflow/dags/prediction_dag.py
[2026-01-03T19:12:58.147+0000] {logging_mixin.py:188} INFO - [2026-01-03T19:12:58.147+0000] {dag.py:3047} INFO - Sync 1 DAGs
[2026-01-03T19:12:58.175+0000] {logging_mixin.py:188} INFO - [2026-01-03T19:12:58.175+0000] {dag.py:3834} INFO - Setting next_dagrun for prediction_dag to 2026-01-03 19:12:00+00:00, run_after=2026-01-03 19:14:00+00:00
[2026-01-03T19:12:58.187+0000] {processor.py:183} INFO - Processing /opt/airflow/dags/prediction_dag.py took 0.105 seconds
[2026-01-03T19:13:28.553+0000] {processor.py:161} INFO - Started process (PID=41949) to work on /opt/airflow/dags/prediction_dag.py
[2026-01-03T19:13:28.556+0000] {processor.py:830} INFO - Processing file /opt/airflow/dags/prediction_dag.py for tasks to queue
[2026-01-03T19:13:28.557+0000] {logging_mixin.py:188} INFO - [2026-01-03T19:13:28.556+0000] {dagbag.py:540} INFO - Filling up the DagBag from /opt/airflow/dags/prediction_dag.py
[2026-01-03T19:13:28.588+0000] {processor.py:840} INFO - DAG(s) 'prediction_dag' retrieved from /opt/airflow/dags/prediction_dag.py
[2026-01-03T19:13:28.637+0000] {logging_mixin.py:188} INFO - [2026-01-03T19:13:28.637+0000] {dag.py:3047} INFO - Sync 1 DAGs
[2026-01-03T19:13:28.671+0000] {logging_mixin.py:188} INFO - [2026-01-03T19:13:28.670+0000] {dag.py:3834} INFO - Setting next_dagrun for prediction_dag to 2026-01-03 19:12:00+00:00, run_after=2026-01-03 19:14:00+00:00
[2026-01-03T19:13:28.692+0000] {processor.py:183} INFO - Processing /opt/airflow/dags/prediction_dag.py took 0.149 seconds
[2026-01-03T19:13:58.874+0000] {processor.py:161} INFO - Started process (PID=41967) to work on /opt/airflow/dags/prediction_dag.py
[2026-01-03T19:13:58.877+0000] {processor.py:830} INFO - Processing file /opt/airflow/dags/prediction_dag.py for tasks to queue
[2026-01-03T19:13:58.879+0000] {logging_mixin.py:188} INFO - [2026-01-03T19:13:58.878+0000] {dagbag.py:540} INFO - Filling up the DagBag from /opt/airflow/dags/prediction_dag.py
[2026-01-03T19:13:58.919+0000] {processor.py:840} INFO - DAG(s) 'prediction_dag' retrieved from /opt/airflow/dags/prediction_dag.py
[2026-01-03T19:13:58.962+0000] {logging_mixin.py:188} INFO - [2026-01-03T19:13:58.962+0000] {dag.py:3047} INFO - Sync 1 DAGs
[2026-01-03T19:13:58.985+0000] {logging_mixin.py:188} INFO - [2026-01-03T19:13:58.985+0000] {dag.py:3834} INFO - Setting next_dagrun for prediction_dag to 2026-01-03 19:12:00+00:00, run_after=2026-01-03 19:14:00+00:00
[2026-01-03T19:13:59.001+0000] {processor.py:183} INFO - Processing /opt/airflow/dags/prediction_dag.py took 0.137 seconds
[2026-01-03T19:14:29.346+0000] {processor.py:161} INFO - Started process (PID=42053) to work on /opt/airflow/dags/prediction_dag.py
[2026-01-03T19:14:29.348+0000] {processor.py:830} INFO - Processing file /opt/airflow/dags/prediction_dag.py for tasks to queue
[2026-01-03T19:14:29.350+0000] {logging_mixin.py:188} INFO - [2026-01-03T19:14:29.349+0000] {dagbag.py:540} INFO - Filling up the DagBag from /opt/airflow/dags/prediction_dag.py
[2026-01-03T19:14:29.396+0000] {processor.py:840} INFO - DAG(s) 'prediction_dag' retrieved from /opt/airflow/dags/prediction_dag.py
[2026-01-03T19:14:29.443+0000] {logging_mixin.py:188} INFO - [2026-01-03T19:14:29.442+0000] {dag.py:3047} INFO - Sync 1 DAGs
[2026-01-03T19:14:29.474+0000] {logging_mixin.py:188} INFO - [2026-01-03T19:14:29.473+0000] {dag.py:3834} INFO - Setting next_dagrun for prediction_dag to 2026-01-03 19:14:00+00:00, run_after=2026-01-03 19:16:00+00:00
[2026-01-03T19:14:29.486+0000] {processor.py:183} INFO - Processing /opt/airflow/dags/prediction_dag.py took 0.150 seconds
[2026-01-03T19:15:00.072+0000] {processor.py:161} INFO - Started process (PID=42071) to work on /opt/airflow/dags/prediction_dag.py
[2026-01-03T19:15:00.393+0000] {processor.py:830} INFO - Processing file /opt/airflow/dags/prediction_dag.py for tasks to queue
[2026-01-03T19:15:00.554+0000] {logging_mixin.py:188} INFO - [2026-01-03T19:15:00.533+0000] {dagbag.py:540} INFO - Filling up the DagBag from /opt/airflow/dags/prediction_dag.py
[2026-01-03T19:15:00.990+0000] {processor.py:840} INFO - DAG(s) 'prediction_dag' retrieved from /opt/airflow/dags/prediction_dag.py
[2026-01-03T19:15:01.471+0000] {logging_mixin.py:188} INFO - [2026-01-03T19:15:01.468+0000] {dag.py:3047} INFO - Sync 1 DAGs
[2026-01-03T19:15:01.676+0000] {logging_mixin.py:188} INFO - [2026-01-03T19:15:01.676+0000] {dag.py:3834} INFO - Setting next_dagrun for prediction_dag to 2026-01-03 19:14:00+00:00, run_after=2026-01-03 19:16:00+00:00
[2026-01-03T19:15:01.742+0000] {processor.py:183} INFO - Processing /opt/airflow/dags/prediction_dag.py took 1.775 seconds
[2026-01-03T20:16:33.585+0000] {processor.py:161} INFO - Started process (PID=42151) to work on /opt/airflow/dags/prediction_dag.py
[2026-01-03T20:16:33.587+0000] {processor.py:830} INFO - Processing file /opt/airflow/dags/prediction_dag.py for tasks to queue
[2026-01-03T20:16:33.594+0000] {logging_mixin.py:188} INFO - [2026-01-03T20:16:33.588+0000] {dagbag.py:540} INFO - Filling up the DagBag from /opt/airflow/dags/prediction_dag.py
[2026-01-03T20:16:33.663+0000] {processor.py:840} INFO - DAG(s) 'prediction_dag' retrieved from /opt/airflow/dags/prediction_dag.py
[2026-01-03T20:16:33.753+0000] {logging_mixin.py:188} INFO - [2026-01-03T20:16:33.752+0000] {dag.py:3047} INFO - Sync 1 DAGs
[2026-01-03T20:16:33.834+0000] {logging_mixin.py:188} INFO - [2026-01-03T20:16:33.833+0000] {dag.py:3834} INFO - Setting next_dagrun for prediction_dag to 2026-01-03 20:14:00+00:00, run_after=2026-01-03 20:16:00+00:00
[2026-01-03T20:16:33.879+0000] {processor.py:183} INFO - Processing /opt/airflow/dags/prediction_dag.py took 0.302 seconds
[2026-01-03T21:28:58.217+0000] {processor.py:161} INFO - Started process (PID=42286) to work on /opt/airflow/dags/prediction_dag.py
[2026-01-03T21:28:58.250+0000] {processor.py:830} INFO - Processing file /opt/airflow/dags/prediction_dag.py for tasks to queue
[2026-01-03T21:28:58.261+0000] {logging_mixin.py:188} INFO - [2026-01-03T21:28:58.256+0000] {dagbag.py:540} INFO - Filling up the DagBag from /opt/airflow/dags/prediction_dag.py
[2026-01-03T21:28:58.574+0000] {processor.py:840} INFO - DAG(s) 'prediction_dag' retrieved from /opt/airflow/dags/prediction_dag.py
[2026-01-03T21:28:59.035+0000] {logging_mixin.py:188} INFO - [2026-01-03T21:28:59.022+0000] {dag.py:3047} INFO - Sync 1 DAGs
[2026-01-03T21:28:59.493+0000] {logging_mixin.py:188} INFO - [2026-01-03T21:28:59.493+0000] {dag.py:3834} INFO - Setting next_dagrun for prediction_dag to 2026-01-03 21:26:00+00:00, run_after=2026-01-03 21:28:00+00:00
[2026-01-03T21:28:59.673+0000] {processor.py:183} INFO - Processing /opt/airflow/dags/prediction_dag.py took 1.555 seconds
[2026-01-03T22:30:03.307+0000] {processor.py:161} INFO - Started process (PID=42351) to work on /opt/airflow/dags/prediction_dag.py
[2026-01-03T22:30:03.330+0000] {processor.py:830} INFO - Processing file /opt/airflow/dags/prediction_dag.py for tasks to queue
[2026-01-03T22:30:03.357+0000] {logging_mixin.py:188} INFO - [2026-01-03T22:30:03.354+0000] {dagbag.py:540} INFO - Filling up the DagBag from /opt/airflow/dags/prediction_dag.py
[2026-01-03T22:30:03.660+0000] {processor.py:840} INFO - DAG(s) 'prediction_dag' retrieved from /opt/airflow/dags/prediction_dag.py
[2026-01-03T22:30:04.029+0000] {logging_mixin.py:188} INFO - [2026-01-03T22:30:04.028+0000] {dag.py:3047} INFO - Sync 1 DAGs
[2026-01-03T22:30:04.226+0000] {logging_mixin.py:188} INFO - [2026-01-03T22:30:04.225+0000] {dag.py:3834} INFO - Setting next_dagrun for prediction_dag to 2026-01-03 22:30:00+00:00, run_after=2026-01-03 22:32:00+00:00
[2026-01-03T22:30:04.343+0000] {processor.py:183} INFO - Processing /opt/airflow/dags/prediction_dag.py took 1.104 seconds
[2026-01-03T23:17:42.756+0000] {processor.py:161} INFO - Started process (PID=42530) to work on /opt/airflow/dags/prediction_dag.py
[2026-01-03T23:17:42.777+0000] {processor.py:830} INFO - Processing file /opt/airflow/dags/prediction_dag.py for tasks to queue
[2026-01-03T23:17:42.788+0000] {logging_mixin.py:188} INFO - [2026-01-03T23:17:42.787+0000] {dagbag.py:540} INFO - Filling up the DagBag from /opt/airflow/dags/prediction_dag.py
[2026-01-03T23:17:43.009+0000] {processor.py:840} INFO - DAG(s) 'prediction_dag' retrieved from /opt/airflow/dags/prediction_dag.py
[2026-01-03T23:17:43.183+0000] {logging_mixin.py:188} INFO - [2026-01-03T23:17:43.182+0000] {dag.py:3047} INFO - Sync 1 DAGs
[2026-01-03T23:17:43.485+0000] {logging_mixin.py:188} INFO - [2026-01-03T23:17:43.478+0000] {dag.py:3834} INFO - Setting next_dagrun for prediction_dag to 2026-01-03 23:16:00+00:00, run_after=2026-01-03 23:18:00+00:00
[2026-01-03T23:17:43.711+0000] {processor.py:183} INFO - Processing /opt/airflow/dags/prediction_dag.py took 1.011 seconds
[2026-01-03T23:34:57.143+0000] {processor.py:161} INFO - Started process (PID=42619) to work on /opt/airflow/dags/prediction_dag.py
[2026-01-03T23:34:57.189+0000] {processor.py:830} INFO - Processing file /opt/airflow/dags/prediction_dag.py for tasks to queue
[2026-01-03T23:34:57.250+0000] {logging_mixin.py:188} INFO - [2026-01-03T23:34:57.224+0000] {dagbag.py:540} INFO - Filling up the DagBag from /opt/airflow/dags/prediction_dag.py
[2026-01-03T23:34:59.712+0000] {processor.py:840} INFO - DAG(s) 'prediction_dag' retrieved from /opt/airflow/dags/prediction_dag.py
[2026-01-03T23:35:01.586+0000] {logging_mixin.py:188} INFO - [2026-01-03T23:35:01.558+0000] {dag.py:3047} INFO - Sync 1 DAGs
[2026-01-03T23:35:02.469+0000] {logging_mixin.py:188} INFO - [2026-01-03T23:35:02.444+0000] {dag.py:3834} INFO - Setting next_dagrun for prediction_dag to 2026-01-03 23:34:00+00:00, run_after=2026-01-03 23:36:00+00:00
[2026-01-03T23:35:02.874+0000] {processor.py:183} INFO - Processing /opt/airflow/dags/prediction_dag.py took 6.216 seconds
[2026-01-03T23:35:03.508+0000] {processor.py:161} INFO - Started process (PID=42635) to work on /opt/airflow/dags/prediction_dag.py
[2026-01-03T23:35:03.563+0000] {processor.py:830} INFO - Processing file /opt/airflow/dags/prediction_dag.py for tasks to queue
[2026-01-03T23:35:03.598+0000] {logging_mixin.py:188} INFO - [2026-01-03T23:35:03.586+0000] {dagbag.py:540} INFO - Filling up the DagBag from /opt/airflow/dags/prediction_dag.py
[2026-01-03T23:35:03.918+0000] {processor.py:840} INFO - DAG(s) 'prediction_dag' retrieved from /opt/airflow/dags/prediction_dag.py
[2026-01-03T23:35:04.583+0000] {logging_mixin.py:188} INFO - [2026-01-03T23:35:04.554+0000] {taskinstance.py:2733} ERROR - {'DAG Id': 'prediction_dag', 'Task Id': 'check_for_new_data', 'Run Id': 'scheduled__2026-01-03T23:16:00+00:00', 'Hostname': '8fa1ffc51a9f'}
[2026-01-03T23:35:05.449+0000] {logging_mixin.py:188} INFO - [2026-01-03T23:35:05.432+0000] {taskinstance.py:1149} INFO - Marking task as FAILED. dag_id=prediction_dag, task_id=check_for_new_data, execution_date=20260103T231600, start_date=20260103T231810, end_date=20260103T233504
[2026-01-03T23:35:05.777+0000] {processor.py:791} INFO - Executed failure callback for <TaskInstance: prediction_dag.check_for_new_data scheduled__2026-01-03T23:16:00+00:00 [failed]> in state failed
[2026-01-03T23:35:06.343+0000] {logging_mixin.py:188} INFO - [2026-01-03T23:35:06.341+0000] {dag.py:3047} INFO - Sync 1 DAGs
[2026-01-03T23:35:06.880+0000] {logging_mixin.py:188} INFO - [2026-01-03T23:35:06.818+0000] {dag.py:3834} INFO - Setting next_dagrun for prediction_dag to 2026-01-03 23:34:00+00:00, run_after=2026-01-03 23:36:00+00:00
[2026-01-03T23:35:07.423+0000] {processor.py:183} INFO - Processing /opt/airflow/dags/prediction_dag.py took 4.018 seconds
