[2026-01-02T00:21:16.141+0000] {processor.py:161} INFO - Started process (PID=3916) to work on /opt/airflow/dags/prediction_dag.py
[2026-01-02T00:21:16.150+0000] {processor.py:830} INFO - Processing file /opt/airflow/dags/prediction_dag.py for tasks to queue
[2026-01-02T00:21:16.164+0000] {logging_mixin.py:188} INFO - [2026-01-02T00:21:16.155+0000] {dagbag.py:540} INFO - Filling up the DagBag from /opt/airflow/dags/prediction_dag.py
[2026-01-02T00:21:16.305+0000] {processor.py:840} INFO - DAG(s) 'prediction_dag' retrieved from /opt/airflow/dags/prediction_dag.py
[2026-01-02T00:21:17.371+0000] {logging_mixin.py:188} INFO - [2026-01-02T00:21:17.363+0000] {dag.py:3047} INFO - Sync 1 DAGs
[2026-01-02T00:21:17.512+0000] {logging_mixin.py:188} INFO - [2026-01-02T00:21:17.511+0000] {dag.py:3834} INFO - Setting next_dagrun for prediction_dag to 2026-01-02 00:20:00+00:00, run_after=2026-01-02 00:22:00+00:00
[2026-01-02T00:21:17.763+0000] {processor.py:183} INFO - Processing /opt/airflow/dags/prediction_dag.py took 1.764 seconds
[2026-01-02T00:21:17.993+0000] {processor.py:161} INFO - Started process (PID=3925) to work on /opt/airflow/dags/prediction_dag.py
[2026-01-02T00:21:18.002+0000] {processor.py:830} INFO - Processing file /opt/airflow/dags/prediction_dag.py for tasks to queue
[2026-01-02T00:21:18.006+0000] {logging_mixin.py:188} INFO - [2026-01-02T00:21:18.004+0000] {dagbag.py:540} INFO - Filling up the DagBag from /opt/airflow/dags/prediction_dag.py
[2026-01-02T00:21:18.142+0000] {processor.py:840} INFO - DAG(s) 'prediction_dag' retrieved from /opt/airflow/dags/prediction_dag.py
[2026-01-02T00:21:18.398+0000] {logging_mixin.py:188} INFO - [2026-01-02T00:21:18.397+0000] {taskinstance.py:2733} ERROR - {'DAG Id': 'prediction_dag', 'Task Id': 'check_for_new_data', 'Run Id': 'scheduled__2026-01-01T23:12:00+00:00', 'Hostname': '8fa1ffc51a9f'}
[2026-01-02T00:21:18.518+0000] {logging_mixin.py:188} INFO - [2026-01-02T00:21:18.517+0000] {taskinstance.py:1149} INFO - Marking task as UP_FOR_RETRY. dag_id=prediction_dag, task_id=check_for_new_data, execution_date=20260101T231200, start_date=20260101T231403, end_date=20260102T002118
[2026-01-02T00:21:19.230+0000] {processor.py:791} INFO - Executed failure callback for <TaskInstance: prediction_dag.check_for_new_data scheduled__2026-01-01T23:12:00+00:00 [up_for_retry]> in state up_for_retry
[2026-01-02T00:21:19.297+0000] {logging_mixin.py:188} INFO - [2026-01-02T00:21:19.287+0000] {dag.py:3047} INFO - Sync 1 DAGs
[2026-01-02T00:21:19.529+0000] {logging_mixin.py:188} INFO - [2026-01-02T00:21:19.528+0000] {dag.py:3834} INFO - Setting next_dagrun for prediction_dag to 2026-01-02 00:20:00+00:00, run_after=2026-01-02 00:22:00+00:00
[2026-01-02T00:21:19.638+0000] {processor.py:183} INFO - Processing /opt/airflow/dags/prediction_dag.py took 1.692 seconds
[2026-01-02T00:36:57.238+0000] {processor.py:161} INFO - Started process (PID=4057) to work on /opt/airflow/dags/prediction_dag.py
[2026-01-02T00:36:57.256+0000] {processor.py:830} INFO - Processing file /opt/airflow/dags/prediction_dag.py for tasks to queue
[2026-01-02T00:36:57.262+0000] {logging_mixin.py:188} INFO - [2026-01-02T00:36:57.259+0000] {dagbag.py:540} INFO - Filling up the DagBag from /opt/airflow/dags/prediction_dag.py
[2026-01-02T00:36:57.457+0000] {processor.py:840} INFO - DAG(s) 'prediction_dag' retrieved from /opt/airflow/dags/prediction_dag.py
[2026-01-02T00:36:57.973+0000] {logging_mixin.py:188} INFO - [2026-01-02T00:36:57.961+0000] {dag.py:3047} INFO - Sync 1 DAGs
[2026-01-02T00:36:58.644+0000] {logging_mixin.py:188} INFO - [2026-01-02T00:36:58.632+0000] {dag.py:3834} INFO - Setting next_dagrun for prediction_dag to 2026-01-02 00:36:00+00:00, run_after=2026-01-02 00:38:00+00:00
[2026-01-02T00:36:58.815+0000] {processor.py:183} INFO - Processing /opt/airflow/dags/prediction_dag.py took 1.607 seconds
[2026-01-02T00:52:43.283+0000] {processor.py:161} INFO - Started process (PID=4143) to work on /opt/airflow/dags/prediction_dag.py
[2026-01-02T00:52:43.295+0000] {processor.py:830} INFO - Processing file /opt/airflow/dags/prediction_dag.py for tasks to queue
[2026-01-02T00:52:43.312+0000] {logging_mixin.py:188} INFO - [2026-01-02T00:52:43.302+0000] {dagbag.py:540} INFO - Filling up the DagBag from /opt/airflow/dags/prediction_dag.py
[2026-01-02T00:52:44.044+0000] {processor.py:840} INFO - DAG(s) 'prediction_dag' retrieved from /opt/airflow/dags/prediction_dag.py
[2026-01-02T00:52:44.804+0000] {logging_mixin.py:188} INFO - [2026-01-02T00:52:44.802+0000] {dag.py:3047} INFO - Sync 1 DAGs
[2026-01-02T00:52:45.942+0000] {logging_mixin.py:188} INFO - [2026-01-02T00:52:45.918+0000] {dag.py:3834} INFO - Setting next_dagrun for prediction_dag to 2026-01-02 00:52:00+00:00, run_after=2026-01-02 00:54:00+00:00
[2026-01-02T00:52:47.061+0000] {processor.py:183} INFO - Processing /opt/airflow/dags/prediction_dag.py took 3.864 seconds
[2026-01-02T01:24:18.350+0000] {processor.py:161} INFO - Started process (PID=4272) to work on /opt/airflow/dags/prediction_dag.py
[2026-01-02T01:24:18.376+0000] {processor.py:830} INFO - Processing file /opt/airflow/dags/prediction_dag.py for tasks to queue
[2026-01-02T01:24:18.401+0000] {logging_mixin.py:188} INFO - [2026-01-02T01:24:18.389+0000] {dagbag.py:540} INFO - Filling up the DagBag from /opt/airflow/dags/prediction_dag.py
[2026-01-02T01:24:18.761+0000] {processor.py:840} INFO - DAG(s) 'prediction_dag' retrieved from /opt/airflow/dags/prediction_dag.py
[2026-01-02T01:24:20.195+0000] {logging_mixin.py:188} INFO - [2026-01-02T01:24:20.150+0000] {dag.py:3047} INFO - Sync 1 DAGs
[2026-01-02T01:24:21.053+0000] {logging_mixin.py:188} INFO - [2026-01-02T01:24:21.038+0000] {dag.py:3834} INFO - Setting next_dagrun for prediction_dag to 2026-01-02 01:24:00+00:00, run_after=2026-01-02 01:26:00+00:00
[2026-01-02T01:24:21.506+0000] {processor.py:183} INFO - Processing /opt/airflow/dags/prediction_dag.py took 3.296 seconds
[2026-01-02T01:42:09.449+0000] {processor.py:161} INFO - Started process (PID=4354) to work on /opt/airflow/dags/prediction_dag.py
[2026-01-02T01:42:09.455+0000] {processor.py:830} INFO - Processing file /opt/airflow/dags/prediction_dag.py for tasks to queue
[2026-01-02T01:42:09.461+0000] {logging_mixin.py:188} INFO - [2026-01-02T01:42:09.459+0000] {dagbag.py:540} INFO - Filling up the DagBag from /opt/airflow/dags/prediction_dag.py
[2026-01-02T01:42:09.536+0000] {processor.py:840} INFO - DAG(s) 'prediction_dag' retrieved from /opt/airflow/dags/prediction_dag.py
[2026-01-02T01:42:09.648+0000] {logging_mixin.py:188} INFO - [2026-01-02T01:42:09.647+0000] {dag.py:3047} INFO - Sync 1 DAGs
[2026-01-02T01:42:09.724+0000] {logging_mixin.py:188} INFO - [2026-01-02T01:42:09.724+0000] {dag.py:3834} INFO - Setting next_dagrun for prediction_dag to 2026-01-02 01:42:00+00:00, run_after=2026-01-02 01:44:00+00:00
[2026-01-02T01:42:09.788+0000] {processor.py:183} INFO - Processing /opt/airflow/dags/prediction_dag.py took 0.352 seconds
[2026-01-02T02:46:31.804+0000] {processor.py:161} INFO - Started process (PID=4505) to work on /opt/airflow/dags/prediction_dag.py
[2026-01-02T02:46:31.809+0000] {processor.py:830} INFO - Processing file /opt/airflow/dags/prediction_dag.py for tasks to queue
[2026-01-02T02:46:31.818+0000] {logging_mixin.py:188} INFO - [2026-01-02T02:46:31.814+0000] {dagbag.py:540} INFO - Filling up the DagBag from /opt/airflow/dags/prediction_dag.py
[2026-01-02T02:46:31.912+0000] {processor.py:840} INFO - DAG(s) 'prediction_dag' retrieved from /opt/airflow/dags/prediction_dag.py
[2026-01-02T02:46:32.118+0000] {logging_mixin.py:188} INFO - [2026-01-02T02:46:32.118+0000] {dag.py:3047} INFO - Sync 1 DAGs
[2026-01-02T02:46:32.443+0000] {logging_mixin.py:188} INFO - [2026-01-02T02:46:32.441+0000] {dag.py:3834} INFO - Setting next_dagrun for prediction_dag to 2026-01-02 02:46:00+00:00, run_after=2026-01-02 02:48:00+00:00
[2026-01-02T02:46:32.680+0000] {processor.py:183} INFO - Processing /opt/airflow/dags/prediction_dag.py took 0.896 seconds
[2026-01-02T03:02:54.173+0000] {processor.py:161} INFO - Started process (PID=4590) to work on /opt/airflow/dags/prediction_dag.py
[2026-01-02T03:02:54.182+0000] {processor.py:830} INFO - Processing file /opt/airflow/dags/prediction_dag.py for tasks to queue
[2026-01-02T03:02:54.194+0000] {logging_mixin.py:188} INFO - [2026-01-02T03:02:54.191+0000] {dagbag.py:540} INFO - Filling up the DagBag from /opt/airflow/dags/prediction_dag.py
[2026-01-02T03:02:54.268+0000] {processor.py:840} INFO - DAG(s) 'prediction_dag' retrieved from /opt/airflow/dags/prediction_dag.py
[2026-01-02T03:02:54.393+0000] {logging_mixin.py:188} INFO - [2026-01-02T03:02:54.393+0000] {dag.py:3047} INFO - Sync 1 DAGs
[2026-01-02T03:02:54.466+0000] {logging_mixin.py:188} INFO - [2026-01-02T03:02:54.465+0000] {dag.py:3834} INFO - Setting next_dagrun for prediction_dag to 2026-01-02 03:00:00+00:00, run_after=2026-01-02 03:02:00+00:00
[2026-01-02T03:02:55.509+0000] {processor.py:183} INFO - Processing /opt/airflow/dags/prediction_dag.py took 1.348 seconds
[2026-01-02T03:20:41.119+0000] {processor.py:161} INFO - Started process (PID=4716) to work on /opt/airflow/dags/prediction_dag.py
[2026-01-02T03:20:41.159+0000] {processor.py:830} INFO - Processing file /opt/airflow/dags/prediction_dag.py for tasks to queue
[2026-01-02T03:20:41.191+0000] {logging_mixin.py:188} INFO - [2026-01-02T03:20:41.190+0000] {dagbag.py:540} INFO - Filling up the DagBag from /opt/airflow/dags/prediction_dag.py
[2026-01-02T03:20:41.542+0000] {processor.py:840} INFO - DAG(s) 'prediction_dag' retrieved from /opt/airflow/dags/prediction_dag.py
[2026-01-02T03:20:42.073+0000] {logging_mixin.py:188} INFO - [2026-01-02T03:20:42.061+0000] {dag.py:3047} INFO - Sync 1 DAGs
[2026-01-02T03:20:42.631+0000] {logging_mixin.py:188} INFO - [2026-01-02T03:20:42.622+0000] {dag.py:3834} INFO - Setting next_dagrun for prediction_dag to 2026-01-02 03:20:00+00:00, run_after=2026-01-02 03:22:00+00:00
[2026-01-02T03:20:42.923+0000] {processor.py:183} INFO - Processing /opt/airflow/dags/prediction_dag.py took 1.883 seconds
[2026-01-02T03:37:27.493+0000] {processor.py:161} INFO - Started process (PID=4804) to work on /opt/airflow/dags/prediction_dag.py
[2026-01-02T03:37:27.520+0000] {processor.py:830} INFO - Processing file /opt/airflow/dags/prediction_dag.py for tasks to queue
[2026-01-02T03:37:27.541+0000] {logging_mixin.py:188} INFO - [2026-01-02T03:37:27.528+0000] {dagbag.py:540} INFO - Filling up the DagBag from /opt/airflow/dags/prediction_dag.py
[2026-01-02T03:37:27.788+0000] {processor.py:840} INFO - DAG(s) 'prediction_dag' retrieved from /opt/airflow/dags/prediction_dag.py
[2026-01-02T03:37:28.684+0000] {logging_mixin.py:188} INFO - [2026-01-02T03:37:28.665+0000] {dag.py:3047} INFO - Sync 1 DAGs
[2026-01-02T03:37:29.149+0000] {logging_mixin.py:188} INFO - [2026-01-02T03:37:29.141+0000] {dag.py:3834} INFO - Setting next_dagrun for prediction_dag to 2026-01-02 03:34:00+00:00, run_after=2026-01-02 03:36:00+00:00
[2026-01-02T03:37:29.558+0000] {processor.py:183} INFO - Processing /opt/airflow/dags/prediction_dag.py took 2.148 seconds
[2026-01-02T03:38:00.388+0000] {processor.py:161} INFO - Started process (PID=4915) to work on /opt/airflow/dags/prediction_dag.py
[2026-01-02T03:38:00.396+0000] {processor.py:830} INFO - Processing file /opt/airflow/dags/prediction_dag.py for tasks to queue
[2026-01-02T03:38:00.403+0000] {logging_mixin.py:188} INFO - [2026-01-02T03:38:00.400+0000] {dagbag.py:540} INFO - Filling up the DagBag from /opt/airflow/dags/prediction_dag.py
[2026-01-02T03:38:00.461+0000] {processor.py:840} INFO - DAG(s) 'prediction_dag' retrieved from /opt/airflow/dags/prediction_dag.py
[2026-01-02T03:38:00.553+0000] {logging_mixin.py:188} INFO - [2026-01-02T03:38:00.553+0000] {dag.py:3047} INFO - Sync 1 DAGs
[2026-01-02T03:38:00.622+0000] {logging_mixin.py:188} INFO - [2026-01-02T03:38:00.622+0000] {dag.py:3834} INFO - Setting next_dagrun for prediction_dag to 2026-01-02 03:38:00+00:00, run_after=2026-01-02 03:40:00+00:00
[2026-01-02T03:38:00.676+0000] {processor.py:183} INFO - Processing /opt/airflow/dags/prediction_dag.py took 0.309 seconds
[2026-01-02T03:53:18.106+0000] {processor.py:161} INFO - Started process (PID=5068) to work on /opt/airflow/dags/prediction_dag.py
[2026-01-02T03:53:18.130+0000] {processor.py:830} INFO - Processing file /opt/airflow/dags/prediction_dag.py for tasks to queue
[2026-01-02T03:53:18.142+0000] {logging_mixin.py:188} INFO - [2026-01-02T03:53:18.134+0000] {dagbag.py:540} INFO - Filling up the DagBag from /opt/airflow/dags/prediction_dag.py
[2026-01-02T03:53:18.254+0000] {processor.py:840} INFO - DAG(s) 'prediction_dag' retrieved from /opt/airflow/dags/prediction_dag.py
[2026-01-02T03:53:18.503+0000] {logging_mixin.py:188} INFO - [2026-01-02T03:53:18.502+0000] {dag.py:3047} INFO - Sync 1 DAGs
[2026-01-02T03:53:18.673+0000] {logging_mixin.py:188} INFO - [2026-01-02T03:53:18.673+0000] {dag.py:3834} INFO - Setting next_dagrun for prediction_dag to 2026-01-02 03:50:00+00:00, run_after=2026-01-02 03:52:00+00:00
[2026-01-02T03:53:18.763+0000] {processor.py:183} INFO - Processing /opt/airflow/dags/prediction_dag.py took 0.706 seconds
[2026-01-02T04:25:00.643+0000] {processor.py:161} INFO - Started process (PID=5179) to work on /opt/airflow/dags/prediction_dag.py
[2026-01-02T04:25:00.652+0000] {processor.py:830} INFO - Processing file /opt/airflow/dags/prediction_dag.py for tasks to queue
[2026-01-02T04:25:00.659+0000] {logging_mixin.py:188} INFO - [2026-01-02T04:25:00.657+0000] {dagbag.py:540} INFO - Filling up the DagBag from /opt/airflow/dags/prediction_dag.py
[2026-01-02T04:25:00.883+0000] {processor.py:840} INFO - DAG(s) 'prediction_dag' retrieved from /opt/airflow/dags/prediction_dag.py
[2026-01-02T04:25:01.375+0000] {logging_mixin.py:188} INFO - [2026-01-02T04:25:01.363+0000] {dag.py:3047} INFO - Sync 1 DAGs
[2026-01-02T04:25:01.757+0000] {logging_mixin.py:188} INFO - [2026-01-02T04:25:01.752+0000] {dag.py:3834} INFO - Setting next_dagrun for prediction_dag to 2026-01-02 04:24:00+00:00, run_after=2026-01-02 04:26:00+00:00
[2026-01-02T04:25:01.956+0000] {processor.py:183} INFO - Processing /opt/airflow/dags/prediction_dag.py took 1.519 seconds
[2026-01-02T05:28:50.124+0000] {processor.py:161} INFO - Started process (PID=5211) to work on /opt/airflow/dags/prediction_dag.py
[2026-01-02T05:28:50.132+0000] {processor.py:830} INFO - Processing file /opt/airflow/dags/prediction_dag.py for tasks to queue
[2026-01-02T05:28:50.142+0000] {logging_mixin.py:188} INFO - [2026-01-02T05:28:50.139+0000] {dagbag.py:540} INFO - Filling up the DagBag from /opt/airflow/dags/prediction_dag.py
[2026-01-02T05:28:50.408+0000] {processor.py:840} INFO - DAG(s) 'prediction_dag' retrieved from /opt/airflow/dags/prediction_dag.py
[2026-01-02T05:28:51.766+0000] {logging_mixin.py:188} INFO - [2026-01-02T05:28:51.759+0000] {dag.py:3047} INFO - Sync 1 DAGs
[2026-01-02T05:28:51.970+0000] {logging_mixin.py:188} INFO - [2026-01-02T05:28:51.969+0000] {dag.py:3834} INFO - Setting next_dagrun for prediction_dag to 2026-01-02 05:26:00+00:00, run_after=2026-01-02 05:28:00+00:00
[2026-01-02T05:28:52.122+0000] {processor.py:183} INFO - Processing /opt/airflow/dags/prediction_dag.py took 2.030 seconds
[2026-01-02T06:43:48.730+0000] {processor.py:161} INFO - Started process (PID=5299) to work on /opt/airflow/dags/prediction_dag.py
[2026-01-02T06:43:48.737+0000] {processor.py:830} INFO - Processing file /opt/airflow/dags/prediction_dag.py for tasks to queue
[2026-01-02T06:43:48.740+0000] {logging_mixin.py:188} INFO - [2026-01-02T06:43:48.739+0000] {dagbag.py:540} INFO - Filling up the DagBag from /opt/airflow/dags/prediction_dag.py
[2026-01-02T06:43:48.803+0000] {processor.py:840} INFO - DAG(s) 'prediction_dag' retrieved from /opt/airflow/dags/prediction_dag.py
[2026-01-02T06:43:49.033+0000] {logging_mixin.py:188} INFO - [2026-01-02T06:43:49.033+0000] {dag.py:3047} INFO - Sync 1 DAGs
[2026-01-02T06:43:49.128+0000] {logging_mixin.py:188} INFO - [2026-01-02T06:43:49.127+0000] {dag.py:3834} INFO - Setting next_dagrun for prediction_dag to 2026-01-02 06:42:00+00:00, run_after=2026-01-02 06:44:00+00:00
[2026-01-02T06:43:49.217+0000] {processor.py:183} INFO - Processing /opt/airflow/dags/prediction_dag.py took 0.495 seconds
[2026-01-02T07:41:50.755+0000] {processor.py:161} INFO - Started process (PID=5480) to work on /opt/airflow/dags/prediction_dag.py
[2026-01-02T07:41:50.783+0000] {processor.py:830} INFO - Processing file /opt/airflow/dags/prediction_dag.py for tasks to queue
[2026-01-02T07:41:50.792+0000] {logging_mixin.py:188} INFO - [2026-01-02T07:41:50.790+0000] {dagbag.py:540} INFO - Filling up the DagBag from /opt/airflow/dags/prediction_dag.py
[2026-01-02T07:41:51.209+0000] {processor.py:840} INFO - DAG(s) 'prediction_dag' retrieved from /opt/airflow/dags/prediction_dag.py
[2026-01-02T07:41:51.688+0000] {logging_mixin.py:188} INFO - [2026-01-02T07:41:51.666+0000] {dag.py:3047} INFO - Sync 1 DAGs
[2026-01-02T07:41:51.940+0000] {logging_mixin.py:188} INFO - [2026-01-02T07:41:51.937+0000] {dag.py:3834} INFO - Setting next_dagrun for prediction_dag to 2026-01-02 07:40:00+00:00, run_after=2026-01-02 07:42:00+00:00
[2026-01-02T07:41:52.119+0000] {processor.py:183} INFO - Processing /opt/airflow/dags/prediction_dag.py took 1.458 seconds
[2026-01-02T08:17:02.194+0000] {processor.py:161} INFO - Started process (PID=5581) to work on /opt/airflow/dags/prediction_dag.py
[2026-01-02T08:17:02.214+0000] {processor.py:830} INFO - Processing file /opt/airflow/dags/prediction_dag.py for tasks to queue
[2026-01-02T08:17:02.238+0000] {logging_mixin.py:188} INFO - [2026-01-02T08:17:02.228+0000] {dagbag.py:540} INFO - Filling up the DagBag from /opt/airflow/dags/prediction_dag.py
[2026-01-02T08:17:03.149+0000] {processor.py:840} INFO - DAG(s) 'prediction_dag' retrieved from /opt/airflow/dags/prediction_dag.py
[2026-01-02T08:17:04.114+0000] {logging_mixin.py:188} INFO - [2026-01-02T08:17:04.112+0000] {dag.py:3047} INFO - Sync 1 DAGs
[2026-01-02T08:17:04.901+0000] {logging_mixin.py:188} INFO - [2026-01-02T08:17:04.888+0000] {dag.py:3834} INFO - Setting next_dagrun for prediction_dag to 2026-01-02 08:16:00+00:00, run_after=2026-01-02 08:18:00+00:00
[2026-01-02T08:17:05.363+0000] {processor.py:183} INFO - Processing /opt/airflow/dags/prediction_dag.py took 3.302 seconds
[2026-01-02T08:28:21.010+0000] {processor.py:161} INFO - Started process (PID=5717) to work on /opt/airflow/dags/prediction_dag.py
[2026-01-02T08:28:21.065+0000] {processor.py:830} INFO - Processing file /opt/airflow/dags/prediction_dag.py for tasks to queue
[2026-01-02T08:28:21.127+0000] {logging_mixin.py:188} INFO - [2026-01-02T08:28:21.120+0000] {dagbag.py:540} INFO - Filling up the DagBag from /opt/airflow/dags/prediction_dag.py
[2026-01-02T08:28:21.440+0000] {processor.py:840} INFO - DAG(s) 'prediction_dag' retrieved from /opt/airflow/dags/prediction_dag.py
[2026-01-02T08:28:21.738+0000] {logging_mixin.py:188} INFO - [2026-01-02T08:28:21.735+0000] {dag.py:3047} INFO - Sync 1 DAGs
[2026-01-02T08:28:22.082+0000] {logging_mixin.py:188} INFO - [2026-01-02T08:28:22.078+0000] {dag.py:3834} INFO - Setting next_dagrun for prediction_dag to 2026-01-02 08:28:00+00:00, run_after=2026-01-02 08:30:00+00:00
[2026-01-02T08:28:22.349+0000] {processor.py:183} INFO - Processing /opt/airflow/dags/prediction_dag.py took 1.496 seconds
[2026-01-02T08:28:55.018+0000] {processor.py:161} INFO - Started process (PID=5834) to work on /opt/airflow/dags/prediction_dag.py
[2026-01-02T08:28:55.052+0000] {processor.py:830} INFO - Processing file /opt/airflow/dags/prediction_dag.py for tasks to queue
[2026-01-02T08:28:55.086+0000] {logging_mixin.py:188} INFO - [2026-01-02T08:28:55.066+0000] {dagbag.py:540} INFO - Filling up the DagBag from /opt/airflow/dags/prediction_dag.py
[2026-01-02T08:28:56.251+0000] {processor.py:840} INFO - DAG(s) 'prediction_dag' retrieved from /opt/airflow/dags/prediction_dag.py
[2026-01-02T08:28:57.037+0000] {logging_mixin.py:188} INFO - [2026-01-02T08:28:57.030+0000] {dag.py:3047} INFO - Sync 1 DAGs
[2026-01-02T08:28:57.355+0000] {logging_mixin.py:188} INFO - [2026-01-02T08:28:57.354+0000] {dag.py:3834} INFO - Setting next_dagrun for prediction_dag to 2026-01-02 08:28:00+00:00, run_after=2026-01-02 08:30:00+00:00
[2026-01-02T08:28:57.455+0000] {processor.py:183} INFO - Processing /opt/airflow/dags/prediction_dag.py took 3.033 seconds
[2026-01-02T08:44:58.024+0000] {processor.py:161} INFO - Started process (PID=5947) to work on /opt/airflow/dags/prediction_dag.py
[2026-01-02T08:44:58.038+0000] {processor.py:830} INFO - Processing file /opt/airflow/dags/prediction_dag.py for tasks to queue
[2026-01-02T08:44:58.042+0000] {logging_mixin.py:188} INFO - [2026-01-02T08:44:58.041+0000] {dagbag.py:540} INFO - Filling up the DagBag from /opt/airflow/dags/prediction_dag.py
[2026-01-02T08:44:58.145+0000] {processor.py:840} INFO - DAG(s) 'prediction_dag' retrieved from /opt/airflow/dags/prediction_dag.py
[2026-01-02T08:44:58.391+0000] {logging_mixin.py:188} INFO - [2026-01-02T08:44:58.390+0000] {dag.py:3047} INFO - Sync 1 DAGs
[2026-01-02T08:44:58.703+0000] {logging_mixin.py:188} INFO - [2026-01-02T08:44:58.702+0000] {dag.py:3834} INFO - Setting next_dagrun for prediction_dag to 2026-01-02 08:42:00+00:00, run_after=2026-01-02 08:44:00+00:00
[2026-01-02T08:44:58.847+0000] {processor.py:183} INFO - Processing /opt/airflow/dags/prediction_dag.py took 0.836 seconds
[2026-01-02T09:29:34.303+0000] {processor.py:161} INFO - Started process (PID=6050) to work on /opt/airflow/dags/prediction_dag.py
[2026-01-02T09:29:34.321+0000] {processor.py:830} INFO - Processing file /opt/airflow/dags/prediction_dag.py for tasks to queue
[2026-01-02T09:29:34.327+0000] {logging_mixin.py:188} INFO - [2026-01-02T09:29:34.325+0000] {dagbag.py:540} INFO - Filling up the DagBag from /opt/airflow/dags/prediction_dag.py
[2026-01-02T09:29:34.502+0000] {processor.py:840} INFO - DAG(s) 'prediction_dag' retrieved from /opt/airflow/dags/prediction_dag.py
[2026-01-02T09:29:35.119+0000] {logging_mixin.py:188} INFO - [2026-01-02T09:29:35.106+0000] {dag.py:3047} INFO - Sync 1 DAGs
[2026-01-02T09:29:35.834+0000] {logging_mixin.py:188} INFO - [2026-01-02T09:29:35.827+0000] {dag.py:3834} INFO - Setting next_dagrun for prediction_dag to 2026-01-02 09:28:00+00:00, run_after=2026-01-02 09:30:00+00:00
[2026-01-02T09:29:36.283+0000] {processor.py:183} INFO - Processing /opt/airflow/dags/prediction_dag.py took 2.021 seconds
[2026-01-02T10:01:34.581+0000] {processor.py:161} INFO - Started process (PID=6144) to work on /opt/airflow/dags/prediction_dag.py
[2026-01-02T10:01:34.604+0000] {processor.py:830} INFO - Processing file /opt/airflow/dags/prediction_dag.py for tasks to queue
[2026-01-02T10:01:34.624+0000] {logging_mixin.py:188} INFO - [2026-01-02T10:01:34.612+0000] {dagbag.py:540} INFO - Filling up the DagBag from /opt/airflow/dags/prediction_dag.py
[2026-01-02T10:01:34.916+0000] {processor.py:840} INFO - DAG(s) 'prediction_dag' retrieved from /opt/airflow/dags/prediction_dag.py
[2026-01-02T10:01:35.846+0000] {logging_mixin.py:188} INFO - [2026-01-02T10:01:35.837+0000] {dag.py:3047} INFO - Sync 1 DAGs
[2026-01-02T10:01:36.181+0000] {logging_mixin.py:188} INFO - [2026-01-02T10:01:36.178+0000] {dag.py:3834} INFO - Setting next_dagrun for prediction_dag to 2026-01-02 10:00:00+00:00, run_after=2026-01-02 10:02:00+00:00
[2026-01-02T10:01:36.496+0000] {processor.py:183} INFO - Processing /opt/airflow/dags/prediction_dag.py took 1.971 seconds
[2026-01-02T10:48:07.503+0000] {processor.py:161} INFO - Started process (PID=6249) to work on /opt/airflow/dags/prediction_dag.py
[2026-01-02T10:48:07.511+0000] {processor.py:830} INFO - Processing file /opt/airflow/dags/prediction_dag.py for tasks to queue
[2026-01-02T10:48:07.515+0000] {logging_mixin.py:188} INFO - [2026-01-02T10:48:07.514+0000] {dagbag.py:540} INFO - Filling up the DagBag from /opt/airflow/dags/prediction_dag.py
[2026-01-02T10:48:07.595+0000] {processor.py:840} INFO - DAG(s) 'prediction_dag' retrieved from /opt/airflow/dags/prediction_dag.py
[2026-01-02T10:48:07.735+0000] {logging_mixin.py:188} INFO - [2026-01-02T10:48:07.734+0000] {dag.py:3047} INFO - Sync 1 DAGs
[2026-01-02T10:48:07.888+0000] {logging_mixin.py:188} INFO - [2026-01-02T10:48:07.885+0000] {dag.py:3834} INFO - Setting next_dagrun for prediction_dag to 2026-01-02 10:46:00+00:00, run_after=2026-01-02 10:48:00+00:00
[2026-01-02T10:48:08.149+0000] {processor.py:183} INFO - Processing /opt/airflow/dags/prediction_dag.py took 0.673 seconds
[2026-01-02T11:31:25.897+0000] {processor.py:161} INFO - Started process (PID=6372) to work on /opt/airflow/dags/prediction_dag.py
[2026-01-02T11:31:25.943+0000] {processor.py:830} INFO - Processing file /opt/airflow/dags/prediction_dag.py for tasks to queue
[2026-01-02T11:31:25.967+0000] {logging_mixin.py:188} INFO - [2026-01-02T11:31:25.955+0000] {dagbag.py:540} INFO - Filling up the DagBag from /opt/airflow/dags/prediction_dag.py
[2026-01-02T11:31:26.493+0000] {processor.py:840} INFO - DAG(s) 'prediction_dag' retrieved from /opt/airflow/dags/prediction_dag.py
[2026-01-02T11:31:27.137+0000] {logging_mixin.py:188} INFO - [2026-01-02T11:31:27.118+0000] {dag.py:3047} INFO - Sync 1 DAGs
[2026-01-02T11:31:27.629+0000] {logging_mixin.py:188} INFO - [2026-01-02T11:31:27.628+0000] {dag.py:3834} INFO - Setting next_dagrun for prediction_dag to 2026-01-02 11:30:00+00:00, run_after=2026-01-02 11:32:00+00:00
[2026-01-02T11:31:27.830+0000] {processor.py:183} INFO - Processing /opt/airflow/dags/prediction_dag.py took 2.016 seconds
[2026-01-02T12:22:25.199+0000] {processor.py:161} INFO - Started process (PID=6465) to work on /opt/airflow/dags/prediction_dag.py
[2026-01-02T12:22:25.218+0000] {processor.py:830} INFO - Processing file /opt/airflow/dags/prediction_dag.py for tasks to queue
[2026-01-02T12:22:25.284+0000] {logging_mixin.py:188} INFO - [2026-01-02T12:22:25.280+0000] {dagbag.py:540} INFO - Filling up the DagBag from /opt/airflow/dags/prediction_dag.py
[2026-01-02T12:22:25.787+0000] {processor.py:840} INFO - DAG(s) 'prediction_dag' retrieved from /opt/airflow/dags/prediction_dag.py
[2026-01-02T12:22:26.336+0000] {logging_mixin.py:188} INFO - [2026-01-02T12:22:26.327+0000] {dag.py:3047} INFO - Sync 1 DAGs
[2026-01-02T12:22:26.513+0000] {logging_mixin.py:188} INFO - [2026-01-02T12:22:26.513+0000] {dag.py:3834} INFO - Setting next_dagrun for prediction_dag to 2026-01-02 12:20:00+00:00, run_after=2026-01-02 12:22:00+00:00
[2026-01-02T12:22:26.921+0000] {processor.py:183} INFO - Processing /opt/airflow/dags/prediction_dag.py took 2.002 seconds
[2026-01-02T12:32:36.178+0000] {processor.py:161} INFO - Started process (PID=6651) to work on /opt/airflow/dags/prediction_dag.py
[2026-01-02T12:32:36.184+0000] {processor.py:830} INFO - Processing file /opt/airflow/dags/prediction_dag.py for tasks to queue
[2026-01-02T12:32:36.215+0000] {logging_mixin.py:188} INFO - [2026-01-02T12:32:36.193+0000] {dagbag.py:540} INFO - Filling up the DagBag from /opt/airflow/dags/prediction_dag.py
[2026-01-02T12:32:36.641+0000] {processor.py:840} INFO - DAG(s) 'prediction_dag' retrieved from /opt/airflow/dags/prediction_dag.py
[2026-01-02T12:32:37.410+0000] {logging_mixin.py:188} INFO - [2026-01-02T12:32:37.405+0000] {dag.py:3047} INFO - Sync 1 DAGs
[2026-01-02T12:32:38.355+0000] {logging_mixin.py:188} INFO - [2026-01-02T12:32:38.352+0000] {dag.py:3834} INFO - Setting next_dagrun for prediction_dag to 2026-01-02 12:32:00+00:00, run_after=2026-01-02 12:34:00+00:00
[2026-01-02T12:32:38.920+0000] {processor.py:183} INFO - Processing /opt/airflow/dags/prediction_dag.py took 2.794 seconds
[2026-01-02T13:22:22.638+0000] {processor.py:161} INFO - Started process (PID=6713) to work on /opt/airflow/dags/prediction_dag.py
[2026-01-02T13:22:22.646+0000] {processor.py:830} INFO - Processing file /opt/airflow/dags/prediction_dag.py for tasks to queue
[2026-01-02T13:22:22.653+0000] {logging_mixin.py:188} INFO - [2026-01-02T13:22:22.650+0000] {dagbag.py:540} INFO - Filling up the DagBag from /opt/airflow/dags/prediction_dag.py
[2026-01-02T13:22:22.786+0000] {processor.py:840} INFO - DAG(s) 'prediction_dag' retrieved from /opt/airflow/dags/prediction_dag.py
[2026-01-02T13:22:22.992+0000] {logging_mixin.py:188} INFO - [2026-01-02T13:22:22.992+0000] {dag.py:3047} INFO - Sync 1 DAGs
[2026-01-02T13:22:23.112+0000] {logging_mixin.py:188} INFO - [2026-01-02T13:22:23.111+0000] {dag.py:3834} INFO - Setting next_dagrun for prediction_dag to 2026-01-02 13:20:00+00:00, run_after=2026-01-02 13:22:00+00:00
[2026-01-02T13:22:23.178+0000] {processor.py:183} INFO - Processing /opt/airflow/dags/prediction_dag.py took 0.567 seconds
[2026-01-02T14:21:07.875+0000] {processor.py:161} INFO - Started process (PID=6830) to work on /opt/airflow/dags/prediction_dag.py
[2026-01-02T14:21:07.881+0000] {processor.py:830} INFO - Processing file /opt/airflow/dags/prediction_dag.py for tasks to queue
[2026-01-02T14:21:07.884+0000] {logging_mixin.py:188} INFO - [2026-01-02T14:21:07.883+0000] {dagbag.py:540} INFO - Filling up the DagBag from /opt/airflow/dags/prediction_dag.py
[2026-01-02T14:21:07.945+0000] {processor.py:840} INFO - DAG(s) 'prediction_dag' retrieved from /opt/airflow/dags/prediction_dag.py
[2026-01-02T14:21:08.084+0000] {logging_mixin.py:188} INFO - [2026-01-02T14:21:08.084+0000] {dag.py:3047} INFO - Sync 1 DAGs
[2026-01-02T14:21:08.190+0000] {logging_mixin.py:188} INFO - [2026-01-02T14:21:08.189+0000] {dag.py:3834} INFO - Setting next_dagrun for prediction_dag to 2026-01-02 14:18:00+00:00, run_after=2026-01-02 14:20:00+00:00
[2026-01-02T14:21:08.306+0000] {processor.py:183} INFO - Processing /opt/airflow/dags/prediction_dag.py took 0.439 seconds
[2026-01-02T14:52:18.506+0000] {processor.py:161} INFO - Started process (PID=6898) to work on /opt/airflow/dags/prediction_dag.py
[2026-01-02T14:52:18.626+0000] {processor.py:830} INFO - Processing file /opt/airflow/dags/prediction_dag.py for tasks to queue
[2026-01-02T14:52:18.679+0000] {logging_mixin.py:188} INFO - [2026-01-02T14:52:18.670+0000] {dagbag.py:540} INFO - Filling up the DagBag from /opt/airflow/dags/prediction_dag.py
[2026-01-02T14:52:21.284+0000] {processor.py:840} INFO - DAG(s) 'prediction_dag' retrieved from /opt/airflow/dags/prediction_dag.py
[2026-01-02T14:52:24.272+0000] {logging_mixin.py:188} INFO - [2026-01-02T14:52:24.203+0000] {dag.py:3047} INFO - Sync 1 DAGs
[2026-01-02T14:52:27.022+0000] {logging_mixin.py:188} INFO - [2026-01-02T14:52:27.005+0000] {dag.py:3834} INFO - Setting next_dagrun for prediction_dag to 2026-01-02 14:52:00+00:00, run_after=2026-01-02 14:54:00+00:00
[2026-01-02T14:52:28.450+0000] {processor.py:183} INFO - Processing /opt/airflow/dags/prediction_dag.py took 10.136 seconds
[2026-01-02T14:53:00.396+0000] {processor.py:161} INFO - Started process (PID=6932) to work on /opt/airflow/dags/prediction_dag.py
[2026-01-02T14:53:00.422+0000] {processor.py:830} INFO - Processing file /opt/airflow/dags/prediction_dag.py for tasks to queue
[2026-01-02T14:53:00.456+0000] {logging_mixin.py:188} INFO - [2026-01-02T14:53:00.436+0000] {dagbag.py:540} INFO - Filling up the DagBag from /opt/airflow/dags/prediction_dag.py
[2026-01-02T14:53:01.201+0000] {processor.py:840} INFO - DAG(s) 'prediction_dag' retrieved from /opt/airflow/dags/prediction_dag.py
[2026-01-02T14:53:02.738+0000] {logging_mixin.py:188} INFO - [2026-01-02T14:53:02.730+0000] {dag.py:3047} INFO - Sync 1 DAGs
[2026-01-02T14:53:03.374+0000] {logging_mixin.py:188} INFO - [2026-01-02T14:53:03.354+0000] {dag.py:3834} INFO - Setting next_dagrun for prediction_dag to 2026-01-02 14:52:00+00:00, run_after=2026-01-02 14:54:00+00:00
[2026-01-02T14:53:04.424+0000] {processor.py:183} INFO - Processing /opt/airflow/dags/prediction_dag.py took 4.207 seconds
[2026-01-02T14:53:35.919+0000] {processor.py:161} INFO - Started process (PID=7033) to work on /opt/airflow/dags/prediction_dag.py
[2026-01-02T14:53:35.922+0000] {processor.py:830} INFO - Processing file /opt/airflow/dags/prediction_dag.py for tasks to queue
[2026-01-02T14:53:35.923+0000] {logging_mixin.py:188} INFO - [2026-01-02T14:53:35.923+0000] {dagbag.py:540} INFO - Filling up the DagBag from /opt/airflow/dags/prediction_dag.py
[2026-01-02T14:53:35.964+0000] {processor.py:840} INFO - DAG(s) 'prediction_dag' retrieved from /opt/airflow/dags/prediction_dag.py
[2026-01-02T14:53:36.024+0000] {logging_mixin.py:188} INFO - [2026-01-02T14:53:36.024+0000] {dag.py:3047} INFO - Sync 1 DAGs
[2026-01-02T14:53:36.068+0000] {logging_mixin.py:188} INFO - [2026-01-02T14:53:36.068+0000] {dag.py:3834} INFO - Setting next_dagrun for prediction_dag to 2026-01-02 14:52:00+00:00, run_after=2026-01-02 14:54:00+00:00
[2026-01-02T14:53:36.090+0000] {processor.py:183} INFO - Processing /opt/airflow/dags/prediction_dag.py took 0.185 seconds
[2026-01-02T14:54:06.455+0000] {processor.py:161} INFO - Started process (PID=7077) to work on /opt/airflow/dags/prediction_dag.py
[2026-01-02T14:54:06.457+0000] {processor.py:830} INFO - Processing file /opt/airflow/dags/prediction_dag.py for tasks to queue
[2026-01-02T14:54:06.458+0000] {logging_mixin.py:188} INFO - [2026-01-02T14:54:06.457+0000] {dagbag.py:540} INFO - Filling up the DagBag from /opt/airflow/dags/prediction_dag.py
[2026-01-02T14:54:06.481+0000] {processor.py:840} INFO - DAG(s) 'prediction_dag' retrieved from /opt/airflow/dags/prediction_dag.py
[2026-01-02T14:54:06.517+0000] {logging_mixin.py:188} INFO - [2026-01-02T14:54:06.516+0000] {dag.py:3047} INFO - Sync 1 DAGs
[2026-01-02T14:54:06.535+0000] {logging_mixin.py:188} INFO - [2026-01-02T14:54:06.535+0000] {dag.py:3834} INFO - Setting next_dagrun for prediction_dag to 2026-01-02 14:54:00+00:00, run_after=2026-01-02 14:56:00+00:00
[2026-01-02T14:54:06.549+0000] {processor.py:183} INFO - Processing /opt/airflow/dags/prediction_dag.py took 0.101 seconds
[2026-01-02T14:54:36.901+0000] {processor.py:161} INFO - Started process (PID=7137) to work on /opt/airflow/dags/prediction_dag.py
[2026-01-02T14:54:36.903+0000] {processor.py:830} INFO - Processing file /opt/airflow/dags/prediction_dag.py for tasks to queue
[2026-01-02T14:54:36.905+0000] {logging_mixin.py:188} INFO - [2026-01-02T14:54:36.904+0000] {dagbag.py:540} INFO - Filling up the DagBag from /opt/airflow/dags/prediction_dag.py
[2026-01-02T14:54:36.941+0000] {processor.py:840} INFO - DAG(s) 'prediction_dag' retrieved from /opt/airflow/dags/prediction_dag.py
[2026-01-02T14:54:36.989+0000] {logging_mixin.py:188} INFO - [2026-01-02T14:54:36.989+0000] {dag.py:3047} INFO - Sync 1 DAGs
[2026-01-02T14:54:37.019+0000] {logging_mixin.py:188} INFO - [2026-01-02T14:54:37.019+0000] {dag.py:3834} INFO - Setting next_dagrun for prediction_dag to 2026-01-02 14:54:00+00:00, run_after=2026-01-02 14:56:00+00:00
[2026-01-02T14:54:37.035+0000] {processor.py:183} INFO - Processing /opt/airflow/dags/prediction_dag.py took 0.143 seconds
[2026-01-02T14:55:07.187+0000] {processor.py:161} INFO - Started process (PID=7176) to work on /opt/airflow/dags/prediction_dag.py
[2026-01-02T14:55:07.190+0000] {processor.py:830} INFO - Processing file /opt/airflow/dags/prediction_dag.py for tasks to queue
[2026-01-02T14:55:07.193+0000] {logging_mixin.py:188} INFO - [2026-01-02T14:55:07.192+0000] {dagbag.py:540} INFO - Filling up the DagBag from /opt/airflow/dags/prediction_dag.py
[2026-01-02T14:55:07.222+0000] {processor.py:840} INFO - DAG(s) 'prediction_dag' retrieved from /opt/airflow/dags/prediction_dag.py
[2026-01-02T14:55:07.265+0000] {logging_mixin.py:188} INFO - [2026-01-02T14:55:07.265+0000] {dag.py:3047} INFO - Sync 1 DAGs
[2026-01-02T14:55:07.287+0000] {logging_mixin.py:188} INFO - [2026-01-02T14:55:07.287+0000] {dag.py:3834} INFO - Setting next_dagrun for prediction_dag to 2026-01-02 14:54:00+00:00, run_after=2026-01-02 14:56:00+00:00
[2026-01-02T14:55:07.299+0000] {processor.py:183} INFO - Processing /opt/airflow/dags/prediction_dag.py took 0.119 seconds
[2026-01-02T14:55:37.506+0000] {processor.py:161} INFO - Started process (PID=7235) to work on /opt/airflow/dags/prediction_dag.py
[2026-01-02T14:55:37.508+0000] {processor.py:830} INFO - Processing file /opt/airflow/dags/prediction_dag.py for tasks to queue
[2026-01-02T14:55:37.509+0000] {logging_mixin.py:188} INFO - [2026-01-02T14:55:37.508+0000] {dagbag.py:540} INFO - Filling up the DagBag from /opt/airflow/dags/prediction_dag.py
[2026-01-02T14:55:37.548+0000] {processor.py:840} INFO - DAG(s) 'prediction_dag' retrieved from /opt/airflow/dags/prediction_dag.py
[2026-01-02T14:55:37.603+0000] {logging_mixin.py:188} INFO - [2026-01-02T14:55:37.603+0000] {dag.py:3047} INFO - Sync 1 DAGs
[2026-01-02T14:55:37.637+0000] {logging_mixin.py:188} INFO - [2026-01-02T14:55:37.637+0000] {dag.py:3834} INFO - Setting next_dagrun for prediction_dag to 2026-01-02 14:54:00+00:00, run_after=2026-01-02 14:56:00+00:00
[2026-01-02T14:55:37.653+0000] {processor.py:183} INFO - Processing /opt/airflow/dags/prediction_dag.py took 0.160 seconds
[2026-01-02T14:56:07.751+0000] {processor.py:161} INFO - Started process (PID=7291) to work on /opt/airflow/dags/prediction_dag.py
[2026-01-02T14:56:07.752+0000] {processor.py:830} INFO - Processing file /opt/airflow/dags/prediction_dag.py for tasks to queue
[2026-01-02T14:56:07.753+0000] {logging_mixin.py:188} INFO - [2026-01-02T14:56:07.753+0000] {dagbag.py:540} INFO - Filling up the DagBag from /opt/airflow/dags/prediction_dag.py
[2026-01-02T14:56:07.782+0000] {processor.py:840} INFO - DAG(s) 'prediction_dag' retrieved from /opt/airflow/dags/prediction_dag.py
[2026-01-02T14:56:07.811+0000] {logging_mixin.py:188} INFO - [2026-01-02T14:56:07.811+0000] {dag.py:3047} INFO - Sync 1 DAGs
[2026-01-02T14:56:07.835+0000] {logging_mixin.py:188} INFO - [2026-01-02T14:56:07.834+0000] {dag.py:3834} INFO - Setting next_dagrun for prediction_dag to 2026-01-02 14:56:00+00:00, run_after=2026-01-02 14:58:00+00:00
[2026-01-02T14:56:07.846+0000] {processor.py:183} INFO - Processing /opt/airflow/dags/prediction_dag.py took 0.099 seconds
[2026-01-02T14:56:38.315+0000] {processor.py:161} INFO - Started process (PID=7339) to work on /opt/airflow/dags/prediction_dag.py
[2026-01-02T14:56:38.319+0000] {processor.py:830} INFO - Processing file /opt/airflow/dags/prediction_dag.py for tasks to queue
[2026-01-02T14:56:38.321+0000] {logging_mixin.py:188} INFO - [2026-01-02T14:56:38.320+0000] {dagbag.py:540} INFO - Filling up the DagBag from /opt/airflow/dags/prediction_dag.py
[2026-01-02T14:56:38.363+0000] {processor.py:840} INFO - DAG(s) 'prediction_dag' retrieved from /opt/airflow/dags/prediction_dag.py
[2026-01-02T14:56:38.415+0000] {logging_mixin.py:188} INFO - [2026-01-02T14:56:38.415+0000] {dag.py:3047} INFO - Sync 1 DAGs
[2026-01-02T14:56:38.445+0000] {logging_mixin.py:188} INFO - [2026-01-02T14:56:38.445+0000] {dag.py:3834} INFO - Setting next_dagrun for prediction_dag to 2026-01-02 14:56:00+00:00, run_after=2026-01-02 14:58:00+00:00
[2026-01-02T14:56:38.459+0000] {processor.py:183} INFO - Processing /opt/airflow/dags/prediction_dag.py took 0.156 seconds
[2026-01-02T14:57:08.836+0000] {processor.py:161} INFO - Started process (PID=7386) to work on /opt/airflow/dags/prediction_dag.py
[2026-01-02T14:57:08.838+0000] {processor.py:830} INFO - Processing file /opt/airflow/dags/prediction_dag.py for tasks to queue
[2026-01-02T14:57:08.838+0000] {logging_mixin.py:188} INFO - [2026-01-02T14:57:08.838+0000] {dagbag.py:540} INFO - Filling up the DagBag from /opt/airflow/dags/prediction_dag.py
[2026-01-02T14:57:08.881+0000] {processor.py:840} INFO - DAG(s) 'prediction_dag' retrieved from /opt/airflow/dags/prediction_dag.py
[2026-01-02T14:57:08.923+0000] {logging_mixin.py:188} INFO - [2026-01-02T14:57:08.922+0000] {dag.py:3047} INFO - Sync 1 DAGs
[2026-01-02T14:57:08.949+0000] {logging_mixin.py:188} INFO - [2026-01-02T14:57:08.949+0000] {dag.py:3834} INFO - Setting next_dagrun for prediction_dag to 2026-01-02 14:56:00+00:00, run_after=2026-01-02 14:58:00+00:00
[2026-01-02T14:57:08.971+0000] {processor.py:183} INFO - Processing /opt/airflow/dags/prediction_dag.py took 0.139 seconds
[2026-01-02T14:57:39.109+0000] {processor.py:161} INFO - Started process (PID=7437) to work on /opt/airflow/dags/prediction_dag.py
[2026-01-02T14:57:39.111+0000] {processor.py:830} INFO - Processing file /opt/airflow/dags/prediction_dag.py for tasks to queue
[2026-01-02T14:57:39.113+0000] {logging_mixin.py:188} INFO - [2026-01-02T14:57:39.112+0000] {dagbag.py:540} INFO - Filling up the DagBag from /opt/airflow/dags/prediction_dag.py
[2026-01-02T14:57:39.150+0000] {processor.py:840} INFO - DAG(s) 'prediction_dag' retrieved from /opt/airflow/dags/prediction_dag.py
[2026-01-02T14:57:39.202+0000] {logging_mixin.py:188} INFO - [2026-01-02T14:57:39.202+0000] {dag.py:3047} INFO - Sync 1 DAGs
[2026-01-02T14:57:39.234+0000] {logging_mixin.py:188} INFO - [2026-01-02T14:57:39.234+0000] {dag.py:3834} INFO - Setting next_dagrun for prediction_dag to 2026-01-02 14:56:00+00:00, run_after=2026-01-02 14:58:00+00:00
[2026-01-02T14:57:39.253+0000] {processor.py:183} INFO - Processing /opt/airflow/dags/prediction_dag.py took 0.154 seconds
[2026-01-02T14:58:09.504+0000] {processor.py:161} INFO - Started process (PID=7496) to work on /opt/airflow/dags/prediction_dag.py
[2026-01-02T14:58:09.507+0000] {processor.py:830} INFO - Processing file /opt/airflow/dags/prediction_dag.py for tasks to queue
[2026-01-02T14:58:09.510+0000] {logging_mixin.py:188} INFO - [2026-01-02T14:58:09.509+0000] {dagbag.py:540} INFO - Filling up the DagBag from /opt/airflow/dags/prediction_dag.py
[2026-01-02T14:58:09.536+0000] {processor.py:840} INFO - DAG(s) 'prediction_dag' retrieved from /opt/airflow/dags/prediction_dag.py
[2026-01-02T14:58:09.577+0000] {logging_mixin.py:188} INFO - [2026-01-02T14:58:09.576+0000] {dag.py:3047} INFO - Sync 1 DAGs
[2026-01-02T14:58:09.610+0000] {logging_mixin.py:188} INFO - [2026-01-02T14:58:09.609+0000] {dag.py:3834} INFO - Setting next_dagrun for prediction_dag to 2026-01-02 14:58:00+00:00, run_after=2026-01-02 15:00:00+00:00
[2026-01-02T14:58:09.627+0000] {processor.py:183} INFO - Processing /opt/airflow/dags/prediction_dag.py took 0.130 seconds
[2026-01-02T14:58:39.993+0000] {processor.py:161} INFO - Started process (PID=7541) to work on /opt/airflow/dags/prediction_dag.py
[2026-01-02T14:58:39.997+0000] {processor.py:830} INFO - Processing file /opt/airflow/dags/prediction_dag.py for tasks to queue
[2026-01-02T14:58:39.999+0000] {logging_mixin.py:188} INFO - [2026-01-02T14:58:39.998+0000] {dagbag.py:540} INFO - Filling up the DagBag from /opt/airflow/dags/prediction_dag.py
[2026-01-02T14:58:40.039+0000] {processor.py:840} INFO - DAG(s) 'prediction_dag' retrieved from /opt/airflow/dags/prediction_dag.py
[2026-01-02T14:58:40.100+0000] {logging_mixin.py:188} INFO - [2026-01-02T14:58:40.100+0000] {dag.py:3047} INFO - Sync 1 DAGs
[2026-01-02T14:58:40.128+0000] {logging_mixin.py:188} INFO - [2026-01-02T14:58:40.128+0000] {dag.py:3834} INFO - Setting next_dagrun for prediction_dag to 2026-01-02 14:58:00+00:00, run_after=2026-01-02 15:00:00+00:00
[2026-01-02T14:58:40.142+0000] {processor.py:183} INFO - Processing /opt/airflow/dags/prediction_dag.py took 0.157 seconds
[2026-01-02T14:59:10.444+0000] {processor.py:161} INFO - Started process (PID=7591) to work on /opt/airflow/dags/prediction_dag.py
[2026-01-02T14:59:10.445+0000] {processor.py:830} INFO - Processing file /opt/airflow/dags/prediction_dag.py for tasks to queue
[2026-01-02T14:59:10.446+0000] {logging_mixin.py:188} INFO - [2026-01-02T14:59:10.446+0000] {dagbag.py:540} INFO - Filling up the DagBag from /opt/airflow/dags/prediction_dag.py
[2026-01-02T14:59:10.471+0000] {processor.py:840} INFO - DAG(s) 'prediction_dag' retrieved from /opt/airflow/dags/prediction_dag.py
[2026-01-02T14:59:10.508+0000] {logging_mixin.py:188} INFO - [2026-01-02T14:59:10.508+0000] {dag.py:3047} INFO - Sync 1 DAGs
[2026-01-02T14:59:10.526+0000] {logging_mixin.py:188} INFO - [2026-01-02T14:59:10.526+0000] {dag.py:3834} INFO - Setting next_dagrun for prediction_dag to 2026-01-02 14:58:00+00:00, run_after=2026-01-02 15:00:00+00:00
[2026-01-02T14:59:10.549+0000] {processor.py:183} INFO - Processing /opt/airflow/dags/prediction_dag.py took 0.111 seconds
[2026-01-02T14:59:40.946+0000] {processor.py:161} INFO - Started process (PID=7629) to work on /opt/airflow/dags/prediction_dag.py
[2026-01-02T14:59:40.953+0000] {processor.py:830} INFO - Processing file /opt/airflow/dags/prediction_dag.py for tasks to queue
[2026-01-02T14:59:40.955+0000] {logging_mixin.py:188} INFO - [2026-01-02T14:59:40.954+0000] {dagbag.py:540} INFO - Filling up the DagBag from /opt/airflow/dags/prediction_dag.py
[2026-01-02T14:59:40.989+0000] {processor.py:840} INFO - DAG(s) 'prediction_dag' retrieved from /opt/airflow/dags/prediction_dag.py
[2026-01-02T14:59:41.060+0000] {logging_mixin.py:188} INFO - [2026-01-02T14:59:41.060+0000] {dag.py:3047} INFO - Sync 1 DAGs
[2026-01-02T14:59:41.102+0000] {logging_mixin.py:188} INFO - [2026-01-02T14:59:41.102+0000] {dag.py:3834} INFO - Setting next_dagrun for prediction_dag to 2026-01-02 14:58:00+00:00, run_after=2026-01-02 15:00:00+00:00
[2026-01-02T14:59:41.122+0000] {processor.py:183} INFO - Processing /opt/airflow/dags/prediction_dag.py took 0.184 seconds
[2026-01-02T15:00:11.477+0000] {processor.py:161} INFO - Started process (PID=7682) to work on /opt/airflow/dags/prediction_dag.py
[2026-01-02T15:00:11.480+0000] {processor.py:830} INFO - Processing file /opt/airflow/dags/prediction_dag.py for tasks to queue
[2026-01-02T15:00:11.481+0000] {logging_mixin.py:188} INFO - [2026-01-02T15:00:11.480+0000] {dagbag.py:540} INFO - Filling up the DagBag from /opt/airflow/dags/prediction_dag.py
[2026-01-02T15:00:11.517+0000] {processor.py:840} INFO - DAG(s) 'prediction_dag' retrieved from /opt/airflow/dags/prediction_dag.py
[2026-01-02T15:00:11.573+0000] {logging_mixin.py:188} INFO - [2026-01-02T15:00:11.572+0000] {dag.py:3047} INFO - Sync 1 DAGs
[2026-01-02T15:00:11.619+0000] {logging_mixin.py:188} INFO - [2026-01-02T15:00:11.619+0000] {dag.py:3834} INFO - Setting next_dagrun for prediction_dag to 2026-01-02 15:00:00+00:00, run_after=2026-01-02 15:02:00+00:00
[2026-01-02T15:00:11.683+0000] {processor.py:183} INFO - Processing /opt/airflow/dags/prediction_dag.py took 0.212 seconds
[2026-01-02T15:00:42.076+0000] {processor.py:161} INFO - Started process (PID=7730) to work on /opt/airflow/dags/prediction_dag.py
[2026-01-02T15:00:42.079+0000] {processor.py:830} INFO - Processing file /opt/airflow/dags/prediction_dag.py for tasks to queue
[2026-01-02T15:00:42.082+0000] {logging_mixin.py:188} INFO - [2026-01-02T15:00:42.080+0000] {dagbag.py:540} INFO - Filling up the DagBag from /opt/airflow/dags/prediction_dag.py
[2026-01-02T15:00:42.132+0000] {processor.py:840} INFO - DAG(s) 'prediction_dag' retrieved from /opt/airflow/dags/prediction_dag.py
[2026-01-02T15:00:42.198+0000] {logging_mixin.py:188} INFO - [2026-01-02T15:00:42.198+0000] {dag.py:3047} INFO - Sync 1 DAGs
[2026-01-02T15:00:42.232+0000] {logging_mixin.py:188} INFO - [2026-01-02T15:00:42.232+0000] {dag.py:3834} INFO - Setting next_dagrun for prediction_dag to 2026-01-02 15:00:00+00:00, run_after=2026-01-02 15:02:00+00:00
[2026-01-02T15:00:42.250+0000] {processor.py:183} INFO - Processing /opt/airflow/dags/prediction_dag.py took 0.193 seconds
[2026-01-02T15:01:12.313+0000] {processor.py:161} INFO - Started process (PID=7810) to work on /opt/airflow/dags/prediction_dag.py
[2026-01-02T15:01:12.315+0000] {processor.py:830} INFO - Processing file /opt/airflow/dags/prediction_dag.py for tasks to queue
[2026-01-02T15:01:12.316+0000] {logging_mixin.py:188} INFO - [2026-01-02T15:01:12.315+0000] {dagbag.py:540} INFO - Filling up the DagBag from /opt/airflow/dags/prediction_dag.py
[2026-01-02T15:01:12.337+0000] {processor.py:840} INFO - DAG(s) 'prediction_dag' retrieved from /opt/airflow/dags/prediction_dag.py
[2026-01-02T15:01:12.386+0000] {logging_mixin.py:188} INFO - [2026-01-02T15:01:12.386+0000] {dag.py:3047} INFO - Sync 1 DAGs
[2026-01-02T15:01:12.411+0000] {logging_mixin.py:188} INFO - [2026-01-02T15:01:12.411+0000] {dag.py:3834} INFO - Setting next_dagrun for prediction_dag to 2026-01-02 15:00:00+00:00, run_after=2026-01-02 15:02:00+00:00
[2026-01-02T15:01:12.430+0000] {processor.py:183} INFO - Processing /opt/airflow/dags/prediction_dag.py took 0.124 seconds
[2026-01-02T15:01:42.795+0000] {processor.py:161} INFO - Started process (PID=7828) to work on /opt/airflow/dags/prediction_dag.py
[2026-01-02T15:01:42.797+0000] {processor.py:830} INFO - Processing file /opt/airflow/dags/prediction_dag.py for tasks to queue
[2026-01-02T15:01:42.798+0000] {logging_mixin.py:188} INFO - [2026-01-02T15:01:42.798+0000] {dagbag.py:540} INFO - Filling up the DagBag from /opt/airflow/dags/prediction_dag.py
[2026-01-02T15:01:42.828+0000] {processor.py:840} INFO - DAG(s) 'prediction_dag' retrieved from /opt/airflow/dags/prediction_dag.py
[2026-01-02T15:01:42.882+0000] {logging_mixin.py:188} INFO - [2026-01-02T15:01:42.882+0000] {dag.py:3047} INFO - Sync 1 DAGs
[2026-01-02T15:01:42.908+0000] {logging_mixin.py:188} INFO - [2026-01-02T15:01:42.908+0000] {dag.py:3834} INFO - Setting next_dagrun for prediction_dag to 2026-01-02 15:00:00+00:00, run_after=2026-01-02 15:02:00+00:00
[2026-01-02T15:01:42.928+0000] {processor.py:183} INFO - Processing /opt/airflow/dags/prediction_dag.py took 0.142 seconds
[2026-01-02T15:02:13.232+0000] {processor.py:161} INFO - Started process (PID=7914) to work on /opt/airflow/dags/prediction_dag.py
[2026-01-02T15:02:13.238+0000] {processor.py:830} INFO - Processing file /opt/airflow/dags/prediction_dag.py for tasks to queue
[2026-01-02T15:02:13.240+0000] {logging_mixin.py:188} INFO - [2026-01-02T15:02:13.239+0000] {dagbag.py:540} INFO - Filling up the DagBag from /opt/airflow/dags/prediction_dag.py
[2026-01-02T15:02:13.272+0000] {processor.py:840} INFO - DAG(s) 'prediction_dag' retrieved from /opt/airflow/dags/prediction_dag.py
[2026-01-02T15:02:13.305+0000] {logging_mixin.py:188} INFO - [2026-01-02T15:02:13.305+0000] {dag.py:3047} INFO - Sync 1 DAGs
[2026-01-02T15:02:13.329+0000] {logging_mixin.py:188} INFO - [2026-01-02T15:02:13.329+0000] {dag.py:3834} INFO - Setting next_dagrun for prediction_dag to 2026-01-02 15:02:00+00:00, run_after=2026-01-02 15:04:00+00:00
[2026-01-02T15:02:13.344+0000] {processor.py:183} INFO - Processing /opt/airflow/dags/prediction_dag.py took 0.125 seconds
[2026-01-02T15:02:43.730+0000] {processor.py:161} INFO - Started process (PID=7932) to work on /opt/airflow/dags/prediction_dag.py
[2026-01-02T15:02:43.732+0000] {processor.py:830} INFO - Processing file /opt/airflow/dags/prediction_dag.py for tasks to queue
[2026-01-02T15:02:43.734+0000] {logging_mixin.py:188} INFO - [2026-01-02T15:02:43.733+0000] {dagbag.py:540} INFO - Filling up the DagBag from /opt/airflow/dags/prediction_dag.py
[2026-01-02T15:02:43.775+0000] {processor.py:840} INFO - DAG(s) 'prediction_dag' retrieved from /opt/airflow/dags/prediction_dag.py
[2026-01-02T15:02:43.825+0000] {logging_mixin.py:188} INFO - [2026-01-02T15:02:43.825+0000] {dag.py:3047} INFO - Sync 1 DAGs
[2026-01-02T15:02:43.850+0000] {logging_mixin.py:188} INFO - [2026-01-02T15:02:43.850+0000] {dag.py:3834} INFO - Setting next_dagrun for prediction_dag to 2026-01-02 15:02:00+00:00, run_after=2026-01-02 15:04:00+00:00
[2026-01-02T15:02:43.870+0000] {processor.py:183} INFO - Processing /opt/airflow/dags/prediction_dag.py took 0.153 seconds
[2026-01-02T15:03:14.224+0000] {processor.py:161} INFO - Started process (PID=8012) to work on /opt/airflow/dags/prediction_dag.py
[2026-01-02T15:03:14.226+0000] {processor.py:830} INFO - Processing file /opt/airflow/dags/prediction_dag.py for tasks to queue
[2026-01-02T15:03:14.227+0000] {logging_mixin.py:188} INFO - [2026-01-02T15:03:14.227+0000] {dagbag.py:540} INFO - Filling up the DagBag from /opt/airflow/dags/prediction_dag.py
[2026-01-02T15:03:14.253+0000] {processor.py:840} INFO - DAG(s) 'prediction_dag' retrieved from /opt/airflow/dags/prediction_dag.py
[2026-01-02T15:03:14.299+0000] {logging_mixin.py:188} INFO - [2026-01-02T15:03:14.299+0000] {dag.py:3047} INFO - Sync 1 DAGs
[2026-01-02T15:03:14.326+0000] {logging_mixin.py:188} INFO - [2026-01-02T15:03:14.326+0000] {dag.py:3834} INFO - Setting next_dagrun for prediction_dag to 2026-01-02 15:02:00+00:00, run_after=2026-01-02 15:04:00+00:00
[2026-01-02T15:03:14.341+0000] {processor.py:183} INFO - Processing /opt/airflow/dags/prediction_dag.py took 0.127 seconds
[2026-01-02T15:03:44.800+0000] {processor.py:161} INFO - Started process (PID=8030) to work on /opt/airflow/dags/prediction_dag.py
[2026-01-02T15:03:44.803+0000] {processor.py:830} INFO - Processing file /opt/airflow/dags/prediction_dag.py for tasks to queue
[2026-01-02T15:03:44.804+0000] {logging_mixin.py:188} INFO - [2026-01-02T15:03:44.803+0000] {dagbag.py:540} INFO - Filling up the DagBag from /opt/airflow/dags/prediction_dag.py
[2026-01-02T15:03:44.836+0000] {processor.py:840} INFO - DAG(s) 'prediction_dag' retrieved from /opt/airflow/dags/prediction_dag.py
[2026-01-02T15:03:44.875+0000] {logging_mixin.py:188} INFO - [2026-01-02T15:03:44.874+0000] {dag.py:3047} INFO - Sync 1 DAGs
[2026-01-02T15:03:44.902+0000] {logging_mixin.py:188} INFO - [2026-01-02T15:03:44.902+0000] {dag.py:3834} INFO - Setting next_dagrun for prediction_dag to 2026-01-02 15:02:00+00:00, run_after=2026-01-02 15:04:00+00:00
[2026-01-02T15:03:44.915+0000] {processor.py:183} INFO - Processing /opt/airflow/dags/prediction_dag.py took 0.131 seconds
[2026-01-02T15:04:15.215+0000] {processor.py:161} INFO - Started process (PID=8116) to work on /opt/airflow/dags/prediction_dag.py
[2026-01-02T15:04:15.217+0000] {processor.py:830} INFO - Processing file /opt/airflow/dags/prediction_dag.py for tasks to queue
[2026-01-02T15:04:15.221+0000] {logging_mixin.py:188} INFO - [2026-01-02T15:04:15.219+0000] {dagbag.py:540} INFO - Filling up the DagBag from /opt/airflow/dags/prediction_dag.py
[2026-01-02T15:04:15.255+0000] {processor.py:840} INFO - DAG(s) 'prediction_dag' retrieved from /opt/airflow/dags/prediction_dag.py
[2026-01-02T15:04:15.293+0000] {logging_mixin.py:188} INFO - [2026-01-02T15:04:15.293+0000] {dag.py:3047} INFO - Sync 1 DAGs
[2026-01-02T15:04:15.317+0000] {logging_mixin.py:188} INFO - [2026-01-02T15:04:15.317+0000] {dag.py:3834} INFO - Setting next_dagrun for prediction_dag to 2026-01-02 15:04:00+00:00, run_after=2026-01-02 15:06:00+00:00
[2026-01-02T15:04:15.329+0000] {processor.py:183} INFO - Processing /opt/airflow/dags/prediction_dag.py took 0.121 seconds
[2026-01-02T15:04:45.648+0000] {processor.py:161} INFO - Started process (PID=8134) to work on /opt/airflow/dags/prediction_dag.py
[2026-01-02T15:04:45.651+0000] {processor.py:830} INFO - Processing file /opt/airflow/dags/prediction_dag.py for tasks to queue
[2026-01-02T15:04:45.652+0000] {logging_mixin.py:188} INFO - [2026-01-02T15:04:45.652+0000] {dagbag.py:540} INFO - Filling up the DagBag from /opt/airflow/dags/prediction_dag.py
[2026-01-02T15:04:45.685+0000] {processor.py:840} INFO - DAG(s) 'prediction_dag' retrieved from /opt/airflow/dags/prediction_dag.py
[2026-01-02T15:04:45.735+0000] {logging_mixin.py:188} INFO - [2026-01-02T15:04:45.735+0000] {dag.py:3047} INFO - Sync 1 DAGs
[2026-01-02T15:04:45.765+0000] {logging_mixin.py:188} INFO - [2026-01-02T15:04:45.765+0000] {dag.py:3834} INFO - Setting next_dagrun for prediction_dag to 2026-01-02 15:04:00+00:00, run_after=2026-01-02 15:06:00+00:00
[2026-01-02T15:04:45.780+0000] {processor.py:183} INFO - Processing /opt/airflow/dags/prediction_dag.py took 0.145 seconds
[2026-01-02T15:05:16.122+0000] {processor.py:161} INFO - Started process (PID=8214) to work on /opt/airflow/dags/prediction_dag.py
[2026-01-02T15:05:16.125+0000] {processor.py:830} INFO - Processing file /opt/airflow/dags/prediction_dag.py for tasks to queue
[2026-01-02T15:05:16.127+0000] {logging_mixin.py:188} INFO - [2026-01-02T15:05:16.126+0000] {dagbag.py:540} INFO - Filling up the DagBag from /opt/airflow/dags/prediction_dag.py
[2026-01-02T15:05:16.171+0000] {processor.py:840} INFO - DAG(s) 'prediction_dag' retrieved from /opt/airflow/dags/prediction_dag.py
[2026-01-02T15:05:16.219+0000] {logging_mixin.py:188} INFO - [2026-01-02T15:05:16.219+0000] {dag.py:3047} INFO - Sync 1 DAGs
[2026-01-02T15:05:16.246+0000] {logging_mixin.py:188} INFO - [2026-01-02T15:05:16.246+0000] {dag.py:3834} INFO - Setting next_dagrun for prediction_dag to 2026-01-02 15:04:00+00:00, run_after=2026-01-02 15:06:00+00:00
[2026-01-02T15:05:16.261+0000] {processor.py:183} INFO - Processing /opt/airflow/dags/prediction_dag.py took 0.154 seconds
[2026-01-02T15:05:46.619+0000] {processor.py:161} INFO - Started process (PID=8232) to work on /opt/airflow/dags/prediction_dag.py
[2026-01-02T15:05:46.621+0000] {processor.py:830} INFO - Processing file /opt/airflow/dags/prediction_dag.py for tasks to queue
[2026-01-02T15:05:46.623+0000] {logging_mixin.py:188} INFO - [2026-01-02T15:05:46.622+0000] {dagbag.py:540} INFO - Filling up the DagBag from /opt/airflow/dags/prediction_dag.py
[2026-01-02T15:05:46.647+0000] {processor.py:840} INFO - DAG(s) 'prediction_dag' retrieved from /opt/airflow/dags/prediction_dag.py
[2026-01-02T15:05:46.684+0000] {logging_mixin.py:188} INFO - [2026-01-02T15:05:46.684+0000] {dag.py:3047} INFO - Sync 1 DAGs
[2026-01-02T15:05:46.704+0000] {logging_mixin.py:188} INFO - [2026-01-02T15:05:46.703+0000] {dag.py:3834} INFO - Setting next_dagrun for prediction_dag to 2026-01-02 15:04:00+00:00, run_after=2026-01-02 15:06:00+00:00
[2026-01-02T15:05:46.720+0000] {processor.py:183} INFO - Processing /opt/airflow/dags/prediction_dag.py took 0.110 seconds
[2026-01-02T15:06:17.571+0000] {processor.py:161} INFO - Started process (PID=8305) to work on /opt/airflow/dags/prediction_dag.py
[2026-01-02T15:06:17.581+0000] {processor.py:830} INFO - Processing file /opt/airflow/dags/prediction_dag.py for tasks to queue
[2026-01-02T15:06:17.596+0000] {logging_mixin.py:188} INFO - [2026-01-02T15:06:17.591+0000] {dagbag.py:540} INFO - Filling up the DagBag from /opt/airflow/dags/prediction_dag.py
[2026-01-02T15:06:17.756+0000] {processor.py:840} INFO - DAG(s) 'prediction_dag' retrieved from /opt/airflow/dags/prediction_dag.py
[2026-01-02T15:06:17.964+0000] {logging_mixin.py:188} INFO - [2026-01-02T15:06:17.962+0000] {dag.py:3047} INFO - Sync 1 DAGs
[2026-01-02T15:06:18.129+0000] {logging_mixin.py:188} INFO - [2026-01-02T15:06:18.128+0000] {dag.py:3834} INFO - Setting next_dagrun for prediction_dag to 2026-01-02 15:06:00+00:00, run_after=2026-01-02 15:08:00+00:00
[2026-01-02T15:06:18.287+0000] {processor.py:183} INFO - Processing /opt/airflow/dags/prediction_dag.py took 0.768 seconds
[2026-01-02T15:06:49.032+0000] {processor.py:161} INFO - Started process (PID=8323) to work on /opt/airflow/dags/prediction_dag.py
[2026-01-02T15:06:49.037+0000] {processor.py:830} INFO - Processing file /opt/airflow/dags/prediction_dag.py for tasks to queue
[2026-01-02T15:06:49.042+0000] {logging_mixin.py:188} INFO - [2026-01-02T15:06:49.038+0000] {dagbag.py:540} INFO - Filling up the DagBag from /opt/airflow/dags/prediction_dag.py
[2026-01-02T15:06:49.145+0000] {processor.py:840} INFO - DAG(s) 'prediction_dag' retrieved from /opt/airflow/dags/prediction_dag.py
[2026-01-02T15:06:49.266+0000] {logging_mixin.py:188} INFO - [2026-01-02T15:06:49.266+0000] {dag.py:3047} INFO - Sync 1 DAGs
[2026-01-02T15:06:49.314+0000] {logging_mixin.py:188} INFO - [2026-01-02T15:06:49.314+0000] {dag.py:3834} INFO - Setting next_dagrun for prediction_dag to 2026-01-02 15:06:00+00:00, run_after=2026-01-02 15:08:00+00:00
[2026-01-02T15:06:49.345+0000] {processor.py:183} INFO - Processing /opt/airflow/dags/prediction_dag.py took 0.349 seconds
[2026-01-02T15:07:19.954+0000] {processor.py:161} INFO - Started process (PID=8403) to work on /opt/airflow/dags/prediction_dag.py
[2026-01-02T15:07:19.956+0000] {processor.py:830} INFO - Processing file /opt/airflow/dags/prediction_dag.py for tasks to queue
[2026-01-02T15:07:19.958+0000] {logging_mixin.py:188} INFO - [2026-01-02T15:07:19.957+0000] {dagbag.py:540} INFO - Filling up the DagBag from /opt/airflow/dags/prediction_dag.py
[2026-01-02T15:07:20.002+0000] {processor.py:840} INFO - DAG(s) 'prediction_dag' retrieved from /opt/airflow/dags/prediction_dag.py
[2026-01-02T15:07:20.070+0000] {logging_mixin.py:188} INFO - [2026-01-02T15:07:20.070+0000] {dag.py:3047} INFO - Sync 1 DAGs
[2026-01-02T15:07:20.108+0000] {logging_mixin.py:188} INFO - [2026-01-02T15:07:20.108+0000] {dag.py:3834} INFO - Setting next_dagrun for prediction_dag to 2026-01-02 15:06:00+00:00, run_after=2026-01-02 15:08:00+00:00
[2026-01-02T15:07:20.127+0000] {processor.py:183} INFO - Processing /opt/airflow/dags/prediction_dag.py took 0.184 seconds
[2026-01-02T15:07:50.397+0000] {processor.py:161} INFO - Started process (PID=8421) to work on /opt/airflow/dags/prediction_dag.py
[2026-01-02T15:07:50.402+0000] {processor.py:830} INFO - Processing file /opt/airflow/dags/prediction_dag.py for tasks to queue
[2026-01-02T15:07:50.403+0000] {logging_mixin.py:188} INFO - [2026-01-02T15:07:50.403+0000] {dagbag.py:540} INFO - Filling up the DagBag from /opt/airflow/dags/prediction_dag.py
[2026-01-02T15:07:50.438+0000] {processor.py:840} INFO - DAG(s) 'prediction_dag' retrieved from /opt/airflow/dags/prediction_dag.py
[2026-01-02T15:07:50.500+0000] {logging_mixin.py:188} INFO - [2026-01-02T15:07:50.500+0000] {dag.py:3047} INFO - Sync 1 DAGs
[2026-01-02T15:07:50.525+0000] {logging_mixin.py:188} INFO - [2026-01-02T15:07:50.524+0000] {dag.py:3834} INFO - Setting next_dagrun for prediction_dag to 2026-01-02 15:06:00+00:00, run_after=2026-01-02 15:08:00+00:00
[2026-01-02T15:07:50.544+0000] {processor.py:183} INFO - Processing /opt/airflow/dags/prediction_dag.py took 0.157 seconds
[2026-01-02T15:08:20.870+0000] {processor.py:161} INFO - Started process (PID=8507) to work on /opt/airflow/dags/prediction_dag.py
[2026-01-02T15:08:20.879+0000] {processor.py:830} INFO - Processing file /opt/airflow/dags/prediction_dag.py for tasks to queue
[2026-01-02T15:08:20.880+0000] {logging_mixin.py:188} INFO - [2026-01-02T15:08:20.880+0000] {dagbag.py:540} INFO - Filling up the DagBag from /opt/airflow/dags/prediction_dag.py
[2026-01-02T15:08:20.919+0000] {processor.py:840} INFO - DAG(s) 'prediction_dag' retrieved from /opt/airflow/dags/prediction_dag.py
[2026-01-02T15:08:20.976+0000] {logging_mixin.py:188} INFO - [2026-01-02T15:08:20.976+0000] {dag.py:3047} INFO - Sync 1 DAGs
[2026-01-02T15:08:21.010+0000] {logging_mixin.py:188} INFO - [2026-01-02T15:08:21.010+0000] {dag.py:3834} INFO - Setting next_dagrun for prediction_dag to 2026-01-02 15:08:00+00:00, run_after=2026-01-02 15:10:00+00:00
[2026-01-02T15:08:21.028+0000] {processor.py:183} INFO - Processing /opt/airflow/dags/prediction_dag.py took 0.168 seconds
[2026-01-02T15:08:51.416+0000] {processor.py:161} INFO - Started process (PID=8525) to work on /opt/airflow/dags/prediction_dag.py
[2026-01-02T15:08:51.420+0000] {processor.py:830} INFO - Processing file /opt/airflow/dags/prediction_dag.py for tasks to queue
[2026-01-02T15:08:51.421+0000] {logging_mixin.py:188} INFO - [2026-01-02T15:08:51.421+0000] {dagbag.py:540} INFO - Filling up the DagBag from /opt/airflow/dags/prediction_dag.py
[2026-01-02T15:08:51.463+0000] {processor.py:840} INFO - DAG(s) 'prediction_dag' retrieved from /opt/airflow/dags/prediction_dag.py
[2026-01-02T15:08:51.532+0000] {logging_mixin.py:188} INFO - [2026-01-02T15:08:51.531+0000] {dag.py:3047} INFO - Sync 1 DAGs
[2026-01-02T15:08:51.559+0000] {logging_mixin.py:188} INFO - [2026-01-02T15:08:51.559+0000] {dag.py:3834} INFO - Setting next_dagrun for prediction_dag to 2026-01-02 15:08:00+00:00, run_after=2026-01-02 15:10:00+00:00
[2026-01-02T15:08:51.578+0000] {processor.py:183} INFO - Processing /opt/airflow/dags/prediction_dag.py took 0.182 seconds
[2026-01-02T15:09:21.699+0000] {processor.py:161} INFO - Started process (PID=8605) to work on /opt/airflow/dags/prediction_dag.py
[2026-01-02T15:09:21.704+0000] {processor.py:830} INFO - Processing file /opt/airflow/dags/prediction_dag.py for tasks to queue
[2026-01-02T15:09:21.706+0000] {logging_mixin.py:188} INFO - [2026-01-02T15:09:21.705+0000] {dagbag.py:540} INFO - Filling up the DagBag from /opt/airflow/dags/prediction_dag.py
[2026-01-02T15:09:21.743+0000] {processor.py:840} INFO - DAG(s) 'prediction_dag' retrieved from /opt/airflow/dags/prediction_dag.py
[2026-01-02T15:09:21.800+0000] {logging_mixin.py:188} INFO - [2026-01-02T15:09:21.799+0000] {dag.py:3047} INFO - Sync 1 DAGs
[2026-01-02T15:09:21.838+0000] {logging_mixin.py:188} INFO - [2026-01-02T15:09:21.838+0000] {dag.py:3834} INFO - Setting next_dagrun for prediction_dag to 2026-01-02 15:08:00+00:00, run_after=2026-01-02 15:10:00+00:00
[2026-01-02T15:09:21.852+0000] {processor.py:183} INFO - Processing /opt/airflow/dags/prediction_dag.py took 0.167 seconds
[2026-01-02T15:09:52.006+0000] {processor.py:161} INFO - Started process (PID=8623) to work on /opt/airflow/dags/prediction_dag.py
[2026-01-02T15:09:52.012+0000] {processor.py:830} INFO - Processing file /opt/airflow/dags/prediction_dag.py for tasks to queue
[2026-01-02T15:09:52.014+0000] {logging_mixin.py:188} INFO - [2026-01-02T15:09:52.013+0000] {dagbag.py:540} INFO - Filling up the DagBag from /opt/airflow/dags/prediction_dag.py
[2026-01-02T15:09:52.047+0000] {processor.py:840} INFO - DAG(s) 'prediction_dag' retrieved from /opt/airflow/dags/prediction_dag.py
[2026-01-02T15:09:52.100+0000] {logging_mixin.py:188} INFO - [2026-01-02T15:09:52.100+0000] {dag.py:3047} INFO - Sync 1 DAGs
[2026-01-02T15:09:52.133+0000] {logging_mixin.py:188} INFO - [2026-01-02T15:09:52.133+0000] {dag.py:3834} INFO - Setting next_dagrun for prediction_dag to 2026-01-02 15:08:00+00:00, run_after=2026-01-02 15:10:00+00:00
[2026-01-02T15:09:52.149+0000] {processor.py:183} INFO - Processing /opt/airflow/dags/prediction_dag.py took 0.158 seconds
[2026-01-02T15:10:22.462+0000] {processor.py:161} INFO - Started process (PID=8709) to work on /opt/airflow/dags/prediction_dag.py
[2026-01-02T15:10:22.465+0000] {processor.py:830} INFO - Processing file /opt/airflow/dags/prediction_dag.py for tasks to queue
[2026-01-02T15:10:22.466+0000] {logging_mixin.py:188} INFO - [2026-01-02T15:10:22.465+0000] {dagbag.py:540} INFO - Filling up the DagBag from /opt/airflow/dags/prediction_dag.py
[2026-01-02T15:10:22.499+0000] {processor.py:840} INFO - DAG(s) 'prediction_dag' retrieved from /opt/airflow/dags/prediction_dag.py
[2026-01-02T15:10:22.556+0000] {logging_mixin.py:188} INFO - [2026-01-02T15:10:22.555+0000] {dag.py:3047} INFO - Sync 1 DAGs
[2026-01-02T15:10:22.583+0000] {logging_mixin.py:188} INFO - [2026-01-02T15:10:22.583+0000] {dag.py:3834} INFO - Setting next_dagrun for prediction_dag to 2026-01-02 15:10:00+00:00, run_after=2026-01-02 15:12:00+00:00
[2026-01-02T15:10:22.602+0000] {processor.py:183} INFO - Processing /opt/airflow/dags/prediction_dag.py took 0.154 seconds
[2026-01-02T15:10:53.058+0000] {processor.py:161} INFO - Started process (PID=8727) to work on /opt/airflow/dags/prediction_dag.py
[2026-01-02T15:10:53.064+0000] {processor.py:830} INFO - Processing file /opt/airflow/dags/prediction_dag.py for tasks to queue
[2026-01-02T15:10:53.067+0000] {logging_mixin.py:188} INFO - [2026-01-02T15:10:53.066+0000] {dagbag.py:540} INFO - Filling up the DagBag from /opt/airflow/dags/prediction_dag.py
[2026-01-02T15:10:53.110+0000] {processor.py:840} INFO - DAG(s) 'prediction_dag' retrieved from /opt/airflow/dags/prediction_dag.py
[2026-01-02T15:10:53.166+0000] {logging_mixin.py:188} INFO - [2026-01-02T15:10:53.166+0000] {dag.py:3047} INFO - Sync 1 DAGs
[2026-01-02T15:10:53.194+0000] {logging_mixin.py:188} INFO - [2026-01-02T15:10:53.194+0000] {dag.py:3834} INFO - Setting next_dagrun for prediction_dag to 2026-01-02 15:10:00+00:00, run_after=2026-01-02 15:12:00+00:00
[2026-01-02T15:10:53.211+0000] {processor.py:183} INFO - Processing /opt/airflow/dags/prediction_dag.py took 0.165 seconds
[2026-01-02T15:11:23.567+0000] {processor.py:161} INFO - Started process (PID=8807) to work on /opt/airflow/dags/prediction_dag.py
[2026-01-02T15:11:23.569+0000] {processor.py:830} INFO - Processing file /opt/airflow/dags/prediction_dag.py for tasks to queue
[2026-01-02T15:11:23.571+0000] {logging_mixin.py:188} INFO - [2026-01-02T15:11:23.570+0000] {dagbag.py:540} INFO - Filling up the DagBag from /opt/airflow/dags/prediction_dag.py
[2026-01-02T15:11:23.609+0000] {processor.py:840} INFO - DAG(s) 'prediction_dag' retrieved from /opt/airflow/dags/prediction_dag.py
[2026-01-02T15:11:23.670+0000] {logging_mixin.py:188} INFO - [2026-01-02T15:11:23.670+0000] {dag.py:3047} INFO - Sync 1 DAGs
[2026-01-02T15:11:23.701+0000] {logging_mixin.py:188} INFO - [2026-01-02T15:11:23.701+0000] {dag.py:3834} INFO - Setting next_dagrun for prediction_dag to 2026-01-02 15:10:00+00:00, run_after=2026-01-02 15:12:00+00:00
[2026-01-02T15:11:23.720+0000] {processor.py:183} INFO - Processing /opt/airflow/dags/prediction_dag.py took 0.165 seconds
[2026-01-02T15:11:54.092+0000] {processor.py:161} INFO - Started process (PID=8825) to work on /opt/airflow/dags/prediction_dag.py
[2026-01-02T15:11:54.095+0000] {processor.py:830} INFO - Processing file /opt/airflow/dags/prediction_dag.py for tasks to queue
[2026-01-02T15:11:54.097+0000] {logging_mixin.py:188} INFO - [2026-01-02T15:11:54.096+0000] {dagbag.py:540} INFO - Filling up the DagBag from /opt/airflow/dags/prediction_dag.py
[2026-01-02T15:11:54.146+0000] {processor.py:840} INFO - DAG(s) 'prediction_dag' retrieved from /opt/airflow/dags/prediction_dag.py
[2026-01-02T15:11:54.193+0000] {logging_mixin.py:188} INFO - [2026-01-02T15:11:54.192+0000] {dag.py:3047} INFO - Sync 1 DAGs
[2026-01-02T15:11:54.223+0000] {logging_mixin.py:188} INFO - [2026-01-02T15:11:54.223+0000] {dag.py:3834} INFO - Setting next_dagrun for prediction_dag to 2026-01-02 15:10:00+00:00, run_after=2026-01-02 15:12:00+00:00
[2026-01-02T15:11:54.238+0000] {processor.py:183} INFO - Processing /opt/airflow/dags/prediction_dag.py took 0.157 seconds
[2026-01-02T15:12:24.545+0000] {processor.py:161} INFO - Started process (PID=8911) to work on /opt/airflow/dags/prediction_dag.py
[2026-01-02T15:12:24.547+0000] {processor.py:830} INFO - Processing file /opt/airflow/dags/prediction_dag.py for tasks to queue
[2026-01-02T15:12:24.549+0000] {logging_mixin.py:188} INFO - [2026-01-02T15:12:24.548+0000] {dagbag.py:540} INFO - Filling up the DagBag from /opt/airflow/dags/prediction_dag.py
[2026-01-02T15:12:24.569+0000] {processor.py:840} INFO - DAG(s) 'prediction_dag' retrieved from /opt/airflow/dags/prediction_dag.py
[2026-01-02T15:12:24.593+0000] {logging_mixin.py:188} INFO - [2026-01-02T15:12:24.593+0000] {dag.py:3047} INFO - Sync 1 DAGs
[2026-01-02T15:12:24.609+0000] {logging_mixin.py:188} INFO - [2026-01-02T15:12:24.609+0000] {dag.py:3834} INFO - Setting next_dagrun for prediction_dag to 2026-01-02 15:12:00+00:00, run_after=2026-01-02 15:14:00+00:00
[2026-01-02T15:12:24.618+0000] {processor.py:183} INFO - Processing /opt/airflow/dags/prediction_dag.py took 0.082 seconds
[2026-01-02T15:12:55.034+0000] {processor.py:161} INFO - Started process (PID=8929) to work on /opt/airflow/dags/prediction_dag.py
[2026-01-02T15:12:55.036+0000] {processor.py:830} INFO - Processing file /opt/airflow/dags/prediction_dag.py for tasks to queue
[2026-01-02T15:12:55.037+0000] {logging_mixin.py:188} INFO - [2026-01-02T15:12:55.037+0000] {dagbag.py:540} INFO - Filling up the DagBag from /opt/airflow/dags/prediction_dag.py
[2026-01-02T15:12:55.054+0000] {processor.py:840} INFO - DAG(s) 'prediction_dag' retrieved from /opt/airflow/dags/prediction_dag.py
[2026-01-02T15:12:55.080+0000] {logging_mixin.py:188} INFO - [2026-01-02T15:12:55.079+0000] {dag.py:3047} INFO - Sync 1 DAGs
[2026-01-02T15:12:55.099+0000] {logging_mixin.py:188} INFO - [2026-01-02T15:12:55.099+0000] {dag.py:3834} INFO - Setting next_dagrun for prediction_dag to 2026-01-02 15:12:00+00:00, run_after=2026-01-02 15:14:00+00:00
[2026-01-02T15:12:55.109+0000] {processor.py:183} INFO - Processing /opt/airflow/dags/prediction_dag.py took 0.081 seconds
[2026-01-02T15:13:25.535+0000] {processor.py:161} INFO - Started process (PID=8999) to work on /opt/airflow/dags/prediction_dag.py
[2026-01-02T15:13:25.536+0000] {processor.py:830} INFO - Processing file /opt/airflow/dags/prediction_dag.py for tasks to queue
[2026-01-02T15:13:25.537+0000] {logging_mixin.py:188} INFO - [2026-01-02T15:13:25.537+0000] {dagbag.py:540} INFO - Filling up the DagBag from /opt/airflow/dags/prediction_dag.py
[2026-01-02T15:13:25.577+0000] {processor.py:840} INFO - DAG(s) 'prediction_dag' retrieved from /opt/airflow/dags/prediction_dag.py
[2026-01-02T15:13:25.641+0000] {logging_mixin.py:188} INFO - [2026-01-02T15:13:25.641+0000] {dag.py:3047} INFO - Sync 1 DAGs
[2026-01-02T15:13:25.672+0000] {logging_mixin.py:188} INFO - [2026-01-02T15:13:25.672+0000] {dag.py:3834} INFO - Setting next_dagrun for prediction_dag to 2026-01-02 15:12:00+00:00, run_after=2026-01-02 15:14:00+00:00
[2026-01-02T15:13:25.694+0000] {processor.py:183} INFO - Processing /opt/airflow/dags/prediction_dag.py took 0.167 seconds
[2026-01-02T15:13:56.111+0000] {processor.py:161} INFO - Started process (PID=9014) to work on /opt/airflow/dags/prediction_dag.py
[2026-01-02T15:13:56.113+0000] {processor.py:830} INFO - Processing file /opt/airflow/dags/prediction_dag.py for tasks to queue
[2026-01-02T15:13:56.115+0000] {logging_mixin.py:188} INFO - [2026-01-02T15:13:56.114+0000] {dagbag.py:540} INFO - Filling up the DagBag from /opt/airflow/dags/prediction_dag.py
[2026-01-02T15:13:56.152+0000] {processor.py:840} INFO - DAG(s) 'prediction_dag' retrieved from /opt/airflow/dags/prediction_dag.py
[2026-01-02T15:13:56.201+0000] {logging_mixin.py:188} INFO - [2026-01-02T15:13:56.200+0000] {dag.py:3047} INFO - Sync 1 DAGs
[2026-01-02T15:13:56.232+0000] {logging_mixin.py:188} INFO - [2026-01-02T15:13:56.232+0000] {dag.py:3834} INFO - Setting next_dagrun for prediction_dag to 2026-01-02 15:12:00+00:00, run_after=2026-01-02 15:14:00+00:00
[2026-01-02T15:13:56.245+0000] {processor.py:183} INFO - Processing /opt/airflow/dags/prediction_dag.py took 0.146 seconds
[2026-01-02T15:14:26.359+0000] {processor.py:161} INFO - Started process (PID=9100) to work on /opt/airflow/dags/prediction_dag.py
[2026-01-02T15:14:26.364+0000] {processor.py:830} INFO - Processing file /opt/airflow/dags/prediction_dag.py for tasks to queue
[2026-01-02T15:14:26.367+0000] {logging_mixin.py:188} INFO - [2026-01-02T15:14:26.366+0000] {dagbag.py:540} INFO - Filling up the DagBag from /opt/airflow/dags/prediction_dag.py
[2026-01-02T15:14:26.396+0000] {processor.py:840} INFO - DAG(s) 'prediction_dag' retrieved from /opt/airflow/dags/prediction_dag.py
[2026-01-02T15:14:26.451+0000] {logging_mixin.py:188} INFO - [2026-01-02T15:14:26.451+0000] {dag.py:3047} INFO - Sync 1 DAGs
[2026-01-02T15:14:26.479+0000] {logging_mixin.py:188} INFO - [2026-01-02T15:14:26.479+0000] {dag.py:3834} INFO - Setting next_dagrun for prediction_dag to 2026-01-02 15:14:00+00:00, run_after=2026-01-02 15:16:00+00:00
[2026-01-02T15:14:26.491+0000] {processor.py:183} INFO - Processing /opt/airflow/dags/prediction_dag.py took 0.141 seconds
[2026-01-02T15:14:56.952+0000] {processor.py:161} INFO - Started process (PID=9118) to work on /opt/airflow/dags/prediction_dag.py
[2026-01-02T15:14:56.954+0000] {processor.py:830} INFO - Processing file /opt/airflow/dags/prediction_dag.py for tasks to queue
[2026-01-02T15:14:56.956+0000] {logging_mixin.py:188} INFO - [2026-01-02T15:14:56.955+0000] {dagbag.py:540} INFO - Filling up the DagBag from /opt/airflow/dags/prediction_dag.py
[2026-01-02T15:14:56.989+0000] {processor.py:840} INFO - DAG(s) 'prediction_dag' retrieved from /opt/airflow/dags/prediction_dag.py
[2026-01-02T15:14:57.039+0000] {logging_mixin.py:188} INFO - [2026-01-02T15:14:57.039+0000] {dag.py:3047} INFO - Sync 1 DAGs
[2026-01-02T15:14:57.070+0000] {logging_mixin.py:188} INFO - [2026-01-02T15:14:57.069+0000] {dag.py:3834} INFO - Setting next_dagrun for prediction_dag to 2026-01-02 15:14:00+00:00, run_after=2026-01-02 15:16:00+00:00
[2026-01-02T15:14:57.088+0000] {processor.py:183} INFO - Processing /opt/airflow/dags/prediction_dag.py took 0.150 seconds
[2026-01-02T15:15:27.720+0000] {processor.py:161} INFO - Started process (PID=9198) to work on /opt/airflow/dags/prediction_dag.py
[2026-01-02T15:15:27.725+0000] {processor.py:830} INFO - Processing file /opt/airflow/dags/prediction_dag.py for tasks to queue
[2026-01-02T15:15:27.726+0000] {logging_mixin.py:188} INFO - [2026-01-02T15:15:27.725+0000] {dagbag.py:540} INFO - Filling up the DagBag from /opt/airflow/dags/prediction_dag.py
[2026-01-02T15:15:27.758+0000] {processor.py:840} INFO - DAG(s) 'prediction_dag' retrieved from /opt/airflow/dags/prediction_dag.py
[2026-01-02T15:15:27.801+0000] {logging_mixin.py:188} INFO - [2026-01-02T15:15:27.800+0000] {dag.py:3047} INFO - Sync 1 DAGs
[2026-01-02T15:15:27.828+0000] {logging_mixin.py:188} INFO - [2026-01-02T15:15:27.828+0000] {dag.py:3834} INFO - Setting next_dagrun for prediction_dag to 2026-01-02 15:14:00+00:00, run_after=2026-01-02 15:16:00+00:00
[2026-01-02T15:15:27.843+0000] {processor.py:183} INFO - Processing /opt/airflow/dags/prediction_dag.py took 0.134 seconds
[2026-01-02T15:15:57.994+0000] {processor.py:161} INFO - Started process (PID=9216) to work on /opt/airflow/dags/prediction_dag.py
[2026-01-02T15:15:57.996+0000] {processor.py:830} INFO - Processing file /opt/airflow/dags/prediction_dag.py for tasks to queue
[2026-01-02T15:15:57.997+0000] {logging_mixin.py:188} INFO - [2026-01-02T15:15:57.997+0000] {dagbag.py:540} INFO - Filling up the DagBag from /opt/airflow/dags/prediction_dag.py
[2026-01-02T15:15:58.025+0000] {processor.py:840} INFO - DAG(s) 'prediction_dag' retrieved from /opt/airflow/dags/prediction_dag.py
[2026-01-02T15:15:58.073+0000] {logging_mixin.py:188} INFO - [2026-01-02T15:15:58.073+0000] {dag.py:3047} INFO - Sync 1 DAGs
[2026-01-02T15:15:58.109+0000] {logging_mixin.py:188} INFO - [2026-01-02T15:15:58.109+0000] {dag.py:3834} INFO - Setting next_dagrun for prediction_dag to 2026-01-02 15:14:00+00:00, run_after=2026-01-02 15:16:00+00:00
[2026-01-02T15:15:58.126+0000] {processor.py:183} INFO - Processing /opt/airflow/dags/prediction_dag.py took 0.139 seconds
[2026-01-02T15:16:28.266+0000] {processor.py:161} INFO - Started process (PID=9302) to work on /opt/airflow/dags/prediction_dag.py
[2026-01-02T15:16:28.268+0000] {processor.py:830} INFO - Processing file /opt/airflow/dags/prediction_dag.py for tasks to queue
[2026-01-02T15:16:28.269+0000] {logging_mixin.py:188} INFO - [2026-01-02T15:16:28.269+0000] {dagbag.py:540} INFO - Filling up the DagBag from /opt/airflow/dags/prediction_dag.py
[2026-01-02T15:16:28.301+0000] {processor.py:840} INFO - DAG(s) 'prediction_dag' retrieved from /opt/airflow/dags/prediction_dag.py
[2026-01-02T15:16:28.346+0000] {logging_mixin.py:188} INFO - [2026-01-02T15:16:28.345+0000] {dag.py:3047} INFO - Sync 1 DAGs
[2026-01-02T15:16:28.372+0000] {logging_mixin.py:188} INFO - [2026-01-02T15:16:28.371+0000] {dag.py:3834} INFO - Setting next_dagrun for prediction_dag to 2026-01-02 15:16:00+00:00, run_after=2026-01-02 15:18:00+00:00
[2026-01-02T15:16:28.383+0000] {processor.py:183} INFO - Processing /opt/airflow/dags/prediction_dag.py took 0.128 seconds
[2026-01-02T15:16:58.813+0000] {processor.py:161} INFO - Started process (PID=9320) to work on /opt/airflow/dags/prediction_dag.py
[2026-01-02T15:16:58.816+0000] {processor.py:830} INFO - Processing file /opt/airflow/dags/prediction_dag.py for tasks to queue
[2026-01-02T15:16:58.817+0000] {logging_mixin.py:188} INFO - [2026-01-02T15:16:58.817+0000] {dagbag.py:540} INFO - Filling up the DagBag from /opt/airflow/dags/prediction_dag.py
[2026-01-02T15:16:58.847+0000] {processor.py:840} INFO - DAG(s) 'prediction_dag' retrieved from /opt/airflow/dags/prediction_dag.py
[2026-01-02T15:16:58.897+0000] {logging_mixin.py:188} INFO - [2026-01-02T15:16:58.897+0000] {dag.py:3047} INFO - Sync 1 DAGs
[2026-01-02T15:16:58.926+0000] {logging_mixin.py:188} INFO - [2026-01-02T15:16:58.925+0000] {dag.py:3834} INFO - Setting next_dagrun for prediction_dag to 2026-01-02 15:16:00+00:00, run_after=2026-01-02 15:18:00+00:00
[2026-01-02T15:16:58.939+0000] {processor.py:183} INFO - Processing /opt/airflow/dags/prediction_dag.py took 0.140 seconds
[2026-01-02T15:17:29.312+0000] {processor.py:161} INFO - Started process (PID=9400) to work on /opt/airflow/dags/prediction_dag.py
[2026-01-02T15:17:29.315+0000] {processor.py:830} INFO - Processing file /opt/airflow/dags/prediction_dag.py for tasks to queue
[2026-01-02T15:17:29.317+0000] {logging_mixin.py:188} INFO - [2026-01-02T15:17:29.316+0000] {dagbag.py:540} INFO - Filling up the DagBag from /opt/airflow/dags/prediction_dag.py
[2026-01-02T15:17:29.341+0000] {processor.py:840} INFO - DAG(s) 'prediction_dag' retrieved from /opt/airflow/dags/prediction_dag.py
[2026-01-02T15:17:29.387+0000] {logging_mixin.py:188} INFO - [2026-01-02T15:17:29.387+0000] {dag.py:3047} INFO - Sync 1 DAGs
[2026-01-02T15:17:29.418+0000] {logging_mixin.py:188} INFO - [2026-01-02T15:17:29.418+0000] {dag.py:3834} INFO - Setting next_dagrun for prediction_dag to 2026-01-02 15:16:00+00:00, run_after=2026-01-02 15:18:00+00:00
[2026-01-02T15:17:29.433+0000] {processor.py:183} INFO - Processing /opt/airflow/dags/prediction_dag.py took 0.131 seconds
[2026-01-02T15:17:59.838+0000] {processor.py:161} INFO - Started process (PID=9418) to work on /opt/airflow/dags/prediction_dag.py
[2026-01-02T15:17:59.840+0000] {processor.py:830} INFO - Processing file /opt/airflow/dags/prediction_dag.py for tasks to queue
[2026-01-02T15:17:59.843+0000] {logging_mixin.py:188} INFO - [2026-01-02T15:17:59.842+0000] {dagbag.py:540} INFO - Filling up the DagBag from /opt/airflow/dags/prediction_dag.py
[2026-01-02T15:17:59.874+0000] {processor.py:840} INFO - DAG(s) 'prediction_dag' retrieved from /opt/airflow/dags/prediction_dag.py
[2026-01-02T15:17:59.927+0000] {logging_mixin.py:188} INFO - [2026-01-02T15:17:59.927+0000] {dag.py:3047} INFO - Sync 1 DAGs
[2026-01-02T15:17:59.958+0000] {logging_mixin.py:188} INFO - [2026-01-02T15:17:59.958+0000] {dag.py:3834} INFO - Setting next_dagrun for prediction_dag to 2026-01-02 15:16:00+00:00, run_after=2026-01-02 15:18:00+00:00
[2026-01-02T15:17:59.970+0000] {processor.py:183} INFO - Processing /opt/airflow/dags/prediction_dag.py took 0.141 seconds
[2026-01-02T15:18:30.354+0000] {processor.py:161} INFO - Started process (PID=9504) to work on /opt/airflow/dags/prediction_dag.py
[2026-01-02T15:18:30.359+0000] {processor.py:830} INFO - Processing file /opt/airflow/dags/prediction_dag.py for tasks to queue
[2026-01-02T15:18:30.361+0000] {logging_mixin.py:188} INFO - [2026-01-02T15:18:30.360+0000] {dagbag.py:540} INFO - Filling up the DagBag from /opt/airflow/dags/prediction_dag.py
[2026-01-02T15:18:30.412+0000] {processor.py:840} INFO - DAG(s) 'prediction_dag' retrieved from /opt/airflow/dags/prediction_dag.py
[2026-01-02T15:18:30.469+0000] {logging_mixin.py:188} INFO - [2026-01-02T15:18:30.468+0000] {dag.py:3047} INFO - Sync 1 DAGs
[2026-01-02T15:18:30.503+0000] {logging_mixin.py:188} INFO - [2026-01-02T15:18:30.503+0000] {dag.py:3834} INFO - Setting next_dagrun for prediction_dag to 2026-01-02 15:18:00+00:00, run_after=2026-01-02 15:20:00+00:00
[2026-01-02T15:18:30.516+0000] {processor.py:183} INFO - Processing /opt/airflow/dags/prediction_dag.py took 0.173 seconds
[2026-01-02T15:19:00.928+0000] {processor.py:161} INFO - Started process (PID=9524) to work on /opt/airflow/dags/prediction_dag.py
[2026-01-02T15:19:00.929+0000] {processor.py:830} INFO - Processing file /opt/airflow/dags/prediction_dag.py for tasks to queue
[2026-01-02T15:19:00.930+0000] {logging_mixin.py:188} INFO - [2026-01-02T15:19:00.930+0000] {dagbag.py:540} INFO - Filling up the DagBag from /opt/airflow/dags/prediction_dag.py
[2026-01-02T15:19:00.949+0000] {processor.py:840} INFO - DAG(s) 'prediction_dag' retrieved from /opt/airflow/dags/prediction_dag.py
[2026-01-02T15:19:00.993+0000] {logging_mixin.py:188} INFO - [2026-01-02T15:19:00.993+0000] {dag.py:3047} INFO - Sync 1 DAGs
[2026-01-02T15:19:01.019+0000] {logging_mixin.py:188} INFO - [2026-01-02T15:19:01.019+0000] {dag.py:3834} INFO - Setting next_dagrun for prediction_dag to 2026-01-02 15:18:00+00:00, run_after=2026-01-02 15:20:00+00:00
[2026-01-02T15:19:01.034+0000] {processor.py:183} INFO - Processing /opt/airflow/dags/prediction_dag.py took 0.112 seconds
[2026-01-02T15:19:31.216+0000] {processor.py:161} INFO - Started process (PID=9602) to work on /opt/airflow/dags/prediction_dag.py
[2026-01-02T15:19:31.218+0000] {processor.py:830} INFO - Processing file /opt/airflow/dags/prediction_dag.py for tasks to queue
[2026-01-02T15:19:31.219+0000] {logging_mixin.py:188} INFO - [2026-01-02T15:19:31.218+0000] {dagbag.py:540} INFO - Filling up the DagBag from /opt/airflow/dags/prediction_dag.py
[2026-01-02T15:19:31.250+0000] {processor.py:840} INFO - DAG(s) 'prediction_dag' retrieved from /opt/airflow/dags/prediction_dag.py
[2026-01-02T15:19:31.307+0000] {logging_mixin.py:188} INFO - [2026-01-02T15:19:31.306+0000] {dag.py:3047} INFO - Sync 1 DAGs
[2026-01-02T15:19:31.337+0000] {logging_mixin.py:188} INFO - [2026-01-02T15:19:31.337+0000] {dag.py:3834} INFO - Setting next_dagrun for prediction_dag to 2026-01-02 15:18:00+00:00, run_after=2026-01-02 15:20:00+00:00
[2026-01-02T15:19:31.354+0000] {processor.py:183} INFO - Processing /opt/airflow/dags/prediction_dag.py took 0.145 seconds
[2026-01-02T15:20:01.729+0000] {processor.py:161} INFO - Started process (PID=9631) to work on /opt/airflow/dags/prediction_dag.py
[2026-01-02T15:20:01.731+0000] {processor.py:830} INFO - Processing file /opt/airflow/dags/prediction_dag.py for tasks to queue
[2026-01-02T15:20:01.732+0000] {logging_mixin.py:188} INFO - [2026-01-02T15:20:01.731+0000] {dagbag.py:540} INFO - Filling up the DagBag from /opt/airflow/dags/prediction_dag.py
[2026-01-02T15:20:01.759+0000] {processor.py:840} INFO - DAG(s) 'prediction_dag' retrieved from /opt/airflow/dags/prediction_dag.py
[2026-01-02T15:20:01.790+0000] {logging_mixin.py:188} INFO - [2026-01-02T15:20:01.789+0000] {dag.py:3047} INFO - Sync 1 DAGs
[2026-01-02T15:20:01.816+0000] {logging_mixin.py:188} INFO - [2026-01-02T15:20:01.816+0000] {dag.py:3834} INFO - Setting next_dagrun for prediction_dag to 2026-01-02 15:20:00+00:00, run_after=2026-01-02 15:22:00+00:00
[2026-01-02T15:20:01.830+0000] {processor.py:183} INFO - Processing /opt/airflow/dags/prediction_dag.py took 0.104 seconds
[2026-01-02T15:20:32.339+0000] {processor.py:161} INFO - Started process (PID=9706) to work on /opt/airflow/dags/prediction_dag.py
[2026-01-02T15:20:32.341+0000] {processor.py:830} INFO - Processing file /opt/airflow/dags/prediction_dag.py for tasks to queue
[2026-01-02T15:20:32.345+0000] {logging_mixin.py:188} INFO - [2026-01-02T15:20:32.343+0000] {dagbag.py:540} INFO - Filling up the DagBag from /opt/airflow/dags/prediction_dag.py
[2026-01-02T15:20:32.381+0000] {processor.py:840} INFO - DAG(s) 'prediction_dag' retrieved from /opt/airflow/dags/prediction_dag.py
[2026-01-02T15:20:32.432+0000] {logging_mixin.py:188} INFO - [2026-01-02T15:20:32.431+0000] {dag.py:3047} INFO - Sync 1 DAGs
[2026-01-02T15:20:32.467+0000] {logging_mixin.py:188} INFO - [2026-01-02T15:20:32.466+0000] {dag.py:3834} INFO - Setting next_dagrun for prediction_dag to 2026-01-02 15:20:00+00:00, run_after=2026-01-02 15:22:00+00:00
[2026-01-02T15:20:32.481+0000] {processor.py:183} INFO - Processing /opt/airflow/dags/prediction_dag.py took 0.151 seconds
[2026-01-02T15:21:07.361+0000] {processor.py:161} INFO - Started process (PID=9717) to work on /opt/airflow/dags/prediction_dag.py
[2026-01-02T15:21:07.363+0000] {processor.py:830} INFO - Processing file /opt/airflow/dags/prediction_dag.py for tasks to queue
[2026-01-02T15:21:07.365+0000] {logging_mixin.py:188} INFO - [2026-01-02T15:21:07.364+0000] {dagbag.py:540} INFO - Filling up the DagBag from /opt/airflow/dags/prediction_dag.py
[2026-01-02T15:21:07.406+0000] {processor.py:840} INFO - DAG(s) 'prediction_dag' retrieved from /opt/airflow/dags/prediction_dag.py
[2026-01-02T15:21:07.474+0000] {logging_mixin.py:188} INFO - [2026-01-02T15:21:07.473+0000] {dag.py:3047} INFO - Sync 1 DAGs
[2026-01-02T15:21:07.518+0000] {logging_mixin.py:188} INFO - [2026-01-02T15:21:07.517+0000] {dag.py:3834} INFO - Setting next_dagrun for prediction_dag to 2026-01-02 15:20:00+00:00, run_after=2026-01-02 15:22:00+00:00
[2026-01-02T15:21:07.541+0000] {processor.py:183} INFO - Processing /opt/airflow/dags/prediction_dag.py took 0.190 seconds
[2026-01-02T15:36:35.266+0000] {processor.py:161} INFO - Started process (PID=9796) to work on /opt/airflow/dags/prediction_dag.py
[2026-01-02T15:36:35.268+0000] {processor.py:830} INFO - Processing file /opt/airflow/dags/prediction_dag.py for tasks to queue
[2026-01-02T15:36:35.270+0000] {logging_mixin.py:188} INFO - [2026-01-02T15:36:35.269+0000] {dagbag.py:540} INFO - Filling up the DagBag from /opt/airflow/dags/prediction_dag.py
[2026-01-02T15:36:35.309+0000] {processor.py:840} INFO - DAG(s) 'prediction_dag' retrieved from /opt/airflow/dags/prediction_dag.py
[2026-01-02T15:36:35.355+0000] {logging_mixin.py:188} INFO - [2026-01-02T15:36:35.355+0000] {dag.py:3047} INFO - Sync 1 DAGs
[2026-01-02T15:36:35.398+0000] {logging_mixin.py:188} INFO - [2026-01-02T15:36:35.397+0000] {dag.py:3834} INFO - Setting next_dagrun for prediction_dag to 2026-01-02 15:34:00+00:00, run_after=2026-01-02 15:36:00+00:00
[2026-01-02T15:36:35.421+0000] {processor.py:183} INFO - Processing /opt/airflow/dags/prediction_dag.py took 0.166 seconds
[2026-01-02T15:37:06.046+0000] {processor.py:161} INFO - Started process (PID=9960) to work on /opt/airflow/dags/prediction_dag.py
[2026-01-02T15:37:06.048+0000] {processor.py:830} INFO - Processing file /opt/airflow/dags/prediction_dag.py for tasks to queue
[2026-01-02T15:37:06.049+0000] {logging_mixin.py:188} INFO - [2026-01-02T15:37:06.048+0000] {dagbag.py:540} INFO - Filling up the DagBag from /opt/airflow/dags/prediction_dag.py
[2026-01-02T15:37:06.086+0000] {processor.py:840} INFO - DAG(s) 'prediction_dag' retrieved from /opt/airflow/dags/prediction_dag.py
[2026-01-02T15:37:06.123+0000] {logging_mixin.py:188} INFO - [2026-01-02T15:37:06.123+0000] {dag.py:3047} INFO - Sync 1 DAGs
[2026-01-02T15:37:06.152+0000] {logging_mixin.py:188} INFO - [2026-01-02T15:37:06.152+0000] {dag.py:3834} INFO - Setting next_dagrun for prediction_dag to 2026-01-02 15:36:00+00:00, run_after=2026-01-02 15:38:00+00:00
[2026-01-02T15:37:06.164+0000] {processor.py:183} INFO - Processing /opt/airflow/dags/prediction_dag.py took 0.127 seconds
[2026-01-02T15:37:36.305+0000] {processor.py:161} INFO - Started process (PID=10021) to work on /opt/airflow/dags/prediction_dag.py
[2026-01-02T15:37:36.308+0000] {processor.py:830} INFO - Processing file /opt/airflow/dags/prediction_dag.py for tasks to queue
[2026-01-02T15:37:36.309+0000] {logging_mixin.py:188} INFO - [2026-01-02T15:37:36.308+0000] {dagbag.py:540} INFO - Filling up the DagBag from /opt/airflow/dags/prediction_dag.py
[2026-01-02T15:37:36.346+0000] {processor.py:840} INFO - DAG(s) 'prediction_dag' retrieved from /opt/airflow/dags/prediction_dag.py
[2026-01-02T15:37:36.394+0000] {logging_mixin.py:188} INFO - [2026-01-02T15:37:36.394+0000] {dag.py:3047} INFO - Sync 1 DAGs
[2026-01-02T15:37:36.423+0000] {logging_mixin.py:188} INFO - [2026-01-02T15:37:36.423+0000] {dag.py:3834} INFO - Setting next_dagrun for prediction_dag to 2026-01-02 15:36:00+00:00, run_after=2026-01-02 15:38:00+00:00
[2026-01-02T15:37:36.436+0000] {processor.py:183} INFO - Processing /opt/airflow/dags/prediction_dag.py took 0.146 seconds
[2026-01-02T15:38:06.834+0000] {processor.py:161} INFO - Started process (PID=10074) to work on /opt/airflow/dags/prediction_dag.py
[2026-01-02T15:38:06.836+0000] {processor.py:830} INFO - Processing file /opt/airflow/dags/prediction_dag.py for tasks to queue
[2026-01-02T15:38:06.836+0000] {logging_mixin.py:188} INFO - [2026-01-02T15:38:06.836+0000] {dagbag.py:540} INFO - Filling up the DagBag from /opt/airflow/dags/prediction_dag.py
[2026-01-02T15:38:06.853+0000] {processor.py:840} INFO - DAG(s) 'prediction_dag' retrieved from /opt/airflow/dags/prediction_dag.py
[2026-01-02T15:38:06.895+0000] {logging_mixin.py:188} INFO - [2026-01-02T15:38:06.895+0000] {dag.py:3047} INFO - Sync 1 DAGs
[2026-01-02T15:38:06.921+0000] {logging_mixin.py:188} INFO - [2026-01-02T15:38:06.921+0000] {dag.py:3834} INFO - Setting next_dagrun for prediction_dag to 2026-01-02 15:38:00+00:00, run_after=2026-01-02 15:40:00+00:00
[2026-01-02T15:38:06.933+0000] {processor.py:183} INFO - Processing /opt/airflow/dags/prediction_dag.py took 0.103 seconds
[2026-01-02T15:38:37.100+0000] {processor.py:161} INFO - Started process (PID=10125) to work on /opt/airflow/dags/prediction_dag.py
[2026-01-02T15:38:37.104+0000] {processor.py:830} INFO - Processing file /opt/airflow/dags/prediction_dag.py for tasks to queue
[2026-01-02T15:38:37.106+0000] {logging_mixin.py:188} INFO - [2026-01-02T15:38:37.105+0000] {dagbag.py:540} INFO - Filling up the DagBag from /opt/airflow/dags/prediction_dag.py
[2026-01-02T15:38:37.138+0000] {processor.py:840} INFO - DAG(s) 'prediction_dag' retrieved from /opt/airflow/dags/prediction_dag.py
[2026-01-02T15:38:37.190+0000] {logging_mixin.py:188} INFO - [2026-01-02T15:38:37.190+0000] {dag.py:3047} INFO - Sync 1 DAGs
[2026-01-02T15:38:37.214+0000] {logging_mixin.py:188} INFO - [2026-01-02T15:38:37.214+0000] {dag.py:3834} INFO - Setting next_dagrun for prediction_dag to 2026-01-02 15:38:00+00:00, run_after=2026-01-02 15:40:00+00:00
[2026-01-02T15:38:37.232+0000] {processor.py:183} INFO - Processing /opt/airflow/dags/prediction_dag.py took 0.140 seconds
[2026-01-02T15:39:07.307+0000] {processor.py:161} INFO - Started process (PID=10174) to work on /opt/airflow/dags/prediction_dag.py
[2026-01-02T15:39:07.309+0000] {processor.py:830} INFO - Processing file /opt/airflow/dags/prediction_dag.py for tasks to queue
[2026-01-02T15:39:07.310+0000] {logging_mixin.py:188} INFO - [2026-01-02T15:39:07.310+0000] {dagbag.py:540} INFO - Filling up the DagBag from /opt/airflow/dags/prediction_dag.py
[2026-01-02T15:39:07.334+0000] {processor.py:840} INFO - DAG(s) 'prediction_dag' retrieved from /opt/airflow/dags/prediction_dag.py
[2026-01-02T15:39:07.368+0000] {logging_mixin.py:188} INFO - [2026-01-02T15:39:07.367+0000] {dag.py:3047} INFO - Sync 1 DAGs
[2026-01-02T15:39:07.387+0000] {logging_mixin.py:188} INFO - [2026-01-02T15:39:07.387+0000] {dag.py:3834} INFO - Setting next_dagrun for prediction_dag to 2026-01-02 15:38:00+00:00, run_after=2026-01-02 15:40:00+00:00
[2026-01-02T15:39:07.401+0000] {processor.py:183} INFO - Processing /opt/airflow/dags/prediction_dag.py took 0.099 seconds
[2026-01-02T15:39:37.526+0000] {processor.py:161} INFO - Started process (PID=10223) to work on /opt/airflow/dags/prediction_dag.py
[2026-01-02T15:39:37.529+0000] {processor.py:830} INFO - Processing file /opt/airflow/dags/prediction_dag.py for tasks to queue
[2026-01-02T15:39:37.531+0000] {logging_mixin.py:188} INFO - [2026-01-02T15:39:37.530+0000] {dagbag.py:540} INFO - Filling up the DagBag from /opt/airflow/dags/prediction_dag.py
[2026-01-02T15:39:37.581+0000] {processor.py:840} INFO - DAG(s) 'prediction_dag' retrieved from /opt/airflow/dags/prediction_dag.py
[2026-01-02T15:39:37.645+0000] {logging_mixin.py:188} INFO - [2026-01-02T15:39:37.645+0000] {dag.py:3047} INFO - Sync 1 DAGs
[2026-01-02T15:39:37.677+0000] {logging_mixin.py:188} INFO - [2026-01-02T15:39:37.677+0000] {dag.py:3834} INFO - Setting next_dagrun for prediction_dag to 2026-01-02 15:38:00+00:00, run_after=2026-01-02 15:40:00+00:00
[2026-01-02T15:39:37.707+0000] {processor.py:183} INFO - Processing /opt/airflow/dags/prediction_dag.py took 0.192 seconds
[2026-01-02T15:40:08.120+0000] {processor.py:161} INFO - Started process (PID=10306) to work on /opt/airflow/dags/prediction_dag.py
[2026-01-02T15:40:08.122+0000] {processor.py:830} INFO - Processing file /opt/airflow/dags/prediction_dag.py for tasks to queue
[2026-01-02T15:40:08.124+0000] {logging_mixin.py:188} INFO - [2026-01-02T15:40:08.124+0000] {dagbag.py:540} INFO - Filling up the DagBag from /opt/airflow/dags/prediction_dag.py
[2026-01-02T15:40:08.159+0000] {processor.py:840} INFO - DAG(s) 'prediction_dag' retrieved from /opt/airflow/dags/prediction_dag.py
[2026-01-02T15:40:08.233+0000] {logging_mixin.py:188} INFO - [2026-01-02T15:40:08.233+0000] {dag.py:3047} INFO - Sync 1 DAGs
[2026-01-02T15:40:08.268+0000] {logging_mixin.py:188} INFO - [2026-01-02T15:40:08.268+0000] {dag.py:3834} INFO - Setting next_dagrun for prediction_dag to 2026-01-02 15:40:00+00:00, run_after=2026-01-02 15:42:00+00:00
[2026-01-02T15:40:08.296+0000] {processor.py:183} INFO - Processing /opt/airflow/dags/prediction_dag.py took 0.190 seconds
[2026-01-02T15:40:38.469+0000] {processor.py:161} INFO - Started process (PID=10327) to work on /opt/airflow/dags/prediction_dag.py
[2026-01-02T15:40:38.471+0000] {processor.py:830} INFO - Processing file /opt/airflow/dags/prediction_dag.py for tasks to queue
[2026-01-02T15:40:38.473+0000] {logging_mixin.py:188} INFO - [2026-01-02T15:40:38.472+0000] {dagbag.py:540} INFO - Filling up the DagBag from /opt/airflow/dags/prediction_dag.py
[2026-01-02T15:40:38.507+0000] {processor.py:840} INFO - DAG(s) 'prediction_dag' retrieved from /opt/airflow/dags/prediction_dag.py
[2026-01-02T15:40:38.544+0000] {logging_mixin.py:188} INFO - [2026-01-02T15:40:38.544+0000] {dag.py:3047} INFO - Sync 1 DAGs
[2026-01-02T15:40:38.572+0000] {logging_mixin.py:188} INFO - [2026-01-02T15:40:38.572+0000] {dag.py:3834} INFO - Setting next_dagrun for prediction_dag to 2026-01-02 15:40:00+00:00, run_after=2026-01-02 15:42:00+00:00
[2026-01-02T15:40:38.587+0000] {processor.py:183} INFO - Processing /opt/airflow/dags/prediction_dag.py took 0.127 seconds
[2026-01-02T15:41:08.898+0000] {processor.py:161} INFO - Started process (PID=10407) to work on /opt/airflow/dags/prediction_dag.py
[2026-01-02T15:41:08.899+0000] {processor.py:830} INFO - Processing file /opt/airflow/dags/prediction_dag.py for tasks to queue
[2026-01-02T15:41:08.900+0000] {logging_mixin.py:188} INFO - [2026-01-02T15:41:08.900+0000] {dagbag.py:540} INFO - Filling up the DagBag from /opt/airflow/dags/prediction_dag.py
[2026-01-02T15:41:08.922+0000] {processor.py:840} INFO - DAG(s) 'prediction_dag' retrieved from /opt/airflow/dags/prediction_dag.py
[2026-01-02T15:41:08.945+0000] {logging_mixin.py:188} INFO - [2026-01-02T15:41:08.945+0000] {dag.py:3047} INFO - Sync 1 DAGs
[2026-01-02T15:41:08.966+0000] {logging_mixin.py:188} INFO - [2026-01-02T15:41:08.966+0000] {dag.py:3834} INFO - Setting next_dagrun for prediction_dag to 2026-01-02 15:40:00+00:00, run_after=2026-01-02 15:42:00+00:00
[2026-01-02T15:41:08.977+0000] {processor.py:183} INFO - Processing /opt/airflow/dags/prediction_dag.py took 0.083 seconds
[2026-01-02T15:41:39.062+0000] {processor.py:161} INFO - Started process (PID=10425) to work on /opt/airflow/dags/prediction_dag.py
[2026-01-02T15:41:39.064+0000] {processor.py:830} INFO - Processing file /opt/airflow/dags/prediction_dag.py for tasks to queue
[2026-01-02T15:41:39.070+0000] {logging_mixin.py:188} INFO - [2026-01-02T15:41:39.067+0000] {dagbag.py:540} INFO - Filling up the DagBag from /opt/airflow/dags/prediction_dag.py
[2026-01-02T15:41:39.093+0000] {processor.py:840} INFO - DAG(s) 'prediction_dag' retrieved from /opt/airflow/dags/prediction_dag.py
[2026-01-02T15:41:39.130+0000] {logging_mixin.py:188} INFO - [2026-01-02T15:41:39.130+0000] {dag.py:3047} INFO - Sync 1 DAGs
[2026-01-02T15:41:39.151+0000] {logging_mixin.py:188} INFO - [2026-01-02T15:41:39.151+0000] {dag.py:3834} INFO - Setting next_dagrun for prediction_dag to 2026-01-02 15:40:00+00:00, run_after=2026-01-02 15:42:00+00:00
[2026-01-02T15:41:39.163+0000] {processor.py:183} INFO - Processing /opt/airflow/dags/prediction_dag.py took 0.109 seconds
[2026-01-02T15:42:09.295+0000] {processor.py:161} INFO - Started process (PID=10511) to work on /opt/airflow/dags/prediction_dag.py
[2026-01-02T15:42:09.298+0000] {processor.py:830} INFO - Processing file /opt/airflow/dags/prediction_dag.py for tasks to queue
[2026-01-02T15:42:09.299+0000] {logging_mixin.py:188} INFO - [2026-01-02T15:42:09.298+0000] {dagbag.py:540} INFO - Filling up the DagBag from /opt/airflow/dags/prediction_dag.py
[2026-01-02T15:42:09.326+0000] {processor.py:840} INFO - DAG(s) 'prediction_dag' retrieved from /opt/airflow/dags/prediction_dag.py
[2026-01-02T15:42:09.383+0000] {logging_mixin.py:188} INFO - [2026-01-02T15:42:09.382+0000] {dag.py:3047} INFO - Sync 1 DAGs
[2026-01-02T15:42:09.422+0000] {logging_mixin.py:188} INFO - [2026-01-02T15:42:09.422+0000] {dag.py:3834} INFO - Setting next_dagrun for prediction_dag to 2026-01-02 15:42:00+00:00, run_after=2026-01-02 15:44:00+00:00
[2026-01-02T15:42:09.439+0000] {processor.py:183} INFO - Processing /opt/airflow/dags/prediction_dag.py took 0.154 seconds
[2026-01-02T15:42:39.570+0000] {processor.py:161} INFO - Started process (PID=10529) to work on /opt/airflow/dags/prediction_dag.py
[2026-01-02T15:42:39.571+0000] {processor.py:830} INFO - Processing file /opt/airflow/dags/prediction_dag.py for tasks to queue
[2026-01-02T15:42:39.573+0000] {logging_mixin.py:188} INFO - [2026-01-02T15:42:39.572+0000] {dagbag.py:540} INFO - Filling up the DagBag from /opt/airflow/dags/prediction_dag.py
[2026-01-02T15:42:39.601+0000] {processor.py:840} INFO - DAG(s) 'prediction_dag' retrieved from /opt/airflow/dags/prediction_dag.py
[2026-01-02T15:42:39.638+0000] {logging_mixin.py:188} INFO - [2026-01-02T15:42:39.638+0000] {dag.py:3047} INFO - Sync 1 DAGs
[2026-01-02T15:42:39.663+0000] {logging_mixin.py:188} INFO - [2026-01-02T15:42:39.663+0000] {dag.py:3834} INFO - Setting next_dagrun for prediction_dag to 2026-01-02 15:42:00+00:00, run_after=2026-01-02 15:44:00+00:00
[2026-01-02T15:42:39.681+0000] {processor.py:183} INFO - Processing /opt/airflow/dags/prediction_dag.py took 0.130 seconds
[2026-01-02T15:43:10.048+0000] {processor.py:161} INFO - Started process (PID=10609) to work on /opt/airflow/dags/prediction_dag.py
[2026-01-02T15:43:10.050+0000] {processor.py:830} INFO - Processing file /opt/airflow/dags/prediction_dag.py for tasks to queue
[2026-01-02T15:43:10.051+0000] {logging_mixin.py:188} INFO - [2026-01-02T15:43:10.050+0000] {dagbag.py:540} INFO - Filling up the DagBag from /opt/airflow/dags/prediction_dag.py
[2026-01-02T15:43:10.081+0000] {processor.py:840} INFO - DAG(s) 'prediction_dag' retrieved from /opt/airflow/dags/prediction_dag.py
[2026-01-02T15:43:10.122+0000] {logging_mixin.py:188} INFO - [2026-01-02T15:43:10.122+0000] {dag.py:3047} INFO - Sync 1 DAGs
[2026-01-02T15:43:10.142+0000] {logging_mixin.py:188} INFO - [2026-01-02T15:43:10.141+0000] {dag.py:3834} INFO - Setting next_dagrun for prediction_dag to 2026-01-02 15:42:00+00:00, run_after=2026-01-02 15:44:00+00:00
[2026-01-02T15:43:10.153+0000] {processor.py:183} INFO - Processing /opt/airflow/dags/prediction_dag.py took 0.112 seconds
[2026-01-02T15:43:40.495+0000] {processor.py:161} INFO - Started process (PID=10618) to work on /opt/airflow/dags/prediction_dag.py
[2026-01-02T15:43:40.497+0000] {processor.py:830} INFO - Processing file /opt/airflow/dags/prediction_dag.py for tasks to queue
[2026-01-02T15:43:40.498+0000] {logging_mixin.py:188} INFO - [2026-01-02T15:43:40.497+0000] {dagbag.py:540} INFO - Filling up the DagBag from /opt/airflow/dags/prediction_dag.py
[2026-01-02T15:43:40.513+0000] {processor.py:840} INFO - DAG(s) 'prediction_dag' retrieved from /opt/airflow/dags/prediction_dag.py
[2026-01-02T15:43:40.545+0000] {logging_mixin.py:188} INFO - [2026-01-02T15:43:40.545+0000] {dag.py:3047} INFO - Sync 1 DAGs
[2026-01-02T15:43:40.594+0000] {logging_mixin.py:188} INFO - [2026-01-02T15:43:40.594+0000] {dag.py:3834} INFO - Setting next_dagrun for prediction_dag to 2026-01-02 15:42:00+00:00, run_after=2026-01-02 15:44:00+00:00
[2026-01-02T15:43:40.635+0000] {processor.py:183} INFO - Processing /opt/airflow/dags/prediction_dag.py took 0.147 seconds
[2026-01-02T15:44:11.044+0000] {processor.py:161} INFO - Started process (PID=10700) to work on /opt/airflow/dags/prediction_dag.py
[2026-01-02T15:44:11.045+0000] {processor.py:830} INFO - Processing file /opt/airflow/dags/prediction_dag.py for tasks to queue
[2026-01-02T15:44:11.046+0000] {logging_mixin.py:188} INFO - [2026-01-02T15:44:11.046+0000] {dagbag.py:540} INFO - Filling up the DagBag from /opt/airflow/dags/prediction_dag.py
[2026-01-02T15:44:11.066+0000] {processor.py:840} INFO - DAG(s) 'prediction_dag' retrieved from /opt/airflow/dags/prediction_dag.py
[2026-01-02T15:44:11.102+0000] {logging_mixin.py:188} INFO - [2026-01-02T15:44:11.101+0000] {dag.py:3047} INFO - Sync 1 DAGs
[2026-01-02T15:44:11.121+0000] {logging_mixin.py:188} INFO - [2026-01-02T15:44:11.121+0000] {dag.py:3834} INFO - Setting next_dagrun for prediction_dag to 2026-01-02 15:44:00+00:00, run_after=2026-01-02 15:46:00+00:00
[2026-01-02T15:44:11.131+0000] {processor.py:183} INFO - Processing /opt/airflow/dags/prediction_dag.py took 0.095 seconds
[2026-01-02T15:44:41.222+0000] {processor.py:161} INFO - Started process (PID=10718) to work on /opt/airflow/dags/prediction_dag.py
[2026-01-02T15:44:41.224+0000] {processor.py:830} INFO - Processing file /opt/airflow/dags/prediction_dag.py for tasks to queue
[2026-01-02T15:44:41.226+0000] {logging_mixin.py:188} INFO - [2026-01-02T15:44:41.225+0000] {dagbag.py:540} INFO - Filling up the DagBag from /opt/airflow/dags/prediction_dag.py
[2026-01-02T15:44:41.258+0000] {processor.py:840} INFO - DAG(s) 'prediction_dag' retrieved from /opt/airflow/dags/prediction_dag.py
[2026-01-02T15:44:41.306+0000] {logging_mixin.py:188} INFO - [2026-01-02T15:44:41.305+0000] {dag.py:3047} INFO - Sync 1 DAGs
[2026-01-02T15:44:41.334+0000] {logging_mixin.py:188} INFO - [2026-01-02T15:44:41.334+0000] {dag.py:3834} INFO - Setting next_dagrun for prediction_dag to 2026-01-02 15:44:00+00:00, run_after=2026-01-02 15:46:00+00:00
[2026-01-02T15:44:41.347+0000] {processor.py:183} INFO - Processing /opt/airflow/dags/prediction_dag.py took 0.137 seconds
[2026-01-02T15:45:11.820+0000] {processor.py:161} INFO - Started process (PID=10798) to work on /opt/airflow/dags/prediction_dag.py
[2026-01-02T15:45:11.824+0000] {processor.py:830} INFO - Processing file /opt/airflow/dags/prediction_dag.py for tasks to queue
[2026-01-02T15:45:11.826+0000] {logging_mixin.py:188} INFO - [2026-01-02T15:45:11.825+0000] {dagbag.py:540} INFO - Filling up the DagBag from /opt/airflow/dags/prediction_dag.py
[2026-01-02T15:45:11.863+0000] {processor.py:840} INFO - DAG(s) 'prediction_dag' retrieved from /opt/airflow/dags/prediction_dag.py
[2026-01-02T15:45:11.914+0000] {logging_mixin.py:188} INFO - [2026-01-02T15:45:11.913+0000] {dag.py:3047} INFO - Sync 1 DAGs
[2026-01-02T15:45:11.954+0000] {logging_mixin.py:188} INFO - [2026-01-02T15:45:11.954+0000] {dag.py:3834} INFO - Setting next_dagrun for prediction_dag to 2026-01-02 15:44:00+00:00, run_after=2026-01-02 15:46:00+00:00
[2026-01-02T15:45:11.967+0000] {processor.py:183} INFO - Processing /opt/airflow/dags/prediction_dag.py took 0.169 seconds
[2026-01-02T15:45:42.167+0000] {processor.py:161} INFO - Started process (PID=10816) to work on /opt/airflow/dags/prediction_dag.py
[2026-01-02T15:45:42.169+0000] {processor.py:830} INFO - Processing file /opt/airflow/dags/prediction_dag.py for tasks to queue
[2026-01-02T15:45:42.170+0000] {logging_mixin.py:188} INFO - [2026-01-02T15:45:42.170+0000] {dagbag.py:540} INFO - Filling up the DagBag from /opt/airflow/dags/prediction_dag.py
[2026-01-02T15:45:42.197+0000] {processor.py:840} INFO - DAG(s) 'prediction_dag' retrieved from /opt/airflow/dags/prediction_dag.py
[2026-01-02T15:45:42.244+0000] {logging_mixin.py:188} INFO - [2026-01-02T15:45:42.244+0000] {dag.py:3047} INFO - Sync 1 DAGs
[2026-01-02T15:45:42.268+0000] {logging_mixin.py:188} INFO - [2026-01-02T15:45:42.268+0000] {dag.py:3834} INFO - Setting next_dagrun for prediction_dag to 2026-01-02 15:44:00+00:00, run_after=2026-01-02 15:46:00+00:00
[2026-01-02T15:45:42.281+0000] {processor.py:183} INFO - Processing /opt/airflow/dags/prediction_dag.py took 0.122 seconds
[2026-01-02T15:46:12.715+0000] {processor.py:161} INFO - Started process (PID=10902) to work on /opt/airflow/dags/prediction_dag.py
[2026-01-02T15:46:12.720+0000] {processor.py:830} INFO - Processing file /opt/airflow/dags/prediction_dag.py for tasks to queue
[2026-01-02T15:46:12.721+0000] {logging_mixin.py:188} INFO - [2026-01-02T15:46:12.721+0000] {dagbag.py:540} INFO - Filling up the DagBag from /opt/airflow/dags/prediction_dag.py
[2026-01-02T15:46:12.760+0000] {processor.py:840} INFO - DAG(s) 'prediction_dag' retrieved from /opt/airflow/dags/prediction_dag.py
[2026-01-02T15:46:12.802+0000] {logging_mixin.py:188} INFO - [2026-01-02T15:46:12.802+0000] {dag.py:3047} INFO - Sync 1 DAGs
[2026-01-02T15:46:12.831+0000] {logging_mixin.py:188} INFO - [2026-01-02T15:46:12.831+0000] {dag.py:3834} INFO - Setting next_dagrun for prediction_dag to 2026-01-02 15:46:00+00:00, run_after=2026-01-02 15:48:00+00:00
[2026-01-02T15:46:12.845+0000] {processor.py:183} INFO - Processing /opt/airflow/dags/prediction_dag.py took 0.140 seconds
[2026-01-02T15:46:43.226+0000] {processor.py:161} INFO - Started process (PID=10920) to work on /opt/airflow/dags/prediction_dag.py
[2026-01-02T15:46:43.229+0000] {processor.py:830} INFO - Processing file /opt/airflow/dags/prediction_dag.py for tasks to queue
[2026-01-02T15:46:43.230+0000] {logging_mixin.py:188} INFO - [2026-01-02T15:46:43.230+0000] {dagbag.py:540} INFO - Filling up the DagBag from /opt/airflow/dags/prediction_dag.py
[2026-01-02T15:46:43.266+0000] {processor.py:840} INFO - DAG(s) 'prediction_dag' retrieved from /opt/airflow/dags/prediction_dag.py
[2026-01-02T15:46:43.312+0000] {logging_mixin.py:188} INFO - [2026-01-02T15:46:43.312+0000] {dag.py:3047} INFO - Sync 1 DAGs
[2026-01-02T15:46:43.341+0000] {logging_mixin.py:188} INFO - [2026-01-02T15:46:43.341+0000] {dag.py:3834} INFO - Setting next_dagrun for prediction_dag to 2026-01-02 15:46:00+00:00, run_after=2026-01-02 15:48:00+00:00
[2026-01-02T15:46:43.352+0000] {processor.py:183} INFO - Processing /opt/airflow/dags/prediction_dag.py took 0.137 seconds
[2026-01-02T15:47:13.743+0000] {processor.py:161} INFO - Started process (PID=11000) to work on /opt/airflow/dags/prediction_dag.py
[2026-01-02T15:47:13.746+0000] {processor.py:830} INFO - Processing file /opt/airflow/dags/prediction_dag.py for tasks to queue
[2026-01-02T15:47:13.747+0000] {logging_mixin.py:188} INFO - [2026-01-02T15:47:13.747+0000] {dagbag.py:540} INFO - Filling up the DagBag from /opt/airflow/dags/prediction_dag.py
[2026-01-02T15:47:13.777+0000] {processor.py:840} INFO - DAG(s) 'prediction_dag' retrieved from /opt/airflow/dags/prediction_dag.py
[2026-01-02T15:47:13.821+0000] {logging_mixin.py:188} INFO - [2026-01-02T15:47:13.820+0000] {dag.py:3047} INFO - Sync 1 DAGs
[2026-01-02T15:47:13.864+0000] {logging_mixin.py:188} INFO - [2026-01-02T15:47:13.863+0000] {dag.py:3834} INFO - Setting next_dagrun for prediction_dag to 2026-01-02 15:46:00+00:00, run_after=2026-01-02 15:48:00+00:00
[2026-01-02T15:47:13.886+0000] {processor.py:183} INFO - Processing /opt/airflow/dags/prediction_dag.py took 0.160 seconds
[2026-01-02T15:47:44.286+0000] {processor.py:161} INFO - Started process (PID=11018) to work on /opt/airflow/dags/prediction_dag.py
[2026-01-02T15:47:44.290+0000] {processor.py:830} INFO - Processing file /opt/airflow/dags/prediction_dag.py for tasks to queue
[2026-01-02T15:47:44.292+0000] {logging_mixin.py:188} INFO - [2026-01-02T15:47:44.291+0000] {dagbag.py:540} INFO - Filling up the DagBag from /opt/airflow/dags/prediction_dag.py
[2026-01-02T15:47:44.328+0000] {processor.py:840} INFO - DAG(s) 'prediction_dag' retrieved from /opt/airflow/dags/prediction_dag.py
[2026-01-02T15:47:44.369+0000] {logging_mixin.py:188} INFO - [2026-01-02T15:47:44.369+0000] {dag.py:3047} INFO - Sync 1 DAGs
[2026-01-02T15:47:44.398+0000] {logging_mixin.py:188} INFO - [2026-01-02T15:47:44.398+0000] {dag.py:3834} INFO - Setting next_dagrun for prediction_dag to 2026-01-02 15:46:00+00:00, run_after=2026-01-02 15:48:00+00:00
[2026-01-02T15:47:44.411+0000] {processor.py:183} INFO - Processing /opt/airflow/dags/prediction_dag.py took 0.137 seconds
[2026-01-02T15:48:14.636+0000] {processor.py:161} INFO - Started process (PID=11104) to work on /opt/airflow/dags/prediction_dag.py
[2026-01-02T15:48:14.638+0000] {processor.py:830} INFO - Processing file /opt/airflow/dags/prediction_dag.py for tasks to queue
[2026-01-02T15:48:14.640+0000] {logging_mixin.py:188} INFO - [2026-01-02T15:48:14.639+0000] {dagbag.py:540} INFO - Filling up the DagBag from /opt/airflow/dags/prediction_dag.py
[2026-01-02T15:48:14.670+0000] {processor.py:840} INFO - DAG(s) 'prediction_dag' retrieved from /opt/airflow/dags/prediction_dag.py
[2026-01-02T15:48:14.720+0000] {logging_mixin.py:188} INFO - [2026-01-02T15:48:14.720+0000] {dag.py:3047} INFO - Sync 1 DAGs
[2026-01-02T15:48:14.747+0000] {logging_mixin.py:188} INFO - [2026-01-02T15:48:14.747+0000] {dag.py:3834} INFO - Setting next_dagrun for prediction_dag to 2026-01-02 15:48:00+00:00, run_after=2026-01-02 15:50:00+00:00
[2026-01-02T15:48:14.761+0000] {processor.py:183} INFO - Processing /opt/airflow/dags/prediction_dag.py took 0.136 seconds
[2026-01-02T15:48:44.908+0000] {processor.py:161} INFO - Started process (PID=11122) to work on /opt/airflow/dags/prediction_dag.py
[2026-01-02T15:48:44.915+0000] {processor.py:830} INFO - Processing file /opt/airflow/dags/prediction_dag.py for tasks to queue
[2026-01-02T15:48:44.916+0000] {logging_mixin.py:188} INFO - [2026-01-02T15:48:44.915+0000] {dagbag.py:540} INFO - Filling up the DagBag from /opt/airflow/dags/prediction_dag.py
[2026-01-02T15:48:44.952+0000] {processor.py:840} INFO - DAG(s) 'prediction_dag' retrieved from /opt/airflow/dags/prediction_dag.py
[2026-01-02T15:48:45.005+0000] {logging_mixin.py:188} INFO - [2026-01-02T15:48:45.005+0000] {dag.py:3047} INFO - Sync 1 DAGs
[2026-01-02T15:48:45.035+0000] {logging_mixin.py:188} INFO - [2026-01-02T15:48:45.035+0000] {dag.py:3834} INFO - Setting next_dagrun for prediction_dag to 2026-01-02 15:48:00+00:00, run_after=2026-01-02 15:50:00+00:00
[2026-01-02T15:48:45.057+0000] {processor.py:183} INFO - Processing /opt/airflow/dags/prediction_dag.py took 0.161 seconds
[2026-01-02T15:49:15.434+0000] {processor.py:161} INFO - Started process (PID=11202) to work on /opt/airflow/dags/prediction_dag.py
[2026-01-02T15:49:15.436+0000] {processor.py:830} INFO - Processing file /opt/airflow/dags/prediction_dag.py for tasks to queue
[2026-01-02T15:49:15.439+0000] {logging_mixin.py:188} INFO - [2026-01-02T15:49:15.438+0000] {dagbag.py:540} INFO - Filling up the DagBag from /opt/airflow/dags/prediction_dag.py
[2026-01-02T15:49:15.477+0000] {processor.py:840} INFO - DAG(s) 'prediction_dag' retrieved from /opt/airflow/dags/prediction_dag.py
[2026-01-02T15:49:15.521+0000] {logging_mixin.py:188} INFO - [2026-01-02T15:49:15.521+0000] {dag.py:3047} INFO - Sync 1 DAGs
[2026-01-02T15:49:15.550+0000] {logging_mixin.py:188} INFO - [2026-01-02T15:49:15.550+0000] {dag.py:3834} INFO - Setting next_dagrun for prediction_dag to 2026-01-02 15:48:00+00:00, run_after=2026-01-02 15:50:00+00:00
[2026-01-02T15:49:15.563+0000] {processor.py:183} INFO - Processing /opt/airflow/dags/prediction_dag.py took 0.144 seconds
[2026-01-02T15:49:45.811+0000] {processor.py:161} INFO - Started process (PID=11220) to work on /opt/airflow/dags/prediction_dag.py
[2026-01-02T15:49:45.813+0000] {processor.py:830} INFO - Processing file /opt/airflow/dags/prediction_dag.py for tasks to queue
[2026-01-02T15:49:45.815+0000] {logging_mixin.py:188} INFO - [2026-01-02T15:49:45.814+0000] {dagbag.py:540} INFO - Filling up the DagBag from /opt/airflow/dags/prediction_dag.py
[2026-01-02T15:49:45.850+0000] {processor.py:840} INFO - DAG(s) 'prediction_dag' retrieved from /opt/airflow/dags/prediction_dag.py
[2026-01-02T15:49:45.892+0000] {logging_mixin.py:188} INFO - [2026-01-02T15:49:45.891+0000] {dag.py:3047} INFO - Sync 1 DAGs
[2026-01-02T15:49:45.916+0000] {logging_mixin.py:188} INFO - [2026-01-02T15:49:45.916+0000] {dag.py:3834} INFO - Setting next_dagrun for prediction_dag to 2026-01-02 15:48:00+00:00, run_after=2026-01-02 15:50:00+00:00
[2026-01-02T15:49:45.933+0000] {processor.py:183} INFO - Processing /opt/airflow/dags/prediction_dag.py took 0.137 seconds
[2026-01-02T15:50:16.275+0000] {processor.py:161} INFO - Started process (PID=11306) to work on /opt/airflow/dags/prediction_dag.py
[2026-01-02T15:50:16.277+0000] {processor.py:830} INFO - Processing file /opt/airflow/dags/prediction_dag.py for tasks to queue
[2026-01-02T15:50:16.278+0000] {logging_mixin.py:188} INFO - [2026-01-02T15:50:16.278+0000] {dagbag.py:540} INFO - Filling up the DagBag from /opt/airflow/dags/prediction_dag.py
[2026-01-02T15:50:16.313+0000] {processor.py:840} INFO - DAG(s) 'prediction_dag' retrieved from /opt/airflow/dags/prediction_dag.py
[2026-01-02T15:50:16.353+0000] {logging_mixin.py:188} INFO - [2026-01-02T15:50:16.353+0000] {dag.py:3047} INFO - Sync 1 DAGs
[2026-01-02T15:50:16.380+0000] {logging_mixin.py:188} INFO - [2026-01-02T15:50:16.380+0000] {dag.py:3834} INFO - Setting next_dagrun for prediction_dag to 2026-01-02 15:50:00+00:00, run_after=2026-01-02 15:52:00+00:00
[2026-01-02T15:50:16.393+0000] {processor.py:183} INFO - Processing /opt/airflow/dags/prediction_dag.py took 0.130 seconds
[2026-01-02T15:50:46.814+0000] {processor.py:161} INFO - Started process (PID=11324) to work on /opt/airflow/dags/prediction_dag.py
[2026-01-02T15:50:46.817+0000] {processor.py:830} INFO - Processing file /opt/airflow/dags/prediction_dag.py for tasks to queue
[2026-01-02T15:50:46.820+0000] {logging_mixin.py:188} INFO - [2026-01-02T15:50:46.817+0000] {dagbag.py:540} INFO - Filling up the DagBag from /opt/airflow/dags/prediction_dag.py
[2026-01-02T15:50:46.853+0000] {processor.py:840} INFO - DAG(s) 'prediction_dag' retrieved from /opt/airflow/dags/prediction_dag.py
[2026-01-02T15:50:46.892+0000] {logging_mixin.py:188} INFO - [2026-01-02T15:50:46.892+0000] {dag.py:3047} INFO - Sync 1 DAGs
[2026-01-02T15:50:46.914+0000] {logging_mixin.py:188} INFO - [2026-01-02T15:50:46.914+0000] {dag.py:3834} INFO - Setting next_dagrun for prediction_dag to 2026-01-02 15:50:00+00:00, run_after=2026-01-02 15:52:00+00:00
[2026-01-02T15:50:46.931+0000] {processor.py:183} INFO - Processing /opt/airflow/dags/prediction_dag.py took 0.132 seconds
[2026-01-02T15:51:17.365+0000] {processor.py:161} INFO - Started process (PID=11404) to work on /opt/airflow/dags/prediction_dag.py
[2026-01-02T15:51:17.368+0000] {processor.py:830} INFO - Processing file /opt/airflow/dags/prediction_dag.py for tasks to queue
[2026-01-02T15:51:17.369+0000] {logging_mixin.py:188} INFO - [2026-01-02T15:51:17.369+0000] {dagbag.py:540} INFO - Filling up the DagBag from /opt/airflow/dags/prediction_dag.py
[2026-01-02T15:51:17.397+0000] {processor.py:840} INFO - DAG(s) 'prediction_dag' retrieved from /opt/airflow/dags/prediction_dag.py
[2026-01-02T15:51:17.438+0000] {logging_mixin.py:188} INFO - [2026-01-02T15:51:17.438+0000] {dag.py:3047} INFO - Sync 1 DAGs
[2026-01-02T15:51:17.461+0000] {logging_mixin.py:188} INFO - [2026-01-02T15:51:17.460+0000] {dag.py:3834} INFO - Setting next_dagrun for prediction_dag to 2026-01-02 15:50:00+00:00, run_after=2026-01-02 15:52:00+00:00
[2026-01-02T15:51:17.473+0000] {processor.py:183} INFO - Processing /opt/airflow/dags/prediction_dag.py took 0.128 seconds
[2026-01-02T15:51:47.530+0000] {processor.py:161} INFO - Started process (PID=11422) to work on /opt/airflow/dags/prediction_dag.py
[2026-01-02T15:51:47.533+0000] {processor.py:830} INFO - Processing file /opt/airflow/dags/prediction_dag.py for tasks to queue
[2026-01-02T15:51:47.534+0000] {logging_mixin.py:188} INFO - [2026-01-02T15:51:47.533+0000] {dagbag.py:540} INFO - Filling up the DagBag from /opt/airflow/dags/prediction_dag.py
[2026-01-02T15:51:47.555+0000] {processor.py:840} INFO - DAG(s) 'prediction_dag' retrieved from /opt/airflow/dags/prediction_dag.py
[2026-01-02T15:51:47.586+0000] {logging_mixin.py:188} INFO - [2026-01-02T15:51:47.586+0000] {dag.py:3047} INFO - Sync 1 DAGs
[2026-01-02T15:51:47.609+0000] {logging_mixin.py:188} INFO - [2026-01-02T15:51:47.609+0000] {dag.py:3834} INFO - Setting next_dagrun for prediction_dag to 2026-01-02 15:50:00+00:00, run_after=2026-01-02 15:52:00+00:00
[2026-01-02T15:51:47.620+0000] {processor.py:183} INFO - Processing /opt/airflow/dags/prediction_dag.py took 0.096 seconds
[2026-01-02T15:52:17.708+0000] {processor.py:161} INFO - Started process (PID=11508) to work on /opt/airflow/dags/prediction_dag.py
[2026-01-02T15:52:17.709+0000] {processor.py:830} INFO - Processing file /opt/airflow/dags/prediction_dag.py for tasks to queue
[2026-01-02T15:52:17.709+0000] {logging_mixin.py:188} INFO - [2026-01-02T15:52:17.709+0000] {dagbag.py:540} INFO - Filling up the DagBag from /opt/airflow/dags/prediction_dag.py
[2026-01-02T15:52:17.718+0000] {processor.py:840} INFO - DAG(s) 'prediction_dag' retrieved from /opt/airflow/dags/prediction_dag.py
[2026-01-02T15:52:17.735+0000] {logging_mixin.py:188} INFO - [2026-01-02T15:52:17.735+0000] {dag.py:3047} INFO - Sync 1 DAGs
[2026-01-02T15:52:17.751+0000] {logging_mixin.py:188} INFO - [2026-01-02T15:52:17.751+0000] {dag.py:3834} INFO - Setting next_dagrun for prediction_dag to 2026-01-02 15:52:00+00:00, run_after=2026-01-02 15:54:00+00:00
[2026-01-02T15:52:17.761+0000] {processor.py:183} INFO - Processing /opt/airflow/dags/prediction_dag.py took 0.055 seconds
[2026-01-02T15:52:48.149+0000] {processor.py:161} INFO - Started process (PID=11515) to work on /opt/airflow/dags/prediction_dag.py
[2026-01-02T15:52:48.151+0000] {processor.py:830} INFO - Processing file /opt/airflow/dags/prediction_dag.py for tasks to queue
[2026-01-02T15:52:48.153+0000] {logging_mixin.py:188} INFO - [2026-01-02T15:52:48.152+0000] {dagbag.py:540} INFO - Filling up the DagBag from /opt/airflow/dags/prediction_dag.py
[2026-01-02T15:52:48.186+0000] {processor.py:840} INFO - DAG(s) 'prediction_dag' retrieved from /opt/airflow/dags/prediction_dag.py
[2026-01-02T15:52:48.243+0000] {logging_mixin.py:188} INFO - [2026-01-02T15:52:48.243+0000] {dag.py:3047} INFO - Sync 1 DAGs
[2026-01-02T15:52:48.274+0000] {logging_mixin.py:188} INFO - [2026-01-02T15:52:48.274+0000] {dag.py:3834} INFO - Setting next_dagrun for prediction_dag to 2026-01-02 15:52:00+00:00, run_after=2026-01-02 15:54:00+00:00
[2026-01-02T15:52:48.293+0000] {processor.py:183} INFO - Processing /opt/airflow/dags/prediction_dag.py took 0.155 seconds
[2026-01-02T15:53:18.749+0000] {processor.py:161} INFO - Started process (PID=11593) to work on /opt/airflow/dags/prediction_dag.py
[2026-01-02T15:53:18.752+0000] {processor.py:830} INFO - Processing file /opt/airflow/dags/prediction_dag.py for tasks to queue
[2026-01-02T15:53:18.754+0000] {logging_mixin.py:188} INFO - [2026-01-02T15:53:18.753+0000] {dagbag.py:540} INFO - Filling up the DagBag from /opt/airflow/dags/prediction_dag.py
[2026-01-02T15:53:18.786+0000] {processor.py:840} INFO - DAG(s) 'prediction_dag' retrieved from /opt/airflow/dags/prediction_dag.py
[2026-01-02T15:53:18.832+0000] {logging_mixin.py:188} INFO - [2026-01-02T15:53:18.832+0000] {dag.py:3047} INFO - Sync 1 DAGs
[2026-01-02T15:53:18.854+0000] {logging_mixin.py:188} INFO - [2026-01-02T15:53:18.854+0000] {dag.py:3834} INFO - Setting next_dagrun for prediction_dag to 2026-01-02 15:52:00+00:00, run_after=2026-01-02 15:54:00+00:00
[2026-01-02T15:53:18.872+0000] {processor.py:183} INFO - Processing /opt/airflow/dags/prediction_dag.py took 0.136 seconds
[2026-01-02T15:53:49.258+0000] {processor.py:161} INFO - Started process (PID=11611) to work on /opt/airflow/dags/prediction_dag.py
[2026-01-02T15:53:49.261+0000] {processor.py:830} INFO - Processing file /opt/airflow/dags/prediction_dag.py for tasks to queue
[2026-01-02T15:53:49.263+0000] {logging_mixin.py:188} INFO - [2026-01-02T15:53:49.262+0000] {dagbag.py:540} INFO - Filling up the DagBag from /opt/airflow/dags/prediction_dag.py
[2026-01-02T15:53:49.293+0000] {processor.py:840} INFO - DAG(s) 'prediction_dag' retrieved from /opt/airflow/dags/prediction_dag.py
[2026-01-02T15:53:49.332+0000] {logging_mixin.py:188} INFO - [2026-01-02T15:53:49.332+0000] {dag.py:3047} INFO - Sync 1 DAGs
[2026-01-02T15:53:49.369+0000] {logging_mixin.py:188} INFO - [2026-01-02T15:53:49.369+0000] {dag.py:3834} INFO - Setting next_dagrun for prediction_dag to 2026-01-02 15:52:00+00:00, run_after=2026-01-02 15:54:00+00:00
[2026-01-02T15:53:49.383+0000] {processor.py:183} INFO - Processing /opt/airflow/dags/prediction_dag.py took 0.135 seconds
[2026-01-02T15:54:19.785+0000] {processor.py:161} INFO - Started process (PID=11697) to work on /opt/airflow/dags/prediction_dag.py
[2026-01-02T15:54:19.788+0000] {processor.py:830} INFO - Processing file /opt/airflow/dags/prediction_dag.py for tasks to queue
[2026-01-02T15:54:19.789+0000] {logging_mixin.py:188} INFO - [2026-01-02T15:54:19.789+0000] {dagbag.py:540} INFO - Filling up the DagBag from /opt/airflow/dags/prediction_dag.py
[2026-01-02T15:54:19.822+0000] {processor.py:840} INFO - DAG(s) 'prediction_dag' retrieved from /opt/airflow/dags/prediction_dag.py
[2026-01-02T15:54:19.869+0000] {logging_mixin.py:188} INFO - [2026-01-02T15:54:19.869+0000] {dag.py:3047} INFO - Sync 1 DAGs
[2026-01-02T15:54:19.894+0000] {logging_mixin.py:188} INFO - [2026-01-02T15:54:19.894+0000] {dag.py:3834} INFO - Setting next_dagrun for prediction_dag to 2026-01-02 15:54:00+00:00, run_after=2026-01-02 15:56:00+00:00
[2026-01-02T15:54:19.914+0000] {processor.py:183} INFO - Processing /opt/airflow/dags/prediction_dag.py took 0.139 seconds
[2026-01-02T15:54:50.417+0000] {processor.py:161} INFO - Started process (PID=11715) to work on /opt/airflow/dags/prediction_dag.py
[2026-01-02T15:54:50.421+0000] {processor.py:830} INFO - Processing file /opt/airflow/dags/prediction_dag.py for tasks to queue
[2026-01-02T15:54:50.425+0000] {logging_mixin.py:188} INFO - [2026-01-02T15:54:50.422+0000] {dagbag.py:540} INFO - Filling up the DagBag from /opt/airflow/dags/prediction_dag.py
[2026-01-02T15:54:50.457+0000] {processor.py:840} INFO - DAG(s) 'prediction_dag' retrieved from /opt/airflow/dags/prediction_dag.py
[2026-01-02T15:54:50.503+0000] {logging_mixin.py:188} INFO - [2026-01-02T15:54:50.503+0000] {dag.py:3047} INFO - Sync 1 DAGs
[2026-01-02T15:54:50.532+0000] {logging_mixin.py:188} INFO - [2026-01-02T15:54:50.532+0000] {dag.py:3834} INFO - Setting next_dagrun for prediction_dag to 2026-01-02 15:54:00+00:00, run_after=2026-01-02 15:56:00+00:00
[2026-01-02T15:54:50.545+0000] {processor.py:183} INFO - Processing /opt/airflow/dags/prediction_dag.py took 0.138 seconds
[2026-01-02T15:55:20.952+0000] {processor.py:161} INFO - Started process (PID=11795) to work on /opt/airflow/dags/prediction_dag.py
[2026-01-02T15:55:20.954+0000] {processor.py:830} INFO - Processing file /opt/airflow/dags/prediction_dag.py for tasks to queue
[2026-01-02T15:55:20.956+0000] {logging_mixin.py:188} INFO - [2026-01-02T15:55:20.955+0000] {dagbag.py:540} INFO - Filling up the DagBag from /opt/airflow/dags/prediction_dag.py
[2026-01-02T15:55:20.987+0000] {processor.py:840} INFO - DAG(s) 'prediction_dag' retrieved from /opt/airflow/dags/prediction_dag.py
[2026-01-02T15:55:21.035+0000] {logging_mixin.py:188} INFO - [2026-01-02T15:55:21.035+0000] {dag.py:3047} INFO - Sync 1 DAGs
[2026-01-02T15:55:21.063+0000] {logging_mixin.py:188} INFO - [2026-01-02T15:55:21.063+0000] {dag.py:3834} INFO - Setting next_dagrun for prediction_dag to 2026-01-02 15:54:00+00:00, run_after=2026-01-02 15:56:00+00:00
[2026-01-02T15:55:21.077+0000] {processor.py:183} INFO - Processing /opt/airflow/dags/prediction_dag.py took 0.140 seconds
[2026-01-02T15:55:51.529+0000] {processor.py:161} INFO - Started process (PID=11813) to work on /opt/airflow/dags/prediction_dag.py
[2026-01-02T15:55:51.532+0000] {processor.py:830} INFO - Processing file /opt/airflow/dags/prediction_dag.py for tasks to queue
[2026-01-02T15:55:51.534+0000] {logging_mixin.py:188} INFO - [2026-01-02T15:55:51.533+0000] {dagbag.py:540} INFO - Filling up the DagBag from /opt/airflow/dags/prediction_dag.py
[2026-01-02T15:55:51.562+0000] {processor.py:840} INFO - DAG(s) 'prediction_dag' retrieved from /opt/airflow/dags/prediction_dag.py
[2026-01-02T15:55:51.597+0000] {logging_mixin.py:188} INFO - [2026-01-02T15:55:51.596+0000] {dag.py:3047} INFO - Sync 1 DAGs
[2026-01-02T15:55:51.626+0000] {logging_mixin.py:188} INFO - [2026-01-02T15:55:51.626+0000] {dag.py:3834} INFO - Setting next_dagrun for prediction_dag to 2026-01-02 15:54:00+00:00, run_after=2026-01-02 15:56:00+00:00
[2026-01-02T15:55:51.638+0000] {processor.py:183} INFO - Processing /opt/airflow/dags/prediction_dag.py took 0.118 seconds
[2026-01-02T15:56:22.039+0000] {processor.py:161} INFO - Started process (PID=11899) to work on /opt/airflow/dags/prediction_dag.py
[2026-01-02T15:56:22.042+0000] {processor.py:830} INFO - Processing file /opt/airflow/dags/prediction_dag.py for tasks to queue
[2026-01-02T15:56:22.043+0000] {logging_mixin.py:188} INFO - [2026-01-02T15:56:22.043+0000] {dagbag.py:540} INFO - Filling up the DagBag from /opt/airflow/dags/prediction_dag.py
[2026-01-02T15:56:22.085+0000] {processor.py:840} INFO - DAG(s) 'prediction_dag' retrieved from /opt/airflow/dags/prediction_dag.py
[2026-01-02T15:56:22.137+0000] {logging_mixin.py:188} INFO - [2026-01-02T15:56:22.137+0000] {dag.py:3047} INFO - Sync 1 DAGs
[2026-01-02T15:56:22.165+0000] {logging_mixin.py:188} INFO - [2026-01-02T15:56:22.165+0000] {dag.py:3834} INFO - Setting next_dagrun for prediction_dag to 2026-01-02 15:56:00+00:00, run_after=2026-01-02 15:58:00+00:00
[2026-01-02T15:56:22.178+0000] {processor.py:183} INFO - Processing /opt/airflow/dags/prediction_dag.py took 0.160 seconds
[2026-01-02T15:56:52.674+0000] {processor.py:161} INFO - Started process (PID=11917) to work on /opt/airflow/dags/prediction_dag.py
[2026-01-02T15:56:52.677+0000] {processor.py:830} INFO - Processing file /opt/airflow/dags/prediction_dag.py for tasks to queue
[2026-01-02T15:56:52.679+0000] {logging_mixin.py:188} INFO - [2026-01-02T15:56:52.678+0000] {dagbag.py:540} INFO - Filling up the DagBag from /opt/airflow/dags/prediction_dag.py
[2026-01-02T15:56:52.721+0000] {processor.py:840} INFO - DAG(s) 'prediction_dag' retrieved from /opt/airflow/dags/prediction_dag.py
[2026-01-02T15:56:52.770+0000] {logging_mixin.py:188} INFO - [2026-01-02T15:56:52.770+0000] {dag.py:3047} INFO - Sync 1 DAGs
[2026-01-02T15:56:52.798+0000] {logging_mixin.py:188} INFO - [2026-01-02T15:56:52.798+0000] {dag.py:3834} INFO - Setting next_dagrun for prediction_dag to 2026-01-02 15:56:00+00:00, run_after=2026-01-02 15:58:00+00:00
[2026-01-02T15:56:52.809+0000] {processor.py:183} INFO - Processing /opt/airflow/dags/prediction_dag.py took 0.146 seconds
[2026-01-02T15:57:23.187+0000] {processor.py:161} INFO - Started process (PID=11997) to work on /opt/airflow/dags/prediction_dag.py
[2026-01-02T15:57:23.190+0000] {processor.py:830} INFO - Processing file /opt/airflow/dags/prediction_dag.py for tasks to queue
[2026-01-02T15:57:23.192+0000] {logging_mixin.py:188} INFO - [2026-01-02T15:57:23.191+0000] {dagbag.py:540} INFO - Filling up the DagBag from /opt/airflow/dags/prediction_dag.py
[2026-01-02T15:57:23.242+0000] {processor.py:840} INFO - DAG(s) 'prediction_dag' retrieved from /opt/airflow/dags/prediction_dag.py
[2026-01-02T15:57:23.295+0000] {logging_mixin.py:188} INFO - [2026-01-02T15:57:23.294+0000] {dag.py:3047} INFO - Sync 1 DAGs
[2026-01-02T15:57:23.324+0000] {logging_mixin.py:188} INFO - [2026-01-02T15:57:23.324+0000] {dag.py:3834} INFO - Setting next_dagrun for prediction_dag to 2026-01-02 15:56:00+00:00, run_after=2026-01-02 15:58:00+00:00
[2026-01-02T15:57:23.340+0000] {processor.py:183} INFO - Processing /opt/airflow/dags/prediction_dag.py took 0.170 seconds
[2026-01-02T15:57:53.438+0000] {processor.py:161} INFO - Started process (PID=12015) to work on /opt/airflow/dags/prediction_dag.py
[2026-01-02T15:57:53.440+0000] {processor.py:830} INFO - Processing file /opt/airflow/dags/prediction_dag.py for tasks to queue
[2026-01-02T15:57:53.441+0000] {logging_mixin.py:188} INFO - [2026-01-02T15:57:53.441+0000] {dagbag.py:540} INFO - Filling up the DagBag from /opt/airflow/dags/prediction_dag.py
[2026-01-02T15:57:53.467+0000] {processor.py:840} INFO - DAG(s) 'prediction_dag' retrieved from /opt/airflow/dags/prediction_dag.py
[2026-01-02T15:57:53.513+0000] {logging_mixin.py:188} INFO - [2026-01-02T15:57:53.513+0000] {dag.py:3047} INFO - Sync 1 DAGs
[2026-01-02T15:57:53.544+0000] {logging_mixin.py:188} INFO - [2026-01-02T15:57:53.544+0000] {dag.py:3834} INFO - Setting next_dagrun for prediction_dag to 2026-01-02 15:56:00+00:00, run_after=2026-01-02 15:58:00+00:00
[2026-01-02T15:57:53.558+0000] {processor.py:183} INFO - Processing /opt/airflow/dags/prediction_dag.py took 0.129 seconds
[2026-01-02T15:58:23.789+0000] {processor.py:161} INFO - Started process (PID=12101) to work on /opt/airflow/dags/prediction_dag.py
[2026-01-02T15:58:23.793+0000] {processor.py:830} INFO - Processing file /opt/airflow/dags/prediction_dag.py for tasks to queue
[2026-01-02T15:58:23.795+0000] {logging_mixin.py:188} INFO - [2026-01-02T15:58:23.794+0000] {dagbag.py:540} INFO - Filling up the DagBag from /opt/airflow/dags/prediction_dag.py
[2026-01-02T15:58:23.833+0000] {processor.py:840} INFO - DAG(s) 'prediction_dag' retrieved from /opt/airflow/dags/prediction_dag.py
[2026-01-02T15:58:23.876+0000] {logging_mixin.py:188} INFO - [2026-01-02T15:58:23.876+0000] {dag.py:3047} INFO - Sync 1 DAGs
[2026-01-02T15:58:23.908+0000] {logging_mixin.py:188} INFO - [2026-01-02T15:58:23.907+0000] {dag.py:3834} INFO - Setting next_dagrun for prediction_dag to 2026-01-02 15:58:00+00:00, run_after=2026-01-02 16:00:00+00:00
[2026-01-02T15:58:23.921+0000] {processor.py:183} INFO - Processing /opt/airflow/dags/prediction_dag.py took 0.145 seconds
[2026-01-02T15:58:54.162+0000] {processor.py:161} INFO - Started process (PID=12119) to work on /opt/airflow/dags/prediction_dag.py
[2026-01-02T15:58:54.164+0000] {processor.py:830} INFO - Processing file /opt/airflow/dags/prediction_dag.py for tasks to queue
[2026-01-02T15:58:54.166+0000] {logging_mixin.py:188} INFO - [2026-01-02T15:58:54.165+0000] {dagbag.py:540} INFO - Filling up the DagBag from /opt/airflow/dags/prediction_dag.py
[2026-01-02T15:58:54.201+0000] {processor.py:840} INFO - DAG(s) 'prediction_dag' retrieved from /opt/airflow/dags/prediction_dag.py
[2026-01-02T15:58:54.242+0000] {logging_mixin.py:188} INFO - [2026-01-02T15:58:54.242+0000] {dag.py:3047} INFO - Sync 1 DAGs
[2026-01-02T15:58:54.271+0000] {logging_mixin.py:188} INFO - [2026-01-02T15:58:54.271+0000] {dag.py:3834} INFO - Setting next_dagrun for prediction_dag to 2026-01-02 15:58:00+00:00, run_after=2026-01-02 16:00:00+00:00
[2026-01-02T15:58:54.284+0000] {processor.py:183} INFO - Processing /opt/airflow/dags/prediction_dag.py took 0.140 seconds
[2026-01-02T15:59:24.411+0000] {processor.py:161} INFO - Started process (PID=12199) to work on /opt/airflow/dags/prediction_dag.py
[2026-01-02T15:59:24.413+0000] {processor.py:830} INFO - Processing file /opt/airflow/dags/prediction_dag.py for tasks to queue
[2026-01-02T15:59:24.415+0000] {logging_mixin.py:188} INFO - [2026-01-02T15:59:24.414+0000] {dagbag.py:540} INFO - Filling up the DagBag from /opt/airflow/dags/prediction_dag.py
[2026-01-02T15:59:24.447+0000] {processor.py:840} INFO - DAG(s) 'prediction_dag' retrieved from /opt/airflow/dags/prediction_dag.py
[2026-01-02T15:59:24.492+0000] {logging_mixin.py:188} INFO - [2026-01-02T15:59:24.491+0000] {dag.py:3047} INFO - Sync 1 DAGs
[2026-01-02T15:59:24.519+0000] {logging_mixin.py:188} INFO - [2026-01-02T15:59:24.519+0000] {dag.py:3834} INFO - Setting next_dagrun for prediction_dag to 2026-01-02 15:58:00+00:00, run_after=2026-01-02 16:00:00+00:00
[2026-01-02T15:59:24.532+0000] {processor.py:183} INFO - Processing /opt/airflow/dags/prediction_dag.py took 0.135 seconds
[2026-01-02T15:59:54.633+0000] {processor.py:161} INFO - Started process (PID=12217) to work on /opt/airflow/dags/prediction_dag.py
[2026-01-02T15:59:54.636+0000] {processor.py:830} INFO - Processing file /opt/airflow/dags/prediction_dag.py for tasks to queue
[2026-01-02T15:59:54.638+0000] {logging_mixin.py:188} INFO - [2026-01-02T15:59:54.637+0000] {dagbag.py:540} INFO - Filling up the DagBag from /opt/airflow/dags/prediction_dag.py
[2026-01-02T15:59:54.675+0000] {processor.py:840} INFO - DAG(s) 'prediction_dag' retrieved from /opt/airflow/dags/prediction_dag.py
[2026-01-02T15:59:54.719+0000] {logging_mixin.py:188} INFO - [2026-01-02T15:59:54.719+0000] {dag.py:3047} INFO - Sync 1 DAGs
[2026-01-02T15:59:54.742+0000] {logging_mixin.py:188} INFO - [2026-01-02T15:59:54.742+0000] {dag.py:3834} INFO - Setting next_dagrun for prediction_dag to 2026-01-02 15:58:00+00:00, run_after=2026-01-02 16:00:00+00:00
[2026-01-02T15:59:54.760+0000] {processor.py:183} INFO - Processing /opt/airflow/dags/prediction_dag.py took 0.144 seconds
[2026-01-02T16:00:25.130+0000] {processor.py:161} INFO - Started process (PID=12303) to work on /opt/airflow/dags/prediction_dag.py
[2026-01-02T16:00:25.132+0000] {processor.py:830} INFO - Processing file /opt/airflow/dags/prediction_dag.py for tasks to queue
[2026-01-02T16:00:25.133+0000] {logging_mixin.py:188} INFO - [2026-01-02T16:00:25.133+0000] {dagbag.py:540} INFO - Filling up the DagBag from /opt/airflow/dags/prediction_dag.py
[2026-01-02T16:00:25.154+0000] {processor.py:840} INFO - DAG(s) 'prediction_dag' retrieved from /opt/airflow/dags/prediction_dag.py
[2026-01-02T16:00:25.180+0000] {logging_mixin.py:188} INFO - [2026-01-02T16:00:25.180+0000] {dag.py:3047} INFO - Sync 1 DAGs
[2026-01-02T16:00:25.195+0000] {logging_mixin.py:188} INFO - [2026-01-02T16:00:25.195+0000] {dag.py:3834} INFO - Setting next_dagrun for prediction_dag to 2026-01-02 16:00:00+00:00, run_after=2026-01-02 16:02:00+00:00
[2026-01-02T16:00:25.205+0000] {processor.py:183} INFO - Processing /opt/airflow/dags/prediction_dag.py took 0.084 seconds
[2026-01-02T16:00:55.399+0000] {processor.py:161} INFO - Started process (PID=12321) to work on /opt/airflow/dags/prediction_dag.py
[2026-01-02T16:00:55.402+0000] {processor.py:830} INFO - Processing file /opt/airflow/dags/prediction_dag.py for tasks to queue
[2026-01-02T16:00:55.404+0000] {logging_mixin.py:188} INFO - [2026-01-02T16:00:55.403+0000] {dagbag.py:540} INFO - Filling up the DagBag from /opt/airflow/dags/prediction_dag.py
[2026-01-02T16:00:55.426+0000] {processor.py:840} INFO - DAG(s) 'prediction_dag' retrieved from /opt/airflow/dags/prediction_dag.py
[2026-01-02T16:00:55.448+0000] {logging_mixin.py:188} INFO - [2026-01-02T16:00:55.448+0000] {dag.py:3047} INFO - Sync 1 DAGs
[2026-01-02T16:00:55.462+0000] {logging_mixin.py:188} INFO - [2026-01-02T16:00:55.462+0000] {dag.py:3834} INFO - Setting next_dagrun for prediction_dag to 2026-01-02 16:00:00+00:00, run_after=2026-01-02 16:02:00+00:00
[2026-01-02T16:00:55.472+0000] {processor.py:183} INFO - Processing /opt/airflow/dags/prediction_dag.py took 0.081 seconds
[2026-01-02T16:01:25.913+0000] {processor.py:161} INFO - Started process (PID=12399) to work on /opt/airflow/dags/prediction_dag.py
[2026-01-02T16:01:25.918+0000] {processor.py:830} INFO - Processing file /opt/airflow/dags/prediction_dag.py for tasks to queue
[2026-01-02T16:01:25.919+0000] {logging_mixin.py:188} INFO - [2026-01-02T16:01:25.919+0000] {dagbag.py:540} INFO - Filling up the DagBag from /opt/airflow/dags/prediction_dag.py
[2026-01-02T16:01:25.936+0000] {processor.py:840} INFO - DAG(s) 'prediction_dag' retrieved from /opt/airflow/dags/prediction_dag.py
[2026-01-02T16:01:25.969+0000] {logging_mixin.py:188} INFO - [2026-01-02T16:01:25.969+0000] {dag.py:3047} INFO - Sync 1 DAGs
[2026-01-02T16:01:25.993+0000] {logging_mixin.py:188} INFO - [2026-01-02T16:01:25.993+0000] {dag.py:3834} INFO - Setting next_dagrun for prediction_dag to 2026-01-02 16:00:00+00:00, run_after=2026-01-02 16:02:00+00:00
[2026-01-02T16:01:26.003+0000] {processor.py:183} INFO - Processing /opt/airflow/dags/prediction_dag.py took 0.097 seconds
[2026-01-02T16:01:56.438+0000] {processor.py:161} INFO - Started process (PID=12406) to work on /opt/airflow/dags/prediction_dag.py
[2026-01-02T16:01:56.439+0000] {processor.py:830} INFO - Processing file /opt/airflow/dags/prediction_dag.py for tasks to queue
[2026-01-02T16:01:56.440+0000] {logging_mixin.py:188} INFO - [2026-01-02T16:01:56.439+0000] {dagbag.py:540} INFO - Filling up the DagBag from /opt/airflow/dags/prediction_dag.py
[2026-01-02T16:01:56.475+0000] {processor.py:840} INFO - DAG(s) 'prediction_dag' retrieved from /opt/airflow/dags/prediction_dag.py
[2026-01-02T16:01:56.519+0000] {logging_mixin.py:188} INFO - [2026-01-02T16:01:56.518+0000] {dag.py:3047} INFO - Sync 1 DAGs
[2026-01-02T16:01:56.544+0000] {logging_mixin.py:188} INFO - [2026-01-02T16:01:56.544+0000] {dag.py:3834} INFO - Setting next_dagrun for prediction_dag to 2026-01-02 16:00:00+00:00, run_after=2026-01-02 16:02:00+00:00
[2026-01-02T16:01:56.558+0000] {processor.py:183} INFO - Processing /opt/airflow/dags/prediction_dag.py took 0.134 seconds
[2026-01-02T16:02:26.990+0000] {processor.py:161} INFO - Started process (PID=12492) to work on /opt/airflow/dags/prediction_dag.py
[2026-01-02T16:02:26.993+0000] {processor.py:830} INFO - Processing file /opt/airflow/dags/prediction_dag.py for tasks to queue
[2026-01-02T16:02:26.996+0000] {logging_mixin.py:188} INFO - [2026-01-02T16:02:26.995+0000] {dagbag.py:540} INFO - Filling up the DagBag from /opt/airflow/dags/prediction_dag.py
[2026-01-02T16:02:27.040+0000] {processor.py:840} INFO - DAG(s) 'prediction_dag' retrieved from /opt/airflow/dags/prediction_dag.py
[2026-01-02T16:02:27.098+0000] {logging_mixin.py:188} INFO - [2026-01-02T16:02:27.097+0000] {dag.py:3047} INFO - Sync 1 DAGs
[2026-01-02T16:02:27.126+0000] {logging_mixin.py:188} INFO - [2026-01-02T16:02:27.125+0000] {dag.py:3834} INFO - Setting next_dagrun for prediction_dag to 2026-01-02 16:02:00+00:00, run_after=2026-01-02 16:04:00+00:00
[2026-01-02T16:02:27.144+0000] {processor.py:183} INFO - Processing /opt/airflow/dags/prediction_dag.py took 0.175 seconds
[2026-01-02T16:02:57.235+0000] {processor.py:161} INFO - Started process (PID=12510) to work on /opt/airflow/dags/prediction_dag.py
[2026-01-02T16:02:57.238+0000] {processor.py:830} INFO - Processing file /opt/airflow/dags/prediction_dag.py for tasks to queue
[2026-01-02T16:02:57.239+0000] {logging_mixin.py:188} INFO - [2026-01-02T16:02:57.239+0000] {dagbag.py:540} INFO - Filling up the DagBag from /opt/airflow/dags/prediction_dag.py
[2026-01-02T16:02:57.272+0000] {processor.py:840} INFO - DAG(s) 'prediction_dag' retrieved from /opt/airflow/dags/prediction_dag.py
[2026-01-02T16:02:57.321+0000] {logging_mixin.py:188} INFO - [2026-01-02T16:02:57.320+0000] {dag.py:3047} INFO - Sync 1 DAGs
[2026-01-02T16:02:57.349+0000] {logging_mixin.py:188} INFO - [2026-01-02T16:02:57.349+0000] {dag.py:3834} INFO - Setting next_dagrun for prediction_dag to 2026-01-02 16:02:00+00:00, run_after=2026-01-02 16:04:00+00:00
[2026-01-02T16:02:57.361+0000] {processor.py:183} INFO - Processing /opt/airflow/dags/prediction_dag.py took 0.139 seconds
[2026-01-02T16:03:27.734+0000] {processor.py:161} INFO - Started process (PID=12590) to work on /opt/airflow/dags/prediction_dag.py
[2026-01-02T16:03:27.737+0000] {processor.py:830} INFO - Processing file /opt/airflow/dags/prediction_dag.py for tasks to queue
[2026-01-02T16:03:27.739+0000] {logging_mixin.py:188} INFO - [2026-01-02T16:03:27.738+0000] {dagbag.py:540} INFO - Filling up the DagBag from /opt/airflow/dags/prediction_dag.py
[2026-01-02T16:03:27.779+0000] {processor.py:840} INFO - DAG(s) 'prediction_dag' retrieved from /opt/airflow/dags/prediction_dag.py
[2026-01-02T16:03:27.823+0000] {logging_mixin.py:188} INFO - [2026-01-02T16:03:27.823+0000] {dag.py:3047} INFO - Sync 1 DAGs
[2026-01-02T16:03:27.847+0000] {logging_mixin.py:188} INFO - [2026-01-02T16:03:27.847+0000] {dag.py:3834} INFO - Setting next_dagrun for prediction_dag to 2026-01-02 16:02:00+00:00, run_after=2026-01-02 16:04:00+00:00
[2026-01-02T16:03:27.860+0000] {processor.py:183} INFO - Processing /opt/airflow/dags/prediction_dag.py took 0.144 seconds
[2026-01-02T16:03:58.175+0000] {processor.py:161} INFO - Started process (PID=12608) to work on /opt/airflow/dags/prediction_dag.py
[2026-01-02T16:03:58.178+0000] {processor.py:830} INFO - Processing file /opt/airflow/dags/prediction_dag.py for tasks to queue
[2026-01-02T16:03:58.179+0000] {logging_mixin.py:188} INFO - [2026-01-02T16:03:58.178+0000] {dagbag.py:540} INFO - Filling up the DagBag from /opt/airflow/dags/prediction_dag.py
[2026-01-02T16:03:58.212+0000] {processor.py:840} INFO - DAG(s) 'prediction_dag' retrieved from /opt/airflow/dags/prediction_dag.py
[2026-01-02T16:03:58.249+0000] {logging_mixin.py:188} INFO - [2026-01-02T16:03:58.249+0000] {dag.py:3047} INFO - Sync 1 DAGs
[2026-01-02T16:03:58.274+0000] {logging_mixin.py:188} INFO - [2026-01-02T16:03:58.274+0000] {dag.py:3834} INFO - Setting next_dagrun for prediction_dag to 2026-01-02 16:02:00+00:00, run_after=2026-01-02 16:04:00+00:00
[2026-01-02T16:03:58.286+0000] {processor.py:183} INFO - Processing /opt/airflow/dags/prediction_dag.py took 0.123 seconds
[2026-01-02T16:04:28.504+0000] {processor.py:161} INFO - Started process (PID=12694) to work on /opt/airflow/dags/prediction_dag.py
[2026-01-02T16:04:28.512+0000] {processor.py:830} INFO - Processing file /opt/airflow/dags/prediction_dag.py for tasks to queue
[2026-01-02T16:04:28.514+0000] {logging_mixin.py:188} INFO - [2026-01-02T16:04:28.513+0000] {dagbag.py:540} INFO - Filling up the DagBag from /opt/airflow/dags/prediction_dag.py
[2026-01-02T16:04:28.553+0000] {processor.py:840} INFO - DAG(s) 'prediction_dag' retrieved from /opt/airflow/dags/prediction_dag.py
[2026-01-02T16:04:28.600+0000] {logging_mixin.py:188} INFO - [2026-01-02T16:04:28.600+0000] {dag.py:3047} INFO - Sync 1 DAGs
[2026-01-02T16:04:28.632+0000] {logging_mixin.py:188} INFO - [2026-01-02T16:04:28.632+0000] {dag.py:3834} INFO - Setting next_dagrun for prediction_dag to 2026-01-02 16:04:00+00:00, run_after=2026-01-02 16:06:00+00:00
[2026-01-02T16:04:28.645+0000] {processor.py:183} INFO - Processing /opt/airflow/dags/prediction_dag.py took 0.152 seconds
[2026-01-02T16:04:59.052+0000] {processor.py:161} INFO - Started process (PID=12712) to work on /opt/airflow/dags/prediction_dag.py
[2026-01-02T16:04:59.055+0000] {processor.py:830} INFO - Processing file /opt/airflow/dags/prediction_dag.py for tasks to queue
[2026-01-02T16:04:59.056+0000] {logging_mixin.py:188} INFO - [2026-01-02T16:04:59.056+0000] {dagbag.py:540} INFO - Filling up the DagBag from /opt/airflow/dags/prediction_dag.py
[2026-01-02T16:04:59.085+0000] {processor.py:840} INFO - DAG(s) 'prediction_dag' retrieved from /opt/airflow/dags/prediction_dag.py
[2026-01-02T16:04:59.120+0000] {logging_mixin.py:188} INFO - [2026-01-02T16:04:59.120+0000] {dag.py:3047} INFO - Sync 1 DAGs
[2026-01-02T16:04:59.152+0000] {logging_mixin.py:188} INFO - [2026-01-02T16:04:59.152+0000] {dag.py:3834} INFO - Setting next_dagrun for prediction_dag to 2026-01-02 16:04:00+00:00, run_after=2026-01-02 16:06:00+00:00
[2026-01-02T16:04:59.170+0000] {processor.py:183} INFO - Processing /opt/airflow/dags/prediction_dag.py took 0.128 seconds
[2026-01-02T16:05:29.523+0000] {processor.py:161} INFO - Started process (PID=12792) to work on /opt/airflow/dags/prediction_dag.py
[2026-01-02T16:05:29.531+0000] {processor.py:830} INFO - Processing file /opt/airflow/dags/prediction_dag.py for tasks to queue
[2026-01-02T16:05:29.533+0000] {logging_mixin.py:188} INFO - [2026-01-02T16:05:29.532+0000] {dagbag.py:540} INFO - Filling up the DagBag from /opt/airflow/dags/prediction_dag.py
[2026-01-02T16:05:29.569+0000] {processor.py:840} INFO - DAG(s) 'prediction_dag' retrieved from /opt/airflow/dags/prediction_dag.py
[2026-01-02T16:05:29.612+0000] {logging_mixin.py:188} INFO - [2026-01-02T16:05:29.612+0000] {dag.py:3047} INFO - Sync 1 DAGs
[2026-01-02T16:05:29.636+0000] {logging_mixin.py:188} INFO - [2026-01-02T16:05:29.636+0000] {dag.py:3834} INFO - Setting next_dagrun for prediction_dag to 2026-01-02 16:04:00+00:00, run_after=2026-01-02 16:06:00+00:00
[2026-01-02T16:05:29.652+0000] {processor.py:183} INFO - Processing /opt/airflow/dags/prediction_dag.py took 0.138 seconds
[2026-01-02T16:05:59.794+0000] {processor.py:161} INFO - Started process (PID=12810) to work on /opt/airflow/dags/prediction_dag.py
[2026-01-02T16:05:59.797+0000] {processor.py:830} INFO - Processing file /opt/airflow/dags/prediction_dag.py for tasks to queue
[2026-01-02T16:05:59.799+0000] {logging_mixin.py:188} INFO - [2026-01-02T16:05:59.798+0000] {dagbag.py:540} INFO - Filling up the DagBag from /opt/airflow/dags/prediction_dag.py
[2026-01-02T16:05:59.836+0000] {processor.py:840} INFO - DAG(s) 'prediction_dag' retrieved from /opt/airflow/dags/prediction_dag.py
[2026-01-02T16:05:59.882+0000] {logging_mixin.py:188} INFO - [2026-01-02T16:05:59.882+0000] {dag.py:3047} INFO - Sync 1 DAGs
[2026-01-02T16:05:59.908+0000] {logging_mixin.py:188} INFO - [2026-01-02T16:05:59.908+0000] {dag.py:3834} INFO - Setting next_dagrun for prediction_dag to 2026-01-02 16:04:00+00:00, run_after=2026-01-02 16:06:00+00:00
[2026-01-02T16:05:59.923+0000] {processor.py:183} INFO - Processing /opt/airflow/dags/prediction_dag.py took 0.144 seconds
[2026-01-02T16:06:30.266+0000] {processor.py:161} INFO - Started process (PID=12896) to work on /opt/airflow/dags/prediction_dag.py
[2026-01-02T16:06:30.268+0000] {processor.py:830} INFO - Processing file /opt/airflow/dags/prediction_dag.py for tasks to queue
[2026-01-02T16:06:30.269+0000] {logging_mixin.py:188} INFO - [2026-01-02T16:06:30.269+0000] {dagbag.py:540} INFO - Filling up the DagBag from /opt/airflow/dags/prediction_dag.py
[2026-01-02T16:06:30.297+0000] {processor.py:840} INFO - DAG(s) 'prediction_dag' retrieved from /opt/airflow/dags/prediction_dag.py
[2026-01-02T16:06:30.336+0000] {logging_mixin.py:188} INFO - [2026-01-02T16:06:30.336+0000] {dag.py:3047} INFO - Sync 1 DAGs
[2026-01-02T16:06:30.364+0000] {logging_mixin.py:188} INFO - [2026-01-02T16:06:30.364+0000] {dag.py:3834} INFO - Setting next_dagrun for prediction_dag to 2026-01-02 16:06:00+00:00, run_after=2026-01-02 16:08:00+00:00
[2026-01-02T16:06:30.377+0000] {processor.py:183} INFO - Processing /opt/airflow/dags/prediction_dag.py took 0.119 seconds
[2026-01-02T16:07:00.832+0000] {processor.py:161} INFO - Started process (PID=12915) to work on /opt/airflow/dags/prediction_dag.py
[2026-01-02T16:07:00.834+0000] {processor.py:830} INFO - Processing file /opt/airflow/dags/prediction_dag.py for tasks to queue
[2026-01-02T16:07:00.835+0000] {logging_mixin.py:188} INFO - [2026-01-02T16:07:00.835+0000] {dagbag.py:540} INFO - Filling up the DagBag from /opt/airflow/dags/prediction_dag.py
[2026-01-02T16:07:00.877+0000] {processor.py:840} INFO - DAG(s) 'prediction_dag' retrieved from /opt/airflow/dags/prediction_dag.py
[2026-01-02T16:07:00.953+0000] {logging_mixin.py:188} INFO - [2026-01-02T16:07:00.952+0000] {dag.py:3047} INFO - Sync 1 DAGs
[2026-01-02T16:07:00.991+0000] {logging_mixin.py:188} INFO - [2026-01-02T16:07:00.990+0000] {dag.py:3834} INFO - Setting next_dagrun for prediction_dag to 2026-01-02 16:06:00+00:00, run_after=2026-01-02 16:08:00+00:00
[2026-01-02T16:07:01.016+0000] {processor.py:183} INFO - Processing /opt/airflow/dags/prediction_dag.py took 0.197 seconds
[2026-01-02T16:07:31.217+0000] {processor.py:161} INFO - Started process (PID=12994) to work on /opt/airflow/dags/prediction_dag.py
[2026-01-02T16:07:31.224+0000] {processor.py:830} INFO - Processing file /opt/airflow/dags/prediction_dag.py for tasks to queue
[2026-01-02T16:07:31.226+0000] {logging_mixin.py:188} INFO - [2026-01-02T16:07:31.225+0000] {dagbag.py:540} INFO - Filling up the DagBag from /opt/airflow/dags/prediction_dag.py
[2026-01-02T16:07:31.264+0000] {processor.py:840} INFO - DAG(s) 'prediction_dag' retrieved from /opt/airflow/dags/prediction_dag.py
[2026-01-02T16:07:31.314+0000] {logging_mixin.py:188} INFO - [2026-01-02T16:07:31.313+0000] {dag.py:3047} INFO - Sync 1 DAGs
[2026-01-02T16:07:31.347+0000] {logging_mixin.py:188} INFO - [2026-01-02T16:07:31.347+0000] {dag.py:3834} INFO - Setting next_dagrun for prediction_dag to 2026-01-02 16:06:00+00:00, run_after=2026-01-02 16:08:00+00:00
[2026-01-02T16:07:31.362+0000] {processor.py:183} INFO - Processing /opt/airflow/dags/prediction_dag.py took 0.158 seconds
[2026-01-02T16:08:01.768+0000] {processor.py:161} INFO - Started process (PID=13025) to work on /opt/airflow/dags/prediction_dag.py
[2026-01-02T16:08:01.770+0000] {processor.py:830} INFO - Processing file /opt/airflow/dags/prediction_dag.py for tasks to queue
[2026-01-02T16:08:01.771+0000] {logging_mixin.py:188} INFO - [2026-01-02T16:08:01.770+0000] {dagbag.py:540} INFO - Filling up the DagBag from /opt/airflow/dags/prediction_dag.py
[2026-01-02T16:08:01.794+0000] {processor.py:840} INFO - DAG(s) 'prediction_dag' retrieved from /opt/airflow/dags/prediction_dag.py
[2026-01-02T16:08:01.836+0000] {logging_mixin.py:188} INFO - [2026-01-02T16:08:01.836+0000] {dag.py:3047} INFO - Sync 1 DAGs
[2026-01-02T16:08:01.869+0000] {logging_mixin.py:188} INFO - [2026-01-02T16:08:01.869+0000] {dag.py:3834} INFO - Setting next_dagrun for prediction_dag to 2026-01-02 16:08:00+00:00, run_after=2026-01-02 16:10:00+00:00
[2026-01-02T16:08:01.884+0000] {processor.py:183} INFO - Processing /opt/airflow/dags/prediction_dag.py took 0.123 seconds
[2026-01-02T16:08:32.300+0000] {processor.py:161} INFO - Started process (PID=13098) to work on /opt/airflow/dags/prediction_dag.py
[2026-01-02T16:08:32.304+0000] {processor.py:830} INFO - Processing file /opt/airflow/dags/prediction_dag.py for tasks to queue
[2026-01-02T16:08:32.309+0000] {logging_mixin.py:188} INFO - [2026-01-02T16:08:32.308+0000] {dagbag.py:540} INFO - Filling up the DagBag from /opt/airflow/dags/prediction_dag.py
[2026-01-02T16:08:32.340+0000] {processor.py:840} INFO - DAG(s) 'prediction_dag' retrieved from /opt/airflow/dags/prediction_dag.py
[2026-01-02T16:08:32.384+0000] {logging_mixin.py:188} INFO - [2026-01-02T16:08:32.383+0000] {dag.py:3047} INFO - Sync 1 DAGs
[2026-01-02T16:08:32.411+0000] {logging_mixin.py:188} INFO - [2026-01-02T16:08:32.411+0000] {dag.py:3834} INFO - Setting next_dagrun for prediction_dag to 2026-01-02 16:08:00+00:00, run_after=2026-01-02 16:10:00+00:00
[2026-01-02T16:08:32.425+0000] {processor.py:183} INFO - Processing /opt/airflow/dags/prediction_dag.py took 0.143 seconds
[2026-01-02T16:09:02.791+0000] {processor.py:161} INFO - Started process (PID=13126) to work on /opt/airflow/dags/prediction_dag.py
[2026-01-02T16:09:02.792+0000] {processor.py:830} INFO - Processing file /opt/airflow/dags/prediction_dag.py for tasks to queue
[2026-01-02T16:09:02.793+0000] {logging_mixin.py:188} INFO - [2026-01-02T16:09:02.792+0000] {dagbag.py:540} INFO - Filling up the DagBag from /opt/airflow/dags/prediction_dag.py
[2026-01-02T16:09:02.806+0000] {processor.py:840} INFO - DAG(s) 'prediction_dag' retrieved from /opt/airflow/dags/prediction_dag.py
[2026-01-02T16:09:02.829+0000] {logging_mixin.py:188} INFO - [2026-01-02T16:09:02.829+0000] {dag.py:3047} INFO - Sync 1 DAGs
[2026-01-02T16:09:02.845+0000] {logging_mixin.py:188} INFO - [2026-01-02T16:09:02.845+0000] {dag.py:3834} INFO - Setting next_dagrun for prediction_dag to 2026-01-02 16:08:00+00:00, run_after=2026-01-02 16:10:00+00:00
[2026-01-02T16:09:02.855+0000] {processor.py:183} INFO - Processing /opt/airflow/dags/prediction_dag.py took 0.067 seconds
[2026-01-02T16:09:33.064+0000] {processor.py:161} INFO - Started process (PID=13196) to work on /opt/airflow/dags/prediction_dag.py
[2026-01-02T16:09:33.069+0000] {processor.py:830} INFO - Processing file /opt/airflow/dags/prediction_dag.py for tasks to queue
[2026-01-02T16:09:33.071+0000] {logging_mixin.py:188} INFO - [2026-01-02T16:09:33.070+0000] {dagbag.py:540} INFO - Filling up the DagBag from /opt/airflow/dags/prediction_dag.py
[2026-01-02T16:09:33.093+0000] {processor.py:840} INFO - DAG(s) 'prediction_dag' retrieved from /opt/airflow/dags/prediction_dag.py
[2026-01-02T16:09:33.130+0000] {logging_mixin.py:188} INFO - [2026-01-02T16:09:33.129+0000] {dag.py:3047} INFO - Sync 1 DAGs
[2026-01-02T16:09:33.150+0000] {logging_mixin.py:188} INFO - [2026-01-02T16:09:33.150+0000] {dag.py:3834} INFO - Setting next_dagrun for prediction_dag to 2026-01-02 16:08:00+00:00, run_after=2026-01-02 16:10:00+00:00
[2026-01-02T16:09:33.161+0000] {processor.py:183} INFO - Processing /opt/airflow/dags/prediction_dag.py took 0.108 seconds
[2026-01-02T16:10:03.548+0000] {processor.py:161} INFO - Started process (PID=13230) to work on /opt/airflow/dags/prediction_dag.py
[2026-01-02T16:10:03.550+0000] {processor.py:830} INFO - Processing file /opt/airflow/dags/prediction_dag.py for tasks to queue
[2026-01-02T16:10:03.551+0000] {logging_mixin.py:188} INFO - [2026-01-02T16:10:03.550+0000] {dagbag.py:540} INFO - Filling up the DagBag from /opt/airflow/dags/prediction_dag.py
[2026-01-02T16:10:03.577+0000] {processor.py:840} INFO - DAG(s) 'prediction_dag' retrieved from /opt/airflow/dags/prediction_dag.py
[2026-01-02T16:10:03.617+0000] {logging_mixin.py:188} INFO - [2026-01-02T16:10:03.617+0000] {dag.py:3047} INFO - Sync 1 DAGs
[2026-01-02T16:10:03.649+0000] {logging_mixin.py:188} INFO - [2026-01-02T16:10:03.649+0000] {dag.py:3834} INFO - Setting next_dagrun for prediction_dag to 2026-01-02 16:10:00+00:00, run_after=2026-01-02 16:12:00+00:00
[2026-01-02T16:10:03.670+0000] {processor.py:183} INFO - Processing /opt/airflow/dags/prediction_dag.py took 0.132 seconds
[2026-01-02T16:10:34.081+0000] {processor.py:161} INFO - Started process (PID=13298) to work on /opt/airflow/dags/prediction_dag.py
[2026-01-02T16:10:34.083+0000] {processor.py:830} INFO - Processing file /opt/airflow/dags/prediction_dag.py for tasks to queue
[2026-01-02T16:10:34.084+0000] {logging_mixin.py:188} INFO - [2026-01-02T16:10:34.084+0000] {dagbag.py:540} INFO - Filling up the DagBag from /opt/airflow/dags/prediction_dag.py
[2026-01-02T16:10:34.100+0000] {processor.py:840} INFO - DAG(s) 'prediction_dag' retrieved from /opt/airflow/dags/prediction_dag.py
[2026-01-02T16:10:34.129+0000] {logging_mixin.py:188} INFO - [2026-01-02T16:10:34.128+0000] {dag.py:3047} INFO - Sync 1 DAGs
[2026-01-02T16:10:34.152+0000] {logging_mixin.py:188} INFO - [2026-01-02T16:10:34.151+0000] {dag.py:3834} INFO - Setting next_dagrun for prediction_dag to 2026-01-02 16:10:00+00:00, run_after=2026-01-02 16:12:00+00:00
[2026-01-02T16:10:34.163+0000] {processor.py:183} INFO - Processing /opt/airflow/dags/prediction_dag.py took 0.089 seconds
[2026-01-02T16:11:04.522+0000] {processor.py:161} INFO - Started process (PID=13334) to work on /opt/airflow/dags/prediction_dag.py
[2026-01-02T16:11:04.524+0000] {processor.py:830} INFO - Processing file /opt/airflow/dags/prediction_dag.py for tasks to queue
[2026-01-02T16:11:04.526+0000] {logging_mixin.py:188} INFO - [2026-01-02T16:11:04.526+0000] {dagbag.py:540} INFO - Filling up the DagBag from /opt/airflow/dags/prediction_dag.py
[2026-01-02T16:11:04.543+0000] {processor.py:840} INFO - DAG(s) 'prediction_dag' retrieved from /opt/airflow/dags/prediction_dag.py
[2026-01-02T16:11:04.568+0000] {logging_mixin.py:188} INFO - [2026-01-02T16:11:04.567+0000] {dag.py:3047} INFO - Sync 1 DAGs
[2026-01-02T16:11:04.585+0000] {logging_mixin.py:188} INFO - [2026-01-02T16:11:04.584+0000] {dag.py:3834} INFO - Setting next_dagrun for prediction_dag to 2026-01-02 16:10:00+00:00, run_after=2026-01-02 16:12:00+00:00
[2026-01-02T16:11:04.600+0000] {processor.py:183} INFO - Processing /opt/airflow/dags/prediction_dag.py took 0.086 seconds
[2026-01-02T16:11:34.970+0000] {processor.py:161} INFO - Started process (PID=13385) to work on /opt/airflow/dags/prediction_dag.py
[2026-01-02T16:11:34.972+0000] {processor.py:830} INFO - Processing file /opt/airflow/dags/prediction_dag.py for tasks to queue
[2026-01-02T16:11:34.974+0000] {logging_mixin.py:188} INFO - [2026-01-02T16:11:34.973+0000] {dagbag.py:540} INFO - Filling up the DagBag from /opt/airflow/dags/prediction_dag.py
[2026-01-02T16:11:35.001+0000] {processor.py:840} INFO - DAG(s) 'prediction_dag' retrieved from /opt/airflow/dags/prediction_dag.py
[2026-01-02T16:11:35.046+0000] {logging_mixin.py:188} INFO - [2026-01-02T16:11:35.046+0000] {dag.py:3047} INFO - Sync 1 DAGs
[2026-01-02T16:11:35.069+0000] {logging_mixin.py:188} INFO - [2026-01-02T16:11:35.069+0000] {dag.py:3834} INFO - Setting next_dagrun for prediction_dag to 2026-01-02 16:10:00+00:00, run_after=2026-01-02 16:12:00+00:00
[2026-01-02T16:11:35.089+0000] {processor.py:183} INFO - Processing /opt/airflow/dags/prediction_dag.py took 0.130 seconds
[2026-01-02T16:22:45.583+0000] {processor.py:161} INFO - Started process (PID=13434) to work on /opt/airflow/dags/prediction_dag.py
[2026-01-02T16:22:45.585+0000] {processor.py:830} INFO - Processing file /opt/airflow/dags/prediction_dag.py for tasks to queue
[2026-01-02T16:22:45.589+0000] {logging_mixin.py:188} INFO - [2026-01-02T16:22:45.587+0000] {dagbag.py:540} INFO - Filling up the DagBag from /opt/airflow/dags/prediction_dag.py
[2026-01-02T16:22:45.629+0000] {processor.py:840} INFO - DAG(s) 'prediction_dag' retrieved from /opt/airflow/dags/prediction_dag.py
[2026-01-02T16:22:45.690+0000] {logging_mixin.py:188} INFO - [2026-01-02T16:22:45.690+0000] {dag.py:3047} INFO - Sync 1 DAGs
[2026-01-02T16:22:45.760+0000] {logging_mixin.py:188} INFO - [2026-01-02T16:22:45.759+0000] {dag.py:3834} INFO - Setting next_dagrun for prediction_dag to 2026-01-02 16:20:00+00:00, run_after=2026-01-02 16:22:00+00:00
[2026-01-02T16:22:45.821+0000] {processor.py:183} INFO - Processing /opt/airflow/dags/prediction_dag.py took 0.242 seconds
[2026-01-02T16:23:16.193+0000] {processor.py:161} INFO - Started process (PID=13638) to work on /opt/airflow/dags/prediction_dag.py
[2026-01-02T16:23:16.196+0000] {processor.py:830} INFO - Processing file /opt/airflow/dags/prediction_dag.py for tasks to queue
[2026-01-02T16:23:16.199+0000] {logging_mixin.py:188} INFO - [2026-01-02T16:23:16.198+0000] {dagbag.py:540} INFO - Filling up the DagBag from /opt/airflow/dags/prediction_dag.py
[2026-01-02T16:23:16.294+0000] {processor.py:840} INFO - DAG(s) 'prediction_dag' retrieved from /opt/airflow/dags/prediction_dag.py
[2026-01-02T16:23:16.449+0000] {logging_mixin.py:188} INFO - [2026-01-02T16:23:16.448+0000] {dag.py:3047} INFO - Sync 1 DAGs
[2026-01-02T16:23:16.571+0000] {logging_mixin.py:188} INFO - [2026-01-02T16:23:16.571+0000] {dag.py:3834} INFO - Setting next_dagrun for prediction_dag to 2026-01-02 16:22:00+00:00, run_after=2026-01-02 16:24:00+00:00
[2026-01-02T16:23:16.624+0000] {processor.py:183} INFO - Processing /opt/airflow/dags/prediction_dag.py took 0.450 seconds
[2026-01-02T16:23:46.950+0000] {processor.py:161} INFO - Started process (PID=13699) to work on /opt/airflow/dags/prediction_dag.py
[2026-01-02T16:23:46.955+0000] {processor.py:830} INFO - Processing file /opt/airflow/dags/prediction_dag.py for tasks to queue
[2026-01-02T16:23:46.960+0000] {logging_mixin.py:188} INFO - [2026-01-02T16:23:46.958+0000] {dagbag.py:540} INFO - Filling up the DagBag from /opt/airflow/dags/prediction_dag.py
[2026-01-02T16:23:47.017+0000] {processor.py:840} INFO - DAG(s) 'prediction_dag' retrieved from /opt/airflow/dags/prediction_dag.py
[2026-01-02T16:23:47.085+0000] {logging_mixin.py:188} INFO - [2026-01-02T16:23:47.084+0000] {dag.py:3047} INFO - Sync 1 DAGs
[2026-01-02T16:23:47.116+0000] {logging_mixin.py:188} INFO - [2026-01-02T16:23:47.116+0000] {dag.py:3834} INFO - Setting next_dagrun for prediction_dag to 2026-01-02 16:22:00+00:00, run_after=2026-01-02 16:24:00+00:00
[2026-01-02T16:23:47.136+0000] {processor.py:183} INFO - Processing /opt/airflow/dags/prediction_dag.py took 0.205 seconds
[2026-01-02T16:24:17.933+0000] {processor.py:161} INFO - Started process (PID=13782) to work on /opt/airflow/dags/prediction_dag.py
[2026-01-02T16:24:17.935+0000] {processor.py:830} INFO - Processing file /opt/airflow/dags/prediction_dag.py for tasks to queue
[2026-01-02T16:24:17.937+0000] {logging_mixin.py:188} INFO - [2026-01-02T16:24:17.936+0000] {dagbag.py:540} INFO - Filling up the DagBag from /opt/airflow/dags/prediction_dag.py
[2026-01-02T16:24:17.982+0000] {processor.py:840} INFO - DAG(s) 'prediction_dag' retrieved from /opt/airflow/dags/prediction_dag.py
[2026-01-02T16:24:18.052+0000] {logging_mixin.py:188} INFO - [2026-01-02T16:24:18.051+0000] {dag.py:3047} INFO - Sync 1 DAGs
[2026-01-02T16:24:18.087+0000] {logging_mixin.py:188} INFO - [2026-01-02T16:24:18.087+0000] {dag.py:3834} INFO - Setting next_dagrun for prediction_dag to 2026-01-02 16:24:00+00:00, run_after=2026-01-02 16:26:00+00:00
[2026-01-02T16:24:18.125+0000] {processor.py:183} INFO - Processing /opt/airflow/dags/prediction_dag.py took 0.198 seconds
[2026-01-02T16:24:48.241+0000] {processor.py:161} INFO - Started process (PID=13803) to work on /opt/airflow/dags/prediction_dag.py
[2026-01-02T16:24:48.243+0000] {processor.py:830} INFO - Processing file /opt/airflow/dags/prediction_dag.py for tasks to queue
[2026-01-02T16:24:48.244+0000] {logging_mixin.py:188} INFO - [2026-01-02T16:24:48.244+0000] {dagbag.py:540} INFO - Filling up the DagBag from /opt/airflow/dags/prediction_dag.py
[2026-01-02T16:24:48.279+0000] {processor.py:840} INFO - DAG(s) 'prediction_dag' retrieved from /opt/airflow/dags/prediction_dag.py
[2026-01-02T16:24:48.335+0000] {logging_mixin.py:188} INFO - [2026-01-02T16:24:48.335+0000] {dag.py:3047} INFO - Sync 1 DAGs
[2026-01-02T16:24:48.366+0000] {logging_mixin.py:188} INFO - [2026-01-02T16:24:48.366+0000] {dag.py:3834} INFO - Setting next_dagrun for prediction_dag to 2026-01-02 16:24:00+00:00, run_after=2026-01-02 16:26:00+00:00
[2026-01-02T16:24:48.385+0000] {processor.py:183} INFO - Processing /opt/airflow/dags/prediction_dag.py took 0.155 seconds
[2026-01-02T16:25:18.617+0000] {processor.py:161} INFO - Started process (PID=13883) to work on /opt/airflow/dags/prediction_dag.py
[2026-01-02T16:25:18.620+0000] {processor.py:830} INFO - Processing file /opt/airflow/dags/prediction_dag.py for tasks to queue
[2026-01-02T16:25:18.629+0000] {logging_mixin.py:188} INFO - [2026-01-02T16:25:18.625+0000] {dagbag.py:540} INFO - Filling up the DagBag from /opt/airflow/dags/prediction_dag.py
[2026-01-02T16:25:18.662+0000] {processor.py:840} INFO - DAG(s) 'prediction_dag' retrieved from /opt/airflow/dags/prediction_dag.py
[2026-01-02T16:25:18.710+0000] {logging_mixin.py:188} INFO - [2026-01-02T16:25:18.710+0000] {dag.py:3047} INFO - Sync 1 DAGs
[2026-01-02T16:25:18.740+0000] {logging_mixin.py:188} INFO - [2026-01-02T16:25:18.740+0000] {dag.py:3834} INFO - Setting next_dagrun for prediction_dag to 2026-01-02 16:24:00+00:00, run_after=2026-01-02 16:26:00+00:00
[2026-01-02T16:25:18.759+0000] {processor.py:183} INFO - Processing /opt/airflow/dags/prediction_dag.py took 0.159 seconds
[2026-01-02T16:25:48.924+0000] {processor.py:161} INFO - Started process (PID=13901) to work on /opt/airflow/dags/prediction_dag.py
[2026-01-02T16:25:48.928+0000] {processor.py:830} INFO - Processing file /opt/airflow/dags/prediction_dag.py for tasks to queue
[2026-01-02T16:25:48.929+0000] {logging_mixin.py:188} INFO - [2026-01-02T16:25:48.929+0000] {dagbag.py:540} INFO - Filling up the DagBag from /opt/airflow/dags/prediction_dag.py
[2026-01-02T16:25:48.974+0000] {processor.py:840} INFO - DAG(s) 'prediction_dag' retrieved from /opt/airflow/dags/prediction_dag.py
[2026-01-02T16:25:49.024+0000] {logging_mixin.py:188} INFO - [2026-01-02T16:25:49.024+0000] {dag.py:3047} INFO - Sync 1 DAGs
[2026-01-02T16:25:49.059+0000] {logging_mixin.py:188} INFO - [2026-01-02T16:25:49.059+0000] {dag.py:3834} INFO - Setting next_dagrun for prediction_dag to 2026-01-02 16:24:00+00:00, run_after=2026-01-02 16:26:00+00:00
[2026-01-02T16:25:49.072+0000] {processor.py:183} INFO - Processing /opt/airflow/dags/prediction_dag.py took 0.161 seconds
[2026-01-02T16:26:19.197+0000] {processor.py:161} INFO - Started process (PID=13987) to work on /opt/airflow/dags/prediction_dag.py
[2026-01-02T16:26:19.200+0000] {processor.py:830} INFO - Processing file /opt/airflow/dags/prediction_dag.py for tasks to queue
[2026-01-02T16:26:19.201+0000] {logging_mixin.py:188} INFO - [2026-01-02T16:26:19.200+0000] {dagbag.py:540} INFO - Filling up the DagBag from /opt/airflow/dags/prediction_dag.py
[2026-01-02T16:26:19.236+0000] {processor.py:840} INFO - DAG(s) 'prediction_dag' retrieved from /opt/airflow/dags/prediction_dag.py
[2026-01-02T16:26:19.289+0000] {logging_mixin.py:188} INFO - [2026-01-02T16:26:19.289+0000] {dag.py:3047} INFO - Sync 1 DAGs
[2026-01-02T16:26:19.316+0000] {logging_mixin.py:188} INFO - [2026-01-02T16:26:19.316+0000] {dag.py:3834} INFO - Setting next_dagrun for prediction_dag to 2026-01-02 16:26:00+00:00, run_after=2026-01-02 16:28:00+00:00
[2026-01-02T16:26:19.330+0000] {processor.py:183} INFO - Processing /opt/airflow/dags/prediction_dag.py took 0.144 seconds
[2026-01-02T16:26:49.583+0000] {processor.py:161} INFO - Started process (PID=14005) to work on /opt/airflow/dags/prediction_dag.py
[2026-01-02T16:26:49.587+0000] {processor.py:830} INFO - Processing file /opt/airflow/dags/prediction_dag.py for tasks to queue
[2026-01-02T16:26:49.590+0000] {logging_mixin.py:188} INFO - [2026-01-02T16:26:49.589+0000] {dagbag.py:540} INFO - Filling up the DagBag from /opt/airflow/dags/prediction_dag.py
[2026-01-02T16:26:49.624+0000] {processor.py:840} INFO - DAG(s) 'prediction_dag' retrieved from /opt/airflow/dags/prediction_dag.py
[2026-01-02T16:26:49.678+0000] {logging_mixin.py:188} INFO - [2026-01-02T16:26:49.677+0000] {dag.py:3047} INFO - Sync 1 DAGs
[2026-01-02T16:26:49.709+0000] {logging_mixin.py:188} INFO - [2026-01-02T16:26:49.708+0000] {dag.py:3834} INFO - Setting next_dagrun for prediction_dag to 2026-01-02 16:26:00+00:00, run_after=2026-01-02 16:28:00+00:00
[2026-01-02T16:26:49.723+0000] {processor.py:183} INFO - Processing /opt/airflow/dags/prediction_dag.py took 0.154 seconds
[2026-01-02T16:27:19.828+0000] {processor.py:161} INFO - Started process (PID=14085) to work on /opt/airflow/dags/prediction_dag.py
[2026-01-02T16:27:19.832+0000] {processor.py:830} INFO - Processing file /opt/airflow/dags/prediction_dag.py for tasks to queue
[2026-01-02T16:27:19.833+0000] {logging_mixin.py:188} INFO - [2026-01-02T16:27:19.833+0000] {dagbag.py:540} INFO - Filling up the DagBag from /opt/airflow/dags/prediction_dag.py
[2026-01-02T16:27:19.867+0000] {processor.py:840} INFO - DAG(s) 'prediction_dag' retrieved from /opt/airflow/dags/prediction_dag.py
[2026-01-02T16:27:19.989+0000] {logging_mixin.py:188} INFO - [2026-01-02T16:27:19.982+0000] {dag.py:3047} INFO - Sync 1 DAGs
[2026-01-02T16:27:20.054+0000] {logging_mixin.py:188} INFO - [2026-01-02T16:27:20.054+0000] {dag.py:3834} INFO - Setting next_dagrun for prediction_dag to 2026-01-02 16:26:00+00:00, run_after=2026-01-02 16:28:00+00:00
[2026-01-02T16:27:20.071+0000] {processor.py:183} INFO - Processing /opt/airflow/dags/prediction_dag.py took 0.259 seconds
[2026-01-02T16:27:50.504+0000] {processor.py:161} INFO - Started process (PID=14103) to work on /opt/airflow/dags/prediction_dag.py
[2026-01-02T16:27:50.507+0000] {processor.py:830} INFO - Processing file /opt/airflow/dags/prediction_dag.py for tasks to queue
[2026-01-02T16:27:50.509+0000] {logging_mixin.py:188} INFO - [2026-01-02T16:27:50.508+0000] {dagbag.py:540} INFO - Filling up the DagBag from /opt/airflow/dags/prediction_dag.py
[2026-01-02T16:27:50.543+0000] {processor.py:840} INFO - DAG(s) 'prediction_dag' retrieved from /opt/airflow/dags/prediction_dag.py
[2026-01-02T16:27:50.580+0000] {logging_mixin.py:188} INFO - [2026-01-02T16:27:50.580+0000] {dag.py:3047} INFO - Sync 1 DAGs
[2026-01-02T16:27:50.607+0000] {logging_mixin.py:188} INFO - [2026-01-02T16:27:50.607+0000] {dag.py:3834} INFO - Setting next_dagrun for prediction_dag to 2026-01-02 16:26:00+00:00, run_after=2026-01-02 16:28:00+00:00
[2026-01-02T16:27:50.621+0000] {processor.py:183} INFO - Processing /opt/airflow/dags/prediction_dag.py took 0.124 seconds
[2026-01-02T16:28:20.762+0000] {processor.py:161} INFO - Started process (PID=14189) to work on /opt/airflow/dags/prediction_dag.py
[2026-01-02T16:28:20.763+0000] {processor.py:830} INFO - Processing file /opt/airflow/dags/prediction_dag.py for tasks to queue
[2026-01-02T16:28:20.764+0000] {logging_mixin.py:188} INFO - [2026-01-02T16:28:20.764+0000] {dagbag.py:540} INFO - Filling up the DagBag from /opt/airflow/dags/prediction_dag.py
[2026-01-02T16:28:20.775+0000] {processor.py:840} INFO - DAG(s) 'prediction_dag' retrieved from /opt/airflow/dags/prediction_dag.py
[2026-01-02T16:28:20.795+0000] {logging_mixin.py:188} INFO - [2026-01-02T16:28:20.795+0000] {dag.py:3047} INFO - Sync 1 DAGs
[2026-01-02T16:28:20.810+0000] {logging_mixin.py:188} INFO - [2026-01-02T16:28:20.810+0000] {dag.py:3834} INFO - Setting next_dagrun for prediction_dag to 2026-01-02 16:28:00+00:00, run_after=2026-01-02 16:30:00+00:00
[2026-01-02T16:28:20.819+0000] {processor.py:183} INFO - Processing /opt/airflow/dags/prediction_dag.py took 0.061 seconds
[2026-01-02T16:28:51.220+0000] {processor.py:161} INFO - Started process (PID=14197) to work on /opt/airflow/dags/prediction_dag.py
[2026-01-02T16:28:51.223+0000] {processor.py:830} INFO - Processing file /opt/airflow/dags/prediction_dag.py for tasks to queue
[2026-01-02T16:28:51.226+0000] {logging_mixin.py:188} INFO - [2026-01-02T16:28:51.226+0000] {dagbag.py:540} INFO - Filling up the DagBag from /opt/airflow/dags/prediction_dag.py
[2026-01-02T16:28:51.255+0000] {processor.py:840} INFO - DAG(s) 'prediction_dag' retrieved from /opt/airflow/dags/prediction_dag.py
[2026-01-02T16:28:51.312+0000] {logging_mixin.py:188} INFO - [2026-01-02T16:28:51.312+0000] {dag.py:3047} INFO - Sync 1 DAGs
[2026-01-02T16:28:51.352+0000] {logging_mixin.py:188} INFO - [2026-01-02T16:28:51.352+0000] {dag.py:3834} INFO - Setting next_dagrun for prediction_dag to 2026-01-02 16:28:00+00:00, run_after=2026-01-02 16:30:00+00:00
[2026-01-02T16:28:51.370+0000] {processor.py:183} INFO - Processing /opt/airflow/dags/prediction_dag.py took 0.156 seconds
[2026-01-02T16:29:21.792+0000] {processor.py:161} INFO - Started process (PID=14274) to work on /opt/airflow/dags/prediction_dag.py
[2026-01-02T16:29:21.796+0000] {processor.py:830} INFO - Processing file /opt/airflow/dags/prediction_dag.py for tasks to queue
[2026-01-02T16:29:21.798+0000] {logging_mixin.py:188} INFO - [2026-01-02T16:29:21.797+0000] {dagbag.py:540} INFO - Filling up the DagBag from /opt/airflow/dags/prediction_dag.py
[2026-01-02T16:29:21.834+0000] {processor.py:840} INFO - DAG(s) 'prediction_dag' retrieved from /opt/airflow/dags/prediction_dag.py
[2026-01-02T16:29:21.884+0000] {logging_mixin.py:188} INFO - [2026-01-02T16:29:21.884+0000] {dag.py:3047} INFO - Sync 1 DAGs
[2026-01-02T16:29:21.913+0000] {logging_mixin.py:188} INFO - [2026-01-02T16:29:21.913+0000] {dag.py:3834} INFO - Setting next_dagrun for prediction_dag to 2026-01-02 16:28:00+00:00, run_after=2026-01-02 16:30:00+00:00
[2026-01-02T16:29:21.932+0000] {processor.py:183} INFO - Processing /opt/airflow/dags/prediction_dag.py took 0.158 seconds
[2026-01-02T16:29:52.197+0000] {processor.py:161} INFO - Started process (PID=14292) to work on /opt/airflow/dags/prediction_dag.py
[2026-01-02T16:29:52.199+0000] {processor.py:830} INFO - Processing file /opt/airflow/dags/prediction_dag.py for tasks to queue
[2026-01-02T16:29:52.201+0000] {logging_mixin.py:188} INFO - [2026-01-02T16:29:52.200+0000] {dagbag.py:540} INFO - Filling up the DagBag from /opt/airflow/dags/prediction_dag.py
[2026-01-02T16:29:52.236+0000] {processor.py:840} INFO - DAG(s) 'prediction_dag' retrieved from /opt/airflow/dags/prediction_dag.py
[2026-01-02T16:29:52.286+0000] {logging_mixin.py:188} INFO - [2026-01-02T16:29:52.286+0000] {dag.py:3047} INFO - Sync 1 DAGs
[2026-01-02T16:29:52.319+0000] {logging_mixin.py:188} INFO - [2026-01-02T16:29:52.319+0000] {dag.py:3834} INFO - Setting next_dagrun for prediction_dag to 2026-01-02 16:28:00+00:00, run_after=2026-01-02 16:30:00+00:00
[2026-01-02T16:29:52.333+0000] {processor.py:183} INFO - Processing /opt/airflow/dags/prediction_dag.py took 0.155 seconds
[2026-01-02T16:30:22.562+0000] {processor.py:161} INFO - Started process (PID=14378) to work on /opt/airflow/dags/prediction_dag.py
[2026-01-02T16:30:22.566+0000] {processor.py:830} INFO - Processing file /opt/airflow/dags/prediction_dag.py for tasks to queue
[2026-01-02T16:30:22.568+0000] {logging_mixin.py:188} INFO - [2026-01-02T16:30:22.567+0000] {dagbag.py:540} INFO - Filling up the DagBag from /opt/airflow/dags/prediction_dag.py
[2026-01-02T16:30:22.611+0000] {processor.py:840} INFO - DAG(s) 'prediction_dag' retrieved from /opt/airflow/dags/prediction_dag.py
[2026-01-02T16:30:22.659+0000] {logging_mixin.py:188} INFO - [2026-01-02T16:30:22.659+0000] {dag.py:3047} INFO - Sync 1 DAGs
[2026-01-02T16:30:22.694+0000] {logging_mixin.py:188} INFO - [2026-01-02T16:30:22.694+0000] {dag.py:3834} INFO - Setting next_dagrun for prediction_dag to 2026-01-02 16:30:00+00:00, run_after=2026-01-02 16:32:00+00:00
[2026-01-02T16:30:22.710+0000] {processor.py:183} INFO - Processing /opt/airflow/dags/prediction_dag.py took 0.165 seconds
[2026-01-02T16:30:52.849+0000] {processor.py:161} INFO - Started process (PID=14396) to work on /opt/airflow/dags/prediction_dag.py
[2026-01-02T16:30:52.851+0000] {processor.py:830} INFO - Processing file /opt/airflow/dags/prediction_dag.py for tasks to queue
[2026-01-02T16:30:52.853+0000] {logging_mixin.py:188} INFO - [2026-01-02T16:30:52.852+0000] {dagbag.py:540} INFO - Filling up the DagBag from /opt/airflow/dags/prediction_dag.py
[2026-01-02T16:30:52.902+0000] {processor.py:840} INFO - DAG(s) 'prediction_dag' retrieved from /opt/airflow/dags/prediction_dag.py
[2026-01-02T16:30:52.962+0000] {logging_mixin.py:188} INFO - [2026-01-02T16:30:52.961+0000] {dag.py:3047} INFO - Sync 1 DAGs
[2026-01-02T16:30:52.992+0000] {logging_mixin.py:188} INFO - [2026-01-02T16:30:52.992+0000] {dag.py:3834} INFO - Setting next_dagrun for prediction_dag to 2026-01-02 16:30:00+00:00, run_after=2026-01-02 16:32:00+00:00
[2026-01-02T16:30:53.007+0000] {processor.py:183} INFO - Processing /opt/airflow/dags/prediction_dag.py took 0.168 seconds
[2026-01-02T16:31:23.436+0000] {processor.py:161} INFO - Started process (PID=14476) to work on /opt/airflow/dags/prediction_dag.py
[2026-01-02T16:31:23.440+0000] {processor.py:830} INFO - Processing file /opt/airflow/dags/prediction_dag.py for tasks to queue
[2026-01-02T16:31:23.444+0000] {logging_mixin.py:188} INFO - [2026-01-02T16:31:23.441+0000] {dagbag.py:540} INFO - Filling up the DagBag from /opt/airflow/dags/prediction_dag.py
[2026-01-02T16:31:23.478+0000] {processor.py:840} INFO - DAG(s) 'prediction_dag' retrieved from /opt/airflow/dags/prediction_dag.py
[2026-01-02T16:31:23.524+0000] {logging_mixin.py:188} INFO - [2026-01-02T16:31:23.524+0000] {dag.py:3047} INFO - Sync 1 DAGs
[2026-01-02T16:31:23.555+0000] {logging_mixin.py:188} INFO - [2026-01-02T16:31:23.555+0000] {dag.py:3834} INFO - Setting next_dagrun for prediction_dag to 2026-01-02 16:30:00+00:00, run_after=2026-01-02 16:32:00+00:00
[2026-01-02T16:31:23.571+0000] {processor.py:183} INFO - Processing /opt/airflow/dags/prediction_dag.py took 0.147 seconds
[2026-01-02T16:31:53.679+0000] {processor.py:161} INFO - Started process (PID=14494) to work on /opt/airflow/dags/prediction_dag.py
[2026-01-02T16:31:53.682+0000] {processor.py:830} INFO - Processing file /opt/airflow/dags/prediction_dag.py for tasks to queue
[2026-01-02T16:31:53.684+0000] {logging_mixin.py:188} INFO - [2026-01-02T16:31:53.683+0000] {dagbag.py:540} INFO - Filling up the DagBag from /opt/airflow/dags/prediction_dag.py
[2026-01-02T16:31:53.714+0000] {processor.py:840} INFO - DAG(s) 'prediction_dag' retrieved from /opt/airflow/dags/prediction_dag.py
[2026-01-02T16:31:53.770+0000] {logging_mixin.py:188} INFO - [2026-01-02T16:31:53.770+0000] {dag.py:3047} INFO - Sync 1 DAGs
[2026-01-02T16:31:53.797+0000] {logging_mixin.py:188} INFO - [2026-01-02T16:31:53.797+0000] {dag.py:3834} INFO - Setting next_dagrun for prediction_dag to 2026-01-02 16:30:00+00:00, run_after=2026-01-02 16:32:00+00:00
[2026-01-02T16:31:53.811+0000] {processor.py:183} INFO - Processing /opt/airflow/dags/prediction_dag.py took 0.152 seconds
[2026-01-02T16:32:23.967+0000] {processor.py:161} INFO - Started process (PID=14580) to work on /opt/airflow/dags/prediction_dag.py
[2026-01-02T16:32:23.974+0000] {processor.py:830} INFO - Processing file /opt/airflow/dags/prediction_dag.py for tasks to queue
[2026-01-02T16:32:23.976+0000] {logging_mixin.py:188} INFO - [2026-01-02T16:32:23.975+0000] {dagbag.py:540} INFO - Filling up the DagBag from /opt/airflow/dags/prediction_dag.py
[2026-01-02T16:32:24.011+0000] {processor.py:840} INFO - DAG(s) 'prediction_dag' retrieved from /opt/airflow/dags/prediction_dag.py
[2026-01-02T16:32:24.064+0000] {logging_mixin.py:188} INFO - [2026-01-02T16:32:24.064+0000] {dag.py:3047} INFO - Sync 1 DAGs
[2026-01-02T16:32:24.098+0000] {logging_mixin.py:188} INFO - [2026-01-02T16:32:24.097+0000] {dag.py:3834} INFO - Setting next_dagrun for prediction_dag to 2026-01-02 16:32:00+00:00, run_after=2026-01-02 16:34:00+00:00
[2026-01-02T16:32:24.111+0000] {processor.py:183} INFO - Processing /opt/airflow/dags/prediction_dag.py took 0.159 seconds
[2026-01-02T16:32:54.377+0000] {processor.py:161} INFO - Started process (PID=14598) to work on /opt/airflow/dags/prediction_dag.py
[2026-01-02T16:32:54.378+0000] {processor.py:830} INFO - Processing file /opt/airflow/dags/prediction_dag.py for tasks to queue
[2026-01-02T16:32:54.380+0000] {logging_mixin.py:188} INFO - [2026-01-02T16:32:54.379+0000] {dagbag.py:540} INFO - Filling up the DagBag from /opt/airflow/dags/prediction_dag.py
[2026-01-02T16:32:54.416+0000] {processor.py:840} INFO - DAG(s) 'prediction_dag' retrieved from /opt/airflow/dags/prediction_dag.py
[2026-01-02T16:32:54.480+0000] {logging_mixin.py:188} INFO - [2026-01-02T16:32:54.480+0000] {dag.py:3047} INFO - Sync 1 DAGs
[2026-01-02T16:32:54.516+0000] {logging_mixin.py:188} INFO - [2026-01-02T16:32:54.516+0000] {dag.py:3834} INFO - Setting next_dagrun for prediction_dag to 2026-01-02 16:32:00+00:00, run_after=2026-01-02 16:34:00+00:00
[2026-01-02T16:32:54.533+0000] {processor.py:183} INFO - Processing /opt/airflow/dags/prediction_dag.py took 0.167 seconds
[2026-01-02T16:33:24.957+0000] {processor.py:161} INFO - Started process (PID=14678) to work on /opt/airflow/dags/prediction_dag.py
[2026-01-02T16:33:24.960+0000] {processor.py:830} INFO - Processing file /opt/airflow/dags/prediction_dag.py for tasks to queue
[2026-01-02T16:33:24.963+0000] {logging_mixin.py:188} INFO - [2026-01-02T16:33:24.962+0000] {dagbag.py:540} INFO - Filling up the DagBag from /opt/airflow/dags/prediction_dag.py
[2026-01-02T16:33:24.999+0000] {processor.py:840} INFO - DAG(s) 'prediction_dag' retrieved from /opt/airflow/dags/prediction_dag.py
[2026-01-02T16:33:25.053+0000] {logging_mixin.py:188} INFO - [2026-01-02T16:33:25.052+0000] {dag.py:3047} INFO - Sync 1 DAGs
[2026-01-02T16:33:25.084+0000] {logging_mixin.py:188} INFO - [2026-01-02T16:33:25.084+0000] {dag.py:3834} INFO - Setting next_dagrun for prediction_dag to 2026-01-02 16:32:00+00:00, run_after=2026-01-02 16:34:00+00:00
[2026-01-02T16:33:25.104+0000] {processor.py:183} INFO - Processing /opt/airflow/dags/prediction_dag.py took 0.160 seconds
[2026-01-02T16:33:55.334+0000] {processor.py:161} INFO - Started process (PID=14696) to work on /opt/airflow/dags/prediction_dag.py
[2026-01-02T16:33:55.336+0000] {processor.py:830} INFO - Processing file /opt/airflow/dags/prediction_dag.py for tasks to queue
[2026-01-02T16:33:55.338+0000] {logging_mixin.py:188} INFO - [2026-01-02T16:33:55.338+0000] {dagbag.py:540} INFO - Filling up the DagBag from /opt/airflow/dags/prediction_dag.py
[2026-01-02T16:33:55.391+0000] {processor.py:840} INFO - DAG(s) 'prediction_dag' retrieved from /opt/airflow/dags/prediction_dag.py
[2026-01-02T16:33:55.461+0000] {logging_mixin.py:188} INFO - [2026-01-02T16:33:55.460+0000] {dag.py:3047} INFO - Sync 1 DAGs
[2026-01-02T16:33:55.492+0000] {logging_mixin.py:188} INFO - [2026-01-02T16:33:55.491+0000] {dag.py:3834} INFO - Setting next_dagrun for prediction_dag to 2026-01-02 16:32:00+00:00, run_after=2026-01-02 16:34:00+00:00
[2026-01-02T16:33:55.509+0000] {processor.py:183} INFO - Processing /opt/airflow/dags/prediction_dag.py took 0.189 seconds
[2026-01-02T16:34:25.936+0000] {processor.py:161} INFO - Started process (PID=14782) to work on /opt/airflow/dags/prediction_dag.py
[2026-01-02T16:34:25.939+0000] {processor.py:830} INFO - Processing file /opt/airflow/dags/prediction_dag.py for tasks to queue
[2026-01-02T16:34:25.941+0000] {logging_mixin.py:188} INFO - [2026-01-02T16:34:25.940+0000] {dagbag.py:540} INFO - Filling up the DagBag from /opt/airflow/dags/prediction_dag.py
[2026-01-02T16:34:25.982+0000] {processor.py:840} INFO - DAG(s) 'prediction_dag' retrieved from /opt/airflow/dags/prediction_dag.py
[2026-01-02T16:34:26.041+0000] {logging_mixin.py:188} INFO - [2026-01-02T16:34:26.040+0000] {dag.py:3047} INFO - Sync 1 DAGs
[2026-01-02T16:34:26.072+0000] {logging_mixin.py:188} INFO - [2026-01-02T16:34:26.072+0000] {dag.py:3834} INFO - Setting next_dagrun for prediction_dag to 2026-01-02 16:34:00+00:00, run_after=2026-01-02 16:36:00+00:00
[2026-01-02T16:34:26.086+0000] {processor.py:183} INFO - Processing /opt/airflow/dags/prediction_dag.py took 0.168 seconds
[2026-01-02T16:34:56.517+0000] {processor.py:161} INFO - Started process (PID=14800) to work on /opt/airflow/dags/prediction_dag.py
[2026-01-02T16:34:56.520+0000] {processor.py:830} INFO - Processing file /opt/airflow/dags/prediction_dag.py for tasks to queue
[2026-01-02T16:34:56.521+0000] {logging_mixin.py:188} INFO - [2026-01-02T16:34:56.521+0000] {dagbag.py:540} INFO - Filling up the DagBag from /opt/airflow/dags/prediction_dag.py
[2026-01-02T16:34:56.574+0000] {processor.py:840} INFO - DAG(s) 'prediction_dag' retrieved from /opt/airflow/dags/prediction_dag.py
[2026-01-02T16:34:56.618+0000] {logging_mixin.py:188} INFO - [2026-01-02T16:34:56.618+0000] {dag.py:3047} INFO - Sync 1 DAGs
[2026-01-02T16:34:56.648+0000] {logging_mixin.py:188} INFO - [2026-01-02T16:34:56.648+0000] {dag.py:3834} INFO - Setting next_dagrun for prediction_dag to 2026-01-02 16:34:00+00:00, run_after=2026-01-02 16:36:00+00:00
[2026-01-02T16:34:56.665+0000] {processor.py:183} INFO - Processing /opt/airflow/dags/prediction_dag.py took 0.167 seconds
[2026-01-02T16:35:26.809+0000] {processor.py:161} INFO - Started process (PID=14880) to work on /opt/airflow/dags/prediction_dag.py
[2026-01-02T16:35:26.811+0000] {processor.py:830} INFO - Processing file /opt/airflow/dags/prediction_dag.py for tasks to queue
[2026-01-02T16:35:26.812+0000] {logging_mixin.py:188} INFO - [2026-01-02T16:35:26.812+0000] {dagbag.py:540} INFO - Filling up the DagBag from /opt/airflow/dags/prediction_dag.py
[2026-01-02T16:35:26.850+0000] {processor.py:840} INFO - DAG(s) 'prediction_dag' retrieved from /opt/airflow/dags/prediction_dag.py
[2026-01-02T16:35:26.889+0000] {logging_mixin.py:188} INFO - [2026-01-02T16:35:26.888+0000] {dag.py:3047} INFO - Sync 1 DAGs
[2026-01-02T16:35:26.911+0000] {logging_mixin.py:188} INFO - [2026-01-02T16:35:26.910+0000] {dag.py:3834} INFO - Setting next_dagrun for prediction_dag to 2026-01-02 16:34:00+00:00, run_after=2026-01-02 16:36:00+00:00
[2026-01-02T16:35:26.927+0000] {processor.py:183} INFO - Processing /opt/airflow/dags/prediction_dag.py took 0.130 seconds
[2026-01-02T16:35:57.376+0000] {processor.py:161} INFO - Started process (PID=14898) to work on /opt/airflow/dags/prediction_dag.py
[2026-01-02T16:35:57.381+0000] {processor.py:830} INFO - Processing file /opt/airflow/dags/prediction_dag.py for tasks to queue
[2026-01-02T16:35:57.382+0000] {logging_mixin.py:188} INFO - [2026-01-02T16:35:57.382+0000] {dagbag.py:540} INFO - Filling up the DagBag from /opt/airflow/dags/prediction_dag.py
[2026-01-02T16:35:57.406+0000] {processor.py:840} INFO - DAG(s) 'prediction_dag' retrieved from /opt/airflow/dags/prediction_dag.py
[2026-01-02T16:35:57.439+0000] {logging_mixin.py:188} INFO - [2026-01-02T16:35:57.439+0000] {dag.py:3047} INFO - Sync 1 DAGs
[2026-01-02T16:35:57.460+0000] {logging_mixin.py:188} INFO - [2026-01-02T16:35:57.460+0000] {dag.py:3834} INFO - Setting next_dagrun for prediction_dag to 2026-01-02 16:34:00+00:00, run_after=2026-01-02 16:36:00+00:00
[2026-01-02T16:35:57.477+0000] {processor.py:183} INFO - Processing /opt/airflow/dags/prediction_dag.py took 0.112 seconds
[2026-01-02T16:36:27.608+0000] {processor.py:161} INFO - Started process (PID=14984) to work on /opt/airflow/dags/prediction_dag.py
[2026-01-02T16:36:27.610+0000] {processor.py:830} INFO - Processing file /opt/airflow/dags/prediction_dag.py for tasks to queue
[2026-01-02T16:36:27.611+0000] {logging_mixin.py:188} INFO - [2026-01-02T16:36:27.611+0000] {dagbag.py:540} INFO - Filling up the DagBag from /opt/airflow/dags/prediction_dag.py
[2026-01-02T16:36:27.630+0000] {processor.py:840} INFO - DAG(s) 'prediction_dag' retrieved from /opt/airflow/dags/prediction_dag.py
[2026-01-02T16:36:27.656+0000] {logging_mixin.py:188} INFO - [2026-01-02T16:36:27.656+0000] {dag.py:3047} INFO - Sync 1 DAGs
[2026-01-02T16:36:27.673+0000] {logging_mixin.py:188} INFO - [2026-01-02T16:36:27.673+0000] {dag.py:3834} INFO - Setting next_dagrun for prediction_dag to 2026-01-02 16:36:00+00:00, run_after=2026-01-02 16:38:00+00:00
[2026-01-02T16:36:27.683+0000] {processor.py:183} INFO - Processing /opt/airflow/dags/prediction_dag.py took 0.082 seconds
[2026-01-02T16:36:58.082+0000] {processor.py:161} INFO - Started process (PID=14993) to work on /opt/airflow/dags/prediction_dag.py
[2026-01-02T16:36:58.083+0000] {processor.py:830} INFO - Processing file /opt/airflow/dags/prediction_dag.py for tasks to queue
[2026-01-02T16:36:58.084+0000] {logging_mixin.py:188} INFO - [2026-01-02T16:36:58.084+0000] {dagbag.py:540} INFO - Filling up the DagBag from /opt/airflow/dags/prediction_dag.py
[2026-01-02T16:36:58.103+0000] {processor.py:840} INFO - DAG(s) 'prediction_dag' retrieved from /opt/airflow/dags/prediction_dag.py
[2026-01-02T16:36:58.143+0000] {logging_mixin.py:188} INFO - [2026-01-02T16:36:58.142+0000] {dag.py:3047} INFO - Sync 1 DAGs
[2026-01-02T16:36:58.194+0000] {logging_mixin.py:188} INFO - [2026-01-02T16:36:58.194+0000] {dag.py:3834} INFO - Setting next_dagrun for prediction_dag to 2026-01-02 16:36:00+00:00, run_after=2026-01-02 16:38:00+00:00
[2026-01-02T16:36:58.208+0000] {processor.py:183} INFO - Processing /opt/airflow/dags/prediction_dag.py took 0.129 seconds
[2026-01-02T16:37:28.548+0000] {processor.py:161} INFO - Started process (PID=15069) to work on /opt/airflow/dags/prediction_dag.py
[2026-01-02T16:37:28.550+0000] {processor.py:830} INFO - Processing file /opt/airflow/dags/prediction_dag.py for tasks to queue
[2026-01-02T16:37:28.552+0000] {logging_mixin.py:188} INFO - [2026-01-02T16:37:28.551+0000] {dagbag.py:540} INFO - Filling up the DagBag from /opt/airflow/dags/prediction_dag.py
[2026-01-02T16:37:28.588+0000] {processor.py:840} INFO - DAG(s) 'prediction_dag' retrieved from /opt/airflow/dags/prediction_dag.py
[2026-01-02T16:37:28.640+0000] {logging_mixin.py:188} INFO - [2026-01-02T16:37:28.639+0000] {dag.py:3047} INFO - Sync 1 DAGs
[2026-01-02T16:37:28.673+0000] {logging_mixin.py:188} INFO - [2026-01-02T16:37:28.673+0000] {dag.py:3834} INFO - Setting next_dagrun for prediction_dag to 2026-01-02 16:36:00+00:00, run_after=2026-01-02 16:38:00+00:00
[2026-01-02T16:37:28.693+0000] {processor.py:183} INFO - Processing /opt/airflow/dags/prediction_dag.py took 0.158 seconds
[2026-01-02T16:37:59.187+0000] {processor.py:161} INFO - Started process (PID=15087) to work on /opt/airflow/dags/prediction_dag.py
[2026-01-02T16:37:59.192+0000] {processor.py:830} INFO - Processing file /opt/airflow/dags/prediction_dag.py for tasks to queue
[2026-01-02T16:37:59.195+0000] {logging_mixin.py:188} INFO - [2026-01-02T16:37:59.194+0000] {dagbag.py:540} INFO - Filling up the DagBag from /opt/airflow/dags/prediction_dag.py
[2026-01-02T16:37:59.225+0000] {processor.py:840} INFO - DAG(s) 'prediction_dag' retrieved from /opt/airflow/dags/prediction_dag.py
[2026-01-02T16:37:59.279+0000] {logging_mixin.py:188} INFO - [2026-01-02T16:37:59.279+0000] {dag.py:3047} INFO - Sync 1 DAGs
[2026-01-02T16:37:59.308+0000] {logging_mixin.py:188} INFO - [2026-01-02T16:37:59.307+0000] {dag.py:3834} INFO - Setting next_dagrun for prediction_dag to 2026-01-02 16:36:00+00:00, run_after=2026-01-02 16:38:00+00:00
[2026-01-02T16:37:59.327+0000] {processor.py:183} INFO - Processing /opt/airflow/dags/prediction_dag.py took 0.149 seconds
[2026-01-02T16:53:14.046+0000] {processor.py:161} INFO - Started process (PID=15175) to work on /opt/airflow/dags/prediction_dag.py
[2026-01-02T16:53:14.054+0000] {processor.py:830} INFO - Processing file /opt/airflow/dags/prediction_dag.py for tasks to queue
[2026-01-02T16:53:14.060+0000] {logging_mixin.py:188} INFO - [2026-01-02T16:53:14.058+0000] {dagbag.py:540} INFO - Filling up the DagBag from /opt/airflow/dags/prediction_dag.py
[2026-01-02T16:53:14.217+0000] {processor.py:840} INFO - DAG(s) 'prediction_dag' retrieved from /opt/airflow/dags/prediction_dag.py
[2026-01-02T16:53:14.565+0000] {logging_mixin.py:188} INFO - [2026-01-02T16:53:14.563+0000] {dag.py:3047} INFO - Sync 1 DAGs
[2026-01-02T16:53:15.017+0000] {logging_mixin.py:188} INFO - [2026-01-02T16:53:15.016+0000] {dag.py:3834} INFO - Setting next_dagrun for prediction_dag to 2026-01-02 16:50:00+00:00, run_after=2026-01-02 16:52:00+00:00
[2026-01-02T16:53:15.239+0000] {processor.py:183} INFO - Processing /opt/airflow/dags/prediction_dag.py took 1.214 seconds
[2026-01-02T16:53:45.954+0000] {processor.py:161} INFO - Started process (PID=15321) to work on /opt/airflow/dags/prediction_dag.py
[2026-01-02T16:53:45.959+0000] {processor.py:830} INFO - Processing file /opt/airflow/dags/prediction_dag.py for tasks to queue
[2026-01-02T16:53:45.962+0000] {logging_mixin.py:188} INFO - [2026-01-02T16:53:45.961+0000] {dagbag.py:540} INFO - Filling up the DagBag from /opt/airflow/dags/prediction_dag.py
[2026-01-02T16:53:46.005+0000] {processor.py:840} INFO - DAG(s) 'prediction_dag' retrieved from /opt/airflow/dags/prediction_dag.py
[2026-01-02T16:53:46.056+0000] {logging_mixin.py:188} INFO - [2026-01-02T16:53:46.056+0000] {dag.py:3047} INFO - Sync 1 DAGs
[2026-01-02T16:53:46.086+0000] {logging_mixin.py:188} INFO - [2026-01-02T16:53:46.086+0000] {dag.py:3834} INFO - Setting next_dagrun for prediction_dag to 2026-01-02 16:52:00+00:00, run_after=2026-01-02 16:54:00+00:00
[2026-01-02T16:53:46.102+0000] {processor.py:183} INFO - Processing /opt/airflow/dags/prediction_dag.py took 0.159 seconds
[2026-01-02T16:54:16.256+0000] {processor.py:161} INFO - Started process (PID=15407) to work on /opt/airflow/dags/prediction_dag.py
[2026-01-02T16:54:16.259+0000] {processor.py:830} INFO - Processing file /opt/airflow/dags/prediction_dag.py for tasks to queue
[2026-01-02T16:54:16.260+0000] {logging_mixin.py:188} INFO - [2026-01-02T16:54:16.259+0000] {dagbag.py:540} INFO - Filling up the DagBag from /opt/airflow/dags/prediction_dag.py
[2026-01-02T16:54:16.298+0000] {processor.py:840} INFO - DAG(s) 'prediction_dag' retrieved from /opt/airflow/dags/prediction_dag.py
[2026-01-02T16:54:16.345+0000] {logging_mixin.py:188} INFO - [2026-01-02T16:54:16.345+0000] {dag.py:3047} INFO - Sync 1 DAGs
[2026-01-02T16:54:16.375+0000] {logging_mixin.py:188} INFO - [2026-01-02T16:54:16.375+0000] {dag.py:3834} INFO - Setting next_dagrun for prediction_dag to 2026-01-02 16:54:00+00:00, run_after=2026-01-02 16:56:00+00:00
[2026-01-02T16:54:16.398+0000] {processor.py:183} INFO - Processing /opt/airflow/dags/prediction_dag.py took 0.151 seconds
[2026-01-02T16:54:46.794+0000] {processor.py:161} INFO - Started process (PID=15425) to work on /opt/airflow/dags/prediction_dag.py
[2026-01-02T16:54:46.796+0000] {processor.py:830} INFO - Processing file /opt/airflow/dags/prediction_dag.py for tasks to queue
[2026-01-02T16:54:46.797+0000] {logging_mixin.py:188} INFO - [2026-01-02T16:54:46.796+0000] {dagbag.py:540} INFO - Filling up the DagBag from /opt/airflow/dags/prediction_dag.py
[2026-01-02T16:54:46.824+0000] {processor.py:840} INFO - DAG(s) 'prediction_dag' retrieved from /opt/airflow/dags/prediction_dag.py
[2026-01-02T16:54:46.864+0000] {logging_mixin.py:188} INFO - [2026-01-02T16:54:46.864+0000] {dag.py:3047} INFO - Sync 1 DAGs
[2026-01-02T16:54:46.895+0000] {logging_mixin.py:188} INFO - [2026-01-02T16:54:46.895+0000] {dag.py:3834} INFO - Setting next_dagrun for prediction_dag to 2026-01-02 16:54:00+00:00, run_after=2026-01-02 16:56:00+00:00
[2026-01-02T16:54:46.908+0000] {processor.py:183} INFO - Processing /opt/airflow/dags/prediction_dag.py took 0.127 seconds
[2026-01-02T16:55:17.037+0000] {processor.py:161} INFO - Started process (PID=15505) to work on /opt/airflow/dags/prediction_dag.py
[2026-01-02T16:55:17.040+0000] {processor.py:830} INFO - Processing file /opt/airflow/dags/prediction_dag.py for tasks to queue
[2026-01-02T16:55:17.042+0000] {logging_mixin.py:188} INFO - [2026-01-02T16:55:17.041+0000] {dagbag.py:540} INFO - Filling up the DagBag from /opt/airflow/dags/prediction_dag.py
[2026-01-02T16:55:17.075+0000] {processor.py:840} INFO - DAG(s) 'prediction_dag' retrieved from /opt/airflow/dags/prediction_dag.py
[2026-01-02T16:55:17.130+0000] {logging_mixin.py:188} INFO - [2026-01-02T16:55:17.130+0000] {dag.py:3047} INFO - Sync 1 DAGs
[2026-01-02T16:55:17.160+0000] {logging_mixin.py:188} INFO - [2026-01-02T16:55:17.159+0000] {dag.py:3834} INFO - Setting next_dagrun for prediction_dag to 2026-01-02 16:54:00+00:00, run_after=2026-01-02 16:56:00+00:00
[2026-01-02T16:55:17.176+0000] {processor.py:183} INFO - Processing /opt/airflow/dags/prediction_dag.py took 0.147 seconds
[2026-01-02T16:55:47.373+0000] {processor.py:161} INFO - Started process (PID=15523) to work on /opt/airflow/dags/prediction_dag.py
[2026-01-02T16:55:47.377+0000] {processor.py:830} INFO - Processing file /opt/airflow/dags/prediction_dag.py for tasks to queue
[2026-01-02T16:55:47.378+0000] {logging_mixin.py:188} INFO - [2026-01-02T16:55:47.377+0000] {dagbag.py:540} INFO - Filling up the DagBag from /opt/airflow/dags/prediction_dag.py
[2026-01-02T16:55:47.416+0000] {processor.py:840} INFO - DAG(s) 'prediction_dag' retrieved from /opt/airflow/dags/prediction_dag.py
[2026-01-02T16:55:47.471+0000] {logging_mixin.py:188} INFO - [2026-01-02T16:55:47.471+0000] {dag.py:3047} INFO - Sync 1 DAGs
[2026-01-02T16:55:47.509+0000] {logging_mixin.py:188} INFO - [2026-01-02T16:55:47.509+0000] {dag.py:3834} INFO - Setting next_dagrun for prediction_dag to 2026-01-02 16:54:00+00:00, run_after=2026-01-02 16:56:00+00:00
[2026-01-02T16:55:47.530+0000] {processor.py:183} INFO - Processing /opt/airflow/dags/prediction_dag.py took 0.167 seconds
[2026-01-02T16:56:17.917+0000] {processor.py:161} INFO - Started process (PID=15609) to work on /opt/airflow/dags/prediction_dag.py
[2026-01-02T16:56:17.920+0000] {processor.py:830} INFO - Processing file /opt/airflow/dags/prediction_dag.py for tasks to queue
[2026-01-02T16:56:17.922+0000] {logging_mixin.py:188} INFO - [2026-01-02T16:56:17.921+0000] {dagbag.py:540} INFO - Filling up the DagBag from /opt/airflow/dags/prediction_dag.py
[2026-01-02T16:56:17.948+0000] {processor.py:840} INFO - DAG(s) 'prediction_dag' retrieved from /opt/airflow/dags/prediction_dag.py
[2026-01-02T16:56:17.995+0000] {logging_mixin.py:188} INFO - [2026-01-02T16:56:17.994+0000] {dag.py:3047} INFO - Sync 1 DAGs
[2026-01-02T16:56:18.023+0000] {logging_mixin.py:188} INFO - [2026-01-02T16:56:18.022+0000] {dag.py:3834} INFO - Setting next_dagrun for prediction_dag to 2026-01-02 16:56:00+00:00, run_after=2026-01-02 16:58:00+00:00
[2026-01-02T16:56:18.038+0000] {processor.py:183} INFO - Processing /opt/airflow/dags/prediction_dag.py took 0.136 seconds
[2026-01-02T16:56:48.240+0000] {processor.py:161} INFO - Started process (PID=15627) to work on /opt/airflow/dags/prediction_dag.py
[2026-01-02T16:56:48.243+0000] {processor.py:830} INFO - Processing file /opt/airflow/dags/prediction_dag.py for tasks to queue
[2026-01-02T16:56:48.245+0000] {logging_mixin.py:188} INFO - [2026-01-02T16:56:48.244+0000] {dagbag.py:540} INFO - Filling up the DagBag from /opt/airflow/dags/prediction_dag.py
[2026-01-02T16:56:48.283+0000] {processor.py:840} INFO - DAG(s) 'prediction_dag' retrieved from /opt/airflow/dags/prediction_dag.py
[2026-01-02T16:56:48.334+0000] {logging_mixin.py:188} INFO - [2026-01-02T16:56:48.333+0000] {dag.py:3047} INFO - Sync 1 DAGs
[2026-01-02T16:56:48.359+0000] {logging_mixin.py:188} INFO - [2026-01-02T16:56:48.359+0000] {dag.py:3834} INFO - Setting next_dagrun for prediction_dag to 2026-01-02 16:56:00+00:00, run_after=2026-01-02 16:58:00+00:00
[2026-01-02T16:56:48.379+0000] {processor.py:183} INFO - Processing /opt/airflow/dags/prediction_dag.py took 0.153 seconds
[2026-01-02T16:57:18.734+0000] {processor.py:161} INFO - Started process (PID=15707) to work on /opt/airflow/dags/prediction_dag.py
[2026-01-02T16:57:18.736+0000] {processor.py:830} INFO - Processing file /opt/airflow/dags/prediction_dag.py for tasks to queue
[2026-01-02T16:57:18.737+0000] {logging_mixin.py:188} INFO - [2026-01-02T16:57:18.736+0000] {dagbag.py:540} INFO - Filling up the DagBag from /opt/airflow/dags/prediction_dag.py
[2026-01-02T16:57:18.763+0000] {processor.py:840} INFO - DAG(s) 'prediction_dag' retrieved from /opt/airflow/dags/prediction_dag.py
[2026-01-02T16:57:18.807+0000] {logging_mixin.py:188} INFO - [2026-01-02T16:57:18.807+0000] {dag.py:3047} INFO - Sync 1 DAGs
[2026-01-02T16:57:18.837+0000] {logging_mixin.py:188} INFO - [2026-01-02T16:57:18.837+0000] {dag.py:3834} INFO - Setting next_dagrun for prediction_dag to 2026-01-02 16:56:00+00:00, run_after=2026-01-02 16:58:00+00:00
[2026-01-02T16:57:18.852+0000] {processor.py:183} INFO - Processing /opt/airflow/dags/prediction_dag.py took 0.127 seconds
[2026-01-02T16:57:48.980+0000] {processor.py:161} INFO - Started process (PID=15725) to work on /opt/airflow/dags/prediction_dag.py
[2026-01-02T16:57:48.982+0000] {processor.py:830} INFO - Processing file /opt/airflow/dags/prediction_dag.py for tasks to queue
[2026-01-02T16:57:48.983+0000] {logging_mixin.py:188} INFO - [2026-01-02T16:57:48.983+0000] {dagbag.py:540} INFO - Filling up the DagBag from /opt/airflow/dags/prediction_dag.py
[2026-01-02T16:57:49.020+0000] {processor.py:840} INFO - DAG(s) 'prediction_dag' retrieved from /opt/airflow/dags/prediction_dag.py
[2026-01-02T16:57:49.072+0000] {logging_mixin.py:188} INFO - [2026-01-02T16:57:49.072+0000] {dag.py:3047} INFO - Sync 1 DAGs
[2026-01-02T16:57:49.097+0000] {logging_mixin.py:188} INFO - [2026-01-02T16:57:49.097+0000] {dag.py:3834} INFO - Setting next_dagrun for prediction_dag to 2026-01-02 16:56:00+00:00, run_after=2026-01-02 16:58:00+00:00
[2026-01-02T16:57:49.115+0000] {processor.py:183} INFO - Processing /opt/airflow/dags/prediction_dag.py took 0.141 seconds
[2026-01-02T16:58:19.204+0000] {processor.py:161} INFO - Started process (PID=15811) to work on /opt/airflow/dags/prediction_dag.py
[2026-01-02T16:58:19.205+0000] {processor.py:830} INFO - Processing file /opt/airflow/dags/prediction_dag.py for tasks to queue
[2026-01-02T16:58:19.207+0000] {logging_mixin.py:188} INFO - [2026-01-02T16:58:19.206+0000] {dagbag.py:540} INFO - Filling up the DagBag from /opt/airflow/dags/prediction_dag.py
[2026-01-02T16:58:19.231+0000] {processor.py:840} INFO - DAG(s) 'prediction_dag' retrieved from /opt/airflow/dags/prediction_dag.py
[2026-01-02T16:58:19.280+0000] {logging_mixin.py:188} INFO - [2026-01-02T16:58:19.279+0000] {dag.py:3047} INFO - Sync 1 DAGs
[2026-01-02T16:58:19.308+0000] {logging_mixin.py:188} INFO - [2026-01-02T16:58:19.308+0000] {dag.py:3834} INFO - Setting next_dagrun for prediction_dag to 2026-01-02 16:58:00+00:00, run_after=2026-01-02 17:00:00+00:00
[2026-01-02T16:58:19.321+0000] {processor.py:183} INFO - Processing /opt/airflow/dags/prediction_dag.py took 0.130 seconds
[2026-01-02T16:58:49.417+0000] {processor.py:161} INFO - Started process (PID=15829) to work on /opt/airflow/dags/prediction_dag.py
[2026-01-02T16:58:49.420+0000] {processor.py:830} INFO - Processing file /opt/airflow/dags/prediction_dag.py for tasks to queue
[2026-01-02T16:58:49.421+0000] {logging_mixin.py:188} INFO - [2026-01-02T16:58:49.420+0000] {dagbag.py:540} INFO - Filling up the DagBag from /opt/airflow/dags/prediction_dag.py
[2026-01-02T16:58:49.441+0000] {processor.py:840} INFO - DAG(s) 'prediction_dag' retrieved from /opt/airflow/dags/prediction_dag.py
[2026-01-02T16:58:49.467+0000] {logging_mixin.py:188} INFO - [2026-01-02T16:58:49.466+0000] {dag.py:3047} INFO - Sync 1 DAGs
[2026-01-02T16:58:49.484+0000] {logging_mixin.py:188} INFO - [2026-01-02T16:58:49.484+0000] {dag.py:3834} INFO - Setting next_dagrun for prediction_dag to 2026-01-02 16:58:00+00:00, run_after=2026-01-02 17:00:00+00:00
[2026-01-02T16:58:49.495+0000] {processor.py:183} INFO - Processing /opt/airflow/dags/prediction_dag.py took 0.087 seconds
[2026-01-02T16:59:19.887+0000] {processor.py:161} INFO - Started process (PID=15909) to work on /opt/airflow/dags/prediction_dag.py
[2026-01-02T16:59:19.890+0000] {processor.py:830} INFO - Processing file /opt/airflow/dags/prediction_dag.py for tasks to queue
[2026-01-02T16:59:19.891+0000] {logging_mixin.py:188} INFO - [2026-01-02T16:59:19.890+0000] {dagbag.py:540} INFO - Filling up the DagBag from /opt/airflow/dags/prediction_dag.py
[2026-01-02T16:59:19.914+0000] {processor.py:840} INFO - DAG(s) 'prediction_dag' retrieved from /opt/airflow/dags/prediction_dag.py
[2026-01-02T16:59:19.941+0000] {logging_mixin.py:188} INFO - [2026-01-02T16:59:19.941+0000] {dag.py:3047} INFO - Sync 1 DAGs
[2026-01-02T16:59:19.966+0000] {logging_mixin.py:188} INFO - [2026-01-02T16:59:19.966+0000] {dag.py:3834} INFO - Setting next_dagrun for prediction_dag to 2026-01-02 16:58:00+00:00, run_after=2026-01-02 17:00:00+00:00
[2026-01-02T16:59:19.984+0000] {processor.py:183} INFO - Processing /opt/airflow/dags/prediction_dag.py took 0.106 seconds
[2026-01-02T16:59:50.029+0000] {processor.py:161} INFO - Started process (PID=15927) to work on /opt/airflow/dags/prediction_dag.py
[2026-01-02T16:59:50.030+0000] {processor.py:830} INFO - Processing file /opt/airflow/dags/prediction_dag.py for tasks to queue
[2026-01-02T16:59:50.031+0000] {logging_mixin.py:188} INFO - [2026-01-02T16:59:50.031+0000] {dagbag.py:540} INFO - Filling up the DagBag from /opt/airflow/dags/prediction_dag.py
[2026-01-02T16:59:50.045+0000] {processor.py:840} INFO - DAG(s) 'prediction_dag' retrieved from /opt/airflow/dags/prediction_dag.py
[2026-01-02T16:59:50.065+0000] {logging_mixin.py:188} INFO - [2026-01-02T16:59:50.065+0000] {dag.py:3047} INFO - Sync 1 DAGs
[2026-01-02T16:59:50.080+0000] {logging_mixin.py:188} INFO - [2026-01-02T16:59:50.080+0000] {dag.py:3834} INFO - Setting next_dagrun for prediction_dag to 2026-01-02 16:58:00+00:00, run_after=2026-01-02 17:00:00+00:00
[2026-01-02T16:59:50.090+0000] {processor.py:183} INFO - Processing /opt/airflow/dags/prediction_dag.py took 0.066 seconds
[2026-01-02T17:00:20.459+0000] {processor.py:161} INFO - Started process (PID=16004) to work on /opt/airflow/dags/prediction_dag.py
[2026-01-02T17:00:20.460+0000] {processor.py:830} INFO - Processing file /opt/airflow/dags/prediction_dag.py for tasks to queue
[2026-01-02T17:00:20.461+0000] {logging_mixin.py:188} INFO - [2026-01-02T17:00:20.460+0000] {dagbag.py:540} INFO - Filling up the DagBag from /opt/airflow/dags/prediction_dag.py
[2026-01-02T17:00:20.482+0000] {processor.py:840} INFO - DAG(s) 'prediction_dag' retrieved from /opt/airflow/dags/prediction_dag.py
[2026-01-02T17:00:20.519+0000] {logging_mixin.py:188} INFO - [2026-01-02T17:00:20.519+0000] {dag.py:3047} INFO - Sync 1 DAGs
[2026-01-02T17:00:20.599+0000] {logging_mixin.py:188} INFO - [2026-01-02T17:00:20.599+0000] {dag.py:3834} INFO - Setting next_dagrun for prediction_dag to 2026-01-02 17:00:00+00:00, run_after=2026-01-02 17:02:00+00:00
[2026-01-02T17:00:20.627+0000] {processor.py:183} INFO - Processing /opt/airflow/dags/prediction_dag.py took 0.171 seconds
[2026-01-02T17:00:51.061+0000] {processor.py:161} INFO - Started process (PID=16018) to work on /opt/airflow/dags/prediction_dag.py
[2026-01-02T17:00:51.065+0000] {processor.py:830} INFO - Processing file /opt/airflow/dags/prediction_dag.py for tasks to queue
[2026-01-02T17:00:51.068+0000] {logging_mixin.py:188} INFO - [2026-01-02T17:00:51.066+0000] {dagbag.py:540} INFO - Filling up the DagBag from /opt/airflow/dags/prediction_dag.py
[2026-01-02T17:00:51.111+0000] {processor.py:840} INFO - DAG(s) 'prediction_dag' retrieved from /opt/airflow/dags/prediction_dag.py
[2026-01-02T17:00:51.163+0000] {logging_mixin.py:188} INFO - [2026-01-02T17:00:51.163+0000] {dag.py:3047} INFO - Sync 1 DAGs
[2026-01-02T17:00:51.193+0000] {logging_mixin.py:188} INFO - [2026-01-02T17:00:51.193+0000] {dag.py:3834} INFO - Setting next_dagrun for prediction_dag to 2026-01-02 17:00:00+00:00, run_after=2026-01-02 17:02:00+00:00
[2026-01-02T17:00:51.211+0000] {processor.py:183} INFO - Processing /opt/airflow/dags/prediction_dag.py took 0.158 seconds
[2026-01-02T17:01:21.685+0000] {processor.py:161} INFO - Started process (PID=16098) to work on /opt/airflow/dags/prediction_dag.py
[2026-01-02T17:01:21.693+0000] {processor.py:830} INFO - Processing file /opt/airflow/dags/prediction_dag.py for tasks to queue
[2026-01-02T17:01:21.695+0000] {logging_mixin.py:188} INFO - [2026-01-02T17:01:21.694+0000] {dagbag.py:540} INFO - Filling up the DagBag from /opt/airflow/dags/prediction_dag.py
[2026-01-02T17:01:21.726+0000] {processor.py:840} INFO - DAG(s) 'prediction_dag' retrieved from /opt/airflow/dags/prediction_dag.py
[2026-01-02T17:01:21.773+0000] {logging_mixin.py:188} INFO - [2026-01-02T17:01:21.773+0000] {dag.py:3047} INFO - Sync 1 DAGs
[2026-01-02T17:01:21.802+0000] {logging_mixin.py:188} INFO - [2026-01-02T17:01:21.802+0000] {dag.py:3834} INFO - Setting next_dagrun for prediction_dag to 2026-01-02 17:00:00+00:00, run_after=2026-01-02 17:02:00+00:00
[2026-01-02T17:01:21.816+0000] {processor.py:183} INFO - Processing /opt/airflow/dags/prediction_dag.py took 0.146 seconds
[2026-01-02T17:01:52.246+0000] {processor.py:161} INFO - Started process (PID=16116) to work on /opt/airflow/dags/prediction_dag.py
[2026-01-02T17:01:52.248+0000] {processor.py:830} INFO - Processing file /opt/airflow/dags/prediction_dag.py for tasks to queue
[2026-01-02T17:01:52.250+0000] {logging_mixin.py:188} INFO - [2026-01-02T17:01:52.249+0000] {dagbag.py:540} INFO - Filling up the DagBag from /opt/airflow/dags/prediction_dag.py
[2026-01-02T17:01:52.293+0000] {processor.py:840} INFO - DAG(s) 'prediction_dag' retrieved from /opt/airflow/dags/prediction_dag.py
[2026-01-02T17:01:52.341+0000] {logging_mixin.py:188} INFO - [2026-01-02T17:01:52.341+0000] {dag.py:3047} INFO - Sync 1 DAGs
[2026-01-02T17:01:52.364+0000] {logging_mixin.py:188} INFO - [2026-01-02T17:01:52.364+0000] {dag.py:3834} INFO - Setting next_dagrun for prediction_dag to 2026-01-02 17:00:00+00:00, run_after=2026-01-02 17:02:00+00:00
[2026-01-02T17:01:52.383+0000] {processor.py:183} INFO - Processing /opt/airflow/dags/prediction_dag.py took 0.150 seconds
[2026-01-02T17:02:22.794+0000] {processor.py:161} INFO - Started process (PID=16202) to work on /opt/airflow/dags/prediction_dag.py
[2026-01-02T17:02:22.796+0000] {processor.py:830} INFO - Processing file /opt/airflow/dags/prediction_dag.py for tasks to queue
[2026-01-02T17:02:22.798+0000] {logging_mixin.py:188} INFO - [2026-01-02T17:02:22.797+0000] {dagbag.py:540} INFO - Filling up the DagBag from /opt/airflow/dags/prediction_dag.py
[2026-01-02T17:02:22.838+0000] {processor.py:840} INFO - DAG(s) 'prediction_dag' retrieved from /opt/airflow/dags/prediction_dag.py
[2026-01-02T17:02:22.895+0000] {logging_mixin.py:188} INFO - [2026-01-02T17:02:22.895+0000] {dag.py:3047} INFO - Sync 1 DAGs
[2026-01-02T17:02:22.937+0000] {logging_mixin.py:188} INFO - [2026-01-02T17:02:22.937+0000] {dag.py:3834} INFO - Setting next_dagrun for prediction_dag to 2026-01-02 17:02:00+00:00, run_after=2026-01-02 17:04:00+00:00
[2026-01-02T17:02:22.959+0000] {processor.py:183} INFO - Processing /opt/airflow/dags/prediction_dag.py took 0.173 seconds
[2026-01-02T17:02:53.183+0000] {processor.py:161} INFO - Started process (PID=16220) to work on /opt/airflow/dags/prediction_dag.py
[2026-01-02T17:02:53.188+0000] {processor.py:830} INFO - Processing file /opt/airflow/dags/prediction_dag.py for tasks to queue
[2026-01-02T17:02:53.190+0000] {logging_mixin.py:188} INFO - [2026-01-02T17:02:53.189+0000] {dagbag.py:540} INFO - Filling up the DagBag from /opt/airflow/dags/prediction_dag.py
[2026-01-02T17:02:53.230+0000] {processor.py:840} INFO - DAG(s) 'prediction_dag' retrieved from /opt/airflow/dags/prediction_dag.py
[2026-01-02T17:02:53.278+0000] {logging_mixin.py:188} INFO - [2026-01-02T17:02:53.278+0000] {dag.py:3047} INFO - Sync 1 DAGs
[2026-01-02T17:02:53.310+0000] {logging_mixin.py:188} INFO - [2026-01-02T17:02:53.310+0000] {dag.py:3834} INFO - Setting next_dagrun for prediction_dag to 2026-01-02 17:02:00+00:00, run_after=2026-01-02 17:04:00+00:00
[2026-01-02T17:02:53.325+0000] {processor.py:183} INFO - Processing /opt/airflow/dags/prediction_dag.py took 0.156 seconds
[2026-01-02T17:03:23.495+0000] {processor.py:161} INFO - Started process (PID=16300) to work on /opt/airflow/dags/prediction_dag.py
[2026-01-02T17:03:23.497+0000] {processor.py:830} INFO - Processing file /opt/airflow/dags/prediction_dag.py for tasks to queue
[2026-01-02T17:03:23.499+0000] {logging_mixin.py:188} INFO - [2026-01-02T17:03:23.498+0000] {dagbag.py:540} INFO - Filling up the DagBag from /opt/airflow/dags/prediction_dag.py
[2026-01-02T17:03:23.536+0000] {processor.py:840} INFO - DAG(s) 'prediction_dag' retrieved from /opt/airflow/dags/prediction_dag.py
[2026-01-02T17:03:23.579+0000] {logging_mixin.py:188} INFO - [2026-01-02T17:03:23.578+0000] {dag.py:3047} INFO - Sync 1 DAGs
[2026-01-02T17:03:23.608+0000] {logging_mixin.py:188} INFO - [2026-01-02T17:03:23.608+0000] {dag.py:3834} INFO - Setting next_dagrun for prediction_dag to 2026-01-02 17:02:00+00:00, run_after=2026-01-02 17:04:00+00:00
[2026-01-02T17:03:23.623+0000] {processor.py:183} INFO - Processing /opt/airflow/dags/prediction_dag.py took 0.138 seconds
[2026-01-02T17:03:54.465+0000] {processor.py:161} INFO - Started process (PID=16318) to work on /opt/airflow/dags/prediction_dag.py
[2026-01-02T17:03:54.467+0000] {processor.py:830} INFO - Processing file /opt/airflow/dags/prediction_dag.py for tasks to queue
[2026-01-02T17:03:54.469+0000] {logging_mixin.py:188} INFO - [2026-01-02T17:03:54.468+0000] {dagbag.py:540} INFO - Filling up the DagBag from /opt/airflow/dags/prediction_dag.py
[2026-01-02T17:03:54.563+0000] {processor.py:840} INFO - DAG(s) 'prediction_dag' retrieved from /opt/airflow/dags/prediction_dag.py
[2026-01-02T17:03:54.697+0000] {logging_mixin.py:188} INFO - [2026-01-02T17:03:54.697+0000] {dag.py:3047} INFO - Sync 1 DAGs
[2026-01-02T17:03:54.751+0000] {logging_mixin.py:188} INFO - [2026-01-02T17:03:54.750+0000] {dag.py:3834} INFO - Setting next_dagrun for prediction_dag to 2026-01-02 17:02:00+00:00, run_after=2026-01-02 17:04:00+00:00
[2026-01-02T17:03:55.537+0000] {processor.py:183} INFO - Processing /opt/airflow/dags/prediction_dag.py took 1.092 seconds
[2026-01-02T17:30:50.514+0000] {processor.py:161} INFO - Started process (PID=16379) to work on /opt/airflow/dags/prediction_dag.py
[2026-01-02T17:30:50.533+0000] {processor.py:830} INFO - Processing file /opt/airflow/dags/prediction_dag.py for tasks to queue
[2026-01-02T17:30:50.544+0000] {logging_mixin.py:188} INFO - [2026-01-02T17:30:50.541+0000] {dagbag.py:540} INFO - Filling up the DagBag from /opt/airflow/dags/prediction_dag.py
[2026-01-02T17:30:50.629+0000] {processor.py:840} INFO - DAG(s) 'prediction_dag' retrieved from /opt/airflow/dags/prediction_dag.py
[2026-01-02T17:30:51.106+0000] {logging_mixin.py:188} INFO - [2026-01-02T17:30:51.102+0000] {dag.py:3047} INFO - Sync 1 DAGs
[2026-01-02T17:30:51.395+0000] {logging_mixin.py:188} INFO - [2026-01-02T17:30:51.391+0000] {dag.py:3834} INFO - Setting next_dagrun for prediction_dag to 2026-01-02 17:28:00+00:00, run_after=2026-01-02 17:30:00+00:00
[2026-01-02T17:30:51.620+0000] {processor.py:183} INFO - Processing /opt/airflow/dags/prediction_dag.py took 1.130 seconds
[2026-01-02T17:31:23.092+0000] {processor.py:161} INFO - Started process (PID=16576) to work on /opt/airflow/dags/prediction_dag.py
[2026-01-02T17:31:23.104+0000] {processor.py:830} INFO - Processing file /opt/airflow/dags/prediction_dag.py for tasks to queue
[2026-01-02T17:31:23.120+0000] {logging_mixin.py:188} INFO - [2026-01-02T17:31:23.115+0000] {dagbag.py:540} INFO - Filling up the DagBag from /opt/airflow/dags/prediction_dag.py
[2026-01-02T17:31:23.194+0000] {processor.py:840} INFO - DAG(s) 'prediction_dag' retrieved from /opt/airflow/dags/prediction_dag.py
[2026-01-02T17:31:23.325+0000] {logging_mixin.py:188} INFO - [2026-01-02T17:31:23.318+0000] {dag.py:3047} INFO - Sync 1 DAGs
[2026-01-02T17:31:23.456+0000] {logging_mixin.py:188} INFO - [2026-01-02T17:31:23.455+0000] {dag.py:3834} INFO - Setting next_dagrun for prediction_dag to 2026-01-02 17:30:00+00:00, run_after=2026-01-02 17:32:00+00:00
[2026-01-02T17:31:23.501+0000] {processor.py:183} INFO - Processing /opt/airflow/dags/prediction_dag.py took 0.436 seconds
[2026-01-02T17:31:53.882+0000] {processor.py:161} INFO - Started process (PID=16632) to work on /opt/airflow/dags/prediction_dag.py
[2026-01-02T17:31:53.887+0000] {processor.py:830} INFO - Processing file /opt/airflow/dags/prediction_dag.py for tasks to queue
[2026-01-02T17:31:53.889+0000] {logging_mixin.py:188} INFO - [2026-01-02T17:31:53.888+0000] {dagbag.py:540} INFO - Filling up the DagBag from /opt/airflow/dags/prediction_dag.py
[2026-01-02T17:31:53.939+0000] {processor.py:840} INFO - DAG(s) 'prediction_dag' retrieved from /opt/airflow/dags/prediction_dag.py
[2026-01-02T17:31:53.990+0000] {logging_mixin.py:188} INFO - [2026-01-02T17:31:53.990+0000] {dag.py:3047} INFO - Sync 1 DAGs
[2026-01-02T17:31:54.311+0000] {logging_mixin.py:188} INFO - [2026-01-02T17:31:54.311+0000] {dag.py:3834} INFO - Setting next_dagrun for prediction_dag to 2026-01-02 17:30:00+00:00, run_after=2026-01-02 17:32:00+00:00
[2026-01-02T17:31:54.321+0000] {processor.py:183} INFO - Processing /opt/airflow/dags/prediction_dag.py took 0.451 seconds
[2026-01-02T17:32:24.805+0000] {processor.py:161} INFO - Started process (PID=16718) to work on /opt/airflow/dags/prediction_dag.py
[2026-01-02T17:32:24.809+0000] {processor.py:830} INFO - Processing file /opt/airflow/dags/prediction_dag.py for tasks to queue
[2026-01-02T17:32:24.815+0000] {logging_mixin.py:188} INFO - [2026-01-02T17:32:24.814+0000] {dagbag.py:540} INFO - Filling up the DagBag from /opt/airflow/dags/prediction_dag.py
[2026-01-02T17:32:24.876+0000] {processor.py:840} INFO - DAG(s) 'prediction_dag' retrieved from /opt/airflow/dags/prediction_dag.py
[2026-01-02T17:32:24.954+0000] {logging_mixin.py:188} INFO - [2026-01-02T17:32:24.954+0000] {dag.py:3047} INFO - Sync 1 DAGs
[2026-01-02T17:32:24.998+0000] {logging_mixin.py:188} INFO - [2026-01-02T17:32:24.997+0000] {dag.py:3834} INFO - Setting next_dagrun for prediction_dag to 2026-01-02 17:32:00+00:00, run_after=2026-01-02 17:34:00+00:00
[2026-01-02T17:32:25.049+0000] {processor.py:183} INFO - Processing /opt/airflow/dags/prediction_dag.py took 0.273 seconds
[2026-01-02T17:32:55.449+0000] {processor.py:161} INFO - Started process (PID=16736) to work on /opt/airflow/dags/prediction_dag.py
[2026-01-02T17:32:55.451+0000] {processor.py:830} INFO - Processing file /opt/airflow/dags/prediction_dag.py for tasks to queue
[2026-01-02T17:32:55.452+0000] {logging_mixin.py:188} INFO - [2026-01-02T17:32:55.451+0000] {dagbag.py:540} INFO - Filling up the DagBag from /opt/airflow/dags/prediction_dag.py
[2026-01-02T17:32:55.485+0000] {processor.py:840} INFO - DAG(s) 'prediction_dag' retrieved from /opt/airflow/dags/prediction_dag.py
[2026-01-02T17:32:55.529+0000] {logging_mixin.py:188} INFO - [2026-01-02T17:32:55.529+0000] {dag.py:3047} INFO - Sync 1 DAGs
[2026-01-02T17:32:55.565+0000] {logging_mixin.py:188} INFO - [2026-01-02T17:32:55.564+0000] {dag.py:3834} INFO - Setting next_dagrun for prediction_dag to 2026-01-02 17:32:00+00:00, run_after=2026-01-02 17:34:00+00:00
[2026-01-02T17:32:55.853+0000] {processor.py:183} INFO - Processing /opt/airflow/dags/prediction_dag.py took 0.408 seconds
[2026-01-02T17:33:26.283+0000] {processor.py:161} INFO - Started process (PID=16816) to work on /opt/airflow/dags/prediction_dag.py
[2026-01-02T17:33:26.286+0000] {processor.py:830} INFO - Processing file /opt/airflow/dags/prediction_dag.py for tasks to queue
[2026-01-02T17:33:26.288+0000] {logging_mixin.py:188} INFO - [2026-01-02T17:33:26.287+0000] {dagbag.py:540} INFO - Filling up the DagBag from /opt/airflow/dags/prediction_dag.py
[2026-01-02T17:33:26.331+0000] {processor.py:840} INFO - DAG(s) 'prediction_dag' retrieved from /opt/airflow/dags/prediction_dag.py
[2026-01-02T17:33:26.417+0000] {logging_mixin.py:188} INFO - [2026-01-02T17:33:26.417+0000] {dag.py:3047} INFO - Sync 1 DAGs
[2026-01-02T17:33:26.461+0000] {logging_mixin.py:188} INFO - [2026-01-02T17:33:26.460+0000] {dag.py:3834} INFO - Setting next_dagrun for prediction_dag to 2026-01-02 17:32:00+00:00, run_after=2026-01-02 17:34:00+00:00
[2026-01-02T17:33:26.496+0000] {processor.py:183} INFO - Processing /opt/airflow/dags/prediction_dag.py took 0.229 seconds
[2026-01-02T17:33:56.677+0000] {processor.py:161} INFO - Started process (PID=16834) to work on /opt/airflow/dags/prediction_dag.py
[2026-01-02T17:33:56.679+0000] {processor.py:830} INFO - Processing file /opt/airflow/dags/prediction_dag.py for tasks to queue
[2026-01-02T17:33:56.680+0000] {logging_mixin.py:188} INFO - [2026-01-02T17:33:56.680+0000] {dagbag.py:540} INFO - Filling up the DagBag from /opt/airflow/dags/prediction_dag.py
[2026-01-02T17:33:56.799+0000] {processor.py:840} INFO - DAG(s) 'prediction_dag' retrieved from /opt/airflow/dags/prediction_dag.py
[2026-01-02T17:33:56.873+0000] {logging_mixin.py:188} INFO - [2026-01-02T17:33:56.872+0000] {dag.py:3047} INFO - Sync 1 DAGs
[2026-01-02T17:33:56.904+0000] {logging_mixin.py:188} INFO - [2026-01-02T17:33:56.904+0000] {dag.py:3834} INFO - Setting next_dagrun for prediction_dag to 2026-01-02 17:32:00+00:00, run_after=2026-01-02 17:34:00+00:00
[2026-01-02T17:33:56.921+0000] {processor.py:183} INFO - Processing /opt/airflow/dags/prediction_dag.py took 0.255 seconds
[2026-01-02T17:34:27.265+0000] {processor.py:161} INFO - Started process (PID=16920) to work on /opt/airflow/dags/prediction_dag.py
[2026-01-02T17:34:27.267+0000] {processor.py:830} INFO - Processing file /opt/airflow/dags/prediction_dag.py for tasks to queue
[2026-01-02T17:34:27.269+0000] {logging_mixin.py:188} INFO - [2026-01-02T17:34:27.268+0000] {dagbag.py:540} INFO - Filling up the DagBag from /opt/airflow/dags/prediction_dag.py
[2026-01-02T17:34:27.330+0000] {processor.py:840} INFO - DAG(s) 'prediction_dag' retrieved from /opt/airflow/dags/prediction_dag.py
[2026-01-02T17:34:27.390+0000] {logging_mixin.py:188} INFO - [2026-01-02T17:34:27.390+0000] {dag.py:3047} INFO - Sync 1 DAGs
[2026-01-02T17:34:27.699+0000] {logging_mixin.py:188} INFO - [2026-01-02T17:34:27.699+0000] {dag.py:3834} INFO - Setting next_dagrun for prediction_dag to 2026-01-02 17:34:00+00:00, run_after=2026-01-02 17:36:00+00:00
[2026-01-02T17:34:27.710+0000] {processor.py:183} INFO - Processing /opt/airflow/dags/prediction_dag.py took 0.461 seconds
[2026-01-02T17:34:57.824+0000] {processor.py:161} INFO - Started process (PID=16938) to work on /opt/airflow/dags/prediction_dag.py
[2026-01-02T17:34:57.829+0000] {processor.py:830} INFO - Processing file /opt/airflow/dags/prediction_dag.py for tasks to queue
[2026-01-02T17:34:57.830+0000] {logging_mixin.py:188} INFO - [2026-01-02T17:34:57.830+0000] {dagbag.py:540} INFO - Filling up the DagBag from /opt/airflow/dags/prediction_dag.py
[2026-01-02T17:34:57.858+0000] {processor.py:840} INFO - DAG(s) 'prediction_dag' retrieved from /opt/airflow/dags/prediction_dag.py
[2026-01-02T17:34:57.909+0000] {logging_mixin.py:188} INFO - [2026-01-02T17:34:57.908+0000] {dag.py:3047} INFO - Sync 1 DAGs
[2026-01-02T17:34:57.941+0000] {logging_mixin.py:188} INFO - [2026-01-02T17:34:57.941+0000] {dag.py:3834} INFO - Setting next_dagrun for prediction_dag to 2026-01-02 17:34:00+00:00, run_after=2026-01-02 17:36:00+00:00
[2026-01-02T17:34:57.955+0000] {processor.py:183} INFO - Processing /opt/airflow/dags/prediction_dag.py took 0.155 seconds
[2026-01-02T17:35:28.588+0000] {processor.py:161} INFO - Started process (PID=17018) to work on /opt/airflow/dags/prediction_dag.py
[2026-01-02T17:35:28.597+0000] {processor.py:830} INFO - Processing file /opt/airflow/dags/prediction_dag.py for tasks to queue
[2026-01-02T17:35:28.599+0000] {logging_mixin.py:188} INFO - [2026-01-02T17:35:28.598+0000] {dagbag.py:540} INFO - Filling up the DagBag from /opt/airflow/dags/prediction_dag.py
[2026-01-02T17:35:28.635+0000] {processor.py:840} INFO - DAG(s) 'prediction_dag' retrieved from /opt/airflow/dags/prediction_dag.py
[2026-01-02T17:35:28.725+0000] {logging_mixin.py:188} INFO - [2026-01-02T17:35:28.724+0000] {dag.py:3047} INFO - Sync 1 DAGs
[2026-01-02T17:35:28.769+0000] {logging_mixin.py:188} INFO - [2026-01-02T17:35:28.769+0000] {dag.py:3834} INFO - Setting next_dagrun for prediction_dag to 2026-01-02 17:34:00+00:00, run_after=2026-01-02 17:36:00+00:00
[2026-01-02T17:35:28.796+0000] {processor.py:183} INFO - Processing /opt/airflow/dags/prediction_dag.py took 0.218 seconds
[2026-01-02T17:35:58.931+0000] {processor.py:161} INFO - Started process (PID=17036) to work on /opt/airflow/dags/prediction_dag.py
[2026-01-02T17:35:58.933+0000] {processor.py:830} INFO - Processing file /opt/airflow/dags/prediction_dag.py for tasks to queue
[2026-01-02T17:35:58.935+0000] {logging_mixin.py:188} INFO - [2026-01-02T17:35:58.934+0000] {dagbag.py:540} INFO - Filling up the DagBag from /opt/airflow/dags/prediction_dag.py
[2026-01-02T17:35:58.971+0000] {processor.py:840} INFO - DAG(s) 'prediction_dag' retrieved from /opt/airflow/dags/prediction_dag.py
[2026-01-02T17:35:59.026+0000] {logging_mixin.py:188} INFO - [2026-01-02T17:35:59.026+0000] {dag.py:3047} INFO - Sync 1 DAGs
[2026-01-02T17:35:59.357+0000] {logging_mixin.py:188} INFO - [2026-01-02T17:35:59.356+0000] {dag.py:3834} INFO - Setting next_dagrun for prediction_dag to 2026-01-02 17:34:00+00:00, run_after=2026-01-02 17:36:00+00:00
[2026-01-02T17:35:59.370+0000] {processor.py:183} INFO - Processing /opt/airflow/dags/prediction_dag.py took 0.449 seconds
[2026-01-02T17:36:29.513+0000] {processor.py:161} INFO - Started process (PID=17120) to work on /opt/airflow/dags/prediction_dag.py
[2026-01-02T17:36:29.515+0000] {processor.py:830} INFO - Processing file /opt/airflow/dags/prediction_dag.py for tasks to queue
[2026-01-02T17:36:29.518+0000] {logging_mixin.py:188} INFO - [2026-01-02T17:36:29.517+0000] {dagbag.py:540} INFO - Filling up the DagBag from /opt/airflow/dags/prediction_dag.py
[2026-01-02T17:36:29.559+0000] {processor.py:840} INFO - DAG(s) 'prediction_dag' retrieved from /opt/airflow/dags/prediction_dag.py
[2026-01-02T17:36:29.622+0000] {logging_mixin.py:188} INFO - [2026-01-02T17:36:29.622+0000] {dag.py:3047} INFO - Sync 1 DAGs
[2026-01-02T17:36:29.654+0000] {logging_mixin.py:188} INFO - [2026-01-02T17:36:29.654+0000] {dag.py:3834} INFO - Setting next_dagrun for prediction_dag to 2026-01-02 17:36:00+00:00, run_after=2026-01-02 17:38:00+00:00
[2026-01-02T17:36:29.670+0000] {processor.py:183} INFO - Processing /opt/airflow/dags/prediction_dag.py took 0.169 seconds
[2026-01-02T17:37:00.252+0000] {processor.py:161} INFO - Started process (PID=17130) to work on /opt/airflow/dags/prediction_dag.py
[2026-01-02T17:37:00.254+0000] {processor.py:830} INFO - Processing file /opt/airflow/dags/prediction_dag.py for tasks to queue
[2026-01-02T17:37:00.257+0000] {logging_mixin.py:188} INFO - [2026-01-02T17:37:00.256+0000] {dagbag.py:540} INFO - Filling up the DagBag from /opt/airflow/dags/prediction_dag.py
[2026-01-02T17:37:00.296+0000] {processor.py:840} INFO - DAG(s) 'prediction_dag' retrieved from /opt/airflow/dags/prediction_dag.py
[2026-01-02T17:37:00.374+0000] {logging_mixin.py:188} INFO - [2026-01-02T17:37:00.374+0000] {dag.py:3047} INFO - Sync 1 DAGs
[2026-01-02T17:37:00.716+0000] {logging_mixin.py:188} INFO - [2026-01-02T17:37:00.716+0000] {dag.py:3834} INFO - Setting next_dagrun for prediction_dag to 2026-01-02 17:36:00+00:00, run_after=2026-01-02 17:38:00+00:00
[2026-01-02T17:37:00.740+0000] {processor.py:183} INFO - Processing /opt/airflow/dags/prediction_dag.py took 0.496 seconds
[2026-01-02T17:37:30.889+0000] {processor.py:161} INFO - Started process (PID=17207) to work on /opt/airflow/dags/prediction_dag.py
[2026-01-02T17:37:30.893+0000] {processor.py:830} INFO - Processing file /opt/airflow/dags/prediction_dag.py for tasks to queue
[2026-01-02T17:37:30.895+0000] {logging_mixin.py:188} INFO - [2026-01-02T17:37:30.894+0000] {dagbag.py:540} INFO - Filling up the DagBag from /opt/airflow/dags/prediction_dag.py
[2026-01-02T17:37:30.930+0000] {processor.py:840} INFO - DAG(s) 'prediction_dag' retrieved from /opt/airflow/dags/prediction_dag.py
[2026-01-02T17:37:30.971+0000] {logging_mixin.py:188} INFO - [2026-01-02T17:37:30.971+0000] {dag.py:3047} INFO - Sync 1 DAGs
[2026-01-02T17:37:31.296+0000] {logging_mixin.py:188} INFO - [2026-01-02T17:37:31.296+0000] {dag.py:3834} INFO - Setting next_dagrun for prediction_dag to 2026-01-02 17:36:00+00:00, run_after=2026-01-02 17:38:00+00:00
[2026-01-02T17:37:31.306+0000] {processor.py:183} INFO - Processing /opt/airflow/dags/prediction_dag.py took 0.428 seconds
[2026-01-02T17:38:01.716+0000] {processor.py:161} INFO - Started process (PID=17228) to work on /opt/airflow/dags/prediction_dag.py
[2026-01-02T17:38:01.718+0000] {processor.py:830} INFO - Processing file /opt/airflow/dags/prediction_dag.py for tasks to queue
[2026-01-02T17:38:01.719+0000] {logging_mixin.py:188} INFO - [2026-01-02T17:38:01.719+0000] {dagbag.py:540} INFO - Filling up the DagBag from /opt/airflow/dags/prediction_dag.py
[2026-01-02T17:38:01.761+0000] {processor.py:840} INFO - DAG(s) 'prediction_dag' retrieved from /opt/airflow/dags/prediction_dag.py
[2026-01-02T17:38:01.813+0000] {logging_mixin.py:188} INFO - [2026-01-02T17:38:01.812+0000] {dag.py:3047} INFO - Sync 1 DAGs
[2026-01-02T17:38:01.846+0000] {logging_mixin.py:188} INFO - [2026-01-02T17:38:01.846+0000] {dag.py:3834} INFO - Setting next_dagrun for prediction_dag to 2026-01-02 17:38:00+00:00, run_after=2026-01-02 17:40:00+00:00
[2026-01-02T17:38:01.861+0000] {processor.py:183} INFO - Processing /opt/airflow/dags/prediction_dag.py took 0.156 seconds
[2026-01-02T17:38:32.607+0000] {processor.py:161} INFO - Started process (PID=17311) to work on /opt/airflow/dags/prediction_dag.py
[2026-01-02T17:38:32.610+0000] {processor.py:830} INFO - Processing file /opt/airflow/dags/prediction_dag.py for tasks to queue
[2026-01-02T17:38:32.612+0000] {logging_mixin.py:188} INFO - [2026-01-02T17:38:32.611+0000] {dagbag.py:540} INFO - Filling up the DagBag from /opt/airflow/dags/prediction_dag.py
[2026-01-02T17:38:32.648+0000] {processor.py:840} INFO - DAG(s) 'prediction_dag' retrieved from /opt/airflow/dags/prediction_dag.py
[2026-01-02T17:38:32.708+0000] {logging_mixin.py:188} INFO - [2026-01-02T17:38:32.707+0000] {dag.py:3047} INFO - Sync 1 DAGs
[2026-01-02T17:38:33.029+0000] {logging_mixin.py:188} INFO - [2026-01-02T17:38:33.029+0000] {dag.py:3834} INFO - Setting next_dagrun for prediction_dag to 2026-01-02 17:38:00+00:00, run_after=2026-01-02 17:40:00+00:00
[2026-01-02T17:38:33.039+0000] {processor.py:183} INFO - Processing /opt/airflow/dags/prediction_dag.py took 0.439 seconds
[2026-01-02T17:39:03.180+0000] {processor.py:161} INFO - Started process (PID=17339) to work on /opt/airflow/dags/prediction_dag.py
[2026-01-02T17:39:03.182+0000] {processor.py:830} INFO - Processing file /opt/airflow/dags/prediction_dag.py for tasks to queue
[2026-01-02T17:39:03.184+0000] {logging_mixin.py:188} INFO - [2026-01-02T17:39:03.183+0000] {dagbag.py:540} INFO - Filling up the DagBag from /opt/airflow/dags/prediction_dag.py
[2026-01-02T17:39:03.205+0000] {processor.py:840} INFO - DAG(s) 'prediction_dag' retrieved from /opt/airflow/dags/prediction_dag.py
[2026-01-02T17:39:03.240+0000] {logging_mixin.py:188} INFO - [2026-01-02T17:39:03.240+0000] {dag.py:3047} INFO - Sync 1 DAGs
[2026-01-02T17:39:03.260+0000] {logging_mixin.py:188} INFO - [2026-01-02T17:39:03.260+0000] {dag.py:3834} INFO - Setting next_dagrun for prediction_dag to 2026-01-02 17:38:00+00:00, run_after=2026-01-02 17:40:00+00:00
[2026-01-02T17:39:03.273+0000] {processor.py:183} INFO - Processing /opt/airflow/dags/prediction_dag.py took 0.105 seconds
[2026-01-02T17:39:33.624+0000] {processor.py:161} INFO - Started process (PID=17409) to work on /opt/airflow/dags/prediction_dag.py
[2026-01-02T17:39:33.627+0000] {processor.py:830} INFO - Processing file /opt/airflow/dags/prediction_dag.py for tasks to queue
[2026-01-02T17:39:33.628+0000] {logging_mixin.py:188} INFO - [2026-01-02T17:39:33.627+0000] {dagbag.py:540} INFO - Filling up the DagBag from /opt/airflow/dags/prediction_dag.py
[2026-01-02T17:39:33.659+0000] {processor.py:840} INFO - DAG(s) 'prediction_dag' retrieved from /opt/airflow/dags/prediction_dag.py
[2026-01-02T17:39:33.709+0000] {logging_mixin.py:188} INFO - [2026-01-02T17:39:33.709+0000] {dag.py:3047} INFO - Sync 1 DAGs
[2026-01-02T17:39:33.741+0000] {logging_mixin.py:188} INFO - [2026-01-02T17:39:33.741+0000] {dag.py:3834} INFO - Setting next_dagrun for prediction_dag to 2026-01-02 17:38:00+00:00, run_after=2026-01-02 17:40:00+00:00
[2026-01-02T17:39:34.037+0000] {processor.py:183} INFO - Processing /opt/airflow/dags/prediction_dag.py took 0.425 seconds
[2026-01-02T17:40:04.996+0000] {processor.py:161} INFO - Started process (PID=17453) to work on /opt/airflow/dags/prediction_dag.py
[2026-01-02T17:40:04.998+0000] {processor.py:830} INFO - Processing file /opt/airflow/dags/prediction_dag.py for tasks to queue
[2026-01-02T17:40:04.999+0000] {logging_mixin.py:188} INFO - [2026-01-02T17:40:04.998+0000] {dagbag.py:540} INFO - Filling up the DagBag from /opt/airflow/dags/prediction_dag.py
[2026-01-02T17:40:05.036+0000] {processor.py:840} INFO - DAG(s) 'prediction_dag' retrieved from /opt/airflow/dags/prediction_dag.py
[2026-01-02T17:40:05.069+0000] {logging_mixin.py:188} INFO - [2026-01-02T17:40:05.068+0000] {dag.py:3047} INFO - Sync 1 DAGs
[2026-01-02T17:40:05.332+0000] {logging_mixin.py:188} INFO - [2026-01-02T17:40:05.332+0000] {dag.py:3834} INFO - Setting next_dagrun for prediction_dag to 2026-01-02 17:40:00+00:00, run_after=2026-01-02 17:42:00+00:00
[2026-01-02T17:40:05.341+0000] {processor.py:183} INFO - Processing /opt/airflow/dags/prediction_dag.py took 0.348 seconds
[2026-01-02T17:40:35.776+0000] {processor.py:161} INFO - Started process (PID=17513) to work on /opt/airflow/dags/prediction_dag.py
[2026-01-02T17:40:35.779+0000] {processor.py:830} INFO - Processing file /opt/airflow/dags/prediction_dag.py for tasks to queue
[2026-01-02T17:40:35.783+0000] {logging_mixin.py:188} INFO - [2026-01-02T17:40:35.781+0000] {dagbag.py:540} INFO - Filling up the DagBag from /opt/airflow/dags/prediction_dag.py
[2026-01-02T17:40:35.836+0000] {processor.py:840} INFO - DAG(s) 'prediction_dag' retrieved from /opt/airflow/dags/prediction_dag.py
[2026-01-02T17:40:35.893+0000] {logging_mixin.py:188} INFO - [2026-01-02T17:40:35.893+0000] {dag.py:3047} INFO - Sync 1 DAGs
[2026-01-02T17:40:35.920+0000] {logging_mixin.py:188} INFO - [2026-01-02T17:40:35.920+0000] {dag.py:3834} INFO - Setting next_dagrun for prediction_dag to 2026-01-02 17:40:00+00:00, run_after=2026-01-02 17:42:00+00:00
[2026-01-02T17:40:35.940+0000] {processor.py:183} INFO - Processing /opt/airflow/dags/prediction_dag.py took 0.176 seconds
[2026-01-02T17:41:06.568+0000] {processor.py:161} INFO - Started process (PID=17551) to work on /opt/airflow/dags/prediction_dag.py
[2026-01-02T17:41:06.570+0000] {processor.py:830} INFO - Processing file /opt/airflow/dags/prediction_dag.py for tasks to queue
[2026-01-02T17:41:06.571+0000] {logging_mixin.py:188} INFO - [2026-01-02T17:41:06.570+0000] {dagbag.py:540} INFO - Filling up the DagBag from /opt/airflow/dags/prediction_dag.py
[2026-01-02T17:41:06.589+0000] {processor.py:840} INFO - DAG(s) 'prediction_dag' retrieved from /opt/airflow/dags/prediction_dag.py
[2026-01-02T17:41:06.618+0000] {logging_mixin.py:188} INFO - [2026-01-02T17:41:06.618+0000] {dag.py:3047} INFO - Sync 1 DAGs
[2026-01-02T17:41:06.824+0000] {logging_mixin.py:188} INFO - [2026-01-02T17:41:06.824+0000] {dag.py:3834} INFO - Setting next_dagrun for prediction_dag to 2026-01-02 17:40:00+00:00, run_after=2026-01-02 17:42:00+00:00
[2026-01-02T17:41:06.834+0000] {processor.py:183} INFO - Processing /opt/airflow/dags/prediction_dag.py took 0.269 seconds
[2026-01-02T17:41:37.196+0000] {processor.py:161} INFO - Started process (PID=17611) to work on /opt/airflow/dags/prediction_dag.py
[2026-01-02T17:41:37.199+0000] {processor.py:830} INFO - Processing file /opt/airflow/dags/prediction_dag.py for tasks to queue
[2026-01-02T17:41:37.204+0000] {logging_mixin.py:188} INFO - [2026-01-02T17:41:37.202+0000] {dagbag.py:540} INFO - Filling up the DagBag from /opt/airflow/dags/prediction_dag.py
[2026-01-02T17:41:37.244+0000] {processor.py:840} INFO - DAG(s) 'prediction_dag' retrieved from /opt/airflow/dags/prediction_dag.py
[2026-01-02T17:41:37.303+0000] {logging_mixin.py:188} INFO - [2026-01-02T17:41:37.303+0000] {dag.py:3047} INFO - Sync 1 DAGs
[2026-01-02T17:41:37.356+0000] {logging_mixin.py:188} INFO - [2026-01-02T17:41:37.355+0000] {dag.py:3834} INFO - Setting next_dagrun for prediction_dag to 2026-01-02 17:40:00+00:00, run_after=2026-01-02 17:42:00+00:00
[2026-01-02T17:41:37.373+0000] {processor.py:183} INFO - Processing /opt/airflow/dags/prediction_dag.py took 0.193 seconds
[2026-01-02T17:42:07.585+0000] {processor.py:161} INFO - Started process (PID=17657) to work on /opt/airflow/dags/prediction_dag.py
[2026-01-02T17:42:07.587+0000] {processor.py:830} INFO - Processing file /opt/airflow/dags/prediction_dag.py for tasks to queue
[2026-01-02T17:42:07.588+0000] {logging_mixin.py:188} INFO - [2026-01-02T17:42:07.588+0000] {dagbag.py:540} INFO - Filling up the DagBag from /opt/airflow/dags/prediction_dag.py
[2026-01-02T17:42:07.611+0000] {processor.py:840} INFO - DAG(s) 'prediction_dag' retrieved from /opt/airflow/dags/prediction_dag.py
[2026-01-02T17:42:07.652+0000] {logging_mixin.py:188} INFO - [2026-01-02T17:42:07.652+0000] {dag.py:3047} INFO - Sync 1 DAGs
[2026-01-02T17:42:07.690+0000] {logging_mixin.py:188} INFO - [2026-01-02T17:42:07.690+0000] {dag.py:3834} INFO - Setting next_dagrun for prediction_dag to 2026-01-02 17:42:00+00:00, run_after=2026-01-02 17:44:00+00:00
[2026-01-02T17:42:07.938+0000] {processor.py:183} INFO - Processing /opt/airflow/dags/prediction_dag.py took 0.360 seconds
[2026-01-02T17:42:38.359+0000] {processor.py:161} INFO - Started process (PID=17715) to work on /opt/airflow/dags/prediction_dag.py
[2026-01-02T17:42:38.361+0000] {processor.py:830} INFO - Processing file /opt/airflow/dags/prediction_dag.py for tasks to queue
[2026-01-02T17:42:38.363+0000] {logging_mixin.py:188} INFO - [2026-01-02T17:42:38.362+0000] {dagbag.py:540} INFO - Filling up the DagBag from /opt/airflow/dags/prediction_dag.py
[2026-01-02T17:42:38.400+0000] {processor.py:840} INFO - DAG(s) 'prediction_dag' retrieved from /opt/airflow/dags/prediction_dag.py
[2026-01-02T17:42:38.808+0000] {logging_mixin.py:188} INFO - [2026-01-02T17:42:38.808+0000] {dag.py:3047} INFO - Sync 1 DAGs
[2026-01-02T17:42:38.825+0000] {logging_mixin.py:188} INFO - [2026-01-02T17:42:38.825+0000] {dag.py:3834} INFO - Setting next_dagrun for prediction_dag to 2026-01-02 17:42:00+00:00, run_after=2026-01-02 17:44:00+00:00
[2026-01-02T17:42:38.834+0000] {processor.py:183} INFO - Processing /opt/airflow/dags/prediction_dag.py took 0.494 seconds
[2026-01-02T17:43:09.381+0000] {processor.py:161} INFO - Started process (PID=17763) to work on /opt/airflow/dags/prediction_dag.py
[2026-01-02T17:43:09.382+0000] {processor.py:830} INFO - Processing file /opt/airflow/dags/prediction_dag.py for tasks to queue
[2026-01-02T17:43:09.383+0000] {logging_mixin.py:188} INFO - [2026-01-02T17:43:09.382+0000] {dagbag.py:540} INFO - Filling up the DagBag from /opt/airflow/dags/prediction_dag.py
[2026-01-02T17:43:09.395+0000] {processor.py:840} INFO - DAG(s) 'prediction_dag' retrieved from /opt/airflow/dags/prediction_dag.py
[2026-01-02T17:43:09.422+0000] {logging_mixin.py:188} INFO - [2026-01-02T17:43:09.422+0000] {dag.py:3047} INFO - Sync 1 DAGs
[2026-01-02T17:43:09.439+0000] {logging_mixin.py:188} INFO - [2026-01-02T17:43:09.438+0000] {dag.py:3834} INFO - Setting next_dagrun for prediction_dag to 2026-01-02 17:42:00+00:00, run_after=2026-01-02 17:44:00+00:00
[2026-01-02T17:43:09.451+0000] {processor.py:183} INFO - Processing /opt/airflow/dags/prediction_dag.py took 0.074 seconds
[2026-01-02T17:43:39.796+0000] {processor.py:161} INFO - Started process (PID=17813) to work on /opt/airflow/dags/prediction_dag.py
[2026-01-02T17:43:39.799+0000] {processor.py:830} INFO - Processing file /opt/airflow/dags/prediction_dag.py for tasks to queue
[2026-01-02T17:43:39.800+0000] {logging_mixin.py:188} INFO - [2026-01-02T17:43:39.800+0000] {dagbag.py:540} INFO - Filling up the DagBag from /opt/airflow/dags/prediction_dag.py
[2026-01-02T17:43:39.824+0000] {processor.py:840} INFO - DAG(s) 'prediction_dag' retrieved from /opt/airflow/dags/prediction_dag.py
[2026-01-02T17:43:39.861+0000] {logging_mixin.py:188} INFO - [2026-01-02T17:43:39.861+0000] {dag.py:3047} INFO - Sync 1 DAGs
[2026-01-02T17:43:39.881+0000] {logging_mixin.py:188} INFO - [2026-01-02T17:43:39.881+0000] {dag.py:3834} INFO - Setting next_dagrun for prediction_dag to 2026-01-02 17:42:00+00:00, run_after=2026-01-02 17:44:00+00:00
[2026-01-02T17:43:39.896+0000] {processor.py:183} INFO - Processing /opt/airflow/dags/prediction_dag.py took 0.117 seconds
[2026-01-02T17:44:10.222+0000] {processor.py:161} INFO - Started process (PID=17875) to work on /opt/airflow/dags/prediction_dag.py
[2026-01-02T17:44:10.225+0000] {processor.py:830} INFO - Processing file /opt/airflow/dags/prediction_dag.py for tasks to queue
[2026-01-02T17:44:10.234+0000] {logging_mixin.py:188} INFO - [2026-01-02T17:44:10.232+0000] {dagbag.py:540} INFO - Filling up the DagBag from /opt/airflow/dags/prediction_dag.py
[2026-01-02T17:44:10.274+0000] {processor.py:840} INFO - DAG(s) 'prediction_dag' retrieved from /opt/airflow/dags/prediction_dag.py
[2026-01-02T17:44:10.361+0000] {logging_mixin.py:188} INFO - [2026-01-02T17:44:10.361+0000] {dag.py:3047} INFO - Sync 1 DAGs
[2026-01-02T17:44:10.418+0000] {logging_mixin.py:188} INFO - [2026-01-02T17:44:10.418+0000] {dag.py:3834} INFO - Setting next_dagrun for prediction_dag to 2026-01-02 17:44:00+00:00, run_after=2026-01-02 17:46:00+00:00
[2026-01-02T17:44:10.467+0000] {processor.py:183} INFO - Processing /opt/airflow/dags/prediction_dag.py took 0.251 seconds
[2026-01-02T17:44:40.584+0000] {processor.py:161} INFO - Started process (PID=17917) to work on /opt/airflow/dags/prediction_dag.py
[2026-01-02T17:44:40.586+0000] {processor.py:830} INFO - Processing file /opt/airflow/dags/prediction_dag.py for tasks to queue
[2026-01-02T17:44:40.587+0000] {logging_mixin.py:188} INFO - [2026-01-02T17:44:40.587+0000] {dagbag.py:540} INFO - Filling up the DagBag from /opt/airflow/dags/prediction_dag.py
[2026-01-02T17:44:40.601+0000] {processor.py:840} INFO - DAG(s) 'prediction_dag' retrieved from /opt/airflow/dags/prediction_dag.py
[2026-01-02T17:44:40.627+0000] {logging_mixin.py:188} INFO - [2026-01-02T17:44:40.627+0000] {dag.py:3047} INFO - Sync 1 DAGs
[2026-01-02T17:44:40.646+0000] {logging_mixin.py:188} INFO - [2026-01-02T17:44:40.646+0000] {dag.py:3834} INFO - Setting next_dagrun for prediction_dag to 2026-01-02 17:44:00+00:00, run_after=2026-01-02 17:46:00+00:00
[2026-01-02T17:44:40.656+0000] {processor.py:183} INFO - Processing /opt/airflow/dags/prediction_dag.py took 0.077 seconds
[2026-01-02T17:45:11.091+0000] {processor.py:161} INFO - Started process (PID=17957) to work on /opt/airflow/dags/prediction_dag.py
[2026-01-02T17:45:11.092+0000] {processor.py:830} INFO - Processing file /opt/airflow/dags/prediction_dag.py for tasks to queue
[2026-01-02T17:45:11.093+0000] {logging_mixin.py:188} INFO - [2026-01-02T17:45:11.093+0000] {dagbag.py:540} INFO - Filling up the DagBag from /opt/airflow/dags/prediction_dag.py
[2026-01-02T17:45:11.112+0000] {processor.py:840} INFO - DAG(s) 'prediction_dag' retrieved from /opt/airflow/dags/prediction_dag.py
[2026-01-02T17:45:11.148+0000] {logging_mixin.py:188} INFO - [2026-01-02T17:45:11.147+0000] {dag.py:3047} INFO - Sync 1 DAGs
[2026-01-02T17:45:11.187+0000] {logging_mixin.py:188} INFO - [2026-01-02T17:45:11.187+0000] {dag.py:3834} INFO - Setting next_dagrun for prediction_dag to 2026-01-02 17:44:00+00:00, run_after=2026-01-02 17:46:00+00:00
[2026-01-02T17:45:11.207+0000] {processor.py:183} INFO - Processing /opt/airflow/dags/prediction_dag.py took 0.119 seconds
[2026-01-02T17:45:41.763+0000] {processor.py:161} INFO - Started process (PID=18002) to work on /opt/airflow/dags/prediction_dag.py
[2026-01-02T17:45:41.768+0000] {processor.py:830} INFO - Processing file /opt/airflow/dags/prediction_dag.py for tasks to queue
[2026-01-02T17:45:41.771+0000] {logging_mixin.py:188} INFO - [2026-01-02T17:45:41.770+0000] {dagbag.py:540} INFO - Filling up the DagBag from /opt/airflow/dags/prediction_dag.py
[2026-01-02T17:45:41.817+0000] {processor.py:840} INFO - DAG(s) 'prediction_dag' retrieved from /opt/airflow/dags/prediction_dag.py
[2026-01-02T17:45:41.892+0000] {logging_mixin.py:188} INFO - [2026-01-02T17:45:41.891+0000] {dag.py:3047} INFO - Sync 1 DAGs
[2026-01-02T17:45:41.925+0000] {logging_mixin.py:188} INFO - [2026-01-02T17:45:41.924+0000] {dag.py:3834} INFO - Setting next_dagrun for prediction_dag to 2026-01-02 17:44:00+00:00, run_after=2026-01-02 17:46:00+00:00
[2026-01-02T17:45:41.940+0000] {processor.py:183} INFO - Processing /opt/airflow/dags/prediction_dag.py took 0.193 seconds
[2026-01-02T17:46:12.662+0000] {processor.py:161} INFO - Started process (PID=18085) to work on /opt/airflow/dags/prediction_dag.py
[2026-01-02T17:46:12.672+0000] {processor.py:830} INFO - Processing file /opt/airflow/dags/prediction_dag.py for tasks to queue
[2026-01-02T17:46:12.676+0000] {logging_mixin.py:188} INFO - [2026-01-02T17:46:12.675+0000] {dagbag.py:540} INFO - Filling up the DagBag from /opt/airflow/dags/prediction_dag.py
[2026-01-02T17:46:12.715+0000] {processor.py:840} INFO - DAG(s) 'prediction_dag' retrieved from /opt/airflow/dags/prediction_dag.py
[2026-01-02T17:46:12.869+0000] {logging_mixin.py:188} INFO - [2026-01-02T17:46:12.869+0000] {dag.py:3047} INFO - Sync 1 DAGs
[2026-01-02T17:46:12.935+0000] {logging_mixin.py:188} INFO - [2026-01-02T17:46:12.935+0000] {dag.py:3834} INFO - Setting next_dagrun for prediction_dag to 2026-01-02 17:46:00+00:00, run_after=2026-01-02 17:48:00+00:00
[2026-01-02T17:46:12.986+0000] {processor.py:183} INFO - Processing /opt/airflow/dags/prediction_dag.py took 0.339 seconds
[2026-01-02T17:46:43.504+0000] {processor.py:161} INFO - Started process (PID=18106) to work on /opt/airflow/dags/prediction_dag.py
[2026-01-02T17:46:43.508+0000] {processor.py:830} INFO - Processing file /opt/airflow/dags/prediction_dag.py for tasks to queue
[2026-01-02T17:46:43.509+0000] {logging_mixin.py:188} INFO - [2026-01-02T17:46:43.509+0000] {dagbag.py:540} INFO - Filling up the DagBag from /opt/airflow/dags/prediction_dag.py
[2026-01-02T17:46:43.550+0000] {processor.py:840} INFO - DAG(s) 'prediction_dag' retrieved from /opt/airflow/dags/prediction_dag.py
[2026-01-02T17:46:43.609+0000] {logging_mixin.py:188} INFO - [2026-01-02T17:46:43.609+0000] {dag.py:3047} INFO - Sync 1 DAGs
[2026-01-02T17:46:43.647+0000] {logging_mixin.py:188} INFO - [2026-01-02T17:46:43.646+0000] {dag.py:3834} INFO - Setting next_dagrun for prediction_dag to 2026-01-02 17:46:00+00:00, run_after=2026-01-02 17:48:00+00:00
[2026-01-02T17:46:43.660+0000] {processor.py:183} INFO - Processing /opt/airflow/dags/prediction_dag.py took 0.170 seconds
[2026-01-02T17:47:14.113+0000] {processor.py:161} INFO - Started process (PID=18186) to work on /opt/airflow/dags/prediction_dag.py
[2026-01-02T17:47:14.116+0000] {processor.py:830} INFO - Processing file /opt/airflow/dags/prediction_dag.py for tasks to queue
[2026-01-02T17:47:14.119+0000] {logging_mixin.py:188} INFO - [2026-01-02T17:47:14.118+0000] {dagbag.py:540} INFO - Filling up the DagBag from /opt/airflow/dags/prediction_dag.py
[2026-01-02T17:47:14.172+0000] {processor.py:840} INFO - DAG(s) 'prediction_dag' retrieved from /opt/airflow/dags/prediction_dag.py
[2026-01-02T17:47:14.217+0000] {logging_mixin.py:188} INFO - [2026-01-02T17:47:14.217+0000] {dag.py:3047} INFO - Sync 1 DAGs
[2026-01-02T17:47:14.245+0000] {logging_mixin.py:188} INFO - [2026-01-02T17:47:14.245+0000] {dag.py:3834} INFO - Setting next_dagrun for prediction_dag to 2026-01-02 17:46:00+00:00, run_after=2026-01-02 17:48:00+00:00
[2026-01-02T17:47:14.265+0000] {processor.py:183} INFO - Processing /opt/airflow/dags/prediction_dag.py took 0.166 seconds
[2026-01-02T17:47:44.721+0000] {processor.py:161} INFO - Started process (PID=18204) to work on /opt/airflow/dags/prediction_dag.py
[2026-01-02T17:47:44.724+0000] {processor.py:830} INFO - Processing file /opt/airflow/dags/prediction_dag.py for tasks to queue
[2026-01-02T17:47:44.727+0000] {logging_mixin.py:188} INFO - [2026-01-02T17:47:44.726+0000] {dagbag.py:540} INFO - Filling up the DagBag from /opt/airflow/dags/prediction_dag.py
[2026-01-02T17:47:44.774+0000] {processor.py:840} INFO - DAG(s) 'prediction_dag' retrieved from /opt/airflow/dags/prediction_dag.py
[2026-01-02T17:47:44.862+0000] {logging_mixin.py:188} INFO - [2026-01-02T17:47:44.862+0000] {dag.py:3047} INFO - Sync 1 DAGs
[2026-01-02T17:47:44.898+0000] {logging_mixin.py:188} INFO - [2026-01-02T17:47:44.898+0000] {dag.py:3834} INFO - Setting next_dagrun for prediction_dag to 2026-01-02 17:46:00+00:00, run_after=2026-01-02 17:48:00+00:00
[2026-01-02T17:47:44.912+0000] {processor.py:183} INFO - Processing /opt/airflow/dags/prediction_dag.py took 0.202 seconds
[2026-01-02T17:48:15.282+0000] {processor.py:161} INFO - Started process (PID=18290) to work on /opt/airflow/dags/prediction_dag.py
[2026-01-02T17:48:15.285+0000] {processor.py:830} INFO - Processing file /opt/airflow/dags/prediction_dag.py for tasks to queue
[2026-01-02T17:48:15.287+0000] {logging_mixin.py:188} INFO - [2026-01-02T17:48:15.286+0000] {dagbag.py:540} INFO - Filling up the DagBag from /opt/airflow/dags/prediction_dag.py
[2026-01-02T17:48:15.326+0000] {processor.py:840} INFO - DAG(s) 'prediction_dag' retrieved from /opt/airflow/dags/prediction_dag.py
[2026-01-02T17:48:15.383+0000] {logging_mixin.py:188} INFO - [2026-01-02T17:48:15.382+0000] {dag.py:3047} INFO - Sync 1 DAGs
[2026-01-02T17:48:15.412+0000] {logging_mixin.py:188} INFO - [2026-01-02T17:48:15.412+0000] {dag.py:3834} INFO - Setting next_dagrun for prediction_dag to 2026-01-02 17:48:00+00:00, run_after=2026-01-02 17:50:00+00:00
[2026-01-02T17:48:15.425+0000] {processor.py:183} INFO - Processing /opt/airflow/dags/prediction_dag.py took 0.160 seconds
[2026-01-02T17:48:45.815+0000] {processor.py:161} INFO - Started process (PID=18308) to work on /opt/airflow/dags/prediction_dag.py
[2026-01-02T17:48:45.818+0000] {processor.py:830} INFO - Processing file /opt/airflow/dags/prediction_dag.py for tasks to queue
[2026-01-02T17:48:45.824+0000] {logging_mixin.py:188} INFO - [2026-01-02T17:48:45.819+0000] {dagbag.py:540} INFO - Filling up the DagBag from /opt/airflow/dags/prediction_dag.py
[2026-01-02T17:48:45.855+0000] {processor.py:840} INFO - DAG(s) 'prediction_dag' retrieved from /opt/airflow/dags/prediction_dag.py
[2026-01-02T17:48:45.906+0000] {logging_mixin.py:188} INFO - [2026-01-02T17:48:45.906+0000] {dag.py:3047} INFO - Sync 1 DAGs
[2026-01-02T17:48:45.936+0000] {logging_mixin.py:188} INFO - [2026-01-02T17:48:45.936+0000] {dag.py:3834} INFO - Setting next_dagrun for prediction_dag to 2026-01-02 17:48:00+00:00, run_after=2026-01-02 17:50:00+00:00
[2026-01-02T17:48:45.954+0000] {processor.py:183} INFO - Processing /opt/airflow/dags/prediction_dag.py took 0.149 seconds
[2026-01-02T17:49:16.197+0000] {processor.py:161} INFO - Started process (PID=18388) to work on /opt/airflow/dags/prediction_dag.py
[2026-01-02T17:49:16.200+0000] {processor.py:830} INFO - Processing file /opt/airflow/dags/prediction_dag.py for tasks to queue
[2026-01-02T17:49:16.202+0000] {logging_mixin.py:188} INFO - [2026-01-02T17:49:16.201+0000] {dagbag.py:540} INFO - Filling up the DagBag from /opt/airflow/dags/prediction_dag.py
[2026-01-02T17:49:16.234+0000] {processor.py:840} INFO - DAG(s) 'prediction_dag' retrieved from /opt/airflow/dags/prediction_dag.py
[2026-01-02T17:49:16.276+0000] {logging_mixin.py:188} INFO - [2026-01-02T17:49:16.275+0000] {dag.py:3047} INFO - Sync 1 DAGs
[2026-01-02T17:49:16.300+0000] {logging_mixin.py:188} INFO - [2026-01-02T17:49:16.300+0000] {dag.py:3834} INFO - Setting next_dagrun for prediction_dag to 2026-01-02 17:48:00+00:00, run_after=2026-01-02 17:50:00+00:00
[2026-01-02T17:49:16.314+0000] {processor.py:183} INFO - Processing /opt/airflow/dags/prediction_dag.py took 0.130 seconds
[2026-01-02T17:49:46.788+0000] {processor.py:161} INFO - Started process (PID=18406) to work on /opt/airflow/dags/prediction_dag.py
[2026-01-02T17:49:46.799+0000] {processor.py:830} INFO - Processing file /opt/airflow/dags/prediction_dag.py for tasks to queue
[2026-01-02T17:49:46.800+0000] {logging_mixin.py:188} INFO - [2026-01-02T17:49:46.800+0000] {dagbag.py:540} INFO - Filling up the DagBag from /opt/airflow/dags/prediction_dag.py
[2026-01-02T17:49:46.837+0000] {processor.py:840} INFO - DAG(s) 'prediction_dag' retrieved from /opt/airflow/dags/prediction_dag.py
[2026-01-02T17:49:46.887+0000] {logging_mixin.py:188} INFO - [2026-01-02T17:49:46.887+0000] {dag.py:3047} INFO - Sync 1 DAGs
[2026-01-02T17:49:46.918+0000] {logging_mixin.py:188} INFO - [2026-01-02T17:49:46.918+0000] {dag.py:3834} INFO - Setting next_dagrun for prediction_dag to 2026-01-02 17:48:00+00:00, run_after=2026-01-02 17:50:00+00:00
[2026-01-02T17:49:46.936+0000] {processor.py:183} INFO - Processing /opt/airflow/dags/prediction_dag.py took 0.166 seconds
[2026-01-02T17:50:17.229+0000] {processor.py:161} INFO - Started process (PID=18492) to work on /opt/airflow/dags/prediction_dag.py
[2026-01-02T17:50:17.232+0000] {processor.py:830} INFO - Processing file /opt/airflow/dags/prediction_dag.py for tasks to queue
[2026-01-02T17:50:17.233+0000] {logging_mixin.py:188} INFO - [2026-01-02T17:50:17.233+0000] {dagbag.py:540} INFO - Filling up the DagBag from /opt/airflow/dags/prediction_dag.py
[2026-01-02T17:50:17.266+0000] {processor.py:840} INFO - DAG(s) 'prediction_dag' retrieved from /opt/airflow/dags/prediction_dag.py
[2026-01-02T17:50:17.305+0000] {logging_mixin.py:188} INFO - [2026-01-02T17:50:17.305+0000] {dag.py:3047} INFO - Sync 1 DAGs
[2026-01-02T17:50:17.326+0000] {logging_mixin.py:188} INFO - [2026-01-02T17:50:17.326+0000] {dag.py:3834} INFO - Setting next_dagrun for prediction_dag to 2026-01-02 17:50:00+00:00, run_after=2026-01-02 17:52:00+00:00
[2026-01-02T17:50:17.339+0000] {processor.py:183} INFO - Processing /opt/airflow/dags/prediction_dag.py took 0.116 seconds
[2026-01-02T17:50:47.668+0000] {processor.py:161} INFO - Started process (PID=18510) to work on /opt/airflow/dags/prediction_dag.py
[2026-01-02T17:50:47.671+0000] {processor.py:830} INFO - Processing file /opt/airflow/dags/prediction_dag.py for tasks to queue
[2026-01-02T17:50:47.672+0000] {logging_mixin.py:188} INFO - [2026-01-02T17:50:47.671+0000] {dagbag.py:540} INFO - Filling up the DagBag from /opt/airflow/dags/prediction_dag.py
[2026-01-02T17:50:47.698+0000] {processor.py:840} INFO - DAG(s) 'prediction_dag' retrieved from /opt/airflow/dags/prediction_dag.py
[2026-01-02T17:50:47.729+0000] {logging_mixin.py:188} INFO - [2026-01-02T17:50:47.729+0000] {dag.py:3047} INFO - Sync 1 DAGs
[2026-01-02T17:50:47.749+0000] {logging_mixin.py:188} INFO - [2026-01-02T17:50:47.749+0000] {dag.py:3834} INFO - Setting next_dagrun for prediction_dag to 2026-01-02 17:50:00+00:00, run_after=2026-01-02 17:52:00+00:00
[2026-01-02T17:50:47.765+0000] {processor.py:183} INFO - Processing /opt/airflow/dags/prediction_dag.py took 0.105 seconds
[2026-01-02T17:51:18.120+0000] {processor.py:161} INFO - Started process (PID=18590) to work on /opt/airflow/dags/prediction_dag.py
[2026-01-02T17:51:18.123+0000] {processor.py:830} INFO - Processing file /opt/airflow/dags/prediction_dag.py for tasks to queue
[2026-01-02T17:51:18.130+0000] {logging_mixin.py:188} INFO - [2026-01-02T17:51:18.126+0000] {dagbag.py:540} INFO - Filling up the DagBag from /opt/airflow/dags/prediction_dag.py
[2026-01-02T17:51:18.161+0000] {processor.py:840} INFO - DAG(s) 'prediction_dag' retrieved from /opt/airflow/dags/prediction_dag.py
[2026-01-02T17:51:18.203+0000] {logging_mixin.py:188} INFO - [2026-01-02T17:51:18.203+0000] {dag.py:3047} INFO - Sync 1 DAGs
[2026-01-02T17:51:18.229+0000] {logging_mixin.py:188} INFO - [2026-01-02T17:51:18.229+0000] {dag.py:3834} INFO - Setting next_dagrun for prediction_dag to 2026-01-02 17:50:00+00:00, run_after=2026-01-02 17:52:00+00:00
[2026-01-02T17:51:18.244+0000] {processor.py:183} INFO - Processing /opt/airflow/dags/prediction_dag.py took 0.139 seconds
[2026-01-02T17:51:48.407+0000] {processor.py:161} INFO - Started process (PID=18608) to work on /opt/airflow/dags/prediction_dag.py
[2026-01-02T17:51:48.410+0000] {processor.py:830} INFO - Processing file /opt/airflow/dags/prediction_dag.py for tasks to queue
[2026-01-02T17:51:48.412+0000] {logging_mixin.py:188} INFO - [2026-01-02T17:51:48.411+0000] {dagbag.py:540} INFO - Filling up the DagBag from /opt/airflow/dags/prediction_dag.py
[2026-01-02T17:51:48.446+0000] {processor.py:840} INFO - DAG(s) 'prediction_dag' retrieved from /opt/airflow/dags/prediction_dag.py
[2026-01-02T17:51:48.507+0000] {logging_mixin.py:188} INFO - [2026-01-02T17:51:48.507+0000] {dag.py:3047} INFO - Sync 1 DAGs
[2026-01-02T17:51:48.538+0000] {logging_mixin.py:188} INFO - [2026-01-02T17:51:48.538+0000] {dag.py:3834} INFO - Setting next_dagrun for prediction_dag to 2026-01-02 17:50:00+00:00, run_after=2026-01-02 17:52:00+00:00
[2026-01-02T17:51:48.556+0000] {processor.py:183} INFO - Processing /opt/airflow/dags/prediction_dag.py took 0.160 seconds
[2026-01-02T17:52:18.860+0000] {processor.py:161} INFO - Started process (PID=18694) to work on /opt/airflow/dags/prediction_dag.py
[2026-01-02T17:52:18.867+0000] {processor.py:830} INFO - Processing file /opt/airflow/dags/prediction_dag.py for tasks to queue
[2026-01-02T17:52:18.869+0000] {logging_mixin.py:188} INFO - [2026-01-02T17:52:18.868+0000] {dagbag.py:540} INFO - Filling up the DagBag from /opt/airflow/dags/prediction_dag.py
[2026-01-02T17:52:18.896+0000] {processor.py:840} INFO - DAG(s) 'prediction_dag' retrieved from /opt/airflow/dags/prediction_dag.py
[2026-01-02T17:52:18.957+0000] {logging_mixin.py:188} INFO - [2026-01-02T17:52:18.957+0000] {dag.py:3047} INFO - Sync 1 DAGs
[2026-01-02T17:52:18.997+0000] {logging_mixin.py:188} INFO - [2026-01-02T17:52:18.996+0000] {dag.py:3834} INFO - Setting next_dagrun for prediction_dag to 2026-01-02 17:52:00+00:00, run_after=2026-01-02 17:54:00+00:00
[2026-01-02T17:52:19.012+0000] {processor.py:183} INFO - Processing /opt/airflow/dags/prediction_dag.py took 0.160 seconds
[2026-01-02T17:52:50.045+0000] {processor.py:161} INFO - Started process (PID=18710) to work on /opt/airflow/dags/prediction_dag.py
[2026-01-02T17:52:50.055+0000] {processor.py:830} INFO - Processing file /opt/airflow/dags/prediction_dag.py for tasks to queue
[2026-01-02T17:52:50.060+0000] {logging_mixin.py:188} INFO - [2026-01-02T17:52:50.058+0000] {dagbag.py:540} INFO - Filling up the DagBag from /opt/airflow/dags/prediction_dag.py
[2026-01-02T17:52:50.156+0000] {processor.py:840} INFO - DAG(s) 'prediction_dag' retrieved from /opt/airflow/dags/prediction_dag.py
[2026-01-02T17:52:50.518+0000] {logging_mixin.py:188} INFO - [2026-01-02T17:52:50.517+0000] {dag.py:3047} INFO - Sync 1 DAGs
[2026-01-02T17:52:50.594+0000] {logging_mixin.py:188} INFO - [2026-01-02T17:52:50.593+0000] {dag.py:3834} INFO - Setting next_dagrun for prediction_dag to 2026-01-02 17:52:00+00:00, run_after=2026-01-02 17:54:00+00:00
[2026-01-02T17:52:50.650+0000] {processor.py:183} INFO - Processing /opt/airflow/dags/prediction_dag.py took 0.639 seconds
[2026-01-02T17:53:21.374+0000] {processor.py:161} INFO - Started process (PID=18779) to work on /opt/airflow/dags/prediction_dag.py
[2026-01-02T17:53:21.376+0000] {processor.py:830} INFO - Processing file /opt/airflow/dags/prediction_dag.py for tasks to queue
[2026-01-02T17:53:21.379+0000] {logging_mixin.py:188} INFO - [2026-01-02T17:53:21.378+0000] {dagbag.py:540} INFO - Filling up the DagBag from /opt/airflow/dags/prediction_dag.py
[2026-01-02T17:53:21.411+0000] {processor.py:840} INFO - DAG(s) 'prediction_dag' retrieved from /opt/airflow/dags/prediction_dag.py
[2026-01-02T17:53:21.464+0000] {logging_mixin.py:188} INFO - [2026-01-02T17:53:21.464+0000] {dag.py:3047} INFO - Sync 1 DAGs
[2026-01-02T17:53:21.497+0000] {logging_mixin.py:188} INFO - [2026-01-02T17:53:21.496+0000] {dag.py:3834} INFO - Setting next_dagrun for prediction_dag to 2026-01-02 17:52:00+00:00, run_after=2026-01-02 17:54:00+00:00
[2026-01-02T17:53:21.511+0000] {processor.py:183} INFO - Processing /opt/airflow/dags/prediction_dag.py took 0.152 seconds
[2026-01-02T17:53:52.111+0000] {processor.py:161} INFO - Started process (PID=18797) to work on /opt/airflow/dags/prediction_dag.py
[2026-01-02T17:53:52.123+0000] {processor.py:830} INFO - Processing file /opt/airflow/dags/prediction_dag.py for tasks to queue
[2026-01-02T17:53:52.126+0000] {logging_mixin.py:188} INFO - [2026-01-02T17:53:52.125+0000] {dagbag.py:540} INFO - Filling up the DagBag from /opt/airflow/dags/prediction_dag.py
[2026-01-02T17:53:52.193+0000] {processor.py:840} INFO - DAG(s) 'prediction_dag' retrieved from /opt/airflow/dags/prediction_dag.py
[2026-01-02T17:53:52.317+0000] {logging_mixin.py:188} INFO - [2026-01-02T17:53:52.317+0000] {dag.py:3047} INFO - Sync 1 DAGs
[2026-01-02T17:53:52.380+0000] {logging_mixin.py:188} INFO - [2026-01-02T17:53:52.380+0000] {dag.py:3834} INFO - Setting next_dagrun for prediction_dag to 2026-01-02 17:52:00+00:00, run_after=2026-01-02 17:54:00+00:00
[2026-01-02T17:53:52.419+0000] {processor.py:183} INFO - Processing /opt/airflow/dags/prediction_dag.py took 0.319 seconds
[2026-01-02T17:54:23.271+0000] {processor.py:161} INFO - Started process (PID=18883) to work on /opt/airflow/dags/prediction_dag.py
[2026-01-02T17:54:23.274+0000] {processor.py:830} INFO - Processing file /opt/airflow/dags/prediction_dag.py for tasks to queue
[2026-01-02T17:54:23.276+0000] {logging_mixin.py:188} INFO - [2026-01-02T17:54:23.276+0000] {dagbag.py:540} INFO - Filling up the DagBag from /opt/airflow/dags/prediction_dag.py
[2026-01-02T17:54:23.314+0000] {processor.py:840} INFO - DAG(s) 'prediction_dag' retrieved from /opt/airflow/dags/prediction_dag.py
[2026-01-02T17:54:23.356+0000] {logging_mixin.py:188} INFO - [2026-01-02T17:54:23.355+0000] {dag.py:3047} INFO - Sync 1 DAGs
[2026-01-02T17:54:23.380+0000] {logging_mixin.py:188} INFO - [2026-01-02T17:54:23.380+0000] {dag.py:3834} INFO - Setting next_dagrun for prediction_dag to 2026-01-02 17:54:00+00:00, run_after=2026-01-02 17:56:00+00:00
[2026-01-02T17:54:23.392+0000] {processor.py:183} INFO - Processing /opt/airflow/dags/prediction_dag.py took 0.135 seconds
[2026-01-02T17:54:53.856+0000] {processor.py:161} INFO - Started process (PID=18901) to work on /opt/airflow/dags/prediction_dag.py
[2026-01-02T17:54:53.859+0000] {processor.py:830} INFO - Processing file /opt/airflow/dags/prediction_dag.py for tasks to queue
[2026-01-02T17:54:53.860+0000] {logging_mixin.py:188} INFO - [2026-01-02T17:54:53.860+0000] {dagbag.py:540} INFO - Filling up the DagBag from /opt/airflow/dags/prediction_dag.py
[2026-01-02T17:54:53.893+0000] {processor.py:840} INFO - DAG(s) 'prediction_dag' retrieved from /opt/airflow/dags/prediction_dag.py
[2026-01-02T17:54:53.938+0000] {logging_mixin.py:188} INFO - [2026-01-02T17:54:53.937+0000] {dag.py:3047} INFO - Sync 1 DAGs
[2026-01-02T17:54:53.968+0000] {logging_mixin.py:188} INFO - [2026-01-02T17:54:53.967+0000] {dag.py:3834} INFO - Setting next_dagrun for prediction_dag to 2026-01-02 17:54:00+00:00, run_after=2026-01-02 17:56:00+00:00
[2026-01-02T17:54:53.982+0000] {processor.py:183} INFO - Processing /opt/airflow/dags/prediction_dag.py took 0.136 seconds
[2026-01-02T17:55:24.767+0000] {processor.py:161} INFO - Started process (PID=18981) to work on /opt/airflow/dags/prediction_dag.py
[2026-01-02T17:55:24.771+0000] {processor.py:830} INFO - Processing file /opt/airflow/dags/prediction_dag.py for tasks to queue
[2026-01-02T17:55:24.773+0000] {logging_mixin.py:188} INFO - [2026-01-02T17:55:24.772+0000] {dagbag.py:540} INFO - Filling up the DagBag from /opt/airflow/dags/prediction_dag.py
[2026-01-02T17:55:24.826+0000] {processor.py:840} INFO - DAG(s) 'prediction_dag' retrieved from /opt/airflow/dags/prediction_dag.py
[2026-01-02T17:55:25.033+0000] {logging_mixin.py:188} INFO - [2026-01-02T17:55:25.033+0000] {dag.py:3047} INFO - Sync 1 DAGs
[2026-01-02T17:55:25.090+0000] {logging_mixin.py:188} INFO - [2026-01-02T17:55:25.090+0000] {dag.py:3834} INFO - Setting next_dagrun for prediction_dag to 2026-01-02 17:54:00+00:00, run_after=2026-01-02 17:56:00+00:00
[2026-01-02T17:55:25.115+0000] {processor.py:183} INFO - Processing /opt/airflow/dags/prediction_dag.py took 0.360 seconds
[2026-01-02T17:55:55.368+0000] {processor.py:161} INFO - Started process (PID=18999) to work on /opt/airflow/dags/prediction_dag.py
[2026-01-02T17:55:55.370+0000] {processor.py:830} INFO - Processing file /opt/airflow/dags/prediction_dag.py for tasks to queue
[2026-01-02T17:55:55.372+0000] {logging_mixin.py:188} INFO - [2026-01-02T17:55:55.371+0000] {dagbag.py:540} INFO - Filling up the DagBag from /opt/airflow/dags/prediction_dag.py
[2026-01-02T17:55:55.406+0000] {processor.py:840} INFO - DAG(s) 'prediction_dag' retrieved from /opt/airflow/dags/prediction_dag.py
[2026-01-02T17:55:55.454+0000] {logging_mixin.py:188} INFO - [2026-01-02T17:55:55.453+0000] {dag.py:3047} INFO - Sync 1 DAGs
[2026-01-02T17:55:55.480+0000] {logging_mixin.py:188} INFO - [2026-01-02T17:55:55.480+0000] {dag.py:3834} INFO - Setting next_dagrun for prediction_dag to 2026-01-02 17:54:00+00:00, run_after=2026-01-02 17:56:00+00:00
[2026-01-02T17:55:55.495+0000] {processor.py:183} INFO - Processing /opt/airflow/dags/prediction_dag.py took 0.139 seconds
[2026-01-02T17:56:25.835+0000] {processor.py:161} INFO - Started process (PID=19085) to work on /opt/airflow/dags/prediction_dag.py
[2026-01-02T17:56:25.840+0000] {processor.py:830} INFO - Processing file /opt/airflow/dags/prediction_dag.py for tasks to queue
[2026-01-02T17:56:25.842+0000] {logging_mixin.py:188} INFO - [2026-01-02T17:56:25.841+0000] {dagbag.py:540} INFO - Filling up the DagBag from /opt/airflow/dags/prediction_dag.py
[2026-01-02T17:56:25.867+0000] {processor.py:840} INFO - DAG(s) 'prediction_dag' retrieved from /opt/airflow/dags/prediction_dag.py
[2026-01-02T17:56:25.908+0000] {logging_mixin.py:188} INFO - [2026-01-02T17:56:25.907+0000] {dag.py:3047} INFO - Sync 1 DAGs
[2026-01-02T17:56:25.941+0000] {logging_mixin.py:188} INFO - [2026-01-02T17:56:25.941+0000] {dag.py:3834} INFO - Setting next_dagrun for prediction_dag to 2026-01-02 17:56:00+00:00, run_after=2026-01-02 17:58:00+00:00
[2026-01-02T17:56:25.955+0000] {processor.py:183} INFO - Processing /opt/airflow/dags/prediction_dag.py took 0.135 seconds
[2026-01-02T17:56:56.305+0000] {processor.py:161} INFO - Started process (PID=19103) to work on /opt/airflow/dags/prediction_dag.py
[2026-01-02T17:56:56.308+0000] {processor.py:830} INFO - Processing file /opt/airflow/dags/prediction_dag.py for tasks to queue
[2026-01-02T17:56:56.310+0000] {logging_mixin.py:188} INFO - [2026-01-02T17:56:56.309+0000] {dagbag.py:540} INFO - Filling up the DagBag from /opt/airflow/dags/prediction_dag.py
[2026-01-02T17:56:56.338+0000] {processor.py:840} INFO - DAG(s) 'prediction_dag' retrieved from /opt/airflow/dags/prediction_dag.py
[2026-01-02T17:56:56.384+0000] {logging_mixin.py:188} INFO - [2026-01-02T17:56:56.384+0000] {dag.py:3047} INFO - Sync 1 DAGs
[2026-01-02T17:56:56.412+0000] {logging_mixin.py:188} INFO - [2026-01-02T17:56:56.411+0000] {dag.py:3834} INFO - Setting next_dagrun for prediction_dag to 2026-01-02 17:56:00+00:00, run_after=2026-01-02 17:58:00+00:00
[2026-01-02T17:56:56.427+0000] {processor.py:183} INFO - Processing /opt/airflow/dags/prediction_dag.py took 0.131 seconds
[2026-01-02T17:57:26.747+0000] {processor.py:161} INFO - Started process (PID=19183) to work on /opt/airflow/dags/prediction_dag.py
[2026-01-02T17:57:26.750+0000] {processor.py:830} INFO - Processing file /opt/airflow/dags/prediction_dag.py for tasks to queue
[2026-01-02T17:57:26.751+0000] {logging_mixin.py:188} INFO - [2026-01-02T17:57:26.750+0000] {dagbag.py:540} INFO - Filling up the DagBag from /opt/airflow/dags/prediction_dag.py
[2026-01-02T17:57:26.776+0000] {processor.py:840} INFO - DAG(s) 'prediction_dag' retrieved from /opt/airflow/dags/prediction_dag.py
[2026-01-02T17:57:26.829+0000] {logging_mixin.py:188} INFO - [2026-01-02T17:57:26.829+0000] {dag.py:3047} INFO - Sync 1 DAGs
[2026-01-02T17:57:26.856+0000] {logging_mixin.py:188} INFO - [2026-01-02T17:57:26.856+0000] {dag.py:3834} INFO - Setting next_dagrun for prediction_dag to 2026-01-02 17:56:00+00:00, run_after=2026-01-02 17:58:00+00:00
[2026-01-02T17:57:26.870+0000] {processor.py:183} INFO - Processing /opt/airflow/dags/prediction_dag.py took 0.137 seconds
[2026-01-02T17:57:57.277+0000] {processor.py:161} INFO - Started process (PID=19201) to work on /opt/airflow/dags/prediction_dag.py
[2026-01-02T17:57:57.280+0000] {processor.py:830} INFO - Processing file /opt/airflow/dags/prediction_dag.py for tasks to queue
[2026-01-02T17:57:57.287+0000] {logging_mixin.py:188} INFO - [2026-01-02T17:57:57.283+0000] {dagbag.py:540} INFO - Filling up the DagBag from /opt/airflow/dags/prediction_dag.py
[2026-01-02T17:57:57.327+0000] {processor.py:840} INFO - DAG(s) 'prediction_dag' retrieved from /opt/airflow/dags/prediction_dag.py
[2026-01-02T17:57:57.379+0000] {logging_mixin.py:188} INFO - [2026-01-02T17:57:57.378+0000] {dag.py:3047} INFO - Sync 1 DAGs
[2026-01-02T17:57:57.409+0000] {logging_mixin.py:188} INFO - [2026-01-02T17:57:57.409+0000] {dag.py:3834} INFO - Setting next_dagrun for prediction_dag to 2026-01-02 17:56:00+00:00, run_after=2026-01-02 17:58:00+00:00
[2026-01-02T17:57:57.424+0000] {processor.py:183} INFO - Processing /opt/airflow/dags/prediction_dag.py took 0.164 seconds
[2026-01-02T17:58:27.750+0000] {processor.py:161} INFO - Started process (PID=19287) to work on /opt/airflow/dags/prediction_dag.py
[2026-01-02T17:58:27.752+0000] {processor.py:830} INFO - Processing file /opt/airflow/dags/prediction_dag.py for tasks to queue
[2026-01-02T17:58:27.754+0000] {logging_mixin.py:188} INFO - [2026-01-02T17:58:27.753+0000] {dagbag.py:540} INFO - Filling up the DagBag from /opt/airflow/dags/prediction_dag.py
[2026-01-02T17:58:27.785+0000] {processor.py:840} INFO - DAG(s) 'prediction_dag' retrieved from /opt/airflow/dags/prediction_dag.py
[2026-01-02T17:58:27.833+0000] {logging_mixin.py:188} INFO - [2026-01-02T17:58:27.833+0000] {dag.py:3047} INFO - Sync 1 DAGs
[2026-01-02T17:58:27.858+0000] {logging_mixin.py:188} INFO - [2026-01-02T17:58:27.858+0000] {dag.py:3834} INFO - Setting next_dagrun for prediction_dag to 2026-01-02 17:58:00+00:00, run_after=2026-01-02 18:00:00+00:00
[2026-01-02T17:58:27.877+0000] {processor.py:183} INFO - Processing /opt/airflow/dags/prediction_dag.py took 0.138 seconds
[2026-01-02T17:58:58.219+0000] {processor.py:161} INFO - Started process (PID=19305) to work on /opt/airflow/dags/prediction_dag.py
[2026-01-02T17:58:58.222+0000] {processor.py:830} INFO - Processing file /opt/airflow/dags/prediction_dag.py for tasks to queue
[2026-01-02T17:58:58.224+0000] {logging_mixin.py:188} INFO - [2026-01-02T17:58:58.223+0000] {dagbag.py:540} INFO - Filling up the DagBag from /opt/airflow/dags/prediction_dag.py
[2026-01-02T17:58:58.260+0000] {processor.py:840} INFO - DAG(s) 'prediction_dag' retrieved from /opt/airflow/dags/prediction_dag.py
[2026-01-02T17:58:58.305+0000] {logging_mixin.py:188} INFO - [2026-01-02T17:58:58.305+0000] {dag.py:3047} INFO - Sync 1 DAGs
[2026-01-02T17:58:58.349+0000] {logging_mixin.py:188} INFO - [2026-01-02T17:58:58.348+0000] {dag.py:3834} INFO - Setting next_dagrun for prediction_dag to 2026-01-02 17:58:00+00:00, run_after=2026-01-02 18:00:00+00:00
[2026-01-02T17:58:58.368+0000] {processor.py:183} INFO - Processing /opt/airflow/dags/prediction_dag.py took 0.165 seconds
[2026-01-02T17:59:28.737+0000] {processor.py:161} INFO - Started process (PID=19385) to work on /opt/airflow/dags/prediction_dag.py
[2026-01-02T17:59:28.739+0000] {processor.py:830} INFO - Processing file /opt/airflow/dags/prediction_dag.py for tasks to queue
[2026-01-02T17:59:28.740+0000] {logging_mixin.py:188} INFO - [2026-01-02T17:59:28.740+0000] {dagbag.py:540} INFO - Filling up the DagBag from /opt/airflow/dags/prediction_dag.py
[2026-01-02T17:59:28.780+0000] {processor.py:840} INFO - DAG(s) 'prediction_dag' retrieved from /opt/airflow/dags/prediction_dag.py
[2026-01-02T17:59:28.838+0000] {logging_mixin.py:188} INFO - [2026-01-02T17:59:28.838+0000] {dag.py:3047} INFO - Sync 1 DAGs
[2026-01-02T17:59:28.870+0000] {logging_mixin.py:188} INFO - [2026-01-02T17:59:28.870+0000] {dag.py:3834} INFO - Setting next_dagrun for prediction_dag to 2026-01-02 17:58:00+00:00, run_after=2026-01-02 18:00:00+00:00
[2026-01-02T17:59:28.889+0000] {processor.py:183} INFO - Processing /opt/airflow/dags/prediction_dag.py took 0.166 seconds
[2026-01-02T17:59:59.238+0000] {processor.py:161} INFO - Started process (PID=19403) to work on /opt/airflow/dags/prediction_dag.py
[2026-01-02T17:59:59.242+0000] {processor.py:830} INFO - Processing file /opt/airflow/dags/prediction_dag.py for tasks to queue
[2026-01-02T17:59:59.243+0000] {logging_mixin.py:188} INFO - [2026-01-02T17:59:59.242+0000] {dagbag.py:540} INFO - Filling up the DagBag from /opt/airflow/dags/prediction_dag.py
[2026-01-02T17:59:59.276+0000] {processor.py:840} INFO - DAG(s) 'prediction_dag' retrieved from /opt/airflow/dags/prediction_dag.py
[2026-01-02T17:59:59.333+0000] {logging_mixin.py:188} INFO - [2026-01-02T17:59:59.332+0000] {dag.py:3047} INFO - Sync 1 DAGs
[2026-01-02T17:59:59.366+0000] {logging_mixin.py:188} INFO - [2026-01-02T17:59:59.366+0000] {dag.py:3834} INFO - Setting next_dagrun for prediction_dag to 2026-01-02 17:58:00+00:00, run_after=2026-01-02 18:00:00+00:00
[2026-01-02T17:59:59.382+0000] {processor.py:183} INFO - Processing /opt/airflow/dags/prediction_dag.py took 0.155 seconds
[2026-01-02T18:00:29.739+0000] {processor.py:161} INFO - Started process (PID=19489) to work on /opt/airflow/dags/prediction_dag.py
[2026-01-02T18:00:29.741+0000] {processor.py:830} INFO - Processing file /opt/airflow/dags/prediction_dag.py for tasks to queue
[2026-01-02T18:00:29.743+0000] {logging_mixin.py:188} INFO - [2026-01-02T18:00:29.742+0000] {dagbag.py:540} INFO - Filling up the DagBag from /opt/airflow/dags/prediction_dag.py
[2026-01-02T18:00:29.779+0000] {processor.py:840} INFO - DAG(s) 'prediction_dag' retrieved from /opt/airflow/dags/prediction_dag.py
[2026-01-02T18:00:29.858+0000] {logging_mixin.py:188} INFO - [2026-01-02T18:00:29.858+0000] {dag.py:3047} INFO - Sync 1 DAGs
[2026-01-02T18:00:29.890+0000] {logging_mixin.py:188} INFO - [2026-01-02T18:00:29.889+0000] {dag.py:3834} INFO - Setting next_dagrun for prediction_dag to 2026-01-02 18:00:00+00:00, run_after=2026-01-02 18:02:00+00:00
[2026-01-02T18:00:29.903+0000] {processor.py:183} INFO - Processing /opt/airflow/dags/prediction_dag.py took 0.178 seconds
[2026-01-02T18:01:00.356+0000] {processor.py:161} INFO - Started process (PID=19507) to work on /opt/airflow/dags/prediction_dag.py
[2026-01-02T18:01:00.360+0000] {processor.py:830} INFO - Processing file /opt/airflow/dags/prediction_dag.py for tasks to queue
[2026-01-02T18:01:00.361+0000] {logging_mixin.py:188} INFO - [2026-01-02T18:01:00.360+0000] {dagbag.py:540} INFO - Filling up the DagBag from /opt/airflow/dags/prediction_dag.py
[2026-01-02T18:01:00.395+0000] {processor.py:840} INFO - DAG(s) 'prediction_dag' retrieved from /opt/airflow/dags/prediction_dag.py
[2026-01-02T18:01:00.443+0000] {logging_mixin.py:188} INFO - [2026-01-02T18:01:00.443+0000] {dag.py:3047} INFO - Sync 1 DAGs
[2026-01-02T18:01:00.474+0000] {logging_mixin.py:188} INFO - [2026-01-02T18:01:00.474+0000] {dag.py:3834} INFO - Setting next_dagrun for prediction_dag to 2026-01-02 18:00:00+00:00, run_after=2026-01-02 18:02:00+00:00
[2026-01-02T18:01:00.492+0000] {processor.py:183} INFO - Processing /opt/airflow/dags/prediction_dag.py took 0.146 seconds
[2026-01-02T18:01:30.842+0000] {processor.py:161} INFO - Started process (PID=19585) to work on /opt/airflow/dags/prediction_dag.py
[2026-01-02T18:01:30.849+0000] {processor.py:830} INFO - Processing file /opt/airflow/dags/prediction_dag.py for tasks to queue
[2026-01-02T18:01:30.851+0000] {logging_mixin.py:188} INFO - [2026-01-02T18:01:30.850+0000] {dagbag.py:540} INFO - Filling up the DagBag from /opt/airflow/dags/prediction_dag.py
[2026-01-02T18:01:30.869+0000] {processor.py:840} INFO - DAG(s) 'prediction_dag' retrieved from /opt/airflow/dags/prediction_dag.py
[2026-01-02T18:01:30.899+0000] {logging_mixin.py:188} INFO - [2026-01-02T18:01:30.899+0000] {dag.py:3047} INFO - Sync 1 DAGs
[2026-01-02T18:01:30.924+0000] {logging_mixin.py:188} INFO - [2026-01-02T18:01:30.924+0000] {dag.py:3834} INFO - Setting next_dagrun for prediction_dag to 2026-01-02 18:00:00+00:00, run_after=2026-01-02 18:02:00+00:00
[2026-01-02T18:01:30.936+0000] {processor.py:183} INFO - Processing /opt/airflow/dags/prediction_dag.py took 0.100 seconds
[2026-01-02T18:02:01.306+0000] {processor.py:161} INFO - Started process (PID=19595) to work on /opt/airflow/dags/prediction_dag.py
[2026-01-02T18:02:01.310+0000] {processor.py:830} INFO - Processing file /opt/airflow/dags/prediction_dag.py for tasks to queue
[2026-01-02T18:02:01.311+0000] {logging_mixin.py:188} INFO - [2026-01-02T18:02:01.311+0000] {dagbag.py:540} INFO - Filling up the DagBag from /opt/airflow/dags/prediction_dag.py
[2026-01-02T18:02:01.335+0000] {processor.py:840} INFO - DAG(s) 'prediction_dag' retrieved from /opt/airflow/dags/prediction_dag.py
[2026-01-02T18:02:01.381+0000] {logging_mixin.py:188} INFO - [2026-01-02T18:02:01.380+0000] {dag.py:3047} INFO - Sync 1 DAGs
[2026-01-02T18:02:01.410+0000] {logging_mixin.py:188} INFO - [2026-01-02T18:02:01.410+0000] {dag.py:3834} INFO - Setting next_dagrun for prediction_dag to 2026-01-02 18:02:00+00:00, run_after=2026-01-02 18:04:00+00:00
[2026-01-02T18:02:01.429+0000] {processor.py:183} INFO - Processing /opt/airflow/dags/prediction_dag.py took 0.132 seconds
[2026-01-02T18:02:31.819+0000] {processor.py:161} INFO - Started process (PID=19678) to work on /opt/airflow/dags/prediction_dag.py
[2026-01-02T18:02:31.822+0000] {processor.py:830} INFO - Processing file /opt/airflow/dags/prediction_dag.py for tasks to queue
[2026-01-02T18:02:31.824+0000] {logging_mixin.py:188} INFO - [2026-01-02T18:02:31.823+0000] {dagbag.py:540} INFO - Filling up the DagBag from /opt/airflow/dags/prediction_dag.py
[2026-01-02T18:02:31.854+0000] {processor.py:840} INFO - DAG(s) 'prediction_dag' retrieved from /opt/airflow/dags/prediction_dag.py
[2026-01-02T18:02:31.901+0000] {logging_mixin.py:188} INFO - [2026-01-02T18:02:31.901+0000] {dag.py:3047} INFO - Sync 1 DAGs
[2026-01-02T18:02:31.932+0000] {logging_mixin.py:188} INFO - [2026-01-02T18:02:31.932+0000] {dag.py:3834} INFO - Setting next_dagrun for prediction_dag to 2026-01-02 18:02:00+00:00, run_after=2026-01-02 18:04:00+00:00
[2026-01-02T18:02:31.949+0000] {processor.py:183} INFO - Processing /opt/airflow/dags/prediction_dag.py took 0.136 seconds
[2026-01-02T18:03:02.313+0000] {processor.py:161} INFO - Started process (PID=19706) to work on /opt/airflow/dags/prediction_dag.py
[2026-01-02T18:03:02.314+0000] {processor.py:830} INFO - Processing file /opt/airflow/dags/prediction_dag.py for tasks to queue
[2026-01-02T18:03:02.315+0000] {logging_mixin.py:188} INFO - [2026-01-02T18:03:02.315+0000] {dagbag.py:540} INFO - Filling up the DagBag from /opt/airflow/dags/prediction_dag.py
[2026-01-02T18:03:02.333+0000] {processor.py:840} INFO - DAG(s) 'prediction_dag' retrieved from /opt/airflow/dags/prediction_dag.py
[2026-01-02T18:03:02.355+0000] {logging_mixin.py:188} INFO - [2026-01-02T18:03:02.355+0000] {dag.py:3047} INFO - Sync 1 DAGs
[2026-01-02T18:03:02.372+0000] {logging_mixin.py:188} INFO - [2026-01-02T18:03:02.371+0000] {dag.py:3834} INFO - Setting next_dagrun for prediction_dag to 2026-01-02 18:02:00+00:00, run_after=2026-01-02 18:04:00+00:00
[2026-01-02T18:03:02.382+0000] {processor.py:183} INFO - Processing /opt/airflow/dags/prediction_dag.py took 0.073 seconds
[2026-01-02T18:03:32.872+0000] {processor.py:161} INFO - Started process (PID=19776) to work on /opt/airflow/dags/prediction_dag.py
[2026-01-02T18:03:32.874+0000] {processor.py:830} INFO - Processing file /opt/airflow/dags/prediction_dag.py for tasks to queue
[2026-01-02T18:03:32.876+0000] {logging_mixin.py:188} INFO - [2026-01-02T18:03:32.875+0000] {dagbag.py:540} INFO - Filling up the DagBag from /opt/airflow/dags/prediction_dag.py
[2026-01-02T18:03:32.907+0000] {processor.py:840} INFO - DAG(s) 'prediction_dag' retrieved from /opt/airflow/dags/prediction_dag.py
[2026-01-02T18:03:32.950+0000] {logging_mixin.py:188} INFO - [2026-01-02T18:03:32.950+0000] {dag.py:3047} INFO - Sync 1 DAGs
[2026-01-02T18:03:32.981+0000] {logging_mixin.py:188} INFO - [2026-01-02T18:03:32.981+0000] {dag.py:3834} INFO - Setting next_dagrun for prediction_dag to 2026-01-02 18:02:00+00:00, run_after=2026-01-02 18:04:00+00:00
[2026-01-02T18:03:32.995+0000] {processor.py:183} INFO - Processing /opt/airflow/dags/prediction_dag.py took 0.138 seconds
[2026-01-02T18:04:03.443+0000] {processor.py:161} INFO - Started process (PID=19811) to work on /opt/airflow/dags/prediction_dag.py
[2026-01-02T18:04:03.446+0000] {processor.py:830} INFO - Processing file /opt/airflow/dags/prediction_dag.py for tasks to queue
[2026-01-02T18:04:03.447+0000] {logging_mixin.py:188} INFO - [2026-01-02T18:04:03.447+0000] {dagbag.py:540} INFO - Filling up the DagBag from /opt/airflow/dags/prediction_dag.py
[2026-01-02T18:04:03.477+0000] {processor.py:840} INFO - DAG(s) 'prediction_dag' retrieved from /opt/airflow/dags/prediction_dag.py
[2026-01-02T18:04:03.517+0000] {logging_mixin.py:188} INFO - [2026-01-02T18:04:03.516+0000] {dag.py:3047} INFO - Sync 1 DAGs
[2026-01-02T18:04:03.549+0000] {logging_mixin.py:188} INFO - [2026-01-02T18:04:03.549+0000] {dag.py:3834} INFO - Setting next_dagrun for prediction_dag to 2026-01-02 18:04:00+00:00, run_after=2026-01-02 18:06:00+00:00
[2026-01-02T18:04:03.565+0000] {processor.py:183} INFO - Processing /opt/airflow/dags/prediction_dag.py took 0.127 seconds
[2026-01-02T18:04:33.887+0000] {processor.py:161} INFO - Started process (PID=19880) to work on /opt/airflow/dags/prediction_dag.py
[2026-01-02T18:04:33.890+0000] {processor.py:830} INFO - Processing file /opt/airflow/dags/prediction_dag.py for tasks to queue
[2026-01-02T18:04:33.892+0000] {logging_mixin.py:188} INFO - [2026-01-02T18:04:33.891+0000] {dagbag.py:540} INFO - Filling up the DagBag from /opt/airflow/dags/prediction_dag.py
[2026-01-02T18:04:33.924+0000] {processor.py:840} INFO - DAG(s) 'prediction_dag' retrieved from /opt/airflow/dags/prediction_dag.py
[2026-01-02T18:04:33.967+0000] {logging_mixin.py:188} INFO - [2026-01-02T18:04:33.967+0000] {dag.py:3047} INFO - Sync 1 DAGs
[2026-01-02T18:04:33.997+0000] {logging_mixin.py:188} INFO - [2026-01-02T18:04:33.997+0000] {dag.py:3834} INFO - Setting next_dagrun for prediction_dag to 2026-01-02 18:04:00+00:00, run_after=2026-01-02 18:06:00+00:00
[2026-01-02T18:04:34.010+0000] {processor.py:183} INFO - Processing /opt/airflow/dags/prediction_dag.py took 0.138 seconds
[2026-01-02T18:05:04.233+0000] {processor.py:161} INFO - Started process (PID=19917) to work on /opt/airflow/dags/prediction_dag.py
[2026-01-02T18:05:04.235+0000] {processor.py:830} INFO - Processing file /opt/airflow/dags/prediction_dag.py for tasks to queue
[2026-01-02T18:05:04.236+0000] {logging_mixin.py:188} INFO - [2026-01-02T18:05:04.236+0000] {dagbag.py:540} INFO - Filling up the DagBag from /opt/airflow/dags/prediction_dag.py
[2026-01-02T18:05:04.258+0000] {processor.py:840} INFO - DAG(s) 'prediction_dag' retrieved from /opt/airflow/dags/prediction_dag.py
[2026-01-02T18:05:04.291+0000] {logging_mixin.py:188} INFO - [2026-01-02T18:05:04.291+0000] {dag.py:3047} INFO - Sync 1 DAGs
[2026-01-02T18:05:04.316+0000] {logging_mixin.py:188} INFO - [2026-01-02T18:05:04.316+0000] {dag.py:3834} INFO - Setting next_dagrun for prediction_dag to 2026-01-02 18:04:00+00:00, run_after=2026-01-02 18:06:00+00:00
[2026-01-02T18:05:04.333+0000] {processor.py:183} INFO - Processing /opt/airflow/dags/prediction_dag.py took 0.107 seconds
[2026-01-02T18:05:34.846+0000] {processor.py:161} INFO - Started process (PID=19978) to work on /opt/airflow/dags/prediction_dag.py
[2026-01-02T18:05:34.855+0000] {processor.py:830} INFO - Processing file /opt/airflow/dags/prediction_dag.py for tasks to queue
[2026-01-02T18:05:34.856+0000] {logging_mixin.py:188} INFO - [2026-01-02T18:05:34.856+0000] {dagbag.py:540} INFO - Filling up the DagBag from /opt/airflow/dags/prediction_dag.py
[2026-01-02T18:05:34.883+0000] {processor.py:840} INFO - DAG(s) 'prediction_dag' retrieved from /opt/airflow/dags/prediction_dag.py
[2026-01-02T18:05:34.924+0000] {logging_mixin.py:188} INFO - [2026-01-02T18:05:34.923+0000] {dag.py:3047} INFO - Sync 1 DAGs
[2026-01-02T18:05:34.955+0000] {logging_mixin.py:188} INFO - [2026-01-02T18:05:34.955+0000] {dag.py:3834} INFO - Setting next_dagrun for prediction_dag to 2026-01-02 18:04:00+00:00, run_after=2026-01-02 18:06:00+00:00
[2026-01-02T18:05:34.973+0000] {processor.py:183} INFO - Processing /opt/airflow/dags/prediction_dag.py took 0.138 seconds
[2026-01-02T18:06:05.406+0000] {processor.py:161} INFO - Started process (PID=20022) to work on /opt/airflow/dags/prediction_dag.py
[2026-01-02T18:06:05.409+0000] {processor.py:830} INFO - Processing file /opt/airflow/dags/prediction_dag.py for tasks to queue
[2026-01-02T18:06:05.410+0000] {logging_mixin.py:188} INFO - [2026-01-02T18:06:05.409+0000] {dagbag.py:540} INFO - Filling up the DagBag from /opt/airflow/dags/prediction_dag.py
[2026-01-02T18:06:05.438+0000] {processor.py:840} INFO - DAG(s) 'prediction_dag' retrieved from /opt/airflow/dags/prediction_dag.py
[2026-01-02T18:06:05.464+0000] {logging_mixin.py:188} INFO - [2026-01-02T18:06:05.464+0000] {dag.py:3047} INFO - Sync 1 DAGs
[2026-01-02T18:06:05.487+0000] {logging_mixin.py:188} INFO - [2026-01-02T18:06:05.487+0000] {dag.py:3834} INFO - Setting next_dagrun for prediction_dag to 2026-01-02 18:06:00+00:00, run_after=2026-01-02 18:08:00+00:00
[2026-01-02T18:06:05.500+0000] {processor.py:183} INFO - Processing /opt/airflow/dags/prediction_dag.py took 0.101 seconds
[2026-01-02T18:06:35.926+0000] {processor.py:161} INFO - Started process (PID=20082) to work on /opt/airflow/dags/prediction_dag.py
[2026-01-02T18:06:35.929+0000] {processor.py:830} INFO - Processing file /opt/airflow/dags/prediction_dag.py for tasks to queue
[2026-01-02T18:06:35.932+0000] {logging_mixin.py:188} INFO - [2026-01-02T18:06:35.931+0000] {dagbag.py:540} INFO - Filling up the DagBag from /opt/airflow/dags/prediction_dag.py
[2026-01-02T18:06:35.970+0000] {processor.py:840} INFO - DAG(s) 'prediction_dag' retrieved from /opt/airflow/dags/prediction_dag.py
[2026-01-02T18:06:36.016+0000] {logging_mixin.py:188} INFO - [2026-01-02T18:06:36.016+0000] {dag.py:3047} INFO - Sync 1 DAGs
[2026-01-02T18:06:36.049+0000] {logging_mixin.py:188} INFO - [2026-01-02T18:06:36.049+0000] {dag.py:3834} INFO - Setting next_dagrun for prediction_dag to 2026-01-02 18:06:00+00:00, run_after=2026-01-02 18:08:00+00:00
[2026-01-02T18:06:36.063+0000] {processor.py:183} INFO - Processing /opt/airflow/dags/prediction_dag.py took 0.149 seconds
[2026-01-02T18:07:06.492+0000] {processor.py:161} INFO - Started process (PID=20129) to work on /opt/airflow/dags/prediction_dag.py
[2026-01-02T18:07:06.495+0000] {processor.py:830} INFO - Processing file /opt/airflow/dags/prediction_dag.py for tasks to queue
[2026-01-02T18:07:06.496+0000] {logging_mixin.py:188} INFO - [2026-01-02T18:07:06.495+0000] {dagbag.py:540} INFO - Filling up the DagBag from /opt/airflow/dags/prediction_dag.py
[2026-01-02T18:07:06.523+0000] {processor.py:840} INFO - DAG(s) 'prediction_dag' retrieved from /opt/airflow/dags/prediction_dag.py
[2026-01-02T18:07:06.561+0000] {logging_mixin.py:188} INFO - [2026-01-02T18:07:06.561+0000] {dag.py:3047} INFO - Sync 1 DAGs
[2026-01-02T18:07:06.588+0000] {logging_mixin.py:188} INFO - [2026-01-02T18:07:06.588+0000] {dag.py:3834} INFO - Setting next_dagrun for prediction_dag to 2026-01-02 18:06:00+00:00, run_after=2026-01-02 18:08:00+00:00
[2026-01-02T18:07:06.600+0000] {processor.py:183} INFO - Processing /opt/airflow/dags/prediction_dag.py took 0.113 seconds
[2026-01-02T18:07:36.791+0000] {processor.py:161} INFO - Started process (PID=20180) to work on /opt/airflow/dags/prediction_dag.py
[2026-01-02T18:07:36.794+0000] {processor.py:830} INFO - Processing file /opt/airflow/dags/prediction_dag.py for tasks to queue
[2026-01-02T18:07:36.796+0000] {logging_mixin.py:188} INFO - [2026-01-02T18:07:36.795+0000] {dagbag.py:540} INFO - Filling up the DagBag from /opt/airflow/dags/prediction_dag.py
[2026-01-02T18:07:36.829+0000] {processor.py:840} INFO - DAG(s) 'prediction_dag' retrieved from /opt/airflow/dags/prediction_dag.py
[2026-01-02T18:07:36.877+0000] {logging_mixin.py:188} INFO - [2026-01-02T18:07:36.877+0000] {dag.py:3047} INFO - Sync 1 DAGs
[2026-01-02T18:07:36.908+0000] {logging_mixin.py:188} INFO - [2026-01-02T18:07:36.908+0000] {dag.py:3834} INFO - Setting next_dagrun for prediction_dag to 2026-01-02 18:06:00+00:00, run_after=2026-01-02 18:08:00+00:00
[2026-01-02T18:07:36.924+0000] {processor.py:183} INFO - Processing /opt/airflow/dags/prediction_dag.py took 0.142 seconds
[2026-01-02T18:08:07.252+0000] {processor.py:161} INFO - Started process (PID=20233) to work on /opt/airflow/dags/prediction_dag.py
[2026-01-02T18:08:07.257+0000] {processor.py:830} INFO - Processing file /opt/airflow/dags/prediction_dag.py for tasks to queue
[2026-01-02T18:08:07.258+0000] {logging_mixin.py:188} INFO - [2026-01-02T18:08:07.257+0000] {dagbag.py:540} INFO - Filling up the DagBag from /opt/airflow/dags/prediction_dag.py
[2026-01-02T18:08:07.275+0000] {processor.py:840} INFO - DAG(s) 'prediction_dag' retrieved from /opt/airflow/dags/prediction_dag.py
[2026-01-02T18:08:07.308+0000] {logging_mixin.py:188} INFO - [2026-01-02T18:08:07.308+0000] {dag.py:3047} INFO - Sync 1 DAGs
[2026-01-02T18:08:07.332+0000] {logging_mixin.py:188} INFO - [2026-01-02T18:08:07.332+0000] {dag.py:3834} INFO - Setting next_dagrun for prediction_dag to 2026-01-02 18:08:00+00:00, run_after=2026-01-02 18:10:00+00:00
[2026-01-02T18:08:07.345+0000] {processor.py:183} INFO - Processing /opt/airflow/dags/prediction_dag.py took 0.098 seconds
[2026-01-02T18:08:37.823+0000] {processor.py:161} INFO - Started process (PID=20284) to work on /opt/airflow/dags/prediction_dag.py
[2026-01-02T18:08:37.825+0000] {processor.py:830} INFO - Processing file /opt/airflow/dags/prediction_dag.py for tasks to queue
[2026-01-02T18:08:37.827+0000] {logging_mixin.py:188} INFO - [2026-01-02T18:08:37.826+0000] {dagbag.py:540} INFO - Filling up the DagBag from /opt/airflow/dags/prediction_dag.py
[2026-01-02T18:08:37.857+0000] {processor.py:840} INFO - DAG(s) 'prediction_dag' retrieved from /opt/airflow/dags/prediction_dag.py
[2026-01-02T18:08:37.893+0000] {logging_mixin.py:188} INFO - [2026-01-02T18:08:37.893+0000] {dag.py:3047} INFO - Sync 1 DAGs
[2026-01-02T18:08:37.915+0000] {logging_mixin.py:188} INFO - [2026-01-02T18:08:37.915+0000] {dag.py:3834} INFO - Setting next_dagrun for prediction_dag to 2026-01-02 18:08:00+00:00, run_after=2026-01-02 18:10:00+00:00
[2026-01-02T18:08:37.927+0000] {processor.py:183} INFO - Processing /opt/airflow/dags/prediction_dag.py took 0.112 seconds
[2026-01-02T18:09:08.124+0000] {processor.py:161} INFO - Started process (PID=20331) to work on /opt/airflow/dags/prediction_dag.py
[2026-01-02T18:09:08.126+0000] {processor.py:830} INFO - Processing file /opt/airflow/dags/prediction_dag.py for tasks to queue
[2026-01-02T18:09:08.127+0000] {logging_mixin.py:188} INFO - [2026-01-02T18:09:08.126+0000] {dagbag.py:540} INFO - Filling up the DagBag from /opt/airflow/dags/prediction_dag.py
[2026-01-02T18:09:08.147+0000] {processor.py:840} INFO - DAG(s) 'prediction_dag' retrieved from /opt/airflow/dags/prediction_dag.py
[2026-01-02T18:09:08.199+0000] {logging_mixin.py:188} INFO - [2026-01-02T18:09:08.198+0000] {dag.py:3047} INFO - Sync 1 DAGs
[2026-01-02T18:09:08.230+0000] {logging_mixin.py:188} INFO - [2026-01-02T18:09:08.229+0000] {dag.py:3834} INFO - Setting next_dagrun for prediction_dag to 2026-01-02 18:08:00+00:00, run_after=2026-01-02 18:10:00+00:00
[2026-01-02T18:09:08.245+0000] {processor.py:183} INFO - Processing /opt/airflow/dags/prediction_dag.py took 0.126 seconds
[2026-01-02T18:09:38.789+0000] {processor.py:161} INFO - Started process (PID=20373) to work on /opt/airflow/dags/prediction_dag.py
[2026-01-02T18:09:38.790+0000] {processor.py:830} INFO - Processing file /opt/airflow/dags/prediction_dag.py for tasks to queue
[2026-01-02T18:09:38.790+0000] {logging_mixin.py:188} INFO - [2026-01-02T18:09:38.790+0000] {dagbag.py:540} INFO - Filling up the DagBag from /opt/airflow/dags/prediction_dag.py
[2026-01-02T18:09:38.801+0000] {processor.py:840} INFO - DAG(s) 'prediction_dag' retrieved from /opt/airflow/dags/prediction_dag.py
[2026-01-02T18:09:38.902+0000] {logging_mixin.py:188} INFO - [2026-01-02T18:09:38.902+0000] {dag.py:3047} INFO - Sync 1 DAGs
[2026-01-02T18:09:38.933+0000] {logging_mixin.py:188} INFO - [2026-01-02T18:09:38.933+0000] {dag.py:3834} INFO - Setting next_dagrun for prediction_dag to 2026-01-02 18:08:00+00:00, run_after=2026-01-02 18:10:00+00:00
[2026-01-02T18:09:38.951+0000] {processor.py:183} INFO - Processing /opt/airflow/dags/prediction_dag.py took 0.166 seconds
[2026-01-02T18:10:09.295+0000] {processor.py:161} INFO - Started process (PID=20425) to work on /opt/airflow/dags/prediction_dag.py
[2026-01-02T18:10:09.300+0000] {processor.py:830} INFO - Processing file /opt/airflow/dags/prediction_dag.py for tasks to queue
[2026-01-02T18:10:09.302+0000] {logging_mixin.py:188} INFO - [2026-01-02T18:10:09.301+0000] {dagbag.py:540} INFO - Filling up the DagBag from /opt/airflow/dags/prediction_dag.py
[2026-01-02T18:10:09.333+0000] {processor.py:840} INFO - DAG(s) 'prediction_dag' retrieved from /opt/airflow/dags/prediction_dag.py
[2026-01-02T18:10:09.371+0000] {logging_mixin.py:188} INFO - [2026-01-02T18:10:09.371+0000] {dag.py:3047} INFO - Sync 1 DAGs
[2026-01-02T18:10:09.398+0000] {logging_mixin.py:188} INFO - [2026-01-02T18:10:09.398+0000] {dag.py:3834} INFO - Setting next_dagrun for prediction_dag to 2026-01-02 18:10:00+00:00, run_after=2026-01-02 18:12:00+00:00
[2026-01-02T18:10:09.410+0000] {processor.py:183} INFO - Processing /opt/airflow/dags/prediction_dag.py took 0.124 seconds
[2026-01-02T18:10:39.541+0000] {processor.py:161} INFO - Started process (PID=20473) to work on /opt/airflow/dags/prediction_dag.py
[2026-01-02T18:10:39.544+0000] {processor.py:830} INFO - Processing file /opt/airflow/dags/prediction_dag.py for tasks to queue
[2026-01-02T18:10:39.546+0000] {logging_mixin.py:188} INFO - [2026-01-02T18:10:39.545+0000] {dagbag.py:540} INFO - Filling up the DagBag from /opt/airflow/dags/prediction_dag.py
[2026-01-02T18:10:39.581+0000] {processor.py:840} INFO - DAG(s) 'prediction_dag' retrieved from /opt/airflow/dags/prediction_dag.py
[2026-01-02T18:10:39.635+0000] {logging_mixin.py:188} INFO - [2026-01-02T18:10:39.634+0000] {dag.py:3047} INFO - Sync 1 DAGs
[2026-01-02T18:10:39.666+0000] {logging_mixin.py:188} INFO - [2026-01-02T18:10:39.666+0000] {dag.py:3834} INFO - Setting next_dagrun for prediction_dag to 2026-01-02 18:10:00+00:00, run_after=2026-01-02 18:12:00+00:00
[2026-01-02T18:10:39.679+0000] {processor.py:183} INFO - Processing /opt/airflow/dags/prediction_dag.py took 0.150 seconds
[2026-01-02T18:11:10.067+0000] {processor.py:161} INFO - Started process (PID=20550) to work on /opt/airflow/dags/prediction_dag.py
[2026-01-02T18:11:10.071+0000] {processor.py:830} INFO - Processing file /opt/airflow/dags/prediction_dag.py for tasks to queue
[2026-01-02T18:11:10.074+0000] {logging_mixin.py:188} INFO - [2026-01-02T18:11:10.073+0000] {dagbag.py:540} INFO - Filling up the DagBag from /opt/airflow/dags/prediction_dag.py
[2026-01-02T18:11:10.125+0000] {processor.py:840} INFO - DAG(s) 'prediction_dag' retrieved from /opt/airflow/dags/prediction_dag.py
[2026-01-02T18:11:10.228+0000] {logging_mixin.py:188} INFO - [2026-01-02T18:11:10.227+0000] {dag.py:3047} INFO - Sync 1 DAGs
[2026-01-02T18:11:10.280+0000] {logging_mixin.py:188} INFO - [2026-01-02T18:11:10.279+0000] {dag.py:3834} INFO - Setting next_dagrun for prediction_dag to 2026-01-02 18:10:00+00:00, run_after=2026-01-02 18:12:00+00:00
[2026-01-02T18:11:10.309+0000] {processor.py:183} INFO - Processing /opt/airflow/dags/prediction_dag.py took 0.250 seconds
[2026-01-02T18:11:40.838+0000] {processor.py:161} INFO - Started process (PID=20571) to work on /opt/airflow/dags/prediction_dag.py
[2026-01-02T18:11:40.841+0000] {processor.py:830} INFO - Processing file /opt/airflow/dags/prediction_dag.py for tasks to queue
[2026-01-02T18:11:40.843+0000] {logging_mixin.py:188} INFO - [2026-01-02T18:11:40.842+0000] {dagbag.py:540} INFO - Filling up the DagBag from /opt/airflow/dags/prediction_dag.py
[2026-01-02T18:11:40.875+0000] {processor.py:840} INFO - DAG(s) 'prediction_dag' retrieved from /opt/airflow/dags/prediction_dag.py
[2026-01-02T18:11:40.923+0000] {logging_mixin.py:188} INFO - [2026-01-02T18:11:40.923+0000] {dag.py:3047} INFO - Sync 1 DAGs
[2026-01-02T18:11:40.952+0000] {logging_mixin.py:188} INFO - [2026-01-02T18:11:40.952+0000] {dag.py:3834} INFO - Setting next_dagrun for prediction_dag to 2026-01-02 18:10:00+00:00, run_after=2026-01-02 18:12:00+00:00
[2026-01-02T18:11:40.967+0000] {processor.py:183} INFO - Processing /opt/airflow/dags/prediction_dag.py took 0.140 seconds
[2026-01-02T18:12:11.312+0000] {processor.py:161} INFO - Started process (PID=20654) to work on /opt/airflow/dags/prediction_dag.py
[2026-01-02T18:12:11.314+0000] {processor.py:830} INFO - Processing file /opt/airflow/dags/prediction_dag.py for tasks to queue
[2026-01-02T18:12:11.316+0000] {logging_mixin.py:188} INFO - [2026-01-02T18:12:11.315+0000] {dagbag.py:540} INFO - Filling up the DagBag from /opt/airflow/dags/prediction_dag.py
[2026-01-02T18:12:11.343+0000] {processor.py:840} INFO - DAG(s) 'prediction_dag' retrieved from /opt/airflow/dags/prediction_dag.py
[2026-01-02T18:12:11.390+0000] {logging_mixin.py:188} INFO - [2026-01-02T18:12:11.390+0000] {dag.py:3047} INFO - Sync 1 DAGs
[2026-01-02T18:12:11.421+0000] {logging_mixin.py:188} INFO - [2026-01-02T18:12:11.421+0000] {dag.py:3834} INFO - Setting next_dagrun for prediction_dag to 2026-01-02 18:12:00+00:00, run_after=2026-01-02 18:14:00+00:00
[2026-01-02T18:12:11.449+0000] {processor.py:183} INFO - Processing /opt/airflow/dags/prediction_dag.py took 0.149 seconds
[2026-01-02T18:12:41.879+0000] {processor.py:161} INFO - Started process (PID=20675) to work on /opt/airflow/dags/prediction_dag.py
[2026-01-02T18:12:41.881+0000] {processor.py:830} INFO - Processing file /opt/airflow/dags/prediction_dag.py for tasks to queue
[2026-01-02T18:12:41.882+0000] {logging_mixin.py:188} INFO - [2026-01-02T18:12:41.882+0000] {dagbag.py:540} INFO - Filling up the DagBag from /opt/airflow/dags/prediction_dag.py
[2026-01-02T18:12:41.920+0000] {processor.py:840} INFO - DAG(s) 'prediction_dag' retrieved from /opt/airflow/dags/prediction_dag.py
[2026-01-02T18:12:41.975+0000] {logging_mixin.py:188} INFO - [2026-01-02T18:12:41.974+0000] {dag.py:3047} INFO - Sync 1 DAGs
[2026-01-02T18:12:42.000+0000] {logging_mixin.py:188} INFO - [2026-01-02T18:12:42.000+0000] {dag.py:3834} INFO - Setting next_dagrun for prediction_dag to 2026-01-02 18:12:00+00:00, run_after=2026-01-02 18:14:00+00:00
[2026-01-02T18:12:42.021+0000] {processor.py:183} INFO - Processing /opt/airflow/dags/prediction_dag.py took 0.153 seconds
[2026-01-02T18:13:12.430+0000] {processor.py:161} INFO - Started process (PID=20755) to work on /opt/airflow/dags/prediction_dag.py
[2026-01-02T18:13:12.432+0000] {processor.py:830} INFO - Processing file /opt/airflow/dags/prediction_dag.py for tasks to queue
[2026-01-02T18:13:12.433+0000] {logging_mixin.py:188} INFO - [2026-01-02T18:13:12.433+0000] {dagbag.py:540} INFO - Filling up the DagBag from /opt/airflow/dags/prediction_dag.py
[2026-01-02T18:13:12.463+0000] {processor.py:840} INFO - DAG(s) 'prediction_dag' retrieved from /opt/airflow/dags/prediction_dag.py
[2026-01-02T18:13:12.499+0000] {logging_mixin.py:188} INFO - [2026-01-02T18:13:12.498+0000] {dag.py:3047} INFO - Sync 1 DAGs
[2026-01-02T18:13:12.522+0000] {logging_mixin.py:188} INFO - [2026-01-02T18:13:12.522+0000] {dag.py:3834} INFO - Setting next_dagrun for prediction_dag to 2026-01-02 18:12:00+00:00, run_after=2026-01-02 18:14:00+00:00
[2026-01-02T18:13:12.534+0000] {processor.py:183} INFO - Processing /opt/airflow/dags/prediction_dag.py took 0.112 seconds
[2026-01-02T18:13:42.846+0000] {processor.py:161} INFO - Started process (PID=20773) to work on /opt/airflow/dags/prediction_dag.py
[2026-01-02T18:13:42.855+0000] {processor.py:830} INFO - Processing file /opt/airflow/dags/prediction_dag.py for tasks to queue
[2026-01-02T18:13:42.857+0000] {logging_mixin.py:188} INFO - [2026-01-02T18:13:42.856+0000] {dagbag.py:540} INFO - Filling up the DagBag from /opt/airflow/dags/prediction_dag.py
[2026-01-02T18:13:42.896+0000] {processor.py:840} INFO - DAG(s) 'prediction_dag' retrieved from /opt/airflow/dags/prediction_dag.py
[2026-01-02T18:13:42.945+0000] {logging_mixin.py:188} INFO - [2026-01-02T18:13:42.945+0000] {dag.py:3047} INFO - Sync 1 DAGs
[2026-01-02T18:13:42.978+0000] {logging_mixin.py:188} INFO - [2026-01-02T18:13:42.978+0000] {dag.py:3834} INFO - Setting next_dagrun for prediction_dag to 2026-01-02 18:12:00+00:00, run_after=2026-01-02 18:14:00+00:00
[2026-01-02T18:13:42.991+0000] {processor.py:183} INFO - Processing /opt/airflow/dags/prediction_dag.py took 0.154 seconds
[2026-01-02T18:14:13.324+0000] {processor.py:161} INFO - Started process (PID=20859) to work on /opt/airflow/dags/prediction_dag.py
[2026-01-02T18:14:13.326+0000] {processor.py:830} INFO - Processing file /opt/airflow/dags/prediction_dag.py for tasks to queue
[2026-01-02T18:14:13.327+0000] {logging_mixin.py:188} INFO - [2026-01-02T18:14:13.327+0000] {dagbag.py:540} INFO - Filling up the DagBag from /opt/airflow/dags/prediction_dag.py
[2026-01-02T18:14:13.364+0000] {processor.py:840} INFO - DAG(s) 'prediction_dag' retrieved from /opt/airflow/dags/prediction_dag.py
[2026-01-02T18:14:13.401+0000] {logging_mixin.py:188} INFO - [2026-01-02T18:14:13.400+0000] {dag.py:3047} INFO - Sync 1 DAGs
[2026-01-02T18:14:13.424+0000] {logging_mixin.py:188} INFO - [2026-01-02T18:14:13.424+0000] {dag.py:3834} INFO - Setting next_dagrun for prediction_dag to 2026-01-02 18:14:00+00:00, run_after=2026-01-02 18:16:00+00:00
[2026-01-02T18:14:13.439+0000] {processor.py:183} INFO - Processing /opt/airflow/dags/prediction_dag.py took 0.123 seconds
[2026-01-02T18:14:43.857+0000] {processor.py:161} INFO - Started process (PID=20877) to work on /opt/airflow/dags/prediction_dag.py
[2026-01-02T18:14:43.861+0000] {processor.py:830} INFO - Processing file /opt/airflow/dags/prediction_dag.py for tasks to queue
[2026-01-02T18:14:43.863+0000] {logging_mixin.py:188} INFO - [2026-01-02T18:14:43.862+0000] {dagbag.py:540} INFO - Filling up the DagBag from /opt/airflow/dags/prediction_dag.py
[2026-01-02T18:14:43.895+0000] {processor.py:840} INFO - DAG(s) 'prediction_dag' retrieved from /opt/airflow/dags/prediction_dag.py
[2026-01-02T18:14:43.954+0000] {logging_mixin.py:188} INFO - [2026-01-02T18:14:43.954+0000] {dag.py:3047} INFO - Sync 1 DAGs
[2026-01-02T18:14:43.984+0000] {logging_mixin.py:188} INFO - [2026-01-02T18:14:43.984+0000] {dag.py:3834} INFO - Setting next_dagrun for prediction_dag to 2026-01-02 18:14:00+00:00, run_after=2026-01-02 18:16:00+00:00
[2026-01-02T18:14:43.999+0000] {processor.py:183} INFO - Processing /opt/airflow/dags/prediction_dag.py took 0.159 seconds
[2026-01-02T18:15:14.409+0000] {processor.py:161} INFO - Started process (PID=20954) to work on /opt/airflow/dags/prediction_dag.py
[2026-01-02T18:15:14.411+0000] {processor.py:830} INFO - Processing file /opt/airflow/dags/prediction_dag.py for tasks to queue
[2026-01-02T18:15:14.421+0000] {logging_mixin.py:188} INFO - [2026-01-02T18:15:14.413+0000] {dagbag.py:540} INFO - Filling up the DagBag from /opt/airflow/dags/prediction_dag.py
[2026-01-02T18:15:14.490+0000] {processor.py:840} INFO - DAG(s) 'prediction_dag' retrieved from /opt/airflow/dags/prediction_dag.py
[2026-01-02T18:15:14.602+0000] {logging_mixin.py:188} INFO - [2026-01-02T18:15:14.601+0000] {dag.py:3047} INFO - Sync 1 DAGs
[2026-01-02T18:15:14.668+0000] {logging_mixin.py:188} INFO - [2026-01-02T18:15:14.668+0000] {dag.py:3834} INFO - Setting next_dagrun for prediction_dag to 2026-01-02 18:14:00+00:00, run_after=2026-01-02 18:16:00+00:00
[2026-01-02T18:15:14.717+0000] {processor.py:183} INFO - Processing /opt/airflow/dags/prediction_dag.py took 0.318 seconds
[2026-01-02T18:15:45.088+0000] {processor.py:161} INFO - Started process (PID=20975) to work on /opt/airflow/dags/prediction_dag.py
[2026-01-02T18:15:45.092+0000] {processor.py:830} INFO - Processing file /opt/airflow/dags/prediction_dag.py for tasks to queue
[2026-01-02T18:15:45.093+0000] {logging_mixin.py:188} INFO - [2026-01-02T18:15:45.093+0000] {dagbag.py:540} INFO - Filling up the DagBag from /opt/airflow/dags/prediction_dag.py
[2026-01-02T18:15:45.142+0000] {processor.py:840} INFO - DAG(s) 'prediction_dag' retrieved from /opt/airflow/dags/prediction_dag.py
[2026-01-02T18:15:45.203+0000] {logging_mixin.py:188} INFO - [2026-01-02T18:15:45.202+0000] {dag.py:3047} INFO - Sync 1 DAGs
[2026-01-02T18:15:45.227+0000] {logging_mixin.py:188} INFO - [2026-01-02T18:15:45.227+0000] {dag.py:3834} INFO - Setting next_dagrun for prediction_dag to 2026-01-02 18:14:00+00:00, run_after=2026-01-02 18:16:00+00:00
[2026-01-02T18:15:45.246+0000] {processor.py:183} INFO - Processing /opt/airflow/dags/prediction_dag.py took 0.170 seconds
[2026-01-02T18:16:15.663+0000] {processor.py:161} INFO - Started process (PID=21061) to work on /opt/airflow/dags/prediction_dag.py
[2026-01-02T18:16:15.665+0000] {processor.py:830} INFO - Processing file /opt/airflow/dags/prediction_dag.py for tasks to queue
[2026-01-02T18:16:15.667+0000] {logging_mixin.py:188} INFO - [2026-01-02T18:16:15.666+0000] {dagbag.py:540} INFO - Filling up the DagBag from /opt/airflow/dags/prediction_dag.py
[2026-01-02T18:16:15.695+0000] {processor.py:840} INFO - DAG(s) 'prediction_dag' retrieved from /opt/airflow/dags/prediction_dag.py
[2026-01-02T18:16:15.741+0000] {logging_mixin.py:188} INFO - [2026-01-02T18:16:15.741+0000] {dag.py:3047} INFO - Sync 1 DAGs
[2026-01-02T18:16:15.769+0000] {logging_mixin.py:188} INFO - [2026-01-02T18:16:15.769+0000] {dag.py:3834} INFO - Setting next_dagrun for prediction_dag to 2026-01-02 18:16:00+00:00, run_after=2026-01-02 18:18:00+00:00
[2026-01-02T18:16:15.784+0000] {processor.py:183} INFO - Processing /opt/airflow/dags/prediction_dag.py took 0.130 seconds
[2026-01-02T18:16:45.921+0000] {processor.py:161} INFO - Started process (PID=21079) to work on /opt/airflow/dags/prediction_dag.py
[2026-01-02T18:16:45.923+0000] {processor.py:830} INFO - Processing file /opt/airflow/dags/prediction_dag.py for tasks to queue
[2026-01-02T18:16:45.924+0000] {logging_mixin.py:188} INFO - [2026-01-02T18:16:45.924+0000] {dagbag.py:540} INFO - Filling up the DagBag from /opt/airflow/dags/prediction_dag.py
[2026-01-02T18:16:45.944+0000] {processor.py:840} INFO - DAG(s) 'prediction_dag' retrieved from /opt/airflow/dags/prediction_dag.py
[2026-01-02T18:16:45.970+0000] {logging_mixin.py:188} INFO - [2026-01-02T18:16:45.969+0000] {dag.py:3047} INFO - Sync 1 DAGs
[2026-01-02T18:16:45.985+0000] {logging_mixin.py:188} INFO - [2026-01-02T18:16:45.985+0000] {dag.py:3834} INFO - Setting next_dagrun for prediction_dag to 2026-01-02 18:16:00+00:00, run_after=2026-01-02 18:18:00+00:00
[2026-01-02T18:16:45.997+0000] {processor.py:183} INFO - Processing /opt/airflow/dags/prediction_dag.py took 0.085 seconds
[2026-01-02T18:17:16.371+0000] {processor.py:161} INFO - Started process (PID=21157) to work on /opt/airflow/dags/prediction_dag.py
[2026-01-02T18:17:16.372+0000] {processor.py:830} INFO - Processing file /opt/airflow/dags/prediction_dag.py for tasks to queue
[2026-01-02T18:17:16.372+0000] {logging_mixin.py:188} INFO - [2026-01-02T18:17:16.372+0000] {dagbag.py:540} INFO - Filling up the DagBag from /opt/airflow/dags/prediction_dag.py
[2026-01-02T18:17:16.390+0000] {processor.py:840} INFO - DAG(s) 'prediction_dag' retrieved from /opt/airflow/dags/prediction_dag.py
[2026-01-02T18:17:16.427+0000] {logging_mixin.py:188} INFO - [2026-01-02T18:17:16.427+0000] {dag.py:3047} INFO - Sync 1 DAGs
[2026-01-02T18:17:16.450+0000] {logging_mixin.py:188} INFO - [2026-01-02T18:17:16.450+0000] {dag.py:3834} INFO - Setting next_dagrun for prediction_dag to 2026-01-02 18:16:00+00:00, run_after=2026-01-02 18:18:00+00:00
[2026-01-02T18:17:16.463+0000] {processor.py:183} INFO - Processing /opt/airflow/dags/prediction_dag.py took 0.095 seconds
[2026-01-02T18:17:46.804+0000] {processor.py:161} INFO - Started process (PID=21164) to work on /opt/airflow/dags/prediction_dag.py
[2026-01-02T18:17:46.807+0000] {processor.py:830} INFO - Processing file /opt/airflow/dags/prediction_dag.py for tasks to queue
[2026-01-02T18:17:46.809+0000] {logging_mixin.py:188} INFO - [2026-01-02T18:17:46.808+0000] {dagbag.py:540} INFO - Filling up the DagBag from /opt/airflow/dags/prediction_dag.py
[2026-01-02T18:17:46.842+0000] {processor.py:840} INFO - DAG(s) 'prediction_dag' retrieved from /opt/airflow/dags/prediction_dag.py
[2026-01-02T18:17:46.891+0000] {logging_mixin.py:188} INFO - [2026-01-02T18:17:46.891+0000] {dag.py:3047} INFO - Sync 1 DAGs
[2026-01-02T18:17:46.921+0000] {logging_mixin.py:188} INFO - [2026-01-02T18:17:46.921+0000] {dag.py:3834} INFO - Setting next_dagrun for prediction_dag to 2026-01-02 18:16:00+00:00, run_after=2026-01-02 18:18:00+00:00
[2026-01-02T18:17:46.937+0000] {processor.py:183} INFO - Processing /opt/airflow/dags/prediction_dag.py took 0.148 seconds
[2026-01-02T18:18:17.074+0000] {processor.py:161} INFO - Started process (PID=21250) to work on /opt/airflow/dags/prediction_dag.py
[2026-01-02T18:18:17.080+0000] {processor.py:830} INFO - Processing file /opt/airflow/dags/prediction_dag.py for tasks to queue
[2026-01-02T18:18:17.081+0000] {logging_mixin.py:188} INFO - [2026-01-02T18:18:17.081+0000] {dagbag.py:540} INFO - Filling up the DagBag from /opt/airflow/dags/prediction_dag.py
[2026-01-02T18:18:17.128+0000] {processor.py:840} INFO - DAG(s) 'prediction_dag' retrieved from /opt/airflow/dags/prediction_dag.py
[2026-01-02T18:18:17.178+0000] {logging_mixin.py:188} INFO - [2026-01-02T18:18:17.178+0000] {dag.py:3047} INFO - Sync 1 DAGs
[2026-01-02T18:18:17.208+0000] {logging_mixin.py:188} INFO - [2026-01-02T18:18:17.208+0000] {dag.py:3834} INFO - Setting next_dagrun for prediction_dag to 2026-01-02 18:18:00+00:00, run_after=2026-01-02 18:20:00+00:00
[2026-01-02T18:18:17.222+0000] {processor.py:183} INFO - Processing /opt/airflow/dags/prediction_dag.py took 0.182 seconds
[2026-01-02T18:18:47.884+0000] {processor.py:161} INFO - Started process (PID=21268) to work on /opt/airflow/dags/prediction_dag.py
[2026-01-02T18:18:47.887+0000] {processor.py:830} INFO - Processing file /opt/airflow/dags/prediction_dag.py for tasks to queue
[2026-01-02T18:18:47.889+0000] {logging_mixin.py:188} INFO - [2026-01-02T18:18:47.888+0000] {dagbag.py:540} INFO - Filling up the DagBag from /opt/airflow/dags/prediction_dag.py
[2026-01-02T18:18:47.924+0000] {processor.py:840} INFO - DAG(s) 'prediction_dag' retrieved from /opt/airflow/dags/prediction_dag.py
[2026-01-02T18:18:47.972+0000] {logging_mixin.py:188} INFO - [2026-01-02T18:18:47.972+0000] {dag.py:3047} INFO - Sync 1 DAGs
[2026-01-02T18:18:48.006+0000] {logging_mixin.py:188} INFO - [2026-01-02T18:18:48.005+0000] {dag.py:3834} INFO - Setting next_dagrun for prediction_dag to 2026-01-02 18:18:00+00:00, run_after=2026-01-02 18:20:00+00:00
[2026-01-02T18:18:48.022+0000] {processor.py:183} INFO - Processing /opt/airflow/dags/prediction_dag.py took 0.147 seconds
[2026-01-02T18:19:18.244+0000] {processor.py:161} INFO - Started process (PID=21348) to work on /opt/airflow/dags/prediction_dag.py
[2026-01-02T18:19:18.247+0000] {processor.py:830} INFO - Processing file /opt/airflow/dags/prediction_dag.py for tasks to queue
[2026-01-02T18:19:18.248+0000] {logging_mixin.py:188} INFO - [2026-01-02T18:19:18.248+0000] {dagbag.py:540} INFO - Filling up the DagBag from /opt/airflow/dags/prediction_dag.py
[2026-01-02T18:19:18.284+0000] {processor.py:840} INFO - DAG(s) 'prediction_dag' retrieved from /opt/airflow/dags/prediction_dag.py
[2026-01-02T18:19:18.340+0000] {logging_mixin.py:188} INFO - [2026-01-02T18:19:18.340+0000] {dag.py:3047} INFO - Sync 1 DAGs
[2026-01-02T18:19:18.393+0000] {logging_mixin.py:188} INFO - [2026-01-02T18:19:18.393+0000] {dag.py:3834} INFO - Setting next_dagrun for prediction_dag to 2026-01-02 18:18:00+00:00, run_after=2026-01-02 18:20:00+00:00
[2026-01-02T18:19:18.418+0000] {processor.py:183} INFO - Processing /opt/airflow/dags/prediction_dag.py took 0.189 seconds
[2026-01-02T18:19:48.786+0000] {processor.py:161} INFO - Started process (PID=21366) to work on /opt/airflow/dags/prediction_dag.py
[2026-01-02T18:19:48.788+0000] {processor.py:830} INFO - Processing file /opt/airflow/dags/prediction_dag.py for tasks to queue
[2026-01-02T18:19:48.789+0000] {logging_mixin.py:188} INFO - [2026-01-02T18:19:48.788+0000] {dagbag.py:540} INFO - Filling up the DagBag from /opt/airflow/dags/prediction_dag.py
[2026-01-02T18:19:48.827+0000] {processor.py:840} INFO - DAG(s) 'prediction_dag' retrieved from /opt/airflow/dags/prediction_dag.py
[2026-01-02T18:19:48.881+0000] {logging_mixin.py:188} INFO - [2026-01-02T18:19:48.881+0000] {dag.py:3047} INFO - Sync 1 DAGs
[2026-01-02T18:19:48.912+0000] {logging_mixin.py:188} INFO - [2026-01-02T18:19:48.912+0000] {dag.py:3834} INFO - Setting next_dagrun for prediction_dag to 2026-01-02 18:18:00+00:00, run_after=2026-01-02 18:20:00+00:00
[2026-01-02T18:19:48.928+0000] {processor.py:183} INFO - Processing /opt/airflow/dags/prediction_dag.py took 0.155 seconds
[2026-01-02T18:20:19.112+0000] {processor.py:161} INFO - Started process (PID=21449) to work on /opt/airflow/dags/prediction_dag.py
[2026-01-02T18:20:19.117+0000] {processor.py:830} INFO - Processing file /opt/airflow/dags/prediction_dag.py for tasks to queue
[2026-01-02T18:20:19.122+0000] {logging_mixin.py:188} INFO - [2026-01-02T18:20:19.119+0000] {dagbag.py:540} INFO - Filling up the DagBag from /opt/airflow/dags/prediction_dag.py
[2026-01-02T18:20:19.174+0000] {processor.py:840} INFO - DAG(s) 'prediction_dag' retrieved from /opt/airflow/dags/prediction_dag.py
[2026-01-02T18:20:19.238+0000] {logging_mixin.py:188} INFO - [2026-01-02T18:20:19.237+0000] {dag.py:3047} INFO - Sync 1 DAGs
[2026-01-02T18:20:19.284+0000] {logging_mixin.py:188} INFO - [2026-01-02T18:20:19.283+0000] {dag.py:3834} INFO - Setting next_dagrun for prediction_dag to 2026-01-02 18:20:00+00:00, run_after=2026-01-02 18:22:00+00:00
[2026-01-02T18:20:19.312+0000] {processor.py:183} INFO - Processing /opt/airflow/dags/prediction_dag.py took 0.221 seconds
[2026-01-02T18:20:49.700+0000] {processor.py:161} INFO - Started process (PID=21470) to work on /opt/airflow/dags/prediction_dag.py
[2026-01-02T18:20:49.702+0000] {processor.py:830} INFO - Processing file /opt/airflow/dags/prediction_dag.py for tasks to queue
[2026-01-02T18:20:49.703+0000] {logging_mixin.py:188} INFO - [2026-01-02T18:20:49.703+0000] {dagbag.py:540} INFO - Filling up the DagBag from /opt/airflow/dags/prediction_dag.py
[2026-01-02T18:20:49.750+0000] {processor.py:840} INFO - DAG(s) 'prediction_dag' retrieved from /opt/airflow/dags/prediction_dag.py
[2026-01-02T18:20:49.817+0000] {logging_mixin.py:188} INFO - [2026-01-02T18:20:49.816+0000] {dag.py:3047} INFO - Sync 1 DAGs
[2026-01-02T18:20:50.010+0000] {logging_mixin.py:188} INFO - [2026-01-02T18:20:50.008+0000] {dag.py:3834} INFO - Setting next_dagrun for prediction_dag to 2026-01-02 18:20:00+00:00, run_after=2026-01-02 18:22:00+00:00
[2026-01-02T18:20:50.048+0000] {processor.py:183} INFO - Processing /opt/airflow/dags/prediction_dag.py took 0.361 seconds
[2026-01-02T18:21:21.356+0000] {processor.py:161} INFO - Started process (PID=21547) to work on /opt/airflow/dags/prediction_dag.py
[2026-01-02T18:21:21.362+0000] {processor.py:830} INFO - Processing file /opt/airflow/dags/prediction_dag.py for tasks to queue
[2026-01-02T18:21:21.369+0000] {logging_mixin.py:188} INFO - [2026-01-02T18:21:21.367+0000] {dagbag.py:540} INFO - Filling up the DagBag from /opt/airflow/dags/prediction_dag.py
[2026-01-02T18:21:21.471+0000] {processor.py:840} INFO - DAG(s) 'prediction_dag' retrieved from /opt/airflow/dags/prediction_dag.py
[2026-01-02T18:21:21.679+0000] {logging_mixin.py:188} INFO - [2026-01-02T18:21:21.678+0000] {dag.py:3047} INFO - Sync 1 DAGs
[2026-01-02T18:21:21.733+0000] {logging_mixin.py:188} INFO - [2026-01-02T18:21:21.733+0000] {dag.py:3834} INFO - Setting next_dagrun for prediction_dag to 2026-01-02 18:20:00+00:00, run_after=2026-01-02 18:22:00+00:00
[2026-01-02T18:21:21.761+0000] {processor.py:183} INFO - Processing /opt/airflow/dags/prediction_dag.py took 0.442 seconds
[2026-01-02T18:21:51.964+0000] {processor.py:161} INFO - Started process (PID=21568) to work on /opt/airflow/dags/prediction_dag.py
[2026-01-02T18:21:51.967+0000] {processor.py:830} INFO - Processing file /opt/airflow/dags/prediction_dag.py for tasks to queue
[2026-01-02T18:21:51.969+0000] {logging_mixin.py:188} INFO - [2026-01-02T18:21:51.968+0000] {dagbag.py:540} INFO - Filling up the DagBag from /opt/airflow/dags/prediction_dag.py
[2026-01-02T18:21:52.004+0000] {processor.py:840} INFO - DAG(s) 'prediction_dag' retrieved from /opt/airflow/dags/prediction_dag.py
[2026-01-02T18:21:52.061+0000] {logging_mixin.py:188} INFO - [2026-01-02T18:21:52.061+0000] {dag.py:3047} INFO - Sync 1 DAGs
[2026-01-02T18:21:52.091+0000] {logging_mixin.py:188} INFO - [2026-01-02T18:21:52.091+0000] {dag.py:3834} INFO - Setting next_dagrun for prediction_dag to 2026-01-02 18:20:00+00:00, run_after=2026-01-02 18:22:00+00:00
[2026-01-02T18:21:52.106+0000] {processor.py:183} INFO - Processing /opt/airflow/dags/prediction_dag.py took 0.152 seconds
[2026-01-02T18:22:22.654+0000] {processor.py:161} INFO - Started process (PID=21654) to work on /opt/airflow/dags/prediction_dag.py
[2026-01-02T18:22:22.657+0000] {processor.py:830} INFO - Processing file /opt/airflow/dags/prediction_dag.py for tasks to queue
[2026-01-02T18:22:22.659+0000] {logging_mixin.py:188} INFO - [2026-01-02T18:22:22.658+0000] {dagbag.py:540} INFO - Filling up the DagBag from /opt/airflow/dags/prediction_dag.py
[2026-01-02T18:22:22.701+0000] {processor.py:840} INFO - DAG(s) 'prediction_dag' retrieved from /opt/airflow/dags/prediction_dag.py
[2026-01-02T18:22:22.743+0000] {logging_mixin.py:188} INFO - [2026-01-02T18:22:22.742+0000] {dag.py:3047} INFO - Sync 1 DAGs
[2026-01-02T18:22:22.768+0000] {logging_mixin.py:188} INFO - [2026-01-02T18:22:22.768+0000] {dag.py:3834} INFO - Setting next_dagrun for prediction_dag to 2026-01-02 18:22:00+00:00, run_after=2026-01-02 18:24:00+00:00
[2026-01-02T18:22:22.790+0000] {processor.py:183} INFO - Processing /opt/airflow/dags/prediction_dag.py took 0.146 seconds
[2026-01-02T18:22:52.950+0000] {processor.py:161} INFO - Started process (PID=21672) to work on /opt/airflow/dags/prediction_dag.py
[2026-01-02T18:22:52.955+0000] {processor.py:830} INFO - Processing file /opt/airflow/dags/prediction_dag.py for tasks to queue
[2026-01-02T18:22:52.957+0000] {logging_mixin.py:188} INFO - [2026-01-02T18:22:52.956+0000] {dagbag.py:540} INFO - Filling up the DagBag from /opt/airflow/dags/prediction_dag.py
[2026-01-02T18:22:52.990+0000] {processor.py:840} INFO - DAG(s) 'prediction_dag' retrieved from /opt/airflow/dags/prediction_dag.py
[2026-01-02T18:22:53.049+0000] {logging_mixin.py:188} INFO - [2026-01-02T18:22:53.048+0000] {dag.py:3047} INFO - Sync 1 DAGs
[2026-01-02T18:22:53.087+0000] {logging_mixin.py:188} INFO - [2026-01-02T18:22:53.087+0000] {dag.py:3834} INFO - Setting next_dagrun for prediction_dag to 2026-01-02 18:22:00+00:00, run_after=2026-01-02 18:24:00+00:00
[2026-01-02T18:22:53.110+0000] {processor.py:183} INFO - Processing /opt/airflow/dags/prediction_dag.py took 0.171 seconds
[2026-01-02T18:23:23.471+0000] {processor.py:161} INFO - Started process (PID=21752) to work on /opt/airflow/dags/prediction_dag.py
[2026-01-02T18:23:23.474+0000] {processor.py:830} INFO - Processing file /opt/airflow/dags/prediction_dag.py for tasks to queue
[2026-01-02T18:23:23.476+0000] {logging_mixin.py:188} INFO - [2026-01-02T18:23:23.475+0000] {dagbag.py:540} INFO - Filling up the DagBag from /opt/airflow/dags/prediction_dag.py
[2026-01-02T18:23:23.509+0000] {processor.py:840} INFO - DAG(s) 'prediction_dag' retrieved from /opt/airflow/dags/prediction_dag.py
[2026-01-02T18:23:23.580+0000] {logging_mixin.py:188} INFO - [2026-01-02T18:23:23.579+0000] {dag.py:3047} INFO - Sync 1 DAGs
[2026-01-02T18:23:23.609+0000] {logging_mixin.py:188} INFO - [2026-01-02T18:23:23.608+0000] {dag.py:3834} INFO - Setting next_dagrun for prediction_dag to 2026-01-02 18:22:00+00:00, run_after=2026-01-02 18:24:00+00:00
[2026-01-02T18:23:23.632+0000] {processor.py:183} INFO - Processing /opt/airflow/dags/prediction_dag.py took 0.172 seconds
[2026-01-02T18:23:54.268+0000] {processor.py:161} INFO - Started process (PID=21770) to work on /opt/airflow/dags/prediction_dag.py
[2026-01-02T18:23:54.270+0000] {processor.py:830} INFO - Processing file /opt/airflow/dags/prediction_dag.py for tasks to queue
[2026-01-02T18:23:54.272+0000] {logging_mixin.py:188} INFO - [2026-01-02T18:23:54.271+0000] {dagbag.py:540} INFO - Filling up the DagBag from /opt/airflow/dags/prediction_dag.py
[2026-01-02T18:23:54.299+0000] {processor.py:840} INFO - DAG(s) 'prediction_dag' retrieved from /opt/airflow/dags/prediction_dag.py
[2026-01-02T18:23:54.344+0000] {logging_mixin.py:188} INFO - [2026-01-02T18:23:54.343+0000] {dag.py:3047} INFO - Sync 1 DAGs
[2026-01-02T18:23:54.373+0000] {logging_mixin.py:188} INFO - [2026-01-02T18:23:54.373+0000] {dag.py:3834} INFO - Setting next_dagrun for prediction_dag to 2026-01-02 18:22:00+00:00, run_after=2026-01-02 18:24:00+00:00
[2026-01-02T18:23:54.387+0000] {processor.py:183} INFO - Processing /opt/airflow/dags/prediction_dag.py took 0.135 seconds
[2026-01-02T18:24:24.728+0000] {processor.py:161} INFO - Started process (PID=21856) to work on /opt/airflow/dags/prediction_dag.py
[2026-01-02T18:24:24.732+0000] {processor.py:830} INFO - Processing file /opt/airflow/dags/prediction_dag.py for tasks to queue
[2026-01-02T18:24:24.734+0000] {logging_mixin.py:188} INFO - [2026-01-02T18:24:24.733+0000] {dagbag.py:540} INFO - Filling up the DagBag from /opt/airflow/dags/prediction_dag.py
[2026-01-02T18:24:24.772+0000] {processor.py:840} INFO - DAG(s) 'prediction_dag' retrieved from /opt/airflow/dags/prediction_dag.py
[2026-01-02T18:24:24.824+0000] {logging_mixin.py:188} INFO - [2026-01-02T18:24:24.823+0000] {dag.py:3047} INFO - Sync 1 DAGs
[2026-01-02T18:24:24.855+0000] {logging_mixin.py:188} INFO - [2026-01-02T18:24:24.854+0000] {dag.py:3834} INFO - Setting next_dagrun for prediction_dag to 2026-01-02 18:24:00+00:00, run_after=2026-01-02 18:26:00+00:00
[2026-01-02T18:24:24.875+0000] {processor.py:183} INFO - Processing /opt/airflow/dags/prediction_dag.py took 0.164 seconds
[2026-01-02T18:24:55.214+0000] {processor.py:161} INFO - Started process (PID=21865) to work on /opt/airflow/dags/prediction_dag.py
[2026-01-02T18:24:55.217+0000] {processor.py:830} INFO - Processing file /opt/airflow/dags/prediction_dag.py for tasks to queue
[2026-01-02T18:24:55.219+0000] {logging_mixin.py:188} INFO - [2026-01-02T18:24:55.218+0000] {dagbag.py:540} INFO - Filling up the DagBag from /opt/airflow/dags/prediction_dag.py
[2026-01-02T18:24:55.238+0000] {processor.py:840} INFO - DAG(s) 'prediction_dag' retrieved from /opt/airflow/dags/prediction_dag.py
[2026-01-02T18:24:55.283+0000] {logging_mixin.py:188} INFO - [2026-01-02T18:24:55.283+0000] {dag.py:3047} INFO - Sync 1 DAGs
[2026-01-02T18:24:55.308+0000] {logging_mixin.py:188} INFO - [2026-01-02T18:24:55.308+0000] {dag.py:3834} INFO - Setting next_dagrun for prediction_dag to 2026-01-02 18:24:00+00:00, run_after=2026-01-02 18:26:00+00:00
[2026-01-02T18:24:55.325+0000] {processor.py:183} INFO - Processing /opt/airflow/dags/prediction_dag.py took 0.122 seconds
[2026-01-02T18:25:25.993+0000] {processor.py:161} INFO - Started process (PID=21941) to work on /opt/airflow/dags/prediction_dag.py
[2026-01-02T18:25:25.995+0000] {processor.py:830} INFO - Processing file /opt/airflow/dags/prediction_dag.py for tasks to queue
[2026-01-02T18:25:25.997+0000] {logging_mixin.py:188} INFO - [2026-01-02T18:25:25.996+0000] {dagbag.py:540} INFO - Filling up the DagBag from /opt/airflow/dags/prediction_dag.py
[2026-01-02T18:25:26.033+0000] {processor.py:840} INFO - DAG(s) 'prediction_dag' retrieved from /opt/airflow/dags/prediction_dag.py
[2026-01-02T18:25:26.087+0000] {logging_mixin.py:188} INFO - [2026-01-02T18:25:26.086+0000] {dag.py:3047} INFO - Sync 1 DAGs
[2026-01-02T18:25:26.118+0000] {logging_mixin.py:188} INFO - [2026-01-02T18:25:26.118+0000] {dag.py:3834} INFO - Setting next_dagrun for prediction_dag to 2026-01-02 18:24:00+00:00, run_after=2026-01-02 18:26:00+00:00
[2026-01-02T18:25:26.134+0000] {processor.py:183} INFO - Processing /opt/airflow/dags/prediction_dag.py took 0.152 seconds
[2026-01-02T18:25:56.369+0000] {processor.py:161} INFO - Started process (PID=21959) to work on /opt/airflow/dags/prediction_dag.py
[2026-01-02T18:25:56.371+0000] {processor.py:830} INFO - Processing file /opt/airflow/dags/prediction_dag.py for tasks to queue
[2026-01-02T18:25:56.373+0000] {logging_mixin.py:188} INFO - [2026-01-02T18:25:56.372+0000] {dagbag.py:540} INFO - Filling up the DagBag from /opt/airflow/dags/prediction_dag.py
[2026-01-02T18:25:56.403+0000] {processor.py:840} INFO - DAG(s) 'prediction_dag' retrieved from /opt/airflow/dags/prediction_dag.py
[2026-01-02T18:25:56.454+0000] {logging_mixin.py:188} INFO - [2026-01-02T18:25:56.453+0000] {dag.py:3047} INFO - Sync 1 DAGs
[2026-01-02T18:25:56.493+0000] {logging_mixin.py:188} INFO - [2026-01-02T18:25:56.492+0000] {dag.py:3834} INFO - Setting next_dagrun for prediction_dag to 2026-01-02 18:24:00+00:00, run_after=2026-01-02 18:26:00+00:00
[2026-01-02T18:25:56.506+0000] {processor.py:183} INFO - Processing /opt/airflow/dags/prediction_dag.py took 0.148 seconds
[2026-01-02T18:26:27.414+0000] {processor.py:161} INFO - Started process (PID=22045) to work on /opt/airflow/dags/prediction_dag.py
[2026-01-02T18:26:27.417+0000] {processor.py:830} INFO - Processing file /opt/airflow/dags/prediction_dag.py for tasks to queue
[2026-01-02T18:26:27.419+0000] {logging_mixin.py:188} INFO - [2026-01-02T18:26:27.418+0000] {dagbag.py:540} INFO - Filling up the DagBag from /opt/airflow/dags/prediction_dag.py
[2026-01-02T18:26:27.460+0000] {processor.py:840} INFO - DAG(s) 'prediction_dag' retrieved from /opt/airflow/dags/prediction_dag.py
[2026-01-02T18:26:27.510+0000] {logging_mixin.py:188} INFO - [2026-01-02T18:26:27.509+0000] {dag.py:3047} INFO - Sync 1 DAGs
[2026-01-02T18:26:27.539+0000] {logging_mixin.py:188} INFO - [2026-01-02T18:26:27.539+0000] {dag.py:3834} INFO - Setting next_dagrun for prediction_dag to 2026-01-02 18:26:00+00:00, run_after=2026-01-02 18:28:00+00:00
[2026-01-02T18:26:27.554+0000] {processor.py:183} INFO - Processing /opt/airflow/dags/prediction_dag.py took 0.154 seconds
[2026-01-02T18:26:57.782+0000] {processor.py:161} INFO - Started process (PID=22063) to work on /opt/airflow/dags/prediction_dag.py
[2026-01-02T18:26:57.785+0000] {processor.py:830} INFO - Processing file /opt/airflow/dags/prediction_dag.py for tasks to queue
[2026-01-02T18:26:57.787+0000] {logging_mixin.py:188} INFO - [2026-01-02T18:26:57.786+0000] {dagbag.py:540} INFO - Filling up the DagBag from /opt/airflow/dags/prediction_dag.py
[2026-01-02T18:26:57.816+0000] {processor.py:840} INFO - DAG(s) 'prediction_dag' retrieved from /opt/airflow/dags/prediction_dag.py
[2026-01-02T18:26:57.865+0000] {logging_mixin.py:188} INFO - [2026-01-02T18:26:57.865+0000] {dag.py:3047} INFO - Sync 1 DAGs
[2026-01-02T18:26:57.895+0000] {logging_mixin.py:188} INFO - [2026-01-02T18:26:57.895+0000] {dag.py:3834} INFO - Setting next_dagrun for prediction_dag to 2026-01-02 18:26:00+00:00, run_after=2026-01-02 18:28:00+00:00
[2026-01-02T18:26:57.909+0000] {processor.py:183} INFO - Processing /opt/airflow/dags/prediction_dag.py took 0.144 seconds
[2026-01-02T18:27:28.299+0000] {processor.py:161} INFO - Started process (PID=22143) to work on /opt/airflow/dags/prediction_dag.py
[2026-01-02T18:27:28.301+0000] {processor.py:830} INFO - Processing file /opt/airflow/dags/prediction_dag.py for tasks to queue
[2026-01-02T18:27:28.302+0000] {logging_mixin.py:188} INFO - [2026-01-02T18:27:28.301+0000] {dagbag.py:540} INFO - Filling up the DagBag from /opt/airflow/dags/prediction_dag.py
[2026-01-02T18:27:28.333+0000] {processor.py:840} INFO - DAG(s) 'prediction_dag' retrieved from /opt/airflow/dags/prediction_dag.py
[2026-01-02T18:27:28.379+0000] {logging_mixin.py:188} INFO - [2026-01-02T18:27:28.379+0000] {dag.py:3047} INFO - Sync 1 DAGs
[2026-01-02T18:27:28.411+0000] {logging_mixin.py:188} INFO - [2026-01-02T18:27:28.410+0000] {dag.py:3834} INFO - Setting next_dagrun for prediction_dag to 2026-01-02 18:26:00+00:00, run_after=2026-01-02 18:28:00+00:00
[2026-01-02T18:27:28.424+0000] {processor.py:183} INFO - Processing /opt/airflow/dags/prediction_dag.py took 0.134 seconds
[2026-01-02T18:27:58.792+0000] {processor.py:161} INFO - Started process (PID=22161) to work on /opt/airflow/dags/prediction_dag.py
[2026-01-02T18:27:58.794+0000] {processor.py:830} INFO - Processing file /opt/airflow/dags/prediction_dag.py for tasks to queue
[2026-01-02T18:27:58.796+0000] {logging_mixin.py:188} INFO - [2026-01-02T18:27:58.795+0000] {dagbag.py:540} INFO - Filling up the DagBag from /opt/airflow/dags/prediction_dag.py
[2026-01-02T18:27:58.826+0000] {processor.py:840} INFO - DAG(s) 'prediction_dag' retrieved from /opt/airflow/dags/prediction_dag.py
[2026-01-02T18:27:58.879+0000] {logging_mixin.py:188} INFO - [2026-01-02T18:27:58.879+0000] {dag.py:3047} INFO - Sync 1 DAGs
[2026-01-02T18:27:58.906+0000] {logging_mixin.py:188} INFO - [2026-01-02T18:27:58.906+0000] {dag.py:3834} INFO - Setting next_dagrun for prediction_dag to 2026-01-02 18:26:00+00:00, run_after=2026-01-02 18:28:00+00:00
[2026-01-02T18:27:58.919+0000] {processor.py:183} INFO - Processing /opt/airflow/dags/prediction_dag.py took 0.136 seconds
[2026-01-02T18:28:29.309+0000] {processor.py:161} INFO - Started process (PID=22247) to work on /opt/airflow/dags/prediction_dag.py
[2026-01-02T18:28:29.312+0000] {processor.py:830} INFO - Processing file /opt/airflow/dags/prediction_dag.py for tasks to queue
[2026-01-02T18:28:29.314+0000] {logging_mixin.py:188} INFO - [2026-01-02T18:28:29.313+0000] {dagbag.py:540} INFO - Filling up the DagBag from /opt/airflow/dags/prediction_dag.py
[2026-01-02T18:28:29.345+0000] {processor.py:840} INFO - DAG(s) 'prediction_dag' retrieved from /opt/airflow/dags/prediction_dag.py
[2026-01-02T18:28:29.412+0000] {logging_mixin.py:188} INFO - [2026-01-02T18:28:29.412+0000] {dag.py:3047} INFO - Sync 1 DAGs
[2026-01-02T18:28:29.447+0000] {logging_mixin.py:188} INFO - [2026-01-02T18:28:29.447+0000] {dag.py:3834} INFO - Setting next_dagrun for prediction_dag to 2026-01-02 18:28:00+00:00, run_after=2026-01-02 18:30:00+00:00
[2026-01-02T18:28:29.464+0000] {processor.py:183} INFO - Processing /opt/airflow/dags/prediction_dag.py took 0.170 seconds
[2026-01-02T18:28:59.855+0000] {processor.py:161} INFO - Started process (PID=22265) to work on /opt/airflow/dags/prediction_dag.py
[2026-01-02T18:28:59.858+0000] {processor.py:830} INFO - Processing file /opt/airflow/dags/prediction_dag.py for tasks to queue
[2026-01-02T18:28:59.859+0000] {logging_mixin.py:188} INFO - [2026-01-02T18:28:59.858+0000] {dagbag.py:540} INFO - Filling up the DagBag from /opt/airflow/dags/prediction_dag.py
[2026-01-02T18:28:59.891+0000] {processor.py:840} INFO - DAG(s) 'prediction_dag' retrieved from /opt/airflow/dags/prediction_dag.py
[2026-01-02T18:28:59.948+0000] {logging_mixin.py:188} INFO - [2026-01-02T18:28:59.948+0000] {dag.py:3047} INFO - Sync 1 DAGs
[2026-01-02T18:28:59.978+0000] {logging_mixin.py:188} INFO - [2026-01-02T18:28:59.978+0000] {dag.py:3834} INFO - Setting next_dagrun for prediction_dag to 2026-01-02 18:28:00+00:00, run_after=2026-01-02 18:30:00+00:00
[2026-01-02T18:28:59.994+0000] {processor.py:183} INFO - Processing /opt/airflow/dags/prediction_dag.py took 0.153 seconds
[2026-01-02T18:29:30.376+0000] {processor.py:161} INFO - Started process (PID=22345) to work on /opt/airflow/dags/prediction_dag.py
[2026-01-02T18:29:30.378+0000] {processor.py:830} INFO - Processing file /opt/airflow/dags/prediction_dag.py for tasks to queue
[2026-01-02T18:29:30.379+0000] {logging_mixin.py:188} INFO - [2026-01-02T18:29:30.379+0000] {dagbag.py:540} INFO - Filling up the DagBag from /opt/airflow/dags/prediction_dag.py
[2026-01-02T18:29:30.410+0000] {processor.py:840} INFO - DAG(s) 'prediction_dag' retrieved from /opt/airflow/dags/prediction_dag.py
[2026-01-02T18:29:30.474+0000] {logging_mixin.py:188} INFO - [2026-01-02T18:29:30.473+0000] {dag.py:3047} INFO - Sync 1 DAGs
[2026-01-02T18:29:30.579+0000] {logging_mixin.py:188} INFO - [2026-01-02T18:29:30.572+0000] {dag.py:3834} INFO - Setting next_dagrun for prediction_dag to 2026-01-02 18:28:00+00:00, run_after=2026-01-02 18:30:00+00:00
[2026-01-02T18:29:30.615+0000] {processor.py:183} INFO - Processing /opt/airflow/dags/prediction_dag.py took 0.247 seconds
[2026-01-02T18:30:00.922+0000] {processor.py:161} INFO - Started process (PID=22363) to work on /opt/airflow/dags/prediction_dag.py
[2026-01-02T18:30:00.926+0000] {processor.py:830} INFO - Processing file /opt/airflow/dags/prediction_dag.py for tasks to queue
[2026-01-02T18:30:00.928+0000] {logging_mixin.py:188} INFO - [2026-01-02T18:30:00.927+0000] {dagbag.py:540} INFO - Filling up the DagBag from /opt/airflow/dags/prediction_dag.py
[2026-01-02T18:30:00.988+0000] {processor.py:840} INFO - DAG(s) 'prediction_dag' retrieved from /opt/airflow/dags/prediction_dag.py
[2026-01-02T18:30:01.057+0000] {logging_mixin.py:188} INFO - [2026-01-02T18:30:01.057+0000] {dag.py:3047} INFO - Sync 1 DAGs
[2026-01-02T18:30:01.097+0000] {logging_mixin.py:188} INFO - [2026-01-02T18:30:01.096+0000] {dag.py:3834} INFO - Setting next_dagrun for prediction_dag to 2026-01-02 18:30:00+00:00, run_after=2026-01-02 18:32:00+00:00
[2026-01-02T18:30:01.116+0000] {processor.py:183} INFO - Processing /opt/airflow/dags/prediction_dag.py took 0.206 seconds
[2026-01-02T18:30:31.509+0000] {processor.py:161} INFO - Started process (PID=22449) to work on /opt/airflow/dags/prediction_dag.py
[2026-01-02T18:30:31.513+0000] {processor.py:830} INFO - Processing file /opt/airflow/dags/prediction_dag.py for tasks to queue
[2026-01-02T18:30:31.515+0000] {logging_mixin.py:188} INFO - [2026-01-02T18:30:31.514+0000] {dagbag.py:540} INFO - Filling up the DagBag from /opt/airflow/dags/prediction_dag.py
[2026-01-02T18:30:31.546+0000] {processor.py:840} INFO - DAG(s) 'prediction_dag' retrieved from /opt/airflow/dags/prediction_dag.py
[2026-01-02T18:30:31.601+0000] {logging_mixin.py:188} INFO - [2026-01-02T18:30:31.601+0000] {dag.py:3047} INFO - Sync 1 DAGs
[2026-01-02T18:30:31.637+0000] {logging_mixin.py:188} INFO - [2026-01-02T18:30:31.636+0000] {dag.py:3834} INFO - Setting next_dagrun for prediction_dag to 2026-01-02 18:30:00+00:00, run_after=2026-01-02 18:32:00+00:00
[2026-01-02T18:30:31.651+0000] {processor.py:183} INFO - Processing /opt/airflow/dags/prediction_dag.py took 0.155 seconds
[2026-01-02T18:31:01.755+0000] {processor.py:161} INFO - Started process (PID=22476) to work on /opt/airflow/dags/prediction_dag.py
[2026-01-02T18:31:01.759+0000] {processor.py:830} INFO - Processing file /opt/airflow/dags/prediction_dag.py for tasks to queue
[2026-01-02T18:31:01.762+0000] {logging_mixin.py:188} INFO - [2026-01-02T18:31:01.761+0000] {dagbag.py:540} INFO - Filling up the DagBag from /opt/airflow/dags/prediction_dag.py
[2026-01-02T18:31:01.778+0000] {processor.py:840} INFO - DAG(s) 'prediction_dag' retrieved from /opt/airflow/dags/prediction_dag.py
[2026-01-02T18:31:01.810+0000] {logging_mixin.py:188} INFO - [2026-01-02T18:31:01.810+0000] {dag.py:3047} INFO - Sync 1 DAGs
[2026-01-02T18:31:01.833+0000] {logging_mixin.py:188} INFO - [2026-01-02T18:31:01.833+0000] {dag.py:3834} INFO - Setting next_dagrun for prediction_dag to 2026-01-02 18:30:00+00:00, run_after=2026-01-02 18:32:00+00:00
[2026-01-02T18:31:01.844+0000] {processor.py:183} INFO - Processing /opt/airflow/dags/prediction_dag.py took 0.096 seconds
[2026-01-02T18:31:31.993+0000] {processor.py:161} INFO - Started process (PID=22547) to work on /opt/airflow/dags/prediction_dag.py
[2026-01-02T18:31:31.996+0000] {processor.py:830} INFO - Processing file /opt/airflow/dags/prediction_dag.py for tasks to queue
[2026-01-02T18:31:31.997+0000] {logging_mixin.py:188} INFO - [2026-01-02T18:31:31.997+0000] {dagbag.py:540} INFO - Filling up the DagBag from /opt/airflow/dags/prediction_dag.py
[2026-01-02T18:31:32.034+0000] {processor.py:840} INFO - DAG(s) 'prediction_dag' retrieved from /opt/airflow/dags/prediction_dag.py
[2026-01-02T18:31:32.083+0000] {logging_mixin.py:188} INFO - [2026-01-02T18:31:32.083+0000] {dag.py:3047} INFO - Sync 1 DAGs
[2026-01-02T18:31:32.117+0000] {logging_mixin.py:188} INFO - [2026-01-02T18:31:32.116+0000] {dag.py:3834} INFO - Setting next_dagrun for prediction_dag to 2026-01-02 18:30:00+00:00, run_after=2026-01-02 18:32:00+00:00
[2026-01-02T18:31:32.135+0000] {processor.py:183} INFO - Processing /opt/airflow/dags/prediction_dag.py took 0.151 seconds
[2026-01-02T18:32:02.298+0000] {processor.py:161} INFO - Started process (PID=22577) to work on /opt/airflow/dags/prediction_dag.py
[2026-01-02T18:32:02.302+0000] {processor.py:830} INFO - Processing file /opt/airflow/dags/prediction_dag.py for tasks to queue
[2026-01-02T18:32:02.305+0000] {logging_mixin.py:188} INFO - [2026-01-02T18:32:02.304+0000] {dagbag.py:540} INFO - Filling up the DagBag from /opt/airflow/dags/prediction_dag.py
[2026-01-02T18:32:02.346+0000] {processor.py:840} INFO - DAG(s) 'prediction_dag' retrieved from /opt/airflow/dags/prediction_dag.py
[2026-01-02T18:32:02.427+0000] {logging_mixin.py:188} INFO - [2026-01-02T18:32:02.427+0000] {dag.py:3047} INFO - Sync 1 DAGs
[2026-01-02T18:32:02.472+0000] {logging_mixin.py:188} INFO - [2026-01-02T18:32:02.472+0000] {dag.py:3834} INFO - Setting next_dagrun for prediction_dag to 2026-01-02 18:32:00+00:00, run_after=2026-01-02 18:34:00+00:00
[2026-01-02T18:32:02.502+0000] {processor.py:183} INFO - Processing /opt/airflow/dags/prediction_dag.py took 0.216 seconds
[2026-01-02T18:32:32.949+0000] {processor.py:161} INFO - Started process (PID=22651) to work on /opt/airflow/dags/prediction_dag.py
[2026-01-02T18:32:32.952+0000] {processor.py:830} INFO - Processing file /opt/airflow/dags/prediction_dag.py for tasks to queue
[2026-01-02T18:32:32.954+0000] {logging_mixin.py:188} INFO - [2026-01-02T18:32:32.953+0000] {dagbag.py:540} INFO - Filling up the DagBag from /opt/airflow/dags/prediction_dag.py
[2026-01-02T18:32:32.985+0000] {processor.py:840} INFO - DAG(s) 'prediction_dag' retrieved from /opt/airflow/dags/prediction_dag.py
[2026-01-02T18:32:33.030+0000] {logging_mixin.py:188} INFO - [2026-01-02T18:32:33.030+0000] {dag.py:3047} INFO - Sync 1 DAGs
[2026-01-02T18:32:33.052+0000] {logging_mixin.py:188} INFO - [2026-01-02T18:32:33.051+0000] {dag.py:3834} INFO - Setting next_dagrun for prediction_dag to 2026-01-02 18:32:00+00:00, run_after=2026-01-02 18:34:00+00:00
[2026-01-02T18:32:33.063+0000] {processor.py:183} INFO - Processing /opt/airflow/dags/prediction_dag.py took 0.123 seconds
[2026-01-02T18:33:03.398+0000] {processor.py:161} INFO - Started process (PID=22678) to work on /opt/airflow/dags/prediction_dag.py
[2026-01-02T18:33:03.400+0000] {processor.py:830} INFO - Processing file /opt/airflow/dags/prediction_dag.py for tasks to queue
[2026-01-02T18:33:03.402+0000] {logging_mixin.py:188} INFO - [2026-01-02T18:33:03.402+0000] {dagbag.py:540} INFO - Filling up the DagBag from /opt/airflow/dags/prediction_dag.py
[2026-01-02T18:33:03.421+0000] {processor.py:840} INFO - DAG(s) 'prediction_dag' retrieved from /opt/airflow/dags/prediction_dag.py
[2026-01-02T18:33:03.455+0000] {logging_mixin.py:188} INFO - [2026-01-02T18:33:03.455+0000] {dag.py:3047} INFO - Sync 1 DAGs
[2026-01-02T18:33:03.478+0000] {logging_mixin.py:188} INFO - [2026-01-02T18:33:03.478+0000] {dag.py:3834} INFO - Setting next_dagrun for prediction_dag to 2026-01-02 18:32:00+00:00, run_after=2026-01-02 18:34:00+00:00
[2026-01-02T18:33:03.495+0000] {processor.py:183} INFO - Processing /opt/airflow/dags/prediction_dag.py took 0.100 seconds
[2026-01-02T18:33:33.857+0000] {processor.py:161} INFO - Started process (PID=22736) to work on /opt/airflow/dags/prediction_dag.py
[2026-01-02T18:33:33.860+0000] {processor.py:830} INFO - Processing file /opt/airflow/dags/prediction_dag.py for tasks to queue
[2026-01-02T18:33:33.862+0000] {logging_mixin.py:188} INFO - [2026-01-02T18:33:33.861+0000] {dagbag.py:540} INFO - Filling up the DagBag from /opt/airflow/dags/prediction_dag.py
[2026-01-02T18:33:33.908+0000] {processor.py:840} INFO - DAG(s) 'prediction_dag' retrieved from /opt/airflow/dags/prediction_dag.py
[2026-01-02T18:33:33.957+0000] {logging_mixin.py:188} INFO - [2026-01-02T18:33:33.956+0000] {dag.py:3047} INFO - Sync 1 DAGs
[2026-01-02T18:33:33.988+0000] {logging_mixin.py:188} INFO - [2026-01-02T18:33:33.988+0000] {dag.py:3834} INFO - Setting next_dagrun for prediction_dag to 2026-01-02 18:32:00+00:00, run_after=2026-01-02 18:34:00+00:00
[2026-01-02T18:33:34.003+0000] {processor.py:183} INFO - Processing /opt/airflow/dags/prediction_dag.py took 0.166 seconds
[2026-01-02T18:34:04.356+0000] {processor.py:161} INFO - Started process (PID=22772) to work on /opt/airflow/dags/prediction_dag.py
[2026-01-02T18:34:04.357+0000] {processor.py:830} INFO - Processing file /opt/airflow/dags/prediction_dag.py for tasks to queue
[2026-01-02T18:34:04.358+0000] {logging_mixin.py:188} INFO - [2026-01-02T18:34:04.358+0000] {dagbag.py:540} INFO - Filling up the DagBag from /opt/airflow/dags/prediction_dag.py
[2026-01-02T18:34:04.376+0000] {processor.py:840} INFO - DAG(s) 'prediction_dag' retrieved from /opt/airflow/dags/prediction_dag.py
[2026-01-02T18:34:04.403+0000] {logging_mixin.py:188} INFO - [2026-01-02T18:34:04.403+0000] {dag.py:3047} INFO - Sync 1 DAGs
[2026-01-02T18:34:04.422+0000] {logging_mixin.py:188} INFO - [2026-01-02T18:34:04.422+0000] {dag.py:3834} INFO - Setting next_dagrun for prediction_dag to 2026-01-02 18:34:00+00:00, run_after=2026-01-02 18:36:00+00:00
[2026-01-02T18:34:04.440+0000] {processor.py:183} INFO - Processing /opt/airflow/dags/prediction_dag.py took 0.087 seconds
[2026-01-02T18:34:34.861+0000] {processor.py:161} INFO - Started process (PID=22840) to work on /opt/airflow/dags/prediction_dag.py
[2026-01-02T18:34:34.864+0000] {processor.py:830} INFO - Processing file /opt/airflow/dags/prediction_dag.py for tasks to queue
[2026-01-02T18:34:34.865+0000] {logging_mixin.py:188} INFO - [2026-01-02T18:34:34.865+0000] {dagbag.py:540} INFO - Filling up the DagBag from /opt/airflow/dags/prediction_dag.py
[2026-01-02T18:34:34.895+0000] {processor.py:840} INFO - DAG(s) 'prediction_dag' retrieved from /opt/airflow/dags/prediction_dag.py
[2026-01-02T18:34:34.946+0000] {logging_mixin.py:188} INFO - [2026-01-02T18:34:34.946+0000] {dag.py:3047} INFO - Sync 1 DAGs
[2026-01-02T18:34:34.973+0000] {logging_mixin.py:188} INFO - [2026-01-02T18:34:34.973+0000] {dag.py:3834} INFO - Setting next_dagrun for prediction_dag to 2026-01-02 18:34:00+00:00, run_after=2026-01-02 18:36:00+00:00
[2026-01-02T18:34:34.993+0000] {processor.py:183} INFO - Processing /opt/airflow/dags/prediction_dag.py took 0.144 seconds
[2026-01-02T18:35:05.336+0000] {processor.py:161} INFO - Started process (PID=22887) to work on /opt/airflow/dags/prediction_dag.py
[2026-01-02T18:35:05.338+0000] {processor.py:830} INFO - Processing file /opt/airflow/dags/prediction_dag.py for tasks to queue
[2026-01-02T18:35:05.340+0000] {logging_mixin.py:188} INFO - [2026-01-02T18:35:05.339+0000] {dagbag.py:540} INFO - Filling up the DagBag from /opt/airflow/dags/prediction_dag.py
[2026-01-02T18:35:05.368+0000] {processor.py:840} INFO - DAG(s) 'prediction_dag' retrieved from /opt/airflow/dags/prediction_dag.py
[2026-01-02T18:35:05.402+0000] {logging_mixin.py:188} INFO - [2026-01-02T18:35:05.401+0000] {dag.py:3047} INFO - Sync 1 DAGs
[2026-01-02T18:35:05.428+0000] {logging_mixin.py:188} INFO - [2026-01-02T18:35:05.428+0000] {dag.py:3834} INFO - Setting next_dagrun for prediction_dag to 2026-01-02 18:34:00+00:00, run_after=2026-01-02 18:36:00+00:00
[2026-01-02T18:35:05.441+0000] {processor.py:183} INFO - Processing /opt/airflow/dags/prediction_dag.py took 0.116 seconds
[2026-01-02T18:35:35.824+0000] {processor.py:161} INFO - Started process (PID=22938) to work on /opt/airflow/dags/prediction_dag.py
[2026-01-02T18:35:35.828+0000] {processor.py:830} INFO - Processing file /opt/airflow/dags/prediction_dag.py for tasks to queue
[2026-01-02T18:35:35.829+0000] {logging_mixin.py:188} INFO - [2026-01-02T18:35:35.829+0000] {dagbag.py:540} INFO - Filling up the DagBag from /opt/airflow/dags/prediction_dag.py
[2026-01-02T18:35:35.861+0000] {processor.py:840} INFO - DAG(s) 'prediction_dag' retrieved from /opt/airflow/dags/prediction_dag.py
[2026-01-02T18:35:35.915+0000] {logging_mixin.py:188} INFO - [2026-01-02T18:35:35.914+0000] {dag.py:3047} INFO - Sync 1 DAGs
[2026-01-02T18:35:35.939+0000] {logging_mixin.py:188} INFO - [2026-01-02T18:35:35.939+0000] {dag.py:3834} INFO - Setting next_dagrun for prediction_dag to 2026-01-02 18:34:00+00:00, run_after=2026-01-02 18:36:00+00:00
[2026-01-02T18:35:35.957+0000] {processor.py:183} INFO - Processing /opt/airflow/dags/prediction_dag.py took 0.151 seconds
[2026-01-02T18:36:06.335+0000] {processor.py:161} INFO - Started process (PID=22992) to work on /opt/airflow/dags/prediction_dag.py
[2026-01-02T18:36:06.337+0000] {processor.py:830} INFO - Processing file /opt/airflow/dags/prediction_dag.py for tasks to queue
[2026-01-02T18:36:06.338+0000] {logging_mixin.py:188} INFO - [2026-01-02T18:36:06.337+0000] {dagbag.py:540} INFO - Filling up the DagBag from /opt/airflow/dags/prediction_dag.py
[2026-01-02T18:36:06.365+0000] {processor.py:840} INFO - DAG(s) 'prediction_dag' retrieved from /opt/airflow/dags/prediction_dag.py
[2026-01-02T18:36:06.399+0000] {logging_mixin.py:188} INFO - [2026-01-02T18:36:06.399+0000] {dag.py:3047} INFO - Sync 1 DAGs
[2026-01-02T18:36:06.420+0000] {logging_mixin.py:188} INFO - [2026-01-02T18:36:06.420+0000] {dag.py:3834} INFO - Setting next_dagrun for prediction_dag to 2026-01-02 18:36:00+00:00, run_after=2026-01-02 18:38:00+00:00
[2026-01-02T18:36:06.435+0000] {processor.py:183} INFO - Processing /opt/airflow/dags/prediction_dag.py took 0.104 seconds
[2026-01-02T18:36:36.668+0000] {processor.py:161} INFO - Started process (PID=23042) to work on /opt/airflow/dags/prediction_dag.py
[2026-01-02T18:36:36.672+0000] {processor.py:830} INFO - Processing file /opt/airflow/dags/prediction_dag.py for tasks to queue
[2026-01-02T18:36:36.673+0000] {logging_mixin.py:188} INFO - [2026-01-02T18:36:36.672+0000] {dagbag.py:540} INFO - Filling up the DagBag from /opt/airflow/dags/prediction_dag.py
[2026-01-02T18:36:36.711+0000] {processor.py:840} INFO - DAG(s) 'prediction_dag' retrieved from /opt/airflow/dags/prediction_dag.py
[2026-01-02T18:36:36.761+0000] {logging_mixin.py:188} INFO - [2026-01-02T18:36:36.761+0000] {dag.py:3047} INFO - Sync 1 DAGs
[2026-01-02T18:36:36.791+0000] {logging_mixin.py:188} INFO - [2026-01-02T18:36:36.791+0000] {dag.py:3834} INFO - Setting next_dagrun for prediction_dag to 2026-01-02 18:36:00+00:00, run_after=2026-01-02 18:38:00+00:00
[2026-01-02T18:36:36.806+0000] {processor.py:183} INFO - Processing /opt/airflow/dags/prediction_dag.py took 0.148 seconds
[2026-01-02T18:37:06.906+0000] {processor.py:161} INFO - Started process (PID=23095) to work on /opt/airflow/dags/prediction_dag.py
[2026-01-02T18:37:06.908+0000] {processor.py:830} INFO - Processing file /opt/airflow/dags/prediction_dag.py for tasks to queue
[2026-01-02T18:37:06.911+0000] {logging_mixin.py:188} INFO - [2026-01-02T18:37:06.910+0000] {dagbag.py:540} INFO - Filling up the DagBag from /opt/airflow/dags/prediction_dag.py
[2026-01-02T18:37:06.934+0000] {processor.py:840} INFO - DAG(s) 'prediction_dag' retrieved from /opt/airflow/dags/prediction_dag.py
[2026-01-02T18:37:06.973+0000] {logging_mixin.py:188} INFO - [2026-01-02T18:37:06.973+0000] {dag.py:3047} INFO - Sync 1 DAGs
[2026-01-02T18:37:06.998+0000] {logging_mixin.py:188} INFO - [2026-01-02T18:37:06.998+0000] {dag.py:3834} INFO - Setting next_dagrun for prediction_dag to 2026-01-02 18:36:00+00:00, run_after=2026-01-02 18:38:00+00:00
[2026-01-02T18:37:07.015+0000] {processor.py:183} INFO - Processing /opt/airflow/dags/prediction_dag.py took 0.114 seconds
[2026-01-02T18:37:37.443+0000] {processor.py:161} INFO - Started process (PID=23140) to work on /opt/airflow/dags/prediction_dag.py
[2026-01-02T18:37:37.446+0000] {processor.py:830} INFO - Processing file /opt/airflow/dags/prediction_dag.py for tasks to queue
[2026-01-02T18:37:37.447+0000] {logging_mixin.py:188} INFO - [2026-01-02T18:37:37.446+0000] {dagbag.py:540} INFO - Filling up the DagBag from /opt/airflow/dags/prediction_dag.py
[2026-01-02T18:37:37.484+0000] {processor.py:840} INFO - DAG(s) 'prediction_dag' retrieved from /opt/airflow/dags/prediction_dag.py
[2026-01-02T18:37:37.539+0000] {logging_mixin.py:188} INFO - [2026-01-02T18:37:37.539+0000] {dag.py:3047} INFO - Sync 1 DAGs
[2026-01-02T18:37:37.570+0000] {logging_mixin.py:188} INFO - [2026-01-02T18:37:37.570+0000] {dag.py:3834} INFO - Setting next_dagrun for prediction_dag to 2026-01-02 18:36:00+00:00, run_after=2026-01-02 18:38:00+00:00
[2026-01-02T18:37:37.585+0000] {processor.py:183} INFO - Processing /opt/airflow/dags/prediction_dag.py took 0.154 seconds
[2026-01-02T18:38:07.877+0000] {processor.py:161} INFO - Started process (PID=23202) to work on /opt/airflow/dags/prediction_dag.py
[2026-01-02T18:38:07.880+0000] {processor.py:830} INFO - Processing file /opt/airflow/dags/prediction_dag.py for tasks to queue
[2026-01-02T18:38:07.881+0000] {logging_mixin.py:188} INFO - [2026-01-02T18:38:07.881+0000] {dagbag.py:540} INFO - Filling up the DagBag from /opt/airflow/dags/prediction_dag.py
[2026-01-02T18:38:07.910+0000] {processor.py:840} INFO - DAG(s) 'prediction_dag' retrieved from /opt/airflow/dags/prediction_dag.py
[2026-01-02T18:38:07.969+0000] {logging_mixin.py:188} INFO - [2026-01-02T18:38:07.969+0000] {dag.py:3047} INFO - Sync 1 DAGs
[2026-01-02T18:38:08.002+0000] {logging_mixin.py:188} INFO - [2026-01-02T18:38:08.002+0000] {dag.py:3834} INFO - Setting next_dagrun for prediction_dag to 2026-01-02 18:38:00+00:00, run_after=2026-01-02 18:40:00+00:00
[2026-01-02T18:38:08.019+0000] {processor.py:183} INFO - Processing /opt/airflow/dags/prediction_dag.py took 0.151 seconds
[2026-01-02T18:38:38.378+0000] {processor.py:161} INFO - Started process (PID=23244) to work on /opt/airflow/dags/prediction_dag.py
[2026-01-02T18:38:38.381+0000] {processor.py:830} INFO - Processing file /opt/airflow/dags/prediction_dag.py for tasks to queue
[2026-01-02T18:38:38.387+0000] {logging_mixin.py:188} INFO - [2026-01-02T18:38:38.385+0000] {dagbag.py:540} INFO - Filling up the DagBag from /opt/airflow/dags/prediction_dag.py
[2026-01-02T18:38:38.427+0000] {processor.py:840} INFO - DAG(s) 'prediction_dag' retrieved from /opt/airflow/dags/prediction_dag.py
[2026-01-02T18:38:38.477+0000] {logging_mixin.py:188} INFO - [2026-01-02T18:38:38.477+0000] {dag.py:3047} INFO - Sync 1 DAGs
[2026-01-02T18:38:38.510+0000] {logging_mixin.py:188} INFO - [2026-01-02T18:38:38.510+0000] {dag.py:3834} INFO - Setting next_dagrun for prediction_dag to 2026-01-02 18:38:00+00:00, run_after=2026-01-02 18:40:00+00:00
[2026-01-02T18:38:38.525+0000] {processor.py:183} INFO - Processing /opt/airflow/dags/prediction_dag.py took 0.155 seconds
[2026-01-02T18:39:08.864+0000] {processor.py:161} INFO - Started process (PID=23321) to work on /opt/airflow/dags/prediction_dag.py
[2026-01-02T18:39:08.867+0000] {processor.py:830} INFO - Processing file /opt/airflow/dags/prediction_dag.py for tasks to queue
[2026-01-02T18:39:08.868+0000] {logging_mixin.py:188} INFO - [2026-01-02T18:39:08.867+0000] {dagbag.py:540} INFO - Filling up the DagBag from /opt/airflow/dags/prediction_dag.py
[2026-01-02T18:39:08.904+0000] {processor.py:840} INFO - DAG(s) 'prediction_dag' retrieved from /opt/airflow/dags/prediction_dag.py
[2026-01-02T18:39:08.956+0000] {logging_mixin.py:188} INFO - [2026-01-02T18:39:08.955+0000] {dag.py:3047} INFO - Sync 1 DAGs
[2026-01-02T18:39:08.990+0000] {logging_mixin.py:188} INFO - [2026-01-02T18:39:08.990+0000] {dag.py:3834} INFO - Setting next_dagrun for prediction_dag to 2026-01-02 18:38:00+00:00, run_after=2026-01-02 18:40:00+00:00
[2026-01-02T18:39:09.008+0000] {processor.py:183} INFO - Processing /opt/airflow/dags/prediction_dag.py took 0.150 seconds
[2026-01-02T18:39:39.491+0000] {processor.py:161} INFO - Started process (PID=23342) to work on /opt/airflow/dags/prediction_dag.py
[2026-01-02T18:39:39.494+0000] {processor.py:830} INFO - Processing file /opt/airflow/dags/prediction_dag.py for tasks to queue
[2026-01-02T18:39:39.496+0000] {logging_mixin.py:188} INFO - [2026-01-02T18:39:39.495+0000] {dagbag.py:540} INFO - Filling up the DagBag from /opt/airflow/dags/prediction_dag.py
[2026-01-02T18:39:39.559+0000] {processor.py:840} INFO - DAG(s) 'prediction_dag' retrieved from /opt/airflow/dags/prediction_dag.py
[2026-01-02T18:39:39.650+0000] {logging_mixin.py:188} INFO - [2026-01-02T18:39:39.650+0000] {dag.py:3047} INFO - Sync 1 DAGs
[2026-01-02T18:39:39.692+0000] {logging_mixin.py:188} INFO - [2026-01-02T18:39:39.692+0000] {dag.py:3834} INFO - Setting next_dagrun for prediction_dag to 2026-01-02 18:38:00+00:00, run_after=2026-01-02 18:40:00+00:00
[2026-01-02T18:39:39.715+0000] {processor.py:183} INFO - Processing /opt/airflow/dags/prediction_dag.py took 0.247 seconds
[2026-01-02T18:40:10.235+0000] {processor.py:161} INFO - Started process (PID=23385) to work on /opt/airflow/dags/prediction_dag.py
[2026-01-02T18:40:10.237+0000] {processor.py:830} INFO - Processing file /opt/airflow/dags/prediction_dag.py for tasks to queue
[2026-01-02T18:40:10.238+0000] {logging_mixin.py:188} INFO - [2026-01-02T18:40:10.238+0000] {dagbag.py:540} INFO - Filling up the DagBag from /opt/airflow/dags/prediction_dag.py
[2026-01-02T18:40:10.269+0000] {processor.py:840} INFO - DAG(s) 'prediction_dag' retrieved from /opt/airflow/dags/prediction_dag.py
[2026-01-02T18:40:10.322+0000] {logging_mixin.py:188} INFO - [2026-01-02T18:40:10.322+0000] {dag.py:3047} INFO - Sync 1 DAGs
[2026-01-02T18:40:10.354+0000] {logging_mixin.py:188} INFO - [2026-01-02T18:40:10.354+0000] {dag.py:3834} INFO - Setting next_dagrun for prediction_dag to 2026-01-02 18:40:00+00:00, run_after=2026-01-02 18:42:00+00:00
[2026-01-02T18:40:10.371+0000] {processor.py:183} INFO - Processing /opt/airflow/dags/prediction_dag.py took 0.146 seconds
[2026-01-02T19:24:56.741+0000] {processor.py:161} INFO - Started process (PID=23438) to work on /opt/airflow/dags/prediction_dag.py
[2026-01-02T19:24:56.747+0000] {processor.py:830} INFO - Processing file /opt/airflow/dags/prediction_dag.py for tasks to queue
[2026-01-02T19:24:56.751+0000] {logging_mixin.py:188} INFO - [2026-01-02T19:24:56.750+0000] {dagbag.py:540} INFO - Filling up the DagBag from /opt/airflow/dags/prediction_dag.py
[2026-01-02T19:24:56.866+0000] {processor.py:840} INFO - DAG(s) 'prediction_dag' retrieved from /opt/airflow/dags/prediction_dag.py
[2026-01-02T19:24:57.033+0000] {logging_mixin.py:188} INFO - [2026-01-02T19:24:57.031+0000] {dag.py:3047} INFO - Sync 1 DAGs
[2026-01-02T19:24:57.189+0000] {logging_mixin.py:188} INFO - [2026-01-02T19:24:57.188+0000] {dag.py:3834} INFO - Setting next_dagrun for prediction_dag to 2026-01-02 19:24:00+00:00, run_after=2026-01-02 19:26:00+00:00
[2026-01-02T19:24:57.242+0000] {processor.py:183} INFO - Processing /opt/airflow/dags/prediction_dag.py took 0.521 seconds
[2026-01-02T20:14:30.777+0000] {processor.py:161} INFO - Started process (PID=23548) to work on /opt/airflow/dags/prediction_dag.py
[2026-01-02T20:14:30.782+0000] {processor.py:830} INFO - Processing file /opt/airflow/dags/prediction_dag.py for tasks to queue
[2026-01-02T20:14:30.785+0000] {logging_mixin.py:188} INFO - [2026-01-02T20:14:30.784+0000] {dagbag.py:540} INFO - Filling up the DagBag from /opt/airflow/dags/prediction_dag.py
[2026-01-02T20:14:30.883+0000] {processor.py:840} INFO - DAG(s) 'prediction_dag' retrieved from /opt/airflow/dags/prediction_dag.py
[2026-01-02T20:14:31.270+0000] {logging_mixin.py:188} INFO - [2026-01-02T20:14:31.269+0000] {taskinstance.py:2733} ERROR - {'DAG Id': 'prediction_dag', 'Task Id': 'cleanup_files', 'Run Id': 'scheduled__2026-01-02T19:22:00+00:00', 'Hostname': '8fa1ffc51a9f'}
[2026-01-02T20:14:31.574+0000] {logging_mixin.py:188} INFO - [2026-01-02T20:14:31.571+0000] {taskinstance.py:1149} INFO - Marking task as FAILED. dag_id=prediction_dag, task_id=cleanup_files, execution_date=20260102T192200, start_date=20260102T192522, end_date=20260102T201431
[2026-01-02T20:14:31.750+0000] {processor.py:791} INFO - Executed failure callback for <TaskInstance: prediction_dag.cleanup_files scheduled__2026-01-02T19:22:00+00:00 [failed]> in state failed
[2026-01-02T20:14:32.138+0000] {logging_mixin.py:188} INFO - [2026-01-02T20:14:32.135+0000] {dag.py:3047} INFO - Sync 1 DAGs
[2026-01-02T20:14:32.283+0000] {logging_mixin.py:188} INFO - [2026-01-02T20:14:32.281+0000] {dag.py:3834} INFO - Setting next_dagrun for prediction_dag to 2026-01-02 20:12:00+00:00, run_after=2026-01-02 20:14:00+00:00
[2026-01-02T20:14:32.429+0000] {processor.py:183} INFO - Processing /opt/airflow/dags/prediction_dag.py took 1.677 seconds
[2026-01-02T21:03:48.390+0000] {processor.py:161} INFO - Started process (PID=23620) to work on /opt/airflow/dags/prediction_dag.py
[2026-01-02T21:03:48.406+0000] {processor.py:830} INFO - Processing file /opt/airflow/dags/prediction_dag.py for tasks to queue
[2026-01-02T21:03:48.420+0000] {logging_mixin.py:188} INFO - [2026-01-02T21:03:48.419+0000] {dagbag.py:540} INFO - Filling up the DagBag from /opt/airflow/dags/prediction_dag.py
[2026-01-02T21:03:49.148+0000] {processor.py:840} INFO - DAG(s) 'prediction_dag' retrieved from /opt/airflow/dags/prediction_dag.py
[2026-01-02T21:03:53.007+0000] {logging_mixin.py:188} INFO - [2026-01-02T21:03:52.889+0000] {dag.py:3047} INFO - Sync 1 DAGs
[2026-01-02T21:03:54.052+0000] {logging_mixin.py:188} INFO - [2026-01-02T21:03:54.042+0000] {dag.py:3834} INFO - Setting next_dagrun for prediction_dag to 2026-01-02 21:02:00+00:00, run_after=2026-01-02 21:04:00+00:00
[2026-01-02T21:03:55.219+0000] {processor.py:183} INFO - Processing /opt/airflow/dags/prediction_dag.py took 6.938 seconds
[2026-01-02T22:16:13.239+0000] {processor.py:161} INFO - Started process (PID=23679) to work on /opt/airflow/dags/prediction_dag.py
[2026-01-02T22:16:13.260+0000] {processor.py:830} INFO - Processing file /opt/airflow/dags/prediction_dag.py for tasks to queue
[2026-01-02T22:16:13.275+0000] {logging_mixin.py:188} INFO - [2026-01-02T22:16:13.268+0000] {dagbag.py:540} INFO - Filling up the DagBag from /opt/airflow/dags/prediction_dag.py
[2026-01-02T22:16:14.016+0000] {processor.py:840} INFO - DAG(s) 'prediction_dag' retrieved from /opt/airflow/dags/prediction_dag.py
[2026-01-02T22:16:17.561+0000] {logging_mixin.py:188} INFO - [2026-01-02T22:16:17.355+0000] {dag.py:3047} INFO - Sync 1 DAGs
[2026-01-02T22:16:18.379+0000] {logging_mixin.py:188} INFO - [2026-01-02T22:16:18.378+0000] {dag.py:3834} INFO - Setting next_dagrun for prediction_dag to 2026-01-02 22:14:00+00:00, run_after=2026-01-02 22:16:00+00:00
[2026-01-02T22:16:18.817+0000] {processor.py:183} INFO - Processing /opt/airflow/dags/prediction_dag.py took 5.670 seconds
[2026-01-02T23:17:51.593+0000] {processor.py:161} INFO - Started process (PID=23693) to work on /opt/airflow/dags/prediction_dag.py
[2026-01-02T23:17:51.595+0000] {processor.py:830} INFO - Processing file /opt/airflow/dags/prediction_dag.py for tasks to queue
[2026-01-02T23:17:51.597+0000] {logging_mixin.py:188} INFO - [2026-01-02T23:17:51.596+0000] {dagbag.py:540} INFO - Filling up the DagBag from /opt/airflow/dags/prediction_dag.py
[2026-01-02T23:17:51.952+0000] {processor.py:840} INFO - DAG(s) 'prediction_dag' retrieved from /opt/airflow/dags/prediction_dag.py
[2026-01-02T23:17:52.231+0000] {logging_mixin.py:188} INFO - [2026-01-02T23:17:52.229+0000] {dag.py:3047} INFO - Sync 1 DAGs
[2026-01-02T23:17:52.388+0000] {logging_mixin.py:188} INFO - [2026-01-02T23:17:52.385+0000] {dag.py:3834} INFO - Setting next_dagrun for prediction_dag to 2026-01-02 23:16:00+00:00, run_after=2026-01-02 23:18:00+00:00
[2026-01-02T23:17:52.467+0000] {processor.py:183} INFO - Processing /opt/airflow/dags/prediction_dag.py took 0.887 seconds
