[2026-01-08T00:06:19.303+0000] {processor.py:161} INFO - Started process (PID=2061) to work on /opt/airflow/dags/prediction_dag.py
[2026-01-08T00:06:19.306+0000] {processor.py:830} INFO - Processing file /opt/airflow/dags/prediction_dag.py for tasks to queue
[2026-01-08T00:06:19.310+0000] {logging_mixin.py:188} INFO - [2026-01-08T00:06:19.309+0000] {dagbag.py:540} INFO - Filling up the DagBag from /opt/airflow/dags/prediction_dag.py
[2026-01-08T00:06:19.595+0000] {processor.py:840} INFO - DAG(s) 'prediction_dag' retrieved from /opt/airflow/dags/prediction_dag.py
[2026-01-08T00:06:20.884+0000] {logging_mixin.py:188} INFO - [2026-01-08T00:06:20.883+0000] {dag.py:3047} INFO - Sync 1 DAGs
[2026-01-08T00:06:20.979+0000] {logging_mixin.py:188} INFO - [2026-01-08T00:06:20.979+0000] {dag.py:3834} INFO - Setting next_dagrun for prediction_dag to 2026-01-08 00:06:00+00:00, run_after=2026-01-08 00:08:00+00:00
[2026-01-08T00:06:21.048+0000] {processor.py:183} INFO - Processing /opt/airflow/dags/prediction_dag.py took 1.764 seconds
[2026-01-08T01:17:16.139+0000] {processor.py:161} INFO - Started process (PID=2204) to work on /opt/airflow/dags/prediction_dag.py
[2026-01-08T01:17:16.149+0000] {processor.py:830} INFO - Processing file /opt/airflow/dags/prediction_dag.py for tasks to queue
[2026-01-08T01:17:16.155+0000] {logging_mixin.py:188} INFO - [2026-01-08T01:17:16.151+0000] {dagbag.py:540} INFO - Filling up the DagBag from /opt/airflow/dags/prediction_dag.py
[2026-01-08T01:17:16.289+0000] {processor.py:840} INFO - DAG(s) 'prediction_dag' retrieved from /opt/airflow/dags/prediction_dag.py
[2026-01-08T01:17:16.494+0000] {logging_mixin.py:188} INFO - [2026-01-08T01:17:16.493+0000] {dag.py:3047} INFO - Sync 1 DAGs
[2026-01-08T01:17:16.682+0000] {logging_mixin.py:188} INFO - [2026-01-08T01:17:16.680+0000] {dag.py:3834} INFO - Setting next_dagrun for prediction_dag to 2026-01-08 01:16:00+00:00, run_after=2026-01-08 01:18:00+00:00
[2026-01-08T01:17:16.779+0000] {processor.py:183} INFO - Processing /opt/airflow/dags/prediction_dag.py took 0.659 seconds
[2026-01-08T02:40:20.048+0000] {processor.py:161} INFO - Started process (PID=2303) to work on /opt/airflow/dags/prediction_dag.py
[2026-01-08T02:40:20.051+0000] {processor.py:830} INFO - Processing file /opt/airflow/dags/prediction_dag.py for tasks to queue
[2026-01-08T02:40:20.059+0000] {logging_mixin.py:188} INFO - [2026-01-08T02:40:20.058+0000] {dagbag.py:540} INFO - Filling up the DagBag from /opt/airflow/dags/prediction_dag.py
[2026-01-08T02:40:20.200+0000] {processor.py:840} INFO - DAG(s) 'prediction_dag' retrieved from /opt/airflow/dags/prediction_dag.py
[2026-01-08T02:40:20.663+0000] {logging_mixin.py:188} INFO - [2026-01-08T02:40:20.662+0000] {dag.py:3047} INFO - Sync 1 DAGs
[2026-01-08T02:40:21.009+0000] {logging_mixin.py:188} INFO - [2026-01-08T02:40:21.009+0000] {dag.py:3834} INFO - Setting next_dagrun for prediction_dag to 2026-01-08 02:40:00+00:00, run_after=2026-01-08 02:42:00+00:00
[2026-01-08T02:40:21.093+0000] {processor.py:183} INFO - Processing /opt/airflow/dags/prediction_dag.py took 1.099 seconds
[2026-01-08T03:12:06.082+0000] {processor.py:161} INFO - Started process (PID=2454) to work on /opt/airflow/dags/prediction_dag.py
[2026-01-08T03:12:06.092+0000] {processor.py:830} INFO - Processing file /opt/airflow/dags/prediction_dag.py for tasks to queue
[2026-01-08T03:12:06.098+0000] {logging_mixin.py:188} INFO - [2026-01-08T03:12:06.097+0000] {dagbag.py:540} INFO - Filling up the DagBag from /opt/airflow/dags/prediction_dag.py
[2026-01-08T03:12:06.453+0000] {processor.py:840} INFO - DAG(s) 'prediction_dag' retrieved from /opt/airflow/dags/prediction_dag.py
[2026-01-08T03:12:07.371+0000] {logging_mixin.py:188} INFO - [2026-01-08T03:12:07.362+0000] {dag.py:3047} INFO - Sync 1 DAGs
[2026-01-08T03:12:07.581+0000] {logging_mixin.py:188} INFO - [2026-01-08T03:12:07.581+0000] {dag.py:3834} INFO - Setting next_dagrun for prediction_dag to 2026-01-08 03:12:00+00:00, run_after=2026-01-08 03:14:00+00:00
[2026-01-08T03:12:07.717+0000] {processor.py:183} INFO - Processing /opt/airflow/dags/prediction_dag.py took 1.681 seconds
[2026-01-08T03:47:39.356+0000] {processor.py:161} INFO - Started process (PID=2582) to work on /opt/airflow/dags/prediction_dag.py
[2026-01-08T03:47:39.358+0000] {processor.py:830} INFO - Processing file /opt/airflow/dags/prediction_dag.py for tasks to queue
[2026-01-08T03:47:39.360+0000] {logging_mixin.py:188} INFO - [2026-01-08T03:47:39.360+0000] {dagbag.py:540} INFO - Filling up the DagBag from /opt/airflow/dags/prediction_dag.py
[2026-01-08T03:47:39.464+0000] {processor.py:840} INFO - DAG(s) 'prediction_dag' retrieved from /opt/airflow/dags/prediction_dag.py
[2026-01-08T03:47:39.658+0000] {logging_mixin.py:188} INFO - [2026-01-08T03:47:39.656+0000] {dag.py:3047} INFO - Sync 1 DAGs
[2026-01-08T03:47:40.032+0000] {logging_mixin.py:188} INFO - [2026-01-08T03:47:40.031+0000] {dag.py:3834} INFO - Setting next_dagrun for prediction_dag to 2026-01-08 03:46:00+00:00, run_after=2026-01-08 03:48:00+00:00
[2026-01-08T03:47:40.169+0000] {processor.py:183} INFO - Processing /opt/airflow/dags/prediction_dag.py took 0.822 seconds
[2026-01-08T04:22:47.768+0000] {processor.py:161} INFO - Started process (PID=2746) to work on /opt/airflow/dags/prediction_dag.py
[2026-01-08T04:22:47.781+0000] {processor.py:830} INFO - Processing file /opt/airflow/dags/prediction_dag.py for tasks to queue
[2026-01-08T04:22:47.792+0000] {logging_mixin.py:188} INFO - [2026-01-08T04:22:47.789+0000] {dagbag.py:540} INFO - Filling up the DagBag from /opt/airflow/dags/prediction_dag.py
[2026-01-08T04:22:48.542+0000] {processor.py:840} INFO - DAG(s) 'prediction_dag' retrieved from /opt/airflow/dags/prediction_dag.py
[2026-01-08T04:22:49.496+0000] {logging_mixin.py:188} INFO - [2026-01-08T04:22:49.491+0000] {dag.py:3047} INFO - Sync 1 DAGs
[2026-01-08T04:22:50.177+0000] {logging_mixin.py:188} INFO - [2026-01-08T04:22:50.170+0000] {dag.py:3834} INFO - Setting next_dagrun for prediction_dag to 2026-01-08 04:22:00+00:00, run_after=2026-01-08 04:24:00+00:00
[2026-01-08T04:22:50.508+0000] {processor.py:183} INFO - Processing /opt/airflow/dags/prediction_dag.py took 2.824 seconds
[2026-01-08T04:22:51.141+0000] {processor.py:161} INFO - Started process (PID=2756) to work on /opt/airflow/dags/prediction_dag.py
[2026-01-08T04:22:51.171+0000] {processor.py:830} INFO - Processing file /opt/airflow/dags/prediction_dag.py for tasks to queue
[2026-01-08T04:22:51.189+0000] {logging_mixin.py:188} INFO - [2026-01-08T04:22:51.175+0000] {dagbag.py:540} INFO - Filling up the DagBag from /opt/airflow/dags/prediction_dag.py
[2026-01-08T04:22:51.417+0000] {processor.py:840} INFO - DAG(s) 'prediction_dag' retrieved from /opt/airflow/dags/prediction_dag.py
[2026-01-08T04:22:51.953+0000] {logging_mixin.py:188} INFO - [2026-01-08T04:22:51.942+0000] {taskinstance.py:2733} ERROR - {'DAG Id': 'prediction_dag', 'Task Id': 'cleanup_files', 'Run Id': 'scheduled__2026-01-08T03:44:00+00:00', 'Hostname': '8fa1ffc51a9f'}
[2026-01-08T04:22:52.123+0000] {logging_mixin.py:188} INFO - [2026-01-08T04:22:52.122+0000] {taskinstance.py:1149} INFO - Marking task as FAILED. dag_id=prediction_dag, task_id=cleanup_files, execution_date=20260108T034400, start_date=20260108T034805, end_date=20260108T042252
[2026-01-08T04:22:52.228+0000] {processor.py:791} INFO - Executed failure callback for <TaskInstance: prediction_dag.cleanup_files scheduled__2026-01-08T03:44:00+00:00 [failed]> in state failed
[2026-01-08T04:22:52.259+0000] {logging_mixin.py:188} INFO - [2026-01-08T04:22:52.252+0000] {taskinstance.py:2733} ERROR - {'DAG Id': 'prediction_dag', 'Task Id': 'check_for_new_data', 'Run Id': 'scheduled__2026-01-08T03:46:00+00:00', 'Hostname': '8fa1ffc51a9f'}
[2026-01-08T04:22:52.507+0000] {logging_mixin.py:188} INFO - [2026-01-08T04:22:52.492+0000] {taskinstance.py:1149} INFO - Marking task as UP_FOR_RETRY. dag_id=prediction_dag, task_id=check_for_new_data, execution_date=20260108T034600, start_date=20260108T034805, end_date=20260108T042252
[2026-01-08T04:22:52.544+0000] {processor.py:791} INFO - Executed failure callback for <TaskInstance: prediction_dag.check_for_new_data scheduled__2026-01-08T03:46:00+00:00 [up_for_retry]> in state up_for_retry
[2026-01-08T04:22:53.115+0000] {logging_mixin.py:188} INFO - [2026-01-08T04:22:53.105+0000] {dag.py:3047} INFO - Sync 1 DAGs
[2026-01-08T04:22:53.702+0000] {logging_mixin.py:188} INFO - [2026-01-08T04:22:53.695+0000] {dag.py:3834} INFO - Setting next_dagrun for prediction_dag to 2026-01-08 04:22:00+00:00, run_after=2026-01-08 04:24:00+00:00
[2026-01-08T04:22:54.041+0000] {processor.py:183} INFO - Processing /opt/airflow/dags/prediction_dag.py took 2.993 seconds
[2026-01-08T04:55:54.279+0000] {processor.py:161} INFO - Started process (PID=2840) to work on /opt/airflow/dags/prediction_dag.py
[2026-01-08T04:55:54.312+0000] {processor.py:830} INFO - Processing file /opt/airflow/dags/prediction_dag.py for tasks to queue
[2026-01-08T04:55:54.337+0000] {logging_mixin.py:188} INFO - [2026-01-08T04:55:54.329+0000] {dagbag.py:540} INFO - Filling up the DagBag from /opt/airflow/dags/prediction_dag.py
[2026-01-08T04:55:55.290+0000] {processor.py:840} INFO - DAG(s) 'prediction_dag' retrieved from /opt/airflow/dags/prediction_dag.py
[2026-01-08T04:55:56.206+0000] {logging_mixin.py:188} INFO - [2026-01-08T04:55:56.190+0000] {dag.py:3047} INFO - Sync 1 DAGs
[2026-01-08T04:55:56.938+0000] {logging_mixin.py:188} INFO - [2026-01-08T04:55:56.854+0000] {dag.py:3834} INFO - Setting next_dagrun for prediction_dag to 2026-01-08 04:54:00+00:00, run_after=2026-01-08 04:56:00+00:00
[2026-01-08T04:55:58.587+0000] {processor.py:183} INFO - Processing /opt/airflow/dags/prediction_dag.py took 4.409 seconds
[2026-01-08T05:48:27.196+0000] {processor.py:161} INFO - Started process (PID=2886) to work on /opt/airflow/dags/prediction_dag.py
[2026-01-08T05:48:27.291+0000] {processor.py:830} INFO - Processing file /opt/airflow/dags/prediction_dag.py for tasks to queue
[2026-01-08T05:48:27.302+0000] {logging_mixin.py:188} INFO - [2026-01-08T05:48:27.297+0000] {dagbag.py:540} INFO - Filling up the DagBag from /opt/airflow/dags/prediction_dag.py
[2026-01-08T05:48:27.592+0000] {processor.py:840} INFO - DAG(s) 'prediction_dag' retrieved from /opt/airflow/dags/prediction_dag.py
[2026-01-08T05:48:28.114+0000] {logging_mixin.py:188} INFO - [2026-01-08T05:48:28.099+0000] {dag.py:3047} INFO - Sync 1 DAGs
[2026-01-08T05:48:28.594+0000] {logging_mixin.py:188} INFO - [2026-01-08T05:48:28.582+0000] {dag.py:3834} INFO - Setting next_dagrun for prediction_dag to 2026-01-08 05:46:00+00:00, run_after=2026-01-08 05:48:00+00:00
[2026-01-08T05:48:28.967+0000] {processor.py:183} INFO - Processing /opt/airflow/dags/prediction_dag.py took 1.968 seconds
[2026-01-08T06:24:02.080+0000] {processor.py:161} INFO - Started process (PID=3034) to work on /opt/airflow/dags/prediction_dag.py
[2026-01-08T06:24:02.093+0000] {processor.py:830} INFO - Processing file /opt/airflow/dags/prediction_dag.py for tasks to queue
[2026-01-08T06:24:02.107+0000] {logging_mixin.py:188} INFO - [2026-01-08T06:24:02.103+0000] {dagbag.py:540} INFO - Filling up the DagBag from /opt/airflow/dags/prediction_dag.py
[2026-01-08T06:24:02.338+0000] {processor.py:840} INFO - DAG(s) 'prediction_dag' retrieved from /opt/airflow/dags/prediction_dag.py
[2026-01-08T06:24:02.843+0000] {logging_mixin.py:188} INFO - [2026-01-08T06:24:02.840+0000] {dag.py:3047} INFO - Sync 1 DAGs
[2026-01-08T06:24:03.188+0000] {logging_mixin.py:188} INFO - [2026-01-08T06:24:03.186+0000] {dag.py:3834} INFO - Setting next_dagrun for prediction_dag to 2026-01-08 06:24:00+00:00, run_after=2026-01-08 06:26:00+00:00
[2026-01-08T06:24:03.360+0000] {processor.py:183} INFO - Processing /opt/airflow/dags/prediction_dag.py took 1.338 seconds
[2026-01-08T06:57:54.691+0000] {processor.py:161} INFO - Started process (PID=3166) to work on /opt/airflow/dags/prediction_dag.py
[2026-01-08T06:57:54.700+0000] {processor.py:830} INFO - Processing file /opt/airflow/dags/prediction_dag.py for tasks to queue
[2026-01-08T06:57:54.707+0000] {logging_mixin.py:188} INFO - [2026-01-08T06:57:54.703+0000] {dagbag.py:540} INFO - Filling up the DagBag from /opt/airflow/dags/prediction_dag.py
[2026-01-08T06:57:54.894+0000] {processor.py:840} INFO - DAG(s) 'prediction_dag' retrieved from /opt/airflow/dags/prediction_dag.py
[2026-01-08T06:57:55.432+0000] {logging_mixin.py:188} INFO - [2026-01-08T06:57:55.429+0000] {dag.py:3047} INFO - Sync 1 DAGs
[2026-01-08T06:57:55.669+0000] {logging_mixin.py:188} INFO - [2026-01-08T06:57:55.662+0000] {dag.py:3834} INFO - Setting next_dagrun for prediction_dag to 2026-01-08 06:56:00+00:00, run_after=2026-01-08 06:58:00+00:00
[2026-01-08T06:57:55.904+0000] {processor.py:183} INFO - Processing /opt/airflow/dags/prediction_dag.py took 1.239 seconds
[2026-01-08T06:58:34.968+0000] {processor.py:161} INFO - Started process (PID=3284) to work on /opt/airflow/dags/prediction_dag.py
[2026-01-08T06:58:35.026+0000] {processor.py:830} INFO - Processing file /opt/airflow/dags/prediction_dag.py for tasks to queue
[2026-01-08T06:58:35.086+0000] {logging_mixin.py:188} INFO - [2026-01-08T06:58:35.055+0000] {dagbag.py:540} INFO - Filling up the DagBag from /opt/airflow/dags/prediction_dag.py
[2026-01-08T06:58:35.488+0000] {processor.py:840} INFO - DAG(s) 'prediction_dag' retrieved from /opt/airflow/dags/prediction_dag.py
[2026-01-08T06:58:36.496+0000] {logging_mixin.py:188} INFO - [2026-01-08T06:58:36.494+0000] {dag.py:3047} INFO - Sync 1 DAGs
[2026-01-08T06:58:36.931+0000] {logging_mixin.py:188} INFO - [2026-01-08T06:58:36.924+0000] {dag.py:3834} INFO - Setting next_dagrun for prediction_dag to 2026-01-08 06:58:00+00:00, run_after=2026-01-08 07:00:00+00:00
[2026-01-08T06:58:37.104+0000] {processor.py:183} INFO - Processing /opt/airflow/dags/prediction_dag.py took 2.236 seconds
[2026-01-08T07:14:41.908+0000] {processor.py:161} INFO - Started process (PID=3396) to work on /opt/airflow/dags/prediction_dag.py
[2026-01-08T07:14:41.912+0000] {processor.py:830} INFO - Processing file /opt/airflow/dags/prediction_dag.py for tasks to queue
[2026-01-08T07:14:41.914+0000] {logging_mixin.py:188} INFO - [2026-01-08T07:14:41.914+0000] {dagbag.py:540} INFO - Filling up the DagBag from /opt/airflow/dags/prediction_dag.py
[2026-01-08T07:14:41.977+0000] {processor.py:840} INFO - DAG(s) 'prediction_dag' retrieved from /opt/airflow/dags/prediction_dag.py
[2026-01-08T07:14:42.251+0000] {logging_mixin.py:188} INFO - [2026-01-08T07:14:42.241+0000] {dag.py:3047} INFO - Sync 1 DAGs
[2026-01-08T07:14:42.580+0000] {logging_mixin.py:188} INFO - [2026-01-08T07:14:42.575+0000] {dag.py:3834} INFO - Setting next_dagrun for prediction_dag to 2026-01-08 07:14:00+00:00, run_after=2026-01-08 07:16:00+00:00
[2026-01-08T07:14:42.757+0000] {processor.py:183} INFO - Processing /opt/airflow/dags/prediction_dag.py took 0.857 seconds
[2026-01-08T07:31:26.577+0000] {processor.py:161} INFO - Started process (PID=3479) to work on /opt/airflow/dags/prediction_dag.py
[2026-01-08T07:31:26.619+0000] {processor.py:830} INFO - Processing file /opt/airflow/dags/prediction_dag.py for tasks to queue
[2026-01-08T07:31:26.646+0000] {logging_mixin.py:188} INFO - [2026-01-08T07:31:26.640+0000] {dagbag.py:540} INFO - Filling up the DagBag from /opt/airflow/dags/prediction_dag.py
[2026-01-08T07:31:27.398+0000] {processor.py:840} INFO - DAG(s) 'prediction_dag' retrieved from /opt/airflow/dags/prediction_dag.py
[2026-01-08T07:31:28.422+0000] {logging_mixin.py:188} INFO - [2026-01-08T07:31:28.405+0000] {dag.py:3047} INFO - Sync 1 DAGs
[2026-01-08T07:31:29.256+0000] {logging_mixin.py:188} INFO - [2026-01-08T07:31:29.250+0000] {dag.py:3834} INFO - Setting next_dagrun for prediction_dag to 2026-01-08 07:30:00+00:00, run_after=2026-01-08 07:32:00+00:00
[2026-01-08T07:31:29.676+0000] {processor.py:183} INFO - Processing /opt/airflow/dags/prediction_dag.py took 3.221 seconds
[2026-01-08T07:48:48.279+0000] {processor.py:161} INFO - Started process (PID=3557) to work on /opt/airflow/dags/prediction_dag.py
[2026-01-08T07:48:48.281+0000] {processor.py:830} INFO - Processing file /opt/airflow/dags/prediction_dag.py for tasks to queue
[2026-01-08T07:48:48.290+0000] {logging_mixin.py:188} INFO - [2026-01-08T07:48:48.287+0000] {dagbag.py:540} INFO - Filling up the DagBag from /opt/airflow/dags/prediction_dag.py
[2026-01-08T07:48:48.436+0000] {processor.py:840} INFO - DAG(s) 'prediction_dag' retrieved from /opt/airflow/dags/prediction_dag.py
[2026-01-08T07:48:48.607+0000] {logging_mixin.py:188} INFO - [2026-01-08T07:48:48.606+0000] {dag.py:3047} INFO - Sync 1 DAGs
[2026-01-08T07:48:48.752+0000] {logging_mixin.py:188} INFO - [2026-01-08T07:48:48.744+0000] {dag.py:3834} INFO - Setting next_dagrun for prediction_dag to 2026-01-08 07:46:00+00:00, run_after=2026-01-08 07:48:00+00:00
[2026-01-08T07:48:48.821+0000] {processor.py:183} INFO - Processing /opt/airflow/dags/prediction_dag.py took 0.562 seconds
[2026-01-08T08:33:43.671+0000] {processor.py:161} INFO - Started process (PID=3698) to work on /opt/airflow/dags/prediction_dag.py
[2026-01-08T08:33:43.688+0000] {processor.py:830} INFO - Processing file /opt/airflow/dags/prediction_dag.py for tasks to queue
[2026-01-08T08:33:43.704+0000] {logging_mixin.py:188} INFO - [2026-01-08T08:33:43.697+0000] {dagbag.py:540} INFO - Filling up the DagBag from /opt/airflow/dags/prediction_dag.py
[2026-01-08T08:33:43.997+0000] {processor.py:840} INFO - DAG(s) 'prediction_dag' retrieved from /opt/airflow/dags/prediction_dag.py
[2026-01-08T08:33:44.945+0000] {logging_mixin.py:188} INFO - [2026-01-08T08:33:44.936+0000] {dag.py:3047} INFO - Sync 1 DAGs
[2026-01-08T08:33:45.320+0000] {logging_mixin.py:188} INFO - [2026-01-08T08:33:45.316+0000] {dag.py:3834} INFO - Setting next_dagrun for prediction_dag to 2026-01-08 08:30:00+00:00, run_after=2026-01-08 08:32:00+00:00
[2026-01-08T08:33:45.551+0000] {processor.py:183} INFO - Processing /opt/airflow/dags/prediction_dag.py took 1.916 seconds
[2026-01-08T09:07:51.593+0000] {processor.py:161} INFO - Started process (PID=3800) to work on /opt/airflow/dags/prediction_dag.py
[2026-01-08T09:07:51.613+0000] {processor.py:830} INFO - Processing file /opt/airflow/dags/prediction_dag.py for tasks to queue
[2026-01-08T09:07:51.655+0000] {logging_mixin.py:188} INFO - [2026-01-08T09:07:51.646+0000] {dagbag.py:540} INFO - Filling up the DagBag from /opt/airflow/dags/prediction_dag.py
[2026-01-08T09:07:53.195+0000] {processor.py:840} INFO - DAG(s) 'prediction_dag' retrieved from /opt/airflow/dags/prediction_dag.py
[2026-01-08T09:07:54.428+0000] {logging_mixin.py:188} INFO - [2026-01-08T09:07:54.403+0000] {taskinstance.py:2733} ERROR - {'DAG Id': 'prediction_dag', 'Task Id': 'check_for_new_data', 'Run Id': 'scheduled__2026-01-08T08:32:00+00:00', 'Hostname': '8fa1ffc51a9f'}
[2026-01-08T09:07:55.063+0000] {logging_mixin.py:188} INFO - [2026-01-08T09:07:55.056+0000] {taskinstance.py:1149} INFO - Marking task as FAILED. dag_id=prediction_dag, task_id=check_for_new_data, execution_date=20260108T083200, start_date=20260108T083405, end_date=20260108T090754
[2026-01-08T09:07:55.345+0000] {processor.py:791} INFO - Executed failure callback for <TaskInstance: prediction_dag.check_for_new_data scheduled__2026-01-08T08:32:00+00:00 [failed]> in state failed
[2026-01-08T09:07:57.526+0000] {logging_mixin.py:188} INFO - [2026-01-08T09:07:57.508+0000] {dag.py:3047} INFO - Sync 1 DAGs
[2026-01-08T09:07:57.849+0000] {logging_mixin.py:188} INFO - [2026-01-08T09:07:57.847+0000] {dag.py:3834} INFO - Setting next_dagrun for prediction_dag to 2026-01-08 09:06:00+00:00, run_after=2026-01-08 09:08:00+00:00
[2026-01-08T09:07:57.992+0000] {processor.py:183} INFO - Processing /opt/airflow/dags/prediction_dag.py took 6.525 seconds
[2026-01-08T09:27:06.011+0000] {processor.py:161} INFO - Started process (PID=3869) to work on /opt/airflow/dags/prediction_dag.py
[2026-01-08T09:27:06.025+0000] {processor.py:830} INFO - Processing file /opt/airflow/dags/prediction_dag.py for tasks to queue
[2026-01-08T09:27:06.072+0000] {logging_mixin.py:188} INFO - [2026-01-08T09:27:06.063+0000] {dagbag.py:540} INFO - Filling up the DagBag from /opt/airflow/dags/prediction_dag.py
[2026-01-08T09:27:07.332+0000] {processor.py:840} INFO - DAG(s) 'prediction_dag' retrieved from /opt/airflow/dags/prediction_dag.py
[2026-01-08T09:27:08.599+0000] {logging_mixin.py:188} INFO - [2026-01-08T09:27:08.590+0000] {dag.py:3047} INFO - Sync 1 DAGs
[2026-01-08T09:27:08.960+0000] {logging_mixin.py:188} INFO - [2026-01-08T09:27:08.959+0000] {dag.py:3834} INFO - Setting next_dagrun for prediction_dag to 2026-01-08 09:26:00+00:00, run_after=2026-01-08 09:28:00+00:00
[2026-01-08T09:27:09.227+0000] {processor.py:183} INFO - Processing /opt/airflow/dags/prediction_dag.py took 3.278 seconds
[2026-01-08T09:27:10.196+0000] {processor.py:161} INFO - Started process (PID=3878) to work on /opt/airflow/dags/prediction_dag.py
[2026-01-08T09:27:10.210+0000] {processor.py:830} INFO - Processing file /opt/airflow/dags/prediction_dag.py for tasks to queue
[2026-01-08T09:27:10.260+0000] {logging_mixin.py:188} INFO - [2026-01-08T09:27:10.256+0000] {dagbag.py:540} INFO - Filling up the DagBag from /opt/airflow/dags/prediction_dag.py
[2026-01-08T09:27:10.537+0000] {processor.py:840} INFO - DAG(s) 'prediction_dag' retrieved from /opt/airflow/dags/prediction_dag.py
[2026-01-08T09:27:10.970+0000] {logging_mixin.py:188} INFO - [2026-01-08T09:27:10.963+0000] {taskinstance.py:2733} ERROR - {'DAG Id': 'prediction_dag', 'Task Id': 'cleanup_files', 'Run Id': 'scheduled__2026-01-08T08:30:00+00:00', 'Hostname': '8fa1ffc51a9f'}
[2026-01-08T09:27:11.082+0000] {logging_mixin.py:188} INFO - [2026-01-08T09:27:11.079+0000] {taskinstance.py:1149} INFO - Marking task as FAILED. dag_id=prediction_dag, task_id=cleanup_files, execution_date=20260108T083000, start_date=20260108T090817, end_date=20260108T092711
[2026-01-08T09:27:11.167+0000] {processor.py:791} INFO - Executed failure callback for <TaskInstance: prediction_dag.cleanup_files scheduled__2026-01-08T08:30:00+00:00 [failed]> in state failed
[2026-01-08T09:27:11.380+0000] {logging_mixin.py:188} INFO - [2026-01-08T09:27:11.379+0000] {dag.py:3047} INFO - Sync 1 DAGs
[2026-01-08T09:27:11.638+0000] {logging_mixin.py:188} INFO - [2026-01-08T09:27:11.633+0000] {dag.py:3834} INFO - Setting next_dagrun for prediction_dag to 2026-01-08 09:26:00+00:00, run_after=2026-01-08 09:28:00+00:00
[2026-01-08T09:27:11.778+0000] {processor.py:183} INFO - Processing /opt/airflow/dags/prediction_dag.py took 1.627 seconds
[2026-01-08T09:27:42.366+0000] {processor.py:161} INFO - Started process (PID=4065) to work on /opt/airflow/dags/prediction_dag.py
[2026-01-08T09:27:42.372+0000] {processor.py:830} INFO - Processing file /opt/airflow/dags/prediction_dag.py for tasks to queue
[2026-01-08T09:27:42.377+0000] {logging_mixin.py:188} INFO - [2026-01-08T09:27:42.375+0000] {dagbag.py:540} INFO - Filling up the DagBag from /opt/airflow/dags/prediction_dag.py
[2026-01-08T09:27:42.417+0000] {processor.py:840} INFO - DAG(s) 'prediction_dag' retrieved from /opt/airflow/dags/prediction_dag.py
[2026-01-08T09:27:42.475+0000] {logging_mixin.py:188} INFO - [2026-01-08T09:27:42.475+0000] {dag.py:3047} INFO - Sync 1 DAGs
[2026-01-08T09:27:42.527+0000] {logging_mixin.py:188} INFO - [2026-01-08T09:27:42.527+0000] {dag.py:3834} INFO - Setting next_dagrun for prediction_dag to 2026-01-08 09:26:00+00:00, run_after=2026-01-08 09:28:00+00:00
[2026-01-08T09:27:42.561+0000] {processor.py:183} INFO - Processing /opt/airflow/dags/prediction_dag.py took 0.207 seconds
[2026-01-08T09:28:13.521+0000] {processor.py:161} INFO - Started process (PID=4112) to work on /opt/airflow/dags/prediction_dag.py
[2026-01-08T09:28:13.527+0000] {processor.py:830} INFO - Processing file /opt/airflow/dags/prediction_dag.py for tasks to queue
[2026-01-08T09:28:13.529+0000] {logging_mixin.py:188} INFO - [2026-01-08T09:28:13.528+0000] {dagbag.py:540} INFO - Filling up the DagBag from /opt/airflow/dags/prediction_dag.py
[2026-01-08T09:28:13.573+0000] {processor.py:840} INFO - DAG(s) 'prediction_dag' retrieved from /opt/airflow/dags/prediction_dag.py
[2026-01-08T09:28:13.643+0000] {logging_mixin.py:188} INFO - [2026-01-08T09:28:13.643+0000] {dag.py:3047} INFO - Sync 1 DAGs
[2026-01-08T09:28:13.694+0000] {logging_mixin.py:188} INFO - [2026-01-08T09:28:13.693+0000] {dag.py:3834} INFO - Setting next_dagrun for prediction_dag to 2026-01-08 09:28:00+00:00, run_after=2026-01-08 09:30:00+00:00
[2026-01-08T09:28:13.711+0000] {processor.py:183} INFO - Processing /opt/airflow/dags/prediction_dag.py took 0.203 seconds
[2026-01-08T09:28:44.005+0000] {processor.py:161} INFO - Started process (PID=4172) to work on /opt/airflow/dags/prediction_dag.py
[2026-01-08T09:28:44.011+0000] {processor.py:830} INFO - Processing file /opt/airflow/dags/prediction_dag.py for tasks to queue
[2026-01-08T09:28:44.013+0000] {logging_mixin.py:188} INFO - [2026-01-08T09:28:44.012+0000] {dagbag.py:540} INFO - Filling up the DagBag from /opt/airflow/dags/prediction_dag.py
[2026-01-08T09:28:44.071+0000] {processor.py:840} INFO - DAG(s) 'prediction_dag' retrieved from /opt/airflow/dags/prediction_dag.py
[2026-01-08T09:28:44.152+0000] {logging_mixin.py:188} INFO - [2026-01-08T09:28:44.152+0000] {dag.py:3047} INFO - Sync 1 DAGs
[2026-01-08T09:28:44.192+0000] {logging_mixin.py:188} INFO - [2026-01-08T09:28:44.191+0000] {dag.py:3834} INFO - Setting next_dagrun for prediction_dag to 2026-01-08 09:28:00+00:00, run_after=2026-01-08 09:30:00+00:00
[2026-01-08T09:28:44.211+0000] {processor.py:183} INFO - Processing /opt/airflow/dags/prediction_dag.py took 0.220 seconds
[2026-01-08T09:29:14.649+0000] {processor.py:161} INFO - Started process (PID=4228) to work on /opt/airflow/dags/prediction_dag.py
[2026-01-08T09:29:14.653+0000] {processor.py:830} INFO - Processing file /opt/airflow/dags/prediction_dag.py for tasks to queue
[2026-01-08T09:29:14.656+0000] {logging_mixin.py:188} INFO - [2026-01-08T09:29:14.655+0000] {dagbag.py:540} INFO - Filling up the DagBag from /opt/airflow/dags/prediction_dag.py
[2026-01-08T09:29:14.692+0000] {processor.py:840} INFO - DAG(s) 'prediction_dag' retrieved from /opt/airflow/dags/prediction_dag.py
[2026-01-08T09:29:14.879+0000] {logging_mixin.py:188} INFO - [2026-01-08T09:29:14.878+0000] {dag.py:3047} INFO - Sync 1 DAGs
[2026-01-08T09:29:14.986+0000] {logging_mixin.py:188} INFO - [2026-01-08T09:29:14.986+0000] {dag.py:3834} INFO - Setting next_dagrun for prediction_dag to 2026-01-08 09:28:00+00:00, run_after=2026-01-08 09:30:00+00:00
[2026-01-08T09:29:15.032+0000] {processor.py:183} INFO - Processing /opt/airflow/dags/prediction_dag.py took 0.390 seconds
[2026-01-08T09:29:45.499+0000] {processor.py:161} INFO - Started process (PID=4270) to work on /opt/airflow/dags/prediction_dag.py
[2026-01-08T09:29:45.502+0000] {processor.py:830} INFO - Processing file /opt/airflow/dags/prediction_dag.py for tasks to queue
[2026-01-08T09:29:45.504+0000] {logging_mixin.py:188} INFO - [2026-01-08T09:29:45.503+0000] {dagbag.py:540} INFO - Filling up the DagBag from /opt/airflow/dags/prediction_dag.py
[2026-01-08T09:29:45.552+0000] {processor.py:840} INFO - DAG(s) 'prediction_dag' retrieved from /opt/airflow/dags/prediction_dag.py
[2026-01-08T09:29:45.605+0000] {logging_mixin.py:188} INFO - [2026-01-08T09:29:45.604+0000] {dag.py:3047} INFO - Sync 1 DAGs
[2026-01-08T09:29:45.640+0000] {logging_mixin.py:188} INFO - [2026-01-08T09:29:45.640+0000] {dag.py:3834} INFO - Setting next_dagrun for prediction_dag to 2026-01-08 09:28:00+00:00, run_after=2026-01-08 09:30:00+00:00
[2026-01-08T09:29:45.654+0000] {processor.py:183} INFO - Processing /opt/airflow/dags/prediction_dag.py took 0.168 seconds
[2026-01-08T09:30:16.016+0000] {processor.py:161} INFO - Started process (PID=4356) to work on /opt/airflow/dags/prediction_dag.py
[2026-01-08T09:30:16.021+0000] {processor.py:830} INFO - Processing file /opt/airflow/dags/prediction_dag.py for tasks to queue
[2026-01-08T09:30:16.024+0000] {logging_mixin.py:188} INFO - [2026-01-08T09:30:16.023+0000] {dagbag.py:540} INFO - Filling up the DagBag from /opt/airflow/dags/prediction_dag.py
[2026-01-08T09:30:16.060+0000] {processor.py:840} INFO - DAG(s) 'prediction_dag' retrieved from /opt/airflow/dags/prediction_dag.py
[2026-01-08T09:30:16.115+0000] {logging_mixin.py:188} INFO - [2026-01-08T09:30:16.115+0000] {dag.py:3047} INFO - Sync 1 DAGs
[2026-01-08T09:30:16.147+0000] {logging_mixin.py:188} INFO - [2026-01-08T09:30:16.147+0000] {dag.py:3834} INFO - Setting next_dagrun for prediction_dag to 2026-01-08 09:30:00+00:00, run_after=2026-01-08 09:32:00+00:00
[2026-01-08T09:30:16.167+0000] {processor.py:183} INFO - Processing /opt/airflow/dags/prediction_dag.py took 0.164 seconds
[2026-01-08T09:30:46.407+0000] {processor.py:161} INFO - Started process (PID=4374) to work on /opt/airflow/dags/prediction_dag.py
[2026-01-08T09:30:46.409+0000] {processor.py:830} INFO - Processing file /opt/airflow/dags/prediction_dag.py for tasks to queue
[2026-01-08T09:30:46.411+0000] {logging_mixin.py:188} INFO - [2026-01-08T09:30:46.411+0000] {dagbag.py:540} INFO - Filling up the DagBag from /opt/airflow/dags/prediction_dag.py
[2026-01-08T09:30:46.441+0000] {processor.py:840} INFO - DAG(s) 'prediction_dag' retrieved from /opt/airflow/dags/prediction_dag.py
[2026-01-08T09:30:46.479+0000] {logging_mixin.py:188} INFO - [2026-01-08T09:30:46.478+0000] {dag.py:3047} INFO - Sync 1 DAGs
[2026-01-08T09:30:46.506+0000] {logging_mixin.py:188} INFO - [2026-01-08T09:30:46.505+0000] {dag.py:3834} INFO - Setting next_dagrun for prediction_dag to 2026-01-08 09:30:00+00:00, run_after=2026-01-08 09:32:00+00:00
[2026-01-08T09:30:46.519+0000] {processor.py:183} INFO - Processing /opt/airflow/dags/prediction_dag.py took 0.120 seconds
[2026-01-08T09:31:16.627+0000] {processor.py:161} INFO - Started process (PID=4454) to work on /opt/airflow/dags/prediction_dag.py
[2026-01-08T09:31:16.628+0000] {processor.py:830} INFO - Processing file /opt/airflow/dags/prediction_dag.py for tasks to queue
[2026-01-08T09:31:16.629+0000] {logging_mixin.py:188} INFO - [2026-01-08T09:31:16.629+0000] {dagbag.py:540} INFO - Filling up the DagBag from /opt/airflow/dags/prediction_dag.py
[2026-01-08T09:31:16.638+0000] {processor.py:840} INFO - DAG(s) 'prediction_dag' retrieved from /opt/airflow/dags/prediction_dag.py
[2026-01-08T09:31:16.657+0000] {logging_mixin.py:188} INFO - [2026-01-08T09:31:16.656+0000] {dag.py:3047} INFO - Sync 1 DAGs
[2026-01-08T09:31:16.671+0000] {logging_mixin.py:188} INFO - [2026-01-08T09:31:16.671+0000] {dag.py:3834} INFO - Setting next_dagrun for prediction_dag to 2026-01-08 09:30:00+00:00, run_after=2026-01-08 09:32:00+00:00
[2026-01-08T09:31:16.680+0000] {processor.py:183} INFO - Processing /opt/airflow/dags/prediction_dag.py took 0.056 seconds
[2026-01-08T09:31:47.083+0000] {processor.py:161} INFO - Started process (PID=4462) to work on /opt/airflow/dags/prediction_dag.py
[2026-01-08T09:31:47.084+0000] {processor.py:830} INFO - Processing file /opt/airflow/dags/prediction_dag.py for tasks to queue
[2026-01-08T09:31:47.086+0000] {logging_mixin.py:188} INFO - [2026-01-08T09:31:47.085+0000] {dagbag.py:540} INFO - Filling up the DagBag from /opt/airflow/dags/prediction_dag.py
[2026-01-08T09:31:47.132+0000] {processor.py:840} INFO - DAG(s) 'prediction_dag' retrieved from /opt/airflow/dags/prediction_dag.py
[2026-01-08T09:31:47.201+0000] {logging_mixin.py:188} INFO - [2026-01-08T09:31:47.201+0000] {dag.py:3047} INFO - Sync 1 DAGs
[2026-01-08T09:31:47.245+0000] {logging_mixin.py:188} INFO - [2026-01-08T09:31:47.245+0000] {dag.py:3834} INFO - Setting next_dagrun for prediction_dag to 2026-01-08 09:30:00+00:00, run_after=2026-01-08 09:32:00+00:00
[2026-01-08T09:31:47.268+0000] {processor.py:183} INFO - Processing /opt/airflow/dags/prediction_dag.py took 0.190 seconds
[2026-01-08T09:32:17.653+0000] {processor.py:161} INFO - Started process (PID=4545) to work on /opt/airflow/dags/prediction_dag.py
[2026-01-08T09:32:17.656+0000] {processor.py:830} INFO - Processing file /opt/airflow/dags/prediction_dag.py for tasks to queue
[2026-01-08T09:32:17.658+0000] {logging_mixin.py:188} INFO - [2026-01-08T09:32:17.657+0000] {dagbag.py:540} INFO - Filling up the DagBag from /opt/airflow/dags/prediction_dag.py
[2026-01-08T09:32:17.703+0000] {processor.py:840} INFO - DAG(s) 'prediction_dag' retrieved from /opt/airflow/dags/prediction_dag.py
[2026-01-08T09:32:17.751+0000] {logging_mixin.py:188} INFO - [2026-01-08T09:32:17.751+0000] {dag.py:3047} INFO - Sync 1 DAGs
[2026-01-08T09:32:17.785+0000] {logging_mixin.py:188} INFO - [2026-01-08T09:32:17.785+0000] {dag.py:3834} INFO - Setting next_dagrun for prediction_dag to 2026-01-08 09:32:00+00:00, run_after=2026-01-08 09:34:00+00:00
[2026-01-08T09:32:17.799+0000] {processor.py:183} INFO - Processing /opt/airflow/dags/prediction_dag.py took 0.160 seconds
[2026-01-08T09:32:48.040+0000] {processor.py:161} INFO - Started process (PID=4563) to work on /opt/airflow/dags/prediction_dag.py
[2026-01-08T09:32:48.045+0000] {processor.py:830} INFO - Processing file /opt/airflow/dags/prediction_dag.py for tasks to queue
[2026-01-08T09:32:48.047+0000] {logging_mixin.py:188} INFO - [2026-01-08T09:32:48.047+0000] {dagbag.py:540} INFO - Filling up the DagBag from /opt/airflow/dags/prediction_dag.py
[2026-01-08T09:32:48.134+0000] {processor.py:840} INFO - DAG(s) 'prediction_dag' retrieved from /opt/airflow/dags/prediction_dag.py
[2026-01-08T09:32:48.313+0000] {logging_mixin.py:188} INFO - [2026-01-08T09:32:48.312+0000] {dag.py:3047} INFO - Sync 1 DAGs
[2026-01-08T09:32:48.849+0000] {logging_mixin.py:188} INFO - [2026-01-08T09:32:48.847+0000] {dag.py:3834} INFO - Setting next_dagrun for prediction_dag to 2026-01-08 09:32:00+00:00, run_after=2026-01-08 09:34:00+00:00
[2026-01-08T09:32:49.023+0000] {processor.py:183} INFO - Processing /opt/airflow/dags/prediction_dag.py took 1.001 seconds
[2026-01-08T09:33:19.771+0000] {processor.py:161} INFO - Started process (PID=4643) to work on /opt/airflow/dags/prediction_dag.py
[2026-01-08T09:33:19.775+0000] {processor.py:830} INFO - Processing file /opt/airflow/dags/prediction_dag.py for tasks to queue
[2026-01-08T09:33:19.778+0000] {logging_mixin.py:188} INFO - [2026-01-08T09:33:19.777+0000] {dagbag.py:540} INFO - Filling up the DagBag from /opt/airflow/dags/prediction_dag.py
[2026-01-08T09:33:19.829+0000] {processor.py:840} INFO - DAG(s) 'prediction_dag' retrieved from /opt/airflow/dags/prediction_dag.py
[2026-01-08T09:33:19.882+0000] {logging_mixin.py:188} INFO - [2026-01-08T09:33:19.881+0000] {dag.py:3047} INFO - Sync 1 DAGs
[2026-01-08T09:33:19.917+0000] {logging_mixin.py:188} INFO - [2026-01-08T09:33:19.916+0000] {dag.py:3834} INFO - Setting next_dagrun for prediction_dag to 2026-01-08 09:32:00+00:00, run_after=2026-01-08 09:34:00+00:00
[2026-01-08T09:33:19.944+0000] {processor.py:183} INFO - Processing /opt/airflow/dags/prediction_dag.py took 0.189 seconds
[2026-01-08T09:33:50.586+0000] {processor.py:161} INFO - Started process (PID=4661) to work on /opt/airflow/dags/prediction_dag.py
[2026-01-08T09:33:50.588+0000] {processor.py:830} INFO - Processing file /opt/airflow/dags/prediction_dag.py for tasks to queue
[2026-01-08T09:33:50.590+0000] {logging_mixin.py:188} INFO - [2026-01-08T09:33:50.589+0000] {dagbag.py:540} INFO - Filling up the DagBag from /opt/airflow/dags/prediction_dag.py
[2026-01-08T09:33:50.622+0000] {processor.py:840} INFO - DAG(s) 'prediction_dag' retrieved from /opt/airflow/dags/prediction_dag.py
[2026-01-08T09:33:50.676+0000] {logging_mixin.py:188} INFO - [2026-01-08T09:33:50.676+0000] {dag.py:3047} INFO - Sync 1 DAGs
[2026-01-08T09:33:50.712+0000] {logging_mixin.py:188} INFO - [2026-01-08T09:33:50.712+0000] {dag.py:3834} INFO - Setting next_dagrun for prediction_dag to 2026-01-08 09:32:00+00:00, run_after=2026-01-08 09:34:00+00:00
[2026-01-08T09:33:50.727+0000] {processor.py:183} INFO - Processing /opt/airflow/dags/prediction_dag.py took 0.149 seconds
[2026-01-08T09:34:20.899+0000] {processor.py:161} INFO - Started process (PID=4747) to work on /opt/airflow/dags/prediction_dag.py
[2026-01-08T09:34:20.902+0000] {processor.py:830} INFO - Processing file /opt/airflow/dags/prediction_dag.py for tasks to queue
[2026-01-08T09:34:20.904+0000] {logging_mixin.py:188} INFO - [2026-01-08T09:34:20.902+0000] {dagbag.py:540} INFO - Filling up the DagBag from /opt/airflow/dags/prediction_dag.py
[2026-01-08T09:34:20.952+0000] {processor.py:840} INFO - DAG(s) 'prediction_dag' retrieved from /opt/airflow/dags/prediction_dag.py
[2026-01-08T09:34:21.007+0000] {logging_mixin.py:188} INFO - [2026-01-08T09:34:21.006+0000] {dag.py:3047} INFO - Sync 1 DAGs
[2026-01-08T09:34:21.035+0000] {logging_mixin.py:188} INFO - [2026-01-08T09:34:21.035+0000] {dag.py:3834} INFO - Setting next_dagrun for prediction_dag to 2026-01-08 09:34:00+00:00, run_after=2026-01-08 09:36:00+00:00
[2026-01-08T09:34:21.373+0000] {processor.py:183} INFO - Processing /opt/airflow/dags/prediction_dag.py took 0.497 seconds
[2026-01-08T09:34:51.833+0000] {processor.py:161} INFO - Started process (PID=4765) to work on /opt/airflow/dags/prediction_dag.py
[2026-01-08T09:34:51.835+0000] {processor.py:830} INFO - Processing file /opt/airflow/dags/prediction_dag.py for tasks to queue
[2026-01-08T09:34:51.837+0000] {logging_mixin.py:188} INFO - [2026-01-08T09:34:51.836+0000] {dagbag.py:540} INFO - Filling up the DagBag from /opt/airflow/dags/prediction_dag.py
[2026-01-08T09:34:51.874+0000] {processor.py:840} INFO - DAG(s) 'prediction_dag' retrieved from /opt/airflow/dags/prediction_dag.py
[2026-01-08T09:34:51.929+0000] {logging_mixin.py:188} INFO - [2026-01-08T09:34:51.929+0000] {dag.py:3047} INFO - Sync 1 DAGs
[2026-01-08T09:34:51.958+0000] {logging_mixin.py:188} INFO - [2026-01-08T09:34:51.958+0000] {dag.py:3834} INFO - Setting next_dagrun for prediction_dag to 2026-01-08 09:34:00+00:00, run_after=2026-01-08 09:36:00+00:00
[2026-01-08T09:34:51.978+0000] {processor.py:183} INFO - Processing /opt/airflow/dags/prediction_dag.py took 0.163 seconds
[2026-01-08T09:35:22.441+0000] {processor.py:161} INFO - Started process (PID=4845) to work on /opt/airflow/dags/prediction_dag.py
[2026-01-08T09:35:22.445+0000] {processor.py:830} INFO - Processing file /opt/airflow/dags/prediction_dag.py for tasks to queue
[2026-01-08T09:35:22.449+0000] {logging_mixin.py:188} INFO - [2026-01-08T09:35:22.448+0000] {dagbag.py:540} INFO - Filling up the DagBag from /opt/airflow/dags/prediction_dag.py
[2026-01-08T09:35:22.483+0000] {processor.py:840} INFO - DAG(s) 'prediction_dag' retrieved from /opt/airflow/dags/prediction_dag.py
[2026-01-08T09:35:22.542+0000] {logging_mixin.py:188} INFO - [2026-01-08T09:35:22.541+0000] {dag.py:3047} INFO - Sync 1 DAGs
[2026-01-08T09:35:22.574+0000] {logging_mixin.py:188} INFO - [2026-01-08T09:35:22.574+0000] {dag.py:3834} INFO - Setting next_dagrun for prediction_dag to 2026-01-08 09:34:00+00:00, run_after=2026-01-08 09:36:00+00:00
[2026-01-08T09:35:22.587+0000] {processor.py:183} INFO - Processing /opt/airflow/dags/prediction_dag.py took 0.164 seconds
[2026-01-08T09:35:53.024+0000] {processor.py:161} INFO - Started process (PID=4863) to work on /opt/airflow/dags/prediction_dag.py
[2026-01-08T09:35:53.026+0000] {processor.py:830} INFO - Processing file /opt/airflow/dags/prediction_dag.py for tasks to queue
[2026-01-08T09:35:53.028+0000] {logging_mixin.py:188} INFO - [2026-01-08T09:35:53.027+0000] {dagbag.py:540} INFO - Filling up the DagBag from /opt/airflow/dags/prediction_dag.py
[2026-01-08T09:35:53.061+0000] {processor.py:840} INFO - DAG(s) 'prediction_dag' retrieved from /opt/airflow/dags/prediction_dag.py
[2026-01-08T09:35:53.118+0000] {logging_mixin.py:188} INFO - [2026-01-08T09:35:53.117+0000] {dag.py:3047} INFO - Sync 1 DAGs
[2026-01-08T09:35:53.152+0000] {logging_mixin.py:188} INFO - [2026-01-08T09:35:53.152+0000] {dag.py:3834} INFO - Setting next_dagrun for prediction_dag to 2026-01-08 09:34:00+00:00, run_after=2026-01-08 09:36:00+00:00
[2026-01-08T09:35:53.167+0000] {processor.py:183} INFO - Processing /opt/airflow/dags/prediction_dag.py took 0.157 seconds
[2026-01-08T09:36:23.500+0000] {processor.py:161} INFO - Started process (PID=4949) to work on /opt/airflow/dags/prediction_dag.py
[2026-01-08T09:36:23.503+0000] {processor.py:830} INFO - Processing file /opt/airflow/dags/prediction_dag.py for tasks to queue
[2026-01-08T09:36:23.506+0000] {logging_mixin.py:188} INFO - [2026-01-08T09:36:23.505+0000] {dagbag.py:540} INFO - Filling up the DagBag from /opt/airflow/dags/prediction_dag.py
[2026-01-08T09:36:23.552+0000] {processor.py:840} INFO - DAG(s) 'prediction_dag' retrieved from /opt/airflow/dags/prediction_dag.py
[2026-01-08T09:36:23.610+0000] {logging_mixin.py:188} INFO - [2026-01-08T09:36:23.610+0000] {dag.py:3047} INFO - Sync 1 DAGs
[2026-01-08T09:36:23.646+0000] {logging_mixin.py:188} INFO - [2026-01-08T09:36:23.646+0000] {dag.py:3834} INFO - Setting next_dagrun for prediction_dag to 2026-01-08 09:36:00+00:00, run_after=2026-01-08 09:38:00+00:00
[2026-01-08T09:36:23.662+0000] {processor.py:183} INFO - Processing /opt/airflow/dags/prediction_dag.py took 0.180 seconds
[2026-01-08T09:36:54.156+0000] {processor.py:161} INFO - Started process (PID=4967) to work on /opt/airflow/dags/prediction_dag.py
[2026-01-08T09:36:54.159+0000] {processor.py:830} INFO - Processing file /opt/airflow/dags/prediction_dag.py for tasks to queue
[2026-01-08T09:36:54.162+0000] {logging_mixin.py:188} INFO - [2026-01-08T09:36:54.160+0000] {dagbag.py:540} INFO - Filling up the DagBag from /opt/airflow/dags/prediction_dag.py
[2026-01-08T09:36:54.201+0000] {processor.py:840} INFO - DAG(s) 'prediction_dag' retrieved from /opt/airflow/dags/prediction_dag.py
[2026-01-08T09:36:54.261+0000] {logging_mixin.py:188} INFO - [2026-01-08T09:36:54.260+0000] {dag.py:3047} INFO - Sync 1 DAGs
[2026-01-08T09:36:54.301+0000] {logging_mixin.py:188} INFO - [2026-01-08T09:36:54.301+0000] {dag.py:3834} INFO - Setting next_dagrun for prediction_dag to 2026-01-08 09:36:00+00:00, run_after=2026-01-08 09:38:00+00:00
[2026-01-08T09:36:54.315+0000] {processor.py:183} INFO - Processing /opt/airflow/dags/prediction_dag.py took 0.170 seconds
[2026-01-08T09:37:24.501+0000] {processor.py:161} INFO - Started process (PID=5047) to work on /opt/airflow/dags/prediction_dag.py
[2026-01-08T09:37:24.504+0000] {processor.py:830} INFO - Processing file /opt/airflow/dags/prediction_dag.py for tasks to queue
[2026-01-08T09:37:24.510+0000] {logging_mixin.py:188} INFO - [2026-01-08T09:37:24.506+0000] {dagbag.py:540} INFO - Filling up the DagBag from /opt/airflow/dags/prediction_dag.py
[2026-01-08T09:37:24.556+0000] {processor.py:840} INFO - DAG(s) 'prediction_dag' retrieved from /opt/airflow/dags/prediction_dag.py
[2026-01-08T09:37:24.611+0000] {logging_mixin.py:188} INFO - [2026-01-08T09:37:24.610+0000] {dag.py:3047} INFO - Sync 1 DAGs
[2026-01-08T09:37:24.649+0000] {logging_mixin.py:188} INFO - [2026-01-08T09:37:24.648+0000] {dag.py:3834} INFO - Setting next_dagrun for prediction_dag to 2026-01-08 09:36:00+00:00, run_after=2026-01-08 09:38:00+00:00
[2026-01-08T09:37:24.665+0000] {processor.py:183} INFO - Processing /opt/airflow/dags/prediction_dag.py took 0.179 seconds
[2026-01-08T09:37:55.040+0000] {processor.py:161} INFO - Started process (PID=5065) to work on /opt/airflow/dags/prediction_dag.py
[2026-01-08T09:37:55.043+0000] {processor.py:830} INFO - Processing file /opt/airflow/dags/prediction_dag.py for tasks to queue
[2026-01-08T09:37:55.044+0000] {logging_mixin.py:188} INFO - [2026-01-08T09:37:55.044+0000] {dagbag.py:540} INFO - Filling up the DagBag from /opt/airflow/dags/prediction_dag.py
[2026-01-08T09:37:55.094+0000] {processor.py:840} INFO - DAG(s) 'prediction_dag' retrieved from /opt/airflow/dags/prediction_dag.py
[2026-01-08T09:37:55.148+0000] {logging_mixin.py:188} INFO - [2026-01-08T09:37:55.148+0000] {dag.py:3047} INFO - Sync 1 DAGs
[2026-01-08T09:37:55.186+0000] {logging_mixin.py:188} INFO - [2026-01-08T09:37:55.186+0000] {dag.py:3834} INFO - Setting next_dagrun for prediction_dag to 2026-01-08 09:36:00+00:00, run_after=2026-01-08 09:38:00+00:00
[2026-01-08T09:37:55.202+0000] {processor.py:183} INFO - Processing /opt/airflow/dags/prediction_dag.py took 0.185 seconds
[2026-01-08T09:38:25.659+0000] {processor.py:161} INFO - Started process (PID=5151) to work on /opt/airflow/dags/prediction_dag.py
[2026-01-08T09:38:25.662+0000] {processor.py:830} INFO - Processing file /opt/airflow/dags/prediction_dag.py for tasks to queue
[2026-01-08T09:38:25.664+0000] {logging_mixin.py:188} INFO - [2026-01-08T09:38:25.663+0000] {dagbag.py:540} INFO - Filling up the DagBag from /opt/airflow/dags/prediction_dag.py
[2026-01-08T09:38:25.700+0000] {processor.py:840} INFO - DAG(s) 'prediction_dag' retrieved from /opt/airflow/dags/prediction_dag.py
[2026-01-08T09:38:25.755+0000] {logging_mixin.py:188} INFO - [2026-01-08T09:38:25.754+0000] {dag.py:3047} INFO - Sync 1 DAGs
[2026-01-08T09:38:26.072+0000] {logging_mixin.py:188} INFO - [2026-01-08T09:38:26.072+0000] {dag.py:3834} INFO - Setting next_dagrun for prediction_dag to 2026-01-08 09:38:00+00:00, run_after=2026-01-08 09:40:00+00:00
[2026-01-08T09:38:26.087+0000] {processor.py:183} INFO - Processing /opt/airflow/dags/prediction_dag.py took 0.438 seconds
[2026-01-08T09:38:56.544+0000] {processor.py:161} INFO - Started process (PID=5169) to work on /opt/airflow/dags/prediction_dag.py
[2026-01-08T09:38:56.549+0000] {processor.py:830} INFO - Processing file /opt/airflow/dags/prediction_dag.py for tasks to queue
[2026-01-08T09:38:56.555+0000] {logging_mixin.py:188} INFO - [2026-01-08T09:38:56.554+0000] {dagbag.py:540} INFO - Filling up the DagBag from /opt/airflow/dags/prediction_dag.py
[2026-01-08T09:38:56.595+0000] {processor.py:840} INFO - DAG(s) 'prediction_dag' retrieved from /opt/airflow/dags/prediction_dag.py
[2026-01-08T09:38:56.645+0000] {logging_mixin.py:188} INFO - [2026-01-08T09:38:56.645+0000] {dag.py:3047} INFO - Sync 1 DAGs
[2026-01-08T09:38:56.676+0000] {logging_mixin.py:188} INFO - [2026-01-08T09:38:56.676+0000] {dag.py:3834} INFO - Setting next_dagrun for prediction_dag to 2026-01-08 09:38:00+00:00, run_after=2026-01-08 09:40:00+00:00
[2026-01-08T09:38:56.689+0000] {processor.py:183} INFO - Processing /opt/airflow/dags/prediction_dag.py took 0.157 seconds
[2026-01-08T09:39:27.537+0000] {processor.py:161} INFO - Started process (PID=5249) to work on /opt/airflow/dags/prediction_dag.py
[2026-01-08T09:39:27.540+0000] {processor.py:830} INFO - Processing file /opt/airflow/dags/prediction_dag.py for tasks to queue
[2026-01-08T09:39:27.542+0000] {logging_mixin.py:188} INFO - [2026-01-08T09:39:27.541+0000] {dagbag.py:540} INFO - Filling up the DagBag from /opt/airflow/dags/prediction_dag.py
[2026-01-08T09:39:27.593+0000] {processor.py:840} INFO - DAG(s) 'prediction_dag' retrieved from /opt/airflow/dags/prediction_dag.py
[2026-01-08T09:39:27.640+0000] {logging_mixin.py:188} INFO - [2026-01-08T09:39:27.639+0000] {dag.py:3047} INFO - Sync 1 DAGs
[2026-01-08T09:39:27.685+0000] {logging_mixin.py:188} INFO - [2026-01-08T09:39:27.685+0000] {dag.py:3834} INFO - Setting next_dagrun for prediction_dag to 2026-01-08 09:38:00+00:00, run_after=2026-01-08 09:40:00+00:00
[2026-01-08T09:39:27.701+0000] {processor.py:183} INFO - Processing /opt/airflow/dags/prediction_dag.py took 0.175 seconds
[2026-01-08T09:39:58.261+0000] {processor.py:161} INFO - Started process (PID=5257) to work on /opt/airflow/dags/prediction_dag.py
[2026-01-08T09:39:58.264+0000] {processor.py:830} INFO - Processing file /opt/airflow/dags/prediction_dag.py for tasks to queue
[2026-01-08T09:39:58.266+0000] {logging_mixin.py:188} INFO - [2026-01-08T09:39:58.266+0000] {dagbag.py:540} INFO - Filling up the DagBag from /opt/airflow/dags/prediction_dag.py
[2026-01-08T09:39:58.316+0000] {processor.py:840} INFO - DAG(s) 'prediction_dag' retrieved from /opt/airflow/dags/prediction_dag.py
[2026-01-08T09:39:58.412+0000] {logging_mixin.py:188} INFO - [2026-01-08T09:39:58.411+0000] {dag.py:3047} INFO - Sync 1 DAGs
[2026-01-08T09:39:58.741+0000] {logging_mixin.py:188} INFO - [2026-01-08T09:39:58.741+0000] {dag.py:3834} INFO - Setting next_dagrun for prediction_dag to 2026-01-08 09:38:00+00:00, run_after=2026-01-08 09:40:00+00:00
[2026-01-08T09:39:58.759+0000] {processor.py:183} INFO - Processing /opt/airflow/dags/prediction_dag.py took 0.507 seconds
[2026-01-08T09:40:29.613+0000] {processor.py:161} INFO - Started process (PID=5340) to work on /opt/airflow/dags/prediction_dag.py
[2026-01-08T09:40:29.616+0000] {processor.py:830} INFO - Processing file /opt/airflow/dags/prediction_dag.py for tasks to queue
[2026-01-08T09:40:29.618+0000] {logging_mixin.py:188} INFO - [2026-01-08T09:40:29.617+0000] {dagbag.py:540} INFO - Filling up the DagBag from /opt/airflow/dags/prediction_dag.py
[2026-01-08T09:40:29.658+0000] {processor.py:840} INFO - DAG(s) 'prediction_dag' retrieved from /opt/airflow/dags/prediction_dag.py
[2026-01-08T09:40:29.717+0000] {logging_mixin.py:188} INFO - [2026-01-08T09:40:29.717+0000] {dag.py:3047} INFO - Sync 1 DAGs
[2026-01-08T09:40:29.756+0000] {logging_mixin.py:188} INFO - [2026-01-08T09:40:29.756+0000] {dag.py:3834} INFO - Setting next_dagrun for prediction_dag to 2026-01-08 09:40:00+00:00, run_after=2026-01-08 09:42:00+00:00
[2026-01-08T09:40:29.774+0000] {processor.py:183} INFO - Processing /opt/airflow/dags/prediction_dag.py took 0.177 seconds
[2026-01-08T09:41:00.165+0000] {processor.py:161} INFO - Started process (PID=5358) to work on /opt/airflow/dags/prediction_dag.py
[2026-01-08T09:41:00.169+0000] {processor.py:830} INFO - Processing file /opt/airflow/dags/prediction_dag.py for tasks to queue
[2026-01-08T09:41:00.171+0000] {logging_mixin.py:188} INFO - [2026-01-08T09:41:00.170+0000] {dagbag.py:540} INFO - Filling up the DagBag from /opt/airflow/dags/prediction_dag.py
[2026-01-08T09:41:00.331+0000] {processor.py:840} INFO - DAG(s) 'prediction_dag' retrieved from /opt/airflow/dags/prediction_dag.py
[2026-01-08T09:41:00.407+0000] {logging_mixin.py:188} INFO - [2026-01-08T09:41:00.406+0000] {dag.py:3047} INFO - Sync 1 DAGs
[2026-01-08T09:41:00.445+0000] {logging_mixin.py:188} INFO - [2026-01-08T09:41:00.445+0000] {dag.py:3834} INFO - Setting next_dagrun for prediction_dag to 2026-01-08 09:40:00+00:00, run_after=2026-01-08 09:42:00+00:00
[2026-01-08T09:41:00.462+0000] {processor.py:183} INFO - Processing /opt/airflow/dags/prediction_dag.py took 0.319 seconds
[2026-01-08T09:41:30.977+0000] {processor.py:161} INFO - Started process (PID=5438) to work on /opt/airflow/dags/prediction_dag.py
[2026-01-08T09:41:30.983+0000] {processor.py:830} INFO - Processing file /opt/airflow/dags/prediction_dag.py for tasks to queue
[2026-01-08T09:41:30.986+0000] {logging_mixin.py:188} INFO - [2026-01-08T09:41:30.985+0000] {dagbag.py:540} INFO - Filling up the DagBag from /opt/airflow/dags/prediction_dag.py
[2026-01-08T09:41:31.039+0000] {processor.py:840} INFO - DAG(s) 'prediction_dag' retrieved from /opt/airflow/dags/prediction_dag.py
[2026-01-08T09:41:31.162+0000] {logging_mixin.py:188} INFO - [2026-01-08T09:41:31.162+0000] {dag.py:3047} INFO - Sync 1 DAGs
[2026-01-08T09:41:31.222+0000] {logging_mixin.py:188} INFO - [2026-01-08T09:41:31.222+0000] {dag.py:3834} INFO - Setting next_dagrun for prediction_dag to 2026-01-08 09:40:00+00:00, run_after=2026-01-08 09:42:00+00:00
[2026-01-08T09:41:31.252+0000] {processor.py:183} INFO - Processing /opt/airflow/dags/prediction_dag.py took 0.291 seconds
[2026-01-08T09:42:01.680+0000] {processor.py:161} INFO - Started process (PID=5460) to work on /opt/airflow/dags/prediction_dag.py
[2026-01-08T09:42:01.682+0000] {processor.py:830} INFO - Processing file /opt/airflow/dags/prediction_dag.py for tasks to queue
[2026-01-08T09:42:01.683+0000] {logging_mixin.py:188} INFO - [2026-01-08T09:42:01.682+0000] {dagbag.py:540} INFO - Filling up the DagBag from /opt/airflow/dags/prediction_dag.py
[2026-01-08T09:42:01.699+0000] {processor.py:840} INFO - DAG(s) 'prediction_dag' retrieved from /opt/airflow/dags/prediction_dag.py
[2026-01-08T09:42:01.732+0000] {logging_mixin.py:188} INFO - [2026-01-08T09:42:01.731+0000] {dag.py:3047} INFO - Sync 1 DAGs
[2026-01-08T09:42:01.768+0000] {logging_mixin.py:188} INFO - [2026-01-08T09:42:01.768+0000] {dag.py:3834} INFO - Setting next_dagrun for prediction_dag to 2026-01-08 09:42:00+00:00, run_after=2026-01-08 09:44:00+00:00
[2026-01-08T09:42:01.798+0000] {processor.py:183} INFO - Processing /opt/airflow/dags/prediction_dag.py took 0.126 seconds
[2026-01-08T09:42:32.077+0000] {processor.py:161} INFO - Started process (PID=5542) to work on /opt/airflow/dags/prediction_dag.py
[2026-01-08T09:42:32.079+0000] {processor.py:830} INFO - Processing file /opt/airflow/dags/prediction_dag.py for tasks to queue
[2026-01-08T09:42:32.080+0000] {logging_mixin.py:188} INFO - [2026-01-08T09:42:32.080+0000] {dagbag.py:540} INFO - Filling up the DagBag from /opt/airflow/dags/prediction_dag.py
[2026-01-08T09:42:32.109+0000] {processor.py:840} INFO - DAG(s) 'prediction_dag' retrieved from /opt/airflow/dags/prediction_dag.py
[2026-01-08T09:42:32.168+0000] {logging_mixin.py:188} INFO - [2026-01-08T09:42:32.167+0000] {dag.py:3047} INFO - Sync 1 DAGs
[2026-01-08T09:42:32.207+0000] {logging_mixin.py:188} INFO - [2026-01-08T09:42:32.206+0000] {dag.py:3834} INFO - Setting next_dagrun for prediction_dag to 2026-01-08 09:42:00+00:00, run_after=2026-01-08 09:44:00+00:00
[2026-01-08T09:42:32.232+0000] {processor.py:183} INFO - Processing /opt/airflow/dags/prediction_dag.py took 0.168 seconds
[2026-01-08T09:43:02.302+0000] {processor.py:161} INFO - Started process (PID=5569) to work on /opt/airflow/dags/prediction_dag.py
[2026-01-08T09:43:02.308+0000] {processor.py:830} INFO - Processing file /opt/airflow/dags/prediction_dag.py for tasks to queue
[2026-01-08T09:43:02.310+0000] {logging_mixin.py:188} INFO - [2026-01-08T09:43:02.309+0000] {dagbag.py:540} INFO - Filling up the DagBag from /opt/airflow/dags/prediction_dag.py
[2026-01-08T09:43:02.355+0000] {processor.py:840} INFO - DAG(s) 'prediction_dag' retrieved from /opt/airflow/dags/prediction_dag.py
[2026-01-08T09:43:02.410+0000] {logging_mixin.py:188} INFO - [2026-01-08T09:43:02.410+0000] {dag.py:3047} INFO - Sync 1 DAGs
[2026-01-08T09:43:02.447+0000] {logging_mixin.py:188} INFO - [2026-01-08T09:43:02.447+0000] {dag.py:3834} INFO - Setting next_dagrun for prediction_dag to 2026-01-08 09:42:00+00:00, run_after=2026-01-08 09:44:00+00:00
[2026-01-08T09:43:02.466+0000] {processor.py:183} INFO - Processing /opt/airflow/dags/prediction_dag.py took 0.176 seconds
[2026-01-08T09:43:32.857+0000] {processor.py:161} INFO - Started process (PID=5640) to work on /opt/airflow/dags/prediction_dag.py
[2026-01-08T09:43:32.859+0000] {processor.py:830} INFO - Processing file /opt/airflow/dags/prediction_dag.py for tasks to queue
[2026-01-08T09:43:32.864+0000] {logging_mixin.py:188} INFO - [2026-01-08T09:43:32.862+0000] {dagbag.py:540} INFO - Filling up the DagBag from /opt/airflow/dags/prediction_dag.py
[2026-01-08T09:43:32.902+0000] {processor.py:840} INFO - DAG(s) 'prediction_dag' retrieved from /opt/airflow/dags/prediction_dag.py
[2026-01-08T09:43:32.966+0000] {logging_mixin.py:188} INFO - [2026-01-08T09:43:32.966+0000] {dag.py:3047} INFO - Sync 1 DAGs
[2026-01-08T09:43:33.006+0000] {logging_mixin.py:188} INFO - [2026-01-08T09:43:33.006+0000] {dag.py:3834} INFO - Setting next_dagrun for prediction_dag to 2026-01-08 09:42:00+00:00, run_after=2026-01-08 09:44:00+00:00
[2026-01-08T09:43:33.023+0000] {processor.py:183} INFO - Processing /opt/airflow/dags/prediction_dag.py took 0.178 seconds
[2026-01-08T09:44:03.163+0000] {processor.py:161} INFO - Started process (PID=5674) to work on /opt/airflow/dags/prediction_dag.py
[2026-01-08T09:44:03.165+0000] {processor.py:830} INFO - Processing file /opt/airflow/dags/prediction_dag.py for tasks to queue
[2026-01-08T09:44:03.165+0000] {logging_mixin.py:188} INFO - [2026-01-08T09:44:03.165+0000] {dagbag.py:540} INFO - Filling up the DagBag from /opt/airflow/dags/prediction_dag.py
[2026-01-08T09:44:03.177+0000] {processor.py:840} INFO - DAG(s) 'prediction_dag' retrieved from /opt/airflow/dags/prediction_dag.py
[2026-01-08T09:44:03.208+0000] {logging_mixin.py:188} INFO - [2026-01-08T09:44:03.208+0000] {dag.py:3047} INFO - Sync 1 DAGs
[2026-01-08T09:44:03.226+0000] {logging_mixin.py:188} INFO - [2026-01-08T09:44:03.226+0000] {dag.py:3834} INFO - Setting next_dagrun for prediction_dag to 2026-01-08 09:44:00+00:00, run_after=2026-01-08 09:46:00+00:00
[2026-01-08T09:44:03.239+0000] {processor.py:183} INFO - Processing /opt/airflow/dags/prediction_dag.py took 0.079 seconds
[2026-01-08T09:44:33.738+0000] {processor.py:161} INFO - Started process (PID=5744) to work on /opt/airflow/dags/prediction_dag.py
[2026-01-08T09:44:33.741+0000] {processor.py:830} INFO - Processing file /opt/airflow/dags/prediction_dag.py for tasks to queue
[2026-01-08T09:44:33.744+0000] {logging_mixin.py:188} INFO - [2026-01-08T09:44:33.743+0000] {dagbag.py:540} INFO - Filling up the DagBag from /opt/airflow/dags/prediction_dag.py
[2026-01-08T09:44:33.793+0000] {processor.py:840} INFO - DAG(s) 'prediction_dag' retrieved from /opt/airflow/dags/prediction_dag.py
[2026-01-08T09:44:33.853+0000] {logging_mixin.py:188} INFO - [2026-01-08T09:44:33.852+0000] {dag.py:3047} INFO - Sync 1 DAGs
[2026-01-08T09:44:33.889+0000] {logging_mixin.py:188} INFO - [2026-01-08T09:44:33.889+0000] {dag.py:3834} INFO - Setting next_dagrun for prediction_dag to 2026-01-08 09:44:00+00:00, run_after=2026-01-08 09:46:00+00:00
[2026-01-08T09:44:33.907+0000] {processor.py:183} INFO - Processing /opt/airflow/dags/prediction_dag.py took 0.186 seconds
[2026-01-08T09:45:04.255+0000] {processor.py:161} INFO - Started process (PID=5772) to work on /opt/airflow/dags/prediction_dag.py
[2026-01-08T09:45:04.258+0000] {processor.py:830} INFO - Processing file /opt/airflow/dags/prediction_dag.py for tasks to queue
[2026-01-08T09:45:04.259+0000] {logging_mixin.py:188} INFO - [2026-01-08T09:45:04.258+0000] {dagbag.py:540} INFO - Filling up the DagBag from /opt/airflow/dags/prediction_dag.py
[2026-01-08T09:45:04.280+0000] {processor.py:840} INFO - DAG(s) 'prediction_dag' retrieved from /opt/airflow/dags/prediction_dag.py
[2026-01-08T09:45:04.319+0000] {logging_mixin.py:188} INFO - [2026-01-08T09:45:04.318+0000] {dag.py:3047} INFO - Sync 1 DAGs
[2026-01-08T09:45:04.355+0000] {logging_mixin.py:188} INFO - [2026-01-08T09:45:04.355+0000] {dag.py:3834} INFO - Setting next_dagrun for prediction_dag to 2026-01-08 09:44:00+00:00, run_after=2026-01-08 09:46:00+00:00
[2026-01-08T09:45:04.373+0000] {processor.py:183} INFO - Processing /opt/airflow/dags/prediction_dag.py took 0.132 seconds
[2026-01-08T09:45:34.864+0000] {processor.py:161} INFO - Started process (PID=5842) to work on /opt/airflow/dags/prediction_dag.py
[2026-01-08T09:45:34.866+0000] {processor.py:830} INFO - Processing file /opt/airflow/dags/prediction_dag.py for tasks to queue
[2026-01-08T09:45:34.869+0000] {logging_mixin.py:188} INFO - [2026-01-08T09:45:34.868+0000] {dagbag.py:540} INFO - Filling up the DagBag from /opt/airflow/dags/prediction_dag.py
[2026-01-08T09:45:34.900+0000] {processor.py:840} INFO - DAG(s) 'prediction_dag' retrieved from /opt/airflow/dags/prediction_dag.py
[2026-01-08T09:45:34.943+0000] {logging_mixin.py:188} INFO - [2026-01-08T09:45:34.943+0000] {dag.py:3047} INFO - Sync 1 DAGs
[2026-01-08T09:45:34.977+0000] {logging_mixin.py:188} INFO - [2026-01-08T09:45:34.977+0000] {dag.py:3834} INFO - Setting next_dagrun for prediction_dag to 2026-01-08 09:44:00+00:00, run_after=2026-01-08 09:46:00+00:00
[2026-01-08T09:45:34.996+0000] {processor.py:183} INFO - Processing /opt/airflow/dags/prediction_dag.py took 0.142 seconds
[2026-01-08T09:46:05.376+0000] {processor.py:161} INFO - Started process (PID=5885) to work on /opt/airflow/dags/prediction_dag.py
[2026-01-08T09:46:05.379+0000] {processor.py:830} INFO - Processing file /opt/airflow/dags/prediction_dag.py for tasks to queue
[2026-01-08T09:46:05.383+0000] {logging_mixin.py:188} INFO - [2026-01-08T09:46:05.380+0000] {dagbag.py:540} INFO - Filling up the DagBag from /opt/airflow/dags/prediction_dag.py
[2026-01-08T09:46:05.452+0000] {processor.py:840} INFO - DAG(s) 'prediction_dag' retrieved from /opt/airflow/dags/prediction_dag.py
[2026-01-08T09:46:05.556+0000] {logging_mixin.py:188} INFO - [2026-01-08T09:46:05.556+0000] {dag.py:3047} INFO - Sync 1 DAGs
[2026-01-08T09:46:05.611+0000] {logging_mixin.py:188} INFO - [2026-01-08T09:46:05.611+0000] {dag.py:3834} INFO - Setting next_dagrun for prediction_dag to 2026-01-08 09:46:00+00:00, run_after=2026-01-08 09:48:00+00:00
[2026-01-08T09:46:05.648+0000] {processor.py:183} INFO - Processing /opt/airflow/dags/prediction_dag.py took 0.276 seconds
[2026-01-08T09:46:36.125+0000] {processor.py:161} INFO - Started process (PID=5944) to work on /opt/airflow/dags/prediction_dag.py
[2026-01-08T09:46:36.129+0000] {processor.py:830} INFO - Processing file /opt/airflow/dags/prediction_dag.py for tasks to queue
[2026-01-08T09:46:36.133+0000] {logging_mixin.py:188} INFO - [2026-01-08T09:46:36.132+0000] {dagbag.py:540} INFO - Filling up the DagBag from /opt/airflow/dags/prediction_dag.py
[2026-01-08T09:46:36.292+0000] {processor.py:840} INFO - DAG(s) 'prediction_dag' retrieved from /opt/airflow/dags/prediction_dag.py
[2026-01-08T09:46:36.395+0000] {logging_mixin.py:188} INFO - [2026-01-08T09:46:36.395+0000] {dag.py:3047} INFO - Sync 1 DAGs
[2026-01-08T09:46:36.487+0000] {logging_mixin.py:188} INFO - [2026-01-08T09:46:36.487+0000] {dag.py:3834} INFO - Setting next_dagrun for prediction_dag to 2026-01-08 09:46:00+00:00, run_after=2026-01-08 09:48:00+00:00
[2026-01-08T09:46:36.535+0000] {processor.py:183} INFO - Processing /opt/airflow/dags/prediction_dag.py took 0.431 seconds
[2026-01-08T09:47:06.817+0000] {processor.py:161} INFO - Started process (PID=5971) to work on /opt/airflow/dags/prediction_dag.py
[2026-01-08T09:47:06.819+0000] {processor.py:830} INFO - Processing file /opt/airflow/dags/prediction_dag.py for tasks to queue
[2026-01-08T09:47:06.820+0000] {logging_mixin.py:188} INFO - [2026-01-08T09:47:06.819+0000] {dagbag.py:540} INFO - Filling up the DagBag from /opt/airflow/dags/prediction_dag.py
[2026-01-08T09:47:06.849+0000] {processor.py:840} INFO - DAG(s) 'prediction_dag' retrieved from /opt/airflow/dags/prediction_dag.py
[2026-01-08T09:47:06.897+0000] {logging_mixin.py:188} INFO - [2026-01-08T09:47:06.897+0000] {dag.py:3047} INFO - Sync 1 DAGs
[2026-01-08T09:47:06.937+0000] {logging_mixin.py:188} INFO - [2026-01-08T09:47:06.937+0000] {dag.py:3834} INFO - Setting next_dagrun for prediction_dag to 2026-01-08 09:46:00+00:00, run_after=2026-01-08 09:48:00+00:00
[2026-01-08T09:47:06.956+0000] {processor.py:183} INFO - Processing /opt/airflow/dags/prediction_dag.py took 0.151 seconds
[2026-01-08T09:47:37.571+0000] {processor.py:161} INFO - Started process (PID=6031) to work on /opt/airflow/dags/prediction_dag.py
[2026-01-08T09:47:37.573+0000] {processor.py:830} INFO - Processing file /opt/airflow/dags/prediction_dag.py for tasks to queue
[2026-01-08T09:47:37.575+0000] {logging_mixin.py:188} INFO - [2026-01-08T09:47:37.574+0000] {dagbag.py:540} INFO - Filling up the DagBag from /opt/airflow/dags/prediction_dag.py
[2026-01-08T09:47:37.604+0000] {processor.py:840} INFO - DAG(s) 'prediction_dag' retrieved from /opt/airflow/dags/prediction_dag.py
[2026-01-08T09:47:37.657+0000] {logging_mixin.py:188} INFO - [2026-01-08T09:47:37.656+0000] {dag.py:3047} INFO - Sync 1 DAGs
[2026-01-08T09:47:37.698+0000] {logging_mixin.py:188} INFO - [2026-01-08T09:47:37.698+0000] {dag.py:3834} INFO - Setting next_dagrun for prediction_dag to 2026-01-08 09:46:00+00:00, run_after=2026-01-08 09:48:00+00:00
[2026-01-08T09:47:37.716+0000] {processor.py:183} INFO - Processing /opt/airflow/dags/prediction_dag.py took 0.162 seconds
[2026-01-08T09:48:07.787+0000] {processor.py:161} INFO - Started process (PID=6077) to work on /opt/airflow/dags/prediction_dag.py
[2026-01-08T09:48:07.789+0000] {processor.py:830} INFO - Processing file /opt/airflow/dags/prediction_dag.py for tasks to queue
[2026-01-08T09:48:07.790+0000] {logging_mixin.py:188} INFO - [2026-01-08T09:48:07.790+0000] {dagbag.py:540} INFO - Filling up the DagBag from /opt/airflow/dags/prediction_dag.py
[2026-01-08T09:48:07.821+0000] {processor.py:840} INFO - DAG(s) 'prediction_dag' retrieved from /opt/airflow/dags/prediction_dag.py
[2026-01-08T09:48:07.877+0000] {logging_mixin.py:188} INFO - [2026-01-08T09:48:07.876+0000] {dag.py:3047} INFO - Sync 1 DAGs
[2026-01-08T09:48:07.923+0000] {logging_mixin.py:188} INFO - [2026-01-08T09:48:07.922+0000] {dag.py:3834} INFO - Setting next_dagrun for prediction_dag to 2026-01-08 09:48:00+00:00, run_after=2026-01-08 09:50:00+00:00
[2026-01-08T09:48:07.950+0000] {processor.py:183} INFO - Processing /opt/airflow/dags/prediction_dag.py took 0.170 seconds
[2026-01-08T09:48:38.474+0000] {processor.py:161} INFO - Started process (PID=6135) to work on /opt/airflow/dags/prediction_dag.py
[2026-01-08T09:48:38.476+0000] {processor.py:830} INFO - Processing file /opt/airflow/dags/prediction_dag.py for tasks to queue
[2026-01-08T09:48:38.478+0000] {logging_mixin.py:188} INFO - [2026-01-08T09:48:38.477+0000] {dagbag.py:540} INFO - Filling up the DagBag from /opt/airflow/dags/prediction_dag.py
[2026-01-08T09:48:38.510+0000] {processor.py:840} INFO - DAG(s) 'prediction_dag' retrieved from /opt/airflow/dags/prediction_dag.py
[2026-01-08T09:48:38.560+0000] {logging_mixin.py:188} INFO - [2026-01-08T09:48:38.560+0000] {dag.py:3047} INFO - Sync 1 DAGs
[2026-01-08T09:48:38.599+0000] {logging_mixin.py:188} INFO - [2026-01-08T09:48:38.599+0000] {dag.py:3834} INFO - Setting next_dagrun for prediction_dag to 2026-01-08 09:48:00+00:00, run_after=2026-01-08 09:50:00+00:00
[2026-01-08T09:48:38.615+0000] {processor.py:183} INFO - Processing /opt/airflow/dags/prediction_dag.py took 0.150 seconds
[2026-01-08T09:49:08.966+0000] {processor.py:161} INFO - Started process (PID=6182) to work on /opt/airflow/dags/prediction_dag.py
[2026-01-08T09:49:08.971+0000] {processor.py:830} INFO - Processing file /opt/airflow/dags/prediction_dag.py for tasks to queue
[2026-01-08T09:49:08.973+0000] {logging_mixin.py:188} INFO - [2026-01-08T09:49:08.972+0000] {dagbag.py:540} INFO - Filling up the DagBag from /opt/airflow/dags/prediction_dag.py
[2026-01-08T09:49:09.018+0000] {processor.py:840} INFO - DAG(s) 'prediction_dag' retrieved from /opt/airflow/dags/prediction_dag.py
[2026-01-08T09:49:09.096+0000] {logging_mixin.py:188} INFO - [2026-01-08T09:49:09.096+0000] {dag.py:3047} INFO - Sync 1 DAGs
[2026-01-08T09:49:09.176+0000] {logging_mixin.py:188} INFO - [2026-01-08T09:49:09.175+0000] {dag.py:3834} INFO - Setting next_dagrun for prediction_dag to 2026-01-08 09:48:00+00:00, run_after=2026-01-08 09:50:00+00:00
[2026-01-08T09:49:09.200+0000] {processor.py:183} INFO - Processing /opt/airflow/dags/prediction_dag.py took 0.248 seconds
[2026-01-08T09:49:39.410+0000] {processor.py:161} INFO - Started process (PID=6233) to work on /opt/airflow/dags/prediction_dag.py
[2026-01-08T09:49:39.413+0000] {processor.py:830} INFO - Processing file /opt/airflow/dags/prediction_dag.py for tasks to queue
[2026-01-08T09:49:39.414+0000] {logging_mixin.py:188} INFO - [2026-01-08T09:49:39.413+0000] {dagbag.py:540} INFO - Filling up the DagBag from /opt/airflow/dags/prediction_dag.py
[2026-01-08T09:49:39.444+0000] {processor.py:840} INFO - DAG(s) 'prediction_dag' retrieved from /opt/airflow/dags/prediction_dag.py
[2026-01-08T09:49:39.498+0000] {logging_mixin.py:188} INFO - [2026-01-08T09:49:39.498+0000] {dag.py:3047} INFO - Sync 1 DAGs
[2026-01-08T09:49:39.530+0000] {logging_mixin.py:188} INFO - [2026-01-08T09:49:39.530+0000] {dag.py:3834} INFO - Setting next_dagrun for prediction_dag to 2026-01-08 09:48:00+00:00, run_after=2026-01-08 09:50:00+00:00
[2026-01-08T09:49:39.544+0000] {processor.py:183} INFO - Processing /opt/airflow/dags/prediction_dag.py took 0.144 seconds
[2026-01-08T09:50:09.770+0000] {processor.py:161} INFO - Started process (PID=6292) to work on /opt/airflow/dags/prediction_dag.py
[2026-01-08T09:50:09.773+0000] {processor.py:830} INFO - Processing file /opt/airflow/dags/prediction_dag.py for tasks to queue
[2026-01-08T09:50:09.775+0000] {logging_mixin.py:188} INFO - [2026-01-08T09:50:09.774+0000] {dagbag.py:540} INFO - Filling up the DagBag from /opt/airflow/dags/prediction_dag.py
[2026-01-08T09:50:09.806+0000] {processor.py:840} INFO - DAG(s) 'prediction_dag' retrieved from /opt/airflow/dags/prediction_dag.py
[2026-01-08T09:50:09.869+0000] {logging_mixin.py:188} INFO - [2026-01-08T09:50:09.869+0000] {dag.py:3047} INFO - Sync 1 DAGs
[2026-01-08T09:50:09.902+0000] {logging_mixin.py:188} INFO - [2026-01-08T09:50:09.901+0000] {dag.py:3834} INFO - Setting next_dagrun for prediction_dag to 2026-01-08 09:50:00+00:00, run_after=2026-01-08 09:52:00+00:00
[2026-01-08T09:50:09.918+0000] {processor.py:183} INFO - Processing /opt/airflow/dags/prediction_dag.py took 0.160 seconds
[2026-01-08T09:50:40.289+0000] {processor.py:161} INFO - Started process (PID=6337) to work on /opt/airflow/dags/prediction_dag.py
[2026-01-08T09:50:40.292+0000] {processor.py:830} INFO - Processing file /opt/airflow/dags/prediction_dag.py for tasks to queue
[2026-01-08T09:50:40.293+0000] {logging_mixin.py:188} INFO - [2026-01-08T09:50:40.293+0000] {dagbag.py:540} INFO - Filling up the DagBag from /opt/airflow/dags/prediction_dag.py
[2026-01-08T09:50:40.332+0000] {processor.py:840} INFO - DAG(s) 'prediction_dag' retrieved from /opt/airflow/dags/prediction_dag.py
[2026-01-08T09:50:40.382+0000] {logging_mixin.py:188} INFO - [2026-01-08T09:50:40.381+0000] {dag.py:3047} INFO - Sync 1 DAGs
[2026-01-08T09:50:40.419+0000] {logging_mixin.py:188} INFO - [2026-01-08T09:50:40.419+0000] {dag.py:3834} INFO - Setting next_dagrun for prediction_dag to 2026-01-08 09:50:00+00:00, run_after=2026-01-08 09:52:00+00:00
[2026-01-08T09:50:40.440+0000] {processor.py:183} INFO - Processing /opt/airflow/dags/prediction_dag.py took 0.164 seconds
[2026-01-08T09:51:10.820+0000] {processor.py:161} INFO - Started process (PID=6393) to work on /opt/airflow/dags/prediction_dag.py
[2026-01-08T09:51:10.823+0000] {processor.py:830} INFO - Processing file /opt/airflow/dags/prediction_dag.py for tasks to queue
[2026-01-08T09:51:10.825+0000] {logging_mixin.py:188} INFO - [2026-01-08T09:51:10.824+0000] {dagbag.py:540} INFO - Filling up the DagBag from /opt/airflow/dags/prediction_dag.py
[2026-01-08T09:51:10.870+0000] {processor.py:840} INFO - DAG(s) 'prediction_dag' retrieved from /opt/airflow/dags/prediction_dag.py
[2026-01-08T09:51:10.984+0000] {logging_mixin.py:188} INFO - [2026-01-08T09:51:10.984+0000] {dag.py:3047} INFO - Sync 1 DAGs
[2026-01-08T09:51:11.291+0000] {logging_mixin.py:188} INFO - [2026-01-08T09:51:11.284+0000] {dag.py:3834} INFO - Setting next_dagrun for prediction_dag to 2026-01-08 09:50:00+00:00, run_after=2026-01-08 09:52:00+00:00
[2026-01-08T09:51:11.472+0000] {processor.py:183} INFO - Processing /opt/airflow/dags/prediction_dag.py took 0.666 seconds
[2026-01-08T09:51:42.084+0000] {processor.py:161} INFO - Started process (PID=6435) to work on /opt/airflow/dags/prediction_dag.py
[2026-01-08T09:51:42.087+0000] {processor.py:830} INFO - Processing file /opt/airflow/dags/prediction_dag.py for tasks to queue
[2026-01-08T09:51:42.089+0000] {logging_mixin.py:188} INFO - [2026-01-08T09:51:42.088+0000] {dagbag.py:540} INFO - Filling up the DagBag from /opt/airflow/dags/prediction_dag.py
[2026-01-08T09:51:42.117+0000] {processor.py:840} INFO - DAG(s) 'prediction_dag' retrieved from /opt/airflow/dags/prediction_dag.py
[2026-01-08T09:51:42.167+0000] {logging_mixin.py:188} INFO - [2026-01-08T09:51:42.167+0000] {dag.py:3047} INFO - Sync 1 DAGs
[2026-01-08T09:51:42.202+0000] {logging_mixin.py:188} INFO - [2026-01-08T09:51:42.202+0000] {dag.py:3834} INFO - Setting next_dagrun for prediction_dag to 2026-01-08 09:50:00+00:00, run_after=2026-01-08 09:52:00+00:00
[2026-01-08T09:51:42.216+0000] {processor.py:183} INFO - Processing /opt/airflow/dags/prediction_dag.py took 0.143 seconds
[2026-01-08T09:52:12.689+0000] {processor.py:161} INFO - Started process (PID=6518) to work on /opt/airflow/dags/prediction_dag.py
[2026-01-08T09:52:12.693+0000] {processor.py:830} INFO - Processing file /opt/airflow/dags/prediction_dag.py for tasks to queue
[2026-01-08T09:52:12.696+0000] {logging_mixin.py:188} INFO - [2026-01-08T09:52:12.695+0000] {dagbag.py:540} INFO - Filling up the DagBag from /opt/airflow/dags/prediction_dag.py
[2026-01-08T09:52:12.766+0000] {processor.py:840} INFO - DAG(s) 'prediction_dag' retrieved from /opt/airflow/dags/prediction_dag.py
[2026-01-08T09:52:12.894+0000] {logging_mixin.py:188} INFO - [2026-01-08T09:52:12.894+0000] {dag.py:3047} INFO - Sync 1 DAGs
[2026-01-08T09:52:12.956+0000] {logging_mixin.py:188} INFO - [2026-01-08T09:52:12.956+0000] {dag.py:3834} INFO - Setting next_dagrun for prediction_dag to 2026-01-08 09:52:00+00:00, run_after=2026-01-08 09:54:00+00:00
[2026-01-08T09:52:12.982+0000] {processor.py:183} INFO - Processing /opt/airflow/dags/prediction_dag.py took 0.309 seconds
[2026-01-08T09:52:43.249+0000] {processor.py:161} INFO - Started process (PID=6539) to work on /opt/airflow/dags/prediction_dag.py
[2026-01-08T09:52:43.252+0000] {processor.py:830} INFO - Processing file /opt/airflow/dags/prediction_dag.py for tasks to queue
[2026-01-08T09:52:43.253+0000] {logging_mixin.py:188} INFO - [2026-01-08T09:52:43.253+0000] {dagbag.py:540} INFO - Filling up the DagBag from /opt/airflow/dags/prediction_dag.py
[2026-01-08T09:52:43.288+0000] {processor.py:840} INFO - DAG(s) 'prediction_dag' retrieved from /opt/airflow/dags/prediction_dag.py
[2026-01-08T09:52:43.341+0000] {logging_mixin.py:188} INFO - [2026-01-08T09:52:43.340+0000] {dag.py:3047} INFO - Sync 1 DAGs
[2026-01-08T09:52:43.381+0000] {logging_mixin.py:188} INFO - [2026-01-08T09:52:43.381+0000] {dag.py:3834} INFO - Setting next_dagrun for prediction_dag to 2026-01-08 09:52:00+00:00, run_after=2026-01-08 09:54:00+00:00
[2026-01-08T09:52:43.397+0000] {processor.py:183} INFO - Processing /opt/airflow/dags/prediction_dag.py took 0.165 seconds
[2026-01-08T09:53:13.783+0000] {processor.py:161} INFO - Started process (PID=6619) to work on /opt/airflow/dags/prediction_dag.py
[2026-01-08T09:53:13.788+0000] {processor.py:830} INFO - Processing file /opt/airflow/dags/prediction_dag.py for tasks to queue
[2026-01-08T09:53:13.794+0000] {logging_mixin.py:188} INFO - [2026-01-08T09:53:13.790+0000] {dagbag.py:540} INFO - Filling up the DagBag from /opt/airflow/dags/prediction_dag.py
[2026-01-08T09:53:13.835+0000] {processor.py:840} INFO - DAG(s) 'prediction_dag' retrieved from /opt/airflow/dags/prediction_dag.py
[2026-01-08T09:53:13.889+0000] {logging_mixin.py:188} INFO - [2026-01-08T09:53:13.889+0000] {dag.py:3047} INFO - Sync 1 DAGs
[2026-01-08T09:53:13.929+0000] {logging_mixin.py:188} INFO - [2026-01-08T09:53:13.929+0000] {dag.py:3834} INFO - Setting next_dagrun for prediction_dag to 2026-01-08 09:52:00+00:00, run_after=2026-01-08 09:54:00+00:00
[2026-01-08T09:53:13.949+0000] {processor.py:183} INFO - Processing /opt/airflow/dags/prediction_dag.py took 0.209 seconds
[2026-01-08T09:53:44.132+0000] {processor.py:161} INFO - Started process (PID=6637) to work on /opt/airflow/dags/prediction_dag.py
[2026-01-08T09:53:44.135+0000] {processor.py:830} INFO - Processing file /opt/airflow/dags/prediction_dag.py for tasks to queue
[2026-01-08T09:53:44.136+0000] {logging_mixin.py:188} INFO - [2026-01-08T09:53:44.136+0000] {dagbag.py:540} INFO - Filling up the DagBag from /opt/airflow/dags/prediction_dag.py
[2026-01-08T09:53:44.167+0000] {processor.py:840} INFO - DAG(s) 'prediction_dag' retrieved from /opt/airflow/dags/prediction_dag.py
[2026-01-08T09:53:44.205+0000] {logging_mixin.py:188} INFO - [2026-01-08T09:53:44.205+0000] {dag.py:3047} INFO - Sync 1 DAGs
[2026-01-08T09:53:44.231+0000] {logging_mixin.py:188} INFO - [2026-01-08T09:53:44.231+0000] {dag.py:3834} INFO - Setting next_dagrun for prediction_dag to 2026-01-08 09:52:00+00:00, run_after=2026-01-08 09:54:00+00:00
[2026-01-08T09:53:44.243+0000] {processor.py:183} INFO - Processing /opt/airflow/dags/prediction_dag.py took 0.124 seconds
[2026-01-08T09:54:14.749+0000] {processor.py:161} INFO - Started process (PID=6723) to work on /opt/airflow/dags/prediction_dag.py
[2026-01-08T09:54:14.752+0000] {processor.py:830} INFO - Processing file /opt/airflow/dags/prediction_dag.py for tasks to queue
[2026-01-08T09:54:14.754+0000] {logging_mixin.py:188} INFO - [2026-01-08T09:54:14.753+0000] {dagbag.py:540} INFO - Filling up the DagBag from /opt/airflow/dags/prediction_dag.py
[2026-01-08T09:54:14.782+0000] {processor.py:840} INFO - DAG(s) 'prediction_dag' retrieved from /opt/airflow/dags/prediction_dag.py
[2026-01-08T09:54:14.813+0000] {logging_mixin.py:188} INFO - [2026-01-08T09:54:14.813+0000] {dag.py:3047} INFO - Sync 1 DAGs
[2026-01-08T09:54:14.840+0000] {logging_mixin.py:188} INFO - [2026-01-08T09:54:14.840+0000] {dag.py:3834} INFO - Setting next_dagrun for prediction_dag to 2026-01-08 09:54:00+00:00, run_after=2026-01-08 09:56:00+00:00
[2026-01-08T09:54:14.852+0000] {processor.py:183} INFO - Processing /opt/airflow/dags/prediction_dag.py took 0.110 seconds
[2026-01-08T09:54:45.239+0000] {processor.py:161} INFO - Started process (PID=6732) to work on /opt/airflow/dags/prediction_dag.py
[2026-01-08T09:54:45.242+0000] {processor.py:830} INFO - Processing file /opt/airflow/dags/prediction_dag.py for tasks to queue
[2026-01-08T09:54:45.243+0000] {logging_mixin.py:188} INFO - [2026-01-08T09:54:45.243+0000] {dagbag.py:540} INFO - Filling up the DagBag from /opt/airflow/dags/prediction_dag.py
[2026-01-08T09:54:45.267+0000] {processor.py:840} INFO - DAG(s) 'prediction_dag' retrieved from /opt/airflow/dags/prediction_dag.py
[2026-01-08T09:54:45.319+0000] {logging_mixin.py:188} INFO - [2026-01-08T09:54:45.318+0000] {dag.py:3047} INFO - Sync 1 DAGs
[2026-01-08T09:54:45.402+0000] {logging_mixin.py:188} INFO - [2026-01-08T09:54:45.402+0000] {dag.py:3834} INFO - Setting next_dagrun for prediction_dag to 2026-01-08 09:54:00+00:00, run_after=2026-01-08 09:56:00+00:00
[2026-01-08T09:54:45.422+0000] {processor.py:183} INFO - Processing /opt/airflow/dags/prediction_dag.py took 0.192 seconds
[2026-01-08T09:55:15.775+0000] {processor.py:161} INFO - Started process (PID=6808) to work on /opt/airflow/dags/prediction_dag.py
[2026-01-08T09:55:15.778+0000] {processor.py:830} INFO - Processing file /opt/airflow/dags/prediction_dag.py for tasks to queue
[2026-01-08T09:55:15.779+0000] {logging_mixin.py:188} INFO - [2026-01-08T09:55:15.779+0000] {dagbag.py:540} INFO - Filling up the DagBag from /opt/airflow/dags/prediction_dag.py
[2026-01-08T09:55:15.815+0000] {processor.py:840} INFO - DAG(s) 'prediction_dag' retrieved from /opt/airflow/dags/prediction_dag.py
[2026-01-08T09:55:15.859+0000] {logging_mixin.py:188} INFO - [2026-01-08T09:55:15.859+0000] {dag.py:3047} INFO - Sync 1 DAGs
[2026-01-08T09:55:15.889+0000] {logging_mixin.py:188} INFO - [2026-01-08T09:55:15.889+0000] {dag.py:3834} INFO - Setting next_dagrun for prediction_dag to 2026-01-08 09:54:00+00:00, run_after=2026-01-08 09:56:00+00:00
[2026-01-08T09:55:15.907+0000] {processor.py:183} INFO - Processing /opt/airflow/dags/prediction_dag.py took 0.149 seconds
[2026-01-08T09:55:46.255+0000] {processor.py:161} INFO - Started process (PID=6826) to work on /opt/airflow/dags/prediction_dag.py
[2026-01-08T09:55:46.257+0000] {processor.py:830} INFO - Processing file /opt/airflow/dags/prediction_dag.py for tasks to queue
[2026-01-08T09:55:46.259+0000] {logging_mixin.py:188} INFO - [2026-01-08T09:55:46.258+0000] {dagbag.py:540} INFO - Filling up the DagBag from /opt/airflow/dags/prediction_dag.py
[2026-01-08T09:55:46.337+0000] {processor.py:840} INFO - DAG(s) 'prediction_dag' retrieved from /opt/airflow/dags/prediction_dag.py
[2026-01-08T09:55:46.399+0000] {logging_mixin.py:188} INFO - [2026-01-08T09:55:46.399+0000] {dag.py:3047} INFO - Sync 1 DAGs
[2026-01-08T09:55:46.440+0000] {logging_mixin.py:188} INFO - [2026-01-08T09:55:46.440+0000] {dag.py:3834} INFO - Setting next_dagrun for prediction_dag to 2026-01-08 09:54:00+00:00, run_after=2026-01-08 09:56:00+00:00
[2026-01-08T09:55:46.457+0000] {processor.py:183} INFO - Processing /opt/airflow/dags/prediction_dag.py took 0.212 seconds
[2026-01-08T09:56:16.836+0000] {processor.py:161} INFO - Started process (PID=6888) to work on /opt/airflow/dags/prediction_dag.py
[2026-01-08T09:56:16.840+0000] {processor.py:830} INFO - Processing file /opt/airflow/dags/prediction_dag.py for tasks to queue
[2026-01-08T09:56:16.845+0000] {logging_mixin.py:188} INFO - [2026-01-08T09:56:16.844+0000] {dagbag.py:540} INFO - Filling up the DagBag from /opt/airflow/dags/prediction_dag.py
[2026-01-08T09:56:16.907+0000] {processor.py:840} INFO - DAG(s) 'prediction_dag' retrieved from /opt/airflow/dags/prediction_dag.py
[2026-01-08T09:56:17.031+0000] {logging_mixin.py:188} INFO - [2026-01-08T09:56:17.030+0000] {dag.py:3047} INFO - Sync 1 DAGs
[2026-01-08T09:56:17.195+0000] {logging_mixin.py:188} INFO - [2026-01-08T09:56:17.194+0000] {dag.py:3834} INFO - Setting next_dagrun for prediction_dag to 2026-01-08 09:56:00+00:00, run_after=2026-01-08 09:58:00+00:00
[2026-01-08T09:56:17.245+0000] {processor.py:183} INFO - Processing /opt/airflow/dags/prediction_dag.py took 0.423 seconds
[2026-01-08T09:56:47.854+0000] {processor.py:161} INFO - Started process (PID=6930) to work on /opt/airflow/dags/prediction_dag.py
[2026-01-08T09:56:47.859+0000] {processor.py:830} INFO - Processing file /opt/airflow/dags/prediction_dag.py for tasks to queue
[2026-01-08T09:56:47.871+0000] {logging_mixin.py:188} INFO - [2026-01-08T09:56:47.868+0000] {dagbag.py:540} INFO - Filling up the DagBag from /opt/airflow/dags/prediction_dag.py
[2026-01-08T09:56:47.956+0000] {processor.py:840} INFO - DAG(s) 'prediction_dag' retrieved from /opt/airflow/dags/prediction_dag.py
[2026-01-08T09:56:48.041+0000] {logging_mixin.py:188} INFO - [2026-01-08T09:56:48.041+0000] {dag.py:3047} INFO - Sync 1 DAGs
[2026-01-08T09:56:48.112+0000] {logging_mixin.py:188} INFO - [2026-01-08T09:56:48.111+0000] {dag.py:3834} INFO - Setting next_dagrun for prediction_dag to 2026-01-08 09:56:00+00:00, run_after=2026-01-08 09:58:00+00:00
[2026-01-08T09:56:48.171+0000] {processor.py:183} INFO - Processing /opt/airflow/dags/prediction_dag.py took 0.360 seconds
[2026-01-08T09:57:18.794+0000] {processor.py:161} INFO - Started process (PID=7010) to work on /opt/airflow/dags/prediction_dag.py
[2026-01-08T09:57:18.796+0000] {processor.py:830} INFO - Processing file /opt/airflow/dags/prediction_dag.py for tasks to queue
[2026-01-08T09:57:18.797+0000] {logging_mixin.py:188} INFO - [2026-01-08T09:57:18.797+0000] {dagbag.py:540} INFO - Filling up the DagBag from /opt/airflow/dags/prediction_dag.py
[2026-01-08T09:57:18.829+0000] {processor.py:840} INFO - DAG(s) 'prediction_dag' retrieved from /opt/airflow/dags/prediction_dag.py
[2026-01-08T09:57:18.884+0000] {logging_mixin.py:188} INFO - [2026-01-08T09:57:18.883+0000] {dag.py:3047} INFO - Sync 1 DAGs
[2026-01-08T09:57:18.919+0000] {logging_mixin.py:188} INFO - [2026-01-08T09:57:18.919+0000] {dag.py:3834} INFO - Setting next_dagrun for prediction_dag to 2026-01-08 09:56:00+00:00, run_after=2026-01-08 09:58:00+00:00
[2026-01-08T09:57:18.936+0000] {processor.py:183} INFO - Processing /opt/airflow/dags/prediction_dag.py took 0.151 seconds
[2026-01-08T09:57:49.337+0000] {processor.py:161} INFO - Started process (PID=7028) to work on /opt/airflow/dags/prediction_dag.py
[2026-01-08T09:57:49.343+0000] {processor.py:830} INFO - Processing file /opt/airflow/dags/prediction_dag.py for tasks to queue
[2026-01-08T09:57:49.345+0000] {logging_mixin.py:188} INFO - [2026-01-08T09:57:49.344+0000] {dagbag.py:540} INFO - Filling up the DagBag from /opt/airflow/dags/prediction_dag.py
[2026-01-08T09:57:49.377+0000] {processor.py:840} INFO - DAG(s) 'prediction_dag' retrieved from /opt/airflow/dags/prediction_dag.py
[2026-01-08T09:57:49.423+0000] {logging_mixin.py:188} INFO - [2026-01-08T09:57:49.423+0000] {dag.py:3047} INFO - Sync 1 DAGs
[2026-01-08T09:57:49.459+0000] {logging_mixin.py:188} INFO - [2026-01-08T09:57:49.459+0000] {dag.py:3834} INFO - Setting next_dagrun for prediction_dag to 2026-01-08 09:56:00+00:00, run_after=2026-01-08 09:58:00+00:00
[2026-01-08T09:57:49.473+0000] {processor.py:183} INFO - Processing /opt/airflow/dags/prediction_dag.py took 0.143 seconds
[2026-01-08T09:58:19.733+0000] {processor.py:161} INFO - Started process (PID=7114) to work on /opt/airflow/dags/prediction_dag.py
[2026-01-08T09:58:19.735+0000] {processor.py:830} INFO - Processing file /opt/airflow/dags/prediction_dag.py for tasks to queue
[2026-01-08T09:58:19.736+0000] {logging_mixin.py:188} INFO - [2026-01-08T09:58:19.736+0000] {dagbag.py:540} INFO - Filling up the DagBag from /opt/airflow/dags/prediction_dag.py
[2026-01-08T09:58:19.773+0000] {processor.py:840} INFO - DAG(s) 'prediction_dag' retrieved from /opt/airflow/dags/prediction_dag.py
[2026-01-08T09:58:19.846+0000] {logging_mixin.py:188} INFO - [2026-01-08T09:58:19.845+0000] {dag.py:3047} INFO - Sync 1 DAGs
[2026-01-08T09:58:19.892+0000] {logging_mixin.py:188} INFO - [2026-01-08T09:58:19.892+0000] {dag.py:3834} INFO - Setting next_dagrun for prediction_dag to 2026-01-08 09:58:00+00:00, run_after=2026-01-08 10:00:00+00:00
[2026-01-08T09:58:19.917+0000] {processor.py:183} INFO - Processing /opt/airflow/dags/prediction_dag.py took 0.196 seconds
[2026-01-08T09:58:50.119+0000] {processor.py:161} INFO - Started process (PID=7132) to work on /opt/airflow/dags/prediction_dag.py
[2026-01-08T09:58:50.122+0000] {processor.py:830} INFO - Processing file /opt/airflow/dags/prediction_dag.py for tasks to queue
[2026-01-08T09:58:50.124+0000] {logging_mixin.py:188} INFO - [2026-01-08T09:58:50.123+0000] {dagbag.py:540} INFO - Filling up the DagBag from /opt/airflow/dags/prediction_dag.py
[2026-01-08T09:58:50.156+0000] {processor.py:840} INFO - DAG(s) 'prediction_dag' retrieved from /opt/airflow/dags/prediction_dag.py
[2026-01-08T09:58:50.212+0000] {logging_mixin.py:188} INFO - [2026-01-08T09:58:50.211+0000] {dag.py:3047} INFO - Sync 1 DAGs
[2026-01-08T09:58:50.273+0000] {logging_mixin.py:188} INFO - [2026-01-08T09:58:50.272+0000] {dag.py:3834} INFO - Setting next_dagrun for prediction_dag to 2026-01-08 09:58:00+00:00, run_after=2026-01-08 10:00:00+00:00
[2026-01-08T09:58:50.286+0000] {processor.py:183} INFO - Processing /opt/airflow/dags/prediction_dag.py took 0.176 seconds
[2026-01-08T09:59:20.618+0000] {processor.py:161} INFO - Started process (PID=7212) to work on /opt/airflow/dags/prediction_dag.py
[2026-01-08T09:59:20.621+0000] {processor.py:830} INFO - Processing file /opt/airflow/dags/prediction_dag.py for tasks to queue
[2026-01-08T09:59:20.622+0000] {logging_mixin.py:188} INFO - [2026-01-08T09:59:20.622+0000] {dagbag.py:540} INFO - Filling up the DagBag from /opt/airflow/dags/prediction_dag.py
[2026-01-08T09:59:20.664+0000] {processor.py:840} INFO - DAG(s) 'prediction_dag' retrieved from /opt/airflow/dags/prediction_dag.py
[2026-01-08T09:59:20.711+0000] {logging_mixin.py:188} INFO - [2026-01-08T09:59:20.711+0000] {dag.py:3047} INFO - Sync 1 DAGs
[2026-01-08T09:59:20.747+0000] {logging_mixin.py:188} INFO - [2026-01-08T09:59:20.747+0000] {dag.py:3834} INFO - Setting next_dagrun for prediction_dag to 2026-01-08 09:58:00+00:00, run_after=2026-01-08 10:00:00+00:00
[2026-01-08T09:59:20.763+0000] {processor.py:183} INFO - Processing /opt/airflow/dags/prediction_dag.py took 0.152 seconds
[2026-01-08T09:59:51.094+0000] {processor.py:161} INFO - Started process (PID=7230) to work on /opt/airflow/dags/prediction_dag.py
[2026-01-08T09:59:51.098+0000] {processor.py:830} INFO - Processing file /opt/airflow/dags/prediction_dag.py for tasks to queue
[2026-01-08T09:59:51.099+0000] {logging_mixin.py:188} INFO - [2026-01-08T09:59:51.098+0000] {dagbag.py:540} INFO - Filling up the DagBag from /opt/airflow/dags/prediction_dag.py
[2026-01-08T09:59:51.135+0000] {processor.py:840} INFO - DAG(s) 'prediction_dag' retrieved from /opt/airflow/dags/prediction_dag.py
[2026-01-08T09:59:51.212+0000] {logging_mixin.py:188} INFO - [2026-01-08T09:59:51.212+0000] {dag.py:3047} INFO - Sync 1 DAGs
[2026-01-08T09:59:51.273+0000] {logging_mixin.py:188} INFO - [2026-01-08T09:59:51.273+0000] {dag.py:3834} INFO - Setting next_dagrun for prediction_dag to 2026-01-08 09:58:00+00:00, run_after=2026-01-08 10:00:00+00:00
[2026-01-08T09:59:51.296+0000] {processor.py:183} INFO - Processing /opt/airflow/dags/prediction_dag.py took 0.214 seconds
[2026-01-08T10:00:21.586+0000] {processor.py:161} INFO - Started process (PID=7316) to work on /opt/airflow/dags/prediction_dag.py
[2026-01-08T10:00:21.590+0000] {processor.py:830} INFO - Processing file /opt/airflow/dags/prediction_dag.py for tasks to queue
[2026-01-08T10:00:21.592+0000] {logging_mixin.py:188} INFO - [2026-01-08T10:00:21.591+0000] {dagbag.py:540} INFO - Filling up the DagBag from /opt/airflow/dags/prediction_dag.py
[2026-01-08T10:00:21.629+0000] {processor.py:840} INFO - DAG(s) 'prediction_dag' retrieved from /opt/airflow/dags/prediction_dag.py
[2026-01-08T10:00:21.686+0000] {logging_mixin.py:188} INFO - [2026-01-08T10:00:21.686+0000] {dag.py:3047} INFO - Sync 1 DAGs
[2026-01-08T10:00:21.722+0000] {logging_mixin.py:188} INFO - [2026-01-08T10:00:21.722+0000] {dag.py:3834} INFO - Setting next_dagrun for prediction_dag to 2026-01-08 10:00:00+00:00, run_after=2026-01-08 10:02:00+00:00
[2026-01-08T10:00:21.737+0000] {processor.py:183} INFO - Processing /opt/airflow/dags/prediction_dag.py took 0.167 seconds
[2026-01-08T10:00:52.125+0000] {processor.py:161} INFO - Started process (PID=7334) to work on /opt/airflow/dags/prediction_dag.py
[2026-01-08T10:00:52.129+0000] {processor.py:830} INFO - Processing file /opt/airflow/dags/prediction_dag.py for tasks to queue
[2026-01-08T10:00:52.131+0000] {logging_mixin.py:188} INFO - [2026-01-08T10:00:52.130+0000] {dagbag.py:540} INFO - Filling up the DagBag from /opt/airflow/dags/prediction_dag.py
[2026-01-08T10:00:52.163+0000] {processor.py:840} INFO - DAG(s) 'prediction_dag' retrieved from /opt/airflow/dags/prediction_dag.py
[2026-01-08T10:00:52.214+0000] {logging_mixin.py:188} INFO - [2026-01-08T10:00:52.214+0000] {dag.py:3047} INFO - Sync 1 DAGs
[2026-01-08T10:00:52.248+0000] {logging_mixin.py:188} INFO - [2026-01-08T10:00:52.248+0000] {dag.py:3834} INFO - Setting next_dagrun for prediction_dag to 2026-01-08 10:00:00+00:00, run_after=2026-01-08 10:02:00+00:00
[2026-01-08T10:00:52.262+0000] {processor.py:183} INFO - Processing /opt/airflow/dags/prediction_dag.py took 0.151 seconds
[2026-01-08T10:01:22.401+0000] {processor.py:161} INFO - Started process (PID=7414) to work on /opt/airflow/dags/prediction_dag.py
[2026-01-08T10:01:22.404+0000] {processor.py:830} INFO - Processing file /opt/airflow/dags/prediction_dag.py for tasks to queue
[2026-01-08T10:01:22.405+0000] {logging_mixin.py:188} INFO - [2026-01-08T10:01:22.404+0000] {dagbag.py:540} INFO - Filling up the DagBag from /opt/airflow/dags/prediction_dag.py
[2026-01-08T10:01:22.437+0000] {processor.py:840} INFO - DAG(s) 'prediction_dag' retrieved from /opt/airflow/dags/prediction_dag.py
[2026-01-08T10:01:22.492+0000] {logging_mixin.py:188} INFO - [2026-01-08T10:01:22.492+0000] {dag.py:3047} INFO - Sync 1 DAGs
[2026-01-08T10:01:22.534+0000] {logging_mixin.py:188} INFO - [2026-01-08T10:01:22.533+0000] {dag.py:3834} INFO - Setting next_dagrun for prediction_dag to 2026-01-08 10:00:00+00:00, run_after=2026-01-08 10:02:00+00:00
[2026-01-08T10:01:22.549+0000] {processor.py:183} INFO - Processing /opt/airflow/dags/prediction_dag.py took 0.162 seconds
[2026-01-08T10:01:52.954+0000] {processor.py:161} INFO - Started process (PID=7432) to work on /opt/airflow/dags/prediction_dag.py
[2026-01-08T10:01:52.961+0000] {processor.py:830} INFO - Processing file /opt/airflow/dags/prediction_dag.py for tasks to queue
[2026-01-08T10:01:52.965+0000] {logging_mixin.py:188} INFO - [2026-01-08T10:01:52.963+0000] {dagbag.py:540} INFO - Filling up the DagBag from /opt/airflow/dags/prediction_dag.py
[2026-01-08T10:01:53.029+0000] {processor.py:840} INFO - DAG(s) 'prediction_dag' retrieved from /opt/airflow/dags/prediction_dag.py
[2026-01-08T10:01:53.098+0000] {logging_mixin.py:188} INFO - [2026-01-08T10:01:53.098+0000] {dag.py:3047} INFO - Sync 1 DAGs
[2026-01-08T10:01:53.142+0000] {logging_mixin.py:188} INFO - [2026-01-08T10:01:53.142+0000] {dag.py:3834} INFO - Setting next_dagrun for prediction_dag to 2026-01-08 10:00:00+00:00, run_after=2026-01-08 10:02:00+00:00
[2026-01-08T10:01:53.167+0000] {processor.py:183} INFO - Processing /opt/airflow/dags/prediction_dag.py took 0.246 seconds
[2026-01-08T10:02:23.842+0000] {processor.py:161} INFO - Started process (PID=7509) to work on /opt/airflow/dags/prediction_dag.py
[2026-01-08T10:02:23.848+0000] {processor.py:830} INFO - Processing file /opt/airflow/dags/prediction_dag.py for tasks to queue
[2026-01-08T10:02:23.857+0000] {logging_mixin.py:188} INFO - [2026-01-08T10:02:23.856+0000] {dagbag.py:540} INFO - Filling up the DagBag from /opt/airflow/dags/prediction_dag.py
[2026-01-08T10:02:23.947+0000] {processor.py:840} INFO - DAG(s) 'prediction_dag' retrieved from /opt/airflow/dags/prediction_dag.py
[2026-01-08T10:02:24.029+0000] {logging_mixin.py:188} INFO - [2026-01-08T10:02:24.028+0000] {dag.py:3047} INFO - Sync 1 DAGs
[2026-01-08T10:02:24.073+0000] {logging_mixin.py:188} INFO - [2026-01-08T10:02:24.073+0000] {dag.py:3834} INFO - Setting next_dagrun for prediction_dag to 2026-01-08 10:02:00+00:00, run_after=2026-01-08 10:04:00+00:00
[2026-01-08T10:02:24.100+0000] {processor.py:183} INFO - Processing /opt/airflow/dags/prediction_dag.py took 0.271 seconds
[2026-01-08T10:02:54.238+0000] {processor.py:161} INFO - Started process (PID=7523) to work on /opt/airflow/dags/prediction_dag.py
[2026-01-08T10:02:54.246+0000] {processor.py:830} INFO - Processing file /opt/airflow/dags/prediction_dag.py for tasks to queue
[2026-01-08T10:02:54.248+0000] {logging_mixin.py:188} INFO - [2026-01-08T10:02:54.247+0000] {dagbag.py:540} INFO - Filling up the DagBag from /opt/airflow/dags/prediction_dag.py
[2026-01-08T10:02:54.283+0000] {processor.py:840} INFO - DAG(s) 'prediction_dag' retrieved from /opt/airflow/dags/prediction_dag.py
[2026-01-08T10:02:54.337+0000] {logging_mixin.py:188} INFO - [2026-01-08T10:02:54.336+0000] {dag.py:3047} INFO - Sync 1 DAGs
[2026-01-08T10:02:54.380+0000] {logging_mixin.py:188} INFO - [2026-01-08T10:02:54.379+0000] {dag.py:3834} INFO - Setting next_dagrun for prediction_dag to 2026-01-08 10:02:00+00:00, run_after=2026-01-08 10:04:00+00:00
[2026-01-08T10:02:54.412+0000] {processor.py:183} INFO - Processing /opt/airflow/dags/prediction_dag.py took 0.188 seconds
[2026-01-08T10:03:24.888+0000] {processor.py:161} INFO - Started process (PID=7603) to work on /opt/airflow/dags/prediction_dag.py
[2026-01-08T10:03:24.891+0000] {processor.py:830} INFO - Processing file /opt/airflow/dags/prediction_dag.py for tasks to queue
[2026-01-08T10:03:24.894+0000] {logging_mixin.py:188} INFO - [2026-01-08T10:03:24.893+0000] {dagbag.py:540} INFO - Filling up the DagBag from /opt/airflow/dags/prediction_dag.py
[2026-01-08T10:03:24.931+0000] {processor.py:840} INFO - DAG(s) 'prediction_dag' retrieved from /opt/airflow/dags/prediction_dag.py
[2026-01-08T10:03:24.979+0000] {logging_mixin.py:188} INFO - [2026-01-08T10:03:24.979+0000] {dag.py:3047} INFO - Sync 1 DAGs
[2026-01-08T10:03:25.021+0000] {logging_mixin.py:188} INFO - [2026-01-08T10:03:25.020+0000] {dag.py:3834} INFO - Setting next_dagrun for prediction_dag to 2026-01-08 10:02:00+00:00, run_after=2026-01-08 10:04:00+00:00
[2026-01-08T10:03:25.041+0000] {processor.py:183} INFO - Processing /opt/airflow/dags/prediction_dag.py took 0.166 seconds
[2026-01-08T10:03:55.449+0000] {processor.py:161} INFO - Started process (PID=7621) to work on /opt/airflow/dags/prediction_dag.py
[2026-01-08T10:03:55.451+0000] {processor.py:830} INFO - Processing file /opt/airflow/dags/prediction_dag.py for tasks to queue
[2026-01-08T10:03:55.453+0000] {logging_mixin.py:188} INFO - [2026-01-08T10:03:55.452+0000] {dagbag.py:540} INFO - Filling up the DagBag from /opt/airflow/dags/prediction_dag.py
[2026-01-08T10:03:55.487+0000] {processor.py:840} INFO - DAG(s) 'prediction_dag' retrieved from /opt/airflow/dags/prediction_dag.py
[2026-01-08T10:03:55.544+0000] {logging_mixin.py:188} INFO - [2026-01-08T10:03:55.544+0000] {dag.py:3047} INFO - Sync 1 DAGs
[2026-01-08T10:03:55.582+0000] {logging_mixin.py:188} INFO - [2026-01-08T10:03:55.582+0000] {dag.py:3834} INFO - Setting next_dagrun for prediction_dag to 2026-01-08 10:02:00+00:00, run_after=2026-01-08 10:04:00+00:00
[2026-01-08T10:03:55.598+0000] {processor.py:183} INFO - Processing /opt/airflow/dags/prediction_dag.py took 0.162 seconds
[2026-01-08T10:04:26.006+0000] {processor.py:161} INFO - Started process (PID=7707) to work on /opt/airflow/dags/prediction_dag.py
[2026-01-08T10:04:26.008+0000] {processor.py:830} INFO - Processing file /opt/airflow/dags/prediction_dag.py for tasks to queue
[2026-01-08T10:04:26.010+0000] {logging_mixin.py:188} INFO - [2026-01-08T10:04:26.009+0000] {dagbag.py:540} INFO - Filling up the DagBag from /opt/airflow/dags/prediction_dag.py
[2026-01-08T10:04:26.047+0000] {processor.py:840} INFO - DAG(s) 'prediction_dag' retrieved from /opt/airflow/dags/prediction_dag.py
[2026-01-08T10:04:26.106+0000] {logging_mixin.py:188} INFO - [2026-01-08T10:04:26.106+0000] {dag.py:3047} INFO - Sync 1 DAGs
[2026-01-08T10:04:26.144+0000] {logging_mixin.py:188} INFO - [2026-01-08T10:04:26.144+0000] {dag.py:3834} INFO - Setting next_dagrun for prediction_dag to 2026-01-08 10:04:00+00:00, run_after=2026-01-08 10:06:00+00:00
[2026-01-08T10:04:26.161+0000] {processor.py:183} INFO - Processing /opt/airflow/dags/prediction_dag.py took 0.167 seconds
[2026-01-08T10:04:56.397+0000] {processor.py:161} INFO - Started process (PID=7725) to work on /opt/airflow/dags/prediction_dag.py
[2026-01-08T10:04:56.416+0000] {processor.py:830} INFO - Processing file /opt/airflow/dags/prediction_dag.py for tasks to queue
[2026-01-08T10:04:56.423+0000] {logging_mixin.py:188} INFO - [2026-01-08T10:04:56.421+0000] {dagbag.py:540} INFO - Filling up the DagBag from /opt/airflow/dags/prediction_dag.py
[2026-01-08T10:04:56.450+0000] {processor.py:840} INFO - DAG(s) 'prediction_dag' retrieved from /opt/airflow/dags/prediction_dag.py
[2026-01-08T10:04:56.495+0000] {logging_mixin.py:188} INFO - [2026-01-08T10:04:56.494+0000] {dag.py:3047} INFO - Sync 1 DAGs
[2026-01-08T10:04:56.529+0000] {logging_mixin.py:188} INFO - [2026-01-08T10:04:56.529+0000] {dag.py:3834} INFO - Setting next_dagrun for prediction_dag to 2026-01-08 10:04:00+00:00, run_after=2026-01-08 10:06:00+00:00
[2026-01-08T10:04:56.544+0000] {processor.py:183} INFO - Processing /opt/airflow/dags/prediction_dag.py took 0.169 seconds
[2026-01-08T10:05:26.990+0000] {processor.py:161} INFO - Started process (PID=7805) to work on /opt/airflow/dags/prediction_dag.py
[2026-01-08T10:05:26.995+0000] {processor.py:830} INFO - Processing file /opt/airflow/dags/prediction_dag.py for tasks to queue
[2026-01-08T10:05:26.999+0000] {logging_mixin.py:188} INFO - [2026-01-08T10:05:26.998+0000] {dagbag.py:540} INFO - Filling up the DagBag from /opt/airflow/dags/prediction_dag.py
[2026-01-08T10:05:27.036+0000] {processor.py:840} INFO - DAG(s) 'prediction_dag' retrieved from /opt/airflow/dags/prediction_dag.py
[2026-01-08T10:05:27.087+0000] {logging_mixin.py:188} INFO - [2026-01-08T10:05:27.087+0000] {dag.py:3047} INFO - Sync 1 DAGs
[2026-01-08T10:05:27.115+0000] {logging_mixin.py:188} INFO - [2026-01-08T10:05:27.115+0000] {dag.py:3834} INFO - Setting next_dagrun for prediction_dag to 2026-01-08 10:04:00+00:00, run_after=2026-01-08 10:06:00+00:00
[2026-01-08T10:05:27.135+0000] {processor.py:183} INFO - Processing /opt/airflow/dags/prediction_dag.py took 0.156 seconds
[2026-01-08T10:05:57.272+0000] {processor.py:161} INFO - Started process (PID=7823) to work on /opt/airflow/dags/prediction_dag.py
[2026-01-08T10:05:57.275+0000] {processor.py:830} INFO - Processing file /opt/airflow/dags/prediction_dag.py for tasks to queue
[2026-01-08T10:05:57.276+0000] {logging_mixin.py:188} INFO - [2026-01-08T10:05:57.275+0000] {dagbag.py:540} INFO - Filling up the DagBag from /opt/airflow/dags/prediction_dag.py
[2026-01-08T10:05:57.309+0000] {processor.py:840} INFO - DAG(s) 'prediction_dag' retrieved from /opt/airflow/dags/prediction_dag.py
[2026-01-08T10:05:57.383+0000] {logging_mixin.py:188} INFO - [2026-01-08T10:05:57.383+0000] {dag.py:3047} INFO - Sync 1 DAGs
[2026-01-08T10:05:57.425+0000] {logging_mixin.py:188} INFO - [2026-01-08T10:05:57.425+0000] {dag.py:3834} INFO - Setting next_dagrun for prediction_dag to 2026-01-08 10:04:00+00:00, run_after=2026-01-08 10:06:00+00:00
[2026-01-08T10:05:57.440+0000] {processor.py:183} INFO - Processing /opt/airflow/dags/prediction_dag.py took 0.178 seconds
[2026-01-08T10:06:28.024+0000] {processor.py:161} INFO - Started process (PID=7909) to work on /opt/airflow/dags/prediction_dag.py
[2026-01-08T10:06:28.032+0000] {processor.py:830} INFO - Processing file /opt/airflow/dags/prediction_dag.py for tasks to queue
[2026-01-08T10:06:28.034+0000] {logging_mixin.py:188} INFO - [2026-01-08T10:06:28.033+0000] {dagbag.py:540} INFO - Filling up the DagBag from /opt/airflow/dags/prediction_dag.py
[2026-01-08T10:06:28.065+0000] {processor.py:840} INFO - DAG(s) 'prediction_dag' retrieved from /opt/airflow/dags/prediction_dag.py
[2026-01-08T10:06:28.109+0000] {logging_mixin.py:188} INFO - [2026-01-08T10:06:28.109+0000] {dag.py:3047} INFO - Sync 1 DAGs
[2026-01-08T10:06:28.151+0000] {logging_mixin.py:188} INFO - [2026-01-08T10:06:28.151+0000] {dag.py:3834} INFO - Setting next_dagrun for prediction_dag to 2026-01-08 10:06:00+00:00, run_after=2026-01-08 10:08:00+00:00
[2026-01-08T10:06:28.172+0000] {processor.py:183} INFO - Processing /opt/airflow/dags/prediction_dag.py took 0.164 seconds
[2026-01-08T10:06:58.688+0000] {processor.py:161} INFO - Started process (PID=7927) to work on /opt/airflow/dags/prediction_dag.py
[2026-01-08T10:06:58.691+0000] {processor.py:830} INFO - Processing file /opt/airflow/dags/prediction_dag.py for tasks to queue
[2026-01-08T10:06:58.692+0000] {logging_mixin.py:188} INFO - [2026-01-08T10:06:58.692+0000] {dagbag.py:540} INFO - Filling up the DagBag from /opt/airflow/dags/prediction_dag.py
[2026-01-08T10:06:58.726+0000] {processor.py:840} INFO - DAG(s) 'prediction_dag' retrieved from /opt/airflow/dags/prediction_dag.py
[2026-01-08T10:06:58.783+0000] {logging_mixin.py:188} INFO - [2026-01-08T10:06:58.783+0000] {dag.py:3047} INFO - Sync 1 DAGs
[2026-01-08T10:06:58.818+0000] {logging_mixin.py:188} INFO - [2026-01-08T10:06:58.818+0000] {dag.py:3834} INFO - Setting next_dagrun for prediction_dag to 2026-01-08 10:06:00+00:00, run_after=2026-01-08 10:08:00+00:00
[2026-01-08T10:06:58.841+0000] {processor.py:183} INFO - Processing /opt/airflow/dags/prediction_dag.py took 0.168 seconds
[2026-01-08T10:07:29.374+0000] {processor.py:161} INFO - Started process (PID=8007) to work on /opt/airflow/dags/prediction_dag.py
[2026-01-08T10:07:29.383+0000] {processor.py:830} INFO - Processing file /opt/airflow/dags/prediction_dag.py for tasks to queue
[2026-01-08T10:07:29.386+0000] {logging_mixin.py:188} INFO - [2026-01-08T10:07:29.385+0000] {dagbag.py:540} INFO - Filling up the DagBag from /opt/airflow/dags/prediction_dag.py
[2026-01-08T10:07:29.417+0000] {processor.py:840} INFO - DAG(s) 'prediction_dag' retrieved from /opt/airflow/dags/prediction_dag.py
[2026-01-08T10:07:29.466+0000] {logging_mixin.py:188} INFO - [2026-01-08T10:07:29.466+0000] {dag.py:3047} INFO - Sync 1 DAGs
[2026-01-08T10:07:29.501+0000] {logging_mixin.py:188} INFO - [2026-01-08T10:07:29.500+0000] {dag.py:3834} INFO - Setting next_dagrun for prediction_dag to 2026-01-08 10:06:00+00:00, run_after=2026-01-08 10:08:00+00:00
[2026-01-08T10:07:29.516+0000] {processor.py:183} INFO - Processing /opt/airflow/dags/prediction_dag.py took 0.162 seconds
[2026-01-08T10:07:59.777+0000] {processor.py:161} INFO - Started process (PID=8023) to work on /opt/airflow/dags/prediction_dag.py
[2026-01-08T10:07:59.780+0000] {processor.py:830} INFO - Processing file /opt/airflow/dags/prediction_dag.py for tasks to queue
[2026-01-08T10:07:59.781+0000] {logging_mixin.py:188} INFO - [2026-01-08T10:07:59.780+0000] {dagbag.py:540} INFO - Filling up the DagBag from /opt/airflow/dags/prediction_dag.py
[2026-01-08T10:07:59.823+0000] {processor.py:840} INFO - DAG(s) 'prediction_dag' retrieved from /opt/airflow/dags/prediction_dag.py
[2026-01-08T10:07:59.896+0000] {logging_mixin.py:188} INFO - [2026-01-08T10:07:59.896+0000] {dag.py:3047} INFO - Sync 1 DAGs
[2026-01-08T10:07:59.934+0000] {logging_mixin.py:188} INFO - [2026-01-08T10:07:59.934+0000] {dag.py:3834} INFO - Setting next_dagrun for prediction_dag to 2026-01-08 10:06:00+00:00, run_after=2026-01-08 10:08:00+00:00
[2026-01-08T10:07:59.949+0000] {processor.py:183} INFO - Processing /opt/airflow/dags/prediction_dag.py took 0.191 seconds
[2026-01-08T10:08:30.366+0000] {processor.py:161} INFO - Started process (PID=8098) to work on /opt/airflow/dags/prediction_dag.py
[2026-01-08T10:08:30.368+0000] {processor.py:830} INFO - Processing file /opt/airflow/dags/prediction_dag.py for tasks to queue
[2026-01-08T10:08:30.369+0000] {logging_mixin.py:188} INFO - [2026-01-08T10:08:30.368+0000] {dagbag.py:540} INFO - Filling up the DagBag from /opt/airflow/dags/prediction_dag.py
[2026-01-08T10:08:30.415+0000] {processor.py:840} INFO - DAG(s) 'prediction_dag' retrieved from /opt/airflow/dags/prediction_dag.py
[2026-01-08T10:08:30.472+0000] {logging_mixin.py:188} INFO - [2026-01-08T10:08:30.472+0000] {dag.py:3047} INFO - Sync 1 DAGs
[2026-01-08T10:08:30.511+0000] {logging_mixin.py:188} INFO - [2026-01-08T10:08:30.511+0000] {dag.py:3834} INFO - Setting next_dagrun for prediction_dag to 2026-01-08 10:08:00+00:00, run_after=2026-01-08 10:10:00+00:00
[2026-01-08T10:08:30.527+0000] {processor.py:183} INFO - Processing /opt/airflow/dags/prediction_dag.py took 0.172 seconds
[2026-01-08T10:09:01.131+0000] {processor.py:161} INFO - Started process (PID=8117) to work on /opt/airflow/dags/prediction_dag.py
[2026-01-08T10:09:01.133+0000] {processor.py:830} INFO - Processing file /opt/airflow/dags/prediction_dag.py for tasks to queue
[2026-01-08T10:09:01.134+0000] {logging_mixin.py:188} INFO - [2026-01-08T10:09:01.134+0000] {dagbag.py:540} INFO - Filling up the DagBag from /opt/airflow/dags/prediction_dag.py
[2026-01-08T10:09:01.183+0000] {processor.py:840} INFO - DAG(s) 'prediction_dag' retrieved from /opt/airflow/dags/prediction_dag.py
[2026-01-08T10:09:01.246+0000] {logging_mixin.py:188} INFO - [2026-01-08T10:09:01.246+0000] {dag.py:3047} INFO - Sync 1 DAGs
[2026-01-08T10:09:01.284+0000] {logging_mixin.py:188} INFO - [2026-01-08T10:09:01.284+0000] {dag.py:3834} INFO - Setting next_dagrun for prediction_dag to 2026-01-08 10:08:00+00:00, run_after=2026-01-08 10:10:00+00:00
[2026-01-08T10:09:01.301+0000] {processor.py:183} INFO - Processing /opt/airflow/dags/prediction_dag.py took 0.179 seconds
[2026-01-08T10:09:31.694+0000] {processor.py:161} INFO - Started process (PID=8196) to work on /opt/airflow/dags/prediction_dag.py
[2026-01-08T10:09:31.699+0000] {processor.py:830} INFO - Processing file /opt/airflow/dags/prediction_dag.py for tasks to queue
[2026-01-08T10:09:31.701+0000] {logging_mixin.py:188} INFO - [2026-01-08T10:09:31.700+0000] {dagbag.py:540} INFO - Filling up the DagBag from /opt/airflow/dags/prediction_dag.py
[2026-01-08T10:09:31.739+0000] {processor.py:840} INFO - DAG(s) 'prediction_dag' retrieved from /opt/airflow/dags/prediction_dag.py
[2026-01-08T10:09:31.805+0000] {logging_mixin.py:188} INFO - [2026-01-08T10:09:31.805+0000] {dag.py:3047} INFO - Sync 1 DAGs
[2026-01-08T10:09:31.845+0000] {logging_mixin.py:188} INFO - [2026-01-08T10:09:31.845+0000] {dag.py:3834} INFO - Setting next_dagrun for prediction_dag to 2026-01-08 10:08:00+00:00, run_after=2026-01-08 10:10:00+00:00
[2026-01-08T10:09:31.870+0000] {processor.py:183} INFO - Processing /opt/airflow/dags/prediction_dag.py took 0.186 seconds
[2026-01-08T10:10:02.371+0000] {processor.py:161} INFO - Started process (PID=8218) to work on /opt/airflow/dags/prediction_dag.py
[2026-01-08T10:10:02.374+0000] {processor.py:830} INFO - Processing file /opt/airflow/dags/prediction_dag.py for tasks to queue
[2026-01-08T10:10:02.376+0000] {logging_mixin.py:188} INFO - [2026-01-08T10:10:02.376+0000] {dagbag.py:540} INFO - Filling up the DagBag from /opt/airflow/dags/prediction_dag.py
[2026-01-08T10:10:02.424+0000] {processor.py:840} INFO - DAG(s) 'prediction_dag' retrieved from /opt/airflow/dags/prediction_dag.py
[2026-01-08T10:10:02.478+0000] {logging_mixin.py:188} INFO - [2026-01-08T10:10:02.478+0000] {dag.py:3047} INFO - Sync 1 DAGs
[2026-01-08T10:10:02.515+0000] {logging_mixin.py:188} INFO - [2026-01-08T10:10:02.515+0000] {dag.py:3834} INFO - Setting next_dagrun for prediction_dag to 2026-01-08 10:10:00+00:00, run_after=2026-01-08 10:12:00+00:00
[2026-01-08T10:10:02.540+0000] {processor.py:183} INFO - Processing /opt/airflow/dags/prediction_dag.py took 0.183 seconds
[2026-01-08T10:10:33.123+0000] {processor.py:161} INFO - Started process (PID=8300) to work on /opt/airflow/dags/prediction_dag.py
[2026-01-08T10:10:33.126+0000] {processor.py:830} INFO - Processing file /opt/airflow/dags/prediction_dag.py for tasks to queue
[2026-01-08T10:10:33.129+0000] {logging_mixin.py:188} INFO - [2026-01-08T10:10:33.128+0000] {dagbag.py:540} INFO - Filling up the DagBag from /opt/airflow/dags/prediction_dag.py
[2026-01-08T10:10:33.171+0000] {processor.py:840} INFO - DAG(s) 'prediction_dag' retrieved from /opt/airflow/dags/prediction_dag.py
[2026-01-08T10:10:33.227+0000] {logging_mixin.py:188} INFO - [2026-01-08T10:10:33.227+0000] {dag.py:3047} INFO - Sync 1 DAGs
[2026-01-08T10:10:33.272+0000] {logging_mixin.py:188} INFO - [2026-01-08T10:10:33.271+0000] {dag.py:3834} INFO - Setting next_dagrun for prediction_dag to 2026-01-08 10:10:00+00:00, run_after=2026-01-08 10:12:00+00:00
[2026-01-08T10:10:33.294+0000] {processor.py:183} INFO - Processing /opt/airflow/dags/prediction_dag.py took 0.184 seconds
[2026-01-08T10:11:03.711+0000] {processor.py:161} INFO - Started process (PID=8328) to work on /opt/airflow/dags/prediction_dag.py
[2026-01-08T10:11:03.714+0000] {processor.py:830} INFO - Processing file /opt/airflow/dags/prediction_dag.py for tasks to queue
[2026-01-08T10:11:03.715+0000] {logging_mixin.py:188} INFO - [2026-01-08T10:11:03.715+0000] {dagbag.py:540} INFO - Filling up the DagBag from /opt/airflow/dags/prediction_dag.py
[2026-01-08T10:11:03.735+0000] {processor.py:840} INFO - DAG(s) 'prediction_dag' retrieved from /opt/airflow/dags/prediction_dag.py
[2026-01-08T10:11:03.768+0000] {logging_mixin.py:188} INFO - [2026-01-08T10:11:03.768+0000] {dag.py:3047} INFO - Sync 1 DAGs
[2026-01-08T10:11:03.792+0000] {logging_mixin.py:188} INFO - [2026-01-08T10:11:03.791+0000] {dag.py:3834} INFO - Setting next_dagrun for prediction_dag to 2026-01-08 10:10:00+00:00, run_after=2026-01-08 10:12:00+00:00
[2026-01-08T10:11:03.806+0000] {processor.py:183} INFO - Processing /opt/airflow/dags/prediction_dag.py took 0.103 seconds
[2026-01-08T10:11:34.123+0000] {processor.py:161} INFO - Started process (PID=8398) to work on /opt/airflow/dags/prediction_dag.py
[2026-01-08T10:11:34.127+0000] {processor.py:830} INFO - Processing file /opt/airflow/dags/prediction_dag.py for tasks to queue
[2026-01-08T10:11:34.130+0000] {logging_mixin.py:188} INFO - [2026-01-08T10:11:34.130+0000] {dagbag.py:540} INFO - Filling up the DagBag from /opt/airflow/dags/prediction_dag.py
[2026-01-08T10:11:34.163+0000] {processor.py:840} INFO - DAG(s) 'prediction_dag' retrieved from /opt/airflow/dags/prediction_dag.py
[2026-01-08T10:11:34.215+0000] {logging_mixin.py:188} INFO - [2026-01-08T10:11:34.214+0000] {dag.py:3047} INFO - Sync 1 DAGs
[2026-01-08T10:11:34.251+0000] {logging_mixin.py:188} INFO - [2026-01-08T10:11:34.250+0000] {dag.py:3834} INFO - Setting next_dagrun for prediction_dag to 2026-01-08 10:10:00+00:00, run_after=2026-01-08 10:12:00+00:00
[2026-01-08T10:11:34.265+0000] {processor.py:183} INFO - Processing /opt/airflow/dags/prediction_dag.py took 0.154 seconds
[2026-01-08T10:12:04.999+0000] {processor.py:161} INFO - Started process (PID=8429) to work on /opt/airflow/dags/prediction_dag.py
[2026-01-08T10:12:05.004+0000] {processor.py:830} INFO - Processing file /opt/airflow/dags/prediction_dag.py for tasks to queue
[2026-01-08T10:12:05.011+0000] {logging_mixin.py:188} INFO - [2026-01-08T10:12:05.008+0000] {dagbag.py:540} INFO - Filling up the DagBag from /opt/airflow/dags/prediction_dag.py
[2026-01-08T10:12:05.062+0000] {processor.py:840} INFO - DAG(s) 'prediction_dag' retrieved from /opt/airflow/dags/prediction_dag.py
[2026-01-08T10:12:05.124+0000] {logging_mixin.py:188} INFO - [2026-01-08T10:12:05.124+0000] {dag.py:3047} INFO - Sync 1 DAGs
[2026-01-08T10:12:05.205+0000] {logging_mixin.py:188} INFO - [2026-01-08T10:12:05.203+0000] {dag.py:3834} INFO - Setting next_dagrun for prediction_dag to 2026-01-08 10:12:00+00:00, run_after=2026-01-08 10:14:00+00:00
[2026-01-08T10:12:05.419+0000] {processor.py:183} INFO - Processing /opt/airflow/dags/prediction_dag.py took 0.432 seconds
[2026-01-08T10:12:35.689+0000] {processor.py:161} INFO - Started process (PID=8502) to work on /opt/airflow/dags/prediction_dag.py
[2026-01-08T10:12:35.693+0000] {processor.py:830} INFO - Processing file /opt/airflow/dags/prediction_dag.py for tasks to queue
[2026-01-08T10:12:35.694+0000] {logging_mixin.py:188} INFO - [2026-01-08T10:12:35.693+0000] {dagbag.py:540} INFO - Filling up the DagBag from /opt/airflow/dags/prediction_dag.py
[2026-01-08T10:12:35.725+0000] {processor.py:840} INFO - DAG(s) 'prediction_dag' retrieved from /opt/airflow/dags/prediction_dag.py
[2026-01-08T10:12:35.779+0000] {logging_mixin.py:188} INFO - [2026-01-08T10:12:35.779+0000] {dag.py:3047} INFO - Sync 1 DAGs
[2026-01-08T10:12:35.814+0000] {logging_mixin.py:188} INFO - [2026-01-08T10:12:35.813+0000] {dag.py:3834} INFO - Setting next_dagrun for prediction_dag to 2026-01-08 10:12:00+00:00, run_after=2026-01-08 10:14:00+00:00
[2026-01-08T10:12:35.828+0000] {processor.py:183} INFO - Processing /opt/airflow/dags/prediction_dag.py took 0.156 seconds
[2026-01-08T10:13:06.217+0000] {processor.py:161} INFO - Started process (PID=8529) to work on /opt/airflow/dags/prediction_dag.py
[2026-01-08T10:13:06.233+0000] {processor.py:830} INFO - Processing file /opt/airflow/dags/prediction_dag.py for tasks to queue
[2026-01-08T10:13:06.441+0000] {logging_mixin.py:188} INFO - [2026-01-08T10:13:06.305+0000] {dagbag.py:540} INFO - Filling up the DagBag from /opt/airflow/dags/prediction_dag.py
[2026-01-08T10:13:06.623+0000] {processor.py:840} INFO - DAG(s) 'prediction_dag' retrieved from /opt/airflow/dags/prediction_dag.py
[2026-01-08T10:13:06.858+0000] {logging_mixin.py:188} INFO - [2026-01-08T10:13:06.858+0000] {dag.py:3047} INFO - Sync 1 DAGs
[2026-01-08T10:13:06.946+0000] {logging_mixin.py:188} INFO - [2026-01-08T10:13:06.945+0000] {dag.py:3834} INFO - Setting next_dagrun for prediction_dag to 2026-01-08 10:12:00+00:00, run_after=2026-01-08 10:14:00+00:00
[2026-01-08T10:13:06.987+0000] {processor.py:183} INFO - Processing /opt/airflow/dags/prediction_dag.py took 0.862 seconds
[2026-01-08T10:13:37.802+0000] {processor.py:161} INFO - Started process (PID=8600) to work on /opt/airflow/dags/prediction_dag.py
[2026-01-08T10:13:37.808+0000] {processor.py:830} INFO - Processing file /opt/airflow/dags/prediction_dag.py for tasks to queue
[2026-01-08T10:13:37.810+0000] {logging_mixin.py:188} INFO - [2026-01-08T10:13:37.809+0000] {dagbag.py:540} INFO - Filling up the DagBag from /opt/airflow/dags/prediction_dag.py
[2026-01-08T10:13:37.841+0000] {processor.py:840} INFO - DAG(s) 'prediction_dag' retrieved from /opt/airflow/dags/prediction_dag.py
[2026-01-08T10:13:37.904+0000] {logging_mixin.py:188} INFO - [2026-01-08T10:13:37.904+0000] {dag.py:3047} INFO - Sync 1 DAGs
[2026-01-08T10:13:37.939+0000] {logging_mixin.py:188} INFO - [2026-01-08T10:13:37.938+0000] {dag.py:3834} INFO - Setting next_dagrun for prediction_dag to 2026-01-08 10:12:00+00:00, run_after=2026-01-08 10:14:00+00:00
[2026-01-08T10:13:37.952+0000] {processor.py:183} INFO - Processing /opt/airflow/dags/prediction_dag.py took 0.160 seconds
[2026-01-08T10:14:08.556+0000] {processor.py:161} INFO - Started process (PID=8641) to work on /opt/airflow/dags/prediction_dag.py
[2026-01-08T10:14:08.558+0000] {processor.py:830} INFO - Processing file /opt/airflow/dags/prediction_dag.py for tasks to queue
[2026-01-08T10:14:08.559+0000] {logging_mixin.py:188} INFO - [2026-01-08T10:14:08.559+0000] {dagbag.py:540} INFO - Filling up the DagBag from /opt/airflow/dags/prediction_dag.py
[2026-01-08T10:14:08.586+0000] {processor.py:840} INFO - DAG(s) 'prediction_dag' retrieved from /opt/airflow/dags/prediction_dag.py
[2026-01-08T10:14:08.656+0000] {logging_mixin.py:188} INFO - [2026-01-08T10:14:08.655+0000] {dag.py:3047} INFO - Sync 1 DAGs
[2026-01-08T10:14:08.692+0000] {logging_mixin.py:188} INFO - [2026-01-08T10:14:08.692+0000] {dag.py:3834} INFO - Setting next_dagrun for prediction_dag to 2026-01-08 10:14:00+00:00, run_after=2026-01-08 10:16:00+00:00
[2026-01-08T10:14:08.708+0000] {processor.py:183} INFO - Processing /opt/airflow/dags/prediction_dag.py took 0.160 seconds
[2026-01-08T10:14:39.187+0000] {processor.py:161} INFO - Started process (PID=8691) to work on /opt/airflow/dags/prediction_dag.py
[2026-01-08T10:14:39.190+0000] {processor.py:830} INFO - Processing file /opt/airflow/dags/prediction_dag.py for tasks to queue
[2026-01-08T10:14:39.191+0000] {logging_mixin.py:188} INFO - [2026-01-08T10:14:39.190+0000] {dagbag.py:540} INFO - Filling up the DagBag from /opt/airflow/dags/prediction_dag.py
[2026-01-08T10:14:39.233+0000] {processor.py:840} INFO - DAG(s) 'prediction_dag' retrieved from /opt/airflow/dags/prediction_dag.py
[2026-01-08T10:14:39.301+0000] {logging_mixin.py:188} INFO - [2026-01-08T10:14:39.301+0000] {dag.py:3047} INFO - Sync 1 DAGs
[2026-01-08T10:14:39.359+0000] {logging_mixin.py:188} INFO - [2026-01-08T10:14:39.359+0000] {dag.py:3834} INFO - Setting next_dagrun for prediction_dag to 2026-01-08 10:14:00+00:00, run_after=2026-01-08 10:16:00+00:00
[2026-01-08T10:14:39.395+0000] {processor.py:183} INFO - Processing /opt/airflow/dags/prediction_dag.py took 0.225 seconds
[2026-01-08T10:15:10.162+0000] {processor.py:161} INFO - Started process (PID=8730) to work on /opt/airflow/dags/prediction_dag.py
[2026-01-08T10:15:10.165+0000] {processor.py:830} INFO - Processing file /opt/airflow/dags/prediction_dag.py for tasks to queue
[2026-01-08T10:15:10.167+0000] {logging_mixin.py:188} INFO - [2026-01-08T10:15:10.166+0000] {dagbag.py:540} INFO - Filling up the DagBag from /opt/airflow/dags/prediction_dag.py
[2026-01-08T10:15:10.210+0000] {processor.py:840} INFO - DAG(s) 'prediction_dag' retrieved from /opt/airflow/dags/prediction_dag.py
[2026-01-08T10:15:10.279+0000] {logging_mixin.py:188} INFO - [2026-01-08T10:15:10.279+0000] {dag.py:3047} INFO - Sync 1 DAGs
[2026-01-08T10:15:10.347+0000] {logging_mixin.py:188} INFO - [2026-01-08T10:15:10.347+0000] {dag.py:3834} INFO - Setting next_dagrun for prediction_dag to 2026-01-08 10:14:00+00:00, run_after=2026-01-08 10:16:00+00:00
[2026-01-08T10:15:10.384+0000] {processor.py:183} INFO - Processing /opt/airflow/dags/prediction_dag.py took 0.236 seconds
[2026-01-08T10:15:41.376+0000] {processor.py:161} INFO - Started process (PID=8789) to work on /opt/airflow/dags/prediction_dag.py
[2026-01-08T10:15:41.378+0000] {processor.py:830} INFO - Processing file /opt/airflow/dags/prediction_dag.py for tasks to queue
[2026-01-08T10:15:41.380+0000] {logging_mixin.py:188} INFO - [2026-01-08T10:15:41.379+0000] {dagbag.py:540} INFO - Filling up the DagBag from /opt/airflow/dags/prediction_dag.py
[2026-01-08T10:15:41.438+0000] {processor.py:840} INFO - DAG(s) 'prediction_dag' retrieved from /opt/airflow/dags/prediction_dag.py
[2026-01-08T10:15:41.511+0000] {logging_mixin.py:188} INFO - [2026-01-08T10:15:41.511+0000] {dag.py:3047} INFO - Sync 1 DAGs
[2026-01-08T10:15:41.554+0000] {logging_mixin.py:188} INFO - [2026-01-08T10:15:41.554+0000] {dag.py:3834} INFO - Setting next_dagrun for prediction_dag to 2026-01-08 10:14:00+00:00, run_after=2026-01-08 10:16:00+00:00
[2026-01-08T10:15:41.573+0000] {processor.py:183} INFO - Processing /opt/airflow/dags/prediction_dag.py took 0.209 seconds
[2026-01-08T10:16:11.760+0000] {processor.py:161} INFO - Started process (PID=8834) to work on /opt/airflow/dags/prediction_dag.py
[2026-01-08T10:16:11.764+0000] {processor.py:830} INFO - Processing file /opt/airflow/dags/prediction_dag.py for tasks to queue
[2026-01-08T10:16:11.765+0000] {logging_mixin.py:188} INFO - [2026-01-08T10:16:11.764+0000] {dagbag.py:540} INFO - Filling up the DagBag from /opt/airflow/dags/prediction_dag.py
[2026-01-08T10:16:11.792+0000] {processor.py:840} INFO - DAG(s) 'prediction_dag' retrieved from /opt/airflow/dags/prediction_dag.py
[2026-01-08T10:16:11.853+0000] {logging_mixin.py:188} INFO - [2026-01-08T10:16:11.852+0000] {dag.py:3047} INFO - Sync 1 DAGs
[2026-01-08T10:16:11.893+0000] {logging_mixin.py:188} INFO - [2026-01-08T10:16:11.893+0000] {dag.py:3834} INFO - Setting next_dagrun for prediction_dag to 2026-01-08 10:16:00+00:00, run_after=2026-01-08 10:18:00+00:00
[2026-01-08T10:16:11.913+0000] {processor.py:183} INFO - Processing /opt/airflow/dags/prediction_dag.py took 0.165 seconds
[2026-01-08T10:16:42.284+0000] {processor.py:161} INFO - Started process (PID=8893) to work on /opt/airflow/dags/prediction_dag.py
[2026-01-08T10:16:42.286+0000] {processor.py:830} INFO - Processing file /opt/airflow/dags/prediction_dag.py for tasks to queue
[2026-01-08T10:16:42.288+0000] {logging_mixin.py:188} INFO - [2026-01-08T10:16:42.287+0000] {dagbag.py:540} INFO - Filling up the DagBag from /opt/airflow/dags/prediction_dag.py
[2026-01-08T10:16:42.317+0000] {processor.py:840} INFO - DAG(s) 'prediction_dag' retrieved from /opt/airflow/dags/prediction_dag.py
[2026-01-08T10:16:42.361+0000] {logging_mixin.py:188} INFO - [2026-01-08T10:16:42.360+0000] {dag.py:3047} INFO - Sync 1 DAGs
[2026-01-08T10:16:42.395+0000] {logging_mixin.py:188} INFO - [2026-01-08T10:16:42.395+0000] {dag.py:3834} INFO - Setting next_dagrun for prediction_dag to 2026-01-08 10:16:00+00:00, run_after=2026-01-08 10:18:00+00:00
[2026-01-08T10:16:42.412+0000] {processor.py:183} INFO - Processing /opt/airflow/dags/prediction_dag.py took 0.143 seconds
[2026-01-08T10:17:12.897+0000] {processor.py:161} INFO - Started process (PID=8973) to work on /opt/airflow/dags/prediction_dag.py
[2026-01-08T10:17:12.902+0000] {processor.py:830} INFO - Processing file /opt/airflow/dags/prediction_dag.py for tasks to queue
[2026-01-08T10:17:12.905+0000] {logging_mixin.py:188} INFO - [2026-01-08T10:17:12.904+0000] {dagbag.py:540} INFO - Filling up the DagBag from /opt/airflow/dags/prediction_dag.py
[2026-01-08T10:17:12.983+0000] {processor.py:840} INFO - DAG(s) 'prediction_dag' retrieved from /opt/airflow/dags/prediction_dag.py
[2026-01-08T10:17:13.071+0000] {logging_mixin.py:188} INFO - [2026-01-08T10:17:13.070+0000] {dag.py:3047} INFO - Sync 1 DAGs
[2026-01-08T10:17:13.120+0000] {logging_mixin.py:188} INFO - [2026-01-08T10:17:13.119+0000] {dag.py:3834} INFO - Setting next_dagrun for prediction_dag to 2026-01-08 10:16:00+00:00, run_after=2026-01-08 10:18:00+00:00
[2026-01-08T10:17:13.159+0000] {processor.py:183} INFO - Processing /opt/airflow/dags/prediction_dag.py took 0.277 seconds
[2026-01-08T10:17:43.764+0000] {processor.py:161} INFO - Started process (PID=8991) to work on /opt/airflow/dags/prediction_dag.py
[2026-01-08T10:17:43.767+0000] {processor.py:830} INFO - Processing file /opt/airflow/dags/prediction_dag.py for tasks to queue
[2026-01-08T10:17:43.768+0000] {logging_mixin.py:188} INFO - [2026-01-08T10:17:43.767+0000] {dagbag.py:540} INFO - Filling up the DagBag from /opt/airflow/dags/prediction_dag.py
[2026-01-08T10:17:43.812+0000] {processor.py:840} INFO - DAG(s) 'prediction_dag' retrieved from /opt/airflow/dags/prediction_dag.py
[2026-01-08T10:17:43.881+0000] {logging_mixin.py:188} INFO - [2026-01-08T10:17:43.881+0000] {dag.py:3047} INFO - Sync 1 DAGs
[2026-01-08T10:17:43.918+0000] {logging_mixin.py:188} INFO - [2026-01-08T10:17:43.918+0000] {dag.py:3834} INFO - Setting next_dagrun for prediction_dag to 2026-01-08 10:16:00+00:00, run_after=2026-01-08 10:18:00+00:00
[2026-01-08T10:17:43.934+0000] {processor.py:183} INFO - Processing /opt/airflow/dags/prediction_dag.py took 0.186 seconds
[2026-01-08T10:18:15.069+0000] {processor.py:161} INFO - Started process (PID=9050) to work on /opt/airflow/dags/prediction_dag.py
[2026-01-08T10:18:15.075+0000] {processor.py:830} INFO - Processing file /opt/airflow/dags/prediction_dag.py for tasks to queue
[2026-01-08T10:18:15.077+0000] {logging_mixin.py:188} INFO - [2026-01-08T10:18:15.076+0000] {dagbag.py:540} INFO - Filling up the DagBag from /opt/airflow/dags/prediction_dag.py
[2026-01-08T10:18:15.146+0000] {processor.py:840} INFO - DAG(s) 'prediction_dag' retrieved from /opt/airflow/dags/prediction_dag.py
[2026-01-08T10:18:15.275+0000] {logging_mixin.py:188} INFO - [2026-01-08T10:18:15.274+0000] {dag.py:3047} INFO - Sync 1 DAGs
[2026-01-08T10:18:15.338+0000] {logging_mixin.py:188} INFO - [2026-01-08T10:18:15.338+0000] {dag.py:3834} INFO - Setting next_dagrun for prediction_dag to 2026-01-08 10:18:00+00:00, run_after=2026-01-08 10:20:00+00:00
[2026-01-08T10:18:15.362+0000] {processor.py:183} INFO - Processing /opt/airflow/dags/prediction_dag.py took 0.321 seconds
[2026-01-08T10:18:45.895+0000] {processor.py:161} INFO - Started process (PID=9095) to work on /opt/airflow/dags/prediction_dag.py
[2026-01-08T10:18:45.898+0000] {processor.py:830} INFO - Processing file /opt/airflow/dags/prediction_dag.py for tasks to queue
[2026-01-08T10:18:45.899+0000] {logging_mixin.py:188} INFO - [2026-01-08T10:18:45.898+0000] {dagbag.py:540} INFO - Filling up the DagBag from /opt/airflow/dags/prediction_dag.py
[2026-01-08T10:18:45.933+0000] {processor.py:840} INFO - DAG(s) 'prediction_dag' retrieved from /opt/airflow/dags/prediction_dag.py
[2026-01-08T10:18:45.983+0000] {logging_mixin.py:188} INFO - [2026-01-08T10:18:45.983+0000] {dag.py:3047} INFO - Sync 1 DAGs
[2026-01-08T10:18:46.018+0000] {logging_mixin.py:188} INFO - [2026-01-08T10:18:46.018+0000] {dag.py:3834} INFO - Setting next_dagrun for prediction_dag to 2026-01-08 10:18:00+00:00, run_after=2026-01-08 10:20:00+00:00
[2026-01-08T10:18:46.032+0000] {processor.py:183} INFO - Processing /opt/airflow/dags/prediction_dag.py took 0.147 seconds
[2026-01-08T10:19:16.913+0000] {processor.py:161} INFO - Started process (PID=9175) to work on /opt/airflow/dags/prediction_dag.py
[2026-01-08T10:19:16.915+0000] {processor.py:830} INFO - Processing file /opt/airflow/dags/prediction_dag.py for tasks to queue
[2026-01-08T10:19:16.916+0000] {logging_mixin.py:188} INFO - [2026-01-08T10:19:16.916+0000] {dagbag.py:540} INFO - Filling up the DagBag from /opt/airflow/dags/prediction_dag.py
[2026-01-08T10:19:16.938+0000] {processor.py:840} INFO - DAG(s) 'prediction_dag' retrieved from /opt/airflow/dags/prediction_dag.py
[2026-01-08T10:19:16.977+0000] {logging_mixin.py:188} INFO - [2026-01-08T10:19:16.977+0000] {dag.py:3047} INFO - Sync 1 DAGs
[2026-01-08T10:19:17.010+0000] {logging_mixin.py:188} INFO - [2026-01-08T10:19:17.010+0000] {dag.py:3834} INFO - Setting next_dagrun for prediction_dag to 2026-01-08 10:18:00+00:00, run_after=2026-01-08 10:20:00+00:00
[2026-01-08T10:19:17.024+0000] {processor.py:183} INFO - Processing /opt/airflow/dags/prediction_dag.py took 0.126 seconds
[2026-01-08T10:19:47.132+0000] {processor.py:161} INFO - Started process (PID=9193) to work on /opt/airflow/dags/prediction_dag.py
[2026-01-08T10:19:47.138+0000] {processor.py:830} INFO - Processing file /opt/airflow/dags/prediction_dag.py for tasks to queue
[2026-01-08T10:19:47.140+0000] {logging_mixin.py:188} INFO - [2026-01-08T10:19:47.139+0000] {dagbag.py:540} INFO - Filling up the DagBag from /opt/airflow/dags/prediction_dag.py
[2026-01-08T10:19:47.191+0000] {processor.py:840} INFO - DAG(s) 'prediction_dag' retrieved from /opt/airflow/dags/prediction_dag.py
[2026-01-08T10:19:47.261+0000] {logging_mixin.py:188} INFO - [2026-01-08T10:19:47.261+0000] {dag.py:3047} INFO - Sync 1 DAGs
[2026-01-08T10:19:47.301+0000] {logging_mixin.py:188} INFO - [2026-01-08T10:19:47.301+0000] {dag.py:3834} INFO - Setting next_dagrun for prediction_dag to 2026-01-08 10:18:00+00:00, run_after=2026-01-08 10:20:00+00:00
[2026-01-08T10:19:47.325+0000] {processor.py:183} INFO - Processing /opt/airflow/dags/prediction_dag.py took 0.205 seconds
[2026-01-08T10:20:17.867+0000] {processor.py:161} INFO - Started process (PID=9266) to work on /opt/airflow/dags/prediction_dag.py
[2026-01-08T10:20:17.878+0000] {processor.py:830} INFO - Processing file /opt/airflow/dags/prediction_dag.py for tasks to queue
[2026-01-08T10:20:17.885+0000] {logging_mixin.py:188} INFO - [2026-01-08T10:20:17.882+0000] {dagbag.py:540} INFO - Filling up the DagBag from /opt/airflow/dags/prediction_dag.py
[2026-01-08T10:20:18.008+0000] {processor.py:840} INFO - DAG(s) 'prediction_dag' retrieved from /opt/airflow/dags/prediction_dag.py
[2026-01-08T10:20:18.122+0000] {logging_mixin.py:188} INFO - [2026-01-08T10:20:18.120+0000] {dag.py:3047} INFO - Sync 1 DAGs
[2026-01-08T10:20:18.250+0000] {logging_mixin.py:188} INFO - [2026-01-08T10:20:18.249+0000] {dag.py:3834} INFO - Setting next_dagrun for prediction_dag to 2026-01-08 10:20:00+00:00, run_after=2026-01-08 10:22:00+00:00
[2026-01-08T10:20:18.315+0000] {processor.py:183} INFO - Processing /opt/airflow/dags/prediction_dag.py took 0.473 seconds
[2026-01-08T10:20:48.627+0000] {processor.py:161} INFO - Started process (PID=9284) to work on /opt/airflow/dags/prediction_dag.py
[2026-01-08T10:20:48.629+0000] {processor.py:830} INFO - Processing file /opt/airflow/dags/prediction_dag.py for tasks to queue
[2026-01-08T10:20:48.631+0000] {logging_mixin.py:188} INFO - [2026-01-08T10:20:48.630+0000] {dagbag.py:540} INFO - Filling up the DagBag from /opt/airflow/dags/prediction_dag.py
[2026-01-08T10:20:48.671+0000] {processor.py:840} INFO - DAG(s) 'prediction_dag' retrieved from /opt/airflow/dags/prediction_dag.py
[2026-01-08T10:20:48.731+0000] {logging_mixin.py:188} INFO - [2026-01-08T10:20:48.731+0000] {dag.py:3047} INFO - Sync 1 DAGs
[2026-01-08T10:20:48.774+0000] {logging_mixin.py:188} INFO - [2026-01-08T10:20:48.773+0000] {dag.py:3834} INFO - Setting next_dagrun for prediction_dag to 2026-01-08 10:20:00+00:00, run_after=2026-01-08 10:22:00+00:00
[2026-01-08T10:20:48.789+0000] {processor.py:183} INFO - Processing /opt/airflow/dags/prediction_dag.py took 0.175 seconds
[2026-01-08T10:21:19.470+0000] {processor.py:161} INFO - Started process (PID=9364) to work on /opt/airflow/dags/prediction_dag.py
[2026-01-08T10:21:19.471+0000] {processor.py:830} INFO - Processing file /opt/airflow/dags/prediction_dag.py for tasks to queue
[2026-01-08T10:21:19.473+0000] {logging_mixin.py:188} INFO - [2026-01-08T10:21:19.472+0000] {dagbag.py:540} INFO - Filling up the DagBag from /opt/airflow/dags/prediction_dag.py
[2026-01-08T10:21:19.503+0000] {processor.py:840} INFO - DAG(s) 'prediction_dag' retrieved from /opt/airflow/dags/prediction_dag.py
[2026-01-08T10:21:19.549+0000] {logging_mixin.py:188} INFO - [2026-01-08T10:21:19.548+0000] {dag.py:3047} INFO - Sync 1 DAGs
[2026-01-08T10:21:19.588+0000] {logging_mixin.py:188} INFO - [2026-01-08T10:21:19.587+0000] {dag.py:3834} INFO - Setting next_dagrun for prediction_dag to 2026-01-08 10:20:00+00:00, run_after=2026-01-08 10:22:00+00:00
[2026-01-08T10:21:19.605+0000] {processor.py:183} INFO - Processing /opt/airflow/dags/prediction_dag.py took 0.143 seconds
[2026-01-08T10:21:50.105+0000] {processor.py:161} INFO - Started process (PID=9382) to work on /opt/airflow/dags/prediction_dag.py
[2026-01-08T10:21:50.107+0000] {processor.py:830} INFO - Processing file /opt/airflow/dags/prediction_dag.py for tasks to queue
[2026-01-08T10:21:50.108+0000] {logging_mixin.py:188} INFO - [2026-01-08T10:21:50.108+0000] {dagbag.py:540} INFO - Filling up the DagBag from /opt/airflow/dags/prediction_dag.py
[2026-01-08T10:21:50.144+0000] {processor.py:840} INFO - DAG(s) 'prediction_dag' retrieved from /opt/airflow/dags/prediction_dag.py
[2026-01-08T10:21:50.201+0000] {logging_mixin.py:188} INFO - [2026-01-08T10:21:50.201+0000] {dag.py:3047} INFO - Sync 1 DAGs
[2026-01-08T10:21:50.273+0000] {logging_mixin.py:188} INFO - [2026-01-08T10:21:50.273+0000] {dag.py:3834} INFO - Setting next_dagrun for prediction_dag to 2026-01-08 10:20:00+00:00, run_after=2026-01-08 10:22:00+00:00
[2026-01-08T10:21:50.296+0000] {processor.py:183} INFO - Processing /opt/airflow/dags/prediction_dag.py took 0.199 seconds
[2026-01-08T10:22:20.905+0000] {processor.py:161} INFO - Started process (PID=9468) to work on /opt/airflow/dags/prediction_dag.py
[2026-01-08T10:22:20.907+0000] {processor.py:830} INFO - Processing file /opt/airflow/dags/prediction_dag.py for tasks to queue
[2026-01-08T10:22:20.908+0000] {logging_mixin.py:188} INFO - [2026-01-08T10:22:20.908+0000] {dagbag.py:540} INFO - Filling up the DagBag from /opt/airflow/dags/prediction_dag.py
[2026-01-08T10:22:20.947+0000] {processor.py:840} INFO - DAG(s) 'prediction_dag' retrieved from /opt/airflow/dags/prediction_dag.py
[2026-01-08T10:22:21.054+0000] {logging_mixin.py:188} INFO - [2026-01-08T10:22:21.054+0000] {dag.py:3047} INFO - Sync 1 DAGs
[2026-01-08T10:22:21.148+0000] {logging_mixin.py:188} INFO - [2026-01-08T10:22:21.147+0000] {dag.py:3834} INFO - Setting next_dagrun for prediction_dag to 2026-01-08 10:22:00+00:00, run_after=2026-01-08 10:24:00+00:00
[2026-01-08T10:22:21.246+0000] {processor.py:183} INFO - Processing /opt/airflow/dags/prediction_dag.py took 0.356 seconds
[2026-01-08T10:22:51.744+0000] {processor.py:161} INFO - Started process (PID=9486) to work on /opt/airflow/dags/prediction_dag.py
[2026-01-08T10:22:51.747+0000] {processor.py:830} INFO - Processing file /opt/airflow/dags/prediction_dag.py for tasks to queue
[2026-01-08T10:22:51.749+0000] {logging_mixin.py:188} INFO - [2026-01-08T10:22:51.748+0000] {dagbag.py:540} INFO - Filling up the DagBag from /opt/airflow/dags/prediction_dag.py
[2026-01-08T10:22:51.791+0000] {processor.py:840} INFO - DAG(s) 'prediction_dag' retrieved from /opt/airflow/dags/prediction_dag.py
[2026-01-08T10:22:51.846+0000] {logging_mixin.py:188} INFO - [2026-01-08T10:22:51.845+0000] {dag.py:3047} INFO - Sync 1 DAGs
[2026-01-08T10:22:51.883+0000] {logging_mixin.py:188} INFO - [2026-01-08T10:22:51.883+0000] {dag.py:3834} INFO - Setting next_dagrun for prediction_dag to 2026-01-08 10:22:00+00:00, run_after=2026-01-08 10:24:00+00:00
[2026-01-08T10:22:51.897+0000] {processor.py:183} INFO - Processing /opt/airflow/dags/prediction_dag.py took 0.166 seconds
[2026-01-08T10:23:22.338+0000] {processor.py:161} INFO - Started process (PID=9566) to work on /opt/airflow/dags/prediction_dag.py
[2026-01-08T10:23:22.343+0000] {processor.py:830} INFO - Processing file /opt/airflow/dags/prediction_dag.py for tasks to queue
[2026-01-08T10:23:22.345+0000] {logging_mixin.py:188} INFO - [2026-01-08T10:23:22.344+0000] {dagbag.py:540} INFO - Filling up the DagBag from /opt/airflow/dags/prediction_dag.py
[2026-01-08T10:23:22.379+0000] {processor.py:840} INFO - DAG(s) 'prediction_dag' retrieved from /opt/airflow/dags/prediction_dag.py
[2026-01-08T10:23:22.448+0000] {logging_mixin.py:188} INFO - [2026-01-08T10:23:22.448+0000] {dag.py:3047} INFO - Sync 1 DAGs
[2026-01-08T10:23:22.497+0000] {logging_mixin.py:188} INFO - [2026-01-08T10:23:22.497+0000] {dag.py:3834} INFO - Setting next_dagrun for prediction_dag to 2026-01-08 10:22:00+00:00, run_after=2026-01-08 10:24:00+00:00
[2026-01-08T10:23:22.514+0000] {processor.py:183} INFO - Processing /opt/airflow/dags/prediction_dag.py took 0.191 seconds
[2026-01-08T10:23:52.933+0000] {processor.py:161} INFO - Started process (PID=9584) to work on /opt/airflow/dags/prediction_dag.py
[2026-01-08T10:23:52.936+0000] {processor.py:830} INFO - Processing file /opt/airflow/dags/prediction_dag.py for tasks to queue
[2026-01-08T10:23:52.938+0000] {logging_mixin.py:188} INFO - [2026-01-08T10:23:52.937+0000] {dagbag.py:540} INFO - Filling up the DagBag from /opt/airflow/dags/prediction_dag.py
[2026-01-08T10:23:52.978+0000] {processor.py:840} INFO - DAG(s) 'prediction_dag' retrieved from /opt/airflow/dags/prediction_dag.py
[2026-01-08T10:23:53.039+0000] {logging_mixin.py:188} INFO - [2026-01-08T10:23:53.038+0000] {dag.py:3047} INFO - Sync 1 DAGs
[2026-01-08T10:23:53.076+0000] {logging_mixin.py:188} INFO - [2026-01-08T10:23:53.076+0000] {dag.py:3834} INFO - Setting next_dagrun for prediction_dag to 2026-01-08 10:22:00+00:00, run_after=2026-01-08 10:24:00+00:00
[2026-01-08T10:23:53.090+0000] {processor.py:183} INFO - Processing /opt/airflow/dags/prediction_dag.py took 0.169 seconds
[2026-01-08T10:24:23.409+0000] {processor.py:161} INFO - Started process (PID=9670) to work on /opt/airflow/dags/prediction_dag.py
[2026-01-08T10:24:23.411+0000] {processor.py:830} INFO - Processing file /opt/airflow/dags/prediction_dag.py for tasks to queue
[2026-01-08T10:24:23.412+0000] {logging_mixin.py:188} INFO - [2026-01-08T10:24:23.412+0000] {dagbag.py:540} INFO - Filling up the DagBag from /opt/airflow/dags/prediction_dag.py
[2026-01-08T10:24:23.440+0000] {processor.py:840} INFO - DAG(s) 'prediction_dag' retrieved from /opt/airflow/dags/prediction_dag.py
[2026-01-08T10:24:23.491+0000] {logging_mixin.py:188} INFO - [2026-01-08T10:24:23.491+0000] {dag.py:3047} INFO - Sync 1 DAGs
[2026-01-08T10:24:23.527+0000] {logging_mixin.py:188} INFO - [2026-01-08T10:24:23.527+0000] {dag.py:3834} INFO - Setting next_dagrun for prediction_dag to 2026-01-08 10:24:00+00:00, run_after=2026-01-08 10:26:00+00:00
[2026-01-08T10:24:23.541+0000] {processor.py:183} INFO - Processing /opt/airflow/dags/prediction_dag.py took 0.149 seconds
[2026-01-08T10:24:54.178+0000] {processor.py:161} INFO - Started process (PID=9688) to work on /opt/airflow/dags/prediction_dag.py
[2026-01-08T10:24:54.180+0000] {processor.py:830} INFO - Processing file /opt/airflow/dags/prediction_dag.py for tasks to queue
[2026-01-08T10:24:54.182+0000] {logging_mixin.py:188} INFO - [2026-01-08T10:24:54.181+0000] {dagbag.py:540} INFO - Filling up the DagBag from /opt/airflow/dags/prediction_dag.py
[2026-01-08T10:24:54.212+0000] {processor.py:840} INFO - DAG(s) 'prediction_dag' retrieved from /opt/airflow/dags/prediction_dag.py
[2026-01-08T10:24:54.260+0000] {logging_mixin.py:188} INFO - [2026-01-08T10:24:54.259+0000] {dag.py:3047} INFO - Sync 1 DAGs
[2026-01-08T10:24:54.292+0000] {logging_mixin.py:188} INFO - [2026-01-08T10:24:54.292+0000] {dag.py:3834} INFO - Setting next_dagrun for prediction_dag to 2026-01-08 10:24:00+00:00, run_after=2026-01-08 10:26:00+00:00
[2026-01-08T10:24:54.308+0000] {processor.py:183} INFO - Processing /opt/airflow/dags/prediction_dag.py took 0.137 seconds
[2026-01-08T10:25:24.608+0000] {processor.py:161} INFO - Started process (PID=9768) to work on /opt/airflow/dags/prediction_dag.py
[2026-01-08T10:25:24.611+0000] {processor.py:830} INFO - Processing file /opt/airflow/dags/prediction_dag.py for tasks to queue
[2026-01-08T10:25:24.612+0000] {logging_mixin.py:188} INFO - [2026-01-08T10:25:24.612+0000] {dagbag.py:540} INFO - Filling up the DagBag from /opt/airflow/dags/prediction_dag.py
[2026-01-08T10:25:24.652+0000] {processor.py:840} INFO - DAG(s) 'prediction_dag' retrieved from /opt/airflow/dags/prediction_dag.py
[2026-01-08T10:25:24.704+0000] {logging_mixin.py:188} INFO - [2026-01-08T10:25:24.703+0000] {dag.py:3047} INFO - Sync 1 DAGs
[2026-01-08T10:25:24.735+0000] {logging_mixin.py:188} INFO - [2026-01-08T10:25:24.735+0000] {dag.py:3834} INFO - Setting next_dagrun for prediction_dag to 2026-01-08 10:24:00+00:00, run_after=2026-01-08 10:26:00+00:00
[2026-01-08T10:25:24.751+0000] {processor.py:183} INFO - Processing /opt/airflow/dags/prediction_dag.py took 0.156 seconds
[2026-01-08T10:25:55.244+0000] {processor.py:161} INFO - Started process (PID=9786) to work on /opt/airflow/dags/prediction_dag.py
[2026-01-08T10:25:55.251+0000] {processor.py:830} INFO - Processing file /opt/airflow/dags/prediction_dag.py for tasks to queue
[2026-01-08T10:25:55.254+0000] {logging_mixin.py:188} INFO - [2026-01-08T10:25:55.253+0000] {dagbag.py:540} INFO - Filling up the DagBag from /opt/airflow/dags/prediction_dag.py
[2026-01-08T10:25:55.297+0000] {processor.py:840} INFO - DAG(s) 'prediction_dag' retrieved from /opt/airflow/dags/prediction_dag.py
[2026-01-08T10:25:55.382+0000] {logging_mixin.py:188} INFO - [2026-01-08T10:25:55.382+0000] {dag.py:3047} INFO - Sync 1 DAGs
[2026-01-08T10:25:55.425+0000] {logging_mixin.py:188} INFO - [2026-01-08T10:25:55.425+0000] {dag.py:3834} INFO - Setting next_dagrun for prediction_dag to 2026-01-08 10:24:00+00:00, run_after=2026-01-08 10:26:00+00:00
[2026-01-08T10:25:55.440+0000] {processor.py:183} INFO - Processing /opt/airflow/dags/prediction_dag.py took 0.207 seconds
[2026-01-08T10:26:26.030+0000] {processor.py:161} INFO - Started process (PID=9870) to work on /opt/airflow/dags/prediction_dag.py
[2026-01-08T10:26:26.032+0000] {processor.py:830} INFO - Processing file /opt/airflow/dags/prediction_dag.py for tasks to queue
[2026-01-08T10:26:26.033+0000] {logging_mixin.py:188} INFO - [2026-01-08T10:26:26.033+0000] {dagbag.py:540} INFO - Filling up the DagBag from /opt/airflow/dags/prediction_dag.py
[2026-01-08T10:26:26.065+0000] {processor.py:840} INFO - DAG(s) 'prediction_dag' retrieved from /opt/airflow/dags/prediction_dag.py
[2026-01-08T10:26:26.111+0000] {logging_mixin.py:188} INFO - [2026-01-08T10:26:26.111+0000] {dag.py:3047} INFO - Sync 1 DAGs
[2026-01-08T10:26:26.142+0000] {logging_mixin.py:188} INFO - [2026-01-08T10:26:26.142+0000] {dag.py:3834} INFO - Setting next_dagrun for prediction_dag to 2026-01-08 10:26:00+00:00, run_after=2026-01-08 10:28:00+00:00
[2026-01-08T10:26:26.165+0000] {processor.py:183} INFO - Processing /opt/airflow/dags/prediction_dag.py took 0.144 seconds
[2026-01-08T10:26:56.777+0000] {processor.py:161} INFO - Started process (PID=9880) to work on /opt/airflow/dags/prediction_dag.py
[2026-01-08T10:26:56.782+0000] {processor.py:830} INFO - Processing file /opt/airflow/dags/prediction_dag.py for tasks to queue
[2026-01-08T10:26:56.785+0000] {logging_mixin.py:188} INFO - [2026-01-08T10:26:56.785+0000] {dagbag.py:540} INFO - Filling up the DagBag from /opt/airflow/dags/prediction_dag.py
[2026-01-08T10:26:56.837+0000] {processor.py:840} INFO - DAG(s) 'prediction_dag' retrieved from /opt/airflow/dags/prediction_dag.py
[2026-01-08T10:26:56.925+0000] {logging_mixin.py:188} INFO - [2026-01-08T10:26:56.924+0000] {dag.py:3047} INFO - Sync 1 DAGs
[2026-01-08T10:26:57.021+0000] {logging_mixin.py:188} INFO - [2026-01-08T10:26:57.021+0000] {dag.py:3834} INFO - Setting next_dagrun for prediction_dag to 2026-01-08 10:26:00+00:00, run_after=2026-01-08 10:28:00+00:00
[2026-01-08T10:26:57.068+0000] {processor.py:183} INFO - Processing /opt/airflow/dags/prediction_dag.py took 0.301 seconds
[2026-01-08T10:27:27.746+0000] {processor.py:161} INFO - Started process (PID=9957) to work on /opt/airflow/dags/prediction_dag.py
[2026-01-08T10:27:27.748+0000] {processor.py:830} INFO - Processing file /opt/airflow/dags/prediction_dag.py for tasks to queue
[2026-01-08T10:27:27.749+0000] {logging_mixin.py:188} INFO - [2026-01-08T10:27:27.749+0000] {dagbag.py:540} INFO - Filling up the DagBag from /opt/airflow/dags/prediction_dag.py
[2026-01-08T10:27:27.783+0000] {processor.py:840} INFO - DAG(s) 'prediction_dag' retrieved from /opt/airflow/dags/prediction_dag.py
[2026-01-08T10:27:27.833+0000] {logging_mixin.py:188} INFO - [2026-01-08T10:27:27.833+0000] {dag.py:3047} INFO - Sync 1 DAGs
[2026-01-08T10:27:27.867+0000] {logging_mixin.py:188} INFO - [2026-01-08T10:27:27.867+0000] {dag.py:3834} INFO - Setting next_dagrun for prediction_dag to 2026-01-08 10:26:00+00:00, run_after=2026-01-08 10:28:00+00:00
[2026-01-08T10:27:27.883+0000] {processor.py:183} INFO - Processing /opt/airflow/dags/prediction_dag.py took 0.144 seconds
[2026-01-08T10:27:58.141+0000] {processor.py:161} INFO - Started process (PID=9975) to work on /opt/airflow/dags/prediction_dag.py
[2026-01-08T10:27:58.145+0000] {processor.py:830} INFO - Processing file /opt/airflow/dags/prediction_dag.py for tasks to queue
[2026-01-08T10:27:58.146+0000] {logging_mixin.py:188} INFO - [2026-01-08T10:27:58.145+0000] {dagbag.py:540} INFO - Filling up the DagBag from /opt/airflow/dags/prediction_dag.py
[2026-01-08T10:27:58.180+0000] {processor.py:840} INFO - DAG(s) 'prediction_dag' retrieved from /opt/airflow/dags/prediction_dag.py
[2026-01-08T10:27:58.242+0000] {logging_mixin.py:188} INFO - [2026-01-08T10:27:58.241+0000] {dag.py:3047} INFO - Sync 1 DAGs
[2026-01-08T10:27:58.283+0000] {logging_mixin.py:188} INFO - [2026-01-08T10:27:58.283+0000] {dag.py:3834} INFO - Setting next_dagrun for prediction_dag to 2026-01-08 10:26:00+00:00, run_after=2026-01-08 10:28:00+00:00
[2026-01-08T10:27:58.301+0000] {processor.py:183} INFO - Processing /opt/airflow/dags/prediction_dag.py took 0.171 seconds
[2026-01-08T10:28:28.810+0000] {processor.py:161} INFO - Started process (PID=10061) to work on /opt/airflow/dags/prediction_dag.py
[2026-01-08T10:28:28.812+0000] {processor.py:830} INFO - Processing file /opt/airflow/dags/prediction_dag.py for tasks to queue
[2026-01-08T10:28:28.814+0000] {logging_mixin.py:188} INFO - [2026-01-08T10:28:28.813+0000] {dagbag.py:540} INFO - Filling up the DagBag from /opt/airflow/dags/prediction_dag.py
[2026-01-08T10:28:28.864+0000] {processor.py:840} INFO - DAG(s) 'prediction_dag' retrieved from /opt/airflow/dags/prediction_dag.py
[2026-01-08T10:28:28.938+0000] {logging_mixin.py:188} INFO - [2026-01-08T10:28:28.938+0000] {dag.py:3047} INFO - Sync 1 DAGs
[2026-01-08T10:28:28.982+0000] {logging_mixin.py:188} INFO - [2026-01-08T10:28:28.982+0000] {dag.py:3834} INFO - Setting next_dagrun for prediction_dag to 2026-01-08 10:28:00+00:00, run_after=2026-01-08 10:30:00+00:00
[2026-01-08T10:28:29.005+0000] {processor.py:183} INFO - Processing /opt/airflow/dags/prediction_dag.py took 0.206 seconds
[2026-01-08T10:28:59.488+0000] {processor.py:161} INFO - Started process (PID=10079) to work on /opt/airflow/dags/prediction_dag.py
[2026-01-08T10:28:59.491+0000] {processor.py:830} INFO - Processing file /opt/airflow/dags/prediction_dag.py for tasks to queue
[2026-01-08T10:28:59.492+0000] {logging_mixin.py:188} INFO - [2026-01-08T10:28:59.491+0000] {dagbag.py:540} INFO - Filling up the DagBag from /opt/airflow/dags/prediction_dag.py
[2026-01-08T10:28:59.534+0000] {processor.py:840} INFO - DAG(s) 'prediction_dag' retrieved from /opt/airflow/dags/prediction_dag.py
[2026-01-08T10:28:59.586+0000] {logging_mixin.py:188} INFO - [2026-01-08T10:28:59.586+0000] {dag.py:3047} INFO - Sync 1 DAGs
[2026-01-08T10:28:59.630+0000] {logging_mixin.py:188} INFO - [2026-01-08T10:28:59.630+0000] {dag.py:3834} INFO - Setting next_dagrun for prediction_dag to 2026-01-08 10:28:00+00:00, run_after=2026-01-08 10:30:00+00:00
[2026-01-08T10:28:59.648+0000] {processor.py:183} INFO - Processing /opt/airflow/dags/prediction_dag.py took 0.173 seconds
[2026-01-08T10:29:30.386+0000] {processor.py:161} INFO - Started process (PID=10159) to work on /opt/airflow/dags/prediction_dag.py
[2026-01-08T10:29:30.388+0000] {processor.py:830} INFO - Processing file /opt/airflow/dags/prediction_dag.py for tasks to queue
[2026-01-08T10:29:30.390+0000] {logging_mixin.py:188} INFO - [2026-01-08T10:29:30.389+0000] {dagbag.py:540} INFO - Filling up the DagBag from /opt/airflow/dags/prediction_dag.py
[2026-01-08T10:29:30.425+0000] {processor.py:840} INFO - DAG(s) 'prediction_dag' retrieved from /opt/airflow/dags/prediction_dag.py
[2026-01-08T10:29:30.482+0000] {logging_mixin.py:188} INFO - [2026-01-08T10:29:30.481+0000] {dag.py:3047} INFO - Sync 1 DAGs
[2026-01-08T10:29:30.518+0000] {logging_mixin.py:188} INFO - [2026-01-08T10:29:30.518+0000] {dag.py:3834} INFO - Setting next_dagrun for prediction_dag to 2026-01-08 10:28:00+00:00, run_after=2026-01-08 10:30:00+00:00
[2026-01-08T10:29:30.535+0000] {processor.py:183} INFO - Processing /opt/airflow/dags/prediction_dag.py took 0.163 seconds
[2026-01-08T10:30:00.923+0000] {processor.py:161} INFO - Started process (PID=10178) to work on /opt/airflow/dags/prediction_dag.py
[2026-01-08T10:30:00.927+0000] {processor.py:830} INFO - Processing file /opt/airflow/dags/prediction_dag.py for tasks to queue
[2026-01-08T10:30:00.930+0000] {logging_mixin.py:188} INFO - [2026-01-08T10:30:00.929+0000] {dagbag.py:540} INFO - Filling up the DagBag from /opt/airflow/dags/prediction_dag.py
[2026-01-08T10:30:00.974+0000] {processor.py:840} INFO - DAG(s) 'prediction_dag' retrieved from /opt/airflow/dags/prediction_dag.py
[2026-01-08T10:30:01.048+0000] {logging_mixin.py:188} INFO - [2026-01-08T10:30:01.047+0000] {dag.py:3047} INFO - Sync 1 DAGs
[2026-01-08T10:30:01.092+0000] {logging_mixin.py:188} INFO - [2026-01-08T10:30:01.092+0000] {dag.py:3834} INFO - Setting next_dagrun for prediction_dag to 2026-01-08 10:30:00+00:00, run_after=2026-01-08 10:32:00+00:00
[2026-01-08T10:30:01.119+0000] {processor.py:183} INFO - Processing /opt/airflow/dags/prediction_dag.py took 0.216 seconds
[2026-01-08T10:30:31.241+0000] {processor.py:161} INFO - Started process (PID=10263) to work on /opt/airflow/dags/prediction_dag.py
[2026-01-08T10:30:31.242+0000] {processor.py:830} INFO - Processing file /opt/airflow/dags/prediction_dag.py for tasks to queue
[2026-01-08T10:30:31.246+0000] {logging_mixin.py:188} INFO - [2026-01-08T10:30:31.244+0000] {dagbag.py:540} INFO - Filling up the DagBag from /opt/airflow/dags/prediction_dag.py
[2026-01-08T10:30:31.291+0000] {processor.py:840} INFO - DAG(s) 'prediction_dag' retrieved from /opt/airflow/dags/prediction_dag.py
[2026-01-08T10:30:31.345+0000] {logging_mixin.py:188} INFO - [2026-01-08T10:30:31.345+0000] {dag.py:3047} INFO - Sync 1 DAGs
[2026-01-08T10:30:31.391+0000] {logging_mixin.py:188} INFO - [2026-01-08T10:30:31.391+0000] {dag.py:3834} INFO - Setting next_dagrun for prediction_dag to 2026-01-08 10:30:00+00:00, run_after=2026-01-08 10:32:00+00:00
[2026-01-08T10:30:31.412+0000] {processor.py:183} INFO - Processing /opt/airflow/dags/prediction_dag.py took 0.181 seconds
[2026-01-08T10:31:01.834+0000] {processor.py:161} INFO - Started process (PID=10290) to work on /opt/airflow/dags/prediction_dag.py
[2026-01-08T10:31:01.836+0000] {processor.py:830} INFO - Processing file /opt/airflow/dags/prediction_dag.py for tasks to queue
[2026-01-08T10:31:01.837+0000] {logging_mixin.py:188} INFO - [2026-01-08T10:31:01.836+0000] {dagbag.py:540} INFO - Filling up the DagBag from /opt/airflow/dags/prediction_dag.py
[2026-01-08T10:31:01.863+0000] {processor.py:840} INFO - DAG(s) 'prediction_dag' retrieved from /opt/airflow/dags/prediction_dag.py
[2026-01-08T10:31:01.915+0000] {logging_mixin.py:188} INFO - [2026-01-08T10:31:01.915+0000] {dag.py:3047} INFO - Sync 1 DAGs
[2026-01-08T10:31:01.943+0000] {logging_mixin.py:188} INFO - [2026-01-08T10:31:01.943+0000] {dag.py:3834} INFO - Setting next_dagrun for prediction_dag to 2026-01-08 10:30:00+00:00, run_after=2026-01-08 10:32:00+00:00
[2026-01-08T10:31:01.959+0000] {processor.py:183} INFO - Processing /opt/airflow/dags/prediction_dag.py took 0.130 seconds
[2026-01-08T10:31:32.767+0000] {processor.py:161} INFO - Started process (PID=10361) to work on /opt/airflow/dags/prediction_dag.py
[2026-01-08T10:31:32.770+0000] {processor.py:830} INFO - Processing file /opt/airflow/dags/prediction_dag.py for tasks to queue
[2026-01-08T10:31:32.771+0000] {logging_mixin.py:188} INFO - [2026-01-08T10:31:32.771+0000] {dagbag.py:540} INFO - Filling up the DagBag from /opt/airflow/dags/prediction_dag.py
[2026-01-08T10:31:32.806+0000] {processor.py:840} INFO - DAG(s) 'prediction_dag' retrieved from /opt/airflow/dags/prediction_dag.py
[2026-01-08T10:31:32.874+0000] {logging_mixin.py:188} INFO - [2026-01-08T10:31:32.874+0000] {dag.py:3047} INFO - Sync 1 DAGs
[2026-01-08T10:31:32.910+0000] {logging_mixin.py:188} INFO - [2026-01-08T10:31:32.910+0000] {dag.py:3834} INFO - Setting next_dagrun for prediction_dag to 2026-01-08 10:30:00+00:00, run_after=2026-01-08 10:32:00+00:00
[2026-01-08T10:31:32.930+0000] {processor.py:183} INFO - Processing /opt/airflow/dags/prediction_dag.py took 0.178 seconds
[2026-01-08T10:32:03.483+0000] {processor.py:161} INFO - Started process (PID=10385) to work on /opt/airflow/dags/prediction_dag.py
[2026-01-08T10:32:03.490+0000] {processor.py:830} INFO - Processing file /opt/airflow/dags/prediction_dag.py for tasks to queue
[2026-01-08T10:32:03.501+0000] {logging_mixin.py:188} INFO - [2026-01-08T10:32:03.498+0000] {dagbag.py:540} INFO - Filling up the DagBag from /opt/airflow/dags/prediction_dag.py
[2026-01-08T10:32:03.575+0000] {processor.py:840} INFO - DAG(s) 'prediction_dag' retrieved from /opt/airflow/dags/prediction_dag.py
[2026-01-08T10:32:03.716+0000] {logging_mixin.py:188} INFO - [2026-01-08T10:32:03.716+0000] {dag.py:3047} INFO - Sync 1 DAGs
[2026-01-08T10:32:03.771+0000] {logging_mixin.py:188} INFO - [2026-01-08T10:32:03.771+0000] {dag.py:3834} INFO - Setting next_dagrun for prediction_dag to 2026-01-08 10:32:00+00:00, run_after=2026-01-08 10:34:00+00:00
[2026-01-08T10:32:03.796+0000] {processor.py:183} INFO - Processing /opt/airflow/dags/prediction_dag.py took 0.337 seconds
[2026-01-08T10:32:34.203+0000] {processor.py:161} INFO - Started process (PID=10465) to work on /opt/airflow/dags/prediction_dag.py
[2026-01-08T10:32:34.205+0000] {processor.py:830} INFO - Processing file /opt/airflow/dags/prediction_dag.py for tasks to queue
[2026-01-08T10:32:34.206+0000] {logging_mixin.py:188} INFO - [2026-01-08T10:32:34.206+0000] {dagbag.py:540} INFO - Filling up the DagBag from /opt/airflow/dags/prediction_dag.py
[2026-01-08T10:32:34.226+0000] {processor.py:840} INFO - DAG(s) 'prediction_dag' retrieved from /opt/airflow/dags/prediction_dag.py
[2026-01-08T10:32:34.261+0000] {logging_mixin.py:188} INFO - [2026-01-08T10:32:34.261+0000] {dag.py:3047} INFO - Sync 1 DAGs
[2026-01-08T10:32:34.288+0000] {logging_mixin.py:188} INFO - [2026-01-08T10:32:34.287+0000] {dag.py:3834} INFO - Setting next_dagrun for prediction_dag to 2026-01-08 10:32:00+00:00, run_after=2026-01-08 10:34:00+00:00
[2026-01-08T10:32:34.300+0000] {processor.py:183} INFO - Processing /opt/airflow/dags/prediction_dag.py took 0.105 seconds
[2026-01-08T10:33:04.613+0000] {processor.py:161} INFO - Started process (PID=10486) to work on /opt/airflow/dags/prediction_dag.py
[2026-01-08T10:33:04.614+0000] {processor.py:830} INFO - Processing file /opt/airflow/dags/prediction_dag.py for tasks to queue
[2026-01-08T10:33:04.615+0000] {logging_mixin.py:188} INFO - [2026-01-08T10:33:04.615+0000] {dagbag.py:540} INFO - Filling up the DagBag from /opt/airflow/dags/prediction_dag.py
[2026-01-08T10:33:04.631+0000] {processor.py:840} INFO - DAG(s) 'prediction_dag' retrieved from /opt/airflow/dags/prediction_dag.py
[2026-01-08T10:33:04.674+0000] {logging_mixin.py:188} INFO - [2026-01-08T10:33:04.674+0000] {dag.py:3047} INFO - Sync 1 DAGs
[2026-01-08T10:33:04.711+0000] {logging_mixin.py:188} INFO - [2026-01-08T10:33:04.711+0000] {dag.py:3834} INFO - Setting next_dagrun for prediction_dag to 2026-01-08 10:32:00+00:00, run_after=2026-01-08 10:34:00+00:00
[2026-01-08T10:33:04.786+0000] {processor.py:183} INFO - Processing /opt/airflow/dags/prediction_dag.py took 0.180 seconds
[2026-01-08T10:33:35.148+0000] {processor.py:161} INFO - Started process (PID=10550) to work on /opt/airflow/dags/prediction_dag.py
[2026-01-08T10:33:35.151+0000] {processor.py:830} INFO - Processing file /opt/airflow/dags/prediction_dag.py for tasks to queue
[2026-01-08T10:33:35.154+0000] {logging_mixin.py:188} INFO - [2026-01-08T10:33:35.153+0000] {dagbag.py:540} INFO - Filling up the DagBag from /opt/airflow/dags/prediction_dag.py
[2026-01-08T10:33:35.190+0000] {processor.py:840} INFO - DAG(s) 'prediction_dag' retrieved from /opt/airflow/dags/prediction_dag.py
[2026-01-08T10:33:35.281+0000] {logging_mixin.py:188} INFO - [2026-01-08T10:33:35.281+0000] {dag.py:3047} INFO - Sync 1 DAGs
[2026-01-08T10:33:35.333+0000] {logging_mixin.py:188} INFO - [2026-01-08T10:33:35.332+0000] {dag.py:3834} INFO - Setting next_dagrun for prediction_dag to 2026-01-08 10:32:00+00:00, run_after=2026-01-08 10:34:00+00:00
[2026-01-08T10:33:35.352+0000] {processor.py:183} INFO - Processing /opt/airflow/dags/prediction_dag.py took 0.214 seconds
[2026-01-08T10:34:05.520+0000] {processor.py:161} INFO - Started process (PID=10593) to work on /opt/airflow/dags/prediction_dag.py
[2026-01-08T10:34:05.522+0000] {processor.py:830} INFO - Processing file /opt/airflow/dags/prediction_dag.py for tasks to queue
[2026-01-08T10:34:05.523+0000] {logging_mixin.py:188} INFO - [2026-01-08T10:34:05.523+0000] {dagbag.py:540} INFO - Filling up the DagBag from /opt/airflow/dags/prediction_dag.py
[2026-01-08T10:34:05.548+0000] {processor.py:840} INFO - DAG(s) 'prediction_dag' retrieved from /opt/airflow/dags/prediction_dag.py
[2026-01-08T10:34:05.601+0000] {logging_mixin.py:188} INFO - [2026-01-08T10:34:05.600+0000] {dag.py:3047} INFO - Sync 1 DAGs
[2026-01-08T10:34:05.641+0000] {logging_mixin.py:188} INFO - [2026-01-08T10:34:05.641+0000] {dag.py:3834} INFO - Setting next_dagrun for prediction_dag to 2026-01-08 10:34:00+00:00, run_after=2026-01-08 10:36:00+00:00
[2026-01-08T10:34:05.669+0000] {processor.py:183} INFO - Processing /opt/airflow/dags/prediction_dag.py took 0.155 seconds
[2026-01-08T10:34:36.138+0000] {processor.py:161} INFO - Started process (PID=10654) to work on /opt/airflow/dags/prediction_dag.py
[2026-01-08T10:34:36.140+0000] {processor.py:830} INFO - Processing file /opt/airflow/dags/prediction_dag.py for tasks to queue
[2026-01-08T10:34:36.142+0000] {logging_mixin.py:188} INFO - [2026-01-08T10:34:36.141+0000] {dagbag.py:540} INFO - Filling up the DagBag from /opt/airflow/dags/prediction_dag.py
[2026-01-08T10:34:36.182+0000] {processor.py:840} INFO - DAG(s) 'prediction_dag' retrieved from /opt/airflow/dags/prediction_dag.py
[2026-01-08T10:34:36.237+0000] {logging_mixin.py:188} INFO - [2026-01-08T10:34:36.237+0000] {dag.py:3047} INFO - Sync 1 DAGs
[2026-01-08T10:34:36.275+0000] {logging_mixin.py:188} INFO - [2026-01-08T10:34:36.275+0000] {dag.py:3834} INFO - Setting next_dagrun for prediction_dag to 2026-01-08 10:34:00+00:00, run_after=2026-01-08 10:36:00+00:00
[2026-01-08T10:34:36.298+0000] {processor.py:183} INFO - Processing /opt/airflow/dags/prediction_dag.py took 0.166 seconds
[2026-01-08T10:35:06.479+0000] {processor.py:161} INFO - Started process (PID=10693) to work on /opt/airflow/dags/prediction_dag.py
[2026-01-08T10:35:06.481+0000] {processor.py:830} INFO - Processing file /opt/airflow/dags/prediction_dag.py for tasks to queue
[2026-01-08T10:35:06.482+0000] {logging_mixin.py:188} INFO - [2026-01-08T10:35:06.482+0000] {dagbag.py:540} INFO - Filling up the DagBag from /opt/airflow/dags/prediction_dag.py
[2026-01-08T10:35:06.509+0000] {processor.py:840} INFO - DAG(s) 'prediction_dag' retrieved from /opt/airflow/dags/prediction_dag.py
[2026-01-08T10:35:06.551+0000] {logging_mixin.py:188} INFO - [2026-01-08T10:35:06.550+0000] {dag.py:3047} INFO - Sync 1 DAGs
[2026-01-08T10:35:06.587+0000] {logging_mixin.py:188} INFO - [2026-01-08T10:35:06.587+0000] {dag.py:3834} INFO - Setting next_dagrun for prediction_dag to 2026-01-08 10:34:00+00:00, run_after=2026-01-08 10:36:00+00:00
[2026-01-08T10:35:06.603+0000] {processor.py:183} INFO - Processing /opt/airflow/dags/prediction_dag.py took 0.133 seconds
[2026-01-08T10:35:37.751+0000] {processor.py:161} INFO - Started process (PID=10752) to work on /opt/airflow/dags/prediction_dag.py
[2026-01-08T10:35:37.756+0000] {processor.py:830} INFO - Processing file /opt/airflow/dags/prediction_dag.py for tasks to queue
[2026-01-08T10:35:37.765+0000] {logging_mixin.py:188} INFO - [2026-01-08T10:35:37.760+0000] {dagbag.py:540} INFO - Filling up the DagBag from /opt/airflow/dags/prediction_dag.py
[2026-01-08T10:35:37.895+0000] {processor.py:840} INFO - DAG(s) 'prediction_dag' retrieved from /opt/airflow/dags/prediction_dag.py
[2026-01-08T10:35:38.159+0000] {logging_mixin.py:188} INFO - [2026-01-08T10:35:38.158+0000] {dag.py:3047} INFO - Sync 1 DAGs
[2026-01-08T10:35:38.381+0000] {logging_mixin.py:188} INFO - [2026-01-08T10:35:38.380+0000] {dag.py:3834} INFO - Setting next_dagrun for prediction_dag to 2026-01-08 10:34:00+00:00, run_after=2026-01-08 10:36:00+00:00
[2026-01-08T10:35:38.426+0000] {processor.py:183} INFO - Processing /opt/airflow/dags/prediction_dag.py took 0.712 seconds
[2026-01-08T10:36:09.100+0000] {processor.py:161} INFO - Started process (PID=10811) to work on /opt/airflow/dags/prediction_dag.py
[2026-01-08T10:36:09.102+0000] {processor.py:830} INFO - Processing file /opt/airflow/dags/prediction_dag.py for tasks to queue
[2026-01-08T10:36:09.103+0000] {logging_mixin.py:188} INFO - [2026-01-08T10:36:09.102+0000] {dagbag.py:540} INFO - Filling up the DagBag from /opt/airflow/dags/prediction_dag.py
[2026-01-08T10:36:09.136+0000] {processor.py:840} INFO - DAG(s) 'prediction_dag' retrieved from /opt/airflow/dags/prediction_dag.py
[2026-01-08T10:36:09.197+0000] {logging_mixin.py:188} INFO - [2026-01-08T10:36:09.196+0000] {dag.py:3047} INFO - Sync 1 DAGs
[2026-01-08T10:36:09.238+0000] {logging_mixin.py:188} INFO - [2026-01-08T10:36:09.238+0000] {dag.py:3834} INFO - Setting next_dagrun for prediction_dag to 2026-01-08 10:36:00+00:00, run_after=2026-01-08 10:38:00+00:00
[2026-01-08T10:36:09.263+0000] {processor.py:183} INFO - Processing /opt/airflow/dags/prediction_dag.py took 0.170 seconds
[2026-01-08T10:36:40.668+0000] {processor.py:161} INFO - Started process (PID=10856) to work on /opt/airflow/dags/prediction_dag.py
[2026-01-08T10:36:40.670+0000] {processor.py:830} INFO - Processing file /opt/airflow/dags/prediction_dag.py for tasks to queue
[2026-01-08T10:36:40.672+0000] {logging_mixin.py:188} INFO - [2026-01-08T10:36:40.671+0000] {dagbag.py:540} INFO - Filling up the DagBag from /opt/airflow/dags/prediction_dag.py
[2026-01-08T10:36:40.711+0000] {processor.py:840} INFO - DAG(s) 'prediction_dag' retrieved from /opt/airflow/dags/prediction_dag.py
[2026-01-08T10:36:40.760+0000] {logging_mixin.py:188} INFO - [2026-01-08T10:36:40.759+0000] {dag.py:3047} INFO - Sync 1 DAGs
[2026-01-08T10:36:40.795+0000] {logging_mixin.py:188} INFO - [2026-01-08T10:36:40.794+0000] {dag.py:3834} INFO - Setting next_dagrun for prediction_dag to 2026-01-08 10:36:00+00:00, run_after=2026-01-08 10:38:00+00:00
[2026-01-08T10:36:40.808+0000] {processor.py:183} INFO - Processing /opt/airflow/dags/prediction_dag.py took 0.156 seconds
[2026-01-08T10:37:11.176+0000] {processor.py:161} INFO - Started process (PID=10933) to work on /opt/airflow/dags/prediction_dag.py
[2026-01-08T10:37:11.179+0000] {processor.py:830} INFO - Processing file /opt/airflow/dags/prediction_dag.py for tasks to queue
[2026-01-08T10:37:11.180+0000] {logging_mixin.py:188} INFO - [2026-01-08T10:37:11.179+0000] {dagbag.py:540} INFO - Filling up the DagBag from /opt/airflow/dags/prediction_dag.py
[2026-01-08T10:37:11.222+0000] {processor.py:840} INFO - DAG(s) 'prediction_dag' retrieved from /opt/airflow/dags/prediction_dag.py
[2026-01-08T10:37:11.296+0000] {logging_mixin.py:188} INFO - [2026-01-08T10:37:11.296+0000] {dag.py:3047} INFO - Sync 1 DAGs
[2026-01-08T10:37:11.428+0000] {logging_mixin.py:188} INFO - [2026-01-08T10:37:11.428+0000] {dag.py:3834} INFO - Setting next_dagrun for prediction_dag to 2026-01-08 10:36:00+00:00, run_after=2026-01-08 10:38:00+00:00
[2026-01-08T10:37:11.459+0000] {processor.py:183} INFO - Processing /opt/airflow/dags/prediction_dag.py took 0.297 seconds
[2026-01-08T10:52:39.658+0000] {processor.py:161} INFO - Started process (PID=10957) to work on /opt/airflow/dags/prediction_dag.py
[2026-01-08T10:52:39.662+0000] {processor.py:830} INFO - Processing file /opt/airflow/dags/prediction_dag.py for tasks to queue
[2026-01-08T10:52:39.668+0000] {logging_mixin.py:188} INFO - [2026-01-08T10:52:39.665+0000] {dagbag.py:540} INFO - Filling up the DagBag from /opt/airflow/dags/prediction_dag.py
[2026-01-08T10:52:39.720+0000] {processor.py:840} INFO - DAG(s) 'prediction_dag' retrieved from /opt/airflow/dags/prediction_dag.py
[2026-01-08T10:52:39.813+0000] {logging_mixin.py:188} INFO - [2026-01-08T10:52:39.812+0000] {dag.py:3047} INFO - Sync 1 DAGs
[2026-01-08T10:52:39.966+0000] {logging_mixin.py:188} INFO - [2026-01-08T10:52:39.965+0000] {dag.py:3834} INFO - Setting next_dagrun for prediction_dag to 2026-01-08 10:50:00+00:00, run_after=2026-01-08 10:52:00+00:00
[2026-01-08T10:52:40.004+0000] {processor.py:183} INFO - Processing /opt/airflow/dags/prediction_dag.py took 0.367 seconds
[2026-01-08T10:53:10.459+0000] {processor.py:161} INFO - Started process (PID=11107) to work on /opt/airflow/dags/prediction_dag.py
[2026-01-08T10:53:10.463+0000] {processor.py:830} INFO - Processing file /opt/airflow/dags/prediction_dag.py for tasks to queue
[2026-01-08T10:53:10.473+0000] {logging_mixin.py:188} INFO - [2026-01-08T10:53:10.468+0000] {dagbag.py:540} INFO - Filling up the DagBag from /opt/airflow/dags/prediction_dag.py
[2026-01-08T10:53:10.637+0000] {processor.py:840} INFO - DAG(s) 'prediction_dag' retrieved from /opt/airflow/dags/prediction_dag.py
[2026-01-08T10:53:10.917+0000] {logging_mixin.py:188} INFO - [2026-01-08T10:53:10.916+0000] {dag.py:3047} INFO - Sync 1 DAGs
[2026-01-08T10:53:11.089+0000] {logging_mixin.py:188} INFO - [2026-01-08T10:53:11.089+0000] {dag.py:3834} INFO - Setting next_dagrun for prediction_dag to 2026-01-08 10:52:00+00:00, run_after=2026-01-08 10:54:00+00:00
[2026-01-08T10:53:11.149+0000] {processor.py:183} INFO - Processing /opt/airflow/dags/prediction_dag.py took 0.717 seconds
[2026-01-08T10:53:41.594+0000] {processor.py:161} INFO - Started process (PID=11184) to work on /opt/airflow/dags/prediction_dag.py
[2026-01-08T10:53:41.596+0000] {processor.py:830} INFO - Processing file /opt/airflow/dags/prediction_dag.py for tasks to queue
[2026-01-08T10:53:41.597+0000] {logging_mixin.py:188} INFO - [2026-01-08T10:53:41.597+0000] {dagbag.py:540} INFO - Filling up the DagBag from /opt/airflow/dags/prediction_dag.py
[2026-01-08T10:53:41.634+0000] {processor.py:840} INFO - DAG(s) 'prediction_dag' retrieved from /opt/airflow/dags/prediction_dag.py
[2026-01-08T10:53:41.691+0000] {logging_mixin.py:188} INFO - [2026-01-08T10:53:41.691+0000] {dag.py:3047} INFO - Sync 1 DAGs
[2026-01-08T10:53:41.727+0000] {logging_mixin.py:188} INFO - [2026-01-08T10:53:41.727+0000] {dag.py:3834} INFO - Setting next_dagrun for prediction_dag to 2026-01-08 10:52:00+00:00, run_after=2026-01-08 10:54:00+00:00
[2026-01-08T10:53:41.744+0000] {processor.py:183} INFO - Processing /opt/airflow/dags/prediction_dag.py took 0.160 seconds
[2026-01-08T10:54:11.898+0000] {processor.py:161} INFO - Started process (PID=11270) to work on /opt/airflow/dags/prediction_dag.py
[2026-01-08T10:54:11.902+0000] {processor.py:830} INFO - Processing file /opt/airflow/dags/prediction_dag.py for tasks to queue
[2026-01-08T10:54:11.904+0000] {logging_mixin.py:188} INFO - [2026-01-08T10:54:11.903+0000] {dagbag.py:540} INFO - Filling up the DagBag from /opt/airflow/dags/prediction_dag.py
[2026-01-08T10:54:11.951+0000] {processor.py:840} INFO - DAG(s) 'prediction_dag' retrieved from /opt/airflow/dags/prediction_dag.py
[2026-01-08T10:54:12.052+0000] {logging_mixin.py:188} INFO - [2026-01-08T10:54:12.052+0000] {dag.py:3047} INFO - Sync 1 DAGs
[2026-01-08T10:54:12.098+0000] {logging_mixin.py:188} INFO - [2026-01-08T10:54:12.097+0000] {dag.py:3834} INFO - Setting next_dagrun for prediction_dag to 2026-01-08 10:54:00+00:00, run_after=2026-01-08 10:56:00+00:00
[2026-01-08T10:54:12.118+0000] {processor.py:183} INFO - Processing /opt/airflow/dags/prediction_dag.py took 0.230 seconds
[2026-01-08T10:54:42.644+0000] {processor.py:161} INFO - Started process (PID=11288) to work on /opt/airflow/dags/prediction_dag.py
[2026-01-08T10:54:42.646+0000] {processor.py:830} INFO - Processing file /opt/airflow/dags/prediction_dag.py for tasks to queue
[2026-01-08T10:54:42.648+0000] {logging_mixin.py:188} INFO - [2026-01-08T10:54:42.647+0000] {dagbag.py:540} INFO - Filling up the DagBag from /opt/airflow/dags/prediction_dag.py
[2026-01-08T10:54:42.684+0000] {processor.py:840} INFO - DAG(s) 'prediction_dag' retrieved from /opt/airflow/dags/prediction_dag.py
[2026-01-08T10:54:42.734+0000] {logging_mixin.py:188} INFO - [2026-01-08T10:54:42.734+0000] {dag.py:3047} INFO - Sync 1 DAGs
[2026-01-08T10:54:42.770+0000] {logging_mixin.py:188} INFO - [2026-01-08T10:54:42.770+0000] {dag.py:3834} INFO - Setting next_dagrun for prediction_dag to 2026-01-08 10:54:00+00:00, run_after=2026-01-08 10:56:00+00:00
[2026-01-08T10:54:42.785+0000] {processor.py:183} INFO - Processing /opt/airflow/dags/prediction_dag.py took 0.147 seconds
[2026-01-08T10:55:13.286+0000] {processor.py:161} INFO - Started process (PID=11368) to work on /opt/airflow/dags/prediction_dag.py
[2026-01-08T10:55:13.288+0000] {processor.py:830} INFO - Processing file /opt/airflow/dags/prediction_dag.py for tasks to queue
[2026-01-08T10:55:13.289+0000] {logging_mixin.py:188} INFO - [2026-01-08T10:55:13.288+0000] {dagbag.py:540} INFO - Filling up the DagBag from /opt/airflow/dags/prediction_dag.py
[2026-01-08T10:55:13.322+0000] {processor.py:840} INFO - DAG(s) 'prediction_dag' retrieved from /opt/airflow/dags/prediction_dag.py
[2026-01-08T10:55:13.364+0000] {logging_mixin.py:188} INFO - [2026-01-08T10:55:13.363+0000] {dag.py:3047} INFO - Sync 1 DAGs
[2026-01-08T10:55:13.396+0000] {logging_mixin.py:188} INFO - [2026-01-08T10:55:13.396+0000] {dag.py:3834} INFO - Setting next_dagrun for prediction_dag to 2026-01-08 10:54:00+00:00, run_after=2026-01-08 10:56:00+00:00
[2026-01-08T10:55:13.408+0000] {processor.py:183} INFO - Processing /opt/airflow/dags/prediction_dag.py took 0.131 seconds
[2026-01-08T10:55:43.772+0000] {processor.py:161} INFO - Started process (PID=11386) to work on /opt/airflow/dags/prediction_dag.py
[2026-01-08T10:55:43.774+0000] {processor.py:830} INFO - Processing file /opt/airflow/dags/prediction_dag.py for tasks to queue
[2026-01-08T10:55:43.775+0000] {logging_mixin.py:188} INFO - [2026-01-08T10:55:43.775+0000] {dagbag.py:540} INFO - Filling up the DagBag from /opt/airflow/dags/prediction_dag.py
[2026-01-08T10:55:43.814+0000] {processor.py:840} INFO - DAG(s) 'prediction_dag' retrieved from /opt/airflow/dags/prediction_dag.py
[2026-01-08T10:55:43.854+0000] {logging_mixin.py:188} INFO - [2026-01-08T10:55:43.854+0000] {dag.py:3047} INFO - Sync 1 DAGs
[2026-01-08T10:55:43.884+0000] {logging_mixin.py:188} INFO - [2026-01-08T10:55:43.884+0000] {dag.py:3834} INFO - Setting next_dagrun for prediction_dag to 2026-01-08 10:54:00+00:00, run_after=2026-01-08 10:56:00+00:00
[2026-01-08T10:55:43.898+0000] {processor.py:183} INFO - Processing /opt/airflow/dags/prediction_dag.py took 0.135 seconds
[2026-01-08T10:56:14.393+0000] {processor.py:161} INFO - Started process (PID=11472) to work on /opt/airflow/dags/prediction_dag.py
[2026-01-08T10:56:14.396+0000] {processor.py:830} INFO - Processing file /opt/airflow/dags/prediction_dag.py for tasks to queue
[2026-01-08T10:56:14.397+0000] {logging_mixin.py:188} INFO - [2026-01-08T10:56:14.396+0000] {dagbag.py:540} INFO - Filling up the DagBag from /opt/airflow/dags/prediction_dag.py
[2026-01-08T10:56:14.432+0000] {processor.py:840} INFO - DAG(s) 'prediction_dag' retrieved from /opt/airflow/dags/prediction_dag.py
[2026-01-08T10:56:14.482+0000] {logging_mixin.py:188} INFO - [2026-01-08T10:56:14.482+0000] {dag.py:3047} INFO - Sync 1 DAGs
[2026-01-08T10:56:14.559+0000] {logging_mixin.py:188} INFO - [2026-01-08T10:56:14.558+0000] {dag.py:3834} INFO - Setting next_dagrun for prediction_dag to 2026-01-08 10:56:00+00:00, run_after=2026-01-08 10:58:00+00:00
[2026-01-08T10:56:14.590+0000] {processor.py:183} INFO - Processing /opt/airflow/dags/prediction_dag.py took 0.208 seconds
[2026-01-08T10:56:45.064+0000] {processor.py:161} INFO - Started process (PID=11490) to work on /opt/airflow/dags/prediction_dag.py
[2026-01-08T10:56:45.065+0000] {processor.py:830} INFO - Processing file /opt/airflow/dags/prediction_dag.py for tasks to queue
[2026-01-08T10:56:45.067+0000] {logging_mixin.py:188} INFO - [2026-01-08T10:56:45.066+0000] {dagbag.py:540} INFO - Filling up the DagBag from /opt/airflow/dags/prediction_dag.py
[2026-01-08T10:56:45.101+0000] {processor.py:840} INFO - DAG(s) 'prediction_dag' retrieved from /opt/airflow/dags/prediction_dag.py
[2026-01-08T10:56:45.146+0000] {logging_mixin.py:188} INFO - [2026-01-08T10:56:45.146+0000] {dag.py:3047} INFO - Sync 1 DAGs
[2026-01-08T10:56:45.174+0000] {logging_mixin.py:188} INFO - [2026-01-08T10:56:45.174+0000] {dag.py:3834} INFO - Setting next_dagrun for prediction_dag to 2026-01-08 10:56:00+00:00, run_after=2026-01-08 10:58:00+00:00
[2026-01-08T10:56:45.187+0000] {processor.py:183} INFO - Processing /opt/airflow/dags/prediction_dag.py took 0.131 seconds
[2026-01-08T10:57:15.453+0000] {processor.py:161} INFO - Started process (PID=11570) to work on /opt/airflow/dags/prediction_dag.py
[2026-01-08T10:57:15.456+0000] {processor.py:830} INFO - Processing file /opt/airflow/dags/prediction_dag.py for tasks to queue
[2026-01-08T10:57:15.458+0000] {logging_mixin.py:188} INFO - [2026-01-08T10:57:15.457+0000] {dagbag.py:540} INFO - Filling up the DagBag from /opt/airflow/dags/prediction_dag.py
[2026-01-08T10:57:15.490+0000] {processor.py:840} INFO - DAG(s) 'prediction_dag' retrieved from /opt/airflow/dags/prediction_dag.py
[2026-01-08T10:57:15.539+0000] {logging_mixin.py:188} INFO - [2026-01-08T10:57:15.539+0000] {dag.py:3047} INFO - Sync 1 DAGs
[2026-01-08T10:57:15.571+0000] {logging_mixin.py:188} INFO - [2026-01-08T10:57:15.571+0000] {dag.py:3834} INFO - Setting next_dagrun for prediction_dag to 2026-01-08 10:56:00+00:00, run_after=2026-01-08 10:58:00+00:00
[2026-01-08T10:57:15.583+0000] {processor.py:183} INFO - Processing /opt/airflow/dags/prediction_dag.py took 0.143 seconds
[2026-01-08T10:57:45.893+0000] {processor.py:161} INFO - Started process (PID=11588) to work on /opt/airflow/dags/prediction_dag.py
[2026-01-08T10:57:45.896+0000] {processor.py:830} INFO - Processing file /opt/airflow/dags/prediction_dag.py for tasks to queue
[2026-01-08T10:57:45.897+0000] {logging_mixin.py:188} INFO - [2026-01-08T10:57:45.897+0000] {dagbag.py:540} INFO - Filling up the DagBag from /opt/airflow/dags/prediction_dag.py
[2026-01-08T10:57:45.930+0000] {processor.py:840} INFO - DAG(s) 'prediction_dag' retrieved from /opt/airflow/dags/prediction_dag.py
[2026-01-08T10:57:45.961+0000] {logging_mixin.py:188} INFO - [2026-01-08T10:57:45.961+0000] {dag.py:3047} INFO - Sync 1 DAGs
[2026-01-08T10:57:45.987+0000] {logging_mixin.py:188} INFO - [2026-01-08T10:57:45.987+0000] {dag.py:3834} INFO - Setting next_dagrun for prediction_dag to 2026-01-08 10:56:00+00:00, run_after=2026-01-08 10:58:00+00:00
[2026-01-08T10:57:46.000+0000] {processor.py:183} INFO - Processing /opt/airflow/dags/prediction_dag.py took 0.117 seconds
[2026-01-08T10:58:16.465+0000] {processor.py:161} INFO - Started process (PID=11674) to work on /opt/airflow/dags/prediction_dag.py
[2026-01-08T10:58:16.468+0000] {processor.py:830} INFO - Processing file /opt/airflow/dags/prediction_dag.py for tasks to queue
[2026-01-08T10:58:16.469+0000] {logging_mixin.py:188} INFO - [2026-01-08T10:58:16.468+0000] {dagbag.py:540} INFO - Filling up the DagBag from /opt/airflow/dags/prediction_dag.py
[2026-01-08T10:58:16.495+0000] {processor.py:840} INFO - DAG(s) 'prediction_dag' retrieved from /opt/airflow/dags/prediction_dag.py
[2026-01-08T10:58:16.528+0000] {logging_mixin.py:188} INFO - [2026-01-08T10:58:16.528+0000] {dag.py:3047} INFO - Sync 1 DAGs
[2026-01-08T10:58:16.549+0000] {logging_mixin.py:188} INFO - [2026-01-08T10:58:16.548+0000] {dag.py:3834} INFO - Setting next_dagrun for prediction_dag to 2026-01-08 10:58:00+00:00, run_after=2026-01-08 11:00:00+00:00
[2026-01-08T10:58:16.560+0000] {processor.py:183} INFO - Processing /opt/airflow/dags/prediction_dag.py took 0.101 seconds
[2026-01-08T10:58:46.973+0000] {processor.py:161} INFO - Started process (PID=11683) to work on /opt/airflow/dags/prediction_dag.py
[2026-01-08T10:58:46.975+0000] {processor.py:830} INFO - Processing file /opt/airflow/dags/prediction_dag.py for tasks to queue
[2026-01-08T10:58:46.975+0000] {logging_mixin.py:188} INFO - [2026-01-08T10:58:46.975+0000] {dagbag.py:540} INFO - Filling up the DagBag from /opt/airflow/dags/prediction_dag.py
[2026-01-08T10:58:46.990+0000] {processor.py:840} INFO - DAG(s) 'prediction_dag' retrieved from /opt/airflow/dags/prediction_dag.py
[2026-01-08T10:58:47.029+0000] {logging_mixin.py:188} INFO - [2026-01-08T10:58:47.029+0000] {dag.py:3047} INFO - Sync 1 DAGs
[2026-01-08T10:58:47.072+0000] {logging_mixin.py:188} INFO - [2026-01-08T10:58:47.072+0000] {dag.py:3834} INFO - Setting next_dagrun for prediction_dag to 2026-01-08 10:58:00+00:00, run_after=2026-01-08 11:00:00+00:00
[2026-01-08T10:58:47.098+0000] {processor.py:183} INFO - Processing /opt/airflow/dags/prediction_dag.py took 0.127 seconds
[2026-01-08T10:59:17.513+0000] {processor.py:161} INFO - Started process (PID=11759) to work on /opt/airflow/dags/prediction_dag.py
[2026-01-08T10:59:17.515+0000] {processor.py:830} INFO - Processing file /opt/airflow/dags/prediction_dag.py for tasks to queue
[2026-01-08T10:59:17.518+0000] {logging_mixin.py:188} INFO - [2026-01-08T10:59:17.516+0000] {dagbag.py:540} INFO - Filling up the DagBag from /opt/airflow/dags/prediction_dag.py
[2026-01-08T10:59:17.559+0000] {processor.py:840} INFO - DAG(s) 'prediction_dag' retrieved from /opt/airflow/dags/prediction_dag.py
[2026-01-08T10:59:17.610+0000] {logging_mixin.py:188} INFO - [2026-01-08T10:59:17.610+0000] {dag.py:3047} INFO - Sync 1 DAGs
[2026-01-08T10:59:17.637+0000] {logging_mixin.py:188} INFO - [2026-01-08T10:59:17.637+0000] {dag.py:3834} INFO - Setting next_dagrun for prediction_dag to 2026-01-08 10:58:00+00:00, run_after=2026-01-08 11:00:00+00:00
[2026-01-08T10:59:17.652+0000] {processor.py:183} INFO - Processing /opt/airflow/dags/prediction_dag.py took 0.147 seconds
[2026-01-08T10:59:47.800+0000] {processor.py:161} INFO - Started process (PID=11777) to work on /opt/airflow/dags/prediction_dag.py
[2026-01-08T10:59:47.807+0000] {processor.py:830} INFO - Processing file /opt/airflow/dags/prediction_dag.py for tasks to queue
[2026-01-08T10:59:47.810+0000] {logging_mixin.py:188} INFO - [2026-01-08T10:59:47.809+0000] {dagbag.py:540} INFO - Filling up the DagBag from /opt/airflow/dags/prediction_dag.py
[2026-01-08T10:59:47.841+0000] {processor.py:840} INFO - DAG(s) 'prediction_dag' retrieved from /opt/airflow/dags/prediction_dag.py
[2026-01-08T10:59:47.889+0000] {logging_mixin.py:188} INFO - [2026-01-08T10:59:47.888+0000] {dag.py:3047} INFO - Sync 1 DAGs
[2026-01-08T10:59:47.922+0000] {logging_mixin.py:188} INFO - [2026-01-08T10:59:47.922+0000] {dag.py:3834} INFO - Setting next_dagrun for prediction_dag to 2026-01-08 10:58:00+00:00, run_after=2026-01-08 11:00:00+00:00
[2026-01-08T10:59:47.936+0000] {processor.py:183} INFO - Processing /opt/airflow/dags/prediction_dag.py took 0.146 seconds
[2026-01-08T11:00:18.393+0000] {processor.py:161} INFO - Started process (PID=11863) to work on /opt/airflow/dags/prediction_dag.py
[2026-01-08T11:00:18.396+0000] {processor.py:830} INFO - Processing file /opt/airflow/dags/prediction_dag.py for tasks to queue
[2026-01-08T11:00:18.398+0000] {logging_mixin.py:188} INFO - [2026-01-08T11:00:18.397+0000] {dagbag.py:540} INFO - Filling up the DagBag from /opt/airflow/dags/prediction_dag.py
[2026-01-08T11:00:18.429+0000] {processor.py:840} INFO - DAG(s) 'prediction_dag' retrieved from /opt/airflow/dags/prediction_dag.py
[2026-01-08T11:00:18.477+0000] {logging_mixin.py:188} INFO - [2026-01-08T11:00:18.477+0000] {dag.py:3047} INFO - Sync 1 DAGs
[2026-01-08T11:00:18.511+0000] {logging_mixin.py:188} INFO - [2026-01-08T11:00:18.511+0000] {dag.py:3834} INFO - Setting next_dagrun for prediction_dag to 2026-01-08 11:00:00+00:00, run_after=2026-01-08 11:02:00+00:00
[2026-01-08T11:00:18.525+0000] {processor.py:183} INFO - Processing /opt/airflow/dags/prediction_dag.py took 0.146 seconds
[2026-01-08T11:00:48.737+0000] {processor.py:161} INFO - Started process (PID=11881) to work on /opt/airflow/dags/prediction_dag.py
[2026-01-08T11:00:48.739+0000] {processor.py:830} INFO - Processing file /opt/airflow/dags/prediction_dag.py for tasks to queue
[2026-01-08T11:00:48.742+0000] {logging_mixin.py:188} INFO - [2026-01-08T11:00:48.741+0000] {dagbag.py:540} INFO - Filling up the DagBag from /opt/airflow/dags/prediction_dag.py
[2026-01-08T11:00:48.775+0000] {processor.py:840} INFO - DAG(s) 'prediction_dag' retrieved from /opt/airflow/dags/prediction_dag.py
[2026-01-08T11:00:48.818+0000] {logging_mixin.py:188} INFO - [2026-01-08T11:00:48.818+0000] {dag.py:3047} INFO - Sync 1 DAGs
[2026-01-08T11:00:48.849+0000] {logging_mixin.py:188} INFO - [2026-01-08T11:00:48.849+0000] {dag.py:3834} INFO - Setting next_dagrun for prediction_dag to 2026-01-08 11:00:00+00:00, run_after=2026-01-08 11:02:00+00:00
[2026-01-08T11:00:48.863+0000] {processor.py:183} INFO - Processing /opt/airflow/dags/prediction_dag.py took 0.156 seconds
[2026-01-08T11:01:18.979+0000] {processor.py:161} INFO - Started process (PID=11961) to work on /opt/airflow/dags/prediction_dag.py
[2026-01-08T11:01:18.981+0000] {processor.py:830} INFO - Processing file /opt/airflow/dags/prediction_dag.py for tasks to queue
[2026-01-08T11:01:18.983+0000] {logging_mixin.py:188} INFO - [2026-01-08T11:01:18.982+0000] {dagbag.py:540} INFO - Filling up the DagBag from /opt/airflow/dags/prediction_dag.py
[2026-01-08T11:01:19.014+0000] {processor.py:840} INFO - DAG(s) 'prediction_dag' retrieved from /opt/airflow/dags/prediction_dag.py
[2026-01-08T11:01:19.059+0000] {logging_mixin.py:188} INFO - [2026-01-08T11:01:19.058+0000] {dag.py:3047} INFO - Sync 1 DAGs
[2026-01-08T11:01:19.096+0000] {logging_mixin.py:188} INFO - [2026-01-08T11:01:19.096+0000] {dag.py:3834} INFO - Setting next_dagrun for prediction_dag to 2026-01-08 11:00:00+00:00, run_after=2026-01-08 11:02:00+00:00
[2026-01-08T11:01:19.110+0000] {processor.py:183} INFO - Processing /opt/airflow/dags/prediction_dag.py took 0.148 seconds
[2026-01-08T11:01:49.594+0000] {processor.py:161} INFO - Started process (PID=11979) to work on /opt/airflow/dags/prediction_dag.py
[2026-01-08T11:01:49.596+0000] {processor.py:830} INFO - Processing file /opt/airflow/dags/prediction_dag.py for tasks to queue
[2026-01-08T11:01:49.597+0000] {logging_mixin.py:188} INFO - [2026-01-08T11:01:49.597+0000] {dagbag.py:540} INFO - Filling up the DagBag from /opt/airflow/dags/prediction_dag.py
[2026-01-08T11:01:49.631+0000] {processor.py:840} INFO - DAG(s) 'prediction_dag' retrieved from /opt/airflow/dags/prediction_dag.py
[2026-01-08T11:01:49.680+0000] {logging_mixin.py:188} INFO - [2026-01-08T11:01:49.680+0000] {dag.py:3047} INFO - Sync 1 DAGs
[2026-01-08T11:01:49.712+0000] {logging_mixin.py:188} INFO - [2026-01-08T11:01:49.711+0000] {dag.py:3834} INFO - Setting next_dagrun for prediction_dag to 2026-01-08 11:00:00+00:00, run_after=2026-01-08 11:02:00+00:00
[2026-01-08T11:01:49.729+0000] {processor.py:183} INFO - Processing /opt/airflow/dags/prediction_dag.py took 0.145 seconds
[2026-01-08T11:02:20.092+0000] {processor.py:161} INFO - Started process (PID=12065) to work on /opt/airflow/dags/prediction_dag.py
[2026-01-08T11:02:20.094+0000] {processor.py:830} INFO - Processing file /opt/airflow/dags/prediction_dag.py for tasks to queue
[2026-01-08T11:02:20.096+0000] {logging_mixin.py:188} INFO - [2026-01-08T11:02:20.095+0000] {dagbag.py:540} INFO - Filling up the DagBag from /opt/airflow/dags/prediction_dag.py
[2026-01-08T11:02:20.129+0000] {processor.py:840} INFO - DAG(s) 'prediction_dag' retrieved from /opt/airflow/dags/prediction_dag.py
[2026-01-08T11:02:20.177+0000] {logging_mixin.py:188} INFO - [2026-01-08T11:02:20.177+0000] {dag.py:3047} INFO - Sync 1 DAGs
[2026-01-08T11:02:20.215+0000] {logging_mixin.py:188} INFO - [2026-01-08T11:02:20.215+0000] {dag.py:3834} INFO - Setting next_dagrun for prediction_dag to 2026-01-08 11:02:00+00:00, run_after=2026-01-08 11:04:00+00:00
[2026-01-08T11:02:20.262+0000] {processor.py:183} INFO - Processing /opt/airflow/dags/prediction_dag.py took 0.180 seconds
[2026-01-08T11:02:50.605+0000] {processor.py:161} INFO - Started process (PID=12083) to work on /opt/airflow/dags/prediction_dag.py
[2026-01-08T11:02:50.607+0000] {processor.py:830} INFO - Processing file /opt/airflow/dags/prediction_dag.py for tasks to queue
[2026-01-08T11:02:50.608+0000] {logging_mixin.py:188} INFO - [2026-01-08T11:02:50.607+0000] {dagbag.py:540} INFO - Filling up the DagBag from /opt/airflow/dags/prediction_dag.py
[2026-01-08T11:02:50.645+0000] {processor.py:840} INFO - DAG(s) 'prediction_dag' retrieved from /opt/airflow/dags/prediction_dag.py
[2026-01-08T11:02:50.692+0000] {logging_mixin.py:188} INFO - [2026-01-08T11:02:50.692+0000] {dag.py:3047} INFO - Sync 1 DAGs
[2026-01-08T11:02:50.722+0000] {logging_mixin.py:188} INFO - [2026-01-08T11:02:50.722+0000] {dag.py:3834} INFO - Setting next_dagrun for prediction_dag to 2026-01-08 11:02:00+00:00, run_after=2026-01-08 11:04:00+00:00
[2026-01-08T11:02:50.735+0000] {processor.py:183} INFO - Processing /opt/airflow/dags/prediction_dag.py took 0.142 seconds
[2026-01-08T11:03:21.020+0000] {processor.py:161} INFO - Started process (PID=12163) to work on /opt/airflow/dags/prediction_dag.py
[2026-01-08T11:03:21.024+0000] {processor.py:830} INFO - Processing file /opt/airflow/dags/prediction_dag.py for tasks to queue
[2026-01-08T11:03:21.025+0000] {logging_mixin.py:188} INFO - [2026-01-08T11:03:21.025+0000] {dagbag.py:540} INFO - Filling up the DagBag from /opt/airflow/dags/prediction_dag.py
[2026-01-08T11:03:21.063+0000] {processor.py:840} INFO - DAG(s) 'prediction_dag' retrieved from /opt/airflow/dags/prediction_dag.py
[2026-01-08T11:03:21.099+0000] {logging_mixin.py:188} INFO - [2026-01-08T11:03:21.099+0000] {dag.py:3047} INFO - Sync 1 DAGs
[2026-01-08T11:03:21.131+0000] {logging_mixin.py:188} INFO - [2026-01-08T11:03:21.131+0000] {dag.py:3834} INFO - Setting next_dagrun for prediction_dag to 2026-01-08 11:02:00+00:00, run_after=2026-01-08 11:04:00+00:00
[2026-01-08T11:03:21.145+0000] {processor.py:183} INFO - Processing /opt/airflow/dags/prediction_dag.py took 0.138 seconds
[2026-01-08T11:03:51.520+0000] {processor.py:161} INFO - Started process (PID=12181) to work on /opt/airflow/dags/prediction_dag.py
[2026-01-08T11:03:51.522+0000] {processor.py:830} INFO - Processing file /opt/airflow/dags/prediction_dag.py for tasks to queue
[2026-01-08T11:03:51.523+0000] {logging_mixin.py:188} INFO - [2026-01-08T11:03:51.522+0000] {dagbag.py:540} INFO - Filling up the DagBag from /opt/airflow/dags/prediction_dag.py
[2026-01-08T11:03:51.558+0000] {processor.py:840} INFO - DAG(s) 'prediction_dag' retrieved from /opt/airflow/dags/prediction_dag.py
[2026-01-08T11:03:51.604+0000] {logging_mixin.py:188} INFO - [2026-01-08T11:03:51.604+0000] {dag.py:3047} INFO - Sync 1 DAGs
[2026-01-08T11:03:51.640+0000] {logging_mixin.py:188} INFO - [2026-01-08T11:03:51.640+0000] {dag.py:3834} INFO - Setting next_dagrun for prediction_dag to 2026-01-08 11:02:00+00:00, run_after=2026-01-08 11:04:00+00:00
[2026-01-08T11:03:51.655+0000] {processor.py:183} INFO - Processing /opt/airflow/dags/prediction_dag.py took 0.150 seconds
[2026-01-08T11:04:22.146+0000] {processor.py:161} INFO - Started process (PID=12267) to work on /opt/airflow/dags/prediction_dag.py
[2026-01-08T11:04:22.148+0000] {processor.py:830} INFO - Processing file /opt/airflow/dags/prediction_dag.py for tasks to queue
[2026-01-08T11:04:22.151+0000] {logging_mixin.py:188} INFO - [2026-01-08T11:04:22.151+0000] {dagbag.py:540} INFO - Filling up the DagBag from /opt/airflow/dags/prediction_dag.py
[2026-01-08T11:04:22.189+0000] {processor.py:840} INFO - DAG(s) 'prediction_dag' retrieved from /opt/airflow/dags/prediction_dag.py
[2026-01-08T11:04:22.237+0000] {logging_mixin.py:188} INFO - [2026-01-08T11:04:22.237+0000] {dag.py:3047} INFO - Sync 1 DAGs
[2026-01-08T11:04:22.273+0000] {logging_mixin.py:188} INFO - [2026-01-08T11:04:22.273+0000] {dag.py:3834} INFO - Setting next_dagrun for prediction_dag to 2026-01-08 11:04:00+00:00, run_after=2026-01-08 11:06:00+00:00
[2026-01-08T11:04:22.286+0000] {processor.py:183} INFO - Processing /opt/airflow/dags/prediction_dag.py took 0.160 seconds
[2026-01-08T11:04:52.657+0000] {processor.py:161} INFO - Started process (PID=12285) to work on /opt/airflow/dags/prediction_dag.py
[2026-01-08T11:04:52.659+0000] {processor.py:830} INFO - Processing file /opt/airflow/dags/prediction_dag.py for tasks to queue
[2026-01-08T11:04:52.661+0000] {logging_mixin.py:188} INFO - [2026-01-08T11:04:52.660+0000] {dagbag.py:540} INFO - Filling up the DagBag from /opt/airflow/dags/prediction_dag.py
[2026-01-08T11:04:52.703+0000] {processor.py:840} INFO - DAG(s) 'prediction_dag' retrieved from /opt/airflow/dags/prediction_dag.py
[2026-01-08T11:04:52.750+0000] {logging_mixin.py:188} INFO - [2026-01-08T11:04:52.750+0000] {dag.py:3047} INFO - Sync 1 DAGs
[2026-01-08T11:04:52.781+0000] {logging_mixin.py:188} INFO - [2026-01-08T11:04:52.781+0000] {dag.py:3834} INFO - Setting next_dagrun for prediction_dag to 2026-01-08 11:04:00+00:00, run_after=2026-01-08 11:06:00+00:00
[2026-01-08T11:04:52.794+0000] {processor.py:183} INFO - Processing /opt/airflow/dags/prediction_dag.py took 0.146 seconds
[2026-01-08T11:05:23.148+0000] {processor.py:161} INFO - Started process (PID=12365) to work on /opt/airflow/dags/prediction_dag.py
[2026-01-08T11:05:23.150+0000] {processor.py:830} INFO - Processing file /opt/airflow/dags/prediction_dag.py for tasks to queue
[2026-01-08T11:05:23.152+0000] {logging_mixin.py:188} INFO - [2026-01-08T11:05:23.151+0000] {dagbag.py:540} INFO - Filling up the DagBag from /opt/airflow/dags/prediction_dag.py
[2026-01-08T11:05:23.180+0000] {processor.py:840} INFO - DAG(s) 'prediction_dag' retrieved from /opt/airflow/dags/prediction_dag.py
[2026-01-08T11:05:23.228+0000] {logging_mixin.py:188} INFO - [2026-01-08T11:05:23.228+0000] {dag.py:3047} INFO - Sync 1 DAGs
[2026-01-08T11:05:23.258+0000] {logging_mixin.py:188} INFO - [2026-01-08T11:05:23.258+0000] {dag.py:3834} INFO - Setting next_dagrun for prediction_dag to 2026-01-08 11:04:00+00:00, run_after=2026-01-08 11:06:00+00:00
[2026-01-08T11:05:23.274+0000] {processor.py:183} INFO - Processing /opt/airflow/dags/prediction_dag.py took 0.133 seconds
[2026-01-08T11:05:53.422+0000] {processor.py:161} INFO - Started process (PID=12383) to work on /opt/airflow/dags/prediction_dag.py
[2026-01-08T11:05:53.424+0000] {processor.py:830} INFO - Processing file /opt/airflow/dags/prediction_dag.py for tasks to queue
[2026-01-08T11:05:53.426+0000] {logging_mixin.py:188} INFO - [2026-01-08T11:05:53.425+0000] {dagbag.py:540} INFO - Filling up the DagBag from /opt/airflow/dags/prediction_dag.py
[2026-01-08T11:05:53.464+0000] {processor.py:840} INFO - DAG(s) 'prediction_dag' retrieved from /opt/airflow/dags/prediction_dag.py
[2026-01-08T11:05:53.503+0000] {logging_mixin.py:188} INFO - [2026-01-08T11:05:53.503+0000] {dag.py:3047} INFO - Sync 1 DAGs
[2026-01-08T11:05:53.532+0000] {logging_mixin.py:188} INFO - [2026-01-08T11:05:53.532+0000] {dag.py:3834} INFO - Setting next_dagrun for prediction_dag to 2026-01-08 11:04:00+00:00, run_after=2026-01-08 11:06:00+00:00
[2026-01-08T11:05:53.544+0000] {processor.py:183} INFO - Processing /opt/airflow/dags/prediction_dag.py took 0.139 seconds
[2026-01-08T11:06:23.743+0000] {processor.py:161} INFO - Started process (PID=12469) to work on /opt/airflow/dags/prediction_dag.py
[2026-01-08T11:06:23.744+0000] {processor.py:830} INFO - Processing file /opt/airflow/dags/prediction_dag.py for tasks to queue
[2026-01-08T11:06:23.746+0000] {logging_mixin.py:188} INFO - [2026-01-08T11:06:23.745+0000] {dagbag.py:540} INFO - Filling up the DagBag from /opt/airflow/dags/prediction_dag.py
[2026-01-08T11:06:23.768+0000] {processor.py:840} INFO - DAG(s) 'prediction_dag' retrieved from /opt/airflow/dags/prediction_dag.py
[2026-01-08T11:06:23.797+0000] {logging_mixin.py:188} INFO - [2026-01-08T11:06:23.797+0000] {dag.py:3047} INFO - Sync 1 DAGs
[2026-01-08T11:06:23.815+0000] {logging_mixin.py:188} INFO - [2026-01-08T11:06:23.815+0000] {dag.py:3834} INFO - Setting next_dagrun for prediction_dag to 2026-01-08 11:06:00+00:00, run_after=2026-01-08 11:08:00+00:00
[2026-01-08T11:06:23.825+0000] {processor.py:183} INFO - Processing /opt/airflow/dags/prediction_dag.py took 0.090 seconds
[2026-01-08T11:06:53.994+0000] {processor.py:161} INFO - Started process (PID=12487) to work on /opt/airflow/dags/prediction_dag.py
[2026-01-08T11:06:53.995+0000] {processor.py:830} INFO - Processing file /opt/airflow/dags/prediction_dag.py for tasks to queue
[2026-01-08T11:06:53.996+0000] {logging_mixin.py:188} INFO - [2026-01-08T11:06:53.996+0000] {dagbag.py:540} INFO - Filling up the DagBag from /opt/airflow/dags/prediction_dag.py
[2026-01-08T11:06:54.005+0000] {processor.py:840} INFO - DAG(s) 'prediction_dag' retrieved from /opt/airflow/dags/prediction_dag.py
[2026-01-08T11:06:54.024+0000] {logging_mixin.py:188} INFO - [2026-01-08T11:06:54.024+0000] {dag.py:3047} INFO - Sync 1 DAGs
[2026-01-08T11:06:54.040+0000] {logging_mixin.py:188} INFO - [2026-01-08T11:06:54.040+0000] {dag.py:3834} INFO - Setting next_dagrun for prediction_dag to 2026-01-08 11:06:00+00:00, run_after=2026-01-08 11:08:00+00:00
[2026-01-08T11:06:54.050+0000] {processor.py:183} INFO - Processing /opt/airflow/dags/prediction_dag.py took 0.066 seconds
[2026-01-08T11:07:24.549+0000] {processor.py:161} INFO - Started process (PID=12557) to work on /opt/airflow/dags/prediction_dag.py
[2026-01-08T11:07:24.551+0000] {processor.py:830} INFO - Processing file /opt/airflow/dags/prediction_dag.py for tasks to queue
[2026-01-08T11:07:24.551+0000] {logging_mixin.py:188} INFO - [2026-01-08T11:07:24.551+0000] {dagbag.py:540} INFO - Filling up the DagBag from /opt/airflow/dags/prediction_dag.py
[2026-01-08T11:07:24.591+0000] {processor.py:840} INFO - DAG(s) 'prediction_dag' retrieved from /opt/airflow/dags/prediction_dag.py
[2026-01-08T11:07:24.657+0000] {logging_mixin.py:188} INFO - [2026-01-08T11:07:24.657+0000] {dag.py:3047} INFO - Sync 1 DAGs
[2026-01-08T11:07:24.698+0000] {logging_mixin.py:188} INFO - [2026-01-08T11:07:24.698+0000] {dag.py:3834} INFO - Setting next_dagrun for prediction_dag to 2026-01-08 11:06:00+00:00, run_after=2026-01-08 11:08:00+00:00
[2026-01-08T11:07:24.717+0000] {processor.py:183} INFO - Processing /opt/airflow/dags/prediction_dag.py took 0.175 seconds
[2026-01-08T11:07:55.203+0000] {processor.py:161} INFO - Started process (PID=12572) to work on /opt/airflow/dags/prediction_dag.py
[2026-01-08T11:07:55.205+0000] {processor.py:830} INFO - Processing file /opt/airflow/dags/prediction_dag.py for tasks to queue
[2026-01-08T11:07:55.206+0000] {logging_mixin.py:188} INFO - [2026-01-08T11:07:55.206+0000] {dagbag.py:540} INFO - Filling up the DagBag from /opt/airflow/dags/prediction_dag.py
[2026-01-08T11:07:55.254+0000] {processor.py:840} INFO - DAG(s) 'prediction_dag' retrieved from /opt/airflow/dags/prediction_dag.py
[2026-01-08T11:07:55.300+0000] {logging_mixin.py:188} INFO - [2026-01-08T11:07:55.300+0000] {dag.py:3047} INFO - Sync 1 DAGs
[2026-01-08T11:07:55.336+0000] {logging_mixin.py:188} INFO - [2026-01-08T11:07:55.336+0000] {dag.py:3834} INFO - Setting next_dagrun for prediction_dag to 2026-01-08 11:06:00+00:00, run_after=2026-01-08 11:08:00+00:00
[2026-01-08T11:07:55.355+0000] {processor.py:183} INFO - Processing /opt/airflow/dags/prediction_dag.py took 0.164 seconds
[2026-01-08T11:08:25.852+0000] {processor.py:161} INFO - Started process (PID=12658) to work on /opt/airflow/dags/prediction_dag.py
[2026-01-08T11:08:25.860+0000] {processor.py:830} INFO - Processing file /opt/airflow/dags/prediction_dag.py for tasks to queue
[2026-01-08T11:08:25.862+0000] {logging_mixin.py:188} INFO - [2026-01-08T11:08:25.861+0000] {dagbag.py:540} INFO - Filling up the DagBag from /opt/airflow/dags/prediction_dag.py
[2026-01-08T11:08:25.890+0000] {processor.py:840} INFO - DAG(s) 'prediction_dag' retrieved from /opt/airflow/dags/prediction_dag.py
[2026-01-08T11:08:25.945+0000] {logging_mixin.py:188} INFO - [2026-01-08T11:08:25.944+0000] {dag.py:3047} INFO - Sync 1 DAGs
[2026-01-08T11:08:25.974+0000] {logging_mixin.py:188} INFO - [2026-01-08T11:08:25.974+0000] {dag.py:3834} INFO - Setting next_dagrun for prediction_dag to 2026-01-08 11:08:00+00:00, run_after=2026-01-08 11:10:00+00:00
[2026-01-08T11:08:25.993+0000] {processor.py:183} INFO - Processing /opt/airflow/dags/prediction_dag.py took 0.153 seconds
[2026-01-08T11:08:56.224+0000] {processor.py:161} INFO - Started process (PID=12676) to work on /opt/airflow/dags/prediction_dag.py
[2026-01-08T11:08:56.226+0000] {processor.py:830} INFO - Processing file /opt/airflow/dags/prediction_dag.py for tasks to queue
[2026-01-08T11:08:56.228+0000] {logging_mixin.py:188} INFO - [2026-01-08T11:08:56.227+0000] {dagbag.py:540} INFO - Filling up the DagBag from /opt/airflow/dags/prediction_dag.py
[2026-01-08T11:08:56.260+0000] {processor.py:840} INFO - DAG(s) 'prediction_dag' retrieved from /opt/airflow/dags/prediction_dag.py
[2026-01-08T11:08:56.309+0000] {logging_mixin.py:188} INFO - [2026-01-08T11:08:56.309+0000] {dag.py:3047} INFO - Sync 1 DAGs
[2026-01-08T11:08:56.340+0000] {logging_mixin.py:188} INFO - [2026-01-08T11:08:56.340+0000] {dag.py:3834} INFO - Setting next_dagrun for prediction_dag to 2026-01-08 11:08:00+00:00, run_after=2026-01-08 11:10:00+00:00
[2026-01-08T11:08:56.354+0000] {processor.py:183} INFO - Processing /opt/airflow/dags/prediction_dag.py took 0.146 seconds
[2026-01-08T11:09:26.619+0000] {processor.py:161} INFO - Started process (PID=12756) to work on /opt/airflow/dags/prediction_dag.py
[2026-01-08T11:09:26.623+0000] {processor.py:830} INFO - Processing file /opt/airflow/dags/prediction_dag.py for tasks to queue
[2026-01-08T11:09:26.625+0000] {logging_mixin.py:188} INFO - [2026-01-08T11:09:26.624+0000] {dagbag.py:540} INFO - Filling up the DagBag from /opt/airflow/dags/prediction_dag.py
[2026-01-08T11:09:26.654+0000] {processor.py:840} INFO - DAG(s) 'prediction_dag' retrieved from /opt/airflow/dags/prediction_dag.py
[2026-01-08T11:09:26.703+0000] {logging_mixin.py:188} INFO - [2026-01-08T11:09:26.703+0000] {dag.py:3047} INFO - Sync 1 DAGs
[2026-01-08T11:09:26.734+0000] {logging_mixin.py:188} INFO - [2026-01-08T11:09:26.734+0000] {dag.py:3834} INFO - Setting next_dagrun for prediction_dag to 2026-01-08 11:08:00+00:00, run_after=2026-01-08 11:10:00+00:00
[2026-01-08T11:09:26.751+0000] {processor.py:183} INFO - Processing /opt/airflow/dags/prediction_dag.py took 0.146 seconds
[2026-01-08T11:09:56.955+0000] {processor.py:161} INFO - Started process (PID=12774) to work on /opt/airflow/dags/prediction_dag.py
[2026-01-08T11:09:56.957+0000] {processor.py:830} INFO - Processing file /opt/airflow/dags/prediction_dag.py for tasks to queue
[2026-01-08T11:09:56.958+0000] {logging_mixin.py:188} INFO - [2026-01-08T11:09:56.957+0000] {dagbag.py:540} INFO - Filling up the DagBag from /opt/airflow/dags/prediction_dag.py
[2026-01-08T11:09:56.984+0000] {processor.py:840} INFO - DAG(s) 'prediction_dag' retrieved from /opt/airflow/dags/prediction_dag.py
[2026-01-08T11:09:57.031+0000] {logging_mixin.py:188} INFO - [2026-01-08T11:09:57.031+0000] {dag.py:3047} INFO - Sync 1 DAGs
[2026-01-08T11:09:57.063+0000] {logging_mixin.py:188} INFO - [2026-01-08T11:09:57.063+0000] {dag.py:3834} INFO - Setting next_dagrun for prediction_dag to 2026-01-08 11:08:00+00:00, run_after=2026-01-08 11:10:00+00:00
[2026-01-08T11:09:57.076+0000] {processor.py:183} INFO - Processing /opt/airflow/dags/prediction_dag.py took 0.131 seconds
[2026-01-08T11:10:27.317+0000] {processor.py:161} INFO - Started process (PID=12860) to work on /opt/airflow/dags/prediction_dag.py
[2026-01-08T11:10:27.320+0000] {processor.py:830} INFO - Processing file /opt/airflow/dags/prediction_dag.py for tasks to queue
[2026-01-08T11:10:27.324+0000] {logging_mixin.py:188} INFO - [2026-01-08T11:10:27.322+0000] {dagbag.py:540} INFO - Filling up the DagBag from /opt/airflow/dags/prediction_dag.py
[2026-01-08T11:10:27.359+0000] {processor.py:840} INFO - DAG(s) 'prediction_dag' retrieved from /opt/airflow/dags/prediction_dag.py
[2026-01-08T11:10:27.410+0000] {logging_mixin.py:188} INFO - [2026-01-08T11:10:27.410+0000] {dag.py:3047} INFO - Sync 1 DAGs
[2026-01-08T11:10:27.444+0000] {logging_mixin.py:188} INFO - [2026-01-08T11:10:27.444+0000] {dag.py:3834} INFO - Setting next_dagrun for prediction_dag to 2026-01-08 11:10:00+00:00, run_after=2026-01-08 11:12:00+00:00
[2026-01-08T11:10:27.458+0000] {processor.py:183} INFO - Processing /opt/airflow/dags/prediction_dag.py took 0.153 seconds
[2026-01-08T11:10:57.725+0000] {processor.py:161} INFO - Started process (PID=12878) to work on /opt/airflow/dags/prediction_dag.py
[2026-01-08T11:10:57.727+0000] {processor.py:830} INFO - Processing file /opt/airflow/dags/prediction_dag.py for tasks to queue
[2026-01-08T11:10:57.728+0000] {logging_mixin.py:188} INFO - [2026-01-08T11:10:57.728+0000] {dagbag.py:540} INFO - Filling up the DagBag from /opt/airflow/dags/prediction_dag.py
[2026-01-08T11:10:57.769+0000] {processor.py:840} INFO - DAG(s) 'prediction_dag' retrieved from /opt/airflow/dags/prediction_dag.py
[2026-01-08T11:10:57.822+0000] {logging_mixin.py:188} INFO - [2026-01-08T11:10:57.822+0000] {dag.py:3047} INFO - Sync 1 DAGs
[2026-01-08T11:10:57.853+0000] {logging_mixin.py:188} INFO - [2026-01-08T11:10:57.853+0000] {dag.py:3834} INFO - Setting next_dagrun for prediction_dag to 2026-01-08 11:10:00+00:00, run_after=2026-01-08 11:12:00+00:00
[2026-01-08T11:10:57.867+0000] {processor.py:183} INFO - Processing /opt/airflow/dags/prediction_dag.py took 0.152 seconds
[2026-01-08T11:11:28.195+0000] {processor.py:161} INFO - Started process (PID=12958) to work on /opt/airflow/dags/prediction_dag.py
[2026-01-08T11:11:28.197+0000] {processor.py:830} INFO - Processing file /opt/airflow/dags/prediction_dag.py for tasks to queue
[2026-01-08T11:11:28.199+0000] {logging_mixin.py:188} INFO - [2026-01-08T11:11:28.198+0000] {dagbag.py:540} INFO - Filling up the DagBag from /opt/airflow/dags/prediction_dag.py
[2026-01-08T11:11:28.228+0000] {processor.py:840} INFO - DAG(s) 'prediction_dag' retrieved from /opt/airflow/dags/prediction_dag.py
[2026-01-08T11:11:28.281+0000] {logging_mixin.py:188} INFO - [2026-01-08T11:11:28.281+0000] {dag.py:3047} INFO - Sync 1 DAGs
[2026-01-08T11:11:28.312+0000] {logging_mixin.py:188} INFO - [2026-01-08T11:11:28.312+0000] {dag.py:3834} INFO - Setting next_dagrun for prediction_dag to 2026-01-08 11:10:00+00:00, run_after=2026-01-08 11:12:00+00:00
[2026-01-08T11:11:28.329+0000] {processor.py:183} INFO - Processing /opt/airflow/dags/prediction_dag.py took 0.151 seconds
[2026-01-08T11:11:58.659+0000] {processor.py:161} INFO - Started process (PID=12976) to work on /opt/airflow/dags/prediction_dag.py
[2026-01-08T11:11:58.665+0000] {processor.py:830} INFO - Processing file /opt/airflow/dags/prediction_dag.py for tasks to queue
[2026-01-08T11:11:58.669+0000] {logging_mixin.py:188} INFO - [2026-01-08T11:11:58.668+0000] {dagbag.py:540} INFO - Filling up the DagBag from /opt/airflow/dags/prediction_dag.py
[2026-01-08T11:11:58.698+0000] {processor.py:840} INFO - DAG(s) 'prediction_dag' retrieved from /opt/airflow/dags/prediction_dag.py
[2026-01-08T11:11:58.754+0000] {logging_mixin.py:188} INFO - [2026-01-08T11:11:58.754+0000] {dag.py:3047} INFO - Sync 1 DAGs
[2026-01-08T11:11:58.783+0000] {logging_mixin.py:188} INFO - [2026-01-08T11:11:58.783+0000] {dag.py:3834} INFO - Setting next_dagrun for prediction_dag to 2026-01-08 11:10:00+00:00, run_after=2026-01-08 11:12:00+00:00
[2026-01-08T11:11:58.802+0000] {processor.py:183} INFO - Processing /opt/airflow/dags/prediction_dag.py took 0.153 seconds
[2026-01-08T11:12:29.193+0000] {processor.py:161} INFO - Started process (PID=13062) to work on /opt/airflow/dags/prediction_dag.py
[2026-01-08T11:12:29.195+0000] {processor.py:830} INFO - Processing file /opt/airflow/dags/prediction_dag.py for tasks to queue
[2026-01-08T11:12:29.195+0000] {logging_mixin.py:188} INFO - [2026-01-08T11:12:29.195+0000] {dagbag.py:540} INFO - Filling up the DagBag from /opt/airflow/dags/prediction_dag.py
[2026-01-08T11:12:29.229+0000] {processor.py:840} INFO - DAG(s) 'prediction_dag' retrieved from /opt/airflow/dags/prediction_dag.py
[2026-01-08T11:12:29.281+0000] {logging_mixin.py:188} INFO - [2026-01-08T11:12:29.280+0000] {dag.py:3047} INFO - Sync 1 DAGs
[2026-01-08T11:12:29.317+0000] {logging_mixin.py:188} INFO - [2026-01-08T11:12:29.317+0000] {dag.py:3834} INFO - Setting next_dagrun for prediction_dag to 2026-01-08 11:12:00+00:00, run_after=2026-01-08 11:14:00+00:00
[2026-01-08T11:12:29.333+0000] {processor.py:183} INFO - Processing /opt/airflow/dags/prediction_dag.py took 0.150 seconds
[2026-01-08T11:12:59.473+0000] {processor.py:161} INFO - Started process (PID=13080) to work on /opt/airflow/dags/prediction_dag.py
[2026-01-08T11:12:59.474+0000] {processor.py:830} INFO - Processing file /opt/airflow/dags/prediction_dag.py for tasks to queue
[2026-01-08T11:12:59.476+0000] {logging_mixin.py:188} INFO - [2026-01-08T11:12:59.475+0000] {dagbag.py:540} INFO - Filling up the DagBag from /opt/airflow/dags/prediction_dag.py
[2026-01-08T11:12:59.508+0000] {processor.py:840} INFO - DAG(s) 'prediction_dag' retrieved from /opt/airflow/dags/prediction_dag.py
[2026-01-08T11:12:59.566+0000] {logging_mixin.py:188} INFO - [2026-01-08T11:12:59.566+0000] {dag.py:3047} INFO - Sync 1 DAGs
[2026-01-08T11:12:59.604+0000] {logging_mixin.py:188} INFO - [2026-01-08T11:12:59.604+0000] {dag.py:3834} INFO - Setting next_dagrun for prediction_dag to 2026-01-08 11:12:00+00:00, run_after=2026-01-08 11:14:00+00:00
[2026-01-08T11:12:59.618+0000] {processor.py:183} INFO - Processing /opt/airflow/dags/prediction_dag.py took 0.156 seconds
[2026-01-08T11:13:29.896+0000] {processor.py:161} INFO - Started process (PID=13160) to work on /opt/airflow/dags/prediction_dag.py
[2026-01-08T11:13:29.898+0000] {processor.py:830} INFO - Processing file /opt/airflow/dags/prediction_dag.py for tasks to queue
[2026-01-08T11:13:29.900+0000] {logging_mixin.py:188} INFO - [2026-01-08T11:13:29.899+0000] {dagbag.py:540} INFO - Filling up the DagBag from /opt/airflow/dags/prediction_dag.py
[2026-01-08T11:13:29.950+0000] {processor.py:840} INFO - DAG(s) 'prediction_dag' retrieved from /opt/airflow/dags/prediction_dag.py
[2026-01-08T11:13:30.009+0000] {logging_mixin.py:188} INFO - [2026-01-08T11:13:30.009+0000] {dag.py:3047} INFO - Sync 1 DAGs
[2026-01-08T11:13:30.043+0000] {logging_mixin.py:188} INFO - [2026-01-08T11:13:30.043+0000] {dag.py:3834} INFO - Setting next_dagrun for prediction_dag to 2026-01-08 11:12:00+00:00, run_after=2026-01-08 11:14:00+00:00
[2026-01-08T11:13:30.059+0000] {processor.py:183} INFO - Processing /opt/airflow/dags/prediction_dag.py took 0.185 seconds
[2026-01-08T11:14:00.382+0000] {processor.py:161} INFO - Started process (PID=13178) to work on /opt/airflow/dags/prediction_dag.py
[2026-01-08T11:14:00.387+0000] {processor.py:830} INFO - Processing file /opt/airflow/dags/prediction_dag.py for tasks to queue
[2026-01-08T11:14:00.388+0000] {logging_mixin.py:188} INFO - [2026-01-08T11:14:00.387+0000] {dagbag.py:540} INFO - Filling up the DagBag from /opt/airflow/dags/prediction_dag.py
[2026-01-08T11:14:00.426+0000] {processor.py:840} INFO - DAG(s) 'prediction_dag' retrieved from /opt/airflow/dags/prediction_dag.py
[2026-01-08T11:14:00.478+0000] {logging_mixin.py:188} INFO - [2026-01-08T11:14:00.478+0000] {dag.py:3047} INFO - Sync 1 DAGs
[2026-01-08T11:14:00.515+0000] {logging_mixin.py:188} INFO - [2026-01-08T11:14:00.514+0000] {dag.py:3834} INFO - Setting next_dagrun for prediction_dag to 2026-01-08 11:12:00+00:00, run_after=2026-01-08 11:14:00+00:00
[2026-01-08T11:14:00.529+0000] {processor.py:183} INFO - Processing /opt/airflow/dags/prediction_dag.py took 0.169 seconds
[2026-01-08T11:14:30.884+0000] {processor.py:161} INFO - Started process (PID=13264) to work on /opt/airflow/dags/prediction_dag.py
[2026-01-08T11:14:30.887+0000] {processor.py:830} INFO - Processing file /opt/airflow/dags/prediction_dag.py for tasks to queue
[2026-01-08T11:14:30.889+0000] {logging_mixin.py:188} INFO - [2026-01-08T11:14:30.887+0000] {dagbag.py:540} INFO - Filling up the DagBag from /opt/airflow/dags/prediction_dag.py
[2026-01-08T11:14:30.930+0000] {processor.py:840} INFO - DAG(s) 'prediction_dag' retrieved from /opt/airflow/dags/prediction_dag.py
[2026-01-08T11:14:30.973+0000] {logging_mixin.py:188} INFO - [2026-01-08T11:14:30.973+0000] {dag.py:3047} INFO - Sync 1 DAGs
[2026-01-08T11:14:31.003+0000] {logging_mixin.py:188} INFO - [2026-01-08T11:14:31.003+0000] {dag.py:3834} INFO - Setting next_dagrun for prediction_dag to 2026-01-08 11:14:00+00:00, run_after=2026-01-08 11:16:00+00:00
[2026-01-08T11:14:31.014+0000] {processor.py:183} INFO - Processing /opt/airflow/dags/prediction_dag.py took 0.140 seconds
[2026-01-08T11:15:01.192+0000] {processor.py:161} INFO - Started process (PID=13291) to work on /opt/airflow/dags/prediction_dag.py
[2026-01-08T11:15:01.193+0000] {processor.py:830} INFO - Processing file /opt/airflow/dags/prediction_dag.py for tasks to queue
[2026-01-08T11:15:01.194+0000] {logging_mixin.py:188} INFO - [2026-01-08T11:15:01.193+0000] {dagbag.py:540} INFO - Filling up the DagBag from /opt/airflow/dags/prediction_dag.py
[2026-01-08T11:15:01.214+0000] {processor.py:840} INFO - DAG(s) 'prediction_dag' retrieved from /opt/airflow/dags/prediction_dag.py
[2026-01-08T11:15:01.249+0000] {logging_mixin.py:188} INFO - [2026-01-08T11:15:01.249+0000] {dag.py:3047} INFO - Sync 1 DAGs
[2026-01-08T11:15:01.270+0000] {logging_mixin.py:188} INFO - [2026-01-08T11:15:01.270+0000] {dag.py:3834} INFO - Setting next_dagrun for prediction_dag to 2026-01-08 11:14:00+00:00, run_after=2026-01-08 11:16:00+00:00
[2026-01-08T11:15:01.283+0000] {processor.py:183} INFO - Processing /opt/airflow/dags/prediction_dag.py took 0.095 seconds
[2026-01-08T11:15:31.697+0000] {processor.py:161} INFO - Started process (PID=13353) to work on /opt/airflow/dags/prediction_dag.py
[2026-01-08T11:15:31.699+0000] {processor.py:830} INFO - Processing file /opt/airflow/dags/prediction_dag.py for tasks to queue
[2026-01-08T11:15:31.701+0000] {logging_mixin.py:188} INFO - [2026-01-08T11:15:31.700+0000] {dagbag.py:540} INFO - Filling up the DagBag from /opt/airflow/dags/prediction_dag.py
[2026-01-08T11:15:31.715+0000] {processor.py:840} INFO - DAG(s) 'prediction_dag' retrieved from /opt/airflow/dags/prediction_dag.py
[2026-01-08T11:15:31.750+0000] {logging_mixin.py:188} INFO - [2026-01-08T11:15:31.750+0000] {dag.py:3047} INFO - Sync 1 DAGs
[2026-01-08T11:15:31.776+0000] {logging_mixin.py:188} INFO - [2026-01-08T11:15:31.776+0000] {dag.py:3834} INFO - Setting next_dagrun for prediction_dag to 2026-01-08 11:14:00+00:00, run_after=2026-01-08 11:16:00+00:00
[2026-01-08T11:15:31.788+0000] {processor.py:183} INFO - Processing /opt/airflow/dags/prediction_dag.py took 0.094 seconds
[2026-01-08T11:16:01.895+0000] {processor.py:161} INFO - Started process (PID=13380) to work on /opt/airflow/dags/prediction_dag.py
[2026-01-08T11:16:01.897+0000] {processor.py:830} INFO - Processing file /opt/airflow/dags/prediction_dag.py for tasks to queue
[2026-01-08T11:16:01.900+0000] {logging_mixin.py:188} INFO - [2026-01-08T11:16:01.899+0000] {dagbag.py:540} INFO - Filling up the DagBag from /opt/airflow/dags/prediction_dag.py
[2026-01-08T11:16:01.919+0000] {processor.py:840} INFO - DAG(s) 'prediction_dag' retrieved from /opt/airflow/dags/prediction_dag.py
[2026-01-08T11:16:01.958+0000] {logging_mixin.py:188} INFO - [2026-01-08T11:16:01.957+0000] {dag.py:3047} INFO - Sync 1 DAGs
[2026-01-08T11:16:01.991+0000] {logging_mixin.py:188} INFO - [2026-01-08T11:16:01.991+0000] {dag.py:3834} INFO - Setting next_dagrun for prediction_dag to 2026-01-08 11:16:00+00:00, run_after=2026-01-08 11:18:00+00:00
[2026-01-08T11:16:02.009+0000] {processor.py:183} INFO - Processing /opt/airflow/dags/prediction_dag.py took 0.119 seconds
[2026-01-08T11:16:32.151+0000] {processor.py:161} INFO - Started process (PID=13453) to work on /opt/airflow/dags/prediction_dag.py
[2026-01-08T11:16:32.154+0000] {processor.py:830} INFO - Processing file /opt/airflow/dags/prediction_dag.py for tasks to queue
[2026-01-08T11:16:32.156+0000] {logging_mixin.py:188} INFO - [2026-01-08T11:16:32.155+0000] {dagbag.py:540} INFO - Filling up the DagBag from /opt/airflow/dags/prediction_dag.py
[2026-01-08T11:16:32.197+0000] {processor.py:840} INFO - DAG(s) 'prediction_dag' retrieved from /opt/airflow/dags/prediction_dag.py
[2026-01-08T11:16:32.248+0000] {logging_mixin.py:188} INFO - [2026-01-08T11:16:32.248+0000] {dag.py:3047} INFO - Sync 1 DAGs
[2026-01-08T11:16:32.288+0000] {logging_mixin.py:188} INFO - [2026-01-08T11:16:32.288+0000] {dag.py:3834} INFO - Setting next_dagrun for prediction_dag to 2026-01-08 11:16:00+00:00, run_after=2026-01-08 11:18:00+00:00
[2026-01-08T11:16:32.302+0000] {processor.py:183} INFO - Processing /opt/airflow/dags/prediction_dag.py took 0.166 seconds
[2026-01-08T11:17:02.470+0000] {processor.py:161} INFO - Started process (PID=13481) to work on /opt/airflow/dags/prediction_dag.py
[2026-01-08T11:17:02.471+0000] {processor.py:830} INFO - Processing file /opt/airflow/dags/prediction_dag.py for tasks to queue
[2026-01-08T11:17:02.471+0000] {logging_mixin.py:188} INFO - [2026-01-08T11:17:02.471+0000] {dagbag.py:540} INFO - Filling up the DagBag from /opt/airflow/dags/prediction_dag.py
[2026-01-08T11:17:02.485+0000] {processor.py:840} INFO - DAG(s) 'prediction_dag' retrieved from /opt/airflow/dags/prediction_dag.py
[2026-01-08T11:17:02.510+0000] {logging_mixin.py:188} INFO - [2026-01-08T11:17:02.509+0000] {dag.py:3047} INFO - Sync 1 DAGs
[2026-01-08T11:17:02.531+0000] {logging_mixin.py:188} INFO - [2026-01-08T11:17:02.531+0000] {dag.py:3834} INFO - Setting next_dagrun for prediction_dag to 2026-01-08 11:16:00+00:00, run_after=2026-01-08 11:18:00+00:00
[2026-01-08T11:17:02.540+0000] {processor.py:183} INFO - Processing /opt/airflow/dags/prediction_dag.py took 0.075 seconds
[2026-01-08T11:17:32.945+0000] {processor.py:161} INFO - Started process (PID=13551) to work on /opt/airflow/dags/prediction_dag.py
[2026-01-08T11:17:32.948+0000] {processor.py:830} INFO - Processing file /opt/airflow/dags/prediction_dag.py for tasks to queue
[2026-01-08T11:17:32.949+0000] {logging_mixin.py:188} INFO - [2026-01-08T11:17:32.948+0000] {dagbag.py:540} INFO - Filling up the DagBag from /opt/airflow/dags/prediction_dag.py
[2026-01-08T11:17:32.984+0000] {processor.py:840} INFO - DAG(s) 'prediction_dag' retrieved from /opt/airflow/dags/prediction_dag.py
[2026-01-08T11:17:33.033+0000] {logging_mixin.py:188} INFO - [2026-01-08T11:17:33.033+0000] {dag.py:3047} INFO - Sync 1 DAGs
[2026-01-08T11:17:33.062+0000] {logging_mixin.py:188} INFO - [2026-01-08T11:17:33.062+0000] {dag.py:3834} INFO - Setting next_dagrun for prediction_dag to 2026-01-08 11:16:00+00:00, run_after=2026-01-08 11:18:00+00:00
[2026-01-08T11:17:33.079+0000] {processor.py:183} INFO - Processing /opt/airflow/dags/prediction_dag.py took 0.142 seconds
[2026-01-08T11:18:03.454+0000] {processor.py:161} INFO - Started process (PID=13585) to work on /opt/airflow/dags/prediction_dag.py
[2026-01-08T11:18:03.456+0000] {processor.py:830} INFO - Processing file /opt/airflow/dags/prediction_dag.py for tasks to queue
[2026-01-08T11:18:03.458+0000] {logging_mixin.py:188} INFO - [2026-01-08T11:18:03.457+0000] {dagbag.py:540} INFO - Filling up the DagBag from /opt/airflow/dags/prediction_dag.py
[2026-01-08T11:18:03.477+0000] {processor.py:840} INFO - DAG(s) 'prediction_dag' retrieved from /opt/airflow/dags/prediction_dag.py
[2026-01-08T11:18:03.507+0000] {logging_mixin.py:188} INFO - [2026-01-08T11:18:03.506+0000] {dag.py:3047} INFO - Sync 1 DAGs
[2026-01-08T11:18:03.529+0000] {logging_mixin.py:188} INFO - [2026-01-08T11:18:03.529+0000] {dag.py:3834} INFO - Setting next_dagrun for prediction_dag to 2026-01-08 11:18:00+00:00, run_after=2026-01-08 11:20:00+00:00
[2026-01-08T11:18:03.542+0000] {processor.py:183} INFO - Processing /opt/airflow/dags/prediction_dag.py took 0.093 seconds
[2026-01-08T11:18:33.962+0000] {processor.py:161} INFO - Started process (PID=13655) to work on /opt/airflow/dags/prediction_dag.py
[2026-01-08T11:18:33.965+0000] {processor.py:830} INFO - Processing file /opt/airflow/dags/prediction_dag.py for tasks to queue
[2026-01-08T11:18:33.970+0000] {logging_mixin.py:188} INFO - [2026-01-08T11:18:33.968+0000] {dagbag.py:540} INFO - Filling up the DagBag from /opt/airflow/dags/prediction_dag.py
[2026-01-08T11:18:34.005+0000] {processor.py:840} INFO - DAG(s) 'prediction_dag' retrieved from /opt/airflow/dags/prediction_dag.py
[2026-01-08T11:18:34.056+0000] {logging_mixin.py:188} INFO - [2026-01-08T11:18:34.055+0000] {dag.py:3047} INFO - Sync 1 DAGs
[2026-01-08T11:18:34.098+0000] {logging_mixin.py:188} INFO - [2026-01-08T11:18:34.098+0000] {dag.py:3834} INFO - Setting next_dagrun for prediction_dag to 2026-01-08 11:18:00+00:00, run_after=2026-01-08 11:20:00+00:00
[2026-01-08T11:18:34.113+0000] {processor.py:183} INFO - Processing /opt/airflow/dags/prediction_dag.py took 0.161 seconds
[2026-01-08T11:19:04.166+0000] {processor.py:161} INFO - Started process (PID=13693) to work on /opt/airflow/dags/prediction_dag.py
[2026-01-08T11:19:04.167+0000] {processor.py:830} INFO - Processing file /opt/airflow/dags/prediction_dag.py for tasks to queue
[2026-01-08T11:19:04.168+0000] {logging_mixin.py:188} INFO - [2026-01-08T11:19:04.168+0000] {dagbag.py:540} INFO - Filling up the DagBag from /opt/airflow/dags/prediction_dag.py
[2026-01-08T11:19:04.179+0000] {processor.py:840} INFO - DAG(s) 'prediction_dag' retrieved from /opt/airflow/dags/prediction_dag.py
[2026-01-08T11:19:04.204+0000] {logging_mixin.py:188} INFO - [2026-01-08T11:19:04.204+0000] {dag.py:3047} INFO - Sync 1 DAGs
[2026-01-08T11:19:04.221+0000] {logging_mixin.py:188} INFO - [2026-01-08T11:19:04.221+0000] {dag.py:3834} INFO - Setting next_dagrun for prediction_dag to 2026-01-08 11:18:00+00:00, run_after=2026-01-08 11:20:00+00:00
[2026-01-08T11:19:04.234+0000] {processor.py:183} INFO - Processing /opt/airflow/dags/prediction_dag.py took 0.074 seconds
[2026-01-08T11:19:34.349+0000] {processor.py:161} INFO - Started process (PID=13753) to work on /opt/airflow/dags/prediction_dag.py
[2026-01-08T11:19:34.351+0000] {processor.py:830} INFO - Processing file /opt/airflow/dags/prediction_dag.py for tasks to queue
[2026-01-08T11:19:34.353+0000] {logging_mixin.py:188} INFO - [2026-01-08T11:19:34.352+0000] {dagbag.py:540} INFO - Filling up the DagBag from /opt/airflow/dags/prediction_dag.py
[2026-01-08T11:19:34.392+0000] {processor.py:840} INFO - DAG(s) 'prediction_dag' retrieved from /opt/airflow/dags/prediction_dag.py
[2026-01-08T11:19:34.447+0000] {logging_mixin.py:188} INFO - [2026-01-08T11:19:34.447+0000] {dag.py:3047} INFO - Sync 1 DAGs
[2026-01-08T11:19:34.480+0000] {logging_mixin.py:188} INFO - [2026-01-08T11:19:34.480+0000] {dag.py:3834} INFO - Setting next_dagrun for prediction_dag to 2026-01-08 11:18:00+00:00, run_after=2026-01-08 11:20:00+00:00
[2026-01-08T11:19:34.495+0000] {processor.py:183} INFO - Processing /opt/airflow/dags/prediction_dag.py took 0.160 seconds
[2026-01-08T11:20:04.843+0000] {processor.py:161} INFO - Started process (PID=13789) to work on /opt/airflow/dags/prediction_dag.py
[2026-01-08T11:20:04.847+0000] {processor.py:830} INFO - Processing file /opt/airflow/dags/prediction_dag.py for tasks to queue
[2026-01-08T11:20:04.848+0000] {logging_mixin.py:188} INFO - [2026-01-08T11:20:04.848+0000] {dagbag.py:540} INFO - Filling up the DagBag from /opt/airflow/dags/prediction_dag.py
[2026-01-08T11:20:04.867+0000] {processor.py:840} INFO - DAG(s) 'prediction_dag' retrieved from /opt/airflow/dags/prediction_dag.py
[2026-01-08T11:20:04.987+0000] {logging_mixin.py:188} INFO - [2026-01-08T11:20:04.987+0000] {dag.py:3047} INFO - Sync 1 DAGs
[2026-01-08T11:20:05.027+0000] {logging_mixin.py:188} INFO - [2026-01-08T11:20:05.027+0000] {dag.py:3834} INFO - Setting next_dagrun for prediction_dag to 2026-01-08 11:20:00+00:00, run_after=2026-01-08 11:22:00+00:00
[2026-01-08T11:20:05.047+0000] {processor.py:183} INFO - Processing /opt/airflow/dags/prediction_dag.py took 0.216 seconds
[2026-01-08T11:20:35.407+0000] {processor.py:161} INFO - Started process (PID=13857) to work on /opt/airflow/dags/prediction_dag.py
[2026-01-08T11:20:35.409+0000] {processor.py:830} INFO - Processing file /opt/airflow/dags/prediction_dag.py for tasks to queue
[2026-01-08T11:20:35.411+0000] {logging_mixin.py:188} INFO - [2026-01-08T11:20:35.410+0000] {dagbag.py:540} INFO - Filling up the DagBag from /opt/airflow/dags/prediction_dag.py
[2026-01-08T11:20:35.446+0000] {processor.py:840} INFO - DAG(s) 'prediction_dag' retrieved from /opt/airflow/dags/prediction_dag.py
[2026-01-08T11:20:35.489+0000] {logging_mixin.py:188} INFO - [2026-01-08T11:20:35.489+0000] {dag.py:3047} INFO - Sync 1 DAGs
[2026-01-08T11:20:35.518+0000] {logging_mixin.py:188} INFO - [2026-01-08T11:20:35.518+0000] {dag.py:3834} INFO - Setting next_dagrun for prediction_dag to 2026-01-08 11:20:00+00:00, run_after=2026-01-08 11:22:00+00:00
[2026-01-08T11:20:35.531+0000] {processor.py:183} INFO - Processing /opt/airflow/dags/prediction_dag.py took 0.142 seconds
[2026-01-08T11:21:05.682+0000] {processor.py:161} INFO - Started process (PID=13896) to work on /opt/airflow/dags/prediction_dag.py
[2026-01-08T11:21:05.684+0000] {processor.py:830} INFO - Processing file /opt/airflow/dags/prediction_dag.py for tasks to queue
[2026-01-08T11:21:05.686+0000] {logging_mixin.py:188} INFO - [2026-01-08T11:21:05.686+0000] {dagbag.py:540} INFO - Filling up the DagBag from /opt/airflow/dags/prediction_dag.py
[2026-01-08T11:21:05.708+0000] {processor.py:840} INFO - DAG(s) 'prediction_dag' retrieved from /opt/airflow/dags/prediction_dag.py
[2026-01-08T11:21:05.749+0000] {logging_mixin.py:188} INFO - [2026-01-08T11:21:05.749+0000] {dag.py:3047} INFO - Sync 1 DAGs
[2026-01-08T11:21:05.778+0000] {logging_mixin.py:188} INFO - [2026-01-08T11:21:05.778+0000] {dag.py:3834} INFO - Setting next_dagrun for prediction_dag to 2026-01-08 11:20:00+00:00, run_after=2026-01-08 11:22:00+00:00
[2026-01-08T11:21:05.791+0000] {processor.py:183} INFO - Processing /opt/airflow/dags/prediction_dag.py took 0.117 seconds
[2026-01-08T11:21:35.894+0000] {processor.py:161} INFO - Started process (PID=13955) to work on /opt/airflow/dags/prediction_dag.py
[2026-01-08T11:21:35.897+0000] {processor.py:830} INFO - Processing file /opt/airflow/dags/prediction_dag.py for tasks to queue
[2026-01-08T11:21:35.898+0000] {logging_mixin.py:188} INFO - [2026-01-08T11:21:35.898+0000] {dagbag.py:540} INFO - Filling up the DagBag from /opt/airflow/dags/prediction_dag.py
[2026-01-08T11:21:35.931+0000] {processor.py:840} INFO - DAG(s) 'prediction_dag' retrieved from /opt/airflow/dags/prediction_dag.py
[2026-01-08T11:21:35.960+0000] {logging_mixin.py:188} INFO - [2026-01-08T11:21:35.960+0000] {dag.py:3047} INFO - Sync 1 DAGs
[2026-01-08T11:21:35.980+0000] {logging_mixin.py:188} INFO - [2026-01-08T11:21:35.979+0000] {dag.py:3834} INFO - Setting next_dagrun for prediction_dag to 2026-01-08 11:20:00+00:00, run_after=2026-01-08 11:22:00+00:00
[2026-01-08T11:21:35.991+0000] {processor.py:183} INFO - Processing /opt/airflow/dags/prediction_dag.py took 0.105 seconds
[2026-01-08T11:22:06.395+0000] {processor.py:161} INFO - Started process (PID=14009) to work on /opt/airflow/dags/prediction_dag.py
[2026-01-08T11:22:06.397+0000] {processor.py:830} INFO - Processing file /opt/airflow/dags/prediction_dag.py for tasks to queue
[2026-01-08T11:22:06.398+0000] {logging_mixin.py:188} INFO - [2026-01-08T11:22:06.397+0000] {dagbag.py:540} INFO - Filling up the DagBag from /opt/airflow/dags/prediction_dag.py
[2026-01-08T11:22:06.420+0000] {processor.py:840} INFO - DAG(s) 'prediction_dag' retrieved from /opt/airflow/dags/prediction_dag.py
[2026-01-08T11:22:06.456+0000] {logging_mixin.py:188} INFO - [2026-01-08T11:22:06.455+0000] {dag.py:3047} INFO - Sync 1 DAGs
[2026-01-08T11:22:06.487+0000] {logging_mixin.py:188} INFO - [2026-01-08T11:22:06.487+0000] {dag.py:3834} INFO - Setting next_dagrun for prediction_dag to 2026-01-08 11:22:00+00:00, run_after=2026-01-08 11:24:00+00:00
[2026-01-08T11:22:06.500+0000] {processor.py:183} INFO - Processing /opt/airflow/dags/prediction_dag.py took 0.111 seconds
[2026-01-08T11:22:36.926+0000] {processor.py:161} INFO - Started process (PID=14059) to work on /opt/airflow/dags/prediction_dag.py
[2026-01-08T11:22:36.929+0000] {processor.py:830} INFO - Processing file /opt/airflow/dags/prediction_dag.py for tasks to queue
[2026-01-08T11:22:36.931+0000] {logging_mixin.py:188} INFO - [2026-01-08T11:22:36.930+0000] {dagbag.py:540} INFO - Filling up the DagBag from /opt/airflow/dags/prediction_dag.py
[2026-01-08T11:22:36.953+0000] {processor.py:840} INFO - DAG(s) 'prediction_dag' retrieved from /opt/airflow/dags/prediction_dag.py
[2026-01-08T11:22:36.981+0000] {logging_mixin.py:188} INFO - [2026-01-08T11:22:36.981+0000] {dag.py:3047} INFO - Sync 1 DAGs
[2026-01-08T11:22:36.999+0000] {logging_mixin.py:188} INFO - [2026-01-08T11:22:36.999+0000] {dag.py:3834} INFO - Setting next_dagrun for prediction_dag to 2026-01-08 11:22:00+00:00, run_after=2026-01-08 11:24:00+00:00
[2026-01-08T11:22:37.010+0000] {processor.py:183} INFO - Processing /opt/airflow/dags/prediction_dag.py took 0.093 seconds
[2026-01-08T11:23:07.342+0000] {processor.py:161} INFO - Started process (PID=14112) to work on /opt/airflow/dags/prediction_dag.py
[2026-01-08T11:23:07.344+0000] {processor.py:830} INFO - Processing file /opt/airflow/dags/prediction_dag.py for tasks to queue
[2026-01-08T11:23:07.346+0000] {logging_mixin.py:188} INFO - [2026-01-08T11:23:07.345+0000] {dagbag.py:540} INFO - Filling up the DagBag from /opt/airflow/dags/prediction_dag.py
[2026-01-08T11:23:07.360+0000] {processor.py:840} INFO - DAG(s) 'prediction_dag' retrieved from /opt/airflow/dags/prediction_dag.py
[2026-01-08T11:23:07.394+0000] {logging_mixin.py:188} INFO - [2026-01-08T11:23:07.393+0000] {dag.py:3047} INFO - Sync 1 DAGs
[2026-01-08T11:23:07.428+0000] {logging_mixin.py:188} INFO - [2026-01-08T11:23:07.428+0000] {dag.py:3834} INFO - Setting next_dagrun for prediction_dag to 2026-01-08 11:22:00+00:00, run_after=2026-01-08 11:24:00+00:00
[2026-01-08T11:23:07.451+0000] {processor.py:183} INFO - Processing /opt/airflow/dags/prediction_dag.py took 0.113 seconds
[2026-01-08T11:23:37.671+0000] {processor.py:161} INFO - Started process (PID=14157) to work on /opt/airflow/dags/prediction_dag.py
[2026-01-08T11:23:37.673+0000] {processor.py:830} INFO - Processing file /opt/airflow/dags/prediction_dag.py for tasks to queue
[2026-01-08T11:23:37.674+0000] {logging_mixin.py:188} INFO - [2026-01-08T11:23:37.674+0000] {dagbag.py:540} INFO - Filling up the DagBag from /opt/airflow/dags/prediction_dag.py
[2026-01-08T11:23:37.693+0000] {processor.py:840} INFO - DAG(s) 'prediction_dag' retrieved from /opt/airflow/dags/prediction_dag.py
[2026-01-08T11:23:37.717+0000] {logging_mixin.py:188} INFO - [2026-01-08T11:23:37.717+0000] {dag.py:3047} INFO - Sync 1 DAGs
[2026-01-08T11:23:37.732+0000] {logging_mixin.py:188} INFO - [2026-01-08T11:23:37.732+0000] {dag.py:3834} INFO - Setting next_dagrun for prediction_dag to 2026-01-08 11:22:00+00:00, run_after=2026-01-08 11:24:00+00:00
[2026-01-08T11:23:37.742+0000] {processor.py:183} INFO - Processing /opt/airflow/dags/prediction_dag.py took 0.078 seconds
[2026-01-08T11:24:08.175+0000] {processor.py:161} INFO - Started process (PID=14210) to work on /opt/airflow/dags/prediction_dag.py
[2026-01-08T11:24:08.176+0000] {processor.py:830} INFO - Processing file /opt/airflow/dags/prediction_dag.py for tasks to queue
[2026-01-08T11:24:08.179+0000] {logging_mixin.py:188} INFO - [2026-01-08T11:24:08.178+0000] {dagbag.py:540} INFO - Filling up the DagBag from /opt/airflow/dags/prediction_dag.py
[2026-01-08T11:24:08.207+0000] {processor.py:840} INFO - DAG(s) 'prediction_dag' retrieved from /opt/airflow/dags/prediction_dag.py
[2026-01-08T11:24:08.262+0000] {logging_mixin.py:188} INFO - [2026-01-08T11:24:08.261+0000] {dag.py:3047} INFO - Sync 1 DAGs
[2026-01-08T11:24:08.343+0000] {logging_mixin.py:188} INFO - [2026-01-08T11:24:08.343+0000] {dag.py:3834} INFO - Setting next_dagrun for prediction_dag to 2026-01-08 11:24:00+00:00, run_after=2026-01-08 11:26:00+00:00
[2026-01-08T11:24:08.381+0000] {processor.py:183} INFO - Processing /opt/airflow/dags/prediction_dag.py took 0.212 seconds
[2026-01-08T11:24:38.937+0000] {processor.py:161} INFO - Started process (PID=14248) to work on /opt/airflow/dags/prediction_dag.py
[2026-01-08T11:24:38.939+0000] {processor.py:830} INFO - Processing file /opt/airflow/dags/prediction_dag.py for tasks to queue
[2026-01-08T11:24:38.941+0000] {logging_mixin.py:188} INFO - [2026-01-08T11:24:38.940+0000] {dagbag.py:540} INFO - Filling up the DagBag from /opt/airflow/dags/prediction_dag.py
[2026-01-08T11:24:38.978+0000] {processor.py:840} INFO - DAG(s) 'prediction_dag' retrieved from /opt/airflow/dags/prediction_dag.py
[2026-01-08T11:24:39.026+0000] {logging_mixin.py:188} INFO - [2026-01-08T11:24:39.026+0000] {dag.py:3047} INFO - Sync 1 DAGs
[2026-01-08T11:24:39.051+0000] {logging_mixin.py:188} INFO - [2026-01-08T11:24:39.051+0000] {dag.py:3834} INFO - Setting next_dagrun for prediction_dag to 2026-01-08 11:24:00+00:00, run_after=2026-01-08 11:26:00+00:00
[2026-01-08T11:24:39.070+0000] {processor.py:183} INFO - Processing /opt/airflow/dags/prediction_dag.py took 0.149 seconds
[2026-01-08T11:25:09.449+0000] {processor.py:161} INFO - Started process (PID=14325) to work on /opt/airflow/dags/prediction_dag.py
[2026-01-08T11:25:09.455+0000] {processor.py:830} INFO - Processing file /opt/airflow/dags/prediction_dag.py for tasks to queue
[2026-01-08T11:25:09.460+0000] {logging_mixin.py:188} INFO - [2026-01-08T11:25:09.459+0000] {dagbag.py:540} INFO - Filling up the DagBag from /opt/airflow/dags/prediction_dag.py
[2026-01-08T11:25:09.503+0000] {processor.py:840} INFO - DAG(s) 'prediction_dag' retrieved from /opt/airflow/dags/prediction_dag.py
[2026-01-08T11:25:09.551+0000] {logging_mixin.py:188} INFO - [2026-01-08T11:25:09.551+0000] {dag.py:3047} INFO - Sync 1 DAGs
[2026-01-08T11:25:09.596+0000] {logging_mixin.py:188} INFO - [2026-01-08T11:25:09.596+0000] {dag.py:3834} INFO - Setting next_dagrun for prediction_dag to 2026-01-08 11:24:00+00:00, run_after=2026-01-08 11:26:00+00:00
[2026-01-08T11:25:09.620+0000] {processor.py:183} INFO - Processing /opt/airflow/dags/prediction_dag.py took 0.200 seconds
[2026-01-08T11:25:39.872+0000] {processor.py:161} INFO - Started process (PID=14346) to work on /opt/airflow/dags/prediction_dag.py
[2026-01-08T11:25:39.874+0000] {processor.py:830} INFO - Processing file /opt/airflow/dags/prediction_dag.py for tasks to queue
[2026-01-08T11:25:39.876+0000] {logging_mixin.py:188} INFO - [2026-01-08T11:25:39.875+0000] {dagbag.py:540} INFO - Filling up the DagBag from /opt/airflow/dags/prediction_dag.py
[2026-01-08T11:25:39.914+0000] {processor.py:840} INFO - DAG(s) 'prediction_dag' retrieved from /opt/airflow/dags/prediction_dag.py
[2026-01-08T11:25:39.952+0000] {logging_mixin.py:188} INFO - [2026-01-08T11:25:39.952+0000] {dag.py:3047} INFO - Sync 1 DAGs
[2026-01-08T11:25:39.982+0000] {logging_mixin.py:188} INFO - [2026-01-08T11:25:39.982+0000] {dag.py:3834} INFO - Setting next_dagrun for prediction_dag to 2026-01-08 11:24:00+00:00, run_after=2026-01-08 11:26:00+00:00
[2026-01-08T11:25:40.001+0000] {processor.py:183} INFO - Processing /opt/airflow/dags/prediction_dag.py took 0.137 seconds
[2026-01-08T11:26:10.344+0000] {processor.py:161} INFO - Started process (PID=14429) to work on /opt/airflow/dags/prediction_dag.py
[2026-01-08T11:26:10.346+0000] {processor.py:830} INFO - Processing file /opt/airflow/dags/prediction_dag.py for tasks to queue
[2026-01-08T11:26:10.347+0000] {logging_mixin.py:188} INFO - [2026-01-08T11:26:10.347+0000] {dagbag.py:540} INFO - Filling up the DagBag from /opt/airflow/dags/prediction_dag.py
[2026-01-08T11:26:10.394+0000] {processor.py:840} INFO - DAG(s) 'prediction_dag' retrieved from /opt/airflow/dags/prediction_dag.py
[2026-01-08T11:26:10.436+0000] {logging_mixin.py:188} INFO - [2026-01-08T11:26:10.436+0000] {dag.py:3047} INFO - Sync 1 DAGs
[2026-01-08T11:26:10.478+0000] {logging_mixin.py:188} INFO - [2026-01-08T11:26:10.477+0000] {dag.py:3834} INFO - Setting next_dagrun for prediction_dag to 2026-01-08 11:26:00+00:00, run_after=2026-01-08 11:28:00+00:00
[2026-01-08T11:26:10.496+0000] {processor.py:183} INFO - Processing /opt/airflow/dags/prediction_dag.py took 0.162 seconds
[2026-01-08T11:26:40.783+0000] {processor.py:161} INFO - Started process (PID=14450) to work on /opt/airflow/dags/prediction_dag.py
[2026-01-08T11:26:40.788+0000] {processor.py:830} INFO - Processing file /opt/airflow/dags/prediction_dag.py for tasks to queue
[2026-01-08T11:26:40.791+0000] {logging_mixin.py:188} INFO - [2026-01-08T11:26:40.789+0000] {dagbag.py:540} INFO - Filling up the DagBag from /opt/airflow/dags/prediction_dag.py
[2026-01-08T11:26:40.831+0000] {processor.py:840} INFO - DAG(s) 'prediction_dag' retrieved from /opt/airflow/dags/prediction_dag.py
[2026-01-08T11:26:40.885+0000] {logging_mixin.py:188} INFO - [2026-01-08T11:26:40.885+0000] {dag.py:3047} INFO - Sync 1 DAGs
[2026-01-08T11:26:40.917+0000] {logging_mixin.py:188} INFO - [2026-01-08T11:26:40.917+0000] {dag.py:3834} INFO - Setting next_dagrun for prediction_dag to 2026-01-08 11:26:00+00:00, run_after=2026-01-08 11:28:00+00:00
[2026-01-08T11:26:40.936+0000] {processor.py:183} INFO - Processing /opt/airflow/dags/prediction_dag.py took 0.165 seconds
[2026-01-08T11:27:11.324+0000] {processor.py:161} INFO - Started process (PID=14530) to work on /opt/airflow/dags/prediction_dag.py
[2026-01-08T11:27:11.327+0000] {processor.py:830} INFO - Processing file /opt/airflow/dags/prediction_dag.py for tasks to queue
[2026-01-08T11:27:11.329+0000] {logging_mixin.py:188} INFO - [2026-01-08T11:27:11.328+0000] {dagbag.py:540} INFO - Filling up the DagBag from /opt/airflow/dags/prediction_dag.py
[2026-01-08T11:27:11.358+0000] {processor.py:840} INFO - DAG(s) 'prediction_dag' retrieved from /opt/airflow/dags/prediction_dag.py
[2026-01-08T11:27:11.400+0000] {logging_mixin.py:188} INFO - [2026-01-08T11:27:11.400+0000] {dag.py:3047} INFO - Sync 1 DAGs
[2026-01-08T11:27:11.425+0000] {logging_mixin.py:188} INFO - [2026-01-08T11:27:11.425+0000] {dag.py:3834} INFO - Setting next_dagrun for prediction_dag to 2026-01-08 11:26:00+00:00, run_after=2026-01-08 11:28:00+00:00
[2026-01-08T11:27:11.440+0000] {processor.py:183} INFO - Processing /opt/airflow/dags/prediction_dag.py took 0.126 seconds
[2026-01-08T11:27:41.678+0000] {processor.py:161} INFO - Started process (PID=14548) to work on /opt/airflow/dags/prediction_dag.py
[2026-01-08T11:27:41.680+0000] {processor.py:830} INFO - Processing file /opt/airflow/dags/prediction_dag.py for tasks to queue
[2026-01-08T11:27:41.681+0000] {logging_mixin.py:188} INFO - [2026-01-08T11:27:41.680+0000] {dagbag.py:540} INFO - Filling up the DagBag from /opt/airflow/dags/prediction_dag.py
[2026-01-08T11:27:41.717+0000] {processor.py:840} INFO - DAG(s) 'prediction_dag' retrieved from /opt/airflow/dags/prediction_dag.py
[2026-01-08T11:27:41.765+0000] {logging_mixin.py:188} INFO - [2026-01-08T11:27:41.765+0000] {dag.py:3047} INFO - Sync 1 DAGs
[2026-01-08T11:27:41.803+0000] {logging_mixin.py:188} INFO - [2026-01-08T11:27:41.803+0000] {dag.py:3834} INFO - Setting next_dagrun for prediction_dag to 2026-01-08 11:26:00+00:00, run_after=2026-01-08 11:28:00+00:00
[2026-01-08T11:27:41.817+0000] {processor.py:183} INFO - Processing /opt/airflow/dags/prediction_dag.py took 0.151 seconds
[2026-01-08T11:28:11.988+0000] {processor.py:161} INFO - Started process (PID=14634) to work on /opt/airflow/dags/prediction_dag.py
[2026-01-08T11:28:11.991+0000] {processor.py:830} INFO - Processing file /opt/airflow/dags/prediction_dag.py for tasks to queue
[2026-01-08T11:28:11.992+0000] {logging_mixin.py:188} INFO - [2026-01-08T11:28:11.992+0000] {dagbag.py:540} INFO - Filling up the DagBag from /opt/airflow/dags/prediction_dag.py
[2026-01-08T11:28:12.029+0000] {processor.py:840} INFO - DAG(s) 'prediction_dag' retrieved from /opt/airflow/dags/prediction_dag.py
[2026-01-08T11:28:12.066+0000] {logging_mixin.py:188} INFO - [2026-01-08T11:28:12.065+0000] {dag.py:3047} INFO - Sync 1 DAGs
[2026-01-08T11:28:12.093+0000] {logging_mixin.py:188} INFO - [2026-01-08T11:28:12.093+0000] {dag.py:3834} INFO - Setting next_dagrun for prediction_dag to 2026-01-08 11:28:00+00:00, run_after=2026-01-08 11:30:00+00:00
[2026-01-08T11:28:12.105+0000] {processor.py:183} INFO - Processing /opt/airflow/dags/prediction_dag.py took 0.128 seconds
[2026-01-08T11:28:42.329+0000] {processor.py:161} INFO - Started process (PID=14652) to work on /opt/airflow/dags/prediction_dag.py
[2026-01-08T11:28:42.332+0000] {processor.py:830} INFO - Processing file /opt/airflow/dags/prediction_dag.py for tasks to queue
[2026-01-08T11:28:42.333+0000] {logging_mixin.py:188} INFO - [2026-01-08T11:28:42.333+0000] {dagbag.py:540} INFO - Filling up the DagBag from /opt/airflow/dags/prediction_dag.py
[2026-01-08T11:28:42.370+0000] {processor.py:840} INFO - DAG(s) 'prediction_dag' retrieved from /opt/airflow/dags/prediction_dag.py
[2026-01-08T11:28:42.428+0000] {logging_mixin.py:188} INFO - [2026-01-08T11:28:42.428+0000] {dag.py:3047} INFO - Sync 1 DAGs
[2026-01-08T11:28:42.466+0000] {logging_mixin.py:188} INFO - [2026-01-08T11:28:42.465+0000] {dag.py:3834} INFO - Setting next_dagrun for prediction_dag to 2026-01-08 11:28:00+00:00, run_after=2026-01-08 11:30:00+00:00
[2026-01-08T11:28:42.483+0000] {processor.py:183} INFO - Processing /opt/airflow/dags/prediction_dag.py took 0.168 seconds
[2026-01-08T11:29:12.827+0000] {processor.py:161} INFO - Started process (PID=14732) to work on /opt/airflow/dags/prediction_dag.py
[2026-01-08T11:29:12.829+0000] {processor.py:830} INFO - Processing file /opt/airflow/dags/prediction_dag.py for tasks to queue
[2026-01-08T11:29:12.830+0000] {logging_mixin.py:188} INFO - [2026-01-08T11:29:12.830+0000] {dagbag.py:540} INFO - Filling up the DagBag from /opt/airflow/dags/prediction_dag.py
[2026-01-08T11:29:12.860+0000] {processor.py:840} INFO - DAG(s) 'prediction_dag' retrieved from /opt/airflow/dags/prediction_dag.py
[2026-01-08T11:29:12.906+0000] {logging_mixin.py:188} INFO - [2026-01-08T11:29:12.906+0000] {dag.py:3047} INFO - Sync 1 DAGs
[2026-01-08T11:29:12.934+0000] {logging_mixin.py:188} INFO - [2026-01-08T11:29:12.934+0000] {dag.py:3834} INFO - Setting next_dagrun for prediction_dag to 2026-01-08 11:28:00+00:00, run_after=2026-01-08 11:30:00+00:00
[2026-01-08T11:29:12.950+0000] {processor.py:183} INFO - Processing /opt/airflow/dags/prediction_dag.py took 0.137 seconds
[2026-01-08T11:29:43.336+0000] {processor.py:161} INFO - Started process (PID=14750) to work on /opt/airflow/dags/prediction_dag.py
[2026-01-08T11:29:43.338+0000] {processor.py:830} INFO - Processing file /opt/airflow/dags/prediction_dag.py for tasks to queue
[2026-01-08T11:29:43.340+0000] {logging_mixin.py:188} INFO - [2026-01-08T11:29:43.339+0000] {dagbag.py:540} INFO - Filling up the DagBag from /opt/airflow/dags/prediction_dag.py
[2026-01-08T11:29:43.383+0000] {processor.py:840} INFO - DAG(s) 'prediction_dag' retrieved from /opt/airflow/dags/prediction_dag.py
[2026-01-08T11:29:43.425+0000] {logging_mixin.py:188} INFO - [2026-01-08T11:29:43.424+0000] {dag.py:3047} INFO - Sync 1 DAGs
[2026-01-08T11:29:43.453+0000] {logging_mixin.py:188} INFO - [2026-01-08T11:29:43.453+0000] {dag.py:3834} INFO - Setting next_dagrun for prediction_dag to 2026-01-08 11:28:00+00:00, run_after=2026-01-08 11:30:00+00:00
[2026-01-08T11:29:43.471+0000] {processor.py:183} INFO - Processing /opt/airflow/dags/prediction_dag.py took 0.149 seconds
[2026-01-08T11:30:13.817+0000] {processor.py:161} INFO - Started process (PID=14836) to work on /opt/airflow/dags/prediction_dag.py
[2026-01-08T11:30:13.825+0000] {processor.py:830} INFO - Processing file /opt/airflow/dags/prediction_dag.py for tasks to queue
[2026-01-08T11:30:13.826+0000] {logging_mixin.py:188} INFO - [2026-01-08T11:30:13.826+0000] {dagbag.py:540} INFO - Filling up the DagBag from /opt/airflow/dags/prediction_dag.py
[2026-01-08T11:30:13.857+0000] {processor.py:840} INFO - DAG(s) 'prediction_dag' retrieved from /opt/airflow/dags/prediction_dag.py
[2026-01-08T11:30:13.900+0000] {logging_mixin.py:188} INFO - [2026-01-08T11:30:13.900+0000] {dag.py:3047} INFO - Sync 1 DAGs
[2026-01-08T11:30:13.931+0000] {logging_mixin.py:188} INFO - [2026-01-08T11:30:13.931+0000] {dag.py:3834} INFO - Setting next_dagrun for prediction_dag to 2026-01-08 11:30:00+00:00, run_after=2026-01-08 11:32:00+00:00
[2026-01-08T11:30:13.945+0000] {processor.py:183} INFO - Processing /opt/airflow/dags/prediction_dag.py took 0.138 seconds
[2026-01-08T11:30:44.208+0000] {processor.py:161} INFO - Started process (PID=14854) to work on /opt/airflow/dags/prediction_dag.py
[2026-01-08T11:30:44.210+0000] {processor.py:830} INFO - Processing file /opt/airflow/dags/prediction_dag.py for tasks to queue
[2026-01-08T11:30:44.212+0000] {logging_mixin.py:188} INFO - [2026-01-08T11:30:44.211+0000] {dagbag.py:540} INFO - Filling up the DagBag from /opt/airflow/dags/prediction_dag.py
[2026-01-08T11:30:44.251+0000] {processor.py:840} INFO - DAG(s) 'prediction_dag' retrieved from /opt/airflow/dags/prediction_dag.py
[2026-01-08T11:30:44.290+0000] {logging_mixin.py:188} INFO - [2026-01-08T11:30:44.290+0000] {dag.py:3047} INFO - Sync 1 DAGs
[2026-01-08T11:30:44.322+0000] {logging_mixin.py:188} INFO - [2026-01-08T11:30:44.322+0000] {dag.py:3834} INFO - Setting next_dagrun for prediction_dag to 2026-01-08 11:30:00+00:00, run_after=2026-01-08 11:32:00+00:00
[2026-01-08T11:30:44.335+0000] {processor.py:183} INFO - Processing /opt/airflow/dags/prediction_dag.py took 0.134 seconds
[2026-01-08T11:36:13.286+0000] {processor.py:161} INFO - Started process (PID=14883) to work on /opt/airflow/dags/prediction_dag.py
[2026-01-08T11:36:13.324+0000] {processor.py:830} INFO - Processing file /opt/airflow/dags/prediction_dag.py for tasks to queue
[2026-01-08T11:36:13.370+0000] {logging_mixin.py:188} INFO - [2026-01-08T11:36:13.356+0000] {dagbag.py:540} INFO - Filling up the DagBag from /opt/airflow/dags/prediction_dag.py
[2026-01-08T11:36:14.190+0000] {processor.py:840} INFO - DAG(s) 'prediction_dag' retrieved from /opt/airflow/dags/prediction_dag.py
[2026-01-08T11:36:14.741+0000] {logging_mixin.py:188} INFO - [2026-01-08T11:36:14.739+0000] {dag.py:3047} INFO - Sync 1 DAGs
[2026-01-08T11:36:15.440+0000] {logging_mixin.py:188} INFO - [2026-01-08T11:36:15.438+0000] {dag.py:3834} INFO - Setting next_dagrun for prediction_dag to 2026-01-08 11:36:00+00:00, run_after=2026-01-08 11:38:00+00:00
[2026-01-08T11:36:15.673+0000] {processor.py:183} INFO - Processing /opt/airflow/dags/prediction_dag.py took 2.677 seconds
[2026-01-08T11:55:40.750+0000] {processor.py:161} INFO - Started process (PID=14986) to work on /opt/airflow/dags/prediction_dag.py
[2026-01-08T11:55:40.769+0000] {processor.py:830} INFO - Processing file /opt/airflow/dags/prediction_dag.py for tasks to queue
[2026-01-08T11:55:40.804+0000] {logging_mixin.py:188} INFO - [2026-01-08T11:55:40.790+0000] {dagbag.py:540} INFO - Filling up the DagBag from /opt/airflow/dags/prediction_dag.py
[2026-01-08T11:55:41.694+0000] {processor.py:840} INFO - DAG(s) 'prediction_dag' retrieved from /opt/airflow/dags/prediction_dag.py
[2026-01-08T11:55:41.994+0000] {logging_mixin.py:188} INFO - [2026-01-08T11:55:41.992+0000] {dag.py:3047} INFO - Sync 1 DAGs
[2026-01-08T11:55:42.359+0000] {logging_mixin.py:188} INFO - [2026-01-08T11:55:42.342+0000] {dag.py:3834} INFO - Setting next_dagrun for prediction_dag to 2026-01-08 11:54:00+00:00, run_after=2026-01-08 11:56:00+00:00
[2026-01-08T11:55:42.598+0000] {processor.py:183} INFO - Processing /opt/airflow/dags/prediction_dag.py took 2.044 seconds
[2026-01-08T12:08:05.643+0000] {processor.py:161} INFO - Started process (PID=15072) to work on /opt/airflow/dags/prediction_dag.py
[2026-01-08T12:08:05.665+0000] {processor.py:830} INFO - Processing file /opt/airflow/dags/prediction_dag.py for tasks to queue
[2026-01-08T12:08:05.831+0000] {logging_mixin.py:188} INFO - [2026-01-08T12:08:05.701+0000] {dagbag.py:540} INFO - Filling up the DagBag from /opt/airflow/dags/prediction_dag.py
[2026-01-08T12:08:06.568+0000] {processor.py:840} INFO - DAG(s) 'prediction_dag' retrieved from /opt/airflow/dags/prediction_dag.py
[2026-01-08T12:08:07.210+0000] {logging_mixin.py:188} INFO - [2026-01-08T12:08:07.203+0000] {dag.py:3047} INFO - Sync 1 DAGs
[2026-01-08T12:08:07.549+0000] {logging_mixin.py:188} INFO - [2026-01-08T12:08:07.548+0000] {dag.py:3834} INFO - Setting next_dagrun for prediction_dag to 2026-01-08 12:08:00+00:00, run_after=2026-01-08 12:10:00+00:00
[2026-01-08T12:08:08.180+0000] {processor.py:183} INFO - Processing /opt/airflow/dags/prediction_dag.py took 2.680 seconds
[2026-01-08T12:16:42.745+0000] {processor.py:161} INFO - Started process (PID=15122) to work on /opt/airflow/dags/prediction_dag.py
[2026-01-08T12:16:42.760+0000] {processor.py:830} INFO - Processing file /opt/airflow/dags/prediction_dag.py for tasks to queue
[2026-01-08T12:16:42.793+0000] {logging_mixin.py:188} INFO - [2026-01-08T12:16:42.775+0000] {dagbag.py:540} INFO - Filling up the DagBag from /opt/airflow/dags/prediction_dag.py
[2026-01-08T12:16:43.588+0000] {processor.py:840} INFO - DAG(s) 'prediction_dag' retrieved from /opt/airflow/dags/prediction_dag.py
[2026-01-08T12:16:44.694+0000] {logging_mixin.py:188} INFO - [2026-01-08T12:16:44.680+0000] {dag.py:3047} INFO - Sync 1 DAGs
[2026-01-08T12:16:47.006+0000] {logging_mixin.py:188} INFO - [2026-01-08T12:16:46.954+0000] {dag.py:3834} INFO - Setting next_dagrun for prediction_dag to 2026-01-08 12:16:00+00:00, run_after=2026-01-08 12:18:00+00:00
[2026-01-08T12:16:48.452+0000] {processor.py:183} INFO - Processing /opt/airflow/dags/prediction_dag.py took 6.525 seconds
[2026-01-08T12:17:20.275+0000] {processor.py:161} INFO - Started process (PID=15161) to work on /opt/airflow/dags/prediction_dag.py
[2026-01-08T12:17:20.277+0000] {processor.py:830} INFO - Processing file /opt/airflow/dags/prediction_dag.py for tasks to queue
[2026-01-08T12:17:20.283+0000] {logging_mixin.py:188} INFO - [2026-01-08T12:17:20.280+0000] {dagbag.py:540} INFO - Filling up the DagBag from /opt/airflow/dags/prediction_dag.py
[2026-01-08T12:17:20.378+0000] {processor.py:840} INFO - DAG(s) 'prediction_dag' retrieved from /opt/airflow/dags/prediction_dag.py
[2026-01-08T12:17:21.048+0000] {logging_mixin.py:188} INFO - [2026-01-08T12:17:21.037+0000] {dag.py:3047} INFO - Sync 1 DAGs
[2026-01-08T12:17:23.027+0000] {logging_mixin.py:188} INFO - [2026-01-08T12:17:22.770+0000] {dag.py:3834} INFO - Setting next_dagrun for prediction_dag to 2026-01-08 12:16:00+00:00, run_after=2026-01-08 12:18:00+00:00
[2026-01-08T12:17:23.724+0000] {processor.py:183} INFO - Processing /opt/airflow/dags/prediction_dag.py took 3.470 seconds
[2026-01-08T12:18:01.371+0000] {processor.py:161} INFO - Started process (PID=15193) to work on /opt/airflow/dags/prediction_dag.py
[2026-01-08T12:18:01.376+0000] {processor.py:830} INFO - Processing file /opt/airflow/dags/prediction_dag.py for tasks to queue
[2026-01-08T12:18:01.382+0000] {logging_mixin.py:188} INFO - [2026-01-08T12:18:01.378+0000] {dagbag.py:540} INFO - Filling up the DagBag from /opt/airflow/dags/prediction_dag.py
[2026-01-08T12:18:01.489+0000] {processor.py:840} INFO - DAG(s) 'prediction_dag' retrieved from /opt/airflow/dags/prediction_dag.py
[2026-01-08T12:18:01.786+0000] {logging_mixin.py:188} INFO - [2026-01-08T12:18:01.783+0000] {dag.py:3047} INFO - Sync 1 DAGs
[2026-01-08T12:18:02.243+0000] {logging_mixin.py:188} INFO - [2026-01-08T12:18:02.242+0000] {dag.py:3834} INFO - Setting next_dagrun for prediction_dag to 2026-01-08 12:18:00+00:00, run_after=2026-01-08 12:20:00+00:00
[2026-01-08T12:18:02.382+0000] {processor.py:183} INFO - Processing /opt/airflow/dags/prediction_dag.py took 1.061 seconds
[2026-01-08T12:18:39.138+0000] {processor.py:161} INFO - Started process (PID=15249) to work on /opt/airflow/dags/prediction_dag.py
[2026-01-08T12:18:39.194+0000] {processor.py:830} INFO - Processing file /opt/airflow/dags/prediction_dag.py for tasks to queue
[2026-01-08T12:18:39.219+0000] {logging_mixin.py:188} INFO - [2026-01-08T12:18:39.208+0000] {dagbag.py:540} INFO - Filling up the DagBag from /opt/airflow/dags/prediction_dag.py
[2026-01-08T12:18:39.620+0000] {processor.py:840} INFO - DAG(s) 'prediction_dag' retrieved from /opt/airflow/dags/prediction_dag.py
[2026-01-08T12:18:40.948+0000] {logging_mixin.py:188} INFO - [2026-01-08T12:18:40.937+0000] {dag.py:3047} INFO - Sync 1 DAGs
[2026-01-08T12:18:41.790+0000] {logging_mixin.py:188} INFO - [2026-01-08T12:18:41.770+0000] {dag.py:3834} INFO - Setting next_dagrun for prediction_dag to 2026-01-08 12:18:00+00:00, run_after=2026-01-08 12:20:00+00:00
[2026-01-08T12:18:42.187+0000] {processor.py:183} INFO - Processing /opt/airflow/dags/prediction_dag.py took 3.205 seconds
[2026-01-08T12:19:20.358+0000] {processor.py:161} INFO - Started process (PID=15290) to work on /opt/airflow/dags/prediction_dag.py
[2026-01-08T12:19:20.368+0000] {processor.py:830} INFO - Processing file /opt/airflow/dags/prediction_dag.py for tasks to queue
[2026-01-08T12:19:20.372+0000] {logging_mixin.py:188} INFO - [2026-01-08T12:19:20.370+0000] {dagbag.py:540} INFO - Filling up the DagBag from /opt/airflow/dags/prediction_dag.py
[2026-01-08T12:19:20.440+0000] {processor.py:840} INFO - DAG(s) 'prediction_dag' retrieved from /opt/airflow/dags/prediction_dag.py
[2026-01-08T12:19:20.548+0000] {logging_mixin.py:188} INFO - [2026-01-08T12:19:20.547+0000] {dag.py:3047} INFO - Sync 1 DAGs
[2026-01-08T12:19:20.627+0000] {logging_mixin.py:188} INFO - [2026-01-08T12:19:20.627+0000] {dag.py:3834} INFO - Setting next_dagrun for prediction_dag to 2026-01-08 12:18:00+00:00, run_after=2026-01-08 12:20:00+00:00
[2026-01-08T12:19:20.659+0000] {processor.py:183} INFO - Processing /opt/airflow/dags/prediction_dag.py took 0.328 seconds
[2026-01-08T12:20:12.675+0000] {processor.py:161} INFO - Started process (PID=15352) to work on /opt/airflow/dags/prediction_dag.py
[2026-01-08T12:20:12.678+0000] {processor.py:830} INFO - Processing file /opt/airflow/dags/prediction_dag.py for tasks to queue
[2026-01-08T12:20:12.681+0000] {logging_mixin.py:188} INFO - [2026-01-08T12:20:12.679+0000] {dagbag.py:540} INFO - Filling up the DagBag from /opt/airflow/dags/prediction_dag.py
[2026-01-08T12:20:12.756+0000] {processor.py:840} INFO - DAG(s) 'prediction_dag' retrieved from /opt/airflow/dags/prediction_dag.py
[2026-01-08T12:20:12.844+0000] {logging_mixin.py:188} INFO - [2026-01-08T12:20:12.843+0000] {dag.py:3047} INFO - Sync 1 DAGs
[2026-01-08T12:20:12.908+0000] {logging_mixin.py:188} INFO - [2026-01-08T12:20:12.907+0000] {dag.py:3834} INFO - Setting next_dagrun for prediction_dag to 2026-01-08 12:18:00+00:00, run_after=2026-01-08 12:20:00+00:00
[2026-01-08T12:20:12.935+0000] {processor.py:183} INFO - Processing /opt/airflow/dags/prediction_dag.py took 0.287 seconds
[2026-01-08T12:21:38.955+0000] {processor.py:161} INFO - Started process (PID=15441) to work on /opt/airflow/dags/prediction_dag.py
[2026-01-08T12:21:38.986+0000] {processor.py:830} INFO - Processing file /opt/airflow/dags/prediction_dag.py for tasks to queue
[2026-01-08T12:21:39.011+0000] {logging_mixin.py:188} INFO - [2026-01-08T12:21:38.998+0000] {dagbag.py:540} INFO - Filling up the DagBag from /opt/airflow/dags/prediction_dag.py
[2026-01-08T12:21:39.885+0000] {processor.py:840} INFO - DAG(s) 'prediction_dag' retrieved from /opt/airflow/dags/prediction_dag.py
[2026-01-08T12:21:40.752+0000] {logging_mixin.py:188} INFO - [2026-01-08T12:21:40.746+0000] {dag.py:3047} INFO - Sync 1 DAGs
[2026-01-08T12:21:41.004+0000] {logging_mixin.py:188} INFO - [2026-01-08T12:21:41.004+0000] {dag.py:3834} INFO - Setting next_dagrun for prediction_dag to 2026-01-08 12:20:00+00:00, run_after=2026-01-08 12:22:00+00:00
[2026-01-08T12:21:41.105+0000] {processor.py:183} INFO - Processing /opt/airflow/dags/prediction_dag.py took 2.300 seconds
[2026-01-08T12:22:11.497+0000] {processor.py:161} INFO - Started process (PID=15481) to work on /opt/airflow/dags/prediction_dag.py
[2026-01-08T12:22:11.499+0000] {processor.py:830} INFO - Processing file /opt/airflow/dags/prediction_dag.py for tasks to queue
[2026-01-08T12:22:11.504+0000] {logging_mixin.py:188} INFO - [2026-01-08T12:22:11.501+0000] {dagbag.py:540} INFO - Filling up the DagBag from /opt/airflow/dags/prediction_dag.py
[2026-01-08T12:22:11.648+0000] {processor.py:840} INFO - DAG(s) 'prediction_dag' retrieved from /opt/airflow/dags/prediction_dag.py
[2026-01-08T12:22:11.867+0000] {logging_mixin.py:188} INFO - [2026-01-08T12:22:11.867+0000] {dag.py:3047} INFO - Sync 1 DAGs
[2026-01-08T12:22:12.100+0000] {logging_mixin.py:188} INFO - [2026-01-08T12:22:12.100+0000] {dag.py:3834} INFO - Setting next_dagrun for prediction_dag to 2026-01-08 12:22:00+00:00, run_after=2026-01-08 12:24:00+00:00
[2026-01-08T12:22:12.214+0000] {processor.py:183} INFO - Processing /opt/airflow/dags/prediction_dag.py took 0.747 seconds
[2026-01-08T12:22:42.727+0000] {processor.py:161} INFO - Started process (PID=15592) to work on /opt/airflow/dags/prediction_dag.py
[2026-01-08T12:22:42.739+0000] {processor.py:830} INFO - Processing file /opt/airflow/dags/prediction_dag.py for tasks to queue
[2026-01-08T12:22:42.747+0000] {logging_mixin.py:188} INFO - [2026-01-08T12:22:42.744+0000] {dagbag.py:540} INFO - Filling up the DagBag from /opt/airflow/dags/prediction_dag.py
[2026-01-08T12:22:42.947+0000] {processor.py:840} INFO - DAG(s) 'prediction_dag' retrieved from /opt/airflow/dags/prediction_dag.py
[2026-01-08T12:22:43.383+0000] {logging_mixin.py:188} INFO - [2026-01-08T12:22:43.376+0000] {dag.py:3047} INFO - Sync 1 DAGs
[2026-01-08T12:22:43.583+0000] {logging_mixin.py:188} INFO - [2026-01-08T12:22:43.582+0000] {dag.py:3834} INFO - Setting next_dagrun for prediction_dag to 2026-01-08 12:22:00+00:00, run_after=2026-01-08 12:24:00+00:00
[2026-01-08T12:22:43.750+0000] {processor.py:183} INFO - Processing /opt/airflow/dags/prediction_dag.py took 1.085 seconds
[2026-01-08T12:23:14.938+0000] {processor.py:161} INFO - Started process (PID=15639) to work on /opt/airflow/dags/prediction_dag.py
[2026-01-08T12:23:14.942+0000] {processor.py:830} INFO - Processing file /opt/airflow/dags/prediction_dag.py for tasks to queue
[2026-01-08T12:23:14.945+0000] {logging_mixin.py:188} INFO - [2026-01-08T12:23:14.944+0000] {dagbag.py:540} INFO - Filling up the DagBag from /opt/airflow/dags/prediction_dag.py
[2026-01-08T12:23:15.057+0000] {processor.py:840} INFO - DAG(s) 'prediction_dag' retrieved from /opt/airflow/dags/prediction_dag.py
[2026-01-08T12:23:15.197+0000] {logging_mixin.py:188} INFO - [2026-01-08T12:23:15.197+0000] {dag.py:3047} INFO - Sync 1 DAGs
[2026-01-08T12:23:15.269+0000] {logging_mixin.py:188} INFO - [2026-01-08T12:23:15.269+0000] {dag.py:3834} INFO - Setting next_dagrun for prediction_dag to 2026-01-08 12:22:00+00:00, run_after=2026-01-08 12:24:00+00:00
[2026-01-08T12:23:15.295+0000] {processor.py:183} INFO - Processing /opt/airflow/dags/prediction_dag.py took 0.378 seconds
[2026-01-08T12:23:45.445+0000] {processor.py:161} INFO - Started process (PID=15690) to work on /opt/airflow/dags/prediction_dag.py
[2026-01-08T12:23:45.446+0000] {processor.py:830} INFO - Processing file /opt/airflow/dags/prediction_dag.py for tasks to queue
[2026-01-08T12:23:45.449+0000] {logging_mixin.py:188} INFO - [2026-01-08T12:23:45.447+0000] {dagbag.py:540} INFO - Filling up the DagBag from /opt/airflow/dags/prediction_dag.py
[2026-01-08T12:23:45.501+0000] {processor.py:840} INFO - DAG(s) 'prediction_dag' retrieved from /opt/airflow/dags/prediction_dag.py
[2026-01-08T12:23:45.575+0000] {logging_mixin.py:188} INFO - [2026-01-08T12:23:45.575+0000] {dag.py:3047} INFO - Sync 1 DAGs
[2026-01-08T12:23:45.623+0000] {logging_mixin.py:188} INFO - [2026-01-08T12:23:45.623+0000] {dag.py:3834} INFO - Setting next_dagrun for prediction_dag to 2026-01-08 12:22:00+00:00, run_after=2026-01-08 12:24:00+00:00
[2026-01-08T12:23:45.643+0000] {processor.py:183} INFO - Processing /opt/airflow/dags/prediction_dag.py took 0.212 seconds
[2026-01-08T12:24:16.307+0000] {processor.py:161} INFO - Started process (PID=15734) to work on /opt/airflow/dags/prediction_dag.py
[2026-01-08T12:24:16.309+0000] {processor.py:830} INFO - Processing file /opt/airflow/dags/prediction_dag.py for tasks to queue
[2026-01-08T12:24:16.311+0000] {logging_mixin.py:188} INFO - [2026-01-08T12:24:16.310+0000] {dagbag.py:540} INFO - Filling up the DagBag from /opt/airflow/dags/prediction_dag.py
[2026-01-08T12:24:16.376+0000] {processor.py:840} INFO - DAG(s) 'prediction_dag' retrieved from /opt/airflow/dags/prediction_dag.py
[2026-01-08T12:24:16.496+0000] {logging_mixin.py:188} INFO - [2026-01-08T12:24:16.495+0000] {dag.py:3047} INFO - Sync 1 DAGs
[2026-01-08T12:24:16.578+0000] {logging_mixin.py:188} INFO - [2026-01-08T12:24:16.577+0000] {dag.py:3834} INFO - Setting next_dagrun for prediction_dag to 2026-01-08 12:24:00+00:00, run_after=2026-01-08 12:26:00+00:00
[2026-01-08T12:24:16.607+0000] {processor.py:183} INFO - Processing /opt/airflow/dags/prediction_dag.py took 0.316 seconds
[2026-01-08T12:24:47.061+0000] {processor.py:161} INFO - Started process (PID=15794) to work on /opt/airflow/dags/prediction_dag.py
[2026-01-08T12:24:47.064+0000] {processor.py:830} INFO - Processing file /opt/airflow/dags/prediction_dag.py for tasks to queue
[2026-01-08T12:24:47.066+0000] {logging_mixin.py:188} INFO - [2026-01-08T12:24:47.065+0000] {dagbag.py:540} INFO - Filling up the DagBag from /opt/airflow/dags/prediction_dag.py
[2026-01-08T12:24:47.106+0000] {processor.py:840} INFO - DAG(s) 'prediction_dag' retrieved from /opt/airflow/dags/prediction_dag.py
[2026-01-08T12:24:47.178+0000] {logging_mixin.py:188} INFO - [2026-01-08T12:24:47.178+0000] {dag.py:3047} INFO - Sync 1 DAGs
[2026-01-08T12:24:47.230+0000] {logging_mixin.py:188} INFO - [2026-01-08T12:24:47.230+0000] {dag.py:3834} INFO - Setting next_dagrun for prediction_dag to 2026-01-08 12:24:00+00:00, run_after=2026-01-08 12:26:00+00:00
[2026-01-08T12:24:47.247+0000] {processor.py:183} INFO - Processing /opt/airflow/dags/prediction_dag.py took 0.202 seconds
[2026-01-08T12:25:17.533+0000] {processor.py:161} INFO - Started process (PID=15874) to work on /opt/airflow/dags/prediction_dag.py
[2026-01-08T12:25:17.535+0000] {processor.py:830} INFO - Processing file /opt/airflow/dags/prediction_dag.py for tasks to queue
[2026-01-08T12:25:17.536+0000] {logging_mixin.py:188} INFO - [2026-01-08T12:25:17.535+0000] {dagbag.py:540} INFO - Filling up the DagBag from /opt/airflow/dags/prediction_dag.py
[2026-01-08T12:25:17.563+0000] {processor.py:840} INFO - DAG(s) 'prediction_dag' retrieved from /opt/airflow/dags/prediction_dag.py
[2026-01-08T12:25:17.600+0000] {logging_mixin.py:188} INFO - [2026-01-08T12:25:17.599+0000] {dag.py:3047} INFO - Sync 1 DAGs
[2026-01-08T12:25:17.625+0000] {logging_mixin.py:188} INFO - [2026-01-08T12:25:17.625+0000] {dag.py:3834} INFO - Setting next_dagrun for prediction_dag to 2026-01-08 12:24:00+00:00, run_after=2026-01-08 12:26:00+00:00
[2026-01-08T12:25:17.638+0000] {processor.py:183} INFO - Processing /opt/airflow/dags/prediction_dag.py took 0.113 seconds
[2026-01-08T12:25:48.084+0000] {processor.py:161} INFO - Started process (PID=15890) to work on /opt/airflow/dags/prediction_dag.py
[2026-01-08T12:25:48.086+0000] {processor.py:830} INFO - Processing file /opt/airflow/dags/prediction_dag.py for tasks to queue
[2026-01-08T12:25:48.087+0000] {logging_mixin.py:188} INFO - [2026-01-08T12:25:48.087+0000] {dagbag.py:540} INFO - Filling up the DagBag from /opt/airflow/dags/prediction_dag.py
[2026-01-08T12:25:48.199+0000] {processor.py:840} INFO - DAG(s) 'prediction_dag' retrieved from /opt/airflow/dags/prediction_dag.py
[2026-01-08T12:25:48.307+0000] {logging_mixin.py:188} INFO - [2026-01-08T12:25:48.307+0000] {dag.py:3047} INFO - Sync 1 DAGs
[2026-01-08T12:25:48.362+0000] {logging_mixin.py:188} INFO - [2026-01-08T12:25:48.361+0000] {dag.py:3834} INFO - Setting next_dagrun for prediction_dag to 2026-01-08 12:24:00+00:00, run_after=2026-01-08 12:26:00+00:00
[2026-01-08T12:25:48.383+0000] {processor.py:183} INFO - Processing /opt/airflow/dags/prediction_dag.py took 0.305 seconds
[2026-01-08T12:26:18.746+0000] {processor.py:161} INFO - Started process (PID=15965) to work on /opt/airflow/dags/prediction_dag.py
[2026-01-08T12:26:18.748+0000] {processor.py:830} INFO - Processing file /opt/airflow/dags/prediction_dag.py for tasks to queue
[2026-01-08T12:26:18.749+0000] {logging_mixin.py:188} INFO - [2026-01-08T12:26:18.748+0000] {dagbag.py:540} INFO - Filling up the DagBag from /opt/airflow/dags/prediction_dag.py
[2026-01-08T12:26:18.776+0000] {processor.py:840} INFO - DAG(s) 'prediction_dag' retrieved from /opt/airflow/dags/prediction_dag.py
[2026-01-08T12:26:18.823+0000] {logging_mixin.py:188} INFO - [2026-01-08T12:26:18.823+0000] {dag.py:3047} INFO - Sync 1 DAGs
[2026-01-08T12:26:18.859+0000] {logging_mixin.py:188} INFO - [2026-01-08T12:26:18.859+0000] {dag.py:3834} INFO - Setting next_dagrun for prediction_dag to 2026-01-08 12:26:00+00:00, run_after=2026-01-08 12:28:00+00:00
[2026-01-08T12:26:18.874+0000] {processor.py:183} INFO - Processing /opt/airflow/dags/prediction_dag.py took 0.135 seconds
[2026-01-08T12:26:49.252+0000] {processor.py:161} INFO - Started process (PID=15983) to work on /opt/airflow/dags/prediction_dag.py
[2026-01-08T12:26:49.253+0000] {processor.py:830} INFO - Processing file /opt/airflow/dags/prediction_dag.py for tasks to queue
[2026-01-08T12:26:49.254+0000] {logging_mixin.py:188} INFO - [2026-01-08T12:26:49.254+0000] {dagbag.py:540} INFO - Filling up the DagBag from /opt/airflow/dags/prediction_dag.py
[2026-01-08T12:26:49.287+0000] {processor.py:840} INFO - DAG(s) 'prediction_dag' retrieved from /opt/airflow/dags/prediction_dag.py
[2026-01-08T12:26:49.339+0000] {logging_mixin.py:188} INFO - [2026-01-08T12:26:49.339+0000] {dag.py:3047} INFO - Sync 1 DAGs
[2026-01-08T12:26:49.372+0000] {logging_mixin.py:188} INFO - [2026-01-08T12:26:49.372+0000] {dag.py:3834} INFO - Setting next_dagrun for prediction_dag to 2026-01-08 12:26:00+00:00, run_after=2026-01-08 12:28:00+00:00
[2026-01-08T12:26:49.385+0000] {processor.py:183} INFO - Processing /opt/airflow/dags/prediction_dag.py took 0.140 seconds
[2026-01-08T12:27:19.792+0000] {processor.py:161} INFO - Started process (PID=16063) to work on /opt/airflow/dags/prediction_dag.py
[2026-01-08T12:27:19.794+0000] {processor.py:830} INFO - Processing file /opt/airflow/dags/prediction_dag.py for tasks to queue
[2026-01-08T12:27:19.796+0000] {logging_mixin.py:188} INFO - [2026-01-08T12:27:19.795+0000] {dagbag.py:540} INFO - Filling up the DagBag from /opt/airflow/dags/prediction_dag.py
[2026-01-08T12:27:19.826+0000] {processor.py:840} INFO - DAG(s) 'prediction_dag' retrieved from /opt/airflow/dags/prediction_dag.py
[2026-01-08T12:27:19.877+0000] {logging_mixin.py:188} INFO - [2026-01-08T12:27:19.877+0000] {dag.py:3047} INFO - Sync 1 DAGs
[2026-01-08T12:27:19.910+0000] {logging_mixin.py:188} INFO - [2026-01-08T12:27:19.909+0000] {dag.py:3834} INFO - Setting next_dagrun for prediction_dag to 2026-01-08 12:26:00+00:00, run_after=2026-01-08 12:28:00+00:00
[2026-01-08T12:27:19.924+0000] {processor.py:183} INFO - Processing /opt/airflow/dags/prediction_dag.py took 0.139 seconds
[2026-01-08T12:27:50.141+0000] {processor.py:161} INFO - Started process (PID=16081) to work on /opt/airflow/dags/prediction_dag.py
[2026-01-08T12:27:50.145+0000] {processor.py:830} INFO - Processing file /opt/airflow/dags/prediction_dag.py for tasks to queue
[2026-01-08T12:27:50.147+0000] {logging_mixin.py:188} INFO - [2026-01-08T12:27:50.146+0000] {dagbag.py:540} INFO - Filling up the DagBag from /opt/airflow/dags/prediction_dag.py
[2026-01-08T12:27:50.198+0000] {processor.py:840} INFO - DAG(s) 'prediction_dag' retrieved from /opt/airflow/dags/prediction_dag.py
[2026-01-08T12:27:50.280+0000] {logging_mixin.py:188} INFO - [2026-01-08T12:27:50.280+0000] {dag.py:3047} INFO - Sync 1 DAGs
[2026-01-08T12:27:50.324+0000] {logging_mixin.py:188} INFO - [2026-01-08T12:27:50.324+0000] {dag.py:3834} INFO - Setting next_dagrun for prediction_dag to 2026-01-08 12:26:00+00:00, run_after=2026-01-08 12:28:00+00:00
[2026-01-08T12:27:50.346+0000] {processor.py:183} INFO - Processing /opt/airflow/dags/prediction_dag.py took 0.226 seconds
[2026-01-08T12:28:20.645+0000] {processor.py:161} INFO - Started process (PID=16167) to work on /opt/airflow/dags/prediction_dag.py
[2026-01-08T12:28:20.649+0000] {processor.py:830} INFO - Processing file /opt/airflow/dags/prediction_dag.py for tasks to queue
[2026-01-08T12:28:20.651+0000] {logging_mixin.py:188} INFO - [2026-01-08T12:28:20.650+0000] {dagbag.py:540} INFO - Filling up the DagBag from /opt/airflow/dags/prediction_dag.py
[2026-01-08T12:28:20.681+0000] {processor.py:840} INFO - DAG(s) 'prediction_dag' retrieved from /opt/airflow/dags/prediction_dag.py
[2026-01-08T12:28:20.750+0000] {logging_mixin.py:188} INFO - [2026-01-08T12:28:20.750+0000] {dag.py:3047} INFO - Sync 1 DAGs
[2026-01-08T12:28:20.825+0000] {logging_mixin.py:188} INFO - [2026-01-08T12:28:20.823+0000] {dag.py:3834} INFO - Setting next_dagrun for prediction_dag to 2026-01-08 12:28:00+00:00, run_after=2026-01-08 12:30:00+00:00
[2026-01-08T12:28:20.859+0000] {processor.py:183} INFO - Processing /opt/airflow/dags/prediction_dag.py took 0.224 seconds
[2026-01-08T12:28:51.117+0000] {processor.py:161} INFO - Started process (PID=16185) to work on /opt/airflow/dags/prediction_dag.py
[2026-01-08T12:28:51.123+0000] {processor.py:830} INFO - Processing file /opt/airflow/dags/prediction_dag.py for tasks to queue
[2026-01-08T12:28:51.125+0000] {logging_mixin.py:188} INFO - [2026-01-08T12:28:51.124+0000] {dagbag.py:540} INFO - Filling up the DagBag from /opt/airflow/dags/prediction_dag.py
[2026-01-08T12:28:51.176+0000] {processor.py:840} INFO - DAG(s) 'prediction_dag' retrieved from /opt/airflow/dags/prediction_dag.py
[2026-01-08T12:28:51.276+0000] {logging_mixin.py:188} INFO - [2026-01-08T12:28:51.275+0000] {dag.py:3047} INFO - Sync 1 DAGs
[2026-01-08T12:28:51.328+0000] {logging_mixin.py:188} INFO - [2026-01-08T12:28:51.327+0000] {dag.py:3834} INFO - Setting next_dagrun for prediction_dag to 2026-01-08 12:28:00+00:00, run_after=2026-01-08 12:30:00+00:00
[2026-01-08T12:28:51.400+0000] {processor.py:183} INFO - Processing /opt/airflow/dags/prediction_dag.py took 0.298 seconds
[2026-01-08T12:29:22.146+0000] {processor.py:161} INFO - Started process (PID=16265) to work on /opt/airflow/dags/prediction_dag.py
[2026-01-08T12:29:22.150+0000] {processor.py:830} INFO - Processing file /opt/airflow/dags/prediction_dag.py for tasks to queue
[2026-01-08T12:29:22.152+0000] {logging_mixin.py:188} INFO - [2026-01-08T12:29:22.151+0000] {dagbag.py:540} INFO - Filling up the DagBag from /opt/airflow/dags/prediction_dag.py
[2026-01-08T12:29:22.187+0000] {processor.py:840} INFO - DAG(s) 'prediction_dag' retrieved from /opt/airflow/dags/prediction_dag.py
[2026-01-08T12:29:22.228+0000] {logging_mixin.py:188} INFO - [2026-01-08T12:29:22.228+0000] {dag.py:3047} INFO - Sync 1 DAGs
[2026-01-08T12:29:22.264+0000] {logging_mixin.py:188} INFO - [2026-01-08T12:29:22.263+0000] {dag.py:3834} INFO - Setting next_dagrun for prediction_dag to 2026-01-08 12:28:00+00:00, run_after=2026-01-08 12:30:00+00:00
[2026-01-08T12:29:22.281+0000] {processor.py:183} INFO - Processing /opt/airflow/dags/prediction_dag.py took 0.141 seconds
[2026-01-08T12:29:52.829+0000] {processor.py:161} INFO - Started process (PID=16283) to work on /opt/airflow/dags/prediction_dag.py
[2026-01-08T12:29:52.832+0000] {processor.py:830} INFO - Processing file /opt/airflow/dags/prediction_dag.py for tasks to queue
[2026-01-08T12:29:52.833+0000] {logging_mixin.py:188} INFO - [2026-01-08T12:29:52.833+0000] {dagbag.py:540} INFO - Filling up the DagBag from /opt/airflow/dags/prediction_dag.py
[2026-01-08T12:29:52.871+0000] {processor.py:840} INFO - DAG(s) 'prediction_dag' retrieved from /opt/airflow/dags/prediction_dag.py
[2026-01-08T12:29:52.921+0000] {logging_mixin.py:188} INFO - [2026-01-08T12:29:52.920+0000] {dag.py:3047} INFO - Sync 1 DAGs
[2026-01-08T12:29:52.956+0000] {logging_mixin.py:188} INFO - [2026-01-08T12:29:52.956+0000] {dag.py:3834} INFO - Setting next_dagrun for prediction_dag to 2026-01-08 12:28:00+00:00, run_after=2026-01-08 12:30:00+00:00
[2026-01-08T12:29:52.973+0000] {processor.py:183} INFO - Processing /opt/airflow/dags/prediction_dag.py took 0.156 seconds
[2026-01-08T12:30:23.153+0000] {processor.py:161} INFO - Started process (PID=16369) to work on /opt/airflow/dags/prediction_dag.py
[2026-01-08T12:30:23.156+0000] {processor.py:830} INFO - Processing file /opt/airflow/dags/prediction_dag.py for tasks to queue
[2026-01-08T12:30:23.160+0000] {logging_mixin.py:188} INFO - [2026-01-08T12:30:23.158+0000] {dagbag.py:540} INFO - Filling up the DagBag from /opt/airflow/dags/prediction_dag.py
[2026-01-08T12:30:23.206+0000] {processor.py:840} INFO - DAG(s) 'prediction_dag' retrieved from /opt/airflow/dags/prediction_dag.py
[2026-01-08T12:30:23.273+0000] {logging_mixin.py:188} INFO - [2026-01-08T12:30:23.272+0000] {dag.py:3047} INFO - Sync 1 DAGs
[2026-01-08T12:30:23.312+0000] {logging_mixin.py:188} INFO - [2026-01-08T12:30:23.312+0000] {dag.py:3834} INFO - Setting next_dagrun for prediction_dag to 2026-01-08 12:30:00+00:00, run_after=2026-01-08 12:32:00+00:00
[2026-01-08T12:30:23.336+0000] {processor.py:183} INFO - Processing /opt/airflow/dags/prediction_dag.py took 0.196 seconds
[2026-01-08T12:30:53.640+0000] {processor.py:161} INFO - Started process (PID=16387) to work on /opt/airflow/dags/prediction_dag.py
[2026-01-08T12:30:53.643+0000] {processor.py:830} INFO - Processing file /opt/airflow/dags/prediction_dag.py for tasks to queue
[2026-01-08T12:30:53.645+0000] {logging_mixin.py:188} INFO - [2026-01-08T12:30:53.644+0000] {dagbag.py:540} INFO - Filling up the DagBag from /opt/airflow/dags/prediction_dag.py
[2026-01-08T12:30:53.678+0000] {processor.py:840} INFO - DAG(s) 'prediction_dag' retrieved from /opt/airflow/dags/prediction_dag.py
[2026-01-08T12:30:53.739+0000] {logging_mixin.py:188} INFO - [2026-01-08T12:30:53.739+0000] {dag.py:3047} INFO - Sync 1 DAGs
[2026-01-08T12:30:53.775+0000] {logging_mixin.py:188} INFO - [2026-01-08T12:30:53.775+0000] {dag.py:3834} INFO - Setting next_dagrun for prediction_dag to 2026-01-08 12:30:00+00:00, run_after=2026-01-08 12:32:00+00:00
[2026-01-08T12:30:53.792+0000] {processor.py:183} INFO - Processing /opt/airflow/dags/prediction_dag.py took 0.163 seconds
[2026-01-08T12:31:24.558+0000] {processor.py:161} INFO - Started process (PID=16457) to work on /opt/airflow/dags/prediction_dag.py
[2026-01-08T12:31:24.561+0000] {processor.py:830} INFO - Processing file /opt/airflow/dags/prediction_dag.py for tasks to queue
[2026-01-08T12:31:24.563+0000] {logging_mixin.py:188} INFO - [2026-01-08T12:31:24.562+0000] {dagbag.py:540} INFO - Filling up the DagBag from /opt/airflow/dags/prediction_dag.py
[2026-01-08T12:31:24.596+0000] {processor.py:840} INFO - DAG(s) 'prediction_dag' retrieved from /opt/airflow/dags/prediction_dag.py
[2026-01-08T12:31:24.656+0000] {logging_mixin.py:188} INFO - [2026-01-08T12:31:24.656+0000] {dag.py:3047} INFO - Sync 1 DAGs
[2026-01-08T12:31:24.699+0000] {logging_mixin.py:188} INFO - [2026-01-08T12:31:24.698+0000] {dag.py:3834} INFO - Setting next_dagrun for prediction_dag to 2026-01-08 12:30:00+00:00, run_after=2026-01-08 12:32:00+00:00
[2026-01-08T12:31:24.719+0000] {processor.py:183} INFO - Processing /opt/airflow/dags/prediction_dag.py took 0.169 seconds
[2026-01-08T12:31:55.283+0000] {processor.py:161} INFO - Started process (PID=16472) to work on /opt/airflow/dags/prediction_dag.py
[2026-01-08T12:31:55.284+0000] {processor.py:830} INFO - Processing file /opt/airflow/dags/prediction_dag.py for tasks to queue
[2026-01-08T12:31:55.286+0000] {logging_mixin.py:188} INFO - [2026-01-08T12:31:55.285+0000] {dagbag.py:540} INFO - Filling up the DagBag from /opt/airflow/dags/prediction_dag.py
[2026-01-08T12:31:55.320+0000] {processor.py:840} INFO - DAG(s) 'prediction_dag' retrieved from /opt/airflow/dags/prediction_dag.py
[2026-01-08T12:31:55.386+0000] {logging_mixin.py:188} INFO - [2026-01-08T12:31:55.386+0000] {dag.py:3047} INFO - Sync 1 DAGs
[2026-01-08T12:31:55.422+0000] {logging_mixin.py:188} INFO - [2026-01-08T12:31:55.421+0000] {dag.py:3834} INFO - Setting next_dagrun for prediction_dag to 2026-01-08 12:30:00+00:00, run_after=2026-01-08 12:32:00+00:00
[2026-01-08T12:31:55.439+0000] {processor.py:183} INFO - Processing /opt/airflow/dags/prediction_dag.py took 0.170 seconds
[2026-01-08T12:32:26.242+0000] {processor.py:161} INFO - Started process (PID=16558) to work on /opt/airflow/dags/prediction_dag.py
[2026-01-08T12:32:26.245+0000] {processor.py:830} INFO - Processing file /opt/airflow/dags/prediction_dag.py for tasks to queue
[2026-01-08T12:32:26.247+0000] {logging_mixin.py:188} INFO - [2026-01-08T12:32:26.247+0000] {dagbag.py:540} INFO - Filling up the DagBag from /opt/airflow/dags/prediction_dag.py
[2026-01-08T12:32:26.295+0000] {processor.py:840} INFO - DAG(s) 'prediction_dag' retrieved from /opt/airflow/dags/prediction_dag.py
[2026-01-08T12:32:26.370+0000] {logging_mixin.py:188} INFO - [2026-01-08T12:32:26.370+0000] {dag.py:3047} INFO - Sync 1 DAGs
[2026-01-08T12:32:26.416+0000] {logging_mixin.py:188} INFO - [2026-01-08T12:32:26.416+0000] {dag.py:3834} INFO - Setting next_dagrun for prediction_dag to 2026-01-08 12:32:00+00:00, run_after=2026-01-08 12:34:00+00:00
[2026-01-08T12:32:26.435+0000] {processor.py:183} INFO - Processing /opt/airflow/dags/prediction_dag.py took 0.227 seconds
[2026-01-08T12:32:57.208+0000] {processor.py:161} INFO - Started process (PID=16576) to work on /opt/airflow/dags/prediction_dag.py
[2026-01-08T12:32:57.209+0000] {processor.py:830} INFO - Processing file /opt/airflow/dags/prediction_dag.py for tasks to queue
[2026-01-08T12:32:57.211+0000] {logging_mixin.py:188} INFO - [2026-01-08T12:32:57.210+0000] {dagbag.py:540} INFO - Filling up the DagBag from /opt/airflow/dags/prediction_dag.py
[2026-01-08T12:32:57.253+0000] {processor.py:840} INFO - DAG(s) 'prediction_dag' retrieved from /opt/airflow/dags/prediction_dag.py
[2026-01-08T12:32:57.348+0000] {logging_mixin.py:188} INFO - [2026-01-08T12:32:57.348+0000] {dag.py:3047} INFO - Sync 1 DAGs
[2026-01-08T12:32:57.394+0000] {logging_mixin.py:188} INFO - [2026-01-08T12:32:57.394+0000] {dag.py:3834} INFO - Setting next_dagrun for prediction_dag to 2026-01-08 12:32:00+00:00, run_after=2026-01-08 12:34:00+00:00
[2026-01-08T12:32:57.410+0000] {processor.py:183} INFO - Processing /opt/airflow/dags/prediction_dag.py took 0.211 seconds
[2026-01-08T12:33:27.542+0000] {processor.py:161} INFO - Started process (PID=16656) to work on /opt/airflow/dags/prediction_dag.py
[2026-01-08T12:33:27.544+0000] {processor.py:830} INFO - Processing file /opt/airflow/dags/prediction_dag.py for tasks to queue
[2026-01-08T12:33:27.546+0000] {logging_mixin.py:188} INFO - [2026-01-08T12:33:27.545+0000] {dagbag.py:540} INFO - Filling up the DagBag from /opt/airflow/dags/prediction_dag.py
[2026-01-08T12:33:27.588+0000] {processor.py:840} INFO - DAG(s) 'prediction_dag' retrieved from /opt/airflow/dags/prediction_dag.py
[2026-01-08T12:33:27.652+0000] {logging_mixin.py:188} INFO - [2026-01-08T12:33:27.652+0000] {dag.py:3047} INFO - Sync 1 DAGs
[2026-01-08T12:33:27.716+0000] {logging_mixin.py:188} INFO - [2026-01-08T12:33:27.715+0000] {dag.py:3834} INFO - Setting next_dagrun for prediction_dag to 2026-01-08 12:32:00+00:00, run_after=2026-01-08 12:34:00+00:00
[2026-01-08T12:33:27.756+0000] {processor.py:183} INFO - Processing /opt/airflow/dags/prediction_dag.py took 0.228 seconds
[2026-01-08T12:33:58.579+0000] {processor.py:161} INFO - Started process (PID=16674) to work on /opt/airflow/dags/prediction_dag.py
[2026-01-08T12:33:58.582+0000] {processor.py:830} INFO - Processing file /opt/airflow/dags/prediction_dag.py for tasks to queue
[2026-01-08T12:33:58.587+0000] {logging_mixin.py:188} INFO - [2026-01-08T12:33:58.584+0000] {dagbag.py:540} INFO - Filling up the DagBag from /opt/airflow/dags/prediction_dag.py
[2026-01-08T12:33:58.744+0000] {processor.py:840} INFO - DAG(s) 'prediction_dag' retrieved from /opt/airflow/dags/prediction_dag.py
[2026-01-08T12:33:58.826+0000] {logging_mixin.py:188} INFO - [2026-01-08T12:33:58.826+0000] {dag.py:3047} INFO - Sync 1 DAGs
[2026-01-08T12:33:58.864+0000] {logging_mixin.py:188} INFO - [2026-01-08T12:33:58.864+0000] {dag.py:3834} INFO - Setting next_dagrun for prediction_dag to 2026-01-08 12:32:00+00:00, run_after=2026-01-08 12:34:00+00:00
[2026-01-08T12:33:58.889+0000] {processor.py:183} INFO - Processing /opt/airflow/dags/prediction_dag.py took 0.326 seconds
[2026-01-08T12:34:29.102+0000] {processor.py:161} INFO - Started process (PID=16760) to work on /opt/airflow/dags/prediction_dag.py
[2026-01-08T12:34:29.105+0000] {processor.py:830} INFO - Processing file /opt/airflow/dags/prediction_dag.py for tasks to queue
[2026-01-08T12:34:29.106+0000] {logging_mixin.py:188} INFO - [2026-01-08T12:34:29.105+0000] {dagbag.py:540} INFO - Filling up the DagBag from /opt/airflow/dags/prediction_dag.py
[2026-01-08T12:34:29.154+0000] {processor.py:840} INFO - DAG(s) 'prediction_dag' retrieved from /opt/airflow/dags/prediction_dag.py
[2026-01-08T12:34:29.218+0000] {logging_mixin.py:188} INFO - [2026-01-08T12:34:29.218+0000] {dag.py:3047} INFO - Sync 1 DAGs
[2026-01-08T12:34:29.275+0000] {logging_mixin.py:188} INFO - [2026-01-08T12:34:29.275+0000] {dag.py:3834} INFO - Setting next_dagrun for prediction_dag to 2026-01-08 12:34:00+00:00, run_after=2026-01-08 12:36:00+00:00
[2026-01-08T12:34:29.298+0000] {processor.py:183} INFO - Processing /opt/airflow/dags/prediction_dag.py took 0.208 seconds
[2026-01-08T12:34:59.595+0000] {processor.py:161} INFO - Started process (PID=16778) to work on /opt/airflow/dags/prediction_dag.py
[2026-01-08T12:34:59.600+0000] {processor.py:830} INFO - Processing file /opt/airflow/dags/prediction_dag.py for tasks to queue
[2026-01-08T12:34:59.601+0000] {logging_mixin.py:188} INFO - [2026-01-08T12:34:59.601+0000] {dagbag.py:540} INFO - Filling up the DagBag from /opt/airflow/dags/prediction_dag.py
[2026-01-08T12:34:59.632+0000] {processor.py:840} INFO - DAG(s) 'prediction_dag' retrieved from /opt/airflow/dags/prediction_dag.py
[2026-01-08T12:34:59.687+0000] {logging_mixin.py:188} INFO - [2026-01-08T12:34:59.686+0000] {dag.py:3047} INFO - Sync 1 DAGs
[2026-01-08T12:34:59.720+0000] {logging_mixin.py:188} INFO - [2026-01-08T12:34:59.720+0000] {dag.py:3834} INFO - Setting next_dagrun for prediction_dag to 2026-01-08 12:34:00+00:00, run_after=2026-01-08 12:36:00+00:00
[2026-01-08T12:34:59.737+0000] {processor.py:183} INFO - Processing /opt/airflow/dags/prediction_dag.py took 0.153 seconds
[2026-01-08T12:35:30.498+0000] {processor.py:161} INFO - Started process (PID=16858) to work on /opt/airflow/dags/prediction_dag.py
[2026-01-08T12:35:30.501+0000] {processor.py:830} INFO - Processing file /opt/airflow/dags/prediction_dag.py for tasks to queue
[2026-01-08T12:35:30.504+0000] {logging_mixin.py:188} INFO - [2026-01-08T12:35:30.502+0000] {dagbag.py:540} INFO - Filling up the DagBag from /opt/airflow/dags/prediction_dag.py
[2026-01-08T12:35:30.564+0000] {processor.py:840} INFO - DAG(s) 'prediction_dag' retrieved from /opt/airflow/dags/prediction_dag.py
[2026-01-08T12:35:30.638+0000] {logging_mixin.py:188} INFO - [2026-01-08T12:35:30.638+0000] {dag.py:3047} INFO - Sync 1 DAGs
[2026-01-08T12:35:30.676+0000] {logging_mixin.py:188} INFO - [2026-01-08T12:35:30.676+0000] {dag.py:3834} INFO - Setting next_dagrun for prediction_dag to 2026-01-08 12:34:00+00:00, run_after=2026-01-08 12:36:00+00:00
[2026-01-08T12:35:30.692+0000] {processor.py:183} INFO - Processing /opt/airflow/dags/prediction_dag.py took 0.214 seconds
[2026-01-08T12:36:01.022+0000] {processor.py:161} INFO - Started process (PID=16877) to work on /opt/airflow/dags/prediction_dag.py
[2026-01-08T12:36:01.024+0000] {processor.py:830} INFO - Processing file /opt/airflow/dags/prediction_dag.py for tasks to queue
[2026-01-08T12:36:01.026+0000] {logging_mixin.py:188} INFO - [2026-01-08T12:36:01.025+0000] {dagbag.py:540} INFO - Filling up the DagBag from /opt/airflow/dags/prediction_dag.py
[2026-01-08T12:36:01.072+0000] {processor.py:840} INFO - DAG(s) 'prediction_dag' retrieved from /opt/airflow/dags/prediction_dag.py
[2026-01-08T12:36:01.155+0000] {logging_mixin.py:188} INFO - [2026-01-08T12:36:01.154+0000] {dag.py:3047} INFO - Sync 1 DAGs
[2026-01-08T12:36:01.228+0000] {logging_mixin.py:188} INFO - [2026-01-08T12:36:01.227+0000] {dag.py:3834} INFO - Setting next_dagrun for prediction_dag to 2026-01-08 12:36:00+00:00, run_after=2026-01-08 12:38:00+00:00
[2026-01-08T12:36:01.254+0000] {processor.py:183} INFO - Processing /opt/airflow/dags/prediction_dag.py took 0.246 seconds
[2026-01-08T12:36:31.674+0000] {processor.py:161} INFO - Started process (PID=16949) to work on /opt/airflow/dags/prediction_dag.py
[2026-01-08T12:36:31.676+0000] {processor.py:830} INFO - Processing file /opt/airflow/dags/prediction_dag.py for tasks to queue
[2026-01-08T12:36:31.678+0000] {logging_mixin.py:188} INFO - [2026-01-08T12:36:31.677+0000] {dagbag.py:540} INFO - Filling up the DagBag from /opt/airflow/dags/prediction_dag.py
[2026-01-08T12:36:31.719+0000] {processor.py:840} INFO - DAG(s) 'prediction_dag' retrieved from /opt/airflow/dags/prediction_dag.py
[2026-01-08T12:36:31.765+0000] {logging_mixin.py:188} INFO - [2026-01-08T12:36:31.764+0000] {dag.py:3047} INFO - Sync 1 DAGs
[2026-01-08T12:36:31.801+0000] {logging_mixin.py:188} INFO - [2026-01-08T12:36:31.800+0000] {dag.py:3834} INFO - Setting next_dagrun for prediction_dag to 2026-01-08 12:36:00+00:00, run_after=2026-01-08 12:38:00+00:00
[2026-01-08T12:36:31.819+0000] {processor.py:183} INFO - Processing /opt/airflow/dags/prediction_dag.py took 0.157 seconds
[2026-01-08T12:37:02.200+0000] {processor.py:161} INFO - Started process (PID=16969) to work on /opt/airflow/dags/prediction_dag.py
[2026-01-08T12:37:02.201+0000] {processor.py:830} INFO - Processing file /opt/airflow/dags/prediction_dag.py for tasks to queue
[2026-01-08T12:37:02.202+0000] {logging_mixin.py:188} INFO - [2026-01-08T12:37:02.202+0000] {dagbag.py:540} INFO - Filling up the DagBag from /opt/airflow/dags/prediction_dag.py
[2026-01-08T12:37:02.224+0000] {processor.py:840} INFO - DAG(s) 'prediction_dag' retrieved from /opt/airflow/dags/prediction_dag.py
[2026-01-08T12:37:02.294+0000] {logging_mixin.py:188} INFO - [2026-01-08T12:37:02.294+0000] {dag.py:3047} INFO - Sync 1 DAGs
[2026-01-08T12:37:02.325+0000] {logging_mixin.py:188} INFO - [2026-01-08T12:37:02.325+0000] {dag.py:3834} INFO - Setting next_dagrun for prediction_dag to 2026-01-08 12:36:00+00:00, run_after=2026-01-08 12:38:00+00:00
[2026-01-08T12:37:02.341+0000] {processor.py:183} INFO - Processing /opt/airflow/dags/prediction_dag.py took 0.153 seconds
[2026-01-08T12:37:32.853+0000] {processor.py:161} INFO - Started process (PID=17047) to work on /opt/airflow/dags/prediction_dag.py
[2026-01-08T12:37:32.855+0000] {processor.py:830} INFO - Processing file /opt/airflow/dags/prediction_dag.py for tasks to queue
[2026-01-08T12:37:32.857+0000] {logging_mixin.py:188} INFO - [2026-01-08T12:37:32.856+0000] {dagbag.py:540} INFO - Filling up the DagBag from /opt/airflow/dags/prediction_dag.py
[2026-01-08T12:37:32.895+0000] {processor.py:840} INFO - DAG(s) 'prediction_dag' retrieved from /opt/airflow/dags/prediction_dag.py
[2026-01-08T12:37:32.952+0000] {logging_mixin.py:188} INFO - [2026-01-08T12:37:32.952+0000] {dag.py:3047} INFO - Sync 1 DAGs
[2026-01-08T12:37:32.991+0000] {logging_mixin.py:188} INFO - [2026-01-08T12:37:32.991+0000] {dag.py:3834} INFO - Setting next_dagrun for prediction_dag to 2026-01-08 12:36:00+00:00, run_after=2026-01-08 12:38:00+00:00
[2026-01-08T12:37:33.008+0000] {processor.py:183} INFO - Processing /opt/airflow/dags/prediction_dag.py took 0.162 seconds
[2026-01-08T12:38:03.435+0000] {processor.py:161} INFO - Started process (PID=17081) to work on /opt/airflow/dags/prediction_dag.py
[2026-01-08T12:38:03.439+0000] {processor.py:830} INFO - Processing file /opt/airflow/dags/prediction_dag.py for tasks to queue
[2026-01-08T12:38:03.441+0000] {logging_mixin.py:188} INFO - [2026-01-08T12:38:03.440+0000] {dagbag.py:540} INFO - Filling up the DagBag from /opt/airflow/dags/prediction_dag.py
[2026-01-08T12:38:03.488+0000] {processor.py:840} INFO - DAG(s) 'prediction_dag' retrieved from /opt/airflow/dags/prediction_dag.py
[2026-01-08T12:38:03.539+0000] {logging_mixin.py:188} INFO - [2026-01-08T12:38:03.539+0000] {dag.py:3047} INFO - Sync 1 DAGs
[2026-01-08T12:38:03.603+0000] {logging_mixin.py:188} INFO - [2026-01-08T12:38:03.603+0000] {dag.py:3834} INFO - Setting next_dagrun for prediction_dag to 2026-01-08 12:38:00+00:00, run_after=2026-01-08 12:40:00+00:00
[2026-01-08T12:38:03.623+0000] {processor.py:183} INFO - Processing /opt/airflow/dags/prediction_dag.py took 0.218 seconds
[2026-01-08T12:38:34.046+0000] {processor.py:161} INFO - Started process (PID=17151) to work on /opt/airflow/dags/prediction_dag.py
[2026-01-08T12:38:34.048+0000] {processor.py:830} INFO - Processing file /opt/airflow/dags/prediction_dag.py for tasks to queue
[2026-01-08T12:38:34.050+0000] {logging_mixin.py:188} INFO - [2026-01-08T12:38:34.049+0000] {dagbag.py:540} INFO - Filling up the DagBag from /opt/airflow/dags/prediction_dag.py
[2026-01-08T12:38:34.086+0000] {processor.py:840} INFO - DAG(s) 'prediction_dag' retrieved from /opt/airflow/dags/prediction_dag.py
[2026-01-08T12:38:34.148+0000] {logging_mixin.py:188} INFO - [2026-01-08T12:38:34.147+0000] {dag.py:3047} INFO - Sync 1 DAGs
[2026-01-08T12:38:34.187+0000] {logging_mixin.py:188} INFO - [2026-01-08T12:38:34.187+0000] {dag.py:3834} INFO - Setting next_dagrun for prediction_dag to 2026-01-08 12:38:00+00:00, run_after=2026-01-08 12:40:00+00:00
[2026-01-08T12:38:34.210+0000] {processor.py:183} INFO - Processing /opt/airflow/dags/prediction_dag.py took 0.171 seconds
[2026-01-08T12:39:05.034+0000] {processor.py:161} INFO - Started process (PID=17180) to work on /opt/airflow/dags/prediction_dag.py
[2026-01-08T12:39:05.039+0000] {processor.py:830} INFO - Processing file /opt/airflow/dags/prediction_dag.py for tasks to queue
[2026-01-08T12:39:05.040+0000] {logging_mixin.py:188} INFO - [2026-01-08T12:39:05.040+0000] {dagbag.py:540} INFO - Filling up the DagBag from /opt/airflow/dags/prediction_dag.py
[2026-01-08T12:39:05.073+0000] {processor.py:840} INFO - DAG(s) 'prediction_dag' retrieved from /opt/airflow/dags/prediction_dag.py
[2026-01-08T12:39:05.137+0000] {logging_mixin.py:188} INFO - [2026-01-08T12:39:05.137+0000] {dag.py:3047} INFO - Sync 1 DAGs
[2026-01-08T12:39:05.172+0000] {logging_mixin.py:188} INFO - [2026-01-08T12:39:05.172+0000] {dag.py:3834} INFO - Setting next_dagrun for prediction_dag to 2026-01-08 12:38:00+00:00, run_after=2026-01-08 12:40:00+00:00
[2026-01-08T12:39:05.193+0000] {processor.py:183} INFO - Processing /opt/airflow/dags/prediction_dag.py took 0.171 seconds
[2026-01-08T12:39:35.926+0000] {processor.py:161} INFO - Started process (PID=17249) to work on /opt/airflow/dags/prediction_dag.py
[2026-01-08T12:39:35.930+0000] {processor.py:830} INFO - Processing file /opt/airflow/dags/prediction_dag.py for tasks to queue
[2026-01-08T12:39:35.933+0000] {logging_mixin.py:188} INFO - [2026-01-08T12:39:35.933+0000] {dagbag.py:540} INFO - Filling up the DagBag from /opt/airflow/dags/prediction_dag.py
[2026-01-08T12:39:35.994+0000] {processor.py:840} INFO - DAG(s) 'prediction_dag' retrieved from /opt/airflow/dags/prediction_dag.py
[2026-01-08T12:39:36.201+0000] {logging_mixin.py:188} INFO - [2026-01-08T12:39:36.201+0000] {dag.py:3047} INFO - Sync 1 DAGs
[2026-01-08T12:39:36.261+0000] {logging_mixin.py:188} INFO - [2026-01-08T12:39:36.261+0000] {dag.py:3834} INFO - Setting next_dagrun for prediction_dag to 2026-01-08 12:38:00+00:00, run_after=2026-01-08 12:40:00+00:00
[2026-01-08T12:39:36.290+0000] {processor.py:183} INFO - Processing /opt/airflow/dags/prediction_dag.py took 0.387 seconds
[2026-01-08T12:40:07.136+0000] {processor.py:161} INFO - Started process (PID=17284) to work on /opt/airflow/dags/prediction_dag.py
[2026-01-08T12:40:07.139+0000] {processor.py:830} INFO - Processing file /opt/airflow/dags/prediction_dag.py for tasks to queue
[2026-01-08T12:40:07.144+0000] {logging_mixin.py:188} INFO - [2026-01-08T12:40:07.139+0000] {dagbag.py:540} INFO - Filling up the DagBag from /opt/airflow/dags/prediction_dag.py
[2026-01-08T12:40:07.203+0000] {processor.py:840} INFO - DAG(s) 'prediction_dag' retrieved from /opt/airflow/dags/prediction_dag.py
[2026-01-08T12:40:07.295+0000] {logging_mixin.py:188} INFO - [2026-01-08T12:40:07.295+0000] {dag.py:3047} INFO - Sync 1 DAGs
[2026-01-08T12:40:07.341+0000] {logging_mixin.py:188} INFO - [2026-01-08T12:40:07.341+0000] {dag.py:3834} INFO - Setting next_dagrun for prediction_dag to 2026-01-08 12:40:00+00:00, run_after=2026-01-08 12:42:00+00:00
[2026-01-08T12:40:07.357+0000] {processor.py:183} INFO - Processing /opt/airflow/dags/prediction_dag.py took 0.232 seconds
[2026-01-08T12:40:37.796+0000] {processor.py:161} INFO - Started process (PID=17353) to work on /opt/airflow/dags/prediction_dag.py
[2026-01-08T12:40:37.798+0000] {processor.py:830} INFO - Processing file /opt/airflow/dags/prediction_dag.py for tasks to queue
[2026-01-08T12:40:37.801+0000] {logging_mixin.py:188} INFO - [2026-01-08T12:40:37.800+0000] {dagbag.py:540} INFO - Filling up the DagBag from /opt/airflow/dags/prediction_dag.py
[2026-01-08T12:40:37.837+0000] {processor.py:840} INFO - DAG(s) 'prediction_dag' retrieved from /opt/airflow/dags/prediction_dag.py
[2026-01-08T12:40:37.895+0000] {logging_mixin.py:188} INFO - [2026-01-08T12:40:37.895+0000] {dag.py:3047} INFO - Sync 1 DAGs
[2026-01-08T12:40:37.955+0000] {logging_mixin.py:188} INFO - [2026-01-08T12:40:37.955+0000] {dag.py:3834} INFO - Setting next_dagrun for prediction_dag to 2026-01-08 12:40:00+00:00, run_after=2026-01-08 12:42:00+00:00
[2026-01-08T12:40:37.971+0000] {processor.py:183} INFO - Processing /opt/airflow/dags/prediction_dag.py took 0.189 seconds
[2026-01-08T12:41:08.408+0000] {processor.py:161} INFO - Started process (PID=17403) to work on /opt/airflow/dags/prediction_dag.py
[2026-01-08T12:41:08.411+0000] {processor.py:830} INFO - Processing file /opt/airflow/dags/prediction_dag.py for tasks to queue
[2026-01-08T12:41:08.415+0000] {logging_mixin.py:188} INFO - [2026-01-08T12:41:08.414+0000] {dagbag.py:540} INFO - Filling up the DagBag from /opt/airflow/dags/prediction_dag.py
[2026-01-08T12:41:08.465+0000] {processor.py:840} INFO - DAG(s) 'prediction_dag' retrieved from /opt/airflow/dags/prediction_dag.py
[2026-01-08T12:41:08.528+0000] {logging_mixin.py:188} INFO - [2026-01-08T12:41:08.528+0000] {dag.py:3047} INFO - Sync 1 DAGs
[2026-01-08T12:41:08.580+0000] {logging_mixin.py:188} INFO - [2026-01-08T12:41:08.580+0000] {dag.py:3834} INFO - Setting next_dagrun for prediction_dag to 2026-01-08 12:40:00+00:00, run_after=2026-01-08 12:42:00+00:00
[2026-01-08T12:41:08.623+0000] {processor.py:183} INFO - Processing /opt/airflow/dags/prediction_dag.py took 0.223 seconds
[2026-01-08T12:41:39.223+0000] {processor.py:161} INFO - Started process (PID=17451) to work on /opt/airflow/dags/prediction_dag.py
[2026-01-08T12:41:39.227+0000] {processor.py:830} INFO - Processing file /opt/airflow/dags/prediction_dag.py for tasks to queue
[2026-01-08T12:41:39.235+0000] {logging_mixin.py:188} INFO - [2026-01-08T12:41:39.230+0000] {dagbag.py:540} INFO - Filling up the DagBag from /opt/airflow/dags/prediction_dag.py
[2026-01-08T12:41:39.268+0000] {processor.py:840} INFO - DAG(s) 'prediction_dag' retrieved from /opt/airflow/dags/prediction_dag.py
[2026-01-08T12:41:39.320+0000] {logging_mixin.py:188} INFO - [2026-01-08T12:41:39.320+0000] {dag.py:3047} INFO - Sync 1 DAGs
[2026-01-08T12:41:39.355+0000] {logging_mixin.py:188} INFO - [2026-01-08T12:41:39.355+0000] {dag.py:3834} INFO - Setting next_dagrun for prediction_dag to 2026-01-08 12:40:00+00:00, run_after=2026-01-08 12:42:00+00:00
[2026-01-08T12:41:39.376+0000] {processor.py:183} INFO - Processing /opt/airflow/dags/prediction_dag.py took 0.164 seconds
[2026-01-08T12:42:09.459+0000] {processor.py:161} INFO - Started process (PID=17494) to work on /opt/airflow/dags/prediction_dag.py
[2026-01-08T12:42:09.461+0000] {processor.py:830} INFO - Processing file /opt/airflow/dags/prediction_dag.py for tasks to queue
[2026-01-08T12:42:09.462+0000] {logging_mixin.py:188} INFO - [2026-01-08T12:42:09.462+0000] {dagbag.py:540} INFO - Filling up the DagBag from /opt/airflow/dags/prediction_dag.py
[2026-01-08T12:42:09.492+0000] {processor.py:840} INFO - DAG(s) 'prediction_dag' retrieved from /opt/airflow/dags/prediction_dag.py
[2026-01-08T12:42:09.538+0000] {logging_mixin.py:188} INFO - [2026-01-08T12:42:09.538+0000] {dag.py:3047} INFO - Sync 1 DAGs
[2026-01-08T12:42:09.593+0000] {logging_mixin.py:188} INFO - [2026-01-08T12:42:09.592+0000] {dag.py:3834} INFO - Setting next_dagrun for prediction_dag to 2026-01-08 12:42:00+00:00, run_after=2026-01-08 12:44:00+00:00
[2026-01-08T12:42:09.622+0000] {processor.py:183} INFO - Processing /opt/airflow/dags/prediction_dag.py took 0.172 seconds
[2026-01-08T12:42:40.119+0000] {processor.py:161} INFO - Started process (PID=17545) to work on /opt/airflow/dags/prediction_dag.py
[2026-01-08T12:42:40.122+0000] {processor.py:830} INFO - Processing file /opt/airflow/dags/prediction_dag.py for tasks to queue
[2026-01-08T12:42:40.124+0000] {logging_mixin.py:188} INFO - [2026-01-08T12:42:40.123+0000] {dagbag.py:540} INFO - Filling up the DagBag from /opt/airflow/dags/prediction_dag.py
[2026-01-08T12:42:40.169+0000] {processor.py:840} INFO - DAG(s) 'prediction_dag' retrieved from /opt/airflow/dags/prediction_dag.py
[2026-01-08T12:42:40.429+0000] {logging_mixin.py:188} INFO - [2026-01-08T12:42:40.429+0000] {dag.py:3047} INFO - Sync 1 DAGs
[2026-01-08T12:42:40.546+0000] {logging_mixin.py:188} INFO - [2026-01-08T12:42:40.544+0000] {dag.py:3834} INFO - Setting next_dagrun for prediction_dag to 2026-01-08 12:42:00+00:00, run_after=2026-01-08 12:44:00+00:00
[2026-01-08T12:42:40.582+0000] {processor.py:183} INFO - Processing /opt/airflow/dags/prediction_dag.py took 0.477 seconds
[2026-01-08T12:43:11.316+0000] {processor.py:161} INFO - Started process (PID=17598) to work on /opt/airflow/dags/prediction_dag.py
[2026-01-08T12:43:11.319+0000] {processor.py:830} INFO - Processing file /opt/airflow/dags/prediction_dag.py for tasks to queue
[2026-01-08T12:43:11.325+0000] {logging_mixin.py:188} INFO - [2026-01-08T12:43:11.323+0000] {dagbag.py:540} INFO - Filling up the DagBag from /opt/airflow/dags/prediction_dag.py
[2026-01-08T12:43:11.359+0000] {processor.py:840} INFO - DAG(s) 'prediction_dag' retrieved from /opt/airflow/dags/prediction_dag.py
[2026-01-08T12:43:11.469+0000] {logging_mixin.py:188} INFO - [2026-01-08T12:43:11.468+0000] {dag.py:3047} INFO - Sync 1 DAGs
[2026-01-08T12:43:11.529+0000] {logging_mixin.py:188} INFO - [2026-01-08T12:43:11.529+0000] {dag.py:3834} INFO - Setting next_dagrun for prediction_dag to 2026-01-08 12:42:00+00:00, run_after=2026-01-08 12:44:00+00:00
[2026-01-08T12:43:11.552+0000] {processor.py:183} INFO - Processing /opt/airflow/dags/prediction_dag.py took 0.251 seconds
[2026-01-08T12:43:42.622+0000] {processor.py:161} INFO - Started process (PID=17640) to work on /opt/airflow/dags/prediction_dag.py
[2026-01-08T12:43:42.625+0000] {processor.py:830} INFO - Processing file /opt/airflow/dags/prediction_dag.py for tasks to queue
[2026-01-08T12:43:42.627+0000] {logging_mixin.py:188} INFO - [2026-01-08T12:43:42.626+0000] {dagbag.py:540} INFO - Filling up the DagBag from /opt/airflow/dags/prediction_dag.py
[2026-01-08T12:43:42.691+0000] {processor.py:840} INFO - DAG(s) 'prediction_dag' retrieved from /opt/airflow/dags/prediction_dag.py
[2026-01-08T12:43:42.778+0000] {logging_mixin.py:188} INFO - [2026-01-08T12:43:42.778+0000] {dag.py:3047} INFO - Sync 1 DAGs
[2026-01-08T12:43:42.828+0000] {logging_mixin.py:188} INFO - [2026-01-08T12:43:42.828+0000] {dag.py:3834} INFO - Setting next_dagrun for prediction_dag to 2026-01-08 12:42:00+00:00, run_after=2026-01-08 12:44:00+00:00
[2026-01-08T12:43:42.907+0000] {processor.py:183} INFO - Processing /opt/airflow/dags/prediction_dag.py took 0.297 seconds
[2026-01-08T12:44:13.471+0000] {processor.py:161} INFO - Started process (PID=17696) to work on /opt/airflow/dags/prediction_dag.py
[2026-01-08T12:44:13.474+0000] {processor.py:830} INFO - Processing file /opt/airflow/dags/prediction_dag.py for tasks to queue
[2026-01-08T12:44:13.477+0000] {logging_mixin.py:188} INFO - [2026-01-08T12:44:13.475+0000] {dagbag.py:540} INFO - Filling up the DagBag from /opt/airflow/dags/prediction_dag.py
[2026-01-08T12:44:13.508+0000] {processor.py:840} INFO - DAG(s) 'prediction_dag' retrieved from /opt/airflow/dags/prediction_dag.py
[2026-01-08T12:44:13.553+0000] {logging_mixin.py:188} INFO - [2026-01-08T12:44:13.553+0000] {dag.py:3047} INFO - Sync 1 DAGs
[2026-01-08T12:44:13.591+0000] {logging_mixin.py:188} INFO - [2026-01-08T12:44:13.591+0000] {dag.py:3834} INFO - Setting next_dagrun for prediction_dag to 2026-01-08 12:44:00+00:00, run_after=2026-01-08 12:46:00+00:00
[2026-01-08T12:44:13.643+0000] {processor.py:183} INFO - Processing /opt/airflow/dags/prediction_dag.py took 0.187 seconds
[2026-01-08T12:44:43.930+0000] {processor.py:161} INFO - Started process (PID=17744) to work on /opt/airflow/dags/prediction_dag.py
[2026-01-08T12:44:43.936+0000] {processor.py:830} INFO - Processing file /opt/airflow/dags/prediction_dag.py for tasks to queue
[2026-01-08T12:44:43.938+0000] {logging_mixin.py:188} INFO - [2026-01-08T12:44:43.937+0000] {dagbag.py:540} INFO - Filling up the DagBag from /opt/airflow/dags/prediction_dag.py
[2026-01-08T12:44:43.972+0000] {processor.py:840} INFO - DAG(s) 'prediction_dag' retrieved from /opt/airflow/dags/prediction_dag.py
[2026-01-08T12:44:44.022+0000] {logging_mixin.py:188} INFO - [2026-01-08T12:44:44.022+0000] {dag.py:3047} INFO - Sync 1 DAGs
[2026-01-08T12:44:44.057+0000] {logging_mixin.py:188} INFO - [2026-01-08T12:44:44.057+0000] {dag.py:3834} INFO - Setting next_dagrun for prediction_dag to 2026-01-08 12:44:00+00:00, run_after=2026-01-08 12:46:00+00:00
[2026-01-08T12:44:44.335+0000] {processor.py:183} INFO - Processing /opt/airflow/dags/prediction_dag.py took 0.414 seconds
[2026-01-08T12:52:41.237+0000] {processor.py:161} INFO - Started process (PID=17824) to work on /opt/airflow/dags/prediction_dag.py
[2026-01-08T12:52:41.239+0000] {processor.py:830} INFO - Processing file /opt/airflow/dags/prediction_dag.py for tasks to queue
[2026-01-08T12:52:41.241+0000] {logging_mixin.py:188} INFO - [2026-01-08T12:52:41.240+0000] {dagbag.py:540} INFO - Filling up the DagBag from /opt/airflow/dags/prediction_dag.py
[2026-01-08T12:52:41.292+0000] {processor.py:840} INFO - DAG(s) 'prediction_dag' retrieved from /opt/airflow/dags/prediction_dag.py
[2026-01-08T12:52:41.426+0000] {logging_mixin.py:188} INFO - [2026-01-08T12:52:41.425+0000] {dag.py:3047} INFO - Sync 1 DAGs
[2026-01-08T12:52:41.542+0000] {logging_mixin.py:188} INFO - [2026-01-08T12:52:41.541+0000] {dag.py:3834} INFO - Setting next_dagrun for prediction_dag to 2026-01-08 12:52:00+00:00, run_after=2026-01-08 12:54:00+00:00
[2026-01-08T12:52:41.645+0000] {processor.py:183} INFO - Processing /opt/airflow/dags/prediction_dag.py took 0.419 seconds
[2026-01-08T12:53:32.938+0000] {processor.py:161} INFO - Started process (PID=17937) to work on /opt/airflow/dags/prediction_dag.py
[2026-01-08T12:53:32.942+0000] {processor.py:830} INFO - Processing file /opt/airflow/dags/prediction_dag.py for tasks to queue
[2026-01-08T12:53:32.945+0000] {logging_mixin.py:188} INFO - [2026-01-08T12:53:32.944+0000] {dagbag.py:540} INFO - Filling up the DagBag from /opt/airflow/dags/prediction_dag.py
[2026-01-08T12:53:33.074+0000] {processor.py:840} INFO - DAG(s) 'prediction_dag' retrieved from /opt/airflow/dags/prediction_dag.py
[2026-01-08T12:53:33.380+0000] {logging_mixin.py:188} INFO - [2026-01-08T12:53:33.376+0000] {dag.py:3047} INFO - Sync 1 DAGs
[2026-01-08T12:53:33.612+0000] {logging_mixin.py:188} INFO - [2026-01-08T12:53:33.611+0000] {dag.py:3834} INFO - Setting next_dagrun for prediction_dag to 2026-01-08 12:52:00+00:00, run_after=2026-01-08 12:54:00+00:00
[2026-01-08T12:53:34.254+0000] {processor.py:183} INFO - Processing /opt/airflow/dags/prediction_dag.py took 1.335 seconds
[2026-01-08T12:54:10.799+0000] {processor.py:161} INFO - Started process (PID=18064) to work on /opt/airflow/dags/prediction_dag.py
[2026-01-08T12:54:10.849+0000] {processor.py:830} INFO - Processing file /opt/airflow/dags/prediction_dag.py for tasks to queue
[2026-01-08T12:54:10.883+0000] {logging_mixin.py:188} INFO - [2026-01-08T12:54:10.865+0000] {dagbag.py:540} INFO - Filling up the DagBag from /opt/airflow/dags/prediction_dag.py
[2026-01-08T12:54:11.152+0000] {processor.py:840} INFO - DAG(s) 'prediction_dag' retrieved from /opt/airflow/dags/prediction_dag.py
[2026-01-08T12:54:11.420+0000] {logging_mixin.py:188} INFO - [2026-01-08T12:54:11.415+0000] {dag.py:3047} INFO - Sync 1 DAGs
[2026-01-08T12:54:11.653+0000] {logging_mixin.py:188} INFO - [2026-01-08T12:54:11.650+0000] {dag.py:3834} INFO - Setting next_dagrun for prediction_dag to 2026-01-08 12:54:00+00:00, run_after=2026-01-08 12:56:00+00:00
[2026-01-08T12:54:11.785+0000] {processor.py:183} INFO - Processing /opt/airflow/dags/prediction_dag.py took 1.135 seconds
[2026-01-08T12:55:23.369+0000] {processor.py:161} INFO - Started process (PID=18154) to work on /opt/airflow/dags/prediction_dag.py
[2026-01-08T12:55:23.371+0000] {processor.py:830} INFO - Processing file /opt/airflow/dags/prediction_dag.py for tasks to queue
[2026-01-08T12:55:23.374+0000] {logging_mixin.py:188} INFO - [2026-01-08T12:55:23.374+0000] {dagbag.py:540} INFO - Filling up the DagBag from /opt/airflow/dags/prediction_dag.py
[2026-01-08T12:55:23.416+0000] {processor.py:840} INFO - DAG(s) 'prediction_dag' retrieved from /opt/airflow/dags/prediction_dag.py
[2026-01-08T12:55:23.477+0000] {logging_mixin.py:188} INFO - [2026-01-08T12:55:23.476+0000] {dag.py:3047} INFO - Sync 1 DAGs
[2026-01-08T12:55:23.527+0000] {logging_mixin.py:188} INFO - [2026-01-08T12:55:23.527+0000] {dag.py:3834} INFO - Setting next_dagrun for prediction_dag to 2026-01-08 12:54:00+00:00, run_after=2026-01-08 12:56:00+00:00
[2026-01-08T12:55:23.556+0000] {processor.py:183} INFO - Processing /opt/airflow/dags/prediction_dag.py took 0.196 seconds
[2026-01-08T12:57:01.003+0000] {processor.py:161} INFO - Started process (PID=18234) to work on /opt/airflow/dags/prediction_dag.py
[2026-01-08T12:57:01.005+0000] {processor.py:830} INFO - Processing file /opt/airflow/dags/prediction_dag.py for tasks to queue
[2026-01-08T12:57:01.006+0000] {logging_mixin.py:188} INFO - [2026-01-08T12:57:01.006+0000] {dagbag.py:540} INFO - Filling up the DagBag from /opt/airflow/dags/prediction_dag.py
[2026-01-08T12:57:01.041+0000] {processor.py:840} INFO - DAG(s) 'prediction_dag' retrieved from /opt/airflow/dags/prediction_dag.py
[2026-01-08T12:57:01.099+0000] {logging_mixin.py:188} INFO - [2026-01-08T12:57:01.099+0000] {dag.py:3047} INFO - Sync 1 DAGs
[2026-01-08T12:57:01.445+0000] {logging_mixin.py:188} INFO - [2026-01-08T12:57:01.445+0000] {dag.py:3834} INFO - Setting next_dagrun for prediction_dag to 2026-01-08 12:54:00+00:00, run_after=2026-01-08 12:56:00+00:00
[2026-01-08T12:57:01.466+0000] {processor.py:183} INFO - Processing /opt/airflow/dags/prediction_dag.py took 0.476 seconds
[2026-01-08T13:31:05.009+0000] {processor.py:161} INFO - Started process (PID=18383) to work on /opt/airflow/dags/prediction_dag.py
[2026-01-08T13:31:05.011+0000] {processor.py:830} INFO - Processing file /opt/airflow/dags/prediction_dag.py for tasks to queue
[2026-01-08T13:31:05.014+0000] {logging_mixin.py:188} INFO - [2026-01-08T13:31:05.012+0000] {dagbag.py:540} INFO - Filling up the DagBag from /opt/airflow/dags/prediction_dag.py
[2026-01-08T13:31:05.059+0000] {processor.py:840} INFO - DAG(s) 'prediction_dag' retrieved from /opt/airflow/dags/prediction_dag.py
[2026-01-08T13:31:05.130+0000] {logging_mixin.py:188} INFO - [2026-01-08T13:31:05.129+0000] {dag.py:3047} INFO - Sync 1 DAGs
[2026-01-08T13:31:05.202+0000] {logging_mixin.py:188} INFO - [2026-01-08T13:31:05.202+0000] {dag.py:3834} INFO - Setting next_dagrun for prediction_dag to 2026-01-08 13:30:00+00:00, run_after=2026-01-08 13:32:00+00:00
[2026-01-08T13:31:05.273+0000] {processor.py:183} INFO - Processing /opt/airflow/dags/prediction_dag.py took 0.271 seconds
[2026-01-08T13:37:38.336+0000] {processor.py:161} INFO - Started process (PID=18543) to work on /opt/airflow/dags/prediction_dag.py
[2026-01-08T13:37:38.363+0000] {processor.py:830} INFO - Processing file /opt/airflow/dags/prediction_dag.py for tasks to queue
[2026-01-08T13:37:38.367+0000] {logging_mixin.py:188} INFO - [2026-01-08T13:37:38.366+0000] {dagbag.py:540} INFO - Filling up the DagBag from /opt/airflow/dags/prediction_dag.py
[2026-01-08T13:37:38.579+0000] {processor.py:840} INFO - DAG(s) 'prediction_dag' retrieved from /opt/airflow/dags/prediction_dag.py
[2026-01-08T13:37:38.955+0000] {logging_mixin.py:188} INFO - [2026-01-08T13:37:38.950+0000] {dag.py:3047} INFO - Sync 1 DAGs
[2026-01-08T13:37:39.318+0000] {logging_mixin.py:188} INFO - [2026-01-08T13:37:39.314+0000] {dag.py:3834} INFO - Setting next_dagrun for prediction_dag to 2026-01-08 13:36:00+00:00, run_after=2026-01-08 13:38:00+00:00
[2026-01-08T13:37:45.984+0000] {processor.py:183} INFO - Processing /opt/airflow/dags/prediction_dag.py took 7.699 seconds
[2026-01-08T13:38:17.234+0000] {processor.py:161} INFO - Started process (PID=18595) to work on /opt/airflow/dags/prediction_dag.py
[2026-01-08T13:38:17.248+0000] {processor.py:830} INFO - Processing file /opt/airflow/dags/prediction_dag.py for tasks to queue
[2026-01-08T13:38:17.254+0000] {logging_mixin.py:188} INFO - [2026-01-08T13:38:17.252+0000] {dagbag.py:540} INFO - Filling up the DagBag from /opt/airflow/dags/prediction_dag.py
[2026-01-08T13:38:17.430+0000] {processor.py:840} INFO - DAG(s) 'prediction_dag' retrieved from /opt/airflow/dags/prediction_dag.py
[2026-01-08T13:38:17.716+0000] {logging_mixin.py:188} INFO - [2026-01-08T13:38:17.716+0000] {dag.py:3047} INFO - Sync 1 DAGs
[2026-01-08T13:38:17.874+0000] {logging_mixin.py:188} INFO - [2026-01-08T13:38:17.873+0000] {dag.py:3834} INFO - Setting next_dagrun for prediction_dag to 2026-01-08 13:38:00+00:00, run_after=2026-01-08 13:40:00+00:00
[2026-01-08T13:38:17.923+0000] {processor.py:183} INFO - Processing /opt/airflow/dags/prediction_dag.py took 0.738 seconds
[2026-01-08T13:38:48.156+0000] {processor.py:161} INFO - Started process (PID=18668) to work on /opt/airflow/dags/prediction_dag.py
[2026-01-08T13:38:48.161+0000] {processor.py:830} INFO - Processing file /opt/airflow/dags/prediction_dag.py for tasks to queue
[2026-01-08T13:38:48.163+0000] {logging_mixin.py:188} INFO - [2026-01-08T13:38:48.162+0000] {dagbag.py:540} INFO - Filling up the DagBag from /opt/airflow/dags/prediction_dag.py
[2026-01-08T13:38:48.203+0000] {processor.py:840} INFO - DAG(s) 'prediction_dag' retrieved from /opt/airflow/dags/prediction_dag.py
[2026-01-08T13:38:48.249+0000] {logging_mixin.py:188} INFO - [2026-01-08T13:38:48.249+0000] {dag.py:3047} INFO - Sync 1 DAGs
[2026-01-08T13:38:48.283+0000] {logging_mixin.py:188} INFO - [2026-01-08T13:38:48.282+0000] {dag.py:3834} INFO - Setting next_dagrun for prediction_dag to 2026-01-08 13:38:00+00:00, run_after=2026-01-08 13:40:00+00:00
[2026-01-08T13:38:48.302+0000] {processor.py:183} INFO - Processing /opt/airflow/dags/prediction_dag.py took 0.155 seconds
[2026-01-08T13:39:19.158+0000] {processor.py:161} INFO - Started process (PID=18735) to work on /opt/airflow/dags/prediction_dag.py
[2026-01-08T13:39:19.160+0000] {processor.py:830} INFO - Processing file /opt/airflow/dags/prediction_dag.py for tasks to queue
[2026-01-08T13:39:19.165+0000] {logging_mixin.py:188} INFO - [2026-01-08T13:39:19.162+0000] {dagbag.py:540} INFO - Filling up the DagBag from /opt/airflow/dags/prediction_dag.py
[2026-01-08T13:39:19.225+0000] {processor.py:840} INFO - DAG(s) 'prediction_dag' retrieved from /opt/airflow/dags/prediction_dag.py
[2026-01-08T13:39:19.371+0000] {logging_mixin.py:188} INFO - [2026-01-08T13:39:19.370+0000] {dag.py:3047} INFO - Sync 1 DAGs
[2026-01-08T13:39:21.937+0000] {logging_mixin.py:188} INFO - [2026-01-08T13:39:21.919+0000] {dag.py:3834} INFO - Setting next_dagrun for prediction_dag to 2026-01-08 13:38:00+00:00, run_after=2026-01-08 13:40:00+00:00
[2026-01-08T13:39:22.218+0000] {processor.py:183} INFO - Processing /opt/airflow/dags/prediction_dag.py took 3.060 seconds
[2026-01-08T13:39:52.993+0000] {processor.py:161} INFO - Started process (PID=18753) to work on /opt/airflow/dags/prediction_dag.py
[2026-01-08T13:39:52.995+0000] {processor.py:830} INFO - Processing file /opt/airflow/dags/prediction_dag.py for tasks to queue
[2026-01-08T13:39:52.999+0000] {logging_mixin.py:188} INFO - [2026-01-08T13:39:52.998+0000] {dagbag.py:540} INFO - Filling up the DagBag from /opt/airflow/dags/prediction_dag.py
[2026-01-08T13:39:53.046+0000] {processor.py:840} INFO - DAG(s) 'prediction_dag' retrieved from /opt/airflow/dags/prediction_dag.py
[2026-01-08T13:39:53.127+0000] {logging_mixin.py:188} INFO - [2026-01-08T13:39:53.127+0000] {dag.py:3047} INFO - Sync 1 DAGs
[2026-01-08T13:39:53.170+0000] {logging_mixin.py:188} INFO - [2026-01-08T13:39:53.169+0000] {dag.py:3834} INFO - Setting next_dagrun for prediction_dag to 2026-01-08 13:38:00+00:00, run_after=2026-01-08 13:40:00+00:00
[2026-01-08T13:39:53.188+0000] {processor.py:183} INFO - Processing /opt/airflow/dags/prediction_dag.py took 0.208 seconds
[2026-01-08T13:40:23.794+0000] {processor.py:161} INFO - Started process (PID=18839) to work on /opt/airflow/dags/prediction_dag.py
[2026-01-08T13:40:23.797+0000] {processor.py:830} INFO - Processing file /opt/airflow/dags/prediction_dag.py for tasks to queue
[2026-01-08T13:40:23.799+0000] {logging_mixin.py:188} INFO - [2026-01-08T13:40:23.798+0000] {dagbag.py:540} INFO - Filling up the DagBag from /opt/airflow/dags/prediction_dag.py
[2026-01-08T13:40:23.844+0000] {processor.py:840} INFO - DAG(s) 'prediction_dag' retrieved from /opt/airflow/dags/prediction_dag.py
[2026-01-08T13:40:23.938+0000] {logging_mixin.py:188} INFO - [2026-01-08T13:40:23.938+0000] {dag.py:3047} INFO - Sync 1 DAGs
[2026-01-08T13:40:23.982+0000] {logging_mixin.py:188} INFO - [2026-01-08T13:40:23.981+0000] {dag.py:3834} INFO - Setting next_dagrun for prediction_dag to 2026-01-08 13:40:00+00:00, run_after=2026-01-08 13:42:00+00:00
[2026-01-08T13:40:24.003+0000] {processor.py:183} INFO - Processing /opt/airflow/dags/prediction_dag.py took 0.219 seconds
[2026-01-08T13:40:54.302+0000] {processor.py:161} INFO - Started process (PID=18857) to work on /opt/airflow/dags/prediction_dag.py
[2026-01-08T13:40:54.305+0000] {processor.py:830} INFO - Processing file /opt/airflow/dags/prediction_dag.py for tasks to queue
[2026-01-08T13:40:54.306+0000] {logging_mixin.py:188} INFO - [2026-01-08T13:40:54.305+0000] {dagbag.py:540} INFO - Filling up the DagBag from /opt/airflow/dags/prediction_dag.py
[2026-01-08T13:40:54.340+0000] {processor.py:840} INFO - DAG(s) 'prediction_dag' retrieved from /opt/airflow/dags/prediction_dag.py
[2026-01-08T13:40:54.403+0000] {logging_mixin.py:188} INFO - [2026-01-08T13:40:54.403+0000] {dag.py:3047} INFO - Sync 1 DAGs
[2026-01-08T13:40:54.738+0000] {logging_mixin.py:188} INFO - [2026-01-08T13:40:54.738+0000] {dag.py:3834} INFO - Setting next_dagrun for prediction_dag to 2026-01-08 13:40:00+00:00, run_after=2026-01-08 13:42:00+00:00
[2026-01-08T13:40:54.750+0000] {processor.py:183} INFO - Processing /opt/airflow/dags/prediction_dag.py took 0.456 seconds
[2026-01-08T13:41:25.427+0000] {processor.py:161} INFO - Started process (PID=18937) to work on /opt/airflow/dags/prediction_dag.py
[2026-01-08T13:41:25.429+0000] {processor.py:830} INFO - Processing file /opt/airflow/dags/prediction_dag.py for tasks to queue
[2026-01-08T13:41:25.431+0000] {logging_mixin.py:188} INFO - [2026-01-08T13:41:25.430+0000] {dagbag.py:540} INFO - Filling up the DagBag from /opt/airflow/dags/prediction_dag.py
[2026-01-08T13:41:25.467+0000] {processor.py:840} INFO - DAG(s) 'prediction_dag' retrieved from /opt/airflow/dags/prediction_dag.py
[2026-01-08T13:41:25.525+0000] {logging_mixin.py:188} INFO - [2026-01-08T13:41:25.524+0000] {dag.py:3047} INFO - Sync 1 DAGs
[2026-01-08T13:41:25.558+0000] {logging_mixin.py:188} INFO - [2026-01-08T13:41:25.558+0000] {dag.py:3834} INFO - Setting next_dagrun for prediction_dag to 2026-01-08 13:40:00+00:00, run_after=2026-01-08 13:42:00+00:00
[2026-01-08T13:41:25.581+0000] {processor.py:183} INFO - Processing /opt/airflow/dags/prediction_dag.py took 0.162 seconds
[2026-01-08T13:41:56.123+0000] {processor.py:161} INFO - Started process (PID=18955) to work on /opt/airflow/dags/prediction_dag.py
[2026-01-08T13:41:56.126+0000] {processor.py:830} INFO - Processing file /opt/airflow/dags/prediction_dag.py for tasks to queue
[2026-01-08T13:41:56.134+0000] {logging_mixin.py:188} INFO - [2026-01-08T13:41:56.133+0000] {dagbag.py:540} INFO - Filling up the DagBag from /opt/airflow/dags/prediction_dag.py
[2026-01-08T13:41:56.221+0000] {processor.py:840} INFO - DAG(s) 'prediction_dag' retrieved from /opt/airflow/dags/prediction_dag.py
[2026-01-08T13:41:56.386+0000] {logging_mixin.py:188} INFO - [2026-01-08T13:41:56.386+0000] {dag.py:3047} INFO - Sync 1 DAGs
[2026-01-08T13:41:56.475+0000] {logging_mixin.py:188} INFO - [2026-01-08T13:41:56.475+0000] {dag.py:3834} INFO - Setting next_dagrun for prediction_dag to 2026-01-08 13:40:00+00:00, run_after=2026-01-08 13:42:00+00:00
[2026-01-08T13:41:56.841+0000] {processor.py:183} INFO - Processing /opt/airflow/dags/prediction_dag.py took 0.725 seconds
[2026-01-08T13:42:27.308+0000] {processor.py:161} INFO - Started process (PID=19041) to work on /opt/airflow/dags/prediction_dag.py
[2026-01-08T13:42:27.310+0000] {processor.py:830} INFO - Processing file /opt/airflow/dags/prediction_dag.py for tasks to queue
[2026-01-08T13:42:27.312+0000] {logging_mixin.py:188} INFO - [2026-01-08T13:42:27.311+0000] {dagbag.py:540} INFO - Filling up the DagBag from /opt/airflow/dags/prediction_dag.py
[2026-01-08T13:42:27.350+0000] {processor.py:840} INFO - DAG(s) 'prediction_dag' retrieved from /opt/airflow/dags/prediction_dag.py
[2026-01-08T13:42:27.410+0000] {logging_mixin.py:188} INFO - [2026-01-08T13:42:27.410+0000] {dag.py:3047} INFO - Sync 1 DAGs
[2026-01-08T13:42:27.445+0000] {logging_mixin.py:188} INFO - [2026-01-08T13:42:27.444+0000] {dag.py:3834} INFO - Setting next_dagrun for prediction_dag to 2026-01-08 13:42:00+00:00, run_after=2026-01-08 13:44:00+00:00
[2026-01-08T13:42:27.458+0000] {processor.py:183} INFO - Processing /opt/airflow/dags/prediction_dag.py took 0.165 seconds
[2026-01-08T13:42:57.646+0000] {processor.py:161} INFO - Started process (PID=19059) to work on /opt/airflow/dags/prediction_dag.py
[2026-01-08T13:42:57.650+0000] {processor.py:830} INFO - Processing file /opt/airflow/dags/prediction_dag.py for tasks to queue
[2026-01-08T13:42:57.652+0000] {logging_mixin.py:188} INFO - [2026-01-08T13:42:57.651+0000] {dagbag.py:540} INFO - Filling up the DagBag from /opt/airflow/dags/prediction_dag.py
[2026-01-08T13:42:57.684+0000] {processor.py:840} INFO - DAG(s) 'prediction_dag' retrieved from /opt/airflow/dags/prediction_dag.py
[2026-01-08T13:42:57.764+0000] {logging_mixin.py:188} INFO - [2026-01-08T13:42:57.764+0000] {dag.py:3047} INFO - Sync 1 DAGs
[2026-01-08T13:42:57.801+0000] {logging_mixin.py:188} INFO - [2026-01-08T13:42:57.801+0000] {dag.py:3834} INFO - Setting next_dagrun for prediction_dag to 2026-01-08 13:42:00+00:00, run_after=2026-01-08 13:44:00+00:00
[2026-01-08T13:42:57.816+0000] {processor.py:183} INFO - Processing /opt/airflow/dags/prediction_dag.py took 0.183 seconds
[2026-01-08T13:43:28.194+0000] {processor.py:161} INFO - Started process (PID=19139) to work on /opt/airflow/dags/prediction_dag.py
[2026-01-08T13:43:28.197+0000] {processor.py:830} INFO - Processing file /opt/airflow/dags/prediction_dag.py for tasks to queue
[2026-01-08T13:43:28.198+0000] {logging_mixin.py:188} INFO - [2026-01-08T13:43:28.197+0000] {dagbag.py:540} INFO - Filling up the DagBag from /opt/airflow/dags/prediction_dag.py
[2026-01-08T13:43:28.230+0000] {processor.py:840} INFO - DAG(s) 'prediction_dag' retrieved from /opt/airflow/dags/prediction_dag.py
[2026-01-08T13:43:28.288+0000] {logging_mixin.py:188} INFO - [2026-01-08T13:43:28.288+0000] {dag.py:3047} INFO - Sync 1 DAGs
[2026-01-08T13:43:28.634+0000] {logging_mixin.py:188} INFO - [2026-01-08T13:43:28.634+0000] {dag.py:3834} INFO - Setting next_dagrun for prediction_dag to 2026-01-08 13:42:00+00:00, run_after=2026-01-08 13:44:00+00:00
[2026-01-08T13:43:28.648+0000] {processor.py:183} INFO - Processing /opt/airflow/dags/prediction_dag.py took 0.461 seconds
[2026-01-08T13:43:59.051+0000] {processor.py:161} INFO - Started process (PID=19157) to work on /opt/airflow/dags/prediction_dag.py
[2026-01-08T13:43:59.054+0000] {processor.py:830} INFO - Processing file /opt/airflow/dags/prediction_dag.py for tasks to queue
[2026-01-08T13:43:59.058+0000] {logging_mixin.py:188} INFO - [2026-01-08T13:43:59.057+0000] {dagbag.py:540} INFO - Filling up the DagBag from /opt/airflow/dags/prediction_dag.py
[2026-01-08T13:43:59.436+0000] {processor.py:840} INFO - DAG(s) 'prediction_dag' retrieved from /opt/airflow/dags/prediction_dag.py
[2026-01-08T13:43:59.464+0000] {logging_mixin.py:188} INFO - [2026-01-08T13:43:59.464+0000] {dag.py:3047} INFO - Sync 1 DAGs
[2026-01-08T13:43:59.487+0000] {logging_mixin.py:188} INFO - [2026-01-08T13:43:59.487+0000] {dag.py:3834} INFO - Setting next_dagrun for prediction_dag to 2026-01-08 13:42:00+00:00, run_after=2026-01-08 13:44:00+00:00
[2026-01-08T13:43:59.498+0000] {processor.py:183} INFO - Processing /opt/airflow/dags/prediction_dag.py took 0.469 seconds
[2026-01-08T13:44:30.351+0000] {processor.py:161} INFO - Started process (PID=19243) to work on /opt/airflow/dags/prediction_dag.py
[2026-01-08T13:44:30.355+0000] {processor.py:830} INFO - Processing file /opt/airflow/dags/prediction_dag.py for tasks to queue
[2026-01-08T13:44:30.356+0000] {logging_mixin.py:188} INFO - [2026-01-08T13:44:30.355+0000] {dagbag.py:540} INFO - Filling up the DagBag from /opt/airflow/dags/prediction_dag.py
[2026-01-08T13:44:30.391+0000] {processor.py:840} INFO - DAG(s) 'prediction_dag' retrieved from /opt/airflow/dags/prediction_dag.py
[2026-01-08T13:44:30.439+0000] {logging_mixin.py:188} INFO - [2026-01-08T13:44:30.439+0000] {dag.py:3047} INFO - Sync 1 DAGs
[2026-01-08T13:44:30.476+0000] {logging_mixin.py:188} INFO - [2026-01-08T13:44:30.475+0000] {dag.py:3834} INFO - Setting next_dagrun for prediction_dag to 2026-01-08 13:44:00+00:00, run_after=2026-01-08 13:46:00+00:00
[2026-01-08T13:44:30.489+0000] {processor.py:183} INFO - Processing /opt/airflow/dags/prediction_dag.py took 0.153 seconds
[2026-01-08T13:45:00.537+0000] {processor.py:161} INFO - Started process (PID=19262) to work on /opt/airflow/dags/prediction_dag.py
[2026-01-08T13:45:00.542+0000] {processor.py:830} INFO - Processing file /opt/airflow/dags/prediction_dag.py for tasks to queue
[2026-01-08T13:45:00.543+0000] {logging_mixin.py:188} INFO - [2026-01-08T13:45:00.543+0000] {dagbag.py:540} INFO - Filling up the DagBag from /opt/airflow/dags/prediction_dag.py
[2026-01-08T13:45:00.582+0000] {processor.py:840} INFO - DAG(s) 'prediction_dag' retrieved from /opt/airflow/dags/prediction_dag.py
[2026-01-08T13:45:00.654+0000] {logging_mixin.py:188} INFO - [2026-01-08T13:45:00.653+0000] {dag.py:3047} INFO - Sync 1 DAGs
[2026-01-08T13:45:00.697+0000] {logging_mixin.py:188} INFO - [2026-01-08T13:45:00.697+0000] {dag.py:3834} INFO - Setting next_dagrun for prediction_dag to 2026-01-08 13:44:00+00:00, run_after=2026-01-08 13:46:00+00:00
[2026-01-08T13:45:00.721+0000] {processor.py:183} INFO - Processing /opt/airflow/dags/prediction_dag.py took 0.193 seconds
[2026-01-08T13:45:31.068+0000] {processor.py:161} INFO - Started process (PID=19341) to work on /opt/airflow/dags/prediction_dag.py
[2026-01-08T13:45:31.072+0000] {processor.py:830} INFO - Processing file /opt/airflow/dags/prediction_dag.py for tasks to queue
[2026-01-08T13:45:31.075+0000] {logging_mixin.py:188} INFO - [2026-01-08T13:45:31.074+0000] {dagbag.py:540} INFO - Filling up the DagBag from /opt/airflow/dags/prediction_dag.py
[2026-01-08T13:45:31.117+0000] {processor.py:840} INFO - DAG(s) 'prediction_dag' retrieved from /opt/airflow/dags/prediction_dag.py
[2026-01-08T13:45:31.165+0000] {logging_mixin.py:188} INFO - [2026-01-08T13:45:31.165+0000] {dag.py:3047} INFO - Sync 1 DAGs
[2026-01-08T13:45:31.200+0000] {logging_mixin.py:188} INFO - [2026-01-08T13:45:31.200+0000] {dag.py:3834} INFO - Setting next_dagrun for prediction_dag to 2026-01-08 13:44:00+00:00, run_after=2026-01-08 13:46:00+00:00
[2026-01-08T13:45:31.213+0000] {processor.py:183} INFO - Processing /opt/airflow/dags/prediction_dag.py took 0.153 seconds
[2026-01-08T13:46:01.725+0000] {processor.py:161} INFO - Started process (PID=19364) to work on /opt/airflow/dags/prediction_dag.py
[2026-01-08T13:46:01.727+0000] {processor.py:830} INFO - Processing file /opt/airflow/dags/prediction_dag.py for tasks to queue
[2026-01-08T13:46:01.731+0000] {logging_mixin.py:188} INFO - [2026-01-08T13:46:01.730+0000] {dagbag.py:540} INFO - Filling up the DagBag from /opt/airflow/dags/prediction_dag.py
[2026-01-08T13:46:01.758+0000] {processor.py:840} INFO - DAG(s) 'prediction_dag' retrieved from /opt/airflow/dags/prediction_dag.py
[2026-01-08T13:46:01.797+0000] {logging_mixin.py:188} INFO - [2026-01-08T13:46:01.797+0000] {dag.py:3047} INFO - Sync 1 DAGs
[2026-01-08T13:46:01.828+0000] {logging_mixin.py:188} INFO - [2026-01-08T13:46:01.828+0000] {dag.py:3834} INFO - Setting next_dagrun for prediction_dag to 2026-01-08 13:46:00+00:00, run_after=2026-01-08 13:48:00+00:00
[2026-01-08T13:46:01.843+0000] {processor.py:183} INFO - Processing /opt/airflow/dags/prediction_dag.py took 0.125 seconds
[2026-01-08T13:46:32.244+0000] {processor.py:161} INFO - Started process (PID=19443) to work on /opt/airflow/dags/prediction_dag.py
[2026-01-08T13:46:32.245+0000] {processor.py:830} INFO - Processing file /opt/airflow/dags/prediction_dag.py for tasks to queue
[2026-01-08T13:46:32.247+0000] {logging_mixin.py:188} INFO - [2026-01-08T13:46:32.246+0000] {dagbag.py:540} INFO - Filling up the DagBag from /opt/airflow/dags/prediction_dag.py
[2026-01-08T13:46:32.264+0000] {processor.py:840} INFO - DAG(s) 'prediction_dag' retrieved from /opt/airflow/dags/prediction_dag.py
[2026-01-08T13:46:32.290+0000] {logging_mixin.py:188} INFO - [2026-01-08T13:46:32.290+0000] {dag.py:3047} INFO - Sync 1 DAGs
[2026-01-08T13:46:32.321+0000] {logging_mixin.py:188} INFO - [2026-01-08T13:46:32.321+0000] {dag.py:3834} INFO - Setting next_dagrun for prediction_dag to 2026-01-08 13:46:00+00:00, run_after=2026-01-08 13:48:00+00:00
[2026-01-08T13:46:32.333+0000] {processor.py:183} INFO - Processing /opt/airflow/dags/prediction_dag.py took 0.093 seconds
[2026-01-08T13:47:02.685+0000] {processor.py:161} INFO - Started process (PID=19462) to work on /opt/airflow/dags/prediction_dag.py
[2026-01-08T13:47:02.688+0000] {processor.py:830} INFO - Processing file /opt/airflow/dags/prediction_dag.py for tasks to queue
[2026-01-08T13:47:02.689+0000] {logging_mixin.py:188} INFO - [2026-01-08T13:47:02.688+0000] {dagbag.py:540} INFO - Filling up the DagBag from /opt/airflow/dags/prediction_dag.py
[2026-01-08T13:47:02.725+0000] {processor.py:840} INFO - DAG(s) 'prediction_dag' retrieved from /opt/airflow/dags/prediction_dag.py
[2026-01-08T13:47:02.778+0000] {logging_mixin.py:188} INFO - [2026-01-08T13:47:02.778+0000] {dag.py:3047} INFO - Sync 1 DAGs
[2026-01-08T13:47:02.830+0000] {logging_mixin.py:188} INFO - [2026-01-08T13:47:02.829+0000] {dag.py:3834} INFO - Setting next_dagrun for prediction_dag to 2026-01-08 13:46:00+00:00, run_after=2026-01-08 13:48:00+00:00
[2026-01-08T13:47:02.852+0000] {processor.py:183} INFO - Processing /opt/airflow/dags/prediction_dag.py took 0.173 seconds
[2026-01-08T13:47:33.423+0000] {processor.py:161} INFO - Started process (PID=19530) to work on /opt/airflow/dags/prediction_dag.py
[2026-01-08T13:47:33.429+0000] {processor.py:830} INFO - Processing file /opt/airflow/dags/prediction_dag.py for tasks to queue
[2026-01-08T13:47:33.432+0000] {logging_mixin.py:188} INFO - [2026-01-08T13:47:33.431+0000] {dagbag.py:540} INFO - Filling up the DagBag from /opt/airflow/dags/prediction_dag.py
[2026-01-08T13:47:33.482+0000] {processor.py:840} INFO - DAG(s) 'prediction_dag' retrieved from /opt/airflow/dags/prediction_dag.py
[2026-01-08T13:47:33.539+0000] {logging_mixin.py:188} INFO - [2026-01-08T13:47:33.538+0000] {dag.py:3047} INFO - Sync 1 DAGs
[2026-01-08T13:47:33.577+0000] {logging_mixin.py:188} INFO - [2026-01-08T13:47:33.577+0000] {dag.py:3834} INFO - Setting next_dagrun for prediction_dag to 2026-01-08 13:46:00+00:00, run_after=2026-01-08 13:48:00+00:00
[2026-01-08T13:47:33.594+0000] {processor.py:183} INFO - Processing /opt/airflow/dags/prediction_dag.py took 0.188 seconds
[2026-01-08T13:48:04.334+0000] {processor.py:161} INFO - Started process (PID=19563) to work on /opt/airflow/dags/prediction_dag.py
[2026-01-08T13:48:04.341+0000] {processor.py:830} INFO - Processing file /opt/airflow/dags/prediction_dag.py for tasks to queue
[2026-01-08T13:48:04.344+0000] {logging_mixin.py:188} INFO - [2026-01-08T13:48:04.343+0000] {dagbag.py:540} INFO - Filling up the DagBag from /opt/airflow/dags/prediction_dag.py
[2026-01-08T13:48:04.458+0000] {processor.py:840} INFO - DAG(s) 'prediction_dag' retrieved from /opt/airflow/dags/prediction_dag.py
[2026-01-08T13:48:04.581+0000] {logging_mixin.py:188} INFO - [2026-01-08T13:48:04.581+0000] {dag.py:3047} INFO - Sync 1 DAGs
[2026-01-08T13:48:04.637+0000] {logging_mixin.py:188} INFO - [2026-01-08T13:48:04.636+0000] {dag.py:3834} INFO - Setting next_dagrun for prediction_dag to 2026-01-08 13:48:00+00:00, run_after=2026-01-08 13:50:00+00:00
[2026-01-08T13:48:04.682+0000] {processor.py:183} INFO - Processing /opt/airflow/dags/prediction_dag.py took 0.372 seconds
[2026-01-08T13:48:35.397+0000] {processor.py:161} INFO - Started process (PID=19634) to work on /opt/airflow/dags/prediction_dag.py
[2026-01-08T13:48:35.400+0000] {processor.py:830} INFO - Processing file /opt/airflow/dags/prediction_dag.py for tasks to queue
[2026-01-08T13:48:35.401+0000] {logging_mixin.py:188} INFO - [2026-01-08T13:48:35.401+0000] {dagbag.py:540} INFO - Filling up the DagBag from /opt/airflow/dags/prediction_dag.py
[2026-01-08T13:48:35.440+0000] {processor.py:840} INFO - DAG(s) 'prediction_dag' retrieved from /opt/airflow/dags/prediction_dag.py
[2026-01-08T13:48:35.496+0000] {logging_mixin.py:188} INFO - [2026-01-08T13:48:35.496+0000] {dag.py:3047} INFO - Sync 1 DAGs
[2026-01-08T13:48:35.540+0000] {logging_mixin.py:188} INFO - [2026-01-08T13:48:35.540+0000] {dag.py:3834} INFO - Setting next_dagrun for prediction_dag to 2026-01-08 13:48:00+00:00, run_after=2026-01-08 13:50:00+00:00
[2026-01-08T13:48:35.561+0000] {processor.py:183} INFO - Processing /opt/airflow/dags/prediction_dag.py took 0.174 seconds
[2026-01-08T13:49:05.650+0000] {processor.py:161} INFO - Started process (PID=19672) to work on /opt/airflow/dags/prediction_dag.py
[2026-01-08T13:49:05.652+0000] {processor.py:830} INFO - Processing file /opt/airflow/dags/prediction_dag.py for tasks to queue
[2026-01-08T13:49:05.653+0000] {logging_mixin.py:188} INFO - [2026-01-08T13:49:05.653+0000] {dagbag.py:540} INFO - Filling up the DagBag from /opt/airflow/dags/prediction_dag.py
[2026-01-08T13:49:05.676+0000] {processor.py:840} INFO - DAG(s) 'prediction_dag' retrieved from /opt/airflow/dags/prediction_dag.py
[2026-01-08T13:49:05.710+0000] {logging_mixin.py:188} INFO - [2026-01-08T13:49:05.710+0000] {dag.py:3047} INFO - Sync 1 DAGs
[2026-01-08T13:49:05.734+0000] {logging_mixin.py:188} INFO - [2026-01-08T13:49:05.734+0000] {dag.py:3834} INFO - Setting next_dagrun for prediction_dag to 2026-01-08 13:48:00+00:00, run_after=2026-01-08 13:50:00+00:00
[2026-01-08T13:49:05.745+0000] {processor.py:183} INFO - Processing /opt/airflow/dags/prediction_dag.py took 0.102 seconds
[2026-01-08T13:49:36.122+0000] {processor.py:161} INFO - Started process (PID=19732) to work on /opt/airflow/dags/prediction_dag.py
[2026-01-08T13:49:36.125+0000] {processor.py:830} INFO - Processing file /opt/airflow/dags/prediction_dag.py for tasks to queue
[2026-01-08T13:49:36.126+0000] {logging_mixin.py:188} INFO - [2026-01-08T13:49:36.125+0000] {dagbag.py:540} INFO - Filling up the DagBag from /opt/airflow/dags/prediction_dag.py
[2026-01-08T13:49:36.159+0000] {processor.py:840} INFO - DAG(s) 'prediction_dag' retrieved from /opt/airflow/dags/prediction_dag.py
[2026-01-08T13:49:36.212+0000] {logging_mixin.py:188} INFO - [2026-01-08T13:49:36.211+0000] {dag.py:3047} INFO - Sync 1 DAGs
[2026-01-08T13:49:36.260+0000] {logging_mixin.py:188} INFO - [2026-01-08T13:49:36.259+0000] {dag.py:3834} INFO - Setting next_dagrun for prediction_dag to 2026-01-08 13:48:00+00:00, run_after=2026-01-08 13:50:00+00:00
[2026-01-08T13:49:36.279+0000] {processor.py:183} INFO - Processing /opt/airflow/dags/prediction_dag.py took 0.176 seconds
[2026-01-08T13:50:06.575+0000] {processor.py:161} INFO - Started process (PID=19776) to work on /opt/airflow/dags/prediction_dag.py
[2026-01-08T13:50:06.581+0000] {processor.py:830} INFO - Processing file /opt/airflow/dags/prediction_dag.py for tasks to queue
[2026-01-08T13:50:06.582+0000] {logging_mixin.py:188} INFO - [2026-01-08T13:50:06.582+0000] {dagbag.py:540} INFO - Filling up the DagBag from /opt/airflow/dags/prediction_dag.py
[2026-01-08T13:50:06.619+0000] {processor.py:840} INFO - DAG(s) 'prediction_dag' retrieved from /opt/airflow/dags/prediction_dag.py
[2026-01-08T13:50:06.684+0000] {logging_mixin.py:188} INFO - [2026-01-08T13:50:06.684+0000] {dag.py:3047} INFO - Sync 1 DAGs
[2026-01-08T13:50:06.716+0000] {logging_mixin.py:188} INFO - [2026-01-08T13:50:06.716+0000] {dag.py:3834} INFO - Setting next_dagrun for prediction_dag to 2026-01-08 13:50:00+00:00, run_after=2026-01-08 13:52:00+00:00
[2026-01-08T13:50:06.732+0000] {processor.py:183} INFO - Processing /opt/airflow/dags/prediction_dag.py took 0.164 seconds
[2026-01-08T13:50:36.818+0000] {processor.py:161} INFO - Started process (PID=19836) to work on /opt/airflow/dags/prediction_dag.py
[2026-01-08T13:50:36.820+0000] {processor.py:830} INFO - Processing file /opt/airflow/dags/prediction_dag.py for tasks to queue
[2026-01-08T13:50:36.822+0000] {logging_mixin.py:188} INFO - [2026-01-08T13:50:36.821+0000] {dagbag.py:540} INFO - Filling up the DagBag from /opt/airflow/dags/prediction_dag.py
[2026-01-08T13:50:36.861+0000] {processor.py:840} INFO - DAG(s) 'prediction_dag' retrieved from /opt/airflow/dags/prediction_dag.py
[2026-01-08T13:50:36.919+0000] {logging_mixin.py:188} INFO - [2026-01-08T13:50:36.918+0000] {dag.py:3047} INFO - Sync 1 DAGs
[2026-01-08T13:50:36.997+0000] {logging_mixin.py:188} INFO - [2026-01-08T13:50:36.996+0000] {dag.py:3834} INFO - Setting next_dagrun for prediction_dag to 2026-01-08 13:50:00+00:00, run_after=2026-01-08 13:52:00+00:00
[2026-01-08T13:50:37.017+0000] {processor.py:183} INFO - Processing /opt/airflow/dags/prediction_dag.py took 0.206 seconds
[2026-01-08T13:51:07.265+0000] {processor.py:161} INFO - Started process (PID=19883) to work on /opt/airflow/dags/prediction_dag.py
[2026-01-08T13:51:07.268+0000] {processor.py:830} INFO - Processing file /opt/airflow/dags/prediction_dag.py for tasks to queue
[2026-01-08T13:51:07.270+0000] {logging_mixin.py:188} INFO - [2026-01-08T13:51:07.269+0000] {dagbag.py:540} INFO - Filling up the DagBag from /opt/airflow/dags/prediction_dag.py
[2026-01-08T13:51:07.293+0000] {processor.py:840} INFO - DAG(s) 'prediction_dag' retrieved from /opt/airflow/dags/prediction_dag.py
[2026-01-08T13:51:07.337+0000] {logging_mixin.py:188} INFO - [2026-01-08T13:51:07.337+0000] {dag.py:3047} INFO - Sync 1 DAGs
[2026-01-08T13:51:07.365+0000] {logging_mixin.py:188} INFO - [2026-01-08T13:51:07.365+0000] {dag.py:3834} INFO - Setting next_dagrun for prediction_dag to 2026-01-08 13:50:00+00:00, run_after=2026-01-08 13:52:00+00:00
[2026-01-08T13:51:07.378+0000] {processor.py:183} INFO - Processing /opt/airflow/dags/prediction_dag.py took 0.124 seconds
[2026-01-08T13:51:37.673+0000] {processor.py:161} INFO - Started process (PID=19934) to work on /opt/airflow/dags/prediction_dag.py
[2026-01-08T13:51:37.676+0000] {processor.py:830} INFO - Processing file /opt/airflow/dags/prediction_dag.py for tasks to queue
[2026-01-08T13:51:37.681+0000] {logging_mixin.py:188} INFO - [2026-01-08T13:51:37.678+0000] {dagbag.py:540} INFO - Filling up the DagBag from /opt/airflow/dags/prediction_dag.py
[2026-01-08T13:51:37.714+0000] {processor.py:840} INFO - DAG(s) 'prediction_dag' retrieved from /opt/airflow/dags/prediction_dag.py
[2026-01-08T13:51:37.763+0000] {logging_mixin.py:188} INFO - [2026-01-08T13:51:37.763+0000] {dag.py:3047} INFO - Sync 1 DAGs
[2026-01-08T13:51:37.797+0000] {logging_mixin.py:188} INFO - [2026-01-08T13:51:37.797+0000] {dag.py:3834} INFO - Setting next_dagrun for prediction_dag to 2026-01-08 13:50:00+00:00, run_after=2026-01-08 13:52:00+00:00
[2026-01-08T13:51:37.817+0000] {processor.py:183} INFO - Processing /opt/airflow/dags/prediction_dag.py took 0.159 seconds
[2026-01-08T13:52:07.957+0000] {processor.py:161} INFO - Started process (PID=19990) to work on /opt/airflow/dags/prediction_dag.py
[2026-01-08T13:52:07.959+0000] {processor.py:830} INFO - Processing file /opt/airflow/dags/prediction_dag.py for tasks to queue
[2026-01-08T13:52:07.960+0000] {logging_mixin.py:188} INFO - [2026-01-08T13:52:07.960+0000] {dagbag.py:540} INFO - Filling up the DagBag from /opt/airflow/dags/prediction_dag.py
[2026-01-08T13:52:07.981+0000] {processor.py:840} INFO - DAG(s) 'prediction_dag' retrieved from /opt/airflow/dags/prediction_dag.py
[2026-01-08T13:52:08.008+0000] {logging_mixin.py:188} INFO - [2026-01-08T13:52:08.008+0000] {dag.py:3047} INFO - Sync 1 DAGs
[2026-01-08T13:52:08.030+0000] {logging_mixin.py:188} INFO - [2026-01-08T13:52:08.030+0000] {dag.py:3834} INFO - Setting next_dagrun for prediction_dag to 2026-01-08 13:52:00+00:00, run_after=2026-01-08 13:54:00+00:00
[2026-01-08T13:52:08.043+0000] {processor.py:183} INFO - Processing /opt/airflow/dags/prediction_dag.py took 0.092 seconds
[2026-01-08T13:52:38.576+0000] {processor.py:161} INFO - Started process (PID=20038) to work on /opt/airflow/dags/prediction_dag.py
[2026-01-08T13:52:38.581+0000] {processor.py:830} INFO - Processing file /opt/airflow/dags/prediction_dag.py for tasks to queue
[2026-01-08T13:52:38.584+0000] {logging_mixin.py:188} INFO - [2026-01-08T13:52:38.583+0000] {dagbag.py:540} INFO - Filling up the DagBag from /opt/airflow/dags/prediction_dag.py
[2026-01-08T13:52:38.611+0000] {processor.py:840} INFO - DAG(s) 'prediction_dag' retrieved from /opt/airflow/dags/prediction_dag.py
[2026-01-08T13:52:38.661+0000] {logging_mixin.py:188} INFO - [2026-01-08T13:52:38.661+0000] {dag.py:3047} INFO - Sync 1 DAGs
[2026-01-08T13:52:38.696+0000] {logging_mixin.py:188} INFO - [2026-01-08T13:52:38.695+0000] {dag.py:3834} INFO - Setting next_dagrun for prediction_dag to 2026-01-08 13:52:00+00:00, run_after=2026-01-08 13:54:00+00:00
[2026-01-08T13:52:38.709+0000] {processor.py:183} INFO - Processing /opt/airflow/dags/prediction_dag.py took 0.140 seconds
[2026-01-08T13:53:08.988+0000] {processor.py:161} INFO - Started process (PID=20088) to work on /opt/airflow/dags/prediction_dag.py
[2026-01-08T13:53:08.989+0000] {processor.py:830} INFO - Processing file /opt/airflow/dags/prediction_dag.py for tasks to queue
[2026-01-08T13:53:08.989+0000] {logging_mixin.py:188} INFO - [2026-01-08T13:53:08.989+0000] {dagbag.py:540} INFO - Filling up the DagBag from /opt/airflow/dags/prediction_dag.py
[2026-01-08T13:53:09.008+0000] {processor.py:840} INFO - DAG(s) 'prediction_dag' retrieved from /opt/airflow/dags/prediction_dag.py
[2026-01-08T13:53:09.049+0000] {logging_mixin.py:188} INFO - [2026-01-08T13:53:09.049+0000] {dag.py:3047} INFO - Sync 1 DAGs
[2026-01-08T13:53:09.079+0000] {logging_mixin.py:188} INFO - [2026-01-08T13:53:09.078+0000] {dag.py:3834} INFO - Setting next_dagrun for prediction_dag to 2026-01-08 13:52:00+00:00, run_after=2026-01-08 13:54:00+00:00
[2026-01-08T13:53:09.091+0000] {processor.py:183} INFO - Processing /opt/airflow/dags/prediction_dag.py took 0.108 seconds
[2026-01-08T13:53:39.471+0000] {processor.py:161} INFO - Started process (PID=20136) to work on /opt/airflow/dags/prediction_dag.py
[2026-01-08T13:53:39.473+0000] {processor.py:830} INFO - Processing file /opt/airflow/dags/prediction_dag.py for tasks to queue
[2026-01-08T13:53:39.475+0000] {logging_mixin.py:188} INFO - [2026-01-08T13:53:39.474+0000] {dagbag.py:540} INFO - Filling up the DagBag from /opt/airflow/dags/prediction_dag.py
[2026-01-08T13:53:39.499+0000] {processor.py:840} INFO - DAG(s) 'prediction_dag' retrieved from /opt/airflow/dags/prediction_dag.py
[2026-01-08T13:53:39.535+0000] {logging_mixin.py:188} INFO - [2026-01-08T13:53:39.535+0000] {dag.py:3047} INFO - Sync 1 DAGs
[2026-01-08T13:53:39.562+0000] {logging_mixin.py:188} INFO - [2026-01-08T13:53:39.562+0000] {dag.py:3834} INFO - Setting next_dagrun for prediction_dag to 2026-01-08 13:52:00+00:00, run_after=2026-01-08 13:54:00+00:00
[2026-01-08T13:53:39.577+0000] {processor.py:183} INFO - Processing /opt/airflow/dags/prediction_dag.py took 0.113 seconds
[2026-01-08T13:54:09.905+0000] {processor.py:161} INFO - Started process (PID=20196) to work on /opt/airflow/dags/prediction_dag.py
[2026-01-08T13:54:09.908+0000] {processor.py:830} INFO - Processing file /opt/airflow/dags/prediction_dag.py for tasks to queue
[2026-01-08T13:54:09.912+0000] {logging_mixin.py:188} INFO - [2026-01-08T13:54:09.911+0000] {dagbag.py:540} INFO - Filling up the DagBag from /opt/airflow/dags/prediction_dag.py
[2026-01-08T13:54:09.955+0000] {processor.py:840} INFO - DAG(s) 'prediction_dag' retrieved from /opt/airflow/dags/prediction_dag.py
[2026-01-08T13:54:10.036+0000] {logging_mixin.py:188} INFO - [2026-01-08T13:54:10.035+0000] {dag.py:3047} INFO - Sync 1 DAGs
[2026-01-08T13:54:10.126+0000] {logging_mixin.py:188} INFO - [2026-01-08T13:54:10.126+0000] {dag.py:3834} INFO - Setting next_dagrun for prediction_dag to 2026-01-08 13:54:00+00:00, run_after=2026-01-08 13:56:00+00:00
[2026-01-08T13:54:10.166+0000] {processor.py:183} INFO - Processing /opt/airflow/dags/prediction_dag.py took 0.268 seconds
[2026-01-08T13:54:40.642+0000] {processor.py:161} INFO - Started process (PID=20230) to work on /opt/airflow/dags/prediction_dag.py
[2026-01-08T13:54:40.645+0000] {processor.py:830} INFO - Processing file /opt/airflow/dags/prediction_dag.py for tasks to queue
[2026-01-08T13:54:40.648+0000] {logging_mixin.py:188} INFO - [2026-01-08T13:54:40.647+0000] {dagbag.py:540} INFO - Filling up the DagBag from /opt/airflow/dags/prediction_dag.py
[2026-01-08T13:54:40.671+0000] {processor.py:840} INFO - DAG(s) 'prediction_dag' retrieved from /opt/airflow/dags/prediction_dag.py
[2026-01-08T13:54:40.717+0000] {logging_mixin.py:188} INFO - [2026-01-08T13:54:40.717+0000] {dag.py:3047} INFO - Sync 1 DAGs
[2026-01-08T13:54:40.751+0000] {logging_mixin.py:188} INFO - [2026-01-08T13:54:40.751+0000] {dag.py:3834} INFO - Setting next_dagrun for prediction_dag to 2026-01-08 13:54:00+00:00, run_after=2026-01-08 13:56:00+00:00
[2026-01-08T13:54:40.770+0000] {processor.py:183} INFO - Processing /opt/airflow/dags/prediction_dag.py took 0.135 seconds
[2026-01-08T13:55:11.356+0000] {processor.py:161} INFO - Started process (PID=20304) to work on /opt/airflow/dags/prediction_dag.py
[2026-01-08T13:55:11.361+0000] {processor.py:830} INFO - Processing file /opt/airflow/dags/prediction_dag.py for tasks to queue
[2026-01-08T13:55:11.363+0000] {logging_mixin.py:188} INFO - [2026-01-08T13:55:11.362+0000] {dagbag.py:540} INFO - Filling up the DagBag from /opt/airflow/dags/prediction_dag.py
[2026-01-08T13:55:11.452+0000] {processor.py:840} INFO - DAG(s) 'prediction_dag' retrieved from /opt/airflow/dags/prediction_dag.py
[2026-01-08T13:55:11.511+0000] {logging_mixin.py:188} INFO - [2026-01-08T13:55:11.511+0000] {dag.py:3047} INFO - Sync 1 DAGs
[2026-01-08T13:55:11.549+0000] {logging_mixin.py:188} INFO - [2026-01-08T13:55:11.549+0000] {dag.py:3834} INFO - Setting next_dagrun for prediction_dag to 2026-01-08 13:54:00+00:00, run_after=2026-01-08 13:56:00+00:00
[2026-01-08T13:55:11.580+0000] {processor.py:183} INFO - Processing /opt/airflow/dags/prediction_dag.py took 0.257 seconds
[2026-01-08T13:55:41.724+0000] {processor.py:161} INFO - Started process (PID=20325) to work on /opt/airflow/dags/prediction_dag.py
[2026-01-08T13:55:41.726+0000] {processor.py:830} INFO - Processing file /opt/airflow/dags/prediction_dag.py for tasks to queue
[2026-01-08T13:55:41.729+0000] {logging_mixin.py:188} INFO - [2026-01-08T13:55:41.727+0000] {dagbag.py:540} INFO - Filling up the DagBag from /opt/airflow/dags/prediction_dag.py
[2026-01-08T13:55:41.760+0000] {processor.py:840} INFO - DAG(s) 'prediction_dag' retrieved from /opt/airflow/dags/prediction_dag.py
[2026-01-08T13:55:41.809+0000] {logging_mixin.py:188} INFO - [2026-01-08T13:55:41.809+0000] {dag.py:3047} INFO - Sync 1 DAGs
[2026-01-08T13:55:41.847+0000] {logging_mixin.py:188} INFO - [2026-01-08T13:55:41.847+0000] {dag.py:3834} INFO - Setting next_dagrun for prediction_dag to 2026-01-08 13:54:00+00:00, run_after=2026-01-08 13:56:00+00:00
[2026-01-08T13:55:41.868+0000] {processor.py:183} INFO - Processing /opt/airflow/dags/prediction_dag.py took 0.151 seconds
[2026-01-08T13:56:12.027+0000] {processor.py:161} INFO - Started process (PID=20387) to work on /opt/airflow/dags/prediction_dag.py
[2026-01-08T13:56:12.030+0000] {processor.py:830} INFO - Processing file /opt/airflow/dags/prediction_dag.py for tasks to queue
[2026-01-08T13:56:12.032+0000] {logging_mixin.py:188} INFO - [2026-01-08T13:56:12.031+0000] {dagbag.py:540} INFO - Filling up the DagBag from /opt/airflow/dags/prediction_dag.py
[2026-01-08T13:56:12.096+0000] {processor.py:840} INFO - DAG(s) 'prediction_dag' retrieved from /opt/airflow/dags/prediction_dag.py
[2026-01-08T13:56:12.186+0000] {logging_mixin.py:188} INFO - [2026-01-08T13:56:12.185+0000] {dag.py:3047} INFO - Sync 1 DAGs
[2026-01-08T13:56:12.305+0000] {logging_mixin.py:188} INFO - [2026-01-08T13:56:12.305+0000] {dag.py:3834} INFO - Setting next_dagrun for prediction_dag to 2026-01-08 13:56:00+00:00, run_after=2026-01-08 13:58:00+00:00
[2026-01-08T13:56:12.395+0000] {processor.py:183} INFO - Processing /opt/airflow/dags/prediction_dag.py took 0.385 seconds
[2026-01-08T13:56:42.660+0000] {processor.py:161} INFO - Started process (PID=20429) to work on /opt/airflow/dags/prediction_dag.py
[2026-01-08T13:56:42.663+0000] {processor.py:830} INFO - Processing file /opt/airflow/dags/prediction_dag.py for tasks to queue
[2026-01-08T13:56:42.664+0000] {logging_mixin.py:188} INFO - [2026-01-08T13:56:42.664+0000] {dagbag.py:540} INFO - Filling up the DagBag from /opt/airflow/dags/prediction_dag.py
[2026-01-08T13:56:42.693+0000] {processor.py:840} INFO - DAG(s) 'prediction_dag' retrieved from /opt/airflow/dags/prediction_dag.py
[2026-01-08T13:56:42.731+0000] {logging_mixin.py:188} INFO - [2026-01-08T13:56:42.731+0000] {dag.py:3047} INFO - Sync 1 DAGs
[2026-01-08T13:56:42.763+0000] {logging_mixin.py:188} INFO - [2026-01-08T13:56:42.763+0000] {dag.py:3834} INFO - Setting next_dagrun for prediction_dag to 2026-01-08 13:56:00+00:00, run_after=2026-01-08 13:58:00+00:00
[2026-01-08T13:56:42.782+0000] {processor.py:183} INFO - Processing /opt/airflow/dags/prediction_dag.py took 0.137 seconds
[2026-01-08T13:57:12.899+0000] {processor.py:161} INFO - Started process (PID=20509) to work on /opt/airflow/dags/prediction_dag.py
[2026-01-08T13:57:12.904+0000] {processor.py:830} INFO - Processing file /opt/airflow/dags/prediction_dag.py for tasks to queue
[2026-01-08T13:57:12.905+0000] {logging_mixin.py:188} INFO - [2026-01-08T13:57:12.905+0000] {dagbag.py:540} INFO - Filling up the DagBag from /opt/airflow/dags/prediction_dag.py
[2026-01-08T13:57:12.937+0000] {processor.py:840} INFO - DAG(s) 'prediction_dag' retrieved from /opt/airflow/dags/prediction_dag.py
[2026-01-08T13:57:12.983+0000] {logging_mixin.py:188} INFO - [2026-01-08T13:57:12.982+0000] {dag.py:3047} INFO - Sync 1 DAGs
[2026-01-08T13:57:13.013+0000] {logging_mixin.py:188} INFO - [2026-01-08T13:57:13.013+0000] {dag.py:3834} INFO - Setting next_dagrun for prediction_dag to 2026-01-08 13:56:00+00:00, run_after=2026-01-08 13:58:00+00:00
[2026-01-08T13:57:13.032+0000] {processor.py:183} INFO - Processing /opt/airflow/dags/prediction_dag.py took 0.145 seconds
[2026-01-08T13:57:43.438+0000] {processor.py:161} INFO - Started process (PID=20527) to work on /opt/airflow/dags/prediction_dag.py
[2026-01-08T13:57:43.443+0000] {processor.py:830} INFO - Processing file /opt/airflow/dags/prediction_dag.py for tasks to queue
[2026-01-08T13:57:43.444+0000] {logging_mixin.py:188} INFO - [2026-01-08T13:57:43.444+0000] {dagbag.py:540} INFO - Filling up the DagBag from /opt/airflow/dags/prediction_dag.py
[2026-01-08T13:57:43.482+0000] {processor.py:840} INFO - DAG(s) 'prediction_dag' retrieved from /opt/airflow/dags/prediction_dag.py
[2026-01-08T13:57:43.552+0000] {logging_mixin.py:188} INFO - [2026-01-08T13:57:43.551+0000] {dag.py:3047} INFO - Sync 1 DAGs
[2026-01-08T13:57:43.590+0000] {logging_mixin.py:188} INFO - [2026-01-08T13:57:43.590+0000] {dag.py:3834} INFO - Setting next_dagrun for prediction_dag to 2026-01-08 13:56:00+00:00, run_after=2026-01-08 13:58:00+00:00
[2026-01-08T13:57:43.609+0000] {processor.py:183} INFO - Processing /opt/airflow/dags/prediction_dag.py took 0.180 seconds
[2026-01-08T13:58:13.993+0000] {processor.py:161} INFO - Started process (PID=20613) to work on /opt/airflow/dags/prediction_dag.py
[2026-01-08T13:58:13.996+0000] {processor.py:830} INFO - Processing file /opt/airflow/dags/prediction_dag.py for tasks to queue
[2026-01-08T13:58:13.998+0000] {logging_mixin.py:188} INFO - [2026-01-08T13:58:13.997+0000] {dagbag.py:540} INFO - Filling up the DagBag from /opt/airflow/dags/prediction_dag.py
[2026-01-08T13:58:14.037+0000] {processor.py:840} INFO - DAG(s) 'prediction_dag' retrieved from /opt/airflow/dags/prediction_dag.py
[2026-01-08T13:58:14.079+0000] {logging_mixin.py:188} INFO - [2026-01-08T13:58:14.079+0000] {dag.py:3047} INFO - Sync 1 DAGs
[2026-01-08T13:58:14.116+0000] {logging_mixin.py:188} INFO - [2026-01-08T13:58:14.116+0000] {dag.py:3834} INFO - Setting next_dagrun for prediction_dag to 2026-01-08 13:58:00+00:00, run_after=2026-01-08 14:00:00+00:00
[2026-01-08T13:58:14.133+0000] {processor.py:183} INFO - Processing /opt/airflow/dags/prediction_dag.py took 0.153 seconds
[2026-01-08T13:58:44.654+0000] {processor.py:161} INFO - Started process (PID=20631) to work on /opt/airflow/dags/prediction_dag.py
[2026-01-08T13:58:44.657+0000] {processor.py:830} INFO - Processing file /opt/airflow/dags/prediction_dag.py for tasks to queue
[2026-01-08T13:58:44.660+0000] {logging_mixin.py:188} INFO - [2026-01-08T13:58:44.658+0000] {dagbag.py:540} INFO - Filling up the DagBag from /opt/airflow/dags/prediction_dag.py
[2026-01-08T13:58:44.698+0000] {processor.py:840} INFO - DAG(s) 'prediction_dag' retrieved from /opt/airflow/dags/prediction_dag.py
[2026-01-08T13:58:44.752+0000] {logging_mixin.py:188} INFO - [2026-01-08T13:58:44.752+0000] {dag.py:3047} INFO - Sync 1 DAGs
[2026-01-08T13:58:44.791+0000] {logging_mixin.py:188} INFO - [2026-01-08T13:58:44.791+0000] {dag.py:3834} INFO - Setting next_dagrun for prediction_dag to 2026-01-08 13:58:00+00:00, run_after=2026-01-08 14:00:00+00:00
[2026-01-08T13:58:44.834+0000] {processor.py:183} INFO - Processing /opt/airflow/dags/prediction_dag.py took 0.191 seconds
[2026-01-08T13:59:15.190+0000] {processor.py:161} INFO - Started process (PID=20711) to work on /opt/airflow/dags/prediction_dag.py
[2026-01-08T13:59:15.193+0000] {processor.py:830} INFO - Processing file /opt/airflow/dags/prediction_dag.py for tasks to queue
[2026-01-08T13:59:15.198+0000] {logging_mixin.py:188} INFO - [2026-01-08T13:59:15.195+0000] {dagbag.py:540} INFO - Filling up the DagBag from /opt/airflow/dags/prediction_dag.py
[2026-01-08T13:59:15.264+0000] {processor.py:840} INFO - DAG(s) 'prediction_dag' retrieved from /opt/airflow/dags/prediction_dag.py
[2026-01-08T13:59:15.335+0000] {logging_mixin.py:188} INFO - [2026-01-08T13:59:15.335+0000] {dag.py:3047} INFO - Sync 1 DAGs
[2026-01-08T13:59:15.476+0000] {logging_mixin.py:188} INFO - [2026-01-08T13:59:15.476+0000] {dag.py:3834} INFO - Setting next_dagrun for prediction_dag to 2026-01-08 13:58:00+00:00, run_after=2026-01-08 14:00:00+00:00
[2026-01-08T13:59:15.518+0000] {processor.py:183} INFO - Processing /opt/airflow/dags/prediction_dag.py took 0.343 seconds
[2026-01-08T13:59:45.971+0000] {processor.py:161} INFO - Started process (PID=20729) to work on /opt/airflow/dags/prediction_dag.py
[2026-01-08T13:59:45.974+0000] {processor.py:830} INFO - Processing file /opt/airflow/dags/prediction_dag.py for tasks to queue
[2026-01-08T13:59:45.976+0000] {logging_mixin.py:188} INFO - [2026-01-08T13:59:45.975+0000] {dagbag.py:540} INFO - Filling up the DagBag from /opt/airflow/dags/prediction_dag.py
[2026-01-08T13:59:46.011+0000] {processor.py:840} INFO - DAG(s) 'prediction_dag' retrieved from /opt/airflow/dags/prediction_dag.py
[2026-01-08T13:59:46.067+0000] {logging_mixin.py:188} INFO - [2026-01-08T13:59:46.067+0000] {dag.py:3047} INFO - Sync 1 DAGs
[2026-01-08T13:59:46.103+0000] {logging_mixin.py:188} INFO - [2026-01-08T13:59:46.103+0000] {dag.py:3834} INFO - Setting next_dagrun for prediction_dag to 2026-01-08 13:58:00+00:00, run_after=2026-01-08 14:00:00+00:00
[2026-01-08T13:59:46.123+0000] {processor.py:183} INFO - Processing /opt/airflow/dags/prediction_dag.py took 0.164 seconds
[2026-01-08T14:00:16.295+0000] {processor.py:161} INFO - Started process (PID=20815) to work on /opt/airflow/dags/prediction_dag.py
[2026-01-08T14:00:16.297+0000] {processor.py:830} INFO - Processing file /opt/airflow/dags/prediction_dag.py for tasks to queue
[2026-01-08T14:00:16.298+0000] {logging_mixin.py:188} INFO - [2026-01-08T14:00:16.298+0000] {dagbag.py:540} INFO - Filling up the DagBag from /opt/airflow/dags/prediction_dag.py
[2026-01-08T14:00:16.324+0000] {processor.py:840} INFO - DAG(s) 'prediction_dag' retrieved from /opt/airflow/dags/prediction_dag.py
[2026-01-08T14:00:16.383+0000] {logging_mixin.py:188} INFO - [2026-01-08T14:00:16.383+0000] {dag.py:3047} INFO - Sync 1 DAGs
[2026-01-08T14:00:16.418+0000] {logging_mixin.py:188} INFO - [2026-01-08T14:00:16.418+0000] {dag.py:3834} INFO - Setting next_dagrun for prediction_dag to 2026-01-08 14:00:00+00:00, run_after=2026-01-08 14:02:00+00:00
[2026-01-08T14:00:16.440+0000] {processor.py:183} INFO - Processing /opt/airflow/dags/prediction_dag.py took 0.153 seconds
[2026-01-08T14:00:46.815+0000] {processor.py:161} INFO - Started process (PID=20833) to work on /opt/airflow/dags/prediction_dag.py
[2026-01-08T14:00:46.818+0000] {processor.py:830} INFO - Processing file /opt/airflow/dags/prediction_dag.py for tasks to queue
[2026-01-08T14:00:46.819+0000] {logging_mixin.py:188} INFO - [2026-01-08T14:00:46.819+0000] {dagbag.py:540} INFO - Filling up the DagBag from /opt/airflow/dags/prediction_dag.py
[2026-01-08T14:00:46.842+0000] {processor.py:840} INFO - DAG(s) 'prediction_dag' retrieved from /opt/airflow/dags/prediction_dag.py
[2026-01-08T14:00:46.879+0000] {logging_mixin.py:188} INFO - [2026-01-08T14:00:46.879+0000] {dag.py:3047} INFO - Sync 1 DAGs
[2026-01-08T14:00:46.907+0000] {logging_mixin.py:188} INFO - [2026-01-08T14:00:46.906+0000] {dag.py:3834} INFO - Setting next_dagrun for prediction_dag to 2026-01-08 14:00:00+00:00, run_after=2026-01-08 14:02:00+00:00
[2026-01-08T14:00:46.920+0000] {processor.py:183} INFO - Processing /opt/airflow/dags/prediction_dag.py took 0.123 seconds
[2026-01-08T14:01:17.349+0000] {processor.py:161} INFO - Started process (PID=20913) to work on /opt/airflow/dags/prediction_dag.py
[2026-01-08T14:01:17.352+0000] {processor.py:830} INFO - Processing file /opt/airflow/dags/prediction_dag.py for tasks to queue
[2026-01-08T14:01:17.353+0000] {logging_mixin.py:188} INFO - [2026-01-08T14:01:17.353+0000] {dagbag.py:540} INFO - Filling up the DagBag from /opt/airflow/dags/prediction_dag.py
[2026-01-08T14:01:17.381+0000] {processor.py:840} INFO - DAG(s) 'prediction_dag' retrieved from /opt/airflow/dags/prediction_dag.py
[2026-01-08T14:01:17.419+0000] {logging_mixin.py:188} INFO - [2026-01-08T14:01:17.419+0000] {dag.py:3047} INFO - Sync 1 DAGs
[2026-01-08T14:01:17.449+0000] {logging_mixin.py:188} INFO - [2026-01-08T14:01:17.449+0000] {dag.py:3834} INFO - Setting next_dagrun for prediction_dag to 2026-01-08 14:00:00+00:00, run_after=2026-01-08 14:02:00+00:00
[2026-01-08T14:01:17.461+0000] {processor.py:183} INFO - Processing /opt/airflow/dags/prediction_dag.py took 0.124 seconds
[2026-01-08T14:01:47.703+0000] {processor.py:161} INFO - Started process (PID=20921) to work on /opt/airflow/dags/prediction_dag.py
[2026-01-08T14:01:47.705+0000] {processor.py:830} INFO - Processing file /opt/airflow/dags/prediction_dag.py for tasks to queue
[2026-01-08T14:01:47.707+0000] {logging_mixin.py:188} INFO - [2026-01-08T14:01:47.706+0000] {dagbag.py:540} INFO - Filling up the DagBag from /opt/airflow/dags/prediction_dag.py
[2026-01-08T14:01:47.737+0000] {processor.py:840} INFO - DAG(s) 'prediction_dag' retrieved from /opt/airflow/dags/prediction_dag.py
[2026-01-08T14:01:47.792+0000] {logging_mixin.py:188} INFO - [2026-01-08T14:01:47.792+0000] {dag.py:3047} INFO - Sync 1 DAGs
[2026-01-08T14:01:47.827+0000] {logging_mixin.py:188} INFO - [2026-01-08T14:01:47.827+0000] {dag.py:3834} INFO - Setting next_dagrun for prediction_dag to 2026-01-08 14:00:00+00:00, run_after=2026-01-08 14:02:00+00:00
[2026-01-08T14:01:47.845+0000] {processor.py:183} INFO - Processing /opt/airflow/dags/prediction_dag.py took 0.149 seconds
[2026-01-08T14:02:18.173+0000] {processor.py:161} INFO - Started process (PID=21004) to work on /opt/airflow/dags/prediction_dag.py
[2026-01-08T14:02:18.178+0000] {processor.py:830} INFO - Processing file /opt/airflow/dags/prediction_dag.py for tasks to queue
[2026-01-08T14:02:18.180+0000] {logging_mixin.py:188} INFO - [2026-01-08T14:02:18.179+0000] {dagbag.py:540} INFO - Filling up the DagBag from /opt/airflow/dags/prediction_dag.py
[2026-01-08T14:02:18.214+0000] {processor.py:840} INFO - DAG(s) 'prediction_dag' retrieved from /opt/airflow/dags/prediction_dag.py
[2026-01-08T14:02:18.265+0000] {logging_mixin.py:188} INFO - [2026-01-08T14:02:18.264+0000] {dag.py:3047} INFO - Sync 1 DAGs
[2026-01-08T14:02:18.303+0000] {logging_mixin.py:188} INFO - [2026-01-08T14:02:18.302+0000] {dag.py:3834} INFO - Setting next_dagrun for prediction_dag to 2026-01-08 14:02:00+00:00, run_after=2026-01-08 14:04:00+00:00
[2026-01-08T14:02:18.320+0000] {processor.py:183} INFO - Processing /opt/airflow/dags/prediction_dag.py took 0.161 seconds
[2026-01-08T14:02:48.775+0000] {processor.py:161} INFO - Started process (PID=21022) to work on /opt/airflow/dags/prediction_dag.py
[2026-01-08T14:02:48.778+0000] {processor.py:830} INFO - Processing file /opt/airflow/dags/prediction_dag.py for tasks to queue
[2026-01-08T14:02:48.780+0000] {logging_mixin.py:188} INFO - [2026-01-08T14:02:48.779+0000] {dagbag.py:540} INFO - Filling up the DagBag from /opt/airflow/dags/prediction_dag.py
[2026-01-08T14:02:48.817+0000] {processor.py:840} INFO - DAG(s) 'prediction_dag' retrieved from /opt/airflow/dags/prediction_dag.py
[2026-01-08T14:02:48.862+0000] {logging_mixin.py:188} INFO - [2026-01-08T14:02:48.861+0000] {dag.py:3047} INFO - Sync 1 DAGs
[2026-01-08T14:02:48.895+0000] {logging_mixin.py:188} INFO - [2026-01-08T14:02:48.895+0000] {dag.py:3834} INFO - Setting next_dagrun for prediction_dag to 2026-01-08 14:02:00+00:00, run_after=2026-01-08 14:04:00+00:00
[2026-01-08T14:02:48.908+0000] {processor.py:183} INFO - Processing /opt/airflow/dags/prediction_dag.py took 0.150 seconds
[2026-01-08T14:03:19.319+0000] {processor.py:161} INFO - Started process (PID=21102) to work on /opt/airflow/dags/prediction_dag.py
[2026-01-08T14:03:19.330+0000] {processor.py:830} INFO - Processing file /opt/airflow/dags/prediction_dag.py for tasks to queue
[2026-01-08T14:03:19.340+0000] {logging_mixin.py:188} INFO - [2026-01-08T14:03:19.337+0000] {dagbag.py:540} INFO - Filling up the DagBag from /opt/airflow/dags/prediction_dag.py
[2026-01-08T14:03:19.405+0000] {processor.py:840} INFO - DAG(s) 'prediction_dag' retrieved from /opt/airflow/dags/prediction_dag.py
[2026-01-08T14:03:19.474+0000] {logging_mixin.py:188} INFO - [2026-01-08T14:03:19.474+0000] {dag.py:3047} INFO - Sync 1 DAGs
[2026-01-08T14:03:19.521+0000] {logging_mixin.py:188} INFO - [2026-01-08T14:03:19.521+0000] {dag.py:3834} INFO - Setting next_dagrun for prediction_dag to 2026-01-08 14:02:00+00:00, run_after=2026-01-08 14:04:00+00:00
[2026-01-08T14:03:19.541+0000] {processor.py:183} INFO - Processing /opt/airflow/dags/prediction_dag.py took 0.235 seconds
[2026-01-08T14:03:50.188+0000] {processor.py:161} INFO - Started process (PID=21120) to work on /opt/airflow/dags/prediction_dag.py
[2026-01-08T14:03:50.190+0000] {processor.py:830} INFO - Processing file /opt/airflow/dags/prediction_dag.py for tasks to queue
[2026-01-08T14:03:50.192+0000] {logging_mixin.py:188} INFO - [2026-01-08T14:03:50.191+0000] {dagbag.py:540} INFO - Filling up the DagBag from /opt/airflow/dags/prediction_dag.py
[2026-01-08T14:03:50.225+0000] {processor.py:840} INFO - DAG(s) 'prediction_dag' retrieved from /opt/airflow/dags/prediction_dag.py
[2026-01-08T14:03:50.276+0000] {logging_mixin.py:188} INFO - [2026-01-08T14:03:50.275+0000] {dag.py:3047} INFO - Sync 1 DAGs
[2026-01-08T14:03:50.314+0000] {logging_mixin.py:188} INFO - [2026-01-08T14:03:50.314+0000] {dag.py:3834} INFO - Setting next_dagrun for prediction_dag to 2026-01-08 14:02:00+00:00, run_after=2026-01-08 14:04:00+00:00
[2026-01-08T14:03:50.334+0000] {processor.py:183} INFO - Processing /opt/airflow/dags/prediction_dag.py took 0.153 seconds
[2026-01-08T14:04:20.992+0000] {processor.py:161} INFO - Started process (PID=21206) to work on /opt/airflow/dags/prediction_dag.py
[2026-01-08T14:04:20.994+0000] {processor.py:830} INFO - Processing file /opt/airflow/dags/prediction_dag.py for tasks to queue
[2026-01-08T14:04:20.995+0000] {logging_mixin.py:188} INFO - [2026-01-08T14:04:20.995+0000] {dagbag.py:540} INFO - Filling up the DagBag from /opt/airflow/dags/prediction_dag.py
[2026-01-08T14:04:21.028+0000] {processor.py:840} INFO - DAG(s) 'prediction_dag' retrieved from /opt/airflow/dags/prediction_dag.py
[2026-01-08T14:04:21.081+0000] {logging_mixin.py:188} INFO - [2026-01-08T14:04:21.081+0000] {dag.py:3047} INFO - Sync 1 DAGs
[2026-01-08T14:04:21.118+0000] {logging_mixin.py:188} INFO - [2026-01-08T14:04:21.118+0000] {dag.py:3834} INFO - Setting next_dagrun for prediction_dag to 2026-01-08 14:04:00+00:00, run_after=2026-01-08 14:06:00+00:00
[2026-01-08T14:04:21.132+0000] {processor.py:183} INFO - Processing /opt/airflow/dags/prediction_dag.py took 0.149 seconds
[2026-01-08T14:04:51.371+0000] {processor.py:161} INFO - Started process (PID=21224) to work on /opt/airflow/dags/prediction_dag.py
[2026-01-08T14:04:51.374+0000] {processor.py:830} INFO - Processing file /opt/airflow/dags/prediction_dag.py for tasks to queue
[2026-01-08T14:04:51.375+0000] {logging_mixin.py:188} INFO - [2026-01-08T14:04:51.375+0000] {dagbag.py:540} INFO - Filling up the DagBag from /opt/airflow/dags/prediction_dag.py
[2026-01-08T14:04:51.412+0000] {processor.py:840} INFO - DAG(s) 'prediction_dag' retrieved from /opt/airflow/dags/prediction_dag.py
[2026-01-08T14:04:51.455+0000] {logging_mixin.py:188} INFO - [2026-01-08T14:04:51.455+0000] {dag.py:3047} INFO - Sync 1 DAGs
[2026-01-08T14:04:51.483+0000] {logging_mixin.py:188} INFO - [2026-01-08T14:04:51.483+0000] {dag.py:3834} INFO - Setting next_dagrun for prediction_dag to 2026-01-08 14:04:00+00:00, run_after=2026-01-08 14:06:00+00:00
[2026-01-08T14:04:51.497+0000] {processor.py:183} INFO - Processing /opt/airflow/dags/prediction_dag.py took 0.144 seconds
[2026-01-08T14:05:22.442+0000] {processor.py:161} INFO - Started process (PID=21304) to work on /opt/airflow/dags/prediction_dag.py
[2026-01-08T14:05:22.448+0000] {processor.py:830} INFO - Processing file /opt/airflow/dags/prediction_dag.py for tasks to queue
[2026-01-08T14:05:22.450+0000] {logging_mixin.py:188} INFO - [2026-01-08T14:05:22.450+0000] {dagbag.py:540} INFO - Filling up the DagBag from /opt/airflow/dags/prediction_dag.py
[2026-01-08T14:05:22.503+0000] {processor.py:840} INFO - DAG(s) 'prediction_dag' retrieved from /opt/airflow/dags/prediction_dag.py
[2026-01-08T14:05:22.580+0000] {logging_mixin.py:188} INFO - [2026-01-08T14:05:22.579+0000] {dag.py:3047} INFO - Sync 1 DAGs
[2026-01-08T14:05:22.645+0000] {logging_mixin.py:188} INFO - [2026-01-08T14:05:22.644+0000] {dag.py:3834} INFO - Setting next_dagrun for prediction_dag to 2026-01-08 14:04:00+00:00, run_after=2026-01-08 14:06:00+00:00
[2026-01-08T14:05:22.678+0000] {processor.py:183} INFO - Processing /opt/airflow/dags/prediction_dag.py took 0.248 seconds
[2026-01-08T14:05:52.957+0000] {processor.py:161} INFO - Started process (PID=21322) to work on /opt/airflow/dags/prediction_dag.py
[2026-01-08T14:05:52.960+0000] {processor.py:830} INFO - Processing file /opt/airflow/dags/prediction_dag.py for tasks to queue
[2026-01-08T14:05:52.964+0000] {logging_mixin.py:188} INFO - [2026-01-08T14:05:52.963+0000] {dagbag.py:540} INFO - Filling up the DagBag from /opt/airflow/dags/prediction_dag.py
[2026-01-08T14:05:53.006+0000] {processor.py:840} INFO - DAG(s) 'prediction_dag' retrieved from /opt/airflow/dags/prediction_dag.py
[2026-01-08T14:05:53.117+0000] {logging_mixin.py:188} INFO - [2026-01-08T14:05:53.117+0000] {dag.py:3047} INFO - Sync 1 DAGs
[2026-01-08T14:05:53.162+0000] {logging_mixin.py:188} INFO - [2026-01-08T14:05:53.162+0000] {dag.py:3834} INFO - Setting next_dagrun for prediction_dag to 2026-01-08 14:04:00+00:00, run_after=2026-01-08 14:06:00+00:00
[2026-01-08T14:05:53.179+0000] {processor.py:183} INFO - Processing /opt/airflow/dags/prediction_dag.py took 0.244 seconds
[2026-01-08T14:06:23.841+0000] {processor.py:161} INFO - Started process (PID=21408) to work on /opt/airflow/dags/prediction_dag.py
[2026-01-08T14:06:23.843+0000] {processor.py:830} INFO - Processing file /opt/airflow/dags/prediction_dag.py for tasks to queue
[2026-01-08T14:06:23.844+0000] {logging_mixin.py:188} INFO - [2026-01-08T14:06:23.844+0000] {dagbag.py:540} INFO - Filling up the DagBag from /opt/airflow/dags/prediction_dag.py
[2026-01-08T14:06:23.874+0000] {processor.py:840} INFO - DAG(s) 'prediction_dag' retrieved from /opt/airflow/dags/prediction_dag.py
[2026-01-08T14:06:23.925+0000] {logging_mixin.py:188} INFO - [2026-01-08T14:06:23.925+0000] {dag.py:3047} INFO - Sync 1 DAGs
[2026-01-08T14:06:23.960+0000] {logging_mixin.py:188} INFO - [2026-01-08T14:06:23.960+0000] {dag.py:3834} INFO - Setting next_dagrun for prediction_dag to 2026-01-08 14:06:00+00:00, run_after=2026-01-08 14:08:00+00:00
[2026-01-08T14:06:23.975+0000] {processor.py:183} INFO - Processing /opt/airflow/dags/prediction_dag.py took 0.144 seconds
[2026-01-08T14:06:54.413+0000] {processor.py:161} INFO - Started process (PID=21426) to work on /opt/airflow/dags/prediction_dag.py
[2026-01-08T14:06:54.415+0000] {processor.py:830} INFO - Processing file /opt/airflow/dags/prediction_dag.py for tasks to queue
[2026-01-08T14:06:54.416+0000] {logging_mixin.py:188} INFO - [2026-01-08T14:06:54.416+0000] {dagbag.py:540} INFO - Filling up the DagBag from /opt/airflow/dags/prediction_dag.py
[2026-01-08T14:06:54.441+0000] {processor.py:840} INFO - DAG(s) 'prediction_dag' retrieved from /opt/airflow/dags/prediction_dag.py
[2026-01-08T14:06:54.493+0000] {logging_mixin.py:188} INFO - [2026-01-08T14:06:54.492+0000] {dag.py:3047} INFO - Sync 1 DAGs
[2026-01-08T14:06:54.525+0000] {logging_mixin.py:188} INFO - [2026-01-08T14:06:54.525+0000] {dag.py:3834} INFO - Setting next_dagrun for prediction_dag to 2026-01-08 14:06:00+00:00, run_after=2026-01-08 14:08:00+00:00
[2026-01-08T14:06:54.538+0000] {processor.py:183} INFO - Processing /opt/airflow/dags/prediction_dag.py took 0.135 seconds
[2026-01-08T14:07:24.850+0000] {processor.py:161} INFO - Started process (PID=21506) to work on /opt/airflow/dags/prediction_dag.py
[2026-01-08T14:07:24.854+0000] {processor.py:830} INFO - Processing file /opt/airflow/dags/prediction_dag.py for tasks to queue
[2026-01-08T14:07:24.856+0000] {logging_mixin.py:188} INFO - [2026-01-08T14:07:24.855+0000] {dagbag.py:540} INFO - Filling up the DagBag from /opt/airflow/dags/prediction_dag.py
[2026-01-08T14:07:24.886+0000] {processor.py:840} INFO - DAG(s) 'prediction_dag' retrieved from /opt/airflow/dags/prediction_dag.py
[2026-01-08T14:07:24.932+0000] {logging_mixin.py:188} INFO - [2026-01-08T14:07:24.931+0000] {dag.py:3047} INFO - Sync 1 DAGs
[2026-01-08T14:07:24.958+0000] {logging_mixin.py:188} INFO - [2026-01-08T14:07:24.957+0000] {dag.py:3834} INFO - Setting next_dagrun for prediction_dag to 2026-01-08 14:06:00+00:00, run_after=2026-01-08 14:08:00+00:00
[2026-01-08T14:07:24.973+0000] {processor.py:183} INFO - Processing /opt/airflow/dags/prediction_dag.py took 0.136 seconds
[2026-01-08T14:07:55.476+0000] {processor.py:161} INFO - Started process (PID=21522) to work on /opt/airflow/dags/prediction_dag.py
[2026-01-08T14:07:55.479+0000] {processor.py:830} INFO - Processing file /opt/airflow/dags/prediction_dag.py for tasks to queue
[2026-01-08T14:07:55.493+0000] {logging_mixin.py:188} INFO - [2026-01-08T14:07:55.492+0000] {dagbag.py:540} INFO - Filling up the DagBag from /opt/airflow/dags/prediction_dag.py
[2026-01-08T14:07:55.534+0000] {processor.py:840} INFO - DAG(s) 'prediction_dag' retrieved from /opt/airflow/dags/prediction_dag.py
[2026-01-08T14:07:55.574+0000] {logging_mixin.py:188} INFO - [2026-01-08T14:07:55.574+0000] {dag.py:3047} INFO - Sync 1 DAGs
[2026-01-08T14:07:55.603+0000] {logging_mixin.py:188} INFO - [2026-01-08T14:07:55.603+0000] {dag.py:3834} INFO - Setting next_dagrun for prediction_dag to 2026-01-08 14:06:00+00:00, run_after=2026-01-08 14:08:00+00:00
[2026-01-08T14:07:55.638+0000] {processor.py:183} INFO - Processing /opt/airflow/dags/prediction_dag.py took 0.172 seconds
[2026-01-08T14:08:26.192+0000] {processor.py:161} INFO - Started process (PID=21600) to work on /opt/airflow/dags/prediction_dag.py
[2026-01-08T14:08:26.196+0000] {processor.py:830} INFO - Processing file /opt/airflow/dags/prediction_dag.py for tasks to queue
[2026-01-08T14:08:26.197+0000] {logging_mixin.py:188} INFO - [2026-01-08T14:08:26.197+0000] {dagbag.py:540} INFO - Filling up the DagBag from /opt/airflow/dags/prediction_dag.py
[2026-01-08T14:08:26.241+0000] {processor.py:840} INFO - DAG(s) 'prediction_dag' retrieved from /opt/airflow/dags/prediction_dag.py
[2026-01-08T14:08:26.297+0000] {logging_mixin.py:188} INFO - [2026-01-08T14:08:26.296+0000] {dag.py:3047} INFO - Sync 1 DAGs
[2026-01-08T14:08:26.333+0000] {logging_mixin.py:188} INFO - [2026-01-08T14:08:26.333+0000] {dag.py:3834} INFO - Setting next_dagrun for prediction_dag to 2026-01-08 14:08:00+00:00, run_after=2026-01-08 14:10:00+00:00
[2026-01-08T14:08:26.353+0000] {processor.py:183} INFO - Processing /opt/airflow/dags/prediction_dag.py took 0.169 seconds
[2026-01-08T14:08:56.588+0000] {processor.py:161} INFO - Started process (PID=21615) to work on /opt/airflow/dags/prediction_dag.py
[2026-01-08T14:08:56.593+0000] {processor.py:830} INFO - Processing file /opt/airflow/dags/prediction_dag.py for tasks to queue
[2026-01-08T14:08:56.596+0000] {logging_mixin.py:188} INFO - [2026-01-08T14:08:56.595+0000] {dagbag.py:540} INFO - Filling up the DagBag from /opt/airflow/dags/prediction_dag.py
[2026-01-08T14:08:56.639+0000] {processor.py:840} INFO - DAG(s) 'prediction_dag' retrieved from /opt/airflow/dags/prediction_dag.py
[2026-01-08T14:08:56.713+0000] {logging_mixin.py:188} INFO - [2026-01-08T14:08:56.713+0000] {dag.py:3047} INFO - Sync 1 DAGs
[2026-01-08T14:08:56.754+0000] {logging_mixin.py:188} INFO - [2026-01-08T14:08:56.754+0000] {dag.py:3834} INFO - Setting next_dagrun for prediction_dag to 2026-01-08 14:08:00+00:00, run_after=2026-01-08 14:10:00+00:00
[2026-01-08T14:08:56.776+0000] {processor.py:183} INFO - Processing /opt/airflow/dags/prediction_dag.py took 0.209 seconds
[2026-01-08T14:09:27.762+0000] {processor.py:161} INFO - Started process (PID=21695) to work on /opt/airflow/dags/prediction_dag.py
[2026-01-08T14:09:27.765+0000] {processor.py:830} INFO - Processing file /opt/airflow/dags/prediction_dag.py for tasks to queue
[2026-01-08T14:09:27.766+0000] {logging_mixin.py:188} INFO - [2026-01-08T14:09:27.766+0000] {dagbag.py:540} INFO - Filling up the DagBag from /opt/airflow/dags/prediction_dag.py
[2026-01-08T14:09:27.807+0000] {processor.py:840} INFO - DAG(s) 'prediction_dag' retrieved from /opt/airflow/dags/prediction_dag.py
[2026-01-08T14:09:27.868+0000] {logging_mixin.py:188} INFO - [2026-01-08T14:09:27.868+0000] {dag.py:3047} INFO - Sync 1 DAGs
[2026-01-08T14:09:27.909+0000] {logging_mixin.py:188} INFO - [2026-01-08T14:09:27.909+0000] {dag.py:3834} INFO - Setting next_dagrun for prediction_dag to 2026-01-08 14:08:00+00:00, run_after=2026-01-08 14:10:00+00:00
[2026-01-08T14:09:27.925+0000] {processor.py:183} INFO - Processing /opt/airflow/dags/prediction_dag.py took 0.176 seconds
[2026-01-08T14:09:58.173+0000] {processor.py:161} INFO - Started process (PID=21713) to work on /opt/airflow/dags/prediction_dag.py
[2026-01-08T14:09:58.176+0000] {processor.py:830} INFO - Processing file /opt/airflow/dags/prediction_dag.py for tasks to queue
[2026-01-08T14:09:58.177+0000] {logging_mixin.py:188} INFO - [2026-01-08T14:09:58.177+0000] {dagbag.py:540} INFO - Filling up the DagBag from /opt/airflow/dags/prediction_dag.py
[2026-01-08T14:09:58.225+0000] {processor.py:840} INFO - DAG(s) 'prediction_dag' retrieved from /opt/airflow/dags/prediction_dag.py
[2026-01-08T14:09:58.296+0000] {logging_mixin.py:188} INFO - [2026-01-08T14:09:58.295+0000] {dag.py:3047} INFO - Sync 1 DAGs
[2026-01-08T14:09:58.335+0000] {logging_mixin.py:188} INFO - [2026-01-08T14:09:58.335+0000] {dag.py:3834} INFO - Setting next_dagrun for prediction_dag to 2026-01-08 14:08:00+00:00, run_after=2026-01-08 14:10:00+00:00
[2026-01-08T14:09:58.352+0000] {processor.py:183} INFO - Processing /opt/airflow/dags/prediction_dag.py took 0.188 seconds
[2026-01-08T14:10:28.464+0000] {processor.py:161} INFO - Started process (PID=21799) to work on /opt/airflow/dags/prediction_dag.py
[2026-01-08T14:10:28.466+0000] {processor.py:830} INFO - Processing file /opt/airflow/dags/prediction_dag.py for tasks to queue
[2026-01-08T14:10:28.468+0000] {logging_mixin.py:188} INFO - [2026-01-08T14:10:28.467+0000] {dagbag.py:540} INFO - Filling up the DagBag from /opt/airflow/dags/prediction_dag.py
[2026-01-08T14:10:28.505+0000] {processor.py:840} INFO - DAG(s) 'prediction_dag' retrieved from /opt/airflow/dags/prediction_dag.py
[2026-01-08T14:10:28.563+0000] {logging_mixin.py:188} INFO - [2026-01-08T14:10:28.562+0000] {dag.py:3047} INFO - Sync 1 DAGs
[2026-01-08T14:10:28.603+0000] {logging_mixin.py:188} INFO - [2026-01-08T14:10:28.603+0000] {dag.py:3834} INFO - Setting next_dagrun for prediction_dag to 2026-01-08 14:10:00+00:00, run_after=2026-01-08 14:12:00+00:00
[2026-01-08T14:10:28.627+0000] {processor.py:183} INFO - Processing /opt/airflow/dags/prediction_dag.py took 0.181 seconds
[2026-01-08T14:10:59.024+0000] {processor.py:161} INFO - Started process (PID=21817) to work on /opt/airflow/dags/prediction_dag.py
[2026-01-08T14:10:59.028+0000] {processor.py:830} INFO - Processing file /opt/airflow/dags/prediction_dag.py for tasks to queue
[2026-01-08T14:10:59.030+0000] {logging_mixin.py:188} INFO - [2026-01-08T14:10:59.029+0000] {dagbag.py:540} INFO - Filling up the DagBag from /opt/airflow/dags/prediction_dag.py
[2026-01-08T14:10:59.056+0000] {processor.py:840} INFO - DAG(s) 'prediction_dag' retrieved from /opt/airflow/dags/prediction_dag.py
[2026-01-08T14:10:59.115+0000] {logging_mixin.py:188} INFO - [2026-01-08T14:10:59.115+0000] {dag.py:3047} INFO - Sync 1 DAGs
[2026-01-08T14:10:59.154+0000] {logging_mixin.py:188} INFO - [2026-01-08T14:10:59.153+0000] {dag.py:3834} INFO - Setting next_dagrun for prediction_dag to 2026-01-08 14:10:00+00:00, run_after=2026-01-08 14:12:00+00:00
[2026-01-08T14:10:59.169+0000] {processor.py:183} INFO - Processing /opt/airflow/dags/prediction_dag.py took 0.158 seconds
[2026-01-08T14:11:29.663+0000] {processor.py:161} INFO - Started process (PID=21897) to work on /opt/airflow/dags/prediction_dag.py
[2026-01-08T14:11:29.670+0000] {processor.py:830} INFO - Processing file /opt/airflow/dags/prediction_dag.py for tasks to queue
[2026-01-08T14:11:29.672+0000] {logging_mixin.py:188} INFO - [2026-01-08T14:11:29.671+0000] {dagbag.py:540} INFO - Filling up the DagBag from /opt/airflow/dags/prediction_dag.py
[2026-01-08T14:11:29.710+0000] {processor.py:840} INFO - DAG(s) 'prediction_dag' retrieved from /opt/airflow/dags/prediction_dag.py
[2026-01-08T14:11:29.764+0000] {logging_mixin.py:188} INFO - [2026-01-08T14:11:29.764+0000] {dag.py:3047} INFO - Sync 1 DAGs
[2026-01-08T14:11:29.810+0000] {logging_mixin.py:188} INFO - [2026-01-08T14:11:29.810+0000] {dag.py:3834} INFO - Setting next_dagrun for prediction_dag to 2026-01-08 14:10:00+00:00, run_after=2026-01-08 14:12:00+00:00
[2026-01-08T14:11:29.838+0000] {processor.py:183} INFO - Processing /opt/airflow/dags/prediction_dag.py took 0.183 seconds
[2026-01-08T14:12:00.176+0000] {processor.py:161} INFO - Started process (PID=21915) to work on /opt/airflow/dags/prediction_dag.py
[2026-01-08T14:12:00.179+0000] {processor.py:830} INFO - Processing file /opt/airflow/dags/prediction_dag.py for tasks to queue
[2026-01-08T14:12:00.180+0000] {logging_mixin.py:188} INFO - [2026-01-08T14:12:00.180+0000] {dagbag.py:540} INFO - Filling up the DagBag from /opt/airflow/dags/prediction_dag.py
[2026-01-08T14:12:00.222+0000] {processor.py:840} INFO - DAG(s) 'prediction_dag' retrieved from /opt/airflow/dags/prediction_dag.py
[2026-01-08T14:12:00.275+0000] {logging_mixin.py:188} INFO - [2026-01-08T14:12:00.275+0000] {dag.py:3047} INFO - Sync 1 DAGs
[2026-01-08T14:12:00.320+0000] {logging_mixin.py:188} INFO - [2026-01-08T14:12:00.320+0000] {dag.py:3834} INFO - Setting next_dagrun for prediction_dag to 2026-01-08 14:10:00+00:00, run_after=2026-01-08 14:12:00+00:00
[2026-01-08T14:12:00.338+0000] {processor.py:183} INFO - Processing /opt/airflow/dags/prediction_dag.py took 0.169 seconds
[2026-01-08T14:12:30.626+0000] {processor.py:161} INFO - Started process (PID=22001) to work on /opt/airflow/dags/prediction_dag.py
[2026-01-08T14:12:30.629+0000] {processor.py:830} INFO - Processing file /opt/airflow/dags/prediction_dag.py for tasks to queue
[2026-01-08T14:12:30.631+0000] {logging_mixin.py:188} INFO - [2026-01-08T14:12:30.630+0000] {dagbag.py:540} INFO - Filling up the DagBag from /opt/airflow/dags/prediction_dag.py
[2026-01-08T14:12:30.680+0000] {processor.py:840} INFO - DAG(s) 'prediction_dag' retrieved from /opt/airflow/dags/prediction_dag.py
[2026-01-08T14:12:30.748+0000] {logging_mixin.py:188} INFO - [2026-01-08T14:12:30.747+0000] {dag.py:3047} INFO - Sync 1 DAGs
[2026-01-08T14:12:30.798+0000] {logging_mixin.py:188} INFO - [2026-01-08T14:12:30.798+0000] {dag.py:3834} INFO - Setting next_dagrun for prediction_dag to 2026-01-08 14:12:00+00:00, run_after=2026-01-08 14:14:00+00:00
[2026-01-08T14:12:30.831+0000] {processor.py:183} INFO - Processing /opt/airflow/dags/prediction_dag.py took 0.218 seconds
[2026-01-08T14:13:01.221+0000] {processor.py:161} INFO - Started process (PID=22020) to work on /opt/airflow/dags/prediction_dag.py
[2026-01-08T14:13:01.227+0000] {processor.py:830} INFO - Processing file /opt/airflow/dags/prediction_dag.py for tasks to queue
[2026-01-08T14:13:01.231+0000] {logging_mixin.py:188} INFO - [2026-01-08T14:13:01.230+0000] {dagbag.py:540} INFO - Filling up the DagBag from /opt/airflow/dags/prediction_dag.py
[2026-01-08T14:13:01.277+0000] {processor.py:840} INFO - DAG(s) 'prediction_dag' retrieved from /opt/airflow/dags/prediction_dag.py
[2026-01-08T14:13:01.357+0000] {logging_mixin.py:188} INFO - [2026-01-08T14:13:01.357+0000] {dag.py:3047} INFO - Sync 1 DAGs
[2026-01-08T14:13:01.438+0000] {logging_mixin.py:188} INFO - [2026-01-08T14:13:01.438+0000] {dag.py:3834} INFO - Setting next_dagrun for prediction_dag to 2026-01-08 14:12:00+00:00, run_after=2026-01-08 14:14:00+00:00
[2026-01-08T14:13:01.462+0000] {processor.py:183} INFO - Processing /opt/airflow/dags/prediction_dag.py took 0.254 seconds
[2026-01-08T14:13:32.121+0000] {processor.py:161} INFO - Started process (PID=22099) to work on /opt/airflow/dags/prediction_dag.py
[2026-01-08T14:13:32.127+0000] {processor.py:830} INFO - Processing file /opt/airflow/dags/prediction_dag.py for tasks to queue
[2026-01-08T14:13:32.129+0000] {logging_mixin.py:188} INFO - [2026-01-08T14:13:32.128+0000] {dagbag.py:540} INFO - Filling up the DagBag from /opt/airflow/dags/prediction_dag.py
[2026-01-08T14:13:32.176+0000] {processor.py:840} INFO - DAG(s) 'prediction_dag' retrieved from /opt/airflow/dags/prediction_dag.py
[2026-01-08T14:13:32.242+0000] {logging_mixin.py:188} INFO - [2026-01-08T14:13:32.242+0000] {dag.py:3047} INFO - Sync 1 DAGs
[2026-01-08T14:13:32.282+0000] {logging_mixin.py:188} INFO - [2026-01-08T14:13:32.282+0000] {dag.py:3834} INFO - Setting next_dagrun for prediction_dag to 2026-01-08 14:12:00+00:00, run_after=2026-01-08 14:14:00+00:00
[2026-01-08T14:13:32.304+0000] {processor.py:183} INFO - Processing /opt/airflow/dags/prediction_dag.py took 0.194 seconds
[2026-01-08T14:14:02.741+0000] {processor.py:161} INFO - Started process (PID=22128) to work on /opt/airflow/dags/prediction_dag.py
[2026-01-08T14:14:02.744+0000] {processor.py:830} INFO - Processing file /opt/airflow/dags/prediction_dag.py for tasks to queue
[2026-01-08T14:14:02.750+0000] {logging_mixin.py:188} INFO - [2026-01-08T14:14:02.748+0000] {dagbag.py:540} INFO - Filling up the DagBag from /opt/airflow/dags/prediction_dag.py
[2026-01-08T14:14:02.802+0000] {processor.py:840} INFO - DAG(s) 'prediction_dag' retrieved from /opt/airflow/dags/prediction_dag.py
[2026-01-08T14:14:02.938+0000] {logging_mixin.py:188} INFO - [2026-01-08T14:14:02.937+0000] {dag.py:3047} INFO - Sync 1 DAGs
[2026-01-08T14:14:03.002+0000] {logging_mixin.py:188} INFO - [2026-01-08T14:14:03.002+0000] {dag.py:3834} INFO - Setting next_dagrun for prediction_dag to 2026-01-08 14:14:00+00:00, run_after=2026-01-08 14:16:00+00:00
[2026-01-08T14:14:03.033+0000] {processor.py:183} INFO - Processing /opt/airflow/dags/prediction_dag.py took 0.300 seconds
[2026-01-08T14:14:33.947+0000] {processor.py:161} INFO - Started process (PID=22193) to work on /opt/airflow/dags/prediction_dag.py
[2026-01-08T14:14:33.953+0000] {processor.py:830} INFO - Processing file /opt/airflow/dags/prediction_dag.py for tasks to queue
[2026-01-08T14:14:33.956+0000] {logging_mixin.py:188} INFO - [2026-01-08T14:14:33.956+0000] {dagbag.py:540} INFO - Filling up the DagBag from /opt/airflow/dags/prediction_dag.py
[2026-01-08T14:14:33.991+0000] {processor.py:840} INFO - DAG(s) 'prediction_dag' retrieved from /opt/airflow/dags/prediction_dag.py
[2026-01-08T14:14:34.079+0000] {logging_mixin.py:188} INFO - [2026-01-08T14:14:34.078+0000] {dag.py:3047} INFO - Sync 1 DAGs
[2026-01-08T14:14:34.143+0000] {logging_mixin.py:188} INFO - [2026-01-08T14:14:34.142+0000] {dag.py:3834} INFO - Setting next_dagrun for prediction_dag to 2026-01-08 14:14:00+00:00, run_after=2026-01-08 14:16:00+00:00
[2026-01-08T14:14:34.182+0000] {processor.py:183} INFO - Processing /opt/airflow/dags/prediction_dag.py took 0.244 seconds
[2026-01-08T14:15:04.773+0000] {processor.py:161} INFO - Started process (PID=22219) to work on /opt/airflow/dags/prediction_dag.py
[2026-01-08T14:15:04.775+0000] {processor.py:830} INFO - Processing file /opt/airflow/dags/prediction_dag.py for tasks to queue
[2026-01-08T14:15:04.776+0000] {logging_mixin.py:188} INFO - [2026-01-08T14:15:04.775+0000] {dagbag.py:540} INFO - Filling up the DagBag from /opt/airflow/dags/prediction_dag.py
[2026-01-08T14:15:04.804+0000] {processor.py:840} INFO - DAG(s) 'prediction_dag' retrieved from /opt/airflow/dags/prediction_dag.py
[2026-01-08T14:15:04.848+0000] {logging_mixin.py:188} INFO - [2026-01-08T14:15:04.848+0000] {dag.py:3047} INFO - Sync 1 DAGs
[2026-01-08T14:15:04.884+0000] {logging_mixin.py:188} INFO - [2026-01-08T14:15:04.884+0000] {dag.py:3834} INFO - Setting next_dagrun for prediction_dag to 2026-01-08 14:14:00+00:00, run_after=2026-01-08 14:16:00+00:00
[2026-01-08T14:15:04.901+0000] {processor.py:183} INFO - Processing /opt/airflow/dags/prediction_dag.py took 0.134 seconds
[2026-01-08T14:15:35.516+0000] {processor.py:161} INFO - Started process (PID=22288) to work on /opt/airflow/dags/prediction_dag.py
[2026-01-08T14:15:35.520+0000] {processor.py:830} INFO - Processing file /opt/airflow/dags/prediction_dag.py for tasks to queue
[2026-01-08T14:15:35.523+0000] {logging_mixin.py:188} INFO - [2026-01-08T14:15:35.522+0000] {dagbag.py:540} INFO - Filling up the DagBag from /opt/airflow/dags/prediction_dag.py
[2026-01-08T14:15:35.557+0000] {processor.py:840} INFO - DAG(s) 'prediction_dag' retrieved from /opt/airflow/dags/prediction_dag.py
[2026-01-08T14:15:35.618+0000] {logging_mixin.py:188} INFO - [2026-01-08T14:15:35.618+0000] {dag.py:3047} INFO - Sync 1 DAGs
[2026-01-08T14:15:35.699+0000] {logging_mixin.py:188} INFO - [2026-01-08T14:15:35.699+0000] {dag.py:3834} INFO - Setting next_dagrun for prediction_dag to 2026-01-08 14:14:00+00:00, run_after=2026-01-08 14:16:00+00:00
[2026-01-08T14:15:35.722+0000] {processor.py:183} INFO - Processing /opt/airflow/dags/prediction_dag.py took 0.224 seconds
[2026-01-08T14:16:06.333+0000] {processor.py:161} INFO - Started process (PID=22331) to work on /opt/airflow/dags/prediction_dag.py
[2026-01-08T14:16:06.335+0000] {processor.py:830} INFO - Processing file /opt/airflow/dags/prediction_dag.py for tasks to queue
[2026-01-08T14:16:06.337+0000] {logging_mixin.py:188} INFO - [2026-01-08T14:16:06.336+0000] {dagbag.py:540} INFO - Filling up the DagBag from /opt/airflow/dags/prediction_dag.py
[2026-01-08T14:16:06.359+0000] {processor.py:840} INFO - DAG(s) 'prediction_dag' retrieved from /opt/airflow/dags/prediction_dag.py
[2026-01-08T14:16:06.401+0000] {logging_mixin.py:188} INFO - [2026-01-08T14:16:06.401+0000] {dag.py:3047} INFO - Sync 1 DAGs
[2026-01-08T14:16:06.443+0000] {logging_mixin.py:188} INFO - [2026-01-08T14:16:06.442+0000] {dag.py:3834} INFO - Setting next_dagrun for prediction_dag to 2026-01-08 14:16:00+00:00, run_after=2026-01-08 14:18:00+00:00
[2026-01-08T14:16:06.464+0000] {processor.py:183} INFO - Processing /opt/airflow/dags/prediction_dag.py took 0.139 seconds
[2026-01-08T14:16:36.632+0000] {processor.py:161} INFO - Started process (PID=22392) to work on /opt/airflow/dags/prediction_dag.py
[2026-01-08T14:16:36.635+0000] {processor.py:830} INFO - Processing file /opt/airflow/dags/prediction_dag.py for tasks to queue
[2026-01-08T14:16:36.636+0000] {logging_mixin.py:188} INFO - [2026-01-08T14:16:36.636+0000] {dagbag.py:540} INFO - Filling up the DagBag from /opt/airflow/dags/prediction_dag.py
[2026-01-08T14:16:36.671+0000] {processor.py:840} INFO - DAG(s) 'prediction_dag' retrieved from /opt/airflow/dags/prediction_dag.py
[2026-01-08T14:16:36.731+0000] {logging_mixin.py:188} INFO - [2026-01-08T14:16:36.730+0000] {dag.py:3047} INFO - Sync 1 DAGs
[2026-01-08T14:16:36.765+0000] {logging_mixin.py:188} INFO - [2026-01-08T14:16:36.764+0000] {dag.py:3834} INFO - Setting next_dagrun for prediction_dag to 2026-01-08 14:16:00+00:00, run_after=2026-01-08 14:18:00+00:00
[2026-01-08T14:16:36.781+0000] {processor.py:183} INFO - Processing /opt/airflow/dags/prediction_dag.py took 0.158 seconds
[2026-01-08T14:17:07.133+0000] {processor.py:161} INFO - Started process (PID=22431) to work on /opt/airflow/dags/prediction_dag.py
[2026-01-08T14:17:07.135+0000] {processor.py:830} INFO - Processing file /opt/airflow/dags/prediction_dag.py for tasks to queue
[2026-01-08T14:17:07.137+0000] {logging_mixin.py:188} INFO - [2026-01-08T14:17:07.136+0000] {dagbag.py:540} INFO - Filling up the DagBag from /opt/airflow/dags/prediction_dag.py
[2026-01-08T14:17:07.175+0000] {processor.py:840} INFO - DAG(s) 'prediction_dag' retrieved from /opt/airflow/dags/prediction_dag.py
[2026-01-08T14:17:07.241+0000] {logging_mixin.py:188} INFO - [2026-01-08T14:17:07.241+0000] {dag.py:3047} INFO - Sync 1 DAGs
[2026-01-08T14:17:07.293+0000] {logging_mixin.py:188} INFO - [2026-01-08T14:17:07.293+0000] {dag.py:3834} INFO - Setting next_dagrun for prediction_dag to 2026-01-08 14:16:00+00:00, run_after=2026-01-08 14:18:00+00:00
[2026-01-08T14:17:07.317+0000] {processor.py:183} INFO - Processing /opt/airflow/dags/prediction_dag.py took 0.194 seconds
[2026-01-08T14:17:37.776+0000] {processor.py:161} INFO - Started process (PID=22490) to work on /opt/airflow/dags/prediction_dag.py
[2026-01-08T14:17:37.779+0000] {processor.py:830} INFO - Processing file /opt/airflow/dags/prediction_dag.py for tasks to queue
[2026-01-08T14:17:37.781+0000] {logging_mixin.py:188} INFO - [2026-01-08T14:17:37.780+0000] {dagbag.py:540} INFO - Filling up the DagBag from /opt/airflow/dags/prediction_dag.py
[2026-01-08T14:17:37.848+0000] {processor.py:840} INFO - DAG(s) 'prediction_dag' retrieved from /opt/airflow/dags/prediction_dag.py
[2026-01-08T14:17:37.933+0000] {logging_mixin.py:188} INFO - [2026-01-08T14:17:37.933+0000] {dag.py:3047} INFO - Sync 1 DAGs
[2026-01-08T14:17:37.973+0000] {logging_mixin.py:188} INFO - [2026-01-08T14:17:37.972+0000] {dag.py:3834} INFO - Setting next_dagrun for prediction_dag to 2026-01-08 14:16:00+00:00, run_after=2026-01-08 14:18:00+00:00
[2026-01-08T14:17:37.990+0000] {processor.py:183} INFO - Processing /opt/airflow/dags/prediction_dag.py took 0.227 seconds
[2026-01-08T14:18:08.807+0000] {processor.py:161} INFO - Started process (PID=22534) to work on /opt/airflow/dags/prediction_dag.py
[2026-01-08T14:18:08.808+0000] {processor.py:830} INFO - Processing file /opt/airflow/dags/prediction_dag.py for tasks to queue
[2026-01-08T14:18:08.810+0000] {logging_mixin.py:188} INFO - [2026-01-08T14:18:08.809+0000] {dagbag.py:540} INFO - Filling up the DagBag from /opt/airflow/dags/prediction_dag.py
[2026-01-08T14:18:08.829+0000] {processor.py:840} INFO - DAG(s) 'prediction_dag' retrieved from /opt/airflow/dags/prediction_dag.py
[2026-01-08T14:18:08.857+0000] {logging_mixin.py:188} INFO - [2026-01-08T14:18:08.856+0000] {dag.py:3047} INFO - Sync 1 DAGs
[2026-01-08T14:18:08.889+0000] {logging_mixin.py:188} INFO - [2026-01-08T14:18:08.889+0000] {dag.py:3834} INFO - Setting next_dagrun for prediction_dag to 2026-01-08 14:18:00+00:00, run_after=2026-01-08 14:20:00+00:00
[2026-01-08T14:18:08.905+0000] {processor.py:183} INFO - Processing /opt/airflow/dags/prediction_dag.py took 0.104 seconds
[2026-01-08T14:18:39.641+0000] {processor.py:161} INFO - Started process (PID=22594) to work on /opt/airflow/dags/prediction_dag.py
[2026-01-08T14:18:39.643+0000] {processor.py:830} INFO - Processing file /opt/airflow/dags/prediction_dag.py for tasks to queue
[2026-01-08T14:18:39.649+0000] {logging_mixin.py:188} INFO - [2026-01-08T14:18:39.645+0000] {dagbag.py:540} INFO - Filling up the DagBag from /opt/airflow/dags/prediction_dag.py
[2026-01-08T14:18:39.822+0000] {processor.py:840} INFO - DAG(s) 'prediction_dag' retrieved from /opt/airflow/dags/prediction_dag.py
[2026-01-08T14:18:40.095+0000] {logging_mixin.py:188} INFO - [2026-01-08T14:18:40.094+0000] {dag.py:3047} INFO - Sync 1 DAGs
[2026-01-08T14:18:40.251+0000] {logging_mixin.py:188} INFO - [2026-01-08T14:18:40.251+0000] {dag.py:3834} INFO - Setting next_dagrun for prediction_dag to 2026-01-08 14:18:00+00:00, run_after=2026-01-08 14:20:00+00:00
[2026-01-08T14:18:40.281+0000] {processor.py:183} INFO - Processing /opt/airflow/dags/prediction_dag.py took 0.674 seconds
[2026-01-08T14:19:11.236+0000] {processor.py:161} INFO - Started process (PID=22641) to work on /opt/airflow/dags/prediction_dag.py
[2026-01-08T14:19:11.239+0000] {processor.py:830} INFO - Processing file /opt/airflow/dags/prediction_dag.py for tasks to queue
[2026-01-08T14:19:11.240+0000] {logging_mixin.py:188} INFO - [2026-01-08T14:19:11.240+0000] {dagbag.py:540} INFO - Filling up the DagBag from /opt/airflow/dags/prediction_dag.py
[2026-01-08T14:19:11.289+0000] {processor.py:840} INFO - DAG(s) 'prediction_dag' retrieved from /opt/airflow/dags/prediction_dag.py
[2026-01-08T14:19:11.417+0000] {logging_mixin.py:188} INFO - [2026-01-08T14:19:11.417+0000] {dag.py:3047} INFO - Sync 1 DAGs
[2026-01-08T14:19:11.514+0000] {logging_mixin.py:188} INFO - [2026-01-08T14:19:11.513+0000] {dag.py:3834} INFO - Setting next_dagrun for prediction_dag to 2026-01-08 14:18:00+00:00, run_after=2026-01-08 14:20:00+00:00
[2026-01-08T14:19:11.570+0000] {processor.py:183} INFO - Processing /opt/airflow/dags/prediction_dag.py took 0.343 seconds
[2026-01-08T14:19:41.964+0000] {processor.py:161} INFO - Started process (PID=22692) to work on /opt/airflow/dags/prediction_dag.py
[2026-01-08T14:19:41.968+0000] {processor.py:830} INFO - Processing file /opt/airflow/dags/prediction_dag.py for tasks to queue
[2026-01-08T14:19:41.970+0000] {logging_mixin.py:188} INFO - [2026-01-08T14:19:41.969+0000] {dagbag.py:540} INFO - Filling up the DagBag from /opt/airflow/dags/prediction_dag.py
[2026-01-08T14:19:42.007+0000] {processor.py:840} INFO - DAG(s) 'prediction_dag' retrieved from /opt/airflow/dags/prediction_dag.py
[2026-01-08T14:19:42.065+0000] {logging_mixin.py:188} INFO - [2026-01-08T14:19:42.065+0000] {dag.py:3047} INFO - Sync 1 DAGs
[2026-01-08T14:19:42.105+0000] {logging_mixin.py:188} INFO - [2026-01-08T14:19:42.105+0000] {dag.py:3834} INFO - Setting next_dagrun for prediction_dag to 2026-01-08 14:18:00+00:00, run_after=2026-01-08 14:20:00+00:00
[2026-01-08T14:19:42.119+0000] {processor.py:183} INFO - Processing /opt/airflow/dags/prediction_dag.py took 0.170 seconds
[2026-01-08T14:20:12.760+0000] {processor.py:161} INFO - Started process (PID=22736) to work on /opt/airflow/dags/prediction_dag.py
[2026-01-08T14:20:12.764+0000] {processor.py:830} INFO - Processing file /opt/airflow/dags/prediction_dag.py for tasks to queue
[2026-01-08T14:20:12.766+0000] {logging_mixin.py:188} INFO - [2026-01-08T14:20:12.765+0000] {dagbag.py:540} INFO - Filling up the DagBag from /opt/airflow/dags/prediction_dag.py
[2026-01-08T14:20:12.786+0000] {processor.py:840} INFO - DAG(s) 'prediction_dag' retrieved from /opt/airflow/dags/prediction_dag.py
[2026-01-08T14:20:12.845+0000] {logging_mixin.py:188} INFO - [2026-01-08T14:20:12.845+0000] {dag.py:3047} INFO - Sync 1 DAGs
[2026-01-08T14:20:12.868+0000] {logging_mixin.py:188} INFO - [2026-01-08T14:20:12.867+0000] {dag.py:3834} INFO - Setting next_dagrun for prediction_dag to 2026-01-08 14:20:00+00:00, run_after=2026-01-08 14:22:00+00:00
[2026-01-08T14:20:12.880+0000] {processor.py:183} INFO - Processing /opt/airflow/dags/prediction_dag.py took 0.127 seconds
[2026-01-08T14:20:43.314+0000] {processor.py:161} INFO - Started process (PID=22796) to work on /opt/airflow/dags/prediction_dag.py
[2026-01-08T14:20:43.316+0000] {processor.py:830} INFO - Processing file /opt/airflow/dags/prediction_dag.py for tasks to queue
[2026-01-08T14:20:43.317+0000] {logging_mixin.py:188} INFO - [2026-01-08T14:20:43.317+0000] {dagbag.py:540} INFO - Filling up the DagBag from /opt/airflow/dags/prediction_dag.py
[2026-01-08T14:20:43.333+0000] {processor.py:840} INFO - DAG(s) 'prediction_dag' retrieved from /opt/airflow/dags/prediction_dag.py
[2026-01-08T14:20:43.356+0000] {logging_mixin.py:188} INFO - [2026-01-08T14:20:43.356+0000] {dag.py:3047} INFO - Sync 1 DAGs
[2026-01-08T14:20:43.372+0000] {logging_mixin.py:188} INFO - [2026-01-08T14:20:43.372+0000] {dag.py:3834} INFO - Setting next_dagrun for prediction_dag to 2026-01-08 14:20:00+00:00, run_after=2026-01-08 14:22:00+00:00
[2026-01-08T14:20:43.383+0000] {processor.py:183} INFO - Processing /opt/airflow/dags/prediction_dag.py took 0.074 seconds
[2026-01-08T14:21:13.807+0000] {processor.py:161} INFO - Started process (PID=22866) to work on /opt/airflow/dags/prediction_dag.py
[2026-01-08T14:21:13.808+0000] {processor.py:830} INFO - Processing file /opt/airflow/dags/prediction_dag.py for tasks to queue
[2026-01-08T14:21:13.809+0000] {logging_mixin.py:188} INFO - [2026-01-08T14:21:13.809+0000] {dagbag.py:540} INFO - Filling up the DagBag from /opt/airflow/dags/prediction_dag.py
[2026-01-08T14:21:13.847+0000] {processor.py:840} INFO - DAG(s) 'prediction_dag' retrieved from /opt/airflow/dags/prediction_dag.py
[2026-01-08T14:21:13.896+0000] {logging_mixin.py:188} INFO - [2026-01-08T14:21:13.895+0000] {dag.py:3047} INFO - Sync 1 DAGs
[2026-01-08T14:21:13.932+0000] {logging_mixin.py:188} INFO - [2026-01-08T14:21:13.932+0000] {dag.py:3834} INFO - Setting next_dagrun for prediction_dag to 2026-01-08 14:20:00+00:00, run_after=2026-01-08 14:22:00+00:00
[2026-01-08T14:21:13.947+0000] {processor.py:183} INFO - Processing /opt/airflow/dags/prediction_dag.py took 0.146 seconds
[2026-01-08T14:21:44.075+0000] {processor.py:161} INFO - Started process (PID=22881) to work on /opt/airflow/dags/prediction_dag.py
[2026-01-08T14:21:44.079+0000] {processor.py:830} INFO - Processing file /opt/airflow/dags/prediction_dag.py for tasks to queue
[2026-01-08T14:21:44.081+0000] {logging_mixin.py:188} INFO - [2026-01-08T14:21:44.080+0000] {dagbag.py:540} INFO - Filling up the DagBag from /opt/airflow/dags/prediction_dag.py
[2026-01-08T14:21:44.119+0000] {processor.py:840} INFO - DAG(s) 'prediction_dag' retrieved from /opt/airflow/dags/prediction_dag.py
[2026-01-08T14:21:44.181+0000] {logging_mixin.py:188} INFO - [2026-01-08T14:21:44.180+0000] {dag.py:3047} INFO - Sync 1 DAGs
[2026-01-08T14:21:44.217+0000] {logging_mixin.py:188} INFO - [2026-01-08T14:21:44.217+0000] {dag.py:3834} INFO - Setting next_dagrun for prediction_dag to 2026-01-08 14:20:00+00:00, run_after=2026-01-08 14:22:00+00:00
[2026-01-08T14:21:44.231+0000] {processor.py:183} INFO - Processing /opt/airflow/dags/prediction_dag.py took 0.169 seconds
[2026-01-08T14:22:14.647+0000] {processor.py:161} INFO - Started process (PID=22967) to work on /opt/airflow/dags/prediction_dag.py
[2026-01-08T14:22:14.649+0000] {processor.py:830} INFO - Processing file /opt/airflow/dags/prediction_dag.py for tasks to queue
[2026-01-08T14:22:14.649+0000] {logging_mixin.py:188} INFO - [2026-01-08T14:22:14.649+0000] {dagbag.py:540} INFO - Filling up the DagBag from /opt/airflow/dags/prediction_dag.py
[2026-01-08T14:22:14.666+0000] {processor.py:840} INFO - DAG(s) 'prediction_dag' retrieved from /opt/airflow/dags/prediction_dag.py
[2026-01-08T14:22:14.708+0000] {logging_mixin.py:188} INFO - [2026-01-08T14:22:14.708+0000] {dag.py:3047} INFO - Sync 1 DAGs
[2026-01-08T14:22:14.737+0000] {logging_mixin.py:188} INFO - [2026-01-08T14:22:14.737+0000] {dag.py:3834} INFO - Setting next_dagrun for prediction_dag to 2026-01-08 14:22:00+00:00, run_after=2026-01-08 14:24:00+00:00
[2026-01-08T14:22:14.750+0000] {processor.py:183} INFO - Processing /opt/airflow/dags/prediction_dag.py took 0.107 seconds
[2026-01-08T14:22:45.480+0000] {processor.py:161} INFO - Started process (PID=22985) to work on /opt/airflow/dags/prediction_dag.py
[2026-01-08T14:22:45.481+0000] {processor.py:830} INFO - Processing file /opt/airflow/dags/prediction_dag.py for tasks to queue
[2026-01-08T14:22:45.482+0000] {logging_mixin.py:188} INFO - [2026-01-08T14:22:45.482+0000] {dagbag.py:540} INFO - Filling up the DagBag from /opt/airflow/dags/prediction_dag.py
[2026-01-08T14:22:45.515+0000] {processor.py:840} INFO - DAG(s) 'prediction_dag' retrieved from /opt/airflow/dags/prediction_dag.py
[2026-01-08T14:22:45.551+0000] {logging_mixin.py:188} INFO - [2026-01-08T14:22:45.551+0000] {dag.py:3047} INFO - Sync 1 DAGs
[2026-01-08T14:22:45.580+0000] {logging_mixin.py:188} INFO - [2026-01-08T14:22:45.579+0000] {dag.py:3834} INFO - Setting next_dagrun for prediction_dag to 2026-01-08 14:22:00+00:00, run_after=2026-01-08 14:24:00+00:00
[2026-01-08T14:22:45.593+0000] {processor.py:183} INFO - Processing /opt/airflow/dags/prediction_dag.py took 0.135 seconds
[2026-01-08T14:23:15.755+0000] {processor.py:161} INFO - Started process (PID=23065) to work on /opt/airflow/dags/prediction_dag.py
[2026-01-08T14:23:15.760+0000] {processor.py:830} INFO - Processing file /opt/airflow/dags/prediction_dag.py for tasks to queue
[2026-01-08T14:23:15.762+0000] {logging_mixin.py:188} INFO - [2026-01-08T14:23:15.761+0000] {dagbag.py:540} INFO - Filling up the DagBag from /opt/airflow/dags/prediction_dag.py
[2026-01-08T14:23:15.802+0000] {processor.py:840} INFO - DAG(s) 'prediction_dag' retrieved from /opt/airflow/dags/prediction_dag.py
[2026-01-08T14:23:15.843+0000] {logging_mixin.py:188} INFO - [2026-01-08T14:23:15.843+0000] {dag.py:3047} INFO - Sync 1 DAGs
[2026-01-08T14:23:15.875+0000] {logging_mixin.py:188} INFO - [2026-01-08T14:23:15.875+0000] {dag.py:3834} INFO - Setting next_dagrun for prediction_dag to 2026-01-08 14:22:00+00:00, run_after=2026-01-08 14:24:00+00:00
[2026-01-08T14:23:15.890+0000] {processor.py:183} INFO - Processing /opt/airflow/dags/prediction_dag.py took 0.145 seconds
[2026-01-08T14:23:46.515+0000] {processor.py:161} INFO - Started process (PID=23083) to work on /opt/airflow/dags/prediction_dag.py
[2026-01-08T14:23:46.518+0000] {processor.py:830} INFO - Processing file /opt/airflow/dags/prediction_dag.py for tasks to queue
[2026-01-08T14:23:46.521+0000] {logging_mixin.py:188} INFO - [2026-01-08T14:23:46.519+0000] {dagbag.py:540} INFO - Filling up the DagBag from /opt/airflow/dags/prediction_dag.py
[2026-01-08T14:23:46.579+0000] {processor.py:840} INFO - DAG(s) 'prediction_dag' retrieved from /opt/airflow/dags/prediction_dag.py
[2026-01-08T14:23:46.665+0000] {logging_mixin.py:188} INFO - [2026-01-08T14:23:46.664+0000] {dag.py:3047} INFO - Sync 1 DAGs
[2026-01-08T14:23:46.718+0000] {logging_mixin.py:188} INFO - [2026-01-08T14:23:46.718+0000] {dag.py:3834} INFO - Setting next_dagrun for prediction_dag to 2026-01-08 14:22:00+00:00, run_after=2026-01-08 14:24:00+00:00
[2026-01-08T14:23:46.741+0000] {processor.py:183} INFO - Processing /opt/airflow/dags/prediction_dag.py took 0.243 seconds
[2026-01-08T14:24:17.541+0000] {processor.py:161} INFO - Started process (PID=23166) to work on /opt/airflow/dags/prediction_dag.py
[2026-01-08T14:24:17.545+0000] {processor.py:830} INFO - Processing file /opt/airflow/dags/prediction_dag.py for tasks to queue
[2026-01-08T14:24:17.549+0000] {logging_mixin.py:188} INFO - [2026-01-08T14:24:17.547+0000] {dagbag.py:540} INFO - Filling up the DagBag from /opt/airflow/dags/prediction_dag.py
[2026-01-08T14:24:17.610+0000] {processor.py:840} INFO - DAG(s) 'prediction_dag' retrieved from /opt/airflow/dags/prediction_dag.py
[2026-01-08T14:24:17.748+0000] {logging_mixin.py:188} INFO - [2026-01-08T14:24:17.748+0000] {dag.py:3047} INFO - Sync 1 DAGs
[2026-01-08T14:24:17.862+0000] {logging_mixin.py:188} INFO - [2026-01-08T14:24:17.862+0000] {dag.py:3834} INFO - Setting next_dagrun for prediction_dag to 2026-01-08 14:24:00+00:00, run_after=2026-01-08 14:26:00+00:00
[2026-01-08T14:24:17.911+0000] {processor.py:183} INFO - Processing /opt/airflow/dags/prediction_dag.py took 0.390 seconds
[2026-01-08T14:24:48.361+0000] {processor.py:161} INFO - Started process (PID=23187) to work on /opt/airflow/dags/prediction_dag.py
[2026-01-08T14:24:48.363+0000] {processor.py:830} INFO - Processing file /opt/airflow/dags/prediction_dag.py for tasks to queue
[2026-01-08T14:24:48.365+0000] {logging_mixin.py:188} INFO - [2026-01-08T14:24:48.364+0000] {dagbag.py:540} INFO - Filling up the DagBag from /opt/airflow/dags/prediction_dag.py
[2026-01-08T14:24:48.400+0000] {processor.py:840} INFO - DAG(s) 'prediction_dag' retrieved from /opt/airflow/dags/prediction_dag.py
[2026-01-08T14:24:48.458+0000] {logging_mixin.py:188} INFO - [2026-01-08T14:24:48.457+0000] {dag.py:3047} INFO - Sync 1 DAGs
[2026-01-08T14:24:48.496+0000] {logging_mixin.py:188} INFO - [2026-01-08T14:24:48.496+0000] {dag.py:3834} INFO - Setting next_dagrun for prediction_dag to 2026-01-08 14:24:00+00:00, run_after=2026-01-08 14:26:00+00:00
[2026-01-08T14:24:48.511+0000] {processor.py:183} INFO - Processing /opt/airflow/dags/prediction_dag.py took 0.161 seconds
[2026-01-08T14:25:18.678+0000] {processor.py:161} INFO - Started process (PID=23267) to work on /opt/airflow/dags/prediction_dag.py
[2026-01-08T14:25:18.681+0000] {processor.py:830} INFO - Processing file /opt/airflow/dags/prediction_dag.py for tasks to queue
[2026-01-08T14:25:18.682+0000] {logging_mixin.py:188} INFO - [2026-01-08T14:25:18.682+0000] {dagbag.py:540} INFO - Filling up the DagBag from /opt/airflow/dags/prediction_dag.py
[2026-01-08T14:25:18.715+0000] {processor.py:840} INFO - DAG(s) 'prediction_dag' retrieved from /opt/airflow/dags/prediction_dag.py
[2026-01-08T14:25:18.783+0000] {logging_mixin.py:188} INFO - [2026-01-08T14:25:18.783+0000] {dag.py:3047} INFO - Sync 1 DAGs
[2026-01-08T14:25:18.821+0000] {logging_mixin.py:188} INFO - [2026-01-08T14:25:18.821+0000] {dag.py:3834} INFO - Setting next_dagrun for prediction_dag to 2026-01-08 14:24:00+00:00, run_after=2026-01-08 14:26:00+00:00
[2026-01-08T14:25:18.838+0000] {processor.py:183} INFO - Processing /opt/airflow/dags/prediction_dag.py took 0.170 seconds
[2026-01-08T14:25:49.226+0000] {processor.py:161} INFO - Started process (PID=23285) to work on /opt/airflow/dags/prediction_dag.py
[2026-01-08T14:25:49.229+0000] {processor.py:830} INFO - Processing file /opt/airflow/dags/prediction_dag.py for tasks to queue
[2026-01-08T14:25:49.230+0000] {logging_mixin.py:188} INFO - [2026-01-08T14:25:49.230+0000] {dagbag.py:540} INFO - Filling up the DagBag from /opt/airflow/dags/prediction_dag.py
[2026-01-08T14:25:49.263+0000] {processor.py:840} INFO - DAG(s) 'prediction_dag' retrieved from /opt/airflow/dags/prediction_dag.py
[2026-01-08T14:25:49.321+0000] {logging_mixin.py:188} INFO - [2026-01-08T14:25:49.321+0000] {dag.py:3047} INFO - Sync 1 DAGs
[2026-01-08T14:25:49.357+0000] {logging_mixin.py:188} INFO - [2026-01-08T14:25:49.357+0000] {dag.py:3834} INFO - Setting next_dagrun for prediction_dag to 2026-01-08 14:24:00+00:00, run_after=2026-01-08 14:26:00+00:00
[2026-01-08T14:25:49.372+0000] {processor.py:183} INFO - Processing /opt/airflow/dags/prediction_dag.py took 0.159 seconds
[2026-01-08T14:26:20.133+0000] {processor.py:161} INFO - Started process (PID=23371) to work on /opt/airflow/dags/prediction_dag.py
[2026-01-08T14:26:20.135+0000] {processor.py:830} INFO - Processing file /opt/airflow/dags/prediction_dag.py for tasks to queue
[2026-01-08T14:26:20.136+0000] {logging_mixin.py:188} INFO - [2026-01-08T14:26:20.136+0000] {dagbag.py:540} INFO - Filling up the DagBag from /opt/airflow/dags/prediction_dag.py
[2026-01-08T14:26:20.160+0000] {processor.py:840} INFO - DAG(s) 'prediction_dag' retrieved from /opt/airflow/dags/prediction_dag.py
[2026-01-08T14:26:20.192+0000] {logging_mixin.py:188} INFO - [2026-01-08T14:26:20.192+0000] {dag.py:3047} INFO - Sync 1 DAGs
[2026-01-08T14:26:20.221+0000] {logging_mixin.py:188} INFO - [2026-01-08T14:26:20.220+0000] {dag.py:3834} INFO - Setting next_dagrun for prediction_dag to 2026-01-08 14:26:00+00:00, run_after=2026-01-08 14:28:00+00:00
[2026-01-08T14:26:20.247+0000] {processor.py:183} INFO - Processing /opt/airflow/dags/prediction_dag.py took 0.123 seconds
[2026-01-08T14:26:50.697+0000] {processor.py:161} INFO - Started process (PID=23389) to work on /opt/airflow/dags/prediction_dag.py
[2026-01-08T14:26:50.700+0000] {processor.py:830} INFO - Processing file /opt/airflow/dags/prediction_dag.py for tasks to queue
[2026-01-08T14:26:50.701+0000] {logging_mixin.py:188} INFO - [2026-01-08T14:26:50.701+0000] {dagbag.py:540} INFO - Filling up the DagBag from /opt/airflow/dags/prediction_dag.py
[2026-01-08T14:26:50.725+0000] {processor.py:840} INFO - DAG(s) 'prediction_dag' retrieved from /opt/airflow/dags/prediction_dag.py
[2026-01-08T14:26:50.760+0000] {logging_mixin.py:188} INFO - [2026-01-08T14:26:50.759+0000] {dag.py:3047} INFO - Sync 1 DAGs
[2026-01-08T14:26:50.781+0000] {logging_mixin.py:188} INFO - [2026-01-08T14:26:50.780+0000] {dag.py:3834} INFO - Setting next_dagrun for prediction_dag to 2026-01-08 14:26:00+00:00, run_after=2026-01-08 14:28:00+00:00
[2026-01-08T14:26:50.794+0000] {processor.py:183} INFO - Processing /opt/airflow/dags/prediction_dag.py took 0.110 seconds
[2026-01-08T14:27:21.269+0000] {processor.py:161} INFO - Started process (PID=23469) to work on /opt/airflow/dags/prediction_dag.py
[2026-01-08T14:27:21.270+0000] {processor.py:830} INFO - Processing file /opt/airflow/dags/prediction_dag.py for tasks to queue
[2026-01-08T14:27:21.272+0000] {logging_mixin.py:188} INFO - [2026-01-08T14:27:21.271+0000] {dagbag.py:540} INFO - Filling up the DagBag from /opt/airflow/dags/prediction_dag.py
[2026-01-08T14:27:21.292+0000] {processor.py:840} INFO - DAG(s) 'prediction_dag' retrieved from /opt/airflow/dags/prediction_dag.py
[2026-01-08T14:27:21.318+0000] {logging_mixin.py:188} INFO - [2026-01-08T14:27:21.318+0000] {dag.py:3047} INFO - Sync 1 DAGs
[2026-01-08T14:27:21.338+0000] {logging_mixin.py:188} INFO - [2026-01-08T14:27:21.337+0000] {dag.py:3834} INFO - Setting next_dagrun for prediction_dag to 2026-01-08 14:26:00+00:00, run_after=2026-01-08 14:28:00+00:00
[2026-01-08T14:27:21.349+0000] {processor.py:183} INFO - Processing /opt/airflow/dags/prediction_dag.py took 0.087 seconds
[2026-01-08T14:27:51.988+0000] {processor.py:161} INFO - Started process (PID=23485) to work on /opt/airflow/dags/prediction_dag.py
[2026-01-08T14:27:51.994+0000] {processor.py:830} INFO - Processing file /opt/airflow/dags/prediction_dag.py for tasks to queue
[2026-01-08T14:27:52.000+0000] {logging_mixin.py:188} INFO - [2026-01-08T14:27:52.000+0000] {dagbag.py:540} INFO - Filling up the DagBag from /opt/airflow/dags/prediction_dag.py
[2026-01-08T14:27:52.044+0000] {processor.py:840} INFO - DAG(s) 'prediction_dag' retrieved from /opt/airflow/dags/prediction_dag.py
[2026-01-08T14:27:52.106+0000] {logging_mixin.py:188} INFO - [2026-01-08T14:27:52.105+0000] {dag.py:3047} INFO - Sync 1 DAGs
[2026-01-08T14:27:52.167+0000] {logging_mixin.py:188} INFO - [2026-01-08T14:27:52.167+0000] {dag.py:3834} INFO - Setting next_dagrun for prediction_dag to 2026-01-08 14:26:00+00:00, run_after=2026-01-08 14:28:00+00:00
[2026-01-08T14:27:52.193+0000] {processor.py:183} INFO - Processing /opt/airflow/dags/prediction_dag.py took 0.221 seconds
[2026-01-08T14:28:23.044+0000] {processor.py:161} INFO - Started process (PID=23563) to work on /opt/airflow/dags/prediction_dag.py
[2026-01-08T14:28:23.046+0000] {processor.py:830} INFO - Processing file /opt/airflow/dags/prediction_dag.py for tasks to queue
[2026-01-08T14:28:23.048+0000] {logging_mixin.py:188} INFO - [2026-01-08T14:28:23.047+0000] {dagbag.py:540} INFO - Filling up the DagBag from /opt/airflow/dags/prediction_dag.py
[2026-01-08T14:28:23.096+0000] {processor.py:840} INFO - DAG(s) 'prediction_dag' retrieved from /opt/airflow/dags/prediction_dag.py
[2026-01-08T14:28:23.165+0000] {logging_mixin.py:188} INFO - [2026-01-08T14:28:23.165+0000] {dag.py:3047} INFO - Sync 1 DAGs
[2026-01-08T14:28:23.207+0000] {logging_mixin.py:188} INFO - [2026-01-08T14:28:23.206+0000] {dag.py:3834} INFO - Setting next_dagrun for prediction_dag to 2026-01-08 14:28:00+00:00, run_after=2026-01-08 14:30:00+00:00
[2026-01-08T14:28:23.245+0000] {processor.py:183} INFO - Processing /opt/airflow/dags/prediction_dag.py took 0.213 seconds
[2026-01-08T14:28:53.799+0000] {processor.py:161} INFO - Started process (PID=23578) to work on /opt/airflow/dags/prediction_dag.py
[2026-01-08T14:28:53.801+0000] {processor.py:830} INFO - Processing file /opt/airflow/dags/prediction_dag.py for tasks to queue
[2026-01-08T14:28:53.802+0000] {logging_mixin.py:188} INFO - [2026-01-08T14:28:53.802+0000] {dagbag.py:540} INFO - Filling up the DagBag from /opt/airflow/dags/prediction_dag.py
[2026-01-08T14:28:53.833+0000] {processor.py:840} INFO - DAG(s) 'prediction_dag' retrieved from /opt/airflow/dags/prediction_dag.py
[2026-01-08T14:28:53.885+0000] {logging_mixin.py:188} INFO - [2026-01-08T14:28:53.885+0000] {dag.py:3047} INFO - Sync 1 DAGs
[2026-01-08T14:28:53.919+0000] {logging_mixin.py:188} INFO - [2026-01-08T14:28:53.919+0000] {dag.py:3834} INFO - Setting next_dagrun for prediction_dag to 2026-01-08 14:28:00+00:00, run_after=2026-01-08 14:30:00+00:00
[2026-01-08T14:28:53.932+0000] {processor.py:183} INFO - Processing /opt/airflow/dags/prediction_dag.py took 0.144 seconds
[2026-01-08T14:29:24.531+0000] {processor.py:161} INFO - Started process (PID=23658) to work on /opt/airflow/dags/prediction_dag.py
[2026-01-08T14:29:24.534+0000] {processor.py:830} INFO - Processing file /opt/airflow/dags/prediction_dag.py for tasks to queue
[2026-01-08T14:29:24.538+0000] {logging_mixin.py:188} INFO - [2026-01-08T14:29:24.537+0000] {dagbag.py:540} INFO - Filling up the DagBag from /opt/airflow/dags/prediction_dag.py
[2026-01-08T14:29:24.569+0000] {processor.py:840} INFO - DAG(s) 'prediction_dag' retrieved from /opt/airflow/dags/prediction_dag.py
[2026-01-08T14:29:24.621+0000] {logging_mixin.py:188} INFO - [2026-01-08T14:29:24.621+0000] {dag.py:3047} INFO - Sync 1 DAGs
[2026-01-08T14:29:24.656+0000] {logging_mixin.py:188} INFO - [2026-01-08T14:29:24.656+0000] {dag.py:3834} INFO - Setting next_dagrun for prediction_dag to 2026-01-08 14:28:00+00:00, run_after=2026-01-08 14:30:00+00:00
[2026-01-08T14:29:24.669+0000] {processor.py:183} INFO - Processing /opt/airflow/dags/prediction_dag.py took 0.148 seconds
[2026-01-08T14:29:55.102+0000] {processor.py:161} INFO - Started process (PID=23676) to work on /opt/airflow/dags/prediction_dag.py
[2026-01-08T14:29:55.106+0000] {processor.py:830} INFO - Processing file /opt/airflow/dags/prediction_dag.py for tasks to queue
[2026-01-08T14:29:55.108+0000] {logging_mixin.py:188} INFO - [2026-01-08T14:29:55.107+0000] {dagbag.py:540} INFO - Filling up the DagBag from /opt/airflow/dags/prediction_dag.py
[2026-01-08T14:29:55.157+0000] {processor.py:840} INFO - DAG(s) 'prediction_dag' retrieved from /opt/airflow/dags/prediction_dag.py
[2026-01-08T14:29:55.222+0000] {logging_mixin.py:188} INFO - [2026-01-08T14:29:55.222+0000] {dag.py:3047} INFO - Sync 1 DAGs
[2026-01-08T14:29:55.262+0000] {logging_mixin.py:188} INFO - [2026-01-08T14:29:55.262+0000] {dag.py:3834} INFO - Setting next_dagrun for prediction_dag to 2026-01-08 14:28:00+00:00, run_after=2026-01-08 14:30:00+00:00
[2026-01-08T14:29:55.277+0000] {processor.py:183} INFO - Processing /opt/airflow/dags/prediction_dag.py took 0.182 seconds
[2026-01-08T14:30:25.460+0000] {processor.py:161} INFO - Started process (PID=23759) to work on /opt/airflow/dags/prediction_dag.py
[2026-01-08T14:30:25.469+0000] {processor.py:830} INFO - Processing file /opt/airflow/dags/prediction_dag.py for tasks to queue
[2026-01-08T14:30:25.476+0000] {logging_mixin.py:188} INFO - [2026-01-08T14:30:25.474+0000] {dagbag.py:540} INFO - Filling up the DagBag from /opt/airflow/dags/prediction_dag.py
[2026-01-08T14:30:25.540+0000] {processor.py:840} INFO - DAG(s) 'prediction_dag' retrieved from /opt/airflow/dags/prediction_dag.py
[2026-01-08T14:30:25.631+0000] {logging_mixin.py:188} INFO - [2026-01-08T14:30:25.630+0000] {dag.py:3047} INFO - Sync 1 DAGs
[2026-01-08T14:30:25.702+0000] {logging_mixin.py:188} INFO - [2026-01-08T14:30:25.702+0000] {dag.py:3834} INFO - Setting next_dagrun for prediction_dag to 2026-01-08 14:30:00+00:00, run_after=2026-01-08 14:32:00+00:00
[2026-01-08T14:30:25.737+0000] {processor.py:183} INFO - Processing /opt/airflow/dags/prediction_dag.py took 0.294 seconds
[2026-01-08T14:30:56.063+0000] {processor.py:161} INFO - Started process (PID=23780) to work on /opt/airflow/dags/prediction_dag.py
[2026-01-08T14:30:56.067+0000] {processor.py:830} INFO - Processing file /opt/airflow/dags/prediction_dag.py for tasks to queue
[2026-01-08T14:30:56.070+0000] {logging_mixin.py:188} INFO - [2026-01-08T14:30:56.069+0000] {dagbag.py:540} INFO - Filling up the DagBag from /opt/airflow/dags/prediction_dag.py
[2026-01-08T14:30:56.100+0000] {processor.py:840} INFO - DAG(s) 'prediction_dag' retrieved from /opt/airflow/dags/prediction_dag.py
[2026-01-08T14:30:56.160+0000] {logging_mixin.py:188} INFO - [2026-01-08T14:30:56.159+0000] {dag.py:3047} INFO - Sync 1 DAGs
[2026-01-08T14:30:56.192+0000] {logging_mixin.py:188} INFO - [2026-01-08T14:30:56.192+0000] {dag.py:3834} INFO - Setting next_dagrun for prediction_dag to 2026-01-08 14:30:00+00:00, run_after=2026-01-08 14:32:00+00:00
[2026-01-08T14:30:56.207+0000] {processor.py:183} INFO - Processing /opt/airflow/dags/prediction_dag.py took 0.153 seconds
[2026-01-08T14:31:27.186+0000] {processor.py:161} INFO - Started process (PID=23860) to work on /opt/airflow/dags/prediction_dag.py
[2026-01-08T14:31:27.189+0000] {processor.py:830} INFO - Processing file /opt/airflow/dags/prediction_dag.py for tasks to queue
[2026-01-08T14:31:27.190+0000] {logging_mixin.py:188} INFO - [2026-01-08T14:31:27.190+0000] {dagbag.py:540} INFO - Filling up the DagBag from /opt/airflow/dags/prediction_dag.py
[2026-01-08T14:31:27.233+0000] {processor.py:840} INFO - DAG(s) 'prediction_dag' retrieved from /opt/airflow/dags/prediction_dag.py
[2026-01-08T14:31:27.305+0000] {logging_mixin.py:188} INFO - [2026-01-08T14:31:27.304+0000] {dag.py:3047} INFO - Sync 1 DAGs
[2026-01-08T14:31:27.362+0000] {logging_mixin.py:188} INFO - [2026-01-08T14:31:27.362+0000] {dag.py:3834} INFO - Setting next_dagrun for prediction_dag to 2026-01-08 14:30:00+00:00, run_after=2026-01-08 14:32:00+00:00
[2026-01-08T14:31:27.378+0000] {processor.py:183} INFO - Processing /opt/airflow/dags/prediction_dag.py took 0.203 seconds
[2026-01-08T14:31:57.787+0000] {processor.py:161} INFO - Started process (PID=23878) to work on /opt/airflow/dags/prediction_dag.py
[2026-01-08T14:31:57.789+0000] {processor.py:830} INFO - Processing file /opt/airflow/dags/prediction_dag.py for tasks to queue
[2026-01-08T14:31:57.791+0000] {logging_mixin.py:188} INFO - [2026-01-08T14:31:57.790+0000] {dagbag.py:540} INFO - Filling up the DagBag from /opt/airflow/dags/prediction_dag.py
[2026-01-08T14:31:57.841+0000] {processor.py:840} INFO - DAG(s) 'prediction_dag' retrieved from /opt/airflow/dags/prediction_dag.py
[2026-01-08T14:31:57.956+0000] {logging_mixin.py:188} INFO - [2026-01-08T14:31:57.955+0000] {dag.py:3047} INFO - Sync 1 DAGs
[2026-01-08T14:31:57.994+0000] {logging_mixin.py:188} INFO - [2026-01-08T14:31:57.994+0000] {dag.py:3834} INFO - Setting next_dagrun for prediction_dag to 2026-01-08 14:30:00+00:00, run_after=2026-01-08 14:32:00+00:00
[2026-01-08T14:31:58.009+0000] {processor.py:183} INFO - Processing /opt/airflow/dags/prediction_dag.py took 0.236 seconds
[2026-01-08T14:32:28.579+0000] {processor.py:161} INFO - Started process (PID=23964) to work on /opt/airflow/dags/prediction_dag.py
[2026-01-08T14:32:28.581+0000] {processor.py:830} INFO - Processing file /opt/airflow/dags/prediction_dag.py for tasks to queue
[2026-01-08T14:32:28.583+0000] {logging_mixin.py:188} INFO - [2026-01-08T14:32:28.582+0000] {dagbag.py:540} INFO - Filling up the DagBag from /opt/airflow/dags/prediction_dag.py
[2026-01-08T14:32:28.606+0000] {processor.py:840} INFO - DAG(s) 'prediction_dag' retrieved from /opt/airflow/dags/prediction_dag.py
[2026-01-08T14:32:28.642+0000] {logging_mixin.py:188} INFO - [2026-01-08T14:32:28.641+0000] {dag.py:3047} INFO - Sync 1 DAGs
[2026-01-08T14:32:28.663+0000] {logging_mixin.py:188} INFO - [2026-01-08T14:32:28.663+0000] {dag.py:3834} INFO - Setting next_dagrun for prediction_dag to 2026-01-08 14:32:00+00:00, run_after=2026-01-08 14:34:00+00:00
[2026-01-08T14:32:28.674+0000] {processor.py:183} INFO - Processing /opt/airflow/dags/prediction_dag.py took 0.104 seconds
[2026-01-08T14:32:59.035+0000] {processor.py:161} INFO - Started process (PID=23982) to work on /opt/airflow/dags/prediction_dag.py
[2026-01-08T14:32:59.039+0000] {processor.py:830} INFO - Processing file /opt/airflow/dags/prediction_dag.py for tasks to queue
[2026-01-08T14:32:59.040+0000] {logging_mixin.py:188} INFO - [2026-01-08T14:32:59.040+0000] {dagbag.py:540} INFO - Filling up the DagBag from /opt/airflow/dags/prediction_dag.py
[2026-01-08T14:32:59.071+0000] {processor.py:840} INFO - DAG(s) 'prediction_dag' retrieved from /opt/airflow/dags/prediction_dag.py
[2026-01-08T14:32:59.125+0000] {logging_mixin.py:188} INFO - [2026-01-08T14:32:59.125+0000] {dag.py:3047} INFO - Sync 1 DAGs
[2026-01-08T14:32:59.159+0000] {logging_mixin.py:188} INFO - [2026-01-08T14:32:59.159+0000] {dag.py:3834} INFO - Setting next_dagrun for prediction_dag to 2026-01-08 14:32:00+00:00, run_after=2026-01-08 14:34:00+00:00
[2026-01-08T14:32:59.176+0000] {processor.py:183} INFO - Processing /opt/airflow/dags/prediction_dag.py took 0.151 seconds
[2026-01-08T14:33:29.932+0000] {processor.py:161} INFO - Started process (PID=24060) to work on /opt/airflow/dags/prediction_dag.py
[2026-01-08T14:33:29.934+0000] {processor.py:830} INFO - Processing file /opt/airflow/dags/prediction_dag.py for tasks to queue
[2026-01-08T14:33:29.935+0000] {logging_mixin.py:188} INFO - [2026-01-08T14:33:29.935+0000] {dagbag.py:540} INFO - Filling up the DagBag from /opt/airflow/dags/prediction_dag.py
[2026-01-08T14:33:29.958+0000] {processor.py:840} INFO - DAG(s) 'prediction_dag' retrieved from /opt/airflow/dags/prediction_dag.py
[2026-01-08T14:33:30.014+0000] {logging_mixin.py:188} INFO - [2026-01-08T14:33:30.014+0000] {dag.py:3047} INFO - Sync 1 DAGs
[2026-01-08T14:33:30.042+0000] {logging_mixin.py:188} INFO - [2026-01-08T14:33:30.042+0000] {dag.py:3834} INFO - Setting next_dagrun for prediction_dag to 2026-01-08 14:32:00+00:00, run_after=2026-01-08 14:34:00+00:00
[2026-01-08T14:33:30.058+0000] {processor.py:183} INFO - Processing /opt/airflow/dags/prediction_dag.py took 0.131 seconds
[2026-01-08T14:34:00.583+0000] {processor.py:161} INFO - Started process (PID=24070) to work on /opt/airflow/dags/prediction_dag.py
[2026-01-08T14:34:00.585+0000] {processor.py:830} INFO - Processing file /opt/airflow/dags/prediction_dag.py for tasks to queue
[2026-01-08T14:34:00.586+0000] {logging_mixin.py:188} INFO - [2026-01-08T14:34:00.585+0000] {dagbag.py:540} INFO - Filling up the DagBag from /opt/airflow/dags/prediction_dag.py
[2026-01-08T14:34:00.637+0000] {processor.py:840} INFO - DAG(s) 'prediction_dag' retrieved from /opt/airflow/dags/prediction_dag.py
[2026-01-08T14:34:00.751+0000] {logging_mixin.py:188} INFO - [2026-01-08T14:34:00.751+0000] {dag.py:3047} INFO - Sync 1 DAGs
[2026-01-08T14:34:00.799+0000] {logging_mixin.py:188} INFO - [2026-01-08T14:34:00.799+0000] {dag.py:3834} INFO - Setting next_dagrun for prediction_dag to 2026-01-08 14:32:00+00:00, run_after=2026-01-08 14:34:00+00:00
[2026-01-08T14:34:00.827+0000] {processor.py:183} INFO - Processing /opt/airflow/dags/prediction_dag.py took 0.253 seconds
[2026-01-08T14:34:31.017+0000] {processor.py:161} INFO - Started process (PID=24153) to work on /opt/airflow/dags/prediction_dag.py
[2026-01-08T14:34:31.024+0000] {processor.py:830} INFO - Processing file /opt/airflow/dags/prediction_dag.py for tasks to queue
[2026-01-08T14:34:31.030+0000] {logging_mixin.py:188} INFO - [2026-01-08T14:34:31.028+0000] {dagbag.py:540} INFO - Filling up the DagBag from /opt/airflow/dags/prediction_dag.py
[2026-01-08T14:34:31.071+0000] {processor.py:840} INFO - DAG(s) 'prediction_dag' retrieved from /opt/airflow/dags/prediction_dag.py
[2026-01-08T14:34:31.131+0000] {logging_mixin.py:188} INFO - [2026-01-08T14:34:31.131+0000] {dag.py:3047} INFO - Sync 1 DAGs
[2026-01-08T14:34:31.172+0000] {logging_mixin.py:188} INFO - [2026-01-08T14:34:31.172+0000] {dag.py:3834} INFO - Setting next_dagrun for prediction_dag to 2026-01-08 14:34:00+00:00, run_after=2026-01-08 14:36:00+00:00
[2026-01-08T14:34:31.188+0000] {processor.py:183} INFO - Processing /opt/airflow/dags/prediction_dag.py took 0.184 seconds
[2026-01-08T14:35:01.828+0000] {processor.py:161} INFO - Started process (PID=24172) to work on /opt/airflow/dags/prediction_dag.py
[2026-01-08T14:35:01.831+0000] {processor.py:830} INFO - Processing file /opt/airflow/dags/prediction_dag.py for tasks to queue
[2026-01-08T14:35:01.832+0000] {logging_mixin.py:188} INFO - [2026-01-08T14:35:01.832+0000] {dagbag.py:540} INFO - Filling up the DagBag from /opt/airflow/dags/prediction_dag.py
[2026-01-08T14:35:01.885+0000] {processor.py:840} INFO - DAG(s) 'prediction_dag' retrieved from /opt/airflow/dags/prediction_dag.py
[2026-01-08T14:35:01.962+0000] {logging_mixin.py:188} INFO - [2026-01-08T14:35:01.961+0000] {dag.py:3047} INFO - Sync 1 DAGs
[2026-01-08T14:35:02.004+0000] {logging_mixin.py:188} INFO - [2026-01-08T14:35:02.004+0000] {dag.py:3834} INFO - Setting next_dagrun for prediction_dag to 2026-01-08 14:34:00+00:00, run_after=2026-01-08 14:36:00+00:00
[2026-01-08T14:35:02.022+0000] {processor.py:183} INFO - Processing /opt/airflow/dags/prediction_dag.py took 0.204 seconds
[2026-01-08T14:35:32.581+0000] {processor.py:161} INFO - Started process (PID=24251) to work on /opt/airflow/dags/prediction_dag.py
[2026-01-08T14:35:32.589+0000] {processor.py:830} INFO - Processing file /opt/airflow/dags/prediction_dag.py for tasks to queue
[2026-01-08T14:35:32.590+0000] {logging_mixin.py:188} INFO - [2026-01-08T14:35:32.589+0000] {dagbag.py:540} INFO - Filling up the DagBag from /opt/airflow/dags/prediction_dag.py
[2026-01-08T14:35:32.622+0000] {processor.py:840} INFO - DAG(s) 'prediction_dag' retrieved from /opt/airflow/dags/prediction_dag.py
[2026-01-08T14:35:32.674+0000] {logging_mixin.py:188} INFO - [2026-01-08T14:35:32.673+0000] {dag.py:3047} INFO - Sync 1 DAGs
[2026-01-08T14:35:32.708+0000] {logging_mixin.py:188} INFO - [2026-01-08T14:35:32.708+0000] {dag.py:3834} INFO - Setting next_dagrun for prediction_dag to 2026-01-08 14:34:00+00:00, run_after=2026-01-08 14:36:00+00:00
[2026-01-08T14:35:32.727+0000] {processor.py:183} INFO - Processing /opt/airflow/dags/prediction_dag.py took 0.158 seconds
[2026-01-08T14:36:03.137+0000] {processor.py:161} INFO - Started process (PID=24281) to work on /opt/airflow/dags/prediction_dag.py
[2026-01-08T14:36:03.143+0000] {processor.py:830} INFO - Processing file /opt/airflow/dags/prediction_dag.py for tasks to queue
[2026-01-08T14:36:03.144+0000] {logging_mixin.py:188} INFO - [2026-01-08T14:36:03.144+0000] {dagbag.py:540} INFO - Filling up the DagBag from /opt/airflow/dags/prediction_dag.py
[2026-01-08T14:36:03.191+0000] {processor.py:840} INFO - DAG(s) 'prediction_dag' retrieved from /opt/airflow/dags/prediction_dag.py
[2026-01-08T14:36:03.248+0000] {logging_mixin.py:188} INFO - [2026-01-08T14:36:03.248+0000] {dag.py:3047} INFO - Sync 1 DAGs
[2026-01-08T14:36:03.291+0000] {logging_mixin.py:188} INFO - [2026-01-08T14:36:03.291+0000] {dag.py:3834} INFO - Setting next_dagrun for prediction_dag to 2026-01-08 14:36:00+00:00, run_after=2026-01-08 14:38:00+00:00
[2026-01-08T14:36:03.321+0000] {processor.py:183} INFO - Processing /opt/airflow/dags/prediction_dag.py took 0.196 seconds
[2026-01-08T14:36:34.014+0000] {processor.py:161} INFO - Started process (PID=24355) to work on /opt/airflow/dags/prediction_dag.py
[2026-01-08T14:36:34.020+0000] {processor.py:830} INFO - Processing file /opt/airflow/dags/prediction_dag.py for tasks to queue
[2026-01-08T14:36:34.022+0000] {logging_mixin.py:188} INFO - [2026-01-08T14:36:34.022+0000] {dagbag.py:540} INFO - Filling up the DagBag from /opt/airflow/dags/prediction_dag.py
[2026-01-08T14:36:34.061+0000] {processor.py:840} INFO - DAG(s) 'prediction_dag' retrieved from /opt/airflow/dags/prediction_dag.py
[2026-01-08T14:36:34.117+0000] {logging_mixin.py:188} INFO - [2026-01-08T14:36:34.117+0000] {dag.py:3047} INFO - Sync 1 DAGs
[2026-01-08T14:36:34.156+0000] {logging_mixin.py:188} INFO - [2026-01-08T14:36:34.156+0000] {dag.py:3834} INFO - Setting next_dagrun for prediction_dag to 2026-01-08 14:36:00+00:00, run_after=2026-01-08 14:38:00+00:00
[2026-01-08T14:36:34.171+0000] {processor.py:183} INFO - Processing /opt/airflow/dags/prediction_dag.py took 0.173 seconds
[2026-01-08T14:37:04.531+0000] {processor.py:161} INFO - Started process (PID=24392) to work on /opt/airflow/dags/prediction_dag.py
[2026-01-08T14:37:04.534+0000] {processor.py:830} INFO - Processing file /opt/airflow/dags/prediction_dag.py for tasks to queue
[2026-01-08T14:37:04.536+0000] {logging_mixin.py:188} INFO - [2026-01-08T14:37:04.535+0000] {dagbag.py:540} INFO - Filling up the DagBag from /opt/airflow/dags/prediction_dag.py
[2026-01-08T14:37:04.561+0000] {processor.py:840} INFO - DAG(s) 'prediction_dag' retrieved from /opt/airflow/dags/prediction_dag.py
[2026-01-08T14:37:04.595+0000] {logging_mixin.py:188} INFO - [2026-01-08T14:37:04.595+0000] {dag.py:3047} INFO - Sync 1 DAGs
[2026-01-08T14:37:04.621+0000] {logging_mixin.py:188} INFO - [2026-01-08T14:37:04.621+0000] {dag.py:3834} INFO - Setting next_dagrun for prediction_dag to 2026-01-08 14:36:00+00:00, run_after=2026-01-08 14:38:00+00:00
[2026-01-08T14:37:04.635+0000] {processor.py:183} INFO - Processing /opt/airflow/dags/prediction_dag.py took 0.110 seconds
[2026-01-08T14:37:35.542+0000] {processor.py:161} INFO - Started process (PID=24453) to work on /opt/airflow/dags/prediction_dag.py
[2026-01-08T14:37:35.545+0000] {processor.py:830} INFO - Processing file /opt/airflow/dags/prediction_dag.py for tasks to queue
[2026-01-08T14:37:35.546+0000] {logging_mixin.py:188} INFO - [2026-01-08T14:37:35.546+0000] {dagbag.py:540} INFO - Filling up the DagBag from /opt/airflow/dags/prediction_dag.py
[2026-01-08T14:37:35.581+0000] {processor.py:840} INFO - DAG(s) 'prediction_dag' retrieved from /opt/airflow/dags/prediction_dag.py
[2026-01-08T14:37:35.648+0000] {logging_mixin.py:188} INFO - [2026-01-08T14:37:35.648+0000] {dag.py:3047} INFO - Sync 1 DAGs
[2026-01-08T14:37:35.692+0000] {logging_mixin.py:188} INFO - [2026-01-08T14:37:35.692+0000] {dag.py:3834} INFO - Setting next_dagrun for prediction_dag to 2026-01-08 14:36:00+00:00, run_after=2026-01-08 14:38:00+00:00
[2026-01-08T14:37:35.730+0000] {processor.py:183} INFO - Processing /opt/airflow/dags/prediction_dag.py took 0.202 seconds
[2026-01-08T14:38:06.132+0000] {processor.py:161} INFO - Started process (PID=24498) to work on /opt/airflow/dags/prediction_dag.py
[2026-01-08T14:38:06.135+0000] {processor.py:830} INFO - Processing file /opt/airflow/dags/prediction_dag.py for tasks to queue
[2026-01-08T14:38:06.138+0000] {logging_mixin.py:188} INFO - [2026-01-08T14:38:06.138+0000] {dagbag.py:540} INFO - Filling up the DagBag from /opt/airflow/dags/prediction_dag.py
[2026-01-08T14:38:06.166+0000] {processor.py:840} INFO - DAG(s) 'prediction_dag' retrieved from /opt/airflow/dags/prediction_dag.py
[2026-01-08T14:38:06.217+0000] {logging_mixin.py:188} INFO - [2026-01-08T14:38:06.217+0000] {dag.py:3047} INFO - Sync 1 DAGs
[2026-01-08T14:38:06.259+0000] {logging_mixin.py:188} INFO - [2026-01-08T14:38:06.259+0000] {dag.py:3834} INFO - Setting next_dagrun for prediction_dag to 2026-01-08 14:38:00+00:00, run_after=2026-01-08 14:40:00+00:00
[2026-01-08T14:38:06.281+0000] {processor.py:183} INFO - Processing /opt/airflow/dags/prediction_dag.py took 0.157 seconds
[2026-01-08T14:38:36.436+0000] {processor.py:161} INFO - Started process (PID=24557) to work on /opt/airflow/dags/prediction_dag.py
[2026-01-08T14:38:36.438+0000] {processor.py:830} INFO - Processing file /opt/airflow/dags/prediction_dag.py for tasks to queue
[2026-01-08T14:38:36.439+0000] {logging_mixin.py:188} INFO - [2026-01-08T14:38:36.439+0000] {dagbag.py:540} INFO - Filling up the DagBag from /opt/airflow/dags/prediction_dag.py
[2026-01-08T14:38:36.475+0000] {processor.py:840} INFO - DAG(s) 'prediction_dag' retrieved from /opt/airflow/dags/prediction_dag.py
[2026-01-08T14:38:36.538+0000] {logging_mixin.py:188} INFO - [2026-01-08T14:38:36.538+0000] {dag.py:3047} INFO - Sync 1 DAGs
[2026-01-08T14:38:36.591+0000] {logging_mixin.py:188} INFO - [2026-01-08T14:38:36.591+0000] {dag.py:3834} INFO - Setting next_dagrun for prediction_dag to 2026-01-08 14:38:00+00:00, run_after=2026-01-08 14:40:00+00:00
[2026-01-08T14:38:36.609+0000] {processor.py:183} INFO - Processing /opt/airflow/dags/prediction_dag.py took 0.188 seconds
[2026-01-08T14:39:06.739+0000] {processor.py:161} INFO - Started process (PID=24587) to work on /opt/airflow/dags/prediction_dag.py
[2026-01-08T14:39:06.740+0000] {processor.py:830} INFO - Processing file /opt/airflow/dags/prediction_dag.py for tasks to queue
[2026-01-08T14:39:06.742+0000] {logging_mixin.py:188} INFO - [2026-01-08T14:39:06.741+0000] {dagbag.py:540} INFO - Filling up the DagBag from /opt/airflow/dags/prediction_dag.py
[2026-01-08T14:39:06.794+0000] {processor.py:840} INFO - DAG(s) 'prediction_dag' retrieved from /opt/airflow/dags/prediction_dag.py
[2026-01-08T14:39:06.864+0000] {logging_mixin.py:188} INFO - [2026-01-08T14:39:06.863+0000] {dag.py:3047} INFO - Sync 1 DAGs
[2026-01-08T14:39:06.972+0000] {logging_mixin.py:188} INFO - [2026-01-08T14:39:06.971+0000] {dag.py:3834} INFO - Setting next_dagrun for prediction_dag to 2026-01-08 14:38:00+00:00, run_after=2026-01-08 14:40:00+00:00
[2026-01-08T14:39:07.021+0000] {processor.py:183} INFO - Processing /opt/airflow/dags/prediction_dag.py took 0.300 seconds
[2026-01-08T14:39:37.639+0000] {processor.py:161} INFO - Started process (PID=24653) to work on /opt/airflow/dags/prediction_dag.py
[2026-01-08T14:39:37.641+0000] {processor.py:830} INFO - Processing file /opt/airflow/dags/prediction_dag.py for tasks to queue
[2026-01-08T14:39:37.646+0000] {logging_mixin.py:188} INFO - [2026-01-08T14:39:37.643+0000] {dagbag.py:540} INFO - Filling up the DagBag from /opt/airflow/dags/prediction_dag.py
[2026-01-08T14:39:37.708+0000] {processor.py:840} INFO - DAG(s) 'prediction_dag' retrieved from /opt/airflow/dags/prediction_dag.py
[2026-01-08T14:39:37.780+0000] {logging_mixin.py:188} INFO - [2026-01-08T14:39:37.780+0000] {dag.py:3047} INFO - Sync 1 DAGs
[2026-01-08T14:39:37.848+0000] {logging_mixin.py:188} INFO - [2026-01-08T14:39:37.848+0000] {dag.py:3834} INFO - Setting next_dagrun for prediction_dag to 2026-01-08 14:38:00+00:00, run_after=2026-01-08 14:40:00+00:00
[2026-01-08T14:39:37.878+0000] {processor.py:183} INFO - Processing /opt/airflow/dags/prediction_dag.py took 0.254 seconds
[2026-01-08T14:40:08.485+0000] {processor.py:161} INFO - Started process (PID=24688) to work on /opt/airflow/dags/prediction_dag.py
[2026-01-08T14:40:08.487+0000] {processor.py:830} INFO - Processing file /opt/airflow/dags/prediction_dag.py for tasks to queue
[2026-01-08T14:40:08.491+0000] {logging_mixin.py:188} INFO - [2026-01-08T14:40:08.489+0000] {dagbag.py:540} INFO - Filling up the DagBag from /opt/airflow/dags/prediction_dag.py
[2026-01-08T14:40:08.580+0000] {processor.py:840} INFO - DAG(s) 'prediction_dag' retrieved from /opt/airflow/dags/prediction_dag.py
[2026-01-08T14:40:08.663+0000] {logging_mixin.py:188} INFO - [2026-01-08T14:40:08.662+0000] {dag.py:3047} INFO - Sync 1 DAGs
[2026-01-08T14:40:08.728+0000] {logging_mixin.py:188} INFO - [2026-01-08T14:40:08.728+0000] {dag.py:3834} INFO - Setting next_dagrun for prediction_dag to 2026-01-08 14:40:00+00:00, run_after=2026-01-08 14:42:00+00:00
[2026-01-08T14:40:08.778+0000] {processor.py:183} INFO - Processing /opt/airflow/dags/prediction_dag.py took 0.309 seconds
[2026-01-08T14:40:39.361+0000] {processor.py:161} INFO - Started process (PID=24746) to work on /opt/airflow/dags/prediction_dag.py
[2026-01-08T14:40:39.363+0000] {processor.py:830} INFO - Processing file /opt/airflow/dags/prediction_dag.py for tasks to queue
[2026-01-08T14:40:39.365+0000] {logging_mixin.py:188} INFO - [2026-01-08T14:40:39.364+0000] {dagbag.py:540} INFO - Filling up the DagBag from /opt/airflow/dags/prediction_dag.py
[2026-01-08T14:40:39.401+0000] {processor.py:840} INFO - DAG(s) 'prediction_dag' retrieved from /opt/airflow/dags/prediction_dag.py
[2026-01-08T14:40:39.466+0000] {logging_mixin.py:188} INFO - [2026-01-08T14:40:39.466+0000] {dag.py:3047} INFO - Sync 1 DAGs
[2026-01-08T14:40:39.510+0000] {logging_mixin.py:188} INFO - [2026-01-08T14:40:39.510+0000] {dag.py:3834} INFO - Setting next_dagrun for prediction_dag to 2026-01-08 14:40:00+00:00, run_after=2026-01-08 14:42:00+00:00
[2026-01-08T14:40:39.533+0000] {processor.py:183} INFO - Processing /opt/airflow/dags/prediction_dag.py took 0.183 seconds
[2026-01-08T14:41:10.300+0000] {processor.py:161} INFO - Started process (PID=24793) to work on /opt/airflow/dags/prediction_dag.py
[2026-01-08T14:41:10.301+0000] {processor.py:830} INFO - Processing file /opt/airflow/dags/prediction_dag.py for tasks to queue
[2026-01-08T14:41:10.302+0000] {logging_mixin.py:188} INFO - [2026-01-08T14:41:10.302+0000] {dagbag.py:540} INFO - Filling up the DagBag from /opt/airflow/dags/prediction_dag.py
[2026-01-08T14:41:10.325+0000] {processor.py:840} INFO - DAG(s) 'prediction_dag' retrieved from /opt/airflow/dags/prediction_dag.py
[2026-01-08T14:41:10.380+0000] {logging_mixin.py:188} INFO - [2026-01-08T14:41:10.380+0000] {dag.py:3047} INFO - Sync 1 DAGs
[2026-01-08T14:41:10.416+0000] {logging_mixin.py:188} INFO - [2026-01-08T14:41:10.416+0000] {dag.py:3834} INFO - Setting next_dagrun for prediction_dag to 2026-01-08 14:40:00+00:00, run_after=2026-01-08 14:42:00+00:00
[2026-01-08T14:41:10.439+0000] {processor.py:183} INFO - Processing /opt/airflow/dags/prediction_dag.py took 0.147 seconds
[2026-01-08T14:41:41.122+0000] {processor.py:161} INFO - Started process (PID=24844) to work on /opt/airflow/dags/prediction_dag.py
[2026-01-08T14:41:41.123+0000] {processor.py:830} INFO - Processing file /opt/airflow/dags/prediction_dag.py for tasks to queue
[2026-01-08T14:41:41.124+0000] {logging_mixin.py:188} INFO - [2026-01-08T14:41:41.124+0000] {dagbag.py:540} INFO - Filling up the DagBag from /opt/airflow/dags/prediction_dag.py
[2026-01-08T14:41:41.158+0000] {processor.py:840} INFO - DAG(s) 'prediction_dag' retrieved from /opt/airflow/dags/prediction_dag.py
[2026-01-08T14:41:41.226+0000] {logging_mixin.py:188} INFO - [2026-01-08T14:41:41.226+0000] {dag.py:3047} INFO - Sync 1 DAGs
[2026-01-08T14:41:41.267+0000] {logging_mixin.py:188} INFO - [2026-01-08T14:41:41.267+0000] {dag.py:3834} INFO - Setting next_dagrun for prediction_dag to 2026-01-08 14:40:00+00:00, run_after=2026-01-08 14:42:00+00:00
[2026-01-08T14:41:41.283+0000] {processor.py:183} INFO - Processing /opt/airflow/dags/prediction_dag.py took 0.170 seconds
[2026-01-08T14:42:11.977+0000] {processor.py:161} INFO - Started process (PID=24889) to work on /opt/airflow/dags/prediction_dag.py
[2026-01-08T14:42:11.979+0000] {processor.py:830} INFO - Processing file /opt/airflow/dags/prediction_dag.py for tasks to queue
[2026-01-08T14:42:11.980+0000] {logging_mixin.py:188} INFO - [2026-01-08T14:42:11.980+0000] {dagbag.py:540} INFO - Filling up the DagBag from /opt/airflow/dags/prediction_dag.py
[2026-01-08T14:42:12.029+0000] {processor.py:840} INFO - DAG(s) 'prediction_dag' retrieved from /opt/airflow/dags/prediction_dag.py
[2026-01-08T14:42:12.111+0000] {logging_mixin.py:188} INFO - [2026-01-08T14:42:12.111+0000] {dag.py:3047} INFO - Sync 1 DAGs
[2026-01-08T14:42:12.159+0000] {logging_mixin.py:188} INFO - [2026-01-08T14:42:12.159+0000] {dag.py:3834} INFO - Setting next_dagrun for prediction_dag to 2026-01-08 14:42:00+00:00, run_after=2026-01-08 14:44:00+00:00
[2026-01-08T14:42:12.185+0000] {processor.py:183} INFO - Processing /opt/airflow/dags/prediction_dag.py took 0.217 seconds
[2026-01-08T14:42:42.496+0000] {processor.py:161} INFO - Started process (PID=24948) to work on /opt/airflow/dags/prediction_dag.py
[2026-01-08T14:42:42.497+0000] {processor.py:830} INFO - Processing file /opt/airflow/dags/prediction_dag.py for tasks to queue
[2026-01-08T14:42:42.498+0000] {logging_mixin.py:188} INFO - [2026-01-08T14:42:42.498+0000] {dagbag.py:540} INFO - Filling up the DagBag from /opt/airflow/dags/prediction_dag.py
[2026-01-08T14:42:42.541+0000] {processor.py:840} INFO - DAG(s) 'prediction_dag' retrieved from /opt/airflow/dags/prediction_dag.py
[2026-01-08T14:42:42.602+0000] {logging_mixin.py:188} INFO - [2026-01-08T14:42:42.602+0000] {dag.py:3047} INFO - Sync 1 DAGs
[2026-01-08T14:42:42.653+0000] {logging_mixin.py:188} INFO - [2026-01-08T14:42:42.653+0000] {dag.py:3834} INFO - Setting next_dagrun for prediction_dag to 2026-01-08 14:42:00+00:00, run_after=2026-01-08 14:44:00+00:00
[2026-01-08T14:42:42.672+0000] {processor.py:183} INFO - Processing /opt/airflow/dags/prediction_dag.py took 0.186 seconds
[2026-01-08T14:43:13.307+0000] {processor.py:161} INFO - Started process (PID=25025) to work on /opt/airflow/dags/prediction_dag.py
[2026-01-08T14:43:13.310+0000] {processor.py:830} INFO - Processing file /opt/airflow/dags/prediction_dag.py for tasks to queue
[2026-01-08T14:43:13.313+0000] {logging_mixin.py:188} INFO - [2026-01-08T14:43:13.312+0000] {dagbag.py:540} INFO - Filling up the DagBag from /opt/airflow/dags/prediction_dag.py
[2026-01-08T14:43:13.359+0000] {processor.py:840} INFO - DAG(s) 'prediction_dag' retrieved from /opt/airflow/dags/prediction_dag.py
[2026-01-08T14:43:13.446+0000] {logging_mixin.py:188} INFO - [2026-01-08T14:43:13.445+0000] {dag.py:3047} INFO - Sync 1 DAGs
[2026-01-08T14:43:13.489+0000] {logging_mixin.py:188} INFO - [2026-01-08T14:43:13.489+0000] {dag.py:3834} INFO - Setting next_dagrun for prediction_dag to 2026-01-08 14:42:00+00:00, run_after=2026-01-08 14:44:00+00:00
[2026-01-08T14:43:13.526+0000] {processor.py:183} INFO - Processing /opt/airflow/dags/prediction_dag.py took 0.232 seconds
[2026-01-08T14:43:43.810+0000] {processor.py:161} INFO - Started process (PID=25046) to work on /opt/airflow/dags/prediction_dag.py
[2026-01-08T14:43:43.816+0000] {processor.py:830} INFO - Processing file /opt/airflow/dags/prediction_dag.py for tasks to queue
[2026-01-08T14:43:43.818+0000] {logging_mixin.py:188} INFO - [2026-01-08T14:43:43.817+0000] {dagbag.py:540} INFO - Filling up the DagBag from /opt/airflow/dags/prediction_dag.py
[2026-01-08T14:43:43.853+0000] {processor.py:840} INFO - DAG(s) 'prediction_dag' retrieved from /opt/airflow/dags/prediction_dag.py
[2026-01-08T14:43:43.922+0000] {logging_mixin.py:188} INFO - [2026-01-08T14:43:43.921+0000] {dag.py:3047} INFO - Sync 1 DAGs
[2026-01-08T14:43:44.114+0000] {logging_mixin.py:188} INFO - [2026-01-08T14:43:44.114+0000] {dag.py:3834} INFO - Setting next_dagrun for prediction_dag to 2026-01-08 14:42:00+00:00, run_after=2026-01-08 14:44:00+00:00
[2026-01-08T14:43:44.137+0000] {processor.py:183} INFO - Processing /opt/airflow/dags/prediction_dag.py took 0.336 seconds
[2026-01-08T14:44:14.302+0000] {processor.py:161} INFO - Started process (PID=25129) to work on /opt/airflow/dags/prediction_dag.py
[2026-01-08T14:44:14.308+0000] {processor.py:830} INFO - Processing file /opt/airflow/dags/prediction_dag.py for tasks to queue
[2026-01-08T14:44:14.311+0000] {logging_mixin.py:188} INFO - [2026-01-08T14:44:14.310+0000] {dagbag.py:540} INFO - Filling up the DagBag from /opt/airflow/dags/prediction_dag.py
[2026-01-08T14:44:14.349+0000] {processor.py:840} INFO - DAG(s) 'prediction_dag' retrieved from /opt/airflow/dags/prediction_dag.py
[2026-01-08T14:44:14.405+0000] {logging_mixin.py:188} INFO - [2026-01-08T14:44:14.405+0000] {dag.py:3047} INFO - Sync 1 DAGs
[2026-01-08T14:44:14.484+0000] {logging_mixin.py:188} INFO - [2026-01-08T14:44:14.483+0000] {dag.py:3834} INFO - Setting next_dagrun for prediction_dag to 2026-01-08 14:44:00+00:00, run_after=2026-01-08 14:46:00+00:00
[2026-01-08T14:44:14.534+0000] {processor.py:183} INFO - Processing /opt/airflow/dags/prediction_dag.py took 0.244 seconds
[2026-01-08T14:44:44.907+0000] {processor.py:161} INFO - Started process (PID=25150) to work on /opt/airflow/dags/prediction_dag.py
[2026-01-08T14:44:44.908+0000] {processor.py:830} INFO - Processing file /opt/airflow/dags/prediction_dag.py for tasks to queue
[2026-01-08T14:44:44.909+0000] {logging_mixin.py:188} INFO - [2026-01-08T14:44:44.909+0000] {dagbag.py:540} INFO - Filling up the DagBag from /opt/airflow/dags/prediction_dag.py
[2026-01-08T14:44:44.932+0000] {processor.py:840} INFO - DAG(s) 'prediction_dag' retrieved from /opt/airflow/dags/prediction_dag.py
[2026-01-08T14:44:44.962+0000] {logging_mixin.py:188} INFO - [2026-01-08T14:44:44.962+0000] {dag.py:3047} INFO - Sync 1 DAGs
[2026-01-08T14:44:44.992+0000] {logging_mixin.py:188} INFO - [2026-01-08T14:44:44.992+0000] {dag.py:3834} INFO - Setting next_dagrun for prediction_dag to 2026-01-08 14:44:00+00:00, run_after=2026-01-08 14:46:00+00:00
[2026-01-08T14:44:45.004+0000] {processor.py:183} INFO - Processing /opt/airflow/dags/prediction_dag.py took 0.102 seconds
[2026-01-08T14:45:15.546+0000] {processor.py:161} INFO - Started process (PID=25230) to work on /opt/airflow/dags/prediction_dag.py
[2026-01-08T14:45:15.548+0000] {processor.py:830} INFO - Processing file /opt/airflow/dags/prediction_dag.py for tasks to queue
[2026-01-08T14:45:15.549+0000] {logging_mixin.py:188} INFO - [2026-01-08T14:45:15.548+0000] {dagbag.py:540} INFO - Filling up the DagBag from /opt/airflow/dags/prediction_dag.py
[2026-01-08T14:45:15.579+0000] {processor.py:840} INFO - DAG(s) 'prediction_dag' retrieved from /opt/airflow/dags/prediction_dag.py
[2026-01-08T14:45:15.634+0000] {logging_mixin.py:188} INFO - [2026-01-08T14:45:15.634+0000] {dag.py:3047} INFO - Sync 1 DAGs
[2026-01-08T14:45:15.677+0000] {logging_mixin.py:188} INFO - [2026-01-08T14:45:15.677+0000] {dag.py:3834} INFO - Setting next_dagrun for prediction_dag to 2026-01-08 14:44:00+00:00, run_after=2026-01-08 14:46:00+00:00
[2026-01-08T14:45:15.703+0000] {processor.py:183} INFO - Processing /opt/airflow/dags/prediction_dag.py took 0.163 seconds
[2026-01-08T14:45:46.281+0000] {processor.py:161} INFO - Started process (PID=25248) to work on /opt/airflow/dags/prediction_dag.py
[2026-01-08T14:45:46.284+0000] {processor.py:830} INFO - Processing file /opt/airflow/dags/prediction_dag.py for tasks to queue
[2026-01-08T14:45:46.285+0000] {logging_mixin.py:188} INFO - [2026-01-08T14:45:46.284+0000] {dagbag.py:540} INFO - Filling up the DagBag from /opt/airflow/dags/prediction_dag.py
[2026-01-08T14:45:46.315+0000] {processor.py:840} INFO - DAG(s) 'prediction_dag' retrieved from /opt/airflow/dags/prediction_dag.py
[2026-01-08T14:45:46.359+0000] {logging_mixin.py:188} INFO - [2026-01-08T14:45:46.359+0000] {dag.py:3047} INFO - Sync 1 DAGs
[2026-01-08T14:45:46.414+0000] {logging_mixin.py:188} INFO - [2026-01-08T14:45:46.414+0000] {dag.py:3834} INFO - Setting next_dagrun for prediction_dag to 2026-01-08 14:44:00+00:00, run_after=2026-01-08 14:46:00+00:00
[2026-01-08T14:45:46.427+0000] {processor.py:183} INFO - Processing /opt/airflow/dags/prediction_dag.py took 0.161 seconds
[2026-01-08T14:46:16.964+0000] {processor.py:161} INFO - Started process (PID=25325) to work on /opt/airflow/dags/prediction_dag.py
[2026-01-08T14:46:16.966+0000] {processor.py:830} INFO - Processing file /opt/airflow/dags/prediction_dag.py for tasks to queue
[2026-01-08T14:46:16.967+0000] {logging_mixin.py:188} INFO - [2026-01-08T14:46:16.967+0000] {dagbag.py:540} INFO - Filling up the DagBag from /opt/airflow/dags/prediction_dag.py
[2026-01-08T14:46:16.988+0000] {processor.py:840} INFO - DAG(s) 'prediction_dag' retrieved from /opt/airflow/dags/prediction_dag.py
[2026-01-08T14:46:17.031+0000] {logging_mixin.py:188} INFO - [2026-01-08T14:46:17.031+0000] {dag.py:3047} INFO - Sync 1 DAGs
[2026-01-08T14:46:17.078+0000] {logging_mixin.py:188} INFO - [2026-01-08T14:46:17.078+0000] {dag.py:3834} INFO - Setting next_dagrun for prediction_dag to 2026-01-08 14:46:00+00:00, run_after=2026-01-08 14:48:00+00:00
[2026-01-08T14:46:17.139+0000] {processor.py:183} INFO - Processing /opt/airflow/dags/prediction_dag.py took 0.183 seconds
[2026-01-08T14:46:47.507+0000] {processor.py:161} INFO - Started process (PID=25339) to work on /opt/airflow/dags/prediction_dag.py
[2026-01-08T14:46:47.509+0000] {processor.py:830} INFO - Processing file /opt/airflow/dags/prediction_dag.py for tasks to queue
[2026-01-08T14:46:47.510+0000] {logging_mixin.py:188} INFO - [2026-01-08T14:46:47.510+0000] {dagbag.py:540} INFO - Filling up the DagBag from /opt/airflow/dags/prediction_dag.py
[2026-01-08T14:46:47.559+0000] {processor.py:840} INFO - DAG(s) 'prediction_dag' retrieved from /opt/airflow/dags/prediction_dag.py
[2026-01-08T14:46:47.621+0000] {logging_mixin.py:188} INFO - [2026-01-08T14:46:47.620+0000] {dag.py:3047} INFO - Sync 1 DAGs
[2026-01-08T14:46:47.672+0000] {logging_mixin.py:188} INFO - [2026-01-08T14:46:47.672+0000] {dag.py:3834} INFO - Setting next_dagrun for prediction_dag to 2026-01-08 14:46:00+00:00, run_after=2026-01-08 14:48:00+00:00
[2026-01-08T14:46:47.710+0000] {processor.py:183} INFO - Processing /opt/airflow/dags/prediction_dag.py took 0.209 seconds
[2026-01-08T14:47:18.181+0000] {processor.py:161} INFO - Started process (PID=25419) to work on /opt/airflow/dags/prediction_dag.py
[2026-01-08T14:47:18.184+0000] {processor.py:830} INFO - Processing file /opt/airflow/dags/prediction_dag.py for tasks to queue
[2026-01-08T14:47:18.186+0000] {logging_mixin.py:188} INFO - [2026-01-08T14:47:18.185+0000] {dagbag.py:540} INFO - Filling up the DagBag from /opt/airflow/dags/prediction_dag.py
[2026-01-08T14:47:18.231+0000] {processor.py:840} INFO - DAG(s) 'prediction_dag' retrieved from /opt/airflow/dags/prediction_dag.py
[2026-01-08T14:47:18.280+0000] {logging_mixin.py:188} INFO - [2026-01-08T14:47:18.280+0000] {dag.py:3047} INFO - Sync 1 DAGs
[2026-01-08T14:47:18.315+0000] {logging_mixin.py:188} INFO - [2026-01-08T14:47:18.315+0000] {dag.py:3834} INFO - Setting next_dagrun for prediction_dag to 2026-01-08 14:46:00+00:00, run_after=2026-01-08 14:48:00+00:00
[2026-01-08T14:47:18.331+0000] {processor.py:183} INFO - Processing /opt/airflow/dags/prediction_dag.py took 0.165 seconds
[2026-01-08T14:47:48.814+0000] {processor.py:161} INFO - Started process (PID=25437) to work on /opt/airflow/dags/prediction_dag.py
[2026-01-08T14:47:48.817+0000] {processor.py:830} INFO - Processing file /opt/airflow/dags/prediction_dag.py for tasks to queue
[2026-01-08T14:47:48.818+0000] {logging_mixin.py:188} INFO - [2026-01-08T14:47:48.818+0000] {dagbag.py:540} INFO - Filling up the DagBag from /opt/airflow/dags/prediction_dag.py
[2026-01-08T14:47:48.854+0000] {processor.py:840} INFO - DAG(s) 'prediction_dag' retrieved from /opt/airflow/dags/prediction_dag.py
[2026-01-08T14:47:48.912+0000] {logging_mixin.py:188} INFO - [2026-01-08T14:47:48.912+0000] {dag.py:3047} INFO - Sync 1 DAGs
[2026-01-08T14:47:48.960+0000] {logging_mixin.py:188} INFO - [2026-01-08T14:47:48.960+0000] {dag.py:3834} INFO - Setting next_dagrun for prediction_dag to 2026-01-08 14:46:00+00:00, run_after=2026-01-08 14:48:00+00:00
[2026-01-08T14:47:48.985+0000] {processor.py:183} INFO - Processing /opt/airflow/dags/prediction_dag.py took 0.184 seconds
[2026-01-08T14:48:19.709+0000] {processor.py:161} INFO - Started process (PID=25523) to work on /opt/airflow/dags/prediction_dag.py
[2026-01-08T14:48:19.712+0000] {processor.py:830} INFO - Processing file /opt/airflow/dags/prediction_dag.py for tasks to queue
[2026-01-08T14:48:19.714+0000] {logging_mixin.py:188} INFO - [2026-01-08T14:48:19.713+0000] {dagbag.py:540} INFO - Filling up the DagBag from /opt/airflow/dags/prediction_dag.py
[2026-01-08T14:48:19.745+0000] {processor.py:840} INFO - DAG(s) 'prediction_dag' retrieved from /opt/airflow/dags/prediction_dag.py
[2026-01-08T14:48:19.792+0000] {logging_mixin.py:188} INFO - [2026-01-08T14:48:19.791+0000] {dag.py:3047} INFO - Sync 1 DAGs
[2026-01-08T14:48:19.826+0000] {logging_mixin.py:188} INFO - [2026-01-08T14:48:19.826+0000] {dag.py:3834} INFO - Setting next_dagrun for prediction_dag to 2026-01-08 14:48:00+00:00, run_after=2026-01-08 14:50:00+00:00
[2026-01-08T14:48:19.845+0000] {processor.py:183} INFO - Processing /opt/airflow/dags/prediction_dag.py took 0.146 seconds
[2026-01-08T14:48:50.298+0000] {processor.py:161} INFO - Started process (PID=25541) to work on /opt/airflow/dags/prediction_dag.py
[2026-01-08T14:48:50.300+0000] {processor.py:830} INFO - Processing file /opt/airflow/dags/prediction_dag.py for tasks to queue
[2026-01-08T14:48:50.301+0000] {logging_mixin.py:188} INFO - [2026-01-08T14:48:50.301+0000] {dagbag.py:540} INFO - Filling up the DagBag from /opt/airflow/dags/prediction_dag.py
[2026-01-08T14:48:50.340+0000] {processor.py:840} INFO - DAG(s) 'prediction_dag' retrieved from /opt/airflow/dags/prediction_dag.py
[2026-01-08T14:48:50.401+0000] {logging_mixin.py:188} INFO - [2026-01-08T14:48:50.401+0000] {dag.py:3047} INFO - Sync 1 DAGs
[2026-01-08T14:48:50.457+0000] {logging_mixin.py:188} INFO - [2026-01-08T14:48:50.456+0000] {dag.py:3834} INFO - Setting next_dagrun for prediction_dag to 2026-01-08 14:48:00+00:00, run_after=2026-01-08 14:50:00+00:00
[2026-01-08T14:48:50.475+0000] {processor.py:183} INFO - Processing /opt/airflow/dags/prediction_dag.py took 0.189 seconds
[2026-01-08T14:49:21.474+0000] {processor.py:161} INFO - Started process (PID=25621) to work on /opt/airflow/dags/prediction_dag.py
[2026-01-08T14:49:21.476+0000] {processor.py:830} INFO - Processing file /opt/airflow/dags/prediction_dag.py for tasks to queue
[2026-01-08T14:49:21.477+0000] {logging_mixin.py:188} INFO - [2026-01-08T14:49:21.477+0000] {dagbag.py:540} INFO - Filling up the DagBag from /opt/airflow/dags/prediction_dag.py
[2026-01-08T14:49:21.513+0000] {processor.py:840} INFO - DAG(s) 'prediction_dag' retrieved from /opt/airflow/dags/prediction_dag.py
[2026-01-08T14:49:21.555+0000] {logging_mixin.py:188} INFO - [2026-01-08T14:49:21.554+0000] {dag.py:3047} INFO - Sync 1 DAGs
[2026-01-08T14:49:21.584+0000] {logging_mixin.py:188} INFO - [2026-01-08T14:49:21.584+0000] {dag.py:3834} INFO - Setting next_dagrun for prediction_dag to 2026-01-08 14:48:00+00:00, run_after=2026-01-08 14:50:00+00:00
[2026-01-08T14:49:21.600+0000] {processor.py:183} INFO - Processing /opt/airflow/dags/prediction_dag.py took 0.136 seconds
[2026-01-08T14:49:52.042+0000] {processor.py:161} INFO - Started process (PID=25639) to work on /opt/airflow/dags/prediction_dag.py
[2026-01-08T14:49:52.045+0000] {processor.py:830} INFO - Processing file /opt/airflow/dags/prediction_dag.py for tasks to queue
[2026-01-08T14:49:52.046+0000] {logging_mixin.py:188} INFO - [2026-01-08T14:49:52.045+0000] {dagbag.py:540} INFO - Filling up the DagBag from /opt/airflow/dags/prediction_dag.py
[2026-01-08T14:49:52.085+0000] {processor.py:840} INFO - DAG(s) 'prediction_dag' retrieved from /opt/airflow/dags/prediction_dag.py
[2026-01-08T14:49:52.150+0000] {logging_mixin.py:188} INFO - [2026-01-08T14:49:52.150+0000] {dag.py:3047} INFO - Sync 1 DAGs
[2026-01-08T14:49:52.189+0000] {logging_mixin.py:188} INFO - [2026-01-08T14:49:52.189+0000] {dag.py:3834} INFO - Setting next_dagrun for prediction_dag to 2026-01-08 14:48:00+00:00, run_after=2026-01-08 14:50:00+00:00
[2026-01-08T14:49:52.211+0000] {processor.py:183} INFO - Processing /opt/airflow/dags/prediction_dag.py took 0.183 seconds
[2026-01-08T14:50:22.511+0000] {processor.py:161} INFO - Started process (PID=25722) to work on /opt/airflow/dags/prediction_dag.py
[2026-01-08T14:50:22.515+0000] {processor.py:830} INFO - Processing file /opt/airflow/dags/prediction_dag.py for tasks to queue
[2026-01-08T14:50:22.517+0000] {logging_mixin.py:188} INFO - [2026-01-08T14:50:22.516+0000] {dagbag.py:540} INFO - Filling up the DagBag from /opt/airflow/dags/prediction_dag.py
[2026-01-08T14:50:22.549+0000] {processor.py:840} INFO - DAG(s) 'prediction_dag' retrieved from /opt/airflow/dags/prediction_dag.py
[2026-01-08T14:50:22.610+0000] {logging_mixin.py:188} INFO - [2026-01-08T14:50:22.610+0000] {dag.py:3047} INFO - Sync 1 DAGs
[2026-01-08T14:50:22.653+0000] {logging_mixin.py:188} INFO - [2026-01-08T14:50:22.653+0000] {dag.py:3834} INFO - Setting next_dagrun for prediction_dag to 2026-01-08 14:50:00+00:00, run_after=2026-01-08 14:52:00+00:00
[2026-01-08T14:50:22.683+0000] {processor.py:183} INFO - Processing /opt/airflow/dags/prediction_dag.py took 0.183 seconds
[2026-01-08T14:50:53.421+0000] {processor.py:161} INFO - Started process (PID=25743) to work on /opt/airflow/dags/prediction_dag.py
[2026-01-08T14:50:53.424+0000] {processor.py:830} INFO - Processing file /opt/airflow/dags/prediction_dag.py for tasks to queue
[2026-01-08T14:50:53.425+0000] {logging_mixin.py:188} INFO - [2026-01-08T14:50:53.424+0000] {dagbag.py:540} INFO - Filling up the DagBag from /opt/airflow/dags/prediction_dag.py
[2026-01-08T14:50:53.452+0000] {processor.py:840} INFO - DAG(s) 'prediction_dag' retrieved from /opt/airflow/dags/prediction_dag.py
[2026-01-08T14:50:53.680+0000] {logging_mixin.py:188} INFO - [2026-01-08T14:50:53.678+0000] {dag.py:3047} INFO - Sync 1 DAGs
[2026-01-08T14:50:53.752+0000] {logging_mixin.py:188} INFO - [2026-01-08T14:50:53.751+0000] {dag.py:3834} INFO - Setting next_dagrun for prediction_dag to 2026-01-08 14:50:00+00:00, run_after=2026-01-08 14:52:00+00:00
[2026-01-08T14:50:53.781+0000] {processor.py:183} INFO - Processing /opt/airflow/dags/prediction_dag.py took 0.372 seconds
[2026-01-08T14:51:24.488+0000] {processor.py:161} INFO - Started process (PID=25823) to work on /opt/airflow/dags/prediction_dag.py
[2026-01-08T14:51:24.491+0000] {processor.py:830} INFO - Processing file /opt/airflow/dags/prediction_dag.py for tasks to queue
[2026-01-08T14:51:24.492+0000] {logging_mixin.py:188} INFO - [2026-01-08T14:51:24.492+0000] {dagbag.py:540} INFO - Filling up the DagBag from /opt/airflow/dags/prediction_dag.py
[2026-01-08T14:51:24.516+0000] {processor.py:840} INFO - DAG(s) 'prediction_dag' retrieved from /opt/airflow/dags/prediction_dag.py
[2026-01-08T14:51:24.571+0000] {logging_mixin.py:188} INFO - [2026-01-08T14:51:24.571+0000] {dag.py:3047} INFO - Sync 1 DAGs
[2026-01-08T14:51:24.605+0000] {logging_mixin.py:188} INFO - [2026-01-08T14:51:24.605+0000] {dag.py:3834} INFO - Setting next_dagrun for prediction_dag to 2026-01-08 14:50:00+00:00, run_after=2026-01-08 14:52:00+00:00
[2026-01-08T14:51:24.620+0000] {processor.py:183} INFO - Processing /opt/airflow/dags/prediction_dag.py took 0.144 seconds
[2026-01-08T14:51:55.266+0000] {processor.py:161} INFO - Started process (PID=25839) to work on /opt/airflow/dags/prediction_dag.py
[2026-01-08T14:51:55.269+0000] {processor.py:830} INFO - Processing file /opt/airflow/dags/prediction_dag.py for tasks to queue
[2026-01-08T14:51:55.276+0000] {logging_mixin.py:188} INFO - [2026-01-08T14:51:55.275+0000] {dagbag.py:540} INFO - Filling up the DagBag from /opt/airflow/dags/prediction_dag.py
[2026-01-08T14:51:55.319+0000] {processor.py:840} INFO - DAG(s) 'prediction_dag' retrieved from /opt/airflow/dags/prediction_dag.py
[2026-01-08T14:51:55.359+0000] {logging_mixin.py:188} INFO - [2026-01-08T14:51:55.359+0000] {dag.py:3047} INFO - Sync 1 DAGs
[2026-01-08T14:51:55.407+0000] {logging_mixin.py:188} INFO - [2026-01-08T14:51:55.407+0000] {dag.py:3834} INFO - Setting next_dagrun for prediction_dag to 2026-01-08 14:50:00+00:00, run_after=2026-01-08 14:52:00+00:00
[2026-01-08T14:51:55.419+0000] {processor.py:183} INFO - Processing /opt/airflow/dags/prediction_dag.py took 0.161 seconds
[2026-01-08T14:52:25.534+0000] {processor.py:161} INFO - Started process (PID=25917) to work on /opt/airflow/dags/prediction_dag.py
[2026-01-08T14:52:25.538+0000] {processor.py:830} INFO - Processing file /opt/airflow/dags/prediction_dag.py for tasks to queue
[2026-01-08T14:52:25.540+0000] {logging_mixin.py:188} INFO - [2026-01-08T14:52:25.539+0000] {dagbag.py:540} INFO - Filling up the DagBag from /opt/airflow/dags/prediction_dag.py
[2026-01-08T14:52:25.583+0000] {processor.py:840} INFO - DAG(s) 'prediction_dag' retrieved from /opt/airflow/dags/prediction_dag.py
[2026-01-08T14:52:25.651+0000] {logging_mixin.py:188} INFO - [2026-01-08T14:52:25.651+0000] {dag.py:3047} INFO - Sync 1 DAGs
[2026-01-08T14:52:25.697+0000] {logging_mixin.py:188} INFO - [2026-01-08T14:52:25.697+0000] {dag.py:3834} INFO - Setting next_dagrun for prediction_dag to 2026-01-08 14:52:00+00:00, run_after=2026-01-08 14:54:00+00:00
[2026-01-08T14:52:25.718+0000] {processor.py:183} INFO - Processing /opt/airflow/dags/prediction_dag.py took 0.195 seconds
[2026-01-08T14:52:56.171+0000] {processor.py:161} INFO - Started process (PID=25932) to work on /opt/airflow/dags/prediction_dag.py
[2026-01-08T14:52:56.174+0000] {processor.py:830} INFO - Processing file /opt/airflow/dags/prediction_dag.py for tasks to queue
[2026-01-08T14:52:56.176+0000] {logging_mixin.py:188} INFO - [2026-01-08T14:52:56.175+0000] {dagbag.py:540} INFO - Filling up the DagBag from /opt/airflow/dags/prediction_dag.py
[2026-01-08T14:52:56.229+0000] {processor.py:840} INFO - DAG(s) 'prediction_dag' retrieved from /opt/airflow/dags/prediction_dag.py
[2026-01-08T14:52:56.300+0000] {logging_mixin.py:188} INFO - [2026-01-08T14:52:56.300+0000] {dag.py:3047} INFO - Sync 1 DAGs
[2026-01-08T14:52:56.359+0000] {logging_mixin.py:188} INFO - [2026-01-08T14:52:56.358+0000] {dag.py:3834} INFO - Setting next_dagrun for prediction_dag to 2026-01-08 14:52:00+00:00, run_after=2026-01-08 14:54:00+00:00
[2026-01-08T14:52:56.400+0000] {processor.py:183} INFO - Processing /opt/airflow/dags/prediction_dag.py took 0.240 seconds
[2026-01-08T14:53:26.944+0000] {processor.py:161} INFO - Started process (PID=26012) to work on /opt/airflow/dags/prediction_dag.py
[2026-01-08T14:53:26.947+0000] {processor.py:830} INFO - Processing file /opt/airflow/dags/prediction_dag.py for tasks to queue
[2026-01-08T14:53:26.948+0000] {logging_mixin.py:188} INFO - [2026-01-08T14:53:26.947+0000] {dagbag.py:540} INFO - Filling up the DagBag from /opt/airflow/dags/prediction_dag.py
[2026-01-08T14:53:26.986+0000] {processor.py:840} INFO - DAG(s) 'prediction_dag' retrieved from /opt/airflow/dags/prediction_dag.py
[2026-01-08T14:53:27.027+0000] {logging_mixin.py:188} INFO - [2026-01-08T14:53:27.027+0000] {dag.py:3047} INFO - Sync 1 DAGs
[2026-01-08T14:53:27.061+0000] {logging_mixin.py:188} INFO - [2026-01-08T14:53:27.061+0000] {dag.py:3834} INFO - Setting next_dagrun for prediction_dag to 2026-01-08 14:52:00+00:00, run_after=2026-01-08 14:54:00+00:00
[2026-01-08T14:53:27.078+0000] {processor.py:183} INFO - Processing /opt/airflow/dags/prediction_dag.py took 0.146 seconds
[2026-01-08T14:53:57.241+0000] {processor.py:161} INFO - Started process (PID=26030) to work on /opt/airflow/dags/prediction_dag.py
[2026-01-08T14:53:57.244+0000] {processor.py:830} INFO - Processing file /opt/airflow/dags/prediction_dag.py for tasks to queue
[2026-01-08T14:53:57.246+0000] {logging_mixin.py:188} INFO - [2026-01-08T14:53:57.245+0000] {dagbag.py:540} INFO - Filling up the DagBag from /opt/airflow/dags/prediction_dag.py
[2026-01-08T14:53:57.282+0000] {processor.py:840} INFO - DAG(s) 'prediction_dag' retrieved from /opt/airflow/dags/prediction_dag.py
[2026-01-08T14:53:57.334+0000] {logging_mixin.py:188} INFO - [2026-01-08T14:53:57.334+0000] {dag.py:3047} INFO - Sync 1 DAGs
[2026-01-08T14:53:57.368+0000] {logging_mixin.py:188} INFO - [2026-01-08T14:53:57.368+0000] {dag.py:3834} INFO - Setting next_dagrun for prediction_dag to 2026-01-08 14:52:00+00:00, run_after=2026-01-08 14:54:00+00:00
[2026-01-08T14:53:57.386+0000] {processor.py:183} INFO - Processing /opt/airflow/dags/prediction_dag.py took 0.154 seconds
[2026-01-08T14:54:28.118+0000] {processor.py:161} INFO - Started process (PID=26116) to work on /opt/airflow/dags/prediction_dag.py
[2026-01-08T14:54:28.120+0000] {processor.py:830} INFO - Processing file /opt/airflow/dags/prediction_dag.py for tasks to queue
[2026-01-08T14:54:28.121+0000] {logging_mixin.py:188} INFO - [2026-01-08T14:54:28.121+0000] {dagbag.py:540} INFO - Filling up the DagBag from /opt/airflow/dags/prediction_dag.py
[2026-01-08T14:54:28.158+0000] {processor.py:840} INFO - DAG(s) 'prediction_dag' retrieved from /opt/airflow/dags/prediction_dag.py
[2026-01-08T14:54:28.214+0000] {logging_mixin.py:188} INFO - [2026-01-08T14:54:28.214+0000] {dag.py:3047} INFO - Sync 1 DAGs
[2026-01-08T14:54:28.252+0000] {logging_mixin.py:188} INFO - [2026-01-08T14:54:28.252+0000] {dag.py:3834} INFO - Setting next_dagrun for prediction_dag to 2026-01-08 14:54:00+00:00, run_after=2026-01-08 14:56:00+00:00
[2026-01-08T14:54:28.270+0000] {processor.py:183} INFO - Processing /opt/airflow/dags/prediction_dag.py took 0.162 seconds
[2026-01-08T14:54:58.408+0000] {processor.py:161} INFO - Started process (PID=26134) to work on /opt/airflow/dags/prediction_dag.py
[2026-01-08T14:54:58.411+0000] {processor.py:830} INFO - Processing file /opt/airflow/dags/prediction_dag.py for tasks to queue
[2026-01-08T14:54:58.413+0000] {logging_mixin.py:188} INFO - [2026-01-08T14:54:58.412+0000] {dagbag.py:540} INFO - Filling up the DagBag from /opt/airflow/dags/prediction_dag.py
[2026-01-08T14:54:58.451+0000] {processor.py:840} INFO - DAG(s) 'prediction_dag' retrieved from /opt/airflow/dags/prediction_dag.py
[2026-01-08T14:54:58.524+0000] {logging_mixin.py:188} INFO - [2026-01-08T14:54:58.524+0000] {dag.py:3047} INFO - Sync 1 DAGs
[2026-01-08T14:54:58.566+0000] {logging_mixin.py:188} INFO - [2026-01-08T14:54:58.566+0000] {dag.py:3834} INFO - Setting next_dagrun for prediction_dag to 2026-01-08 14:54:00+00:00, run_after=2026-01-08 14:56:00+00:00
[2026-01-08T14:54:58.582+0000] {processor.py:183} INFO - Processing /opt/airflow/dags/prediction_dag.py took 0.185 seconds
[2026-01-08T14:55:28.681+0000] {processor.py:161} INFO - Started process (PID=26214) to work on /opt/airflow/dags/prediction_dag.py
[2026-01-08T14:55:28.683+0000] {processor.py:830} INFO - Processing file /opt/airflow/dags/prediction_dag.py for tasks to queue
[2026-01-08T14:55:28.684+0000] {logging_mixin.py:188} INFO - [2026-01-08T14:55:28.684+0000] {dagbag.py:540} INFO - Filling up the DagBag from /opt/airflow/dags/prediction_dag.py
[2026-01-08T14:55:28.710+0000] {processor.py:840} INFO - DAG(s) 'prediction_dag' retrieved from /opt/airflow/dags/prediction_dag.py
[2026-01-08T14:55:28.756+0000] {logging_mixin.py:188} INFO - [2026-01-08T14:55:28.756+0000] {dag.py:3047} INFO - Sync 1 DAGs
[2026-01-08T14:55:28.785+0000] {logging_mixin.py:188} INFO - [2026-01-08T14:55:28.784+0000] {dag.py:3834} INFO - Setting next_dagrun for prediction_dag to 2026-01-08 14:54:00+00:00, run_after=2026-01-08 14:56:00+00:00
[2026-01-08T14:55:28.799+0000] {processor.py:183} INFO - Processing /opt/airflow/dags/prediction_dag.py took 0.128 seconds
[2026-01-08T14:55:59.246+0000] {processor.py:161} INFO - Started process (PID=26232) to work on /opt/airflow/dags/prediction_dag.py
[2026-01-08T14:55:59.249+0000] {processor.py:830} INFO - Processing file /opt/airflow/dags/prediction_dag.py for tasks to queue
[2026-01-08T14:55:59.250+0000] {logging_mixin.py:188} INFO - [2026-01-08T14:55:59.250+0000] {dagbag.py:540} INFO - Filling up the DagBag from /opt/airflow/dags/prediction_dag.py
[2026-01-08T14:55:59.265+0000] {processor.py:840} INFO - DAG(s) 'prediction_dag' retrieved from /opt/airflow/dags/prediction_dag.py
[2026-01-08T14:55:59.289+0000] {logging_mixin.py:188} INFO - [2026-01-08T14:55:59.289+0000] {dag.py:3047} INFO - Sync 1 DAGs
[2026-01-08T14:55:59.305+0000] {logging_mixin.py:188} INFO - [2026-01-08T14:55:59.305+0000] {dag.py:3834} INFO - Setting next_dagrun for prediction_dag to 2026-01-08 14:54:00+00:00, run_after=2026-01-08 14:56:00+00:00
[2026-01-08T14:55:59.315+0000] {processor.py:183} INFO - Processing /opt/airflow/dags/prediction_dag.py took 0.078 seconds
[2026-01-08T14:56:29.768+0000] {processor.py:161} INFO - Started process (PID=26318) to work on /opt/airflow/dags/prediction_dag.py
[2026-01-08T14:56:29.769+0000] {processor.py:830} INFO - Processing file /opt/airflow/dags/prediction_dag.py for tasks to queue
[2026-01-08T14:56:29.770+0000] {logging_mixin.py:188} INFO - [2026-01-08T14:56:29.769+0000] {dagbag.py:540} INFO - Filling up the DagBag from /opt/airflow/dags/prediction_dag.py
[2026-01-08T14:56:29.793+0000] {processor.py:840} INFO - DAG(s) 'prediction_dag' retrieved from /opt/airflow/dags/prediction_dag.py
[2026-01-08T14:56:30.001+0000] {logging_mixin.py:188} INFO - [2026-01-08T14:56:30.000+0000] {dag.py:3047} INFO - Sync 1 DAGs
[2026-01-08T14:56:30.042+0000] {logging_mixin.py:188} INFO - [2026-01-08T14:56:30.042+0000] {dag.py:3834} INFO - Setting next_dagrun for prediction_dag to 2026-01-08 14:56:00+00:00, run_after=2026-01-08 14:58:00+00:00
[2026-01-08T14:56:30.063+0000] {processor.py:183} INFO - Processing /opt/airflow/dags/prediction_dag.py took 0.304 seconds
[2026-01-08T14:57:00.172+0000] {processor.py:161} INFO - Started process (PID=26326) to work on /opt/airflow/dags/prediction_dag.py
[2026-01-08T14:57:00.179+0000] {processor.py:830} INFO - Processing file /opt/airflow/dags/prediction_dag.py for tasks to queue
[2026-01-08T14:57:00.183+0000] {logging_mixin.py:188} INFO - [2026-01-08T14:57:00.182+0000] {dagbag.py:540} INFO - Filling up the DagBag from /opt/airflow/dags/prediction_dag.py
[2026-01-08T14:57:00.209+0000] {processor.py:840} INFO - DAG(s) 'prediction_dag' retrieved from /opt/airflow/dags/prediction_dag.py
[2026-01-08T14:57:00.338+0000] {logging_mixin.py:188} INFO - [2026-01-08T14:57:00.337+0000] {dag.py:3047} INFO - Sync 1 DAGs
[2026-01-08T14:57:00.406+0000] {logging_mixin.py:188} INFO - [2026-01-08T14:57:00.406+0000] {dag.py:3834} INFO - Setting next_dagrun for prediction_dag to 2026-01-08 14:56:00+00:00, run_after=2026-01-08 14:58:00+00:00
[2026-01-08T14:57:00.468+0000] {processor.py:183} INFO - Processing /opt/airflow/dags/prediction_dag.py took 0.305 seconds
[2026-01-08T14:57:31.329+0000] {processor.py:161} INFO - Started process (PID=26403) to work on /opt/airflow/dags/prediction_dag.py
[2026-01-08T14:57:31.332+0000] {processor.py:830} INFO - Processing file /opt/airflow/dags/prediction_dag.py for tasks to queue
[2026-01-08T14:57:31.333+0000] {logging_mixin.py:188} INFO - [2026-01-08T14:57:31.333+0000] {dagbag.py:540} INFO - Filling up the DagBag from /opt/airflow/dags/prediction_dag.py
[2026-01-08T14:57:31.363+0000] {processor.py:840} INFO - DAG(s) 'prediction_dag' retrieved from /opt/airflow/dags/prediction_dag.py
[2026-01-08T14:57:31.411+0000] {logging_mixin.py:188} INFO - [2026-01-08T14:57:31.411+0000] {dag.py:3047} INFO - Sync 1 DAGs
[2026-01-08T14:57:31.442+0000] {logging_mixin.py:188} INFO - [2026-01-08T14:57:31.442+0000] {dag.py:3834} INFO - Setting next_dagrun for prediction_dag to 2026-01-08 14:56:00+00:00, run_after=2026-01-08 14:58:00+00:00
[2026-01-08T14:57:31.459+0000] {processor.py:183} INFO - Processing /opt/airflow/dags/prediction_dag.py took 0.139 seconds
[2026-01-08T14:58:01.626+0000] {processor.py:161} INFO - Started process (PID=26424) to work on /opt/airflow/dags/prediction_dag.py
[2026-01-08T14:58:01.627+0000] {processor.py:830} INFO - Processing file /opt/airflow/dags/prediction_dag.py for tasks to queue
[2026-01-08T14:58:01.628+0000] {logging_mixin.py:188} INFO - [2026-01-08T14:58:01.628+0000] {dagbag.py:540} INFO - Filling up the DagBag from /opt/airflow/dags/prediction_dag.py
[2026-01-08T14:58:01.648+0000] {processor.py:840} INFO - DAG(s) 'prediction_dag' retrieved from /opt/airflow/dags/prediction_dag.py
[2026-01-08T14:58:01.684+0000] {logging_mixin.py:188} INFO - [2026-01-08T14:58:01.684+0000] {dag.py:3047} INFO - Sync 1 DAGs
[2026-01-08T14:58:01.713+0000] {logging_mixin.py:188} INFO - [2026-01-08T14:58:01.713+0000] {dag.py:3834} INFO - Setting next_dagrun for prediction_dag to 2026-01-08 14:58:00+00:00, run_after=2026-01-08 15:00:00+00:00
[2026-01-08T14:58:01.729+0000] {processor.py:183} INFO - Processing /opt/airflow/dags/prediction_dag.py took 0.108 seconds
[2026-01-08T14:58:32.090+0000] {processor.py:161} INFO - Started process (PID=26507) to work on /opt/airflow/dags/prediction_dag.py
[2026-01-08T14:58:32.093+0000] {processor.py:830} INFO - Processing file /opt/airflow/dags/prediction_dag.py for tasks to queue
[2026-01-08T14:58:32.095+0000] {logging_mixin.py:188} INFO - [2026-01-08T14:58:32.094+0000] {dagbag.py:540} INFO - Filling up the DagBag from /opt/airflow/dags/prediction_dag.py
[2026-01-08T14:58:32.141+0000] {processor.py:840} INFO - DAG(s) 'prediction_dag' retrieved from /opt/airflow/dags/prediction_dag.py
[2026-01-08T14:58:32.218+0000] {logging_mixin.py:188} INFO - [2026-01-08T14:58:32.218+0000] {dag.py:3047} INFO - Sync 1 DAGs
[2026-01-08T14:58:32.259+0000] {logging_mixin.py:188} INFO - [2026-01-08T14:58:32.259+0000] {dag.py:3834} INFO - Setting next_dagrun for prediction_dag to 2026-01-08 14:58:00+00:00, run_after=2026-01-08 15:00:00+00:00
[2026-01-08T14:58:32.278+0000] {processor.py:183} INFO - Processing /opt/airflow/dags/prediction_dag.py took 0.200 seconds
[2026-01-08T14:59:02.401+0000] {processor.py:161} INFO - Started process (PID=26534) to work on /opt/airflow/dags/prediction_dag.py
[2026-01-08T14:59:02.403+0000] {processor.py:830} INFO - Processing file /opt/airflow/dags/prediction_dag.py for tasks to queue
[2026-01-08T14:59:02.404+0000] {logging_mixin.py:188} INFO - [2026-01-08T14:59:02.404+0000] {dagbag.py:540} INFO - Filling up the DagBag from /opt/airflow/dags/prediction_dag.py
[2026-01-08T14:59:02.428+0000] {processor.py:840} INFO - DAG(s) 'prediction_dag' retrieved from /opt/airflow/dags/prediction_dag.py
[2026-01-08T14:59:02.495+0000] {logging_mixin.py:188} INFO - [2026-01-08T14:59:02.495+0000] {dag.py:3047} INFO - Sync 1 DAGs
[2026-01-08T14:59:02.528+0000] {logging_mixin.py:188} INFO - [2026-01-08T14:59:02.528+0000] {dag.py:3834} INFO - Setting next_dagrun for prediction_dag to 2026-01-08 14:58:00+00:00, run_after=2026-01-08 15:00:00+00:00
[2026-01-08T14:59:02.546+0000] {processor.py:183} INFO - Processing /opt/airflow/dags/prediction_dag.py took 0.151 seconds
[2026-01-08T14:59:32.736+0000] {processor.py:161} INFO - Started process (PID=26605) to work on /opt/airflow/dags/prediction_dag.py
[2026-01-08T14:59:32.741+0000] {processor.py:830} INFO - Processing file /opt/airflow/dags/prediction_dag.py for tasks to queue
[2026-01-08T14:59:32.742+0000] {logging_mixin.py:188} INFO - [2026-01-08T14:59:32.742+0000] {dagbag.py:540} INFO - Filling up the DagBag from /opt/airflow/dags/prediction_dag.py
[2026-01-08T14:59:32.791+0000] {processor.py:840} INFO - DAG(s) 'prediction_dag' retrieved from /opt/airflow/dags/prediction_dag.py
[2026-01-08T14:59:32.858+0000] {logging_mixin.py:188} INFO - [2026-01-08T14:59:32.858+0000] {dag.py:3047} INFO - Sync 1 DAGs
[2026-01-08T14:59:32.902+0000] {logging_mixin.py:188} INFO - [2026-01-08T14:59:32.902+0000] {dag.py:3834} INFO - Setting next_dagrun for prediction_dag to 2026-01-08 14:58:00+00:00, run_after=2026-01-08 15:00:00+00:00
[2026-01-08T14:59:32.924+0000] {processor.py:183} INFO - Processing /opt/airflow/dags/prediction_dag.py took 0.203 seconds
[2026-01-08T15:00:03.016+0000] {processor.py:161} INFO - Started process (PID=26635) to work on /opt/airflow/dags/prediction_dag.py
[2026-01-08T15:00:03.018+0000] {processor.py:830} INFO - Processing file /opt/airflow/dags/prediction_dag.py for tasks to queue
[2026-01-08T15:00:03.019+0000] {logging_mixin.py:188} INFO - [2026-01-08T15:00:03.019+0000] {dagbag.py:540} INFO - Filling up the DagBag from /opt/airflow/dags/prediction_dag.py
[2026-01-08T15:00:03.041+0000] {processor.py:840} INFO - DAG(s) 'prediction_dag' retrieved from /opt/airflow/dags/prediction_dag.py
[2026-01-08T15:00:03.087+0000] {logging_mixin.py:188} INFO - [2026-01-08T15:00:03.087+0000] {dag.py:3047} INFO - Sync 1 DAGs
[2026-01-08T15:00:03.117+0000] {logging_mixin.py:188} INFO - [2026-01-08T15:00:03.116+0000] {dag.py:3834} INFO - Setting next_dagrun for prediction_dag to 2026-01-08 15:00:00+00:00, run_after=2026-01-08 15:02:00+00:00
[2026-01-08T15:00:03.137+0000] {processor.py:183} INFO - Processing /opt/airflow/dags/prediction_dag.py took 0.128 seconds
[2026-01-08T15:00:33.568+0000] {processor.py:161} INFO - Started process (PID=26709) to work on /opt/airflow/dags/prediction_dag.py
[2026-01-08T15:00:33.571+0000] {processor.py:830} INFO - Processing file /opt/airflow/dags/prediction_dag.py for tasks to queue
[2026-01-08T15:00:33.573+0000] {logging_mixin.py:188} INFO - [2026-01-08T15:00:33.572+0000] {dagbag.py:540} INFO - Filling up the DagBag from /opt/airflow/dags/prediction_dag.py
[2026-01-08T15:00:33.612+0000] {processor.py:840} INFO - DAG(s) 'prediction_dag' retrieved from /opt/airflow/dags/prediction_dag.py
[2026-01-08T15:00:33.669+0000] {logging_mixin.py:188} INFO - [2026-01-08T15:00:33.669+0000] {dag.py:3047} INFO - Sync 1 DAGs
[2026-01-08T15:00:33.706+0000] {logging_mixin.py:188} INFO - [2026-01-08T15:00:33.706+0000] {dag.py:3834} INFO - Setting next_dagrun for prediction_dag to 2026-01-08 15:00:00+00:00, run_after=2026-01-08 15:02:00+00:00
[2026-01-08T15:00:33.721+0000] {processor.py:183} INFO - Processing /opt/airflow/dags/prediction_dag.py took 0.168 seconds
[2026-01-08T15:01:04.292+0000] {processor.py:161} INFO - Started process (PID=26738) to work on /opt/airflow/dags/prediction_dag.py
[2026-01-08T15:01:04.294+0000] {processor.py:830} INFO - Processing file /opt/airflow/dags/prediction_dag.py for tasks to queue
[2026-01-08T15:01:04.295+0000] {logging_mixin.py:188} INFO - [2026-01-08T15:01:04.295+0000] {dagbag.py:540} INFO - Filling up the DagBag from /opt/airflow/dags/prediction_dag.py
[2026-01-08T15:01:04.316+0000] {processor.py:840} INFO - DAG(s) 'prediction_dag' retrieved from /opt/airflow/dags/prediction_dag.py
[2026-01-08T15:01:04.365+0000] {logging_mixin.py:188} INFO - [2026-01-08T15:01:04.365+0000] {dag.py:3047} INFO - Sync 1 DAGs
[2026-01-08T15:01:04.414+0000] {logging_mixin.py:188} INFO - [2026-01-08T15:01:04.414+0000] {dag.py:3834} INFO - Setting next_dagrun for prediction_dag to 2026-01-08 15:00:00+00:00, run_after=2026-01-08 15:02:00+00:00
[2026-01-08T15:01:04.433+0000] {processor.py:183} INFO - Processing /opt/airflow/dags/prediction_dag.py took 0.146 seconds
[2026-01-08T15:01:34.944+0000] {processor.py:161} INFO - Started process (PID=26807) to work on /opt/airflow/dags/prediction_dag.py
[2026-01-08T15:01:34.946+0000] {processor.py:830} INFO - Processing file /opt/airflow/dags/prediction_dag.py for tasks to queue
[2026-01-08T15:01:34.948+0000] {logging_mixin.py:188} INFO - [2026-01-08T15:01:34.947+0000] {dagbag.py:540} INFO - Filling up the DagBag from /opt/airflow/dags/prediction_dag.py
[2026-01-08T15:01:34.972+0000] {processor.py:840} INFO - DAG(s) 'prediction_dag' retrieved from /opt/airflow/dags/prediction_dag.py
[2026-01-08T15:01:34.998+0000] {logging_mixin.py:188} INFO - [2026-01-08T15:01:34.998+0000] {dag.py:3047} INFO - Sync 1 DAGs
[2026-01-08T15:01:35.018+0000] {logging_mixin.py:188} INFO - [2026-01-08T15:01:35.018+0000] {dag.py:3834} INFO - Setting next_dagrun for prediction_dag to 2026-01-08 15:00:00+00:00, run_after=2026-01-08 15:02:00+00:00
[2026-01-08T15:01:35.030+0000] {processor.py:183} INFO - Processing /opt/airflow/dags/prediction_dag.py took 0.095 seconds
[2026-01-08T15:02:05.260+0000] {processor.py:161} INFO - Started process (PID=26851) to work on /opt/airflow/dags/prediction_dag.py
[2026-01-08T15:02:05.262+0000] {processor.py:830} INFO - Processing file /opt/airflow/dags/prediction_dag.py for tasks to queue
[2026-01-08T15:02:05.263+0000] {logging_mixin.py:188} INFO - [2026-01-08T15:02:05.262+0000] {dagbag.py:540} INFO - Filling up the DagBag from /opt/airflow/dags/prediction_dag.py
[2026-01-08T15:02:05.289+0000] {processor.py:840} INFO - DAG(s) 'prediction_dag' retrieved from /opt/airflow/dags/prediction_dag.py
[2026-01-08T15:02:05.320+0000] {logging_mixin.py:188} INFO - [2026-01-08T15:02:05.320+0000] {dag.py:3047} INFO - Sync 1 DAGs
[2026-01-08T15:02:05.344+0000] {logging_mixin.py:188} INFO - [2026-01-08T15:02:05.344+0000] {dag.py:3834} INFO - Setting next_dagrun for prediction_dag to 2026-01-08 15:02:00+00:00, run_after=2026-01-08 15:04:00+00:00
[2026-01-08T15:02:05.355+0000] {processor.py:183} INFO - Processing /opt/airflow/dags/prediction_dag.py took 0.107 seconds
[2026-01-08T15:02:35.774+0000] {processor.py:161} INFO - Started process (PID=26901) to work on /opt/airflow/dags/prediction_dag.py
[2026-01-08T15:02:35.776+0000] {processor.py:830} INFO - Processing file /opt/airflow/dags/prediction_dag.py for tasks to queue
[2026-01-08T15:02:35.777+0000] {logging_mixin.py:188} INFO - [2026-01-08T15:02:35.777+0000] {dagbag.py:540} INFO - Filling up the DagBag from /opt/airflow/dags/prediction_dag.py
[2026-01-08T15:02:35.838+0000] {processor.py:840} INFO - DAG(s) 'prediction_dag' retrieved from /opt/airflow/dags/prediction_dag.py
[2026-01-08T15:02:35.898+0000] {logging_mixin.py:188} INFO - [2026-01-08T15:02:35.897+0000] {dag.py:3047} INFO - Sync 1 DAGs
[2026-01-08T15:02:35.939+0000] {logging_mixin.py:188} INFO - [2026-01-08T15:02:35.939+0000] {dag.py:3834} INFO - Setting next_dagrun for prediction_dag to 2026-01-08 15:02:00+00:00, run_after=2026-01-08 15:04:00+00:00
[2026-01-08T15:02:35.966+0000] {processor.py:183} INFO - Processing /opt/airflow/dags/prediction_dag.py took 0.201 seconds
[2026-01-08T15:03:06.153+0000] {processor.py:161} INFO - Started process (PID=26937) to work on /opt/airflow/dags/prediction_dag.py
[2026-01-08T15:03:06.155+0000] {processor.py:830} INFO - Processing file /opt/airflow/dags/prediction_dag.py for tasks to queue
[2026-01-08T15:03:06.156+0000] {logging_mixin.py:188} INFO - [2026-01-08T15:03:06.156+0000] {dagbag.py:540} INFO - Filling up the DagBag from /opt/airflow/dags/prediction_dag.py
[2026-01-08T15:03:06.173+0000] {processor.py:840} INFO - DAG(s) 'prediction_dag' retrieved from /opt/airflow/dags/prediction_dag.py
[2026-01-08T15:03:06.206+0000] {logging_mixin.py:188} INFO - [2026-01-08T15:03:06.206+0000] {dag.py:3047} INFO - Sync 1 DAGs
[2026-01-08T15:03:06.235+0000] {logging_mixin.py:188} INFO - [2026-01-08T15:03:06.235+0000] {dag.py:3834} INFO - Setting next_dagrun for prediction_dag to 2026-01-08 15:02:00+00:00, run_after=2026-01-08 15:04:00+00:00
[2026-01-08T15:03:06.257+0000] {processor.py:183} INFO - Processing /opt/airflow/dags/prediction_dag.py took 0.110 seconds
[2026-01-08T15:03:36.759+0000] {processor.py:161} INFO - Started process (PID=26996) to work on /opt/airflow/dags/prediction_dag.py
[2026-01-08T15:03:36.761+0000] {processor.py:830} INFO - Processing file /opt/airflow/dags/prediction_dag.py for tasks to queue
[2026-01-08T15:03:36.763+0000] {logging_mixin.py:188} INFO - [2026-01-08T15:03:36.762+0000] {dagbag.py:540} INFO - Filling up the DagBag from /opt/airflow/dags/prediction_dag.py
[2026-01-08T15:03:36.808+0000] {processor.py:840} INFO - DAG(s) 'prediction_dag' retrieved from /opt/airflow/dags/prediction_dag.py
[2026-01-08T15:03:36.858+0000] {logging_mixin.py:188} INFO - [2026-01-08T15:03:36.858+0000] {dag.py:3047} INFO - Sync 1 DAGs
[2026-01-08T15:03:36.904+0000] {logging_mixin.py:188} INFO - [2026-01-08T15:03:36.904+0000] {dag.py:3834} INFO - Setting next_dagrun for prediction_dag to 2026-01-08 15:02:00+00:00, run_after=2026-01-08 15:04:00+00:00
[2026-01-08T15:03:36.934+0000] {processor.py:183} INFO - Processing /opt/airflow/dags/prediction_dag.py took 0.187 seconds
[2026-01-08T15:04:07.016+0000] {processor.py:161} INFO - Started process (PID=27042) to work on /opt/airflow/dags/prediction_dag.py
[2026-01-08T15:04:07.018+0000] {processor.py:830} INFO - Processing file /opt/airflow/dags/prediction_dag.py for tasks to queue
[2026-01-08T15:04:07.019+0000] {logging_mixin.py:188} INFO - [2026-01-08T15:04:07.019+0000] {dagbag.py:540} INFO - Filling up the DagBag from /opt/airflow/dags/prediction_dag.py
[2026-01-08T15:04:07.048+0000] {processor.py:840} INFO - DAG(s) 'prediction_dag' retrieved from /opt/airflow/dags/prediction_dag.py
[2026-01-08T15:04:07.093+0000] {logging_mixin.py:188} INFO - [2026-01-08T15:04:07.093+0000] {dag.py:3047} INFO - Sync 1 DAGs
[2026-01-08T15:04:07.130+0000] {logging_mixin.py:188} INFO - [2026-01-08T15:04:07.130+0000] {dag.py:3834} INFO - Setting next_dagrun for prediction_dag to 2026-01-08 15:04:00+00:00, run_after=2026-01-08 15:06:00+00:00
[2026-01-08T15:04:07.148+0000] {processor.py:183} INFO - Processing /opt/airflow/dags/prediction_dag.py took 0.139 seconds
[2026-01-08T15:04:37.443+0000] {processor.py:161} INFO - Started process (PID=27100) to work on /opt/airflow/dags/prediction_dag.py
[2026-01-08T15:04:37.446+0000] {processor.py:830} INFO - Processing file /opt/airflow/dags/prediction_dag.py for tasks to queue
[2026-01-08T15:04:37.448+0000] {logging_mixin.py:188} INFO - [2026-01-08T15:04:37.447+0000] {dagbag.py:540} INFO - Filling up the DagBag from /opt/airflow/dags/prediction_dag.py
[2026-01-08T15:04:37.486+0000] {processor.py:840} INFO - DAG(s) 'prediction_dag' retrieved from /opt/airflow/dags/prediction_dag.py
[2026-01-08T15:04:37.549+0000] {logging_mixin.py:188} INFO - [2026-01-08T15:04:37.549+0000] {dag.py:3047} INFO - Sync 1 DAGs
[2026-01-08T15:04:37.584+0000] {logging_mixin.py:188} INFO - [2026-01-08T15:04:37.584+0000] {dag.py:3834} INFO - Setting next_dagrun for prediction_dag to 2026-01-08 15:04:00+00:00, run_after=2026-01-08 15:06:00+00:00
[2026-01-08T15:04:37.597+0000] {processor.py:183} INFO - Processing /opt/airflow/dags/prediction_dag.py took 0.167 seconds
[2026-01-08T15:05:07.886+0000] {processor.py:161} INFO - Started process (PID=27150) to work on /opt/airflow/dags/prediction_dag.py
[2026-01-08T15:05:07.889+0000] {processor.py:830} INFO - Processing file /opt/airflow/dags/prediction_dag.py for tasks to queue
[2026-01-08T15:05:07.891+0000] {logging_mixin.py:188} INFO - [2026-01-08T15:05:07.890+0000] {dagbag.py:540} INFO - Filling up the DagBag from /opt/airflow/dags/prediction_dag.py
[2026-01-08T15:05:07.921+0000] {processor.py:840} INFO - DAG(s) 'prediction_dag' retrieved from /opt/airflow/dags/prediction_dag.py
[2026-01-08T15:05:07.960+0000] {logging_mixin.py:188} INFO - [2026-01-08T15:05:07.960+0000] {dag.py:3047} INFO - Sync 1 DAGs
[2026-01-08T15:05:07.987+0000] {logging_mixin.py:188} INFO - [2026-01-08T15:05:07.986+0000] {dag.py:3834} INFO - Setting next_dagrun for prediction_dag to 2026-01-08 15:04:00+00:00, run_after=2026-01-08 15:06:00+00:00
[2026-01-08T15:05:07.997+0000] {processor.py:183} INFO - Processing /opt/airflow/dags/prediction_dag.py took 0.119 seconds
[2026-01-08T15:05:38.170+0000] {processor.py:161} INFO - Started process (PID=27198) to work on /opt/airflow/dags/prediction_dag.py
[2026-01-08T15:05:38.173+0000] {processor.py:830} INFO - Processing file /opt/airflow/dags/prediction_dag.py for tasks to queue
[2026-01-08T15:05:38.175+0000] {logging_mixin.py:188} INFO - [2026-01-08T15:05:38.174+0000] {dagbag.py:540} INFO - Filling up the DagBag from /opt/airflow/dags/prediction_dag.py
[2026-01-08T15:05:38.214+0000] {processor.py:840} INFO - DAG(s) 'prediction_dag' retrieved from /opt/airflow/dags/prediction_dag.py
[2026-01-08T15:05:38.269+0000] {logging_mixin.py:188} INFO - [2026-01-08T15:05:38.268+0000] {dag.py:3047} INFO - Sync 1 DAGs
[2026-01-08T15:05:38.300+0000] {logging_mixin.py:188} INFO - [2026-01-08T15:05:38.300+0000] {dag.py:3834} INFO - Setting next_dagrun for prediction_dag to 2026-01-08 15:04:00+00:00, run_after=2026-01-08 15:06:00+00:00
[2026-01-08T15:05:38.313+0000] {processor.py:183} INFO - Processing /opt/airflow/dags/prediction_dag.py took 0.158 seconds
[2026-01-08T15:06:08.436+0000] {processor.py:161} INFO - Started process (PID=27251) to work on /opt/airflow/dags/prediction_dag.py
[2026-01-08T15:06:08.439+0000] {processor.py:830} INFO - Processing file /opt/airflow/dags/prediction_dag.py for tasks to queue
[2026-01-08T15:06:08.440+0000] {logging_mixin.py:188} INFO - [2026-01-08T15:06:08.440+0000] {dagbag.py:540} INFO - Filling up the DagBag from /opt/airflow/dags/prediction_dag.py
[2026-01-08T15:06:08.471+0000] {processor.py:840} INFO - DAG(s) 'prediction_dag' retrieved from /opt/airflow/dags/prediction_dag.py
[2026-01-08T15:06:08.505+0000] {logging_mixin.py:188} INFO - [2026-01-08T15:06:08.505+0000] {dag.py:3047} INFO - Sync 1 DAGs
[2026-01-08T15:06:08.533+0000] {logging_mixin.py:188} INFO - [2026-01-08T15:06:08.533+0000] {dag.py:3834} INFO - Setting next_dagrun for prediction_dag to 2026-01-08 15:06:00+00:00, run_after=2026-01-08 15:08:00+00:00
[2026-01-08T15:06:08.558+0000] {processor.py:183} INFO - Processing /opt/airflow/dags/prediction_dag.py took 0.127 seconds
[2026-01-08T15:06:39.102+0000] {processor.py:161} INFO - Started process (PID=27302) to work on /opt/airflow/dags/prediction_dag.py
[2026-01-08T15:06:39.105+0000] {processor.py:830} INFO - Processing file /opt/airflow/dags/prediction_dag.py for tasks to queue
[2026-01-08T15:06:39.106+0000] {logging_mixin.py:188} INFO - [2026-01-08T15:06:39.106+0000] {dagbag.py:540} INFO - Filling up the DagBag from /opt/airflow/dags/prediction_dag.py
[2026-01-08T15:06:39.143+0000] {processor.py:840} INFO - DAG(s) 'prediction_dag' retrieved from /opt/airflow/dags/prediction_dag.py
[2026-01-08T15:06:39.208+0000] {logging_mixin.py:188} INFO - [2026-01-08T15:06:39.208+0000] {dag.py:3047} INFO - Sync 1 DAGs
[2026-01-08T15:06:39.241+0000] {logging_mixin.py:188} INFO - [2026-01-08T15:06:39.241+0000] {dag.py:3834} INFO - Setting next_dagrun for prediction_dag to 2026-01-08 15:06:00+00:00, run_after=2026-01-08 15:08:00+00:00
[2026-01-08T15:06:39.259+0000] {processor.py:183} INFO - Processing /opt/airflow/dags/prediction_dag.py took 0.165 seconds
[2026-01-08T15:07:09.311+0000] {processor.py:161} INFO - Started process (PID=27358) to work on /opt/airflow/dags/prediction_dag.py
[2026-01-08T15:07:09.313+0000] {processor.py:830} INFO - Processing file /opt/airflow/dags/prediction_dag.py for tasks to queue
[2026-01-08T15:07:09.314+0000] {logging_mixin.py:188} INFO - [2026-01-08T15:07:09.314+0000] {dagbag.py:540} INFO - Filling up the DagBag from /opt/airflow/dags/prediction_dag.py
[2026-01-08T15:07:09.334+0000] {processor.py:840} INFO - DAG(s) 'prediction_dag' retrieved from /opt/airflow/dags/prediction_dag.py
[2026-01-08T15:07:09.377+0000] {logging_mixin.py:188} INFO - [2026-01-08T15:07:09.377+0000] {dag.py:3047} INFO - Sync 1 DAGs
[2026-01-08T15:07:09.425+0000] {logging_mixin.py:188} INFO - [2026-01-08T15:07:09.425+0000] {dag.py:3834} INFO - Setting next_dagrun for prediction_dag to 2026-01-08 15:06:00+00:00, run_after=2026-01-08 15:08:00+00:00
[2026-01-08T15:07:09.447+0000] {processor.py:183} INFO - Processing /opt/airflow/dags/prediction_dag.py took 0.146 seconds
[2026-01-08T15:07:39.642+0000] {processor.py:161} INFO - Started process (PID=27400) to work on /opt/airflow/dags/prediction_dag.py
[2026-01-08T15:07:39.646+0000] {processor.py:830} INFO - Processing file /opt/airflow/dags/prediction_dag.py for tasks to queue
[2026-01-08T15:07:39.648+0000] {logging_mixin.py:188} INFO - [2026-01-08T15:07:39.647+0000] {dagbag.py:540} INFO - Filling up the DagBag from /opt/airflow/dags/prediction_dag.py
[2026-01-08T15:07:39.699+0000] {processor.py:840} INFO - DAG(s) 'prediction_dag' retrieved from /opt/airflow/dags/prediction_dag.py
[2026-01-08T15:07:39.809+0000] {logging_mixin.py:188} INFO - [2026-01-08T15:07:39.808+0000] {dag.py:3047} INFO - Sync 1 DAGs
[2026-01-08T15:07:39.866+0000] {logging_mixin.py:188} INFO - [2026-01-08T15:07:39.866+0000] {dag.py:3834} INFO - Setting next_dagrun for prediction_dag to 2026-01-08 15:06:00+00:00, run_after=2026-01-08 15:08:00+00:00
[2026-01-08T15:07:39.950+0000] {processor.py:183} INFO - Processing /opt/airflow/dags/prediction_dag.py took 0.337 seconds
[2026-01-08T15:08:10.291+0000] {processor.py:161} INFO - Started process (PID=27483) to work on /opt/airflow/dags/prediction_dag.py
[2026-01-08T15:08:10.294+0000] {processor.py:830} INFO - Processing file /opt/airflow/dags/prediction_dag.py for tasks to queue
[2026-01-08T15:08:10.300+0000] {logging_mixin.py:188} INFO - [2026-01-08T15:08:10.297+0000] {dagbag.py:540} INFO - Filling up the DagBag from /opt/airflow/dags/prediction_dag.py
[2026-01-08T15:08:10.335+0000] {processor.py:840} INFO - DAG(s) 'prediction_dag' retrieved from /opt/airflow/dags/prediction_dag.py
[2026-01-08T15:08:10.423+0000] {logging_mixin.py:188} INFO - [2026-01-08T15:08:10.423+0000] {dag.py:3047} INFO - Sync 1 DAGs
[2026-01-08T15:08:10.509+0000] {logging_mixin.py:188} INFO - [2026-01-08T15:08:10.509+0000] {dag.py:3834} INFO - Setting next_dagrun for prediction_dag to 2026-01-08 15:08:00+00:00, run_after=2026-01-08 15:10:00+00:00
[2026-01-08T15:08:10.546+0000] {processor.py:183} INFO - Processing /opt/airflow/dags/prediction_dag.py took 0.267 seconds
[2026-01-08T15:08:41.771+0000] {processor.py:161} INFO - Started process (PID=27504) to work on /opt/airflow/dags/prediction_dag.py
[2026-01-08T15:08:41.776+0000] {processor.py:830} INFO - Processing file /opt/airflow/dags/prediction_dag.py for tasks to queue
[2026-01-08T15:08:41.779+0000] {logging_mixin.py:188} INFO - [2026-01-08T15:08:41.778+0000] {dagbag.py:540} INFO - Filling up the DagBag from /opt/airflow/dags/prediction_dag.py
[2026-01-08T15:08:41.837+0000] {processor.py:840} INFO - DAG(s) 'prediction_dag' retrieved from /opt/airflow/dags/prediction_dag.py
[2026-01-08T15:08:41.925+0000] {logging_mixin.py:188} INFO - [2026-01-08T15:08:41.924+0000] {dag.py:3047} INFO - Sync 1 DAGs
[2026-01-08T15:08:41.959+0000] {logging_mixin.py:188} INFO - [2026-01-08T15:08:41.959+0000] {dag.py:3834} INFO - Setting next_dagrun for prediction_dag to 2026-01-08 15:08:00+00:00, run_after=2026-01-08 15:10:00+00:00
[2026-01-08T15:08:41.980+0000] {processor.py:183} INFO - Processing /opt/airflow/dags/prediction_dag.py took 0.235 seconds
[2026-01-08T15:09:12.516+0000] {processor.py:161} INFO - Started process (PID=27551) to work on /opt/airflow/dags/prediction_dag.py
[2026-01-08T15:09:12.519+0000] {processor.py:830} INFO - Processing file /opt/airflow/dags/prediction_dag.py for tasks to queue
[2026-01-08T15:09:12.521+0000] {logging_mixin.py:188} INFO - [2026-01-08T15:09:12.520+0000] {dagbag.py:540} INFO - Filling up the DagBag from /opt/airflow/dags/prediction_dag.py
[2026-01-08T15:09:12.629+0000] {processor.py:840} INFO - DAG(s) 'prediction_dag' retrieved from /opt/airflow/dags/prediction_dag.py
[2026-01-08T15:09:12.761+0000] {logging_mixin.py:188} INFO - [2026-01-08T15:09:12.761+0000] {dag.py:3047} INFO - Sync 1 DAGs
[2026-01-08T15:09:12.816+0000] {logging_mixin.py:188} INFO - [2026-01-08T15:09:12.816+0000] {dag.py:3834} INFO - Setting next_dagrun for prediction_dag to 2026-01-08 15:08:00+00:00, run_after=2026-01-08 15:10:00+00:00
[2026-01-08T15:09:12.843+0000] {processor.py:183} INFO - Processing /opt/airflow/dags/prediction_dag.py took 0.351 seconds
[2026-01-08T15:09:43.469+0000] {processor.py:161} INFO - Started process (PID=27593) to work on /opt/airflow/dags/prediction_dag.py
[2026-01-08T15:09:43.475+0000] {processor.py:830} INFO - Processing file /opt/airflow/dags/prediction_dag.py for tasks to queue
[2026-01-08T15:09:43.483+0000] {logging_mixin.py:188} INFO - [2026-01-08T15:09:43.477+0000] {dagbag.py:540} INFO - Filling up the DagBag from /opt/airflow/dags/prediction_dag.py
[2026-01-08T15:09:43.556+0000] {processor.py:840} INFO - DAG(s) 'prediction_dag' retrieved from /opt/airflow/dags/prediction_dag.py
[2026-01-08T15:09:43.625+0000] {logging_mixin.py:188} INFO - [2026-01-08T15:09:43.625+0000] {dag.py:3047} INFO - Sync 1 DAGs
[2026-01-08T15:09:43.677+0000] {logging_mixin.py:188} INFO - [2026-01-08T15:09:43.677+0000] {dag.py:3834} INFO - Setting next_dagrun for prediction_dag to 2026-01-08 15:08:00+00:00, run_after=2026-01-08 15:10:00+00:00
[2026-01-08T15:09:43.709+0000] {processor.py:183} INFO - Processing /opt/airflow/dags/prediction_dag.py took 0.256 seconds
[2026-01-08T15:10:14.625+0000] {processor.py:161} INFO - Started process (PID=27645) to work on /opt/airflow/dags/prediction_dag.py
[2026-01-08T15:10:14.627+0000] {processor.py:830} INFO - Processing file /opt/airflow/dags/prediction_dag.py for tasks to queue
[2026-01-08T15:10:14.628+0000] {logging_mixin.py:188} INFO - [2026-01-08T15:10:14.627+0000] {dagbag.py:540} INFO - Filling up the DagBag from /opt/airflow/dags/prediction_dag.py
[2026-01-08T15:10:14.668+0000] {processor.py:840} INFO - DAG(s) 'prediction_dag' retrieved from /opt/airflow/dags/prediction_dag.py
[2026-01-08T15:10:14.748+0000] {logging_mixin.py:188} INFO - [2026-01-08T15:10:14.747+0000] {dag.py:3047} INFO - Sync 1 DAGs
[2026-01-08T15:10:14.799+0000] {logging_mixin.py:188} INFO - [2026-01-08T15:10:14.798+0000] {dag.py:3834} INFO - Setting next_dagrun for prediction_dag to 2026-01-08 15:10:00+00:00, run_after=2026-01-08 15:12:00+00:00
[2026-01-08T15:10:14.841+0000] {processor.py:183} INFO - Processing /opt/airflow/dags/prediction_dag.py took 0.222 seconds
[2026-01-08T15:10:45.704+0000] {processor.py:161} INFO - Started process (PID=27693) to work on /opt/airflow/dags/prediction_dag.py
[2026-01-08T15:10:45.708+0000] {processor.py:830} INFO - Processing file /opt/airflow/dags/prediction_dag.py for tasks to queue
[2026-01-08T15:10:45.714+0000] {logging_mixin.py:188} INFO - [2026-01-08T15:10:45.713+0000] {dagbag.py:540} INFO - Filling up the DagBag from /opt/airflow/dags/prediction_dag.py
[2026-01-08T15:10:45.761+0000] {processor.py:840} INFO - DAG(s) 'prediction_dag' retrieved from /opt/airflow/dags/prediction_dag.py
[2026-01-08T15:10:45.828+0000] {logging_mixin.py:188} INFO - [2026-01-08T15:10:45.828+0000] {dag.py:3047} INFO - Sync 1 DAGs
[2026-01-08T15:10:45.874+0000] {logging_mixin.py:188} INFO - [2026-01-08T15:10:45.873+0000] {dag.py:3834} INFO - Setting next_dagrun for prediction_dag to 2026-01-08 15:10:00+00:00, run_after=2026-01-08 15:12:00+00:00
[2026-01-08T15:10:45.894+0000] {processor.py:183} INFO - Processing /opt/airflow/dags/prediction_dag.py took 0.200 seconds
[2026-01-08T15:11:16.791+0000] {processor.py:161} INFO - Started process (PID=27773) to work on /opt/airflow/dags/prediction_dag.py
[2026-01-08T15:11:16.798+0000] {processor.py:830} INFO - Processing file /opt/airflow/dags/prediction_dag.py for tasks to queue
[2026-01-08T15:11:16.800+0000] {logging_mixin.py:188} INFO - [2026-01-08T15:11:16.799+0000] {dagbag.py:540} INFO - Filling up the DagBag from /opt/airflow/dags/prediction_dag.py
[2026-01-08T15:11:16.837+0000] {processor.py:840} INFO - DAG(s) 'prediction_dag' retrieved from /opt/airflow/dags/prediction_dag.py
[2026-01-08T15:11:16.937+0000] {logging_mixin.py:188} INFO - [2026-01-08T15:11:16.937+0000] {dag.py:3047} INFO - Sync 1 DAGs
[2026-01-08T15:11:17.013+0000] {logging_mixin.py:188} INFO - [2026-01-08T15:11:17.013+0000] {dag.py:3834} INFO - Setting next_dagrun for prediction_dag to 2026-01-08 15:10:00+00:00, run_after=2026-01-08 15:12:00+00:00
[2026-01-08T15:11:17.038+0000] {processor.py:183} INFO - Processing /opt/airflow/dags/prediction_dag.py took 0.255 seconds
[2026-01-08T15:11:47.195+0000] {processor.py:161} INFO - Started process (PID=27791) to work on /opt/airflow/dags/prediction_dag.py
[2026-01-08T15:11:47.197+0000] {processor.py:830} INFO - Processing file /opt/airflow/dags/prediction_dag.py for tasks to queue
[2026-01-08T15:11:47.198+0000] {logging_mixin.py:188} INFO - [2026-01-08T15:11:47.198+0000] {dagbag.py:540} INFO - Filling up the DagBag from /opt/airflow/dags/prediction_dag.py
[2026-01-08T15:11:47.225+0000] {processor.py:840} INFO - DAG(s) 'prediction_dag' retrieved from /opt/airflow/dags/prediction_dag.py
[2026-01-08T15:11:47.266+0000] {logging_mixin.py:188} INFO - [2026-01-08T15:11:47.265+0000] {dag.py:3047} INFO - Sync 1 DAGs
[2026-01-08T15:11:47.300+0000] {logging_mixin.py:188} INFO - [2026-01-08T15:11:47.300+0000] {dag.py:3834} INFO - Setting next_dagrun for prediction_dag to 2026-01-08 15:10:00+00:00, run_after=2026-01-08 15:12:00+00:00
[2026-01-08T15:11:47.315+0000] {processor.py:183} INFO - Processing /opt/airflow/dags/prediction_dag.py took 0.128 seconds
[2026-01-08T15:12:17.614+0000] {processor.py:161} INFO - Started process (PID=27877) to work on /opt/airflow/dags/prediction_dag.py
[2026-01-08T15:12:17.617+0000] {processor.py:830} INFO - Processing file /opt/airflow/dags/prediction_dag.py for tasks to queue
[2026-01-08T15:12:17.618+0000] {logging_mixin.py:188} INFO - [2026-01-08T15:12:17.618+0000] {dagbag.py:540} INFO - Filling up the DagBag from /opt/airflow/dags/prediction_dag.py
[2026-01-08T15:12:17.677+0000] {processor.py:840} INFO - DAG(s) 'prediction_dag' retrieved from /opt/airflow/dags/prediction_dag.py
[2026-01-08T15:12:17.744+0000] {logging_mixin.py:188} INFO - [2026-01-08T15:12:17.743+0000] {dag.py:3047} INFO - Sync 1 DAGs
[2026-01-08T15:12:17.784+0000] {logging_mixin.py:188} INFO - [2026-01-08T15:12:17.784+0000] {dag.py:3834} INFO - Setting next_dagrun for prediction_dag to 2026-01-08 15:12:00+00:00, run_after=2026-01-08 15:14:00+00:00
[2026-01-08T15:12:17.802+0000] {processor.py:183} INFO - Processing /opt/airflow/dags/prediction_dag.py took 0.200 seconds
[2026-01-08T15:12:47.914+0000] {processor.py:161} INFO - Started process (PID=27895) to work on /opt/airflow/dags/prediction_dag.py
[2026-01-08T15:12:47.917+0000] {processor.py:830} INFO - Processing file /opt/airflow/dags/prediction_dag.py for tasks to queue
[2026-01-08T15:12:47.918+0000] {logging_mixin.py:188} INFO - [2026-01-08T15:12:47.918+0000] {dagbag.py:540} INFO - Filling up the DagBag from /opt/airflow/dags/prediction_dag.py
[2026-01-08T15:12:47.964+0000] {processor.py:840} INFO - DAG(s) 'prediction_dag' retrieved from /opt/airflow/dags/prediction_dag.py
[2026-01-08T15:12:48.016+0000] {logging_mixin.py:188} INFO - [2026-01-08T15:12:48.016+0000] {dag.py:3047} INFO - Sync 1 DAGs
[2026-01-08T15:12:48.049+0000] {logging_mixin.py:188} INFO - [2026-01-08T15:12:48.049+0000] {dag.py:3834} INFO - Setting next_dagrun for prediction_dag to 2026-01-08 15:12:00+00:00, run_after=2026-01-08 15:14:00+00:00
[2026-01-08T15:12:48.068+0000] {processor.py:183} INFO - Processing /opt/airflow/dags/prediction_dag.py took 0.165 seconds
[2026-01-08T15:13:18.205+0000] {processor.py:161} INFO - Started process (PID=27975) to work on /opt/airflow/dags/prediction_dag.py
[2026-01-08T15:13:18.208+0000] {processor.py:830} INFO - Processing file /opt/airflow/dags/prediction_dag.py for tasks to queue
[2026-01-08T15:13:18.210+0000] {logging_mixin.py:188} INFO - [2026-01-08T15:13:18.209+0000] {dagbag.py:540} INFO - Filling up the DagBag from /opt/airflow/dags/prediction_dag.py
[2026-01-08T15:13:18.243+0000] {processor.py:840} INFO - DAG(s) 'prediction_dag' retrieved from /opt/airflow/dags/prediction_dag.py
[2026-01-08T15:13:18.293+0000] {logging_mixin.py:188} INFO - [2026-01-08T15:13:18.293+0000] {dag.py:3047} INFO - Sync 1 DAGs
[2026-01-08T15:13:18.328+0000] {logging_mixin.py:188} INFO - [2026-01-08T15:13:18.328+0000] {dag.py:3834} INFO - Setting next_dagrun for prediction_dag to 2026-01-08 15:12:00+00:00, run_after=2026-01-08 15:14:00+00:00
[2026-01-08T15:13:18.342+0000] {processor.py:183} INFO - Processing /opt/airflow/dags/prediction_dag.py took 0.148 seconds
[2026-01-08T15:13:48.711+0000] {processor.py:161} INFO - Started process (PID=27993) to work on /opt/airflow/dags/prediction_dag.py
[2026-01-08T15:13:48.714+0000] {processor.py:830} INFO - Processing file /opt/airflow/dags/prediction_dag.py for tasks to queue
[2026-01-08T15:13:48.715+0000] {logging_mixin.py:188} INFO - [2026-01-08T15:13:48.714+0000] {dagbag.py:540} INFO - Filling up the DagBag from /opt/airflow/dags/prediction_dag.py
[2026-01-08T15:13:48.745+0000] {processor.py:840} INFO - DAG(s) 'prediction_dag' retrieved from /opt/airflow/dags/prediction_dag.py
[2026-01-08T15:13:48.790+0000] {logging_mixin.py:188} INFO - [2026-01-08T15:13:48.789+0000] {dag.py:3047} INFO - Sync 1 DAGs
[2026-01-08T15:13:48.829+0000] {logging_mixin.py:188} INFO - [2026-01-08T15:13:48.829+0000] {dag.py:3834} INFO - Setting next_dagrun for prediction_dag to 2026-01-08 15:12:00+00:00, run_after=2026-01-08 15:14:00+00:00
[2026-01-08T15:13:48.843+0000] {processor.py:183} INFO - Processing /opt/airflow/dags/prediction_dag.py took 0.140 seconds
[2026-01-08T15:14:19.310+0000] {processor.py:161} INFO - Started process (PID=28079) to work on /opt/airflow/dags/prediction_dag.py
[2026-01-08T15:14:19.314+0000] {processor.py:830} INFO - Processing file /opt/airflow/dags/prediction_dag.py for tasks to queue
[2026-01-08T15:14:19.317+0000] {logging_mixin.py:188} INFO - [2026-01-08T15:14:19.317+0000] {dagbag.py:540} INFO - Filling up the DagBag from /opt/airflow/dags/prediction_dag.py
[2026-01-08T15:14:19.350+0000] {processor.py:840} INFO - DAG(s) 'prediction_dag' retrieved from /opt/airflow/dags/prediction_dag.py
[2026-01-08T15:14:19.403+0000] {logging_mixin.py:188} INFO - [2026-01-08T15:14:19.403+0000] {dag.py:3047} INFO - Sync 1 DAGs
[2026-01-08T15:14:19.433+0000] {logging_mixin.py:188} INFO - [2026-01-08T15:14:19.433+0000] {dag.py:3834} INFO - Setting next_dagrun for prediction_dag to 2026-01-08 15:14:00+00:00, run_after=2026-01-08 15:16:00+00:00
[2026-01-08T15:14:19.447+0000] {processor.py:183} INFO - Processing /opt/airflow/dags/prediction_dag.py took 0.149 seconds
[2026-01-08T15:14:49.690+0000] {processor.py:161} INFO - Started process (PID=28097) to work on /opt/airflow/dags/prediction_dag.py
[2026-01-08T15:14:49.694+0000] {processor.py:830} INFO - Processing file /opt/airflow/dags/prediction_dag.py for tasks to queue
[2026-01-08T15:14:49.696+0000] {logging_mixin.py:188} INFO - [2026-01-08T15:14:49.695+0000] {dagbag.py:540} INFO - Filling up the DagBag from /opt/airflow/dags/prediction_dag.py
[2026-01-08T15:14:49.733+0000] {processor.py:840} INFO - DAG(s) 'prediction_dag' retrieved from /opt/airflow/dags/prediction_dag.py
[2026-01-08T15:14:49.783+0000] {logging_mixin.py:188} INFO - [2026-01-08T15:14:49.783+0000] {dag.py:3047} INFO - Sync 1 DAGs
[2026-01-08T15:14:49.833+0000] {logging_mixin.py:188} INFO - [2026-01-08T15:14:49.833+0000] {dag.py:3834} INFO - Setting next_dagrun for prediction_dag to 2026-01-08 15:14:00+00:00, run_after=2026-01-08 15:16:00+00:00
[2026-01-08T15:14:49.848+0000] {processor.py:183} INFO - Processing /opt/airflow/dags/prediction_dag.py took 0.174 seconds
[2026-01-08T15:15:20.271+0000] {processor.py:161} INFO - Started process (PID=28177) to work on /opt/airflow/dags/prediction_dag.py
[2026-01-08T15:15:20.278+0000] {processor.py:830} INFO - Processing file /opt/airflow/dags/prediction_dag.py for tasks to queue
[2026-01-08T15:15:20.282+0000] {logging_mixin.py:188} INFO - [2026-01-08T15:15:20.281+0000] {dagbag.py:540} INFO - Filling up the DagBag from /opt/airflow/dags/prediction_dag.py
[2026-01-08T15:15:20.321+0000] {processor.py:840} INFO - DAG(s) 'prediction_dag' retrieved from /opt/airflow/dags/prediction_dag.py
[2026-01-08T15:15:20.369+0000] {logging_mixin.py:188} INFO - [2026-01-08T15:15:20.369+0000] {dag.py:3047} INFO - Sync 1 DAGs
[2026-01-08T15:15:20.398+0000] {logging_mixin.py:188} INFO - [2026-01-08T15:15:20.397+0000] {dag.py:3834} INFO - Setting next_dagrun for prediction_dag to 2026-01-08 15:14:00+00:00, run_after=2026-01-08 15:16:00+00:00
[2026-01-08T15:15:20.413+0000] {processor.py:183} INFO - Processing /opt/airflow/dags/prediction_dag.py took 0.160 seconds
[2026-01-08T15:15:50.810+0000] {processor.py:161} INFO - Started process (PID=28195) to work on /opt/airflow/dags/prediction_dag.py
[2026-01-08T15:15:50.813+0000] {processor.py:830} INFO - Processing file /opt/airflow/dags/prediction_dag.py for tasks to queue
[2026-01-08T15:15:50.815+0000] {logging_mixin.py:188} INFO - [2026-01-08T15:15:50.814+0000] {dagbag.py:540} INFO - Filling up the DagBag from /opt/airflow/dags/prediction_dag.py
[2026-01-08T15:15:50.844+0000] {processor.py:840} INFO - DAG(s) 'prediction_dag' retrieved from /opt/airflow/dags/prediction_dag.py
[2026-01-08T15:15:50.922+0000] {logging_mixin.py:188} INFO - [2026-01-08T15:15:50.922+0000] {dag.py:3047} INFO - Sync 1 DAGs
[2026-01-08T15:15:50.969+0000] {logging_mixin.py:188} INFO - [2026-01-08T15:15:50.968+0000] {dag.py:3834} INFO - Setting next_dagrun for prediction_dag to 2026-01-08 15:14:00+00:00, run_after=2026-01-08 15:16:00+00:00
[2026-01-08T15:15:50.986+0000] {processor.py:183} INFO - Processing /opt/airflow/dags/prediction_dag.py took 0.196 seconds
[2026-01-08T15:16:21.291+0000] {processor.py:161} INFO - Started process (PID=28281) to work on /opt/airflow/dags/prediction_dag.py
[2026-01-08T15:16:21.294+0000] {processor.py:830} INFO - Processing file /opt/airflow/dags/prediction_dag.py for tasks to queue
[2026-01-08T15:16:21.296+0000] {logging_mixin.py:188} INFO - [2026-01-08T15:16:21.295+0000] {dagbag.py:540} INFO - Filling up the DagBag from /opt/airflow/dags/prediction_dag.py
[2026-01-08T15:16:21.321+0000] {processor.py:840} INFO - DAG(s) 'prediction_dag' retrieved from /opt/airflow/dags/prediction_dag.py
[2026-01-08T15:16:21.356+0000] {logging_mixin.py:188} INFO - [2026-01-08T15:16:21.356+0000] {dag.py:3047} INFO - Sync 1 DAGs
[2026-01-08T15:16:21.379+0000] {logging_mixin.py:188} INFO - [2026-01-08T15:16:21.379+0000] {dag.py:3834} INFO - Setting next_dagrun for prediction_dag to 2026-01-08 15:16:00+00:00, run_after=2026-01-08 15:18:00+00:00
[2026-01-08T15:16:21.392+0000] {processor.py:183} INFO - Processing /opt/airflow/dags/prediction_dag.py took 0.111 seconds
[2026-01-08T15:16:51.730+0000] {processor.py:161} INFO - Started process (PID=28299) to work on /opt/airflow/dags/prediction_dag.py
[2026-01-08T15:16:51.733+0000] {processor.py:830} INFO - Processing file /opt/airflow/dags/prediction_dag.py for tasks to queue
[2026-01-08T15:16:51.734+0000] {logging_mixin.py:188} INFO - [2026-01-08T15:16:51.734+0000] {dagbag.py:540} INFO - Filling up the DagBag from /opt/airflow/dags/prediction_dag.py
[2026-01-08T15:16:51.749+0000] {processor.py:840} INFO - DAG(s) 'prediction_dag' retrieved from /opt/airflow/dags/prediction_dag.py
[2026-01-08T15:16:51.775+0000] {logging_mixin.py:188} INFO - [2026-01-08T15:16:51.775+0000] {dag.py:3047} INFO - Sync 1 DAGs
[2026-01-08T15:16:51.793+0000] {logging_mixin.py:188} INFO - [2026-01-08T15:16:51.793+0000] {dag.py:3834} INFO - Setting next_dagrun for prediction_dag to 2026-01-08 15:16:00+00:00, run_after=2026-01-08 15:18:00+00:00
[2026-01-08T15:16:51.805+0000] {processor.py:183} INFO - Processing /opt/airflow/dags/prediction_dag.py took 0.082 seconds
[2026-01-08T15:17:22.072+0000] {processor.py:161} INFO - Started process (PID=28379) to work on /opt/airflow/dags/prediction_dag.py
[2026-01-08T15:17:22.074+0000] {processor.py:830} INFO - Processing file /opt/airflow/dags/prediction_dag.py for tasks to queue
[2026-01-08T15:17:22.074+0000] {logging_mixin.py:188} INFO - [2026-01-08T15:17:22.074+0000] {dagbag.py:540} INFO - Filling up the DagBag from /opt/airflow/dags/prediction_dag.py
[2026-01-08T15:17:22.085+0000] {processor.py:840} INFO - DAG(s) 'prediction_dag' retrieved from /opt/airflow/dags/prediction_dag.py
[2026-01-08T15:17:22.106+0000] {logging_mixin.py:188} INFO - [2026-01-08T15:17:22.106+0000] {dag.py:3047} INFO - Sync 1 DAGs
[2026-01-08T15:17:22.125+0000] {logging_mixin.py:188} INFO - [2026-01-08T15:17:22.125+0000] {dag.py:3834} INFO - Setting next_dagrun for prediction_dag to 2026-01-08 15:16:00+00:00, run_after=2026-01-08 15:18:00+00:00
[2026-01-08T15:17:22.136+0000] {processor.py:183} INFO - Processing /opt/airflow/dags/prediction_dag.py took 0.067 seconds
[2026-01-08T15:17:52.812+0000] {processor.py:161} INFO - Started process (PID=28387) to work on /opt/airflow/dags/prediction_dag.py
[2026-01-08T15:17:52.816+0000] {processor.py:830} INFO - Processing file /opt/airflow/dags/prediction_dag.py for tasks to queue
[2026-01-08T15:17:52.817+0000] {logging_mixin.py:188} INFO - [2026-01-08T15:17:52.817+0000] {dagbag.py:540} INFO - Filling up the DagBag from /opt/airflow/dags/prediction_dag.py
[2026-01-08T15:17:52.849+0000] {processor.py:840} INFO - DAG(s) 'prediction_dag' retrieved from /opt/airflow/dags/prediction_dag.py
[2026-01-08T15:17:52.908+0000] {logging_mixin.py:188} INFO - [2026-01-08T15:17:52.908+0000] {dag.py:3047} INFO - Sync 1 DAGs
[2026-01-08T15:17:52.945+0000] {logging_mixin.py:188} INFO - [2026-01-08T15:17:52.945+0000] {dag.py:3834} INFO - Setting next_dagrun for prediction_dag to 2026-01-08 15:16:00+00:00, run_after=2026-01-08 15:18:00+00:00
[2026-01-08T15:17:52.965+0000] {processor.py:183} INFO - Processing /opt/airflow/dags/prediction_dag.py took 0.160 seconds
[2026-01-08T15:18:23.128+0000] {processor.py:161} INFO - Started process (PID=28470) to work on /opt/airflow/dags/prediction_dag.py
[2026-01-08T15:18:23.133+0000] {processor.py:830} INFO - Processing file /opt/airflow/dags/prediction_dag.py for tasks to queue
[2026-01-08T15:18:23.134+0000] {logging_mixin.py:188} INFO - [2026-01-08T15:18:23.134+0000] {dagbag.py:540} INFO - Filling up the DagBag from /opt/airflow/dags/prediction_dag.py
[2026-01-08T15:18:23.169+0000] {processor.py:840} INFO - DAG(s) 'prediction_dag' retrieved from /opt/airflow/dags/prediction_dag.py
[2026-01-08T15:18:23.230+0000] {logging_mixin.py:188} INFO - [2026-01-08T15:18:23.230+0000] {dag.py:3047} INFO - Sync 1 DAGs
[2026-01-08T15:18:23.274+0000] {logging_mixin.py:188} INFO - [2026-01-08T15:18:23.274+0000] {dag.py:3834} INFO - Setting next_dagrun for prediction_dag to 2026-01-08 15:18:00+00:00, run_after=2026-01-08 15:20:00+00:00
[2026-01-08T15:18:23.290+0000] {processor.py:183} INFO - Processing /opt/airflow/dags/prediction_dag.py took 0.174 seconds
[2026-01-08T15:18:53.442+0000] {processor.py:161} INFO - Started process (PID=28488) to work on /opt/airflow/dags/prediction_dag.py
[2026-01-08T15:18:53.446+0000] {processor.py:830} INFO - Processing file /opt/airflow/dags/prediction_dag.py for tasks to queue
[2026-01-08T15:18:53.447+0000] {logging_mixin.py:188} INFO - [2026-01-08T15:18:53.446+0000] {dagbag.py:540} INFO - Filling up the DagBag from /opt/airflow/dags/prediction_dag.py
[2026-01-08T15:18:53.475+0000] {processor.py:840} INFO - DAG(s) 'prediction_dag' retrieved from /opt/airflow/dags/prediction_dag.py
[2026-01-08T15:18:53.532+0000] {logging_mixin.py:188} INFO - [2026-01-08T15:18:53.532+0000] {dag.py:3047} INFO - Sync 1 DAGs
[2026-01-08T15:18:53.573+0000] {logging_mixin.py:188} INFO - [2026-01-08T15:18:53.573+0000] {dag.py:3834} INFO - Setting next_dagrun for prediction_dag to 2026-01-08 15:18:00+00:00, run_after=2026-01-08 15:20:00+00:00
[2026-01-08T15:18:53.586+0000] {processor.py:183} INFO - Processing /opt/airflow/dags/prediction_dag.py took 0.155 seconds
[2026-01-08T15:19:24.039+0000] {processor.py:161} INFO - Started process (PID=28568) to work on /opt/airflow/dags/prediction_dag.py
[2026-01-08T15:19:24.043+0000] {processor.py:830} INFO - Processing file /opt/airflow/dags/prediction_dag.py for tasks to queue
[2026-01-08T15:19:24.045+0000] {logging_mixin.py:188} INFO - [2026-01-08T15:19:24.044+0000] {dagbag.py:540} INFO - Filling up the DagBag from /opt/airflow/dags/prediction_dag.py
[2026-01-08T15:19:24.083+0000] {processor.py:840} INFO - DAG(s) 'prediction_dag' retrieved from /opt/airflow/dags/prediction_dag.py
[2026-01-08T15:19:24.133+0000] {logging_mixin.py:188} INFO - [2026-01-08T15:19:24.133+0000] {dag.py:3047} INFO - Sync 1 DAGs
[2026-01-08T15:19:24.178+0000] {logging_mixin.py:188} INFO - [2026-01-08T15:19:24.178+0000] {dag.py:3834} INFO - Setting next_dagrun for prediction_dag to 2026-01-08 15:18:00+00:00, run_after=2026-01-08 15:20:00+00:00
[2026-01-08T15:19:24.196+0000] {processor.py:183} INFO - Processing /opt/airflow/dags/prediction_dag.py took 0.171 seconds
[2026-01-08T15:19:54.553+0000] {processor.py:161} INFO - Started process (PID=28586) to work on /opt/airflow/dags/prediction_dag.py
[2026-01-08T15:19:54.556+0000] {processor.py:830} INFO - Processing file /opt/airflow/dags/prediction_dag.py for tasks to queue
[2026-01-08T15:19:54.558+0000] {logging_mixin.py:188} INFO - [2026-01-08T15:19:54.557+0000] {dagbag.py:540} INFO - Filling up the DagBag from /opt/airflow/dags/prediction_dag.py
[2026-01-08T15:19:54.590+0000] {processor.py:840} INFO - DAG(s) 'prediction_dag' retrieved from /opt/airflow/dags/prediction_dag.py
[2026-01-08T15:19:54.645+0000] {logging_mixin.py:188} INFO - [2026-01-08T15:19:54.645+0000] {dag.py:3047} INFO - Sync 1 DAGs
[2026-01-08T15:19:54.684+0000] {logging_mixin.py:188} INFO - [2026-01-08T15:19:54.684+0000] {dag.py:3834} INFO - Setting next_dagrun for prediction_dag to 2026-01-08 15:18:00+00:00, run_after=2026-01-08 15:20:00+00:00
[2026-01-08T15:19:54.698+0000] {processor.py:183} INFO - Processing /opt/airflow/dags/prediction_dag.py took 0.151 seconds
[2026-01-08T15:20:25.159+0000] {processor.py:161} INFO - Started process (PID=28672) to work on /opt/airflow/dags/prediction_dag.py
[2026-01-08T15:20:25.163+0000] {processor.py:830} INFO - Processing file /opt/airflow/dags/prediction_dag.py for tasks to queue
[2026-01-08T15:20:25.164+0000] {logging_mixin.py:188} INFO - [2026-01-08T15:20:25.164+0000] {dagbag.py:540} INFO - Filling up the DagBag from /opt/airflow/dags/prediction_dag.py
[2026-01-08T15:20:25.200+0000] {processor.py:840} INFO - DAG(s) 'prediction_dag' retrieved from /opt/airflow/dags/prediction_dag.py
[2026-01-08T15:20:25.248+0000] {logging_mixin.py:188} INFO - [2026-01-08T15:20:25.248+0000] {dag.py:3047} INFO - Sync 1 DAGs
[2026-01-08T15:20:25.307+0000] {logging_mixin.py:188} INFO - [2026-01-08T15:20:25.307+0000] {dag.py:3834} INFO - Setting next_dagrun for prediction_dag to 2026-01-08 15:20:00+00:00, run_after=2026-01-08 15:22:00+00:00
[2026-01-08T15:20:25.325+0000] {processor.py:183} INFO - Processing /opt/airflow/dags/prediction_dag.py took 0.173 seconds
[2026-01-08T15:20:55.461+0000] {processor.py:161} INFO - Started process (PID=28690) to work on /opt/airflow/dags/prediction_dag.py
[2026-01-08T15:20:55.464+0000] {processor.py:830} INFO - Processing file /opt/airflow/dags/prediction_dag.py for tasks to queue
[2026-01-08T15:20:55.465+0000] {logging_mixin.py:188} INFO - [2026-01-08T15:20:55.464+0000] {dagbag.py:540} INFO - Filling up the DagBag from /opt/airflow/dags/prediction_dag.py
[2026-01-08T15:20:55.490+0000] {processor.py:840} INFO - DAG(s) 'prediction_dag' retrieved from /opt/airflow/dags/prediction_dag.py
[2026-01-08T15:20:55.527+0000] {logging_mixin.py:188} INFO - [2026-01-08T15:20:55.527+0000] {dag.py:3047} INFO - Sync 1 DAGs
[2026-01-08T15:20:55.554+0000] {logging_mixin.py:188} INFO - [2026-01-08T15:20:55.554+0000] {dag.py:3834} INFO - Setting next_dagrun for prediction_dag to 2026-01-08 15:20:00+00:00, run_after=2026-01-08 15:22:00+00:00
[2026-01-08T15:20:55.569+0000] {processor.py:183} INFO - Processing /opt/airflow/dags/prediction_dag.py took 0.117 seconds
[2026-01-08T15:21:25.932+0000] {processor.py:161} INFO - Started process (PID=28770) to work on /opt/airflow/dags/prediction_dag.py
[2026-01-08T15:21:25.936+0000] {processor.py:830} INFO - Processing file /opt/airflow/dags/prediction_dag.py for tasks to queue
[2026-01-08T15:21:25.937+0000] {logging_mixin.py:188} INFO - [2026-01-08T15:21:25.936+0000] {dagbag.py:540} INFO - Filling up the DagBag from /opt/airflow/dags/prediction_dag.py
[2026-01-08T15:21:25.963+0000] {processor.py:840} INFO - DAG(s) 'prediction_dag' retrieved from /opt/airflow/dags/prediction_dag.py
[2026-01-08T15:21:25.998+0000] {logging_mixin.py:188} INFO - [2026-01-08T15:21:25.998+0000] {dag.py:3047} INFO - Sync 1 DAGs
[2026-01-08T15:21:26.026+0000] {logging_mixin.py:188} INFO - [2026-01-08T15:21:26.026+0000] {dag.py:3834} INFO - Setting next_dagrun for prediction_dag to 2026-01-08 15:20:00+00:00, run_after=2026-01-08 15:22:00+00:00
[2026-01-08T15:21:26.039+0000] {processor.py:183} INFO - Processing /opt/airflow/dags/prediction_dag.py took 0.116 seconds
[2026-01-08T15:21:56.323+0000] {processor.py:161} INFO - Started process (PID=28788) to work on /opt/airflow/dags/prediction_dag.py
[2026-01-08T15:21:56.326+0000] {processor.py:830} INFO - Processing file /opt/airflow/dags/prediction_dag.py for tasks to queue
[2026-01-08T15:21:56.328+0000] {logging_mixin.py:188} INFO - [2026-01-08T15:21:56.327+0000] {dagbag.py:540} INFO - Filling up the DagBag from /opt/airflow/dags/prediction_dag.py
[2026-01-08T15:21:56.364+0000] {processor.py:840} INFO - DAG(s) 'prediction_dag' retrieved from /opt/airflow/dags/prediction_dag.py
[2026-01-08T15:21:56.411+0000] {logging_mixin.py:188} INFO - [2026-01-08T15:21:56.411+0000] {dag.py:3047} INFO - Sync 1 DAGs
[2026-01-08T15:21:56.443+0000] {logging_mixin.py:188} INFO - [2026-01-08T15:21:56.443+0000] {dag.py:3834} INFO - Setting next_dagrun for prediction_dag to 2026-01-08 15:20:00+00:00, run_after=2026-01-08 15:22:00+00:00
[2026-01-08T15:21:56.456+0000] {processor.py:183} INFO - Processing /opt/airflow/dags/prediction_dag.py took 0.147 seconds
[2026-01-08T15:22:26.533+0000] {processor.py:161} INFO - Started process (PID=28874) to work on /opt/airflow/dags/prediction_dag.py
[2026-01-08T15:22:26.536+0000] {processor.py:830} INFO - Processing file /opt/airflow/dags/prediction_dag.py for tasks to queue
[2026-01-08T15:22:26.537+0000] {logging_mixin.py:188} INFO - [2026-01-08T15:22:26.537+0000] {dagbag.py:540} INFO - Filling up the DagBag from /opt/airflow/dags/prediction_dag.py
[2026-01-08T15:22:26.575+0000] {processor.py:840} INFO - DAG(s) 'prediction_dag' retrieved from /opt/airflow/dags/prediction_dag.py
[2026-01-08T15:22:26.630+0000] {logging_mixin.py:188} INFO - [2026-01-08T15:22:26.630+0000] {dag.py:3047} INFO - Sync 1 DAGs
[2026-01-08T15:22:26.665+0000] {logging_mixin.py:188} INFO - [2026-01-08T15:22:26.665+0000] {dag.py:3834} INFO - Setting next_dagrun for prediction_dag to 2026-01-08 15:22:00+00:00, run_after=2026-01-08 15:24:00+00:00
[2026-01-08T15:22:26.687+0000] {processor.py:183} INFO - Processing /opt/airflow/dags/prediction_dag.py took 0.167 seconds
[2026-01-08T15:22:57.116+0000] {processor.py:161} INFO - Started process (PID=28892) to work on /opt/airflow/dags/prediction_dag.py
[2026-01-08T15:22:57.119+0000] {processor.py:830} INFO - Processing file /opt/airflow/dags/prediction_dag.py for tasks to queue
[2026-01-08T15:22:57.120+0000] {logging_mixin.py:188} INFO - [2026-01-08T15:22:57.120+0000] {dagbag.py:540} INFO - Filling up the DagBag from /opt/airflow/dags/prediction_dag.py
[2026-01-08T15:22:57.156+0000] {processor.py:840} INFO - DAG(s) 'prediction_dag' retrieved from /opt/airflow/dags/prediction_dag.py
[2026-01-08T15:22:57.210+0000] {logging_mixin.py:188} INFO - [2026-01-08T15:22:57.210+0000] {dag.py:3047} INFO - Sync 1 DAGs
[2026-01-08T15:22:57.244+0000] {logging_mixin.py:188} INFO - [2026-01-08T15:22:57.243+0000] {dag.py:3834} INFO - Setting next_dagrun for prediction_dag to 2026-01-08 15:22:00+00:00, run_after=2026-01-08 15:24:00+00:00
[2026-01-08T15:22:57.257+0000] {processor.py:183} INFO - Processing /opt/airflow/dags/prediction_dag.py took 0.150 seconds
[2026-01-08T15:23:28.158+0000] {processor.py:161} INFO - Started process (PID=28972) to work on /opt/airflow/dags/prediction_dag.py
[2026-01-08T15:23:28.161+0000] {processor.py:830} INFO - Processing file /opt/airflow/dags/prediction_dag.py for tasks to queue
[2026-01-08T15:23:28.162+0000] {logging_mixin.py:188} INFO - [2026-01-08T15:23:28.162+0000] {dagbag.py:540} INFO - Filling up the DagBag from /opt/airflow/dags/prediction_dag.py
[2026-01-08T15:23:28.199+0000] {processor.py:840} INFO - DAG(s) 'prediction_dag' retrieved from /opt/airflow/dags/prediction_dag.py
[2026-01-08T15:23:28.259+0000] {logging_mixin.py:188} INFO - [2026-01-08T15:23:28.259+0000] {dag.py:3047} INFO - Sync 1 DAGs
[2026-01-08T15:23:28.296+0000] {logging_mixin.py:188} INFO - [2026-01-08T15:23:28.296+0000] {dag.py:3834} INFO - Setting next_dagrun for prediction_dag to 2026-01-08 15:22:00+00:00, run_after=2026-01-08 15:24:00+00:00
[2026-01-08T15:23:28.311+0000] {processor.py:183} INFO - Processing /opt/airflow/dags/prediction_dag.py took 0.164 seconds
[2026-01-08T15:23:58.647+0000] {processor.py:161} INFO - Started process (PID=28988) to work on /opt/airflow/dags/prediction_dag.py
[2026-01-08T15:23:58.649+0000] {processor.py:830} INFO - Processing file /opt/airflow/dags/prediction_dag.py for tasks to queue
[2026-01-08T15:23:58.653+0000] {logging_mixin.py:188} INFO - [2026-01-08T15:23:58.650+0000] {dagbag.py:540} INFO - Filling up the DagBag from /opt/airflow/dags/prediction_dag.py
[2026-01-08T15:23:58.736+0000] {processor.py:840} INFO - DAG(s) 'prediction_dag' retrieved from /opt/airflow/dags/prediction_dag.py
[2026-01-08T15:23:58.933+0000] {logging_mixin.py:188} INFO - [2026-01-08T15:23:58.931+0000] {dag.py:3047} INFO - Sync 1 DAGs
[2026-01-08T15:23:59.093+0000] {logging_mixin.py:188} INFO - [2026-01-08T15:23:59.093+0000] {dag.py:3834} INFO - Setting next_dagrun for prediction_dag to 2026-01-08 15:22:00+00:00, run_after=2026-01-08 15:24:00+00:00
[2026-01-08T15:23:59.186+0000] {processor.py:183} INFO - Processing /opt/airflow/dags/prediction_dag.py took 0.548 seconds
[2026-01-08T15:24:29.472+0000] {processor.py:161} INFO - Started process (PID=29063) to work on /opt/airflow/dags/prediction_dag.py
[2026-01-08T15:24:29.474+0000] {processor.py:830} INFO - Processing file /opt/airflow/dags/prediction_dag.py for tasks to queue
[2026-01-08T15:24:29.476+0000] {logging_mixin.py:188} INFO - [2026-01-08T15:24:29.475+0000] {dagbag.py:540} INFO - Filling up the DagBag from /opt/airflow/dags/prediction_dag.py
[2026-01-08T15:24:29.514+0000] {processor.py:840} INFO - DAG(s) 'prediction_dag' retrieved from /opt/airflow/dags/prediction_dag.py
[2026-01-08T15:24:29.563+0000] {logging_mixin.py:188} INFO - [2026-01-08T15:24:29.563+0000] {dag.py:3047} INFO - Sync 1 DAGs
[2026-01-08T15:24:29.595+0000] {logging_mixin.py:188} INFO - [2026-01-08T15:24:29.595+0000] {dag.py:3834} INFO - Setting next_dagrun for prediction_dag to 2026-01-08 15:24:00+00:00, run_after=2026-01-08 15:26:00+00:00
[2026-01-08T15:24:29.611+0000] {processor.py:183} INFO - Processing /opt/airflow/dags/prediction_dag.py took 0.147 seconds
[2026-01-08T15:25:00.259+0000] {processor.py:161} INFO - Started process (PID=29081) to work on /opt/airflow/dags/prediction_dag.py
[2026-01-08T15:25:00.262+0000] {processor.py:830} INFO - Processing file /opt/airflow/dags/prediction_dag.py for tasks to queue
[2026-01-08T15:25:00.263+0000] {logging_mixin.py:188} INFO - [2026-01-08T15:25:00.263+0000] {dagbag.py:540} INFO - Filling up the DagBag from /opt/airflow/dags/prediction_dag.py
[2026-01-08T15:25:00.298+0000] {processor.py:840} INFO - DAG(s) 'prediction_dag' retrieved from /opt/airflow/dags/prediction_dag.py
[2026-01-08T15:25:00.357+0000] {logging_mixin.py:188} INFO - [2026-01-08T15:25:00.357+0000] {dag.py:3047} INFO - Sync 1 DAGs
[2026-01-08T15:25:00.397+0000] {logging_mixin.py:188} INFO - [2026-01-08T15:25:00.396+0000] {dag.py:3834} INFO - Setting next_dagrun for prediction_dag to 2026-01-08 15:24:00+00:00, run_after=2026-01-08 15:26:00+00:00
[2026-01-08T15:25:00.412+0000] {processor.py:183} INFO - Processing /opt/airflow/dags/prediction_dag.py took 0.164 seconds
[2026-01-08T15:25:30.823+0000] {processor.py:161} INFO - Started process (PID=29161) to work on /opt/airflow/dags/prediction_dag.py
[2026-01-08T15:25:30.826+0000] {processor.py:830} INFO - Processing file /opt/airflow/dags/prediction_dag.py for tasks to queue
[2026-01-08T15:25:30.829+0000] {logging_mixin.py:188} INFO - [2026-01-08T15:25:30.828+0000] {dagbag.py:540} INFO - Filling up the DagBag from /opt/airflow/dags/prediction_dag.py
[2026-01-08T15:25:30.866+0000] {processor.py:840} INFO - DAG(s) 'prediction_dag' retrieved from /opt/airflow/dags/prediction_dag.py
[2026-01-08T15:25:30.914+0000] {logging_mixin.py:188} INFO - [2026-01-08T15:25:30.914+0000] {dag.py:3047} INFO - Sync 1 DAGs
[2026-01-08T15:25:30.952+0000] {logging_mixin.py:188} INFO - [2026-01-08T15:25:30.952+0000] {dag.py:3834} INFO - Setting next_dagrun for prediction_dag to 2026-01-08 15:24:00+00:00, run_after=2026-01-08 15:26:00+00:00
[2026-01-08T15:25:30.974+0000] {processor.py:183} INFO - Processing /opt/airflow/dags/prediction_dag.py took 0.159 seconds
[2026-01-08T15:26:01.524+0000] {processor.py:161} INFO - Started process (PID=29191) to work on /opt/airflow/dags/prediction_dag.py
[2026-01-08T15:26:01.525+0000] {processor.py:830} INFO - Processing file /opt/airflow/dags/prediction_dag.py for tasks to queue
[2026-01-08T15:26:01.526+0000] {logging_mixin.py:188} INFO - [2026-01-08T15:26:01.526+0000] {dagbag.py:540} INFO - Filling up the DagBag from /opt/airflow/dags/prediction_dag.py
[2026-01-08T15:26:01.544+0000] {processor.py:840} INFO - DAG(s) 'prediction_dag' retrieved from /opt/airflow/dags/prediction_dag.py
[2026-01-08T15:26:01.580+0000] {logging_mixin.py:188} INFO - [2026-01-08T15:26:01.580+0000] {dag.py:3047} INFO - Sync 1 DAGs
[2026-01-08T15:26:01.614+0000] {logging_mixin.py:188} INFO - [2026-01-08T15:26:01.614+0000] {dag.py:3834} INFO - Setting next_dagrun for prediction_dag to 2026-01-08 15:26:00+00:00, run_after=2026-01-08 15:28:00+00:00
[2026-01-08T15:26:01.630+0000] {processor.py:183} INFO - Processing /opt/airflow/dags/prediction_dag.py took 0.111 seconds
[2026-01-08T15:26:32.001+0000] {processor.py:161} INFO - Started process (PID=29265) to work on /opt/airflow/dags/prediction_dag.py
[2026-01-08T15:26:32.004+0000] {processor.py:830} INFO - Processing file /opt/airflow/dags/prediction_dag.py for tasks to queue
[2026-01-08T15:26:32.005+0000] {logging_mixin.py:188} INFO - [2026-01-08T15:26:32.004+0000] {dagbag.py:540} INFO - Filling up the DagBag from /opt/airflow/dags/prediction_dag.py
[2026-01-08T15:26:32.028+0000] {processor.py:840} INFO - DAG(s) 'prediction_dag' retrieved from /opt/airflow/dags/prediction_dag.py
[2026-01-08T15:26:32.076+0000] {logging_mixin.py:188} INFO - [2026-01-08T15:26:32.076+0000] {dag.py:3047} INFO - Sync 1 DAGs
[2026-01-08T15:26:32.108+0000] {logging_mixin.py:188} INFO - [2026-01-08T15:26:32.108+0000] {dag.py:3834} INFO - Setting next_dagrun for prediction_dag to 2026-01-08 15:26:00+00:00, run_after=2026-01-08 15:28:00+00:00
[2026-01-08T15:26:32.125+0000] {processor.py:183} INFO - Processing /opt/airflow/dags/prediction_dag.py took 0.131 seconds
[2026-01-08T15:27:02.414+0000] {processor.py:161} INFO - Started process (PID=29284) to work on /opt/airflow/dags/prediction_dag.py
[2026-01-08T15:27:02.421+0000] {processor.py:830} INFO - Processing file /opt/airflow/dags/prediction_dag.py for tasks to queue
[2026-01-08T15:27:02.428+0000] {logging_mixin.py:188} INFO - [2026-01-08T15:27:02.424+0000] {dagbag.py:540} INFO - Filling up the DagBag from /opt/airflow/dags/prediction_dag.py
[2026-01-08T15:27:02.639+0000] {processor.py:840} INFO - DAG(s) 'prediction_dag' retrieved from /opt/airflow/dags/prediction_dag.py
[2026-01-08T15:27:02.765+0000] {logging_mixin.py:188} INFO - [2026-01-08T15:27:02.765+0000] {dag.py:3047} INFO - Sync 1 DAGs
[2026-01-08T15:27:02.838+0000] {logging_mixin.py:188} INFO - [2026-01-08T15:27:02.837+0000] {dag.py:3834} INFO - Setting next_dagrun for prediction_dag to 2026-01-08 15:26:00+00:00, run_after=2026-01-08 15:28:00+00:00
[2026-01-08T15:27:02.928+0000] {processor.py:183} INFO - Processing /opt/airflow/dags/prediction_dag.py took 0.534 seconds
[2026-01-08T15:27:33.661+0000] {processor.py:161} INFO - Started process (PID=29363) to work on /opt/airflow/dags/prediction_dag.py
[2026-01-08T15:27:33.667+0000] {processor.py:830} INFO - Processing file /opt/airflow/dags/prediction_dag.py for tasks to queue
[2026-01-08T15:27:33.668+0000] {logging_mixin.py:188} INFO - [2026-01-08T15:27:33.668+0000] {dagbag.py:540} INFO - Filling up the DagBag from /opt/airflow/dags/prediction_dag.py
[2026-01-08T15:27:33.716+0000] {processor.py:840} INFO - DAG(s) 'prediction_dag' retrieved from /opt/airflow/dags/prediction_dag.py
[2026-01-08T15:27:33.803+0000] {logging_mixin.py:188} INFO - [2026-01-08T15:27:33.803+0000] {dag.py:3047} INFO - Sync 1 DAGs
[2026-01-08T15:27:33.844+0000] {logging_mixin.py:188} INFO - [2026-01-08T15:27:33.844+0000] {dag.py:3834} INFO - Setting next_dagrun for prediction_dag to 2026-01-08 15:26:00+00:00, run_after=2026-01-08 15:28:00+00:00
[2026-01-08T15:27:33.864+0000] {processor.py:183} INFO - Processing /opt/airflow/dags/prediction_dag.py took 0.212 seconds
[2026-01-08T15:28:04.000+0000] {processor.py:161} INFO - Started process (PID=29395) to work on /opt/airflow/dags/prediction_dag.py
[2026-01-08T15:28:04.003+0000] {processor.py:830} INFO - Processing file /opt/airflow/dags/prediction_dag.py for tasks to queue
[2026-01-08T15:28:04.004+0000] {logging_mixin.py:188} INFO - [2026-01-08T15:28:04.004+0000] {dagbag.py:540} INFO - Filling up the DagBag from /opt/airflow/dags/prediction_dag.py
[2026-01-08T15:28:04.035+0000] {processor.py:840} INFO - DAG(s) 'prediction_dag' retrieved from /opt/airflow/dags/prediction_dag.py
[2026-01-08T15:28:04.108+0000] {logging_mixin.py:188} INFO - [2026-01-08T15:28:04.108+0000] {dag.py:3047} INFO - Sync 1 DAGs
[2026-01-08T15:28:04.156+0000] {logging_mixin.py:188} INFO - [2026-01-08T15:28:04.156+0000] {dag.py:3834} INFO - Setting next_dagrun for prediction_dag to 2026-01-08 15:28:00+00:00, run_after=2026-01-08 15:30:00+00:00
[2026-01-08T15:28:04.185+0000] {processor.py:183} INFO - Processing /opt/airflow/dags/prediction_dag.py took 0.197 seconds
[2026-01-08T15:28:34.343+0000] {processor.py:161} INFO - Started process (PID=29467) to work on /opt/airflow/dags/prediction_dag.py
[2026-01-08T15:28:34.349+0000] {processor.py:830} INFO - Processing file /opt/airflow/dags/prediction_dag.py for tasks to queue
[2026-01-08T15:28:34.351+0000] {logging_mixin.py:188} INFO - [2026-01-08T15:28:34.350+0000] {dagbag.py:540} INFO - Filling up the DagBag from /opt/airflow/dags/prediction_dag.py
[2026-01-08T15:28:34.392+0000] {processor.py:840} INFO - DAG(s) 'prediction_dag' retrieved from /opt/airflow/dags/prediction_dag.py
[2026-01-08T15:28:34.443+0000] {logging_mixin.py:188} INFO - [2026-01-08T15:28:34.443+0000] {dag.py:3047} INFO - Sync 1 DAGs
[2026-01-08T15:28:34.481+0000] {logging_mixin.py:188} INFO - [2026-01-08T15:28:34.481+0000] {dag.py:3834} INFO - Setting next_dagrun for prediction_dag to 2026-01-08 15:28:00+00:00, run_after=2026-01-08 15:30:00+00:00
[2026-01-08T15:28:34.498+0000] {processor.py:183} INFO - Processing /opt/airflow/dags/prediction_dag.py took 0.166 seconds
[2026-01-08T15:29:04.979+0000] {processor.py:161} INFO - Started process (PID=29496) to work on /opt/airflow/dags/prediction_dag.py
[2026-01-08T15:29:04.980+0000] {processor.py:830} INFO - Processing file /opt/airflow/dags/prediction_dag.py for tasks to queue
[2026-01-08T15:29:04.982+0000] {logging_mixin.py:188} INFO - [2026-01-08T15:29:04.981+0000] {dagbag.py:540} INFO - Filling up the DagBag from /opt/airflow/dags/prediction_dag.py
[2026-01-08T15:29:05.011+0000] {processor.py:840} INFO - DAG(s) 'prediction_dag' retrieved from /opt/airflow/dags/prediction_dag.py
[2026-01-08T15:29:05.055+0000] {logging_mixin.py:188} INFO - [2026-01-08T15:29:05.055+0000] {dag.py:3047} INFO - Sync 1 DAGs
[2026-01-08T15:29:05.085+0000] {logging_mixin.py:188} INFO - [2026-01-08T15:29:05.085+0000] {dag.py:3834} INFO - Setting next_dagrun for prediction_dag to 2026-01-08 15:28:00+00:00, run_after=2026-01-08 15:30:00+00:00
[2026-01-08T15:29:05.100+0000] {processor.py:183} INFO - Processing /opt/airflow/dags/prediction_dag.py took 0.126 seconds
[2026-01-08T15:29:35.676+0000] {processor.py:161} INFO - Started process (PID=29565) to work on /opt/airflow/dags/prediction_dag.py
[2026-01-08T15:29:35.679+0000] {processor.py:830} INFO - Processing file /opt/airflow/dags/prediction_dag.py for tasks to queue
[2026-01-08T15:29:35.680+0000] {logging_mixin.py:188} INFO - [2026-01-08T15:29:35.680+0000] {dagbag.py:540} INFO - Filling up the DagBag from /opt/airflow/dags/prediction_dag.py
[2026-01-08T15:29:35.714+0000] {processor.py:840} INFO - DAG(s) 'prediction_dag' retrieved from /opt/airflow/dags/prediction_dag.py
[2026-01-08T15:29:35.766+0000] {logging_mixin.py:188} INFO - [2026-01-08T15:29:35.766+0000] {dag.py:3047} INFO - Sync 1 DAGs
[2026-01-08T15:29:35.797+0000] {logging_mixin.py:188} INFO - [2026-01-08T15:29:35.797+0000] {dag.py:3834} INFO - Setting next_dagrun for prediction_dag to 2026-01-08 15:28:00+00:00, run_after=2026-01-08 15:30:00+00:00
[2026-01-08T15:29:35.817+0000] {processor.py:183} INFO - Processing /opt/airflow/dags/prediction_dag.py took 0.152 seconds
[2026-01-08T15:30:06.177+0000] {processor.py:161} INFO - Started process (PID=29610) to work on /opt/airflow/dags/prediction_dag.py
[2026-01-08T15:30:06.179+0000] {processor.py:830} INFO - Processing file /opt/airflow/dags/prediction_dag.py for tasks to queue
[2026-01-08T15:30:06.179+0000] {logging_mixin.py:188} INFO - [2026-01-08T15:30:06.179+0000] {dagbag.py:540} INFO - Filling up the DagBag from /opt/airflow/dags/prediction_dag.py
[2026-01-08T15:30:06.201+0000] {processor.py:840} INFO - DAG(s) 'prediction_dag' retrieved from /opt/airflow/dags/prediction_dag.py
[2026-01-08T15:30:06.237+0000] {logging_mixin.py:188} INFO - [2026-01-08T15:30:06.237+0000] {dag.py:3047} INFO - Sync 1 DAGs
[2026-01-08T15:30:06.264+0000] {logging_mixin.py:188} INFO - [2026-01-08T15:30:06.264+0000] {dag.py:3834} INFO - Setting next_dagrun for prediction_dag to 2026-01-08 15:30:00+00:00, run_after=2026-01-08 15:32:00+00:00
[2026-01-08T15:30:06.277+0000] {processor.py:183} INFO - Processing /opt/airflow/dags/prediction_dag.py took 0.106 seconds
[2026-01-08T15:30:37.330+0000] {processor.py:161} INFO - Started process (PID=29669) to work on /opt/airflow/dags/prediction_dag.py
[2026-01-08T15:30:37.335+0000] {processor.py:830} INFO - Processing file /opt/airflow/dags/prediction_dag.py for tasks to queue
[2026-01-08T15:30:37.337+0000] {logging_mixin.py:188} INFO - [2026-01-08T15:30:37.336+0000] {dagbag.py:540} INFO - Filling up the DagBag from /opt/airflow/dags/prediction_dag.py
[2026-01-08T15:30:37.388+0000] {processor.py:840} INFO - DAG(s) 'prediction_dag' retrieved from /opt/airflow/dags/prediction_dag.py
[2026-01-08T15:30:37.482+0000] {logging_mixin.py:188} INFO - [2026-01-08T15:30:37.482+0000] {dag.py:3047} INFO - Sync 1 DAGs
[2026-01-08T15:30:37.601+0000] {logging_mixin.py:188} INFO - [2026-01-08T15:30:37.601+0000] {dag.py:3834} INFO - Setting next_dagrun for prediction_dag to 2026-01-08 15:30:00+00:00, run_after=2026-01-08 15:32:00+00:00
[2026-01-08T15:30:37.678+0000] {processor.py:183} INFO - Processing /opt/airflow/dags/prediction_dag.py took 0.360 seconds
[2026-01-08T15:31:08.301+0000] {processor.py:161} INFO - Started process (PID=29707) to work on /opt/airflow/dags/prediction_dag.py
[2026-01-08T15:31:08.303+0000] {processor.py:830} INFO - Processing file /opt/airflow/dags/prediction_dag.py for tasks to queue
[2026-01-08T15:31:08.304+0000] {logging_mixin.py:188} INFO - [2026-01-08T15:31:08.304+0000] {dagbag.py:540} INFO - Filling up the DagBag from /opt/airflow/dags/prediction_dag.py
[2026-01-08T15:31:08.332+0000] {processor.py:840} INFO - DAG(s) 'prediction_dag' retrieved from /opt/airflow/dags/prediction_dag.py
[2026-01-08T15:31:08.362+0000] {logging_mixin.py:188} INFO - [2026-01-08T15:31:08.362+0000] {dag.py:3047} INFO - Sync 1 DAGs
[2026-01-08T15:31:08.395+0000] {logging_mixin.py:188} INFO - [2026-01-08T15:31:08.395+0000] {dag.py:3834} INFO - Setting next_dagrun for prediction_dag to 2026-01-08 15:30:00+00:00, run_after=2026-01-08 15:32:00+00:00
[2026-01-08T15:31:08.413+0000] {processor.py:183} INFO - Processing /opt/airflow/dags/prediction_dag.py took 0.120 seconds
[2026-01-08T15:31:39.154+0000] {processor.py:161} INFO - Started process (PID=29767) to work on /opt/airflow/dags/prediction_dag.py
[2026-01-08T15:31:39.156+0000] {processor.py:830} INFO - Processing file /opt/airflow/dags/prediction_dag.py for tasks to queue
[2026-01-08T15:31:39.157+0000] {logging_mixin.py:188} INFO - [2026-01-08T15:31:39.157+0000] {dagbag.py:540} INFO - Filling up the DagBag from /opt/airflow/dags/prediction_dag.py
[2026-01-08T15:31:39.179+0000] {processor.py:840} INFO - DAG(s) 'prediction_dag' retrieved from /opt/airflow/dags/prediction_dag.py
[2026-01-08T15:31:39.241+0000] {logging_mixin.py:188} INFO - [2026-01-08T15:31:39.240+0000] {dag.py:3047} INFO - Sync 1 DAGs
[2026-01-08T15:31:39.271+0000] {logging_mixin.py:188} INFO - [2026-01-08T15:31:39.271+0000] {dag.py:3834} INFO - Setting next_dagrun for prediction_dag to 2026-01-08 15:30:00+00:00, run_after=2026-01-08 15:32:00+00:00
[2026-01-08T15:31:39.288+0000] {processor.py:183} INFO - Processing /opt/airflow/dags/prediction_dag.py took 0.142 seconds
[2026-01-08T15:32:09.903+0000] {processor.py:161} INFO - Started process (PID=29816) to work on /opt/airflow/dags/prediction_dag.py
[2026-01-08T15:32:09.904+0000] {processor.py:830} INFO - Processing file /opt/airflow/dags/prediction_dag.py for tasks to queue
[2026-01-08T15:32:09.906+0000] {logging_mixin.py:188} INFO - [2026-01-08T15:32:09.905+0000] {dagbag.py:540} INFO - Filling up the DagBag from /opt/airflow/dags/prediction_dag.py
[2026-01-08T15:32:09.925+0000] {processor.py:840} INFO - DAG(s) 'prediction_dag' retrieved from /opt/airflow/dags/prediction_dag.py
[2026-01-08T15:32:09.965+0000] {logging_mixin.py:188} INFO - [2026-01-08T15:32:09.965+0000] {dag.py:3047} INFO - Sync 1 DAGs
[2026-01-08T15:32:10.029+0000] {logging_mixin.py:188} INFO - [2026-01-08T15:32:10.028+0000] {dag.py:3834} INFO - Setting next_dagrun for prediction_dag to 2026-01-08 15:32:00+00:00, run_after=2026-01-08 15:34:00+00:00
[2026-01-08T15:32:10.076+0000] {processor.py:183} INFO - Processing /opt/airflow/dags/prediction_dag.py took 0.176 seconds
[2026-01-08T15:32:40.847+0000] {processor.py:161} INFO - Started process (PID=29858) to work on /opt/airflow/dags/prediction_dag.py
[2026-01-08T15:32:40.849+0000] {processor.py:830} INFO - Processing file /opt/airflow/dags/prediction_dag.py for tasks to queue
[2026-01-08T15:32:40.851+0000] {logging_mixin.py:188} INFO - [2026-01-08T15:32:40.850+0000] {dagbag.py:540} INFO - Filling up the DagBag from /opt/airflow/dags/prediction_dag.py
[2026-01-08T15:32:40.895+0000] {processor.py:840} INFO - DAG(s) 'prediction_dag' retrieved from /opt/airflow/dags/prediction_dag.py
[2026-01-08T15:32:41.026+0000] {logging_mixin.py:188} INFO - [2026-01-08T15:32:41.025+0000] {dag.py:3047} INFO - Sync 1 DAGs
[2026-01-08T15:32:41.104+0000] {logging_mixin.py:188} INFO - [2026-01-08T15:32:41.103+0000] {dag.py:3834} INFO - Setting next_dagrun for prediction_dag to 2026-01-08 15:32:00+00:00, run_after=2026-01-08 15:34:00+00:00
[2026-01-08T15:32:41.144+0000] {processor.py:183} INFO - Processing /opt/airflow/dags/prediction_dag.py took 0.310 seconds
[2026-01-08T15:33:11.547+0000] {processor.py:161} INFO - Started process (PID=29935) to work on /opt/airflow/dags/prediction_dag.py
[2026-01-08T15:33:11.551+0000] {processor.py:830} INFO - Processing file /opt/airflow/dags/prediction_dag.py for tasks to queue
[2026-01-08T15:33:11.552+0000] {logging_mixin.py:188} INFO - [2026-01-08T15:33:11.552+0000] {dagbag.py:540} INFO - Filling up the DagBag from /opt/airflow/dags/prediction_dag.py
[2026-01-08T15:33:11.600+0000] {processor.py:840} INFO - DAG(s) 'prediction_dag' retrieved from /opt/airflow/dags/prediction_dag.py
[2026-01-08T15:33:11.691+0000] {logging_mixin.py:188} INFO - [2026-01-08T15:33:11.691+0000] {dag.py:3047} INFO - Sync 1 DAGs
[2026-01-08T15:33:11.773+0000] {logging_mixin.py:188} INFO - [2026-01-08T15:33:11.772+0000] {dag.py:3834} INFO - Setting next_dagrun for prediction_dag to 2026-01-08 15:32:00+00:00, run_after=2026-01-08 15:34:00+00:00
[2026-01-08T15:33:11.839+0000] {processor.py:183} INFO - Processing /opt/airflow/dags/prediction_dag.py took 0.302 seconds
[2026-01-08T15:33:42.711+0000] {processor.py:161} INFO - Started process (PID=29956) to work on /opt/airflow/dags/prediction_dag.py
[2026-01-08T15:33:42.716+0000] {processor.py:830} INFO - Processing file /opt/airflow/dags/prediction_dag.py for tasks to queue
[2026-01-08T15:33:42.717+0000] {logging_mixin.py:188} INFO - [2026-01-08T15:33:42.717+0000] {dagbag.py:540} INFO - Filling up the DagBag from /opt/airflow/dags/prediction_dag.py
[2026-01-08T15:33:42.754+0000] {processor.py:840} INFO - DAG(s) 'prediction_dag' retrieved from /opt/airflow/dags/prediction_dag.py
[2026-01-08T15:33:42.813+0000] {logging_mixin.py:188} INFO - [2026-01-08T15:33:42.813+0000] {dag.py:3047} INFO - Sync 1 DAGs
[2026-01-08T15:33:42.851+0000] {logging_mixin.py:188} INFO - [2026-01-08T15:33:42.851+0000] {dag.py:3834} INFO - Setting next_dagrun for prediction_dag to 2026-01-08 15:32:00+00:00, run_after=2026-01-08 15:34:00+00:00
[2026-01-08T15:33:42.871+0000] {processor.py:183} INFO - Processing /opt/airflow/dags/prediction_dag.py took 0.178 seconds
[2026-01-08T15:34:13.526+0000] {processor.py:161} INFO - Started process (PID=30012) to work on /opt/airflow/dags/prediction_dag.py
[2026-01-08T15:34:13.530+0000] {processor.py:830} INFO - Processing file /opt/airflow/dags/prediction_dag.py for tasks to queue
[2026-01-08T15:34:13.533+0000] {logging_mixin.py:188} INFO - [2026-01-08T15:34:13.532+0000] {dagbag.py:540} INFO - Filling up the DagBag from /opt/airflow/dags/prediction_dag.py
[2026-01-08T15:34:13.869+0000] {processor.py:840} INFO - DAG(s) 'prediction_dag' retrieved from /opt/airflow/dags/prediction_dag.py
[2026-01-08T15:34:14.644+0000] {logging_mixin.py:188} INFO - [2026-01-08T15:34:14.638+0000] {dag.py:3047} INFO - Sync 1 DAGs
[2026-01-08T15:34:14.756+0000] {logging_mixin.py:188} INFO - [2026-01-08T15:34:14.755+0000] {dag.py:3834} INFO - Setting next_dagrun for prediction_dag to 2026-01-08 15:34:00+00:00, run_after=2026-01-08 15:36:00+00:00
[2026-01-08T15:34:14.839+0000] {processor.py:183} INFO - Processing /opt/airflow/dags/prediction_dag.py took 1.320 seconds
[2026-01-08T15:34:45.083+0000] {processor.py:161} INFO - Started process (PID=30060) to work on /opt/airflow/dags/prediction_dag.py
[2026-01-08T15:34:45.087+0000] {processor.py:830} INFO - Processing file /opt/airflow/dags/prediction_dag.py for tasks to queue
[2026-01-08T15:34:45.089+0000] {logging_mixin.py:188} INFO - [2026-01-08T15:34:45.088+0000] {dagbag.py:540} INFO - Filling up the DagBag from /opt/airflow/dags/prediction_dag.py
[2026-01-08T15:34:45.132+0000] {processor.py:840} INFO - DAG(s) 'prediction_dag' retrieved from /opt/airflow/dags/prediction_dag.py
[2026-01-08T15:34:45.191+0000] {logging_mixin.py:188} INFO - [2026-01-08T15:34:45.191+0000] {dag.py:3047} INFO - Sync 1 DAGs
[2026-01-08T15:34:45.228+0000] {logging_mixin.py:188} INFO - [2026-01-08T15:34:45.228+0000] {dag.py:3834} INFO - Setting next_dagrun for prediction_dag to 2026-01-08 15:34:00+00:00, run_after=2026-01-08 15:36:00+00:00
[2026-01-08T15:34:45.243+0000] {processor.py:183} INFO - Processing /opt/airflow/dags/prediction_dag.py took 0.174 seconds
[2026-01-08T15:35:15.597+0000] {processor.py:161} INFO - Started process (PID=30140) to work on /opt/airflow/dags/prediction_dag.py
[2026-01-08T15:35:15.604+0000] {processor.py:830} INFO - Processing file /opt/airflow/dags/prediction_dag.py for tasks to queue
[2026-01-08T15:35:15.605+0000] {logging_mixin.py:188} INFO - [2026-01-08T15:35:15.605+0000] {dagbag.py:540} INFO - Filling up the DagBag from /opt/airflow/dags/prediction_dag.py
[2026-01-08T15:35:15.633+0000] {processor.py:840} INFO - DAG(s) 'prediction_dag' retrieved from /opt/airflow/dags/prediction_dag.py
[2026-01-08T15:35:15.684+0000] {logging_mixin.py:188} INFO - [2026-01-08T15:35:15.684+0000] {dag.py:3047} INFO - Sync 1 DAGs
[2026-01-08T15:35:15.727+0000] {logging_mixin.py:188} INFO - [2026-01-08T15:35:15.727+0000] {dag.py:3834} INFO - Setting next_dagrun for prediction_dag to 2026-01-08 15:34:00+00:00, run_after=2026-01-08 15:36:00+00:00
[2026-01-08T15:35:15.741+0000] {processor.py:183} INFO - Processing /opt/airflow/dags/prediction_dag.py took 0.151 seconds
[2026-01-08T15:35:46.357+0000] {processor.py:161} INFO - Started process (PID=30158) to work on /opt/airflow/dags/prediction_dag.py
[2026-01-08T15:35:46.360+0000] {processor.py:830} INFO - Processing file /opt/airflow/dags/prediction_dag.py for tasks to queue
[2026-01-08T15:35:46.362+0000] {logging_mixin.py:188} INFO - [2026-01-08T15:35:46.361+0000] {dagbag.py:540} INFO - Filling up the DagBag from /opt/airflow/dags/prediction_dag.py
[2026-01-08T15:35:46.397+0000] {processor.py:840} INFO - DAG(s) 'prediction_dag' retrieved from /opt/airflow/dags/prediction_dag.py
[2026-01-08T15:35:46.460+0000] {logging_mixin.py:188} INFO - [2026-01-08T15:35:46.460+0000] {dag.py:3047} INFO - Sync 1 DAGs
[2026-01-08T15:35:46.499+0000] {logging_mixin.py:188} INFO - [2026-01-08T15:35:46.499+0000] {dag.py:3834} INFO - Setting next_dagrun for prediction_dag to 2026-01-08 15:34:00+00:00, run_after=2026-01-08 15:36:00+00:00
[2026-01-08T15:35:46.522+0000] {processor.py:183} INFO - Processing /opt/airflow/dags/prediction_dag.py took 0.178 seconds
[2026-01-08T15:36:16.987+0000] {processor.py:161} INFO - Started process (PID=30244) to work on /opt/airflow/dags/prediction_dag.py
[2026-01-08T15:36:16.990+0000] {processor.py:830} INFO - Processing file /opt/airflow/dags/prediction_dag.py for tasks to queue
[2026-01-08T15:36:16.992+0000] {logging_mixin.py:188} INFO - [2026-01-08T15:36:16.991+0000] {dagbag.py:540} INFO - Filling up the DagBag from /opt/airflow/dags/prediction_dag.py
[2026-01-08T15:36:17.022+0000] {processor.py:840} INFO - DAG(s) 'prediction_dag' retrieved from /opt/airflow/dags/prediction_dag.py
[2026-01-08T15:36:17.062+0000] {logging_mixin.py:188} INFO - [2026-01-08T15:36:17.061+0000] {dag.py:3047} INFO - Sync 1 DAGs
[2026-01-08T15:36:17.089+0000] {logging_mixin.py:188} INFO - [2026-01-08T15:36:17.089+0000] {dag.py:3834} INFO - Setting next_dagrun for prediction_dag to 2026-01-08 15:36:00+00:00, run_after=2026-01-08 15:38:00+00:00
[2026-01-08T15:36:17.105+0000] {processor.py:183} INFO - Processing /opt/airflow/dags/prediction_dag.py took 0.125 seconds
[2026-01-08T15:36:47.471+0000] {processor.py:161} INFO - Started process (PID=30262) to work on /opt/airflow/dags/prediction_dag.py
[2026-01-08T15:36:47.480+0000] {processor.py:830} INFO - Processing file /opt/airflow/dags/prediction_dag.py for tasks to queue
[2026-01-08T15:36:47.482+0000] {logging_mixin.py:188} INFO - [2026-01-08T15:36:47.481+0000] {dagbag.py:540} INFO - Filling up the DagBag from /opt/airflow/dags/prediction_dag.py
[2026-01-08T15:36:47.516+0000] {processor.py:840} INFO - DAG(s) 'prediction_dag' retrieved from /opt/airflow/dags/prediction_dag.py
[2026-01-08T15:36:47.579+0000] {logging_mixin.py:188} INFO - [2026-01-08T15:36:47.578+0000] {dag.py:3047} INFO - Sync 1 DAGs
[2026-01-08T15:36:47.614+0000] {logging_mixin.py:188} INFO - [2026-01-08T15:36:47.614+0000] {dag.py:3834} INFO - Setting next_dagrun for prediction_dag to 2026-01-08 15:36:00+00:00, run_after=2026-01-08 15:38:00+00:00
[2026-01-08T15:36:47.629+0000] {processor.py:183} INFO - Processing /opt/airflow/dags/prediction_dag.py took 0.168 seconds
[2026-01-08T15:37:18.059+0000] {processor.py:161} INFO - Started process (PID=30342) to work on /opt/airflow/dags/prediction_dag.py
[2026-01-08T15:37:18.062+0000] {processor.py:830} INFO - Processing file /opt/airflow/dags/prediction_dag.py for tasks to queue
[2026-01-08T15:37:18.064+0000] {logging_mixin.py:188} INFO - [2026-01-08T15:37:18.063+0000] {dagbag.py:540} INFO - Filling up the DagBag from /opt/airflow/dags/prediction_dag.py
[2026-01-08T15:37:18.100+0000] {processor.py:840} INFO - DAG(s) 'prediction_dag' retrieved from /opt/airflow/dags/prediction_dag.py
[2026-01-08T15:37:18.159+0000] {logging_mixin.py:188} INFO - [2026-01-08T15:37:18.159+0000] {dag.py:3047} INFO - Sync 1 DAGs
[2026-01-08T15:37:18.192+0000] {logging_mixin.py:188} INFO - [2026-01-08T15:37:18.192+0000] {dag.py:3834} INFO - Setting next_dagrun for prediction_dag to 2026-01-08 15:36:00+00:00, run_after=2026-01-08 15:38:00+00:00
[2026-01-08T15:37:18.219+0000] {processor.py:183} INFO - Processing /opt/airflow/dags/prediction_dag.py took 0.171 seconds
[2026-01-08T15:37:48.565+0000] {processor.py:161} INFO - Started process (PID=30360) to work on /opt/airflow/dags/prediction_dag.py
[2026-01-08T15:37:48.568+0000] {processor.py:830} INFO - Processing file /opt/airflow/dags/prediction_dag.py for tasks to queue
[2026-01-08T15:37:48.569+0000] {logging_mixin.py:188} INFO - [2026-01-08T15:37:48.569+0000] {dagbag.py:540} INFO - Filling up the DagBag from /opt/airflow/dags/prediction_dag.py
[2026-01-08T15:37:48.609+0000] {processor.py:840} INFO - DAG(s) 'prediction_dag' retrieved from /opt/airflow/dags/prediction_dag.py
[2026-01-08T15:37:48.673+0000] {logging_mixin.py:188} INFO - [2026-01-08T15:37:48.673+0000] {dag.py:3047} INFO - Sync 1 DAGs
[2026-01-08T15:37:48.709+0000] {logging_mixin.py:188} INFO - [2026-01-08T15:37:48.709+0000] {dag.py:3834} INFO - Setting next_dagrun for prediction_dag to 2026-01-08 15:36:00+00:00, run_after=2026-01-08 15:38:00+00:00
[2026-01-08T15:37:48.724+0000] {processor.py:183} INFO - Processing /opt/airflow/dags/prediction_dag.py took 0.170 seconds
[2026-01-08T15:38:20.119+0000] {processor.py:161} INFO - Started process (PID=30433) to work on /opt/airflow/dags/prediction_dag.py
[2026-01-08T15:38:20.129+0000] {processor.py:830} INFO - Processing file /opt/airflow/dags/prediction_dag.py for tasks to queue
[2026-01-08T15:38:20.139+0000] {logging_mixin.py:188} INFO - [2026-01-08T15:38:20.136+0000] {dagbag.py:540} INFO - Filling up the DagBag from /opt/airflow/dags/prediction_dag.py
[2026-01-08T15:38:20.267+0000] {processor.py:840} INFO - DAG(s) 'prediction_dag' retrieved from /opt/airflow/dags/prediction_dag.py
[2026-01-08T15:38:20.511+0000] {logging_mixin.py:188} INFO - [2026-01-08T15:38:20.510+0000] {dag.py:3047} INFO - Sync 1 DAGs
[2026-01-08T15:38:20.652+0000] {logging_mixin.py:188} INFO - [2026-01-08T15:38:20.651+0000] {dag.py:3834} INFO - Setting next_dagrun for prediction_dag to 2026-01-08 15:38:00+00:00, run_after=2026-01-08 15:40:00+00:00
[2026-01-08T15:38:20.707+0000] {processor.py:183} INFO - Processing /opt/airflow/dags/prediction_dag.py took 0.691 seconds
[2026-01-08T15:38:50.882+0000] {processor.py:161} INFO - Started process (PID=30451) to work on /opt/airflow/dags/prediction_dag.py
[2026-01-08T15:38:50.888+0000] {processor.py:830} INFO - Processing file /opt/airflow/dags/prediction_dag.py for tasks to queue
[2026-01-08T15:38:50.891+0000] {logging_mixin.py:188} INFO - [2026-01-08T15:38:50.889+0000] {dagbag.py:540} INFO - Filling up the DagBag from /opt/airflow/dags/prediction_dag.py
[2026-01-08T15:38:50.937+0000] {processor.py:840} INFO - DAG(s) 'prediction_dag' retrieved from /opt/airflow/dags/prediction_dag.py
[2026-01-08T15:38:51.009+0000] {logging_mixin.py:188} INFO - [2026-01-08T15:38:51.009+0000] {dag.py:3047} INFO - Sync 1 DAGs
[2026-01-08T15:38:51.054+0000] {logging_mixin.py:188} INFO - [2026-01-08T15:38:51.054+0000] {dag.py:3834} INFO - Setting next_dagrun for prediction_dag to 2026-01-08 15:38:00+00:00, run_after=2026-01-08 15:40:00+00:00
[2026-01-08T15:38:51.075+0000] {processor.py:183} INFO - Processing /opt/airflow/dags/prediction_dag.py took 0.211 seconds
[2026-01-08T15:39:22.356+0000] {processor.py:161} INFO - Started process (PID=30531) to work on /opt/airflow/dags/prediction_dag.py
[2026-01-08T15:39:22.362+0000] {processor.py:830} INFO - Processing file /opt/airflow/dags/prediction_dag.py for tasks to queue
[2026-01-08T15:39:22.365+0000] {logging_mixin.py:188} INFO - [2026-01-08T15:39:22.364+0000] {dagbag.py:540} INFO - Filling up the DagBag from /opt/airflow/dags/prediction_dag.py
[2026-01-08T15:39:22.587+0000] {processor.py:840} INFO - DAG(s) 'prediction_dag' retrieved from /opt/airflow/dags/prediction_dag.py
[2026-01-08T15:39:22.716+0000] {logging_mixin.py:188} INFO - [2026-01-08T15:39:22.716+0000] {dag.py:3047} INFO - Sync 1 DAGs
[2026-01-08T15:39:22.796+0000] {logging_mixin.py:188} INFO - [2026-01-08T15:39:22.796+0000] {dag.py:3834} INFO - Setting next_dagrun for prediction_dag to 2026-01-08 15:38:00+00:00, run_after=2026-01-08 15:40:00+00:00
[2026-01-08T15:39:22.823+0000] {processor.py:183} INFO - Processing /opt/airflow/dags/prediction_dag.py took 0.484 seconds
[2026-01-08T15:39:53.178+0000] {processor.py:161} INFO - Started process (PID=30549) to work on /opt/airflow/dags/prediction_dag.py
[2026-01-08T15:39:53.184+0000] {processor.py:830} INFO - Processing file /opt/airflow/dags/prediction_dag.py for tasks to queue
[2026-01-08T15:39:53.186+0000] {logging_mixin.py:188} INFO - [2026-01-08T15:39:53.186+0000] {dagbag.py:540} INFO - Filling up the DagBag from /opt/airflow/dags/prediction_dag.py
[2026-01-08T15:39:53.230+0000] {processor.py:840} INFO - DAG(s) 'prediction_dag' retrieved from /opt/airflow/dags/prediction_dag.py
[2026-01-08T15:39:53.289+0000] {logging_mixin.py:188} INFO - [2026-01-08T15:39:53.289+0000] {dag.py:3047} INFO - Sync 1 DAGs
[2026-01-08T15:39:53.336+0000] {logging_mixin.py:188} INFO - [2026-01-08T15:39:53.335+0000] {dag.py:3834} INFO - Setting next_dagrun for prediction_dag to 2026-01-08 15:38:00+00:00, run_after=2026-01-08 15:40:00+00:00
[2026-01-08T15:39:53.352+0000] {processor.py:183} INFO - Processing /opt/airflow/dags/prediction_dag.py took 0.184 seconds
[2026-01-08T15:40:23.670+0000] {processor.py:161} INFO - Started process (PID=30635) to work on /opt/airflow/dags/prediction_dag.py
[2026-01-08T15:40:23.673+0000] {processor.py:830} INFO - Processing file /opt/airflow/dags/prediction_dag.py for tasks to queue
[2026-01-08T15:40:23.674+0000] {logging_mixin.py:188} INFO - [2026-01-08T15:40:23.674+0000] {dagbag.py:540} INFO - Filling up the DagBag from /opt/airflow/dags/prediction_dag.py
[2026-01-08T15:40:23.712+0000] {processor.py:840} INFO - DAG(s) 'prediction_dag' retrieved from /opt/airflow/dags/prediction_dag.py
[2026-01-08T15:40:23.781+0000] {logging_mixin.py:188} INFO - [2026-01-08T15:40:23.781+0000] {dag.py:3047} INFO - Sync 1 DAGs
[2026-01-08T15:40:23.821+0000] {logging_mixin.py:188} INFO - [2026-01-08T15:40:23.820+0000] {dag.py:3834} INFO - Setting next_dagrun for prediction_dag to 2026-01-08 15:40:00+00:00, run_after=2026-01-08 15:42:00+00:00
[2026-01-08T15:40:23.837+0000] {processor.py:183} INFO - Processing /opt/airflow/dags/prediction_dag.py took 0.178 seconds
[2026-01-08T15:40:54.510+0000] {processor.py:161} INFO - Started process (PID=30653) to work on /opt/airflow/dags/prediction_dag.py
[2026-01-08T15:40:54.512+0000] {processor.py:830} INFO - Processing file /opt/airflow/dags/prediction_dag.py for tasks to queue
[2026-01-08T15:40:54.513+0000] {logging_mixin.py:188} INFO - [2026-01-08T15:40:54.512+0000] {dagbag.py:540} INFO - Filling up the DagBag from /opt/airflow/dags/prediction_dag.py
[2026-01-08T15:40:54.541+0000] {processor.py:840} INFO - DAG(s) 'prediction_dag' retrieved from /opt/airflow/dags/prediction_dag.py
[2026-01-08T15:40:54.595+0000] {logging_mixin.py:188} INFO - [2026-01-08T15:40:54.595+0000] {dag.py:3047} INFO - Sync 1 DAGs
[2026-01-08T15:40:54.628+0000] {logging_mixin.py:188} INFO - [2026-01-08T15:40:54.628+0000] {dag.py:3834} INFO - Setting next_dagrun for prediction_dag to 2026-01-08 15:40:00+00:00, run_after=2026-01-08 15:42:00+00:00
[2026-01-08T15:40:54.643+0000] {processor.py:183} INFO - Processing /opt/airflow/dags/prediction_dag.py took 0.143 seconds
[2026-01-08T15:41:25.233+0000] {processor.py:161} INFO - Started process (PID=30733) to work on /opt/airflow/dags/prediction_dag.py
[2026-01-08T15:41:25.238+0000] {processor.py:830} INFO - Processing file /opt/airflow/dags/prediction_dag.py for tasks to queue
[2026-01-08T15:41:25.240+0000] {logging_mixin.py:188} INFO - [2026-01-08T15:41:25.239+0000] {dagbag.py:540} INFO - Filling up the DagBag from /opt/airflow/dags/prediction_dag.py
[2026-01-08T15:41:25.280+0000] {processor.py:840} INFO - DAG(s) 'prediction_dag' retrieved from /opt/airflow/dags/prediction_dag.py
[2026-01-08T15:41:25.351+0000] {logging_mixin.py:188} INFO - [2026-01-08T15:41:25.350+0000] {dag.py:3047} INFO - Sync 1 DAGs
[2026-01-08T15:41:25.385+0000] {logging_mixin.py:188} INFO - [2026-01-08T15:41:25.385+0000] {dag.py:3834} INFO - Setting next_dagrun for prediction_dag to 2026-01-08 15:40:00+00:00, run_after=2026-01-08 15:42:00+00:00
[2026-01-08T15:41:25.412+0000] {processor.py:183} INFO - Processing /opt/airflow/dags/prediction_dag.py took 0.191 seconds
[2026-01-08T15:41:55.544+0000] {processor.py:161} INFO - Started process (PID=30751) to work on /opt/airflow/dags/prediction_dag.py
[2026-01-08T15:41:55.546+0000] {processor.py:830} INFO - Processing file /opt/airflow/dags/prediction_dag.py for tasks to queue
[2026-01-08T15:41:55.548+0000] {logging_mixin.py:188} INFO - [2026-01-08T15:41:55.547+0000] {dagbag.py:540} INFO - Filling up the DagBag from /opt/airflow/dags/prediction_dag.py
[2026-01-08T15:41:55.581+0000] {processor.py:840} INFO - DAG(s) 'prediction_dag' retrieved from /opt/airflow/dags/prediction_dag.py
[2026-01-08T15:41:55.627+0000] {logging_mixin.py:188} INFO - [2026-01-08T15:41:55.627+0000] {dag.py:3047} INFO - Sync 1 DAGs
[2026-01-08T15:41:55.656+0000] {logging_mixin.py:188} INFO - [2026-01-08T15:41:55.656+0000] {dag.py:3834} INFO - Setting next_dagrun for prediction_dag to 2026-01-08 15:40:00+00:00, run_after=2026-01-08 15:42:00+00:00
[2026-01-08T15:41:55.670+0000] {processor.py:183} INFO - Processing /opt/airflow/dags/prediction_dag.py took 0.136 seconds
[2026-01-08T15:42:26.044+0000] {processor.py:161} INFO - Started process (PID=30837) to work on /opt/airflow/dags/prediction_dag.py
[2026-01-08T15:42:26.046+0000] {processor.py:830} INFO - Processing file /opt/airflow/dags/prediction_dag.py for tasks to queue
[2026-01-08T15:42:26.048+0000] {logging_mixin.py:188} INFO - [2026-01-08T15:42:26.047+0000] {dagbag.py:540} INFO - Filling up the DagBag from /opt/airflow/dags/prediction_dag.py
[2026-01-08T15:42:26.090+0000] {processor.py:840} INFO - DAG(s) 'prediction_dag' retrieved from /opt/airflow/dags/prediction_dag.py
[2026-01-08T15:42:26.163+0000] {logging_mixin.py:188} INFO - [2026-01-08T15:42:26.163+0000] {dag.py:3047} INFO - Sync 1 DAGs
[2026-01-08T15:42:26.206+0000] {logging_mixin.py:188} INFO - [2026-01-08T15:42:26.205+0000] {dag.py:3834} INFO - Setting next_dagrun for prediction_dag to 2026-01-08 15:42:00+00:00, run_after=2026-01-08 15:44:00+00:00
[2026-01-08T15:42:26.247+0000] {processor.py:183} INFO - Processing /opt/airflow/dags/prediction_dag.py took 0.211 seconds
[2026-01-08T15:42:56.633+0000] {processor.py:161} INFO - Started process (PID=30855) to work on /opt/airflow/dags/prediction_dag.py
[2026-01-08T15:42:56.636+0000] {processor.py:830} INFO - Processing file /opt/airflow/dags/prediction_dag.py for tasks to queue
[2026-01-08T15:42:56.637+0000] {logging_mixin.py:188} INFO - [2026-01-08T15:42:56.637+0000] {dagbag.py:540} INFO - Filling up the DagBag from /opt/airflow/dags/prediction_dag.py
[2026-01-08T15:42:56.683+0000] {processor.py:840} INFO - DAG(s) 'prediction_dag' retrieved from /opt/airflow/dags/prediction_dag.py
[2026-01-08T15:42:56.770+0000] {logging_mixin.py:188} INFO - [2026-01-08T15:42:56.770+0000] {dag.py:3047} INFO - Sync 1 DAGs
[2026-01-08T15:42:56.833+0000] {logging_mixin.py:188} INFO - [2026-01-08T15:42:56.829+0000] {dag.py:3834} INFO - Setting next_dagrun for prediction_dag to 2026-01-08 15:42:00+00:00, run_after=2026-01-08 15:44:00+00:00
[2026-01-08T15:42:56.870+0000] {processor.py:183} INFO - Processing /opt/airflow/dags/prediction_dag.py took 0.249 seconds
[2026-01-08T15:43:27.308+0000] {processor.py:161} INFO - Started process (PID=30935) to work on /opt/airflow/dags/prediction_dag.py
[2026-01-08T15:43:27.309+0000] {processor.py:830} INFO - Processing file /opt/airflow/dags/prediction_dag.py for tasks to queue
[2026-01-08T15:43:27.310+0000] {logging_mixin.py:188} INFO - [2026-01-08T15:43:27.310+0000] {dagbag.py:540} INFO - Filling up the DagBag from /opt/airflow/dags/prediction_dag.py
[2026-01-08T15:43:27.324+0000] {processor.py:840} INFO - DAG(s) 'prediction_dag' retrieved from /opt/airflow/dags/prediction_dag.py
[2026-01-08T15:43:27.362+0000] {logging_mixin.py:188} INFO - [2026-01-08T15:43:27.362+0000] {dag.py:3047} INFO - Sync 1 DAGs
[2026-01-08T15:43:27.385+0000] {logging_mixin.py:188} INFO - [2026-01-08T15:43:27.385+0000] {dag.py:3834} INFO - Setting next_dagrun for prediction_dag to 2026-01-08 15:42:00+00:00, run_after=2026-01-08 15:44:00+00:00
[2026-01-08T15:43:27.396+0000] {processor.py:183} INFO - Processing /opt/airflow/dags/prediction_dag.py took 0.093 seconds
[2026-01-08T15:43:58.116+0000] {processor.py:161} INFO - Started process (PID=30943) to work on /opt/airflow/dags/prediction_dag.py
[2026-01-08T15:43:58.127+0000] {processor.py:830} INFO - Processing file /opt/airflow/dags/prediction_dag.py for tasks to queue
[2026-01-08T15:43:58.132+0000] {logging_mixin.py:188} INFO - [2026-01-08T15:43:58.130+0000] {dagbag.py:540} INFO - Filling up the DagBag from /opt/airflow/dags/prediction_dag.py
[2026-01-08T15:43:58.172+0000] {processor.py:840} INFO - DAG(s) 'prediction_dag' retrieved from /opt/airflow/dags/prediction_dag.py
[2026-01-08T15:43:58.226+0000] {logging_mixin.py:188} INFO - [2026-01-08T15:43:58.226+0000] {dag.py:3047} INFO - Sync 1 DAGs
[2026-01-08T15:43:58.266+0000] {logging_mixin.py:188} INFO - [2026-01-08T15:43:58.266+0000] {dag.py:3834} INFO - Setting next_dagrun for prediction_dag to 2026-01-08 15:42:00+00:00, run_after=2026-01-08 15:44:00+00:00
[2026-01-08T15:43:58.292+0000] {processor.py:183} INFO - Processing /opt/airflow/dags/prediction_dag.py took 0.185 seconds
[2026-01-08T15:44:28.651+0000] {processor.py:161} INFO - Started process (PID=31026) to work on /opt/airflow/dags/prediction_dag.py
[2026-01-08T15:44:28.653+0000] {processor.py:830} INFO - Processing file /opt/airflow/dags/prediction_dag.py for tasks to queue
[2026-01-08T15:44:28.654+0000] {logging_mixin.py:188} INFO - [2026-01-08T15:44:28.653+0000] {dagbag.py:540} INFO - Filling up the DagBag from /opt/airflow/dags/prediction_dag.py
[2026-01-08T15:44:28.691+0000] {processor.py:840} INFO - DAG(s) 'prediction_dag' retrieved from /opt/airflow/dags/prediction_dag.py
[2026-01-08T15:44:28.740+0000] {logging_mixin.py:188} INFO - [2026-01-08T15:44:28.740+0000] {dag.py:3047} INFO - Sync 1 DAGs
[2026-01-08T15:44:28.780+0000] {logging_mixin.py:188} INFO - [2026-01-08T15:44:28.780+0000] {dag.py:3834} INFO - Setting next_dagrun for prediction_dag to 2026-01-08 15:44:00+00:00, run_after=2026-01-08 15:46:00+00:00
[2026-01-08T15:44:28.803+0000] {processor.py:183} INFO - Processing /opt/airflow/dags/prediction_dag.py took 0.163 seconds
[2026-01-08T15:44:58.974+0000] {processor.py:161} INFO - Started process (PID=31044) to work on /opt/airflow/dags/prediction_dag.py
[2026-01-08T15:44:58.977+0000] {processor.py:830} INFO - Processing file /opt/airflow/dags/prediction_dag.py for tasks to queue
[2026-01-08T15:44:58.979+0000] {logging_mixin.py:188} INFO - [2026-01-08T15:44:58.978+0000] {dagbag.py:540} INFO - Filling up the DagBag from /opt/airflow/dags/prediction_dag.py
[2026-01-08T15:44:59.011+0000] {processor.py:840} INFO - DAG(s) 'prediction_dag' retrieved from /opt/airflow/dags/prediction_dag.py
[2026-01-08T15:44:59.058+0000] {logging_mixin.py:188} INFO - [2026-01-08T15:44:59.058+0000] {dag.py:3047} INFO - Sync 1 DAGs
[2026-01-08T15:44:59.084+0000] {logging_mixin.py:188} INFO - [2026-01-08T15:44:59.084+0000] {dag.py:3834} INFO - Setting next_dagrun for prediction_dag to 2026-01-08 15:44:00+00:00, run_after=2026-01-08 15:46:00+00:00
[2026-01-08T15:44:59.100+0000] {processor.py:183} INFO - Processing /opt/airflow/dags/prediction_dag.py took 0.144 seconds
[2026-01-08T15:45:29.632+0000] {processor.py:161} INFO - Started process (PID=31124) to work on /opt/airflow/dags/prediction_dag.py
[2026-01-08T15:45:29.636+0000] {processor.py:830} INFO - Processing file /opt/airflow/dags/prediction_dag.py for tasks to queue
[2026-01-08T15:45:29.638+0000] {logging_mixin.py:188} INFO - [2026-01-08T15:45:29.637+0000] {dagbag.py:540} INFO - Filling up the DagBag from /opt/airflow/dags/prediction_dag.py
[2026-01-08T15:45:29.670+0000] {processor.py:840} INFO - DAG(s) 'prediction_dag' retrieved from /opt/airflow/dags/prediction_dag.py
[2026-01-08T15:45:29.723+0000] {logging_mixin.py:188} INFO - [2026-01-08T15:45:29.722+0000] {dag.py:3047} INFO - Sync 1 DAGs
[2026-01-08T15:45:29.758+0000] {logging_mixin.py:188} INFO - [2026-01-08T15:45:29.758+0000] {dag.py:3834} INFO - Setting next_dagrun for prediction_dag to 2026-01-08 15:44:00+00:00, run_after=2026-01-08 15:46:00+00:00
[2026-01-08T15:45:30.043+0000] {processor.py:183} INFO - Processing /opt/airflow/dags/prediction_dag.py took 0.424 seconds
[2026-01-08T15:46:00.135+0000] {processor.py:161} INFO - Started process (PID=31142) to work on /opt/airflow/dags/prediction_dag.py
[2026-01-08T15:46:00.137+0000] {processor.py:830} INFO - Processing file /opt/airflow/dags/prediction_dag.py for tasks to queue
[2026-01-08T15:46:00.140+0000] {logging_mixin.py:188} INFO - [2026-01-08T15:46:00.139+0000] {dagbag.py:540} INFO - Filling up the DagBag from /opt/airflow/dags/prediction_dag.py
[2026-01-08T15:46:00.178+0000] {processor.py:840} INFO - DAG(s) 'prediction_dag' retrieved from /opt/airflow/dags/prediction_dag.py
[2026-01-08T15:46:00.241+0000] {logging_mixin.py:188} INFO - [2026-01-08T15:46:00.241+0000] {dag.py:3047} INFO - Sync 1 DAGs
[2026-01-08T15:46:00.278+0000] {logging_mixin.py:188} INFO - [2026-01-08T15:46:00.278+0000] {dag.py:3834} INFO - Setting next_dagrun for prediction_dag to 2026-01-08 15:44:00+00:00, run_after=2026-01-08 15:46:00+00:00
[2026-01-08T15:46:00.296+0000] {processor.py:183} INFO - Processing /opt/airflow/dags/prediction_dag.py took 0.177 seconds
[2026-01-08T15:46:30.706+0000] {processor.py:161} INFO - Started process (PID=31228) to work on /opt/airflow/dags/prediction_dag.py
[2026-01-08T15:46:30.710+0000] {processor.py:830} INFO - Processing file /opt/airflow/dags/prediction_dag.py for tasks to queue
[2026-01-08T15:46:30.713+0000] {logging_mixin.py:188} INFO - [2026-01-08T15:46:30.711+0000] {dagbag.py:540} INFO - Filling up the DagBag from /opt/airflow/dags/prediction_dag.py
[2026-01-08T15:46:30.809+0000] {processor.py:840} INFO - DAG(s) 'prediction_dag' retrieved from /opt/airflow/dags/prediction_dag.py
[2026-01-08T15:46:30.999+0000] {logging_mixin.py:188} INFO - [2026-01-08T15:46:30.999+0000] {dag.py:3047} INFO - Sync 1 DAGs
[2026-01-08T15:46:31.291+0000] {logging_mixin.py:188} INFO - [2026-01-08T15:46:31.285+0000] {dag.py:3834} INFO - Setting next_dagrun for prediction_dag to 2026-01-08 15:46:00+00:00, run_after=2026-01-08 15:48:00+00:00
[2026-01-08T15:46:31.375+0000] {processor.py:183} INFO - Processing /opt/airflow/dags/prediction_dag.py took 0.699 seconds
[2026-01-08T15:47:01.702+0000] {processor.py:161} INFO - Started process (PID=31255) to work on /opt/airflow/dags/prediction_dag.py
[2026-01-08T15:47:01.705+0000] {processor.py:830} INFO - Processing file /opt/airflow/dags/prediction_dag.py for tasks to queue
[2026-01-08T15:47:01.706+0000] {logging_mixin.py:188} INFO - [2026-01-08T15:47:01.705+0000] {dagbag.py:540} INFO - Filling up the DagBag from /opt/airflow/dags/prediction_dag.py
[2026-01-08T15:47:01.728+0000] {processor.py:840} INFO - DAG(s) 'prediction_dag' retrieved from /opt/airflow/dags/prediction_dag.py
[2026-01-08T15:47:01.765+0000] {logging_mixin.py:188} INFO - [2026-01-08T15:47:01.765+0000] {dag.py:3047} INFO - Sync 1 DAGs
[2026-01-08T15:47:01.981+0000] {logging_mixin.py:188} INFO - [2026-01-08T15:47:01.980+0000] {dag.py:3834} INFO - Setting next_dagrun for prediction_dag to 2026-01-08 15:46:00+00:00, run_after=2026-01-08 15:48:00+00:00
[2026-01-08T15:47:01.995+0000] {processor.py:183} INFO - Processing /opt/airflow/dags/prediction_dag.py took 0.297 seconds
[2026-01-08T15:47:32.202+0000] {processor.py:161} INFO - Started process (PID=31326) to work on /opt/airflow/dags/prediction_dag.py
[2026-01-08T15:47:32.206+0000] {processor.py:830} INFO - Processing file /opt/airflow/dags/prediction_dag.py for tasks to queue
[2026-01-08T15:47:32.208+0000] {logging_mixin.py:188} INFO - [2026-01-08T15:47:32.208+0000] {dagbag.py:540} INFO - Filling up the DagBag from /opt/airflow/dags/prediction_dag.py
[2026-01-08T15:47:32.252+0000] {processor.py:840} INFO - DAG(s) 'prediction_dag' retrieved from /opt/airflow/dags/prediction_dag.py
[2026-01-08T15:47:32.308+0000] {logging_mixin.py:188} INFO - [2026-01-08T15:47:32.308+0000] {dag.py:3047} INFO - Sync 1 DAGs
[2026-01-08T15:47:32.344+0000] {logging_mixin.py:188} INFO - [2026-01-08T15:47:32.343+0000] {dag.py:3834} INFO - Setting next_dagrun for prediction_dag to 2026-01-08 15:46:00+00:00, run_after=2026-01-08 15:48:00+00:00
[2026-01-08T15:47:32.357+0000] {processor.py:183} INFO - Processing /opt/airflow/dags/prediction_dag.py took 0.164 seconds
[2026-01-08T15:48:03.011+0000] {processor.py:161} INFO - Started process (PID=31361) to work on /opt/airflow/dags/prediction_dag.py
[2026-01-08T15:48:03.012+0000] {processor.py:830} INFO - Processing file /opt/airflow/dags/prediction_dag.py for tasks to queue
[2026-01-08T15:48:03.013+0000] {logging_mixin.py:188} INFO - [2026-01-08T15:48:03.013+0000] {dagbag.py:540} INFO - Filling up the DagBag from /opt/airflow/dags/prediction_dag.py
[2026-01-08T15:48:03.035+0000] {processor.py:840} INFO - DAG(s) 'prediction_dag' retrieved from /opt/airflow/dags/prediction_dag.py
[2026-01-08T15:48:03.060+0000] {logging_mixin.py:188} INFO - [2026-01-08T15:48:03.060+0000] {dag.py:3047} INFO - Sync 1 DAGs
[2026-01-08T15:48:03.090+0000] {logging_mixin.py:188} INFO - [2026-01-08T15:48:03.090+0000] {dag.py:3834} INFO - Setting next_dagrun for prediction_dag to 2026-01-08 15:48:00+00:00, run_after=2026-01-08 15:50:00+00:00
[2026-01-08T15:48:03.293+0000] {processor.py:183} INFO - Processing /opt/airflow/dags/prediction_dag.py took 0.286 seconds
[2026-01-08T15:48:33.413+0000] {processor.py:161} INFO - Started process (PID=31430) to work on /opt/airflow/dags/prediction_dag.py
[2026-01-08T15:48:33.419+0000] {processor.py:830} INFO - Processing file /opt/airflow/dags/prediction_dag.py for tasks to queue
[2026-01-08T15:48:33.422+0000] {logging_mixin.py:188} INFO - [2026-01-08T15:48:33.421+0000] {dagbag.py:540} INFO - Filling up the DagBag from /opt/airflow/dags/prediction_dag.py
[2026-01-08T15:48:33.459+0000] {processor.py:840} INFO - DAG(s) 'prediction_dag' retrieved from /opt/airflow/dags/prediction_dag.py
[2026-01-08T15:48:33.536+0000] {logging_mixin.py:188} INFO - [2026-01-08T15:48:33.536+0000] {dag.py:3047} INFO - Sync 1 DAGs
[2026-01-08T15:48:33.599+0000] {logging_mixin.py:188} INFO - [2026-01-08T15:48:33.599+0000] {dag.py:3834} INFO - Setting next_dagrun for prediction_dag to 2026-01-08 15:48:00+00:00, run_after=2026-01-08 15:50:00+00:00
[2026-01-08T15:48:33.623+0000] {processor.py:183} INFO - Processing /opt/airflow/dags/prediction_dag.py took 0.224 seconds
[2026-01-08T15:49:03.792+0000] {processor.py:161} INFO - Started process (PID=31458) to work on /opt/airflow/dags/prediction_dag.py
[2026-01-08T15:49:03.794+0000] {processor.py:830} INFO - Processing file /opt/airflow/dags/prediction_dag.py for tasks to queue
[2026-01-08T15:49:03.796+0000] {logging_mixin.py:188} INFO - [2026-01-08T15:49:03.795+0000] {dagbag.py:540} INFO - Filling up the DagBag from /opt/airflow/dags/prediction_dag.py
[2026-01-08T15:49:03.826+0000] {processor.py:840} INFO - DAG(s) 'prediction_dag' retrieved from /opt/airflow/dags/prediction_dag.py
[2026-01-08T15:49:03.873+0000] {logging_mixin.py:188} INFO - [2026-01-08T15:49:03.873+0000] {dag.py:3047} INFO - Sync 1 DAGs
[2026-01-08T15:49:03.901+0000] {logging_mixin.py:188} INFO - [2026-01-08T15:49:03.900+0000] {dag.py:3834} INFO - Setting next_dagrun for prediction_dag to 2026-01-08 15:48:00+00:00, run_after=2026-01-08 15:50:00+00:00
[2026-01-08T15:49:03.911+0000] {processor.py:183} INFO - Processing /opt/airflow/dags/prediction_dag.py took 0.127 seconds
[2026-01-08T15:49:34.244+0000] {processor.py:161} INFO - Started process (PID=31528) to work on /opt/airflow/dags/prediction_dag.py
[2026-01-08T15:49:34.252+0000] {processor.py:830} INFO - Processing file /opt/airflow/dags/prediction_dag.py for tasks to queue
[2026-01-08T15:49:34.254+0000] {logging_mixin.py:188} INFO - [2026-01-08T15:49:34.253+0000] {dagbag.py:540} INFO - Filling up the DagBag from /opt/airflow/dags/prediction_dag.py
[2026-01-08T15:49:34.286+0000] {processor.py:840} INFO - DAG(s) 'prediction_dag' retrieved from /opt/airflow/dags/prediction_dag.py
[2026-01-08T15:49:34.321+0000] {logging_mixin.py:188} INFO - [2026-01-08T15:49:34.321+0000] {dag.py:3047} INFO - Sync 1 DAGs
[2026-01-08T15:49:34.347+0000] {logging_mixin.py:188} INFO - [2026-01-08T15:49:34.346+0000] {dag.py:3834} INFO - Setting next_dagrun for prediction_dag to 2026-01-08 15:48:00+00:00, run_after=2026-01-08 15:50:00+00:00
[2026-01-08T15:49:34.620+0000] {processor.py:183} INFO - Processing /opt/airflow/dags/prediction_dag.py took 0.393 seconds
[2026-01-08T15:50:04.781+0000] {processor.py:161} INFO - Started process (PID=31571) to work on /opt/airflow/dags/prediction_dag.py
[2026-01-08T15:50:04.783+0000] {processor.py:830} INFO - Processing file /opt/airflow/dags/prediction_dag.py for tasks to queue
[2026-01-08T15:50:04.784+0000] {logging_mixin.py:188} INFO - [2026-01-08T15:50:04.783+0000] {dagbag.py:540} INFO - Filling up the DagBag from /opt/airflow/dags/prediction_dag.py
[2026-01-08T15:50:04.808+0000] {processor.py:840} INFO - DAG(s) 'prediction_dag' retrieved from /opt/airflow/dags/prediction_dag.py
[2026-01-08T15:50:04.848+0000] {logging_mixin.py:188} INFO - [2026-01-08T15:50:04.848+0000] {dag.py:3047} INFO - Sync 1 DAGs
[2026-01-08T15:50:04.870+0000] {logging_mixin.py:188} INFO - [2026-01-08T15:50:04.870+0000] {dag.py:3834} INFO - Setting next_dagrun for prediction_dag to 2026-01-08 15:50:00+00:00, run_after=2026-01-08 15:52:00+00:00
[2026-01-08T15:50:04.882+0000] {processor.py:183} INFO - Processing /opt/airflow/dags/prediction_dag.py took 0.106 seconds
[2026-01-08T15:50:35.170+0000] {processor.py:161} INFO - Started process (PID=31623) to work on /opt/airflow/dags/prediction_dag.py
[2026-01-08T15:50:35.171+0000] {processor.py:830} INFO - Processing file /opt/airflow/dags/prediction_dag.py for tasks to queue
[2026-01-08T15:50:35.172+0000] {logging_mixin.py:188} INFO - [2026-01-08T15:50:35.172+0000] {dagbag.py:540} INFO - Filling up the DagBag from /opt/airflow/dags/prediction_dag.py
[2026-01-08T15:50:35.187+0000] {processor.py:840} INFO - DAG(s) 'prediction_dag' retrieved from /opt/airflow/dags/prediction_dag.py
[2026-01-08T15:50:35.228+0000] {logging_mixin.py:188} INFO - [2026-01-08T15:50:35.228+0000] {dag.py:3047} INFO - Sync 1 DAGs
[2026-01-08T15:50:35.295+0000] {logging_mixin.py:188} INFO - [2026-01-08T15:50:35.295+0000] {dag.py:3834} INFO - Setting next_dagrun for prediction_dag to 2026-01-08 15:50:00+00:00, run_after=2026-01-08 15:52:00+00:00
[2026-01-08T15:50:35.307+0000] {processor.py:183} INFO - Processing /opt/airflow/dags/prediction_dag.py took 0.141 seconds
[2026-01-08T15:51:05.675+0000] {processor.py:161} INFO - Started process (PID=31657) to work on /opt/airflow/dags/prediction_dag.py
[2026-01-08T15:51:05.677+0000] {processor.py:830} INFO - Processing file /opt/airflow/dags/prediction_dag.py for tasks to queue
[2026-01-08T15:51:05.678+0000] {logging_mixin.py:188} INFO - [2026-01-08T15:51:05.678+0000] {dagbag.py:540} INFO - Filling up the DagBag from /opt/airflow/dags/prediction_dag.py
[2026-01-08T15:51:05.709+0000] {processor.py:840} INFO - DAG(s) 'prediction_dag' retrieved from /opt/airflow/dags/prediction_dag.py
[2026-01-08T15:51:05.736+0000] {logging_mixin.py:188} INFO - [2026-01-08T15:51:05.736+0000] {dag.py:3047} INFO - Sync 1 DAGs
[2026-01-08T15:51:05.932+0000] {logging_mixin.py:188} INFO - [2026-01-08T15:51:05.932+0000] {dag.py:3834} INFO - Setting next_dagrun for prediction_dag to 2026-01-08 15:50:00+00:00, run_after=2026-01-08 15:52:00+00:00
[2026-01-08T15:51:05.941+0000] {processor.py:183} INFO - Processing /opt/airflow/dags/prediction_dag.py took 0.273 seconds
[2026-01-08T15:51:36.139+0000] {processor.py:161} INFO - Started process (PID=31717) to work on /opt/airflow/dags/prediction_dag.py
[2026-01-08T15:51:36.141+0000] {processor.py:830} INFO - Processing file /opt/airflow/dags/prediction_dag.py for tasks to queue
[2026-01-08T15:51:36.144+0000] {logging_mixin.py:188} INFO - [2026-01-08T15:51:36.142+0000] {dagbag.py:540} INFO - Filling up the DagBag from /opt/airflow/dags/prediction_dag.py
[2026-01-08T15:51:36.181+0000] {processor.py:840} INFO - DAG(s) 'prediction_dag' retrieved from /opt/airflow/dags/prediction_dag.py
[2026-01-08T15:51:36.234+0000] {logging_mixin.py:188} INFO - [2026-01-08T15:51:36.233+0000] {dag.py:3047} INFO - Sync 1 DAGs
[2026-01-08T15:51:36.267+0000] {logging_mixin.py:188} INFO - [2026-01-08T15:51:36.267+0000] {dag.py:3834} INFO - Setting next_dagrun for prediction_dag to 2026-01-08 15:50:00+00:00, run_after=2026-01-08 15:52:00+00:00
[2026-01-08T15:51:36.280+0000] {processor.py:183} INFO - Processing /opt/airflow/dags/prediction_dag.py took 0.151 seconds
[2026-01-08T15:52:06.613+0000] {processor.py:161} INFO - Started process (PID=31770) to work on /opt/airflow/dags/prediction_dag.py
[2026-01-08T15:52:06.615+0000] {processor.py:830} INFO - Processing file /opt/airflow/dags/prediction_dag.py for tasks to queue
[2026-01-08T15:52:06.615+0000] {logging_mixin.py:188} INFO - [2026-01-08T15:52:06.615+0000] {dagbag.py:540} INFO - Filling up the DagBag from /opt/airflow/dags/prediction_dag.py
[2026-01-08T15:52:06.638+0000] {processor.py:840} INFO - DAG(s) 'prediction_dag' retrieved from /opt/airflow/dags/prediction_dag.py
[2026-01-08T15:52:06.665+0000] {logging_mixin.py:188} INFO - [2026-01-08T15:52:06.665+0000] {dag.py:3047} INFO - Sync 1 DAGs
[2026-01-08T15:52:06.686+0000] {logging_mixin.py:188} INFO - [2026-01-08T15:52:06.686+0000] {dag.py:3834} INFO - Setting next_dagrun for prediction_dag to 2026-01-08 15:52:00+00:00, run_after=2026-01-08 15:54:00+00:00
[2026-01-08T15:52:06.897+0000] {processor.py:183} INFO - Processing /opt/airflow/dags/prediction_dag.py took 0.289 seconds
[2026-01-08T15:52:37.026+0000] {processor.py:161} INFO - Started process (PID=31821) to work on /opt/airflow/dags/prediction_dag.py
[2026-01-08T15:52:37.033+0000] {processor.py:830} INFO - Processing file /opt/airflow/dags/prediction_dag.py for tasks to queue
[2026-01-08T15:52:37.035+0000] {logging_mixin.py:188} INFO - [2026-01-08T15:52:37.034+0000] {dagbag.py:540} INFO - Filling up the DagBag from /opt/airflow/dags/prediction_dag.py
[2026-01-08T15:52:37.083+0000] {processor.py:840} INFO - DAG(s) 'prediction_dag' retrieved from /opt/airflow/dags/prediction_dag.py
[2026-01-08T15:52:37.131+0000] {logging_mixin.py:188} INFO - [2026-01-08T15:52:37.131+0000] {dag.py:3047} INFO - Sync 1 DAGs
[2026-01-08T15:52:37.430+0000] {logging_mixin.py:188} INFO - [2026-01-08T15:52:37.430+0000] {dag.py:3834} INFO - Setting next_dagrun for prediction_dag to 2026-01-08 15:52:00+00:00, run_after=2026-01-08 15:54:00+00:00
[2026-01-08T15:52:37.446+0000] {processor.py:183} INFO - Processing /opt/airflow/dags/prediction_dag.py took 0.433 seconds
[2026-01-08T15:53:07.524+0000] {processor.py:161} INFO - Started process (PID=31874) to work on /opt/airflow/dags/prediction_dag.py
[2026-01-08T15:53:07.526+0000] {processor.py:830} INFO - Processing file /opt/airflow/dags/prediction_dag.py for tasks to queue
[2026-01-08T15:53:07.527+0000] {logging_mixin.py:188} INFO - [2026-01-08T15:53:07.526+0000] {dagbag.py:540} INFO - Filling up the DagBag from /opt/airflow/dags/prediction_dag.py
[2026-01-08T15:53:07.557+0000] {processor.py:840} INFO - DAG(s) 'prediction_dag' retrieved from /opt/airflow/dags/prediction_dag.py
[2026-01-08T15:53:07.611+0000] {logging_mixin.py:188} INFO - [2026-01-08T15:53:07.611+0000] {dag.py:3047} INFO - Sync 1 DAGs
[2026-01-08T15:53:07.660+0000] {logging_mixin.py:188} INFO - [2026-01-08T15:53:07.660+0000] {dag.py:3834} INFO - Setting next_dagrun for prediction_dag to 2026-01-08 15:52:00+00:00, run_after=2026-01-08 15:54:00+00:00
[2026-01-08T15:53:07.683+0000] {processor.py:183} INFO - Processing /opt/airflow/dags/prediction_dag.py took 0.168 seconds
[2026-01-08T15:53:38.121+0000] {processor.py:161} INFO - Started process (PID=31919) to work on /opt/airflow/dags/prediction_dag.py
[2026-01-08T15:53:38.124+0000] {processor.py:830} INFO - Processing file /opt/airflow/dags/prediction_dag.py for tasks to queue
[2026-01-08T15:53:38.125+0000] {logging_mixin.py:188} INFO - [2026-01-08T15:53:38.125+0000] {dagbag.py:540} INFO - Filling up the DagBag from /opt/airflow/dags/prediction_dag.py
[2026-01-08T15:53:38.160+0000] {processor.py:840} INFO - DAG(s) 'prediction_dag' retrieved from /opt/airflow/dags/prediction_dag.py
[2026-01-08T15:53:38.213+0000] {logging_mixin.py:188} INFO - [2026-01-08T15:53:38.213+0000] {dag.py:3047} INFO - Sync 1 DAGs
[2026-01-08T15:53:38.499+0000] {logging_mixin.py:188} INFO - [2026-01-08T15:53:38.499+0000] {dag.py:3834} INFO - Setting next_dagrun for prediction_dag to 2026-01-08 15:52:00+00:00, run_after=2026-01-08 15:54:00+00:00
[2026-01-08T15:53:38.509+0000] {processor.py:183} INFO - Processing /opt/airflow/dags/prediction_dag.py took 0.406 seconds
[2026-01-08T15:54:08.570+0000] {processor.py:161} INFO - Started process (PID=31975) to work on /opt/airflow/dags/prediction_dag.py
[2026-01-08T15:54:08.576+0000] {processor.py:830} INFO - Processing file /opt/airflow/dags/prediction_dag.py for tasks to queue
[2026-01-08T15:54:08.578+0000] {logging_mixin.py:188} INFO - [2026-01-08T15:54:08.577+0000] {dagbag.py:540} INFO - Filling up the DagBag from /opt/airflow/dags/prediction_dag.py
[2026-01-08T15:54:08.607+0000] {processor.py:840} INFO - DAG(s) 'prediction_dag' retrieved from /opt/airflow/dags/prediction_dag.py
[2026-01-08T15:54:08.836+0000] {logging_mixin.py:188} INFO - [2026-01-08T15:54:08.836+0000] {dag.py:3047} INFO - Sync 1 DAGs
[2026-01-08T15:54:08.855+0000] {logging_mixin.py:188} INFO - [2026-01-08T15:54:08.855+0000] {dag.py:3834} INFO - Setting next_dagrun for prediction_dag to 2026-01-08 15:54:00+00:00, run_after=2026-01-08 15:56:00+00:00
[2026-01-08T15:54:08.864+0000] {processor.py:183} INFO - Processing /opt/airflow/dags/prediction_dag.py took 0.301 seconds
[2026-01-08T15:54:39.009+0000] {processor.py:161} INFO - Started process (PID=32023) to work on /opt/airflow/dags/prediction_dag.py
[2026-01-08T15:54:39.011+0000] {processor.py:830} INFO - Processing file /opt/airflow/dags/prediction_dag.py for tasks to queue
[2026-01-08T15:54:39.013+0000] {logging_mixin.py:188} INFO - [2026-01-08T15:54:39.012+0000] {dagbag.py:540} INFO - Filling up the DagBag from /opt/airflow/dags/prediction_dag.py
[2026-01-08T15:54:39.045+0000] {processor.py:840} INFO - DAG(s) 'prediction_dag' retrieved from /opt/airflow/dags/prediction_dag.py
[2026-01-08T15:54:39.090+0000] {logging_mixin.py:188} INFO - [2026-01-08T15:54:39.090+0000] {dag.py:3047} INFO - Sync 1 DAGs
[2026-01-08T15:54:39.121+0000] {logging_mixin.py:188} INFO - [2026-01-08T15:54:39.121+0000] {dag.py:3834} INFO - Setting next_dagrun for prediction_dag to 2026-01-08 15:54:00+00:00, run_after=2026-01-08 15:56:00+00:00
[2026-01-08T15:54:39.136+0000] {processor.py:183} INFO - Processing /opt/airflow/dags/prediction_dag.py took 0.133 seconds
[2026-01-08T15:55:09.483+0000] {processor.py:161} INFO - Started process (PID=32100) to work on /opt/airflow/dags/prediction_dag.py
[2026-01-08T15:55:09.487+0000] {processor.py:830} INFO - Processing file /opt/airflow/dags/prediction_dag.py for tasks to queue
[2026-01-08T15:55:09.491+0000] {logging_mixin.py:188} INFO - [2026-01-08T15:55:09.490+0000] {dagbag.py:540} INFO - Filling up the DagBag from /opt/airflow/dags/prediction_dag.py
[2026-01-08T15:55:09.540+0000] {processor.py:840} INFO - DAG(s) 'prediction_dag' retrieved from /opt/airflow/dags/prediction_dag.py
[2026-01-08T15:55:09.616+0000] {logging_mixin.py:188} INFO - [2026-01-08T15:55:09.616+0000] {dag.py:3047} INFO - Sync 1 DAGs
[2026-01-08T15:55:09.672+0000] {logging_mixin.py:188} INFO - [2026-01-08T15:55:09.672+0000] {dag.py:3834} INFO - Setting next_dagrun for prediction_dag to 2026-01-08 15:54:00+00:00, run_after=2026-01-08 15:56:00+00:00
[2026-01-08T15:55:09.694+0000] {processor.py:183} INFO - Processing /opt/airflow/dags/prediction_dag.py took 0.219 seconds
[2026-01-08T15:55:40.088+0000] {processor.py:161} INFO - Started process (PID=32121) to work on /opt/airflow/dags/prediction_dag.py
[2026-01-08T15:55:40.091+0000] {processor.py:830} INFO - Processing file /opt/airflow/dags/prediction_dag.py for tasks to queue
[2026-01-08T15:55:40.092+0000] {logging_mixin.py:188} INFO - [2026-01-08T15:55:40.092+0000] {dagbag.py:540} INFO - Filling up the DagBag from /opt/airflow/dags/prediction_dag.py
[2026-01-08T15:55:40.126+0000] {processor.py:840} INFO - DAG(s) 'prediction_dag' retrieved from /opt/airflow/dags/prediction_dag.py
[2026-01-08T15:55:40.177+0000] {logging_mixin.py:188} INFO - [2026-01-08T15:55:40.177+0000] {dag.py:3047} INFO - Sync 1 DAGs
[2026-01-08T15:55:40.205+0000] {logging_mixin.py:188} INFO - [2026-01-08T15:55:40.204+0000] {dag.py:3834} INFO - Setting next_dagrun for prediction_dag to 2026-01-08 15:54:00+00:00, run_after=2026-01-08 15:56:00+00:00
[2026-01-08T15:55:40.222+0000] {processor.py:183} INFO - Processing /opt/airflow/dags/prediction_dag.py took 0.144 seconds
[2026-01-08T15:56:10.667+0000] {processor.py:161} INFO - Started process (PID=32207) to work on /opt/airflow/dags/prediction_dag.py
[2026-01-08T15:56:10.669+0000] {processor.py:830} INFO - Processing file /opt/airflow/dags/prediction_dag.py for tasks to queue
[2026-01-08T15:56:10.670+0000] {logging_mixin.py:188} INFO - [2026-01-08T15:56:10.669+0000] {dagbag.py:540} INFO - Filling up the DagBag from /opt/airflow/dags/prediction_dag.py
[2026-01-08T15:56:10.694+0000] {processor.py:840} INFO - DAG(s) 'prediction_dag' retrieved from /opt/airflow/dags/prediction_dag.py
[2026-01-08T15:56:10.724+0000] {logging_mixin.py:188} INFO - [2026-01-08T15:56:10.724+0000] {dag.py:3047} INFO - Sync 1 DAGs
[2026-01-08T15:56:10.747+0000] {logging_mixin.py:188} INFO - [2026-01-08T15:56:10.747+0000] {dag.py:3834} INFO - Setting next_dagrun for prediction_dag to 2026-01-08 15:56:00+00:00, run_after=2026-01-08 15:58:00+00:00
[2026-01-08T15:56:10.758+0000] {processor.py:183} INFO - Processing /opt/airflow/dags/prediction_dag.py took 0.098 seconds
[2026-01-08T15:56:41.244+0000] {processor.py:161} INFO - Started process (PID=32225) to work on /opt/airflow/dags/prediction_dag.py
[2026-01-08T15:56:41.247+0000] {processor.py:830} INFO - Processing file /opt/airflow/dags/prediction_dag.py for tasks to queue
[2026-01-08T15:56:41.249+0000] {logging_mixin.py:188} INFO - [2026-01-08T15:56:41.248+0000] {dagbag.py:540} INFO - Filling up the DagBag from /opt/airflow/dags/prediction_dag.py
[2026-01-08T15:56:41.279+0000] {processor.py:840} INFO - DAG(s) 'prediction_dag' retrieved from /opt/airflow/dags/prediction_dag.py
[2026-01-08T15:56:41.328+0000] {logging_mixin.py:188} INFO - [2026-01-08T15:56:41.327+0000] {dag.py:3047} INFO - Sync 1 DAGs
[2026-01-08T15:56:41.356+0000] {logging_mixin.py:188} INFO - [2026-01-08T15:56:41.356+0000] {dag.py:3834} INFO - Setting next_dagrun for prediction_dag to 2026-01-08 15:56:00+00:00, run_after=2026-01-08 15:58:00+00:00
[2026-01-08T15:56:41.375+0000] {processor.py:183} INFO - Processing /opt/airflow/dags/prediction_dag.py took 0.149 seconds
[2026-01-08T15:57:11.924+0000] {processor.py:161} INFO - Started process (PID=32278) to work on /opt/airflow/dags/prediction_dag.py
[2026-01-08T15:57:11.927+0000] {processor.py:830} INFO - Processing file /opt/airflow/dags/prediction_dag.py for tasks to queue
[2026-01-08T15:57:11.928+0000] {logging_mixin.py:188} INFO - [2026-01-08T15:57:11.928+0000] {dagbag.py:540} INFO - Filling up the DagBag from /opt/airflow/dags/prediction_dag.py
[2026-01-08T15:57:11.952+0000] {processor.py:840} INFO - DAG(s) 'prediction_dag' retrieved from /opt/airflow/dags/prediction_dag.py
[2026-01-08T15:57:12.010+0000] {logging_mixin.py:188} INFO - [2026-01-08T15:57:12.009+0000] {dag.py:3047} INFO - Sync 1 DAGs
[2026-01-08T15:57:12.063+0000] {logging_mixin.py:188} INFO - [2026-01-08T15:57:12.063+0000] {dag.py:3834} INFO - Setting next_dagrun for prediction_dag to 2026-01-08 15:56:00+00:00, run_after=2026-01-08 15:58:00+00:00
[2026-01-08T15:57:12.102+0000] {processor.py:183} INFO - Processing /opt/airflow/dags/prediction_dag.py took 0.187 seconds
[2026-01-08T15:59:48.041+0000] {processor.py:161} INFO - Started process (PID=32313) to work on /opt/airflow/dags/prediction_dag.py
[2026-01-08T15:59:48.043+0000] {processor.py:830} INFO - Processing file /opt/airflow/dags/prediction_dag.py for tasks to queue
[2026-01-08T15:59:48.045+0000] {logging_mixin.py:188} INFO - [2026-01-08T15:59:48.045+0000] {dagbag.py:540} INFO - Filling up the DagBag from /opt/airflow/dags/prediction_dag.py
[2026-01-08T15:59:48.078+0000] {processor.py:840} INFO - DAG(s) 'prediction_dag' retrieved from /opt/airflow/dags/prediction_dag.py
[2026-01-08T15:59:48.141+0000] {logging_mixin.py:188} INFO - [2026-01-08T15:59:48.140+0000] {dag.py:3047} INFO - Sync 1 DAGs
[2026-01-08T15:59:48.196+0000] {logging_mixin.py:188} INFO - [2026-01-08T15:59:48.196+0000] {dag.py:3834} INFO - Setting next_dagrun for prediction_dag to 2026-01-08 15:56:00+00:00, run_after=2026-01-08 15:58:00+00:00
[2026-01-08T15:59:48.233+0000] {processor.py:183} INFO - Processing /opt/airflow/dags/prediction_dag.py took 0.202 seconds
[2026-01-08T16:00:19.060+0000] {processor.py:161} INFO - Started process (PID=32482) to work on /opt/airflow/dags/prediction_dag.py
[2026-01-08T16:00:19.062+0000] {processor.py:830} INFO - Processing file /opt/airflow/dags/prediction_dag.py for tasks to queue
[2026-01-08T16:00:19.064+0000] {logging_mixin.py:188} INFO - [2026-01-08T16:00:19.064+0000] {dagbag.py:540} INFO - Filling up the DagBag from /opt/airflow/dags/prediction_dag.py
[2026-01-08T16:00:19.105+0000] {processor.py:840} INFO - DAG(s) 'prediction_dag' retrieved from /opt/airflow/dags/prediction_dag.py
[2026-01-08T16:00:19.153+0000] {logging_mixin.py:188} INFO - [2026-01-08T16:00:19.152+0000] {dag.py:3047} INFO - Sync 1 DAGs
[2026-01-08T16:00:19.192+0000] {logging_mixin.py:188} INFO - [2026-01-08T16:00:19.192+0000] {dag.py:3834} INFO - Setting next_dagrun for prediction_dag to 2026-01-08 16:00:00+00:00, run_after=2026-01-08 16:02:00+00:00
[2026-01-08T16:00:19.210+0000] {processor.py:183} INFO - Processing /opt/airflow/dags/prediction_dag.py took 0.161 seconds
[2026-01-08T16:07:45.293+0000] {processor.py:161} INFO - Started process (PID=32546) to work on /opt/airflow/dags/prediction_dag.py
[2026-01-08T16:07:45.310+0000] {processor.py:830} INFO - Processing file /opt/airflow/dags/prediction_dag.py for tasks to queue
[2026-01-08T16:07:45.321+0000] {logging_mixin.py:188} INFO - [2026-01-08T16:07:45.320+0000] {dagbag.py:540} INFO - Filling up the DagBag from /opt/airflow/dags/prediction_dag.py
[2026-01-08T16:07:45.444+0000] {processor.py:840} INFO - DAG(s) 'prediction_dag' retrieved from /opt/airflow/dags/prediction_dag.py
[2026-01-08T16:07:45.649+0000] {logging_mixin.py:188} INFO - [2026-01-08T16:07:45.646+0000] {dag.py:3047} INFO - Sync 1 DAGs
[2026-01-08T16:07:45.788+0000] {logging_mixin.py:188} INFO - [2026-01-08T16:07:45.786+0000] {dag.py:3834} INFO - Setting next_dagrun for prediction_dag to 2026-01-08 16:06:00+00:00, run_after=2026-01-08 16:08:00+00:00
[2026-01-08T16:07:45.930+0000] {processor.py:183} INFO - Processing /opt/airflow/dags/prediction_dag.py took 0.663 seconds
[2026-01-08T16:08:16.600+0000] {processor.py:161} INFO - Started process (PID=32628) to work on /opt/airflow/dags/prediction_dag.py
[2026-01-08T16:08:16.603+0000] {processor.py:830} INFO - Processing file /opt/airflow/dags/prediction_dag.py for tasks to queue
[2026-01-08T16:08:16.610+0000] {logging_mixin.py:188} INFO - [2026-01-08T16:08:16.607+0000] {dagbag.py:540} INFO - Filling up the DagBag from /opt/airflow/dags/prediction_dag.py
[2026-01-08T16:08:16.686+0000] {processor.py:840} INFO - DAG(s) 'prediction_dag' retrieved from /opt/airflow/dags/prediction_dag.py
[2026-01-08T16:08:16.840+0000] {logging_mixin.py:188} INFO - [2026-01-08T16:08:16.839+0000] {dag.py:3047} INFO - Sync 1 DAGs
[2026-01-08T16:08:17.092+0000] {logging_mixin.py:188} INFO - [2026-01-08T16:08:17.090+0000] {dag.py:3834} INFO - Setting next_dagrun for prediction_dag to 2026-01-08 16:08:00+00:00, run_after=2026-01-08 16:10:00+00:00
[2026-01-08T16:08:17.187+0000] {processor.py:183} INFO - Processing /opt/airflow/dags/prediction_dag.py took 0.602 seconds
[2026-01-08T16:08:48.106+0000] {processor.py:161} INFO - Started process (PID=32753) to work on /opt/airflow/dags/prediction_dag.py
[2026-01-08T16:08:48.115+0000] {processor.py:830} INFO - Processing file /opt/airflow/dags/prediction_dag.py for tasks to queue
[2026-01-08T16:08:48.120+0000] {logging_mixin.py:188} INFO - [2026-01-08T16:08:48.117+0000] {dagbag.py:540} INFO - Filling up the DagBag from /opt/airflow/dags/prediction_dag.py
[2026-01-08T16:08:48.242+0000] {processor.py:840} INFO - DAG(s) 'prediction_dag' retrieved from /opt/airflow/dags/prediction_dag.py
[2026-01-08T16:08:48.535+0000] {logging_mixin.py:188} INFO - [2026-01-08T16:08:48.533+0000] {dag.py:3047} INFO - Sync 1 DAGs
[2026-01-08T16:08:48.840+0000] {logging_mixin.py:188} INFO - [2026-01-08T16:08:48.827+0000] {dag.py:3834} INFO - Setting next_dagrun for prediction_dag to 2026-01-08 16:08:00+00:00, run_after=2026-01-08 16:10:00+00:00
[2026-01-08T16:08:49.398+0000] {processor.py:183} INFO - Processing /opt/airflow/dags/prediction_dag.py took 1.328 seconds
[2026-01-08T16:09:20.466+0000] {processor.py:161} INFO - Started process (PID=32849) to work on /opt/airflow/dags/prediction_dag.py
[2026-01-08T16:09:20.468+0000] {processor.py:830} INFO - Processing file /opt/airflow/dags/prediction_dag.py for tasks to queue
[2026-01-08T16:09:20.470+0000] {logging_mixin.py:188} INFO - [2026-01-08T16:09:20.469+0000] {dagbag.py:540} INFO - Filling up the DagBag from /opt/airflow/dags/prediction_dag.py
[2026-01-08T16:09:20.524+0000] {processor.py:840} INFO - DAG(s) 'prediction_dag' retrieved from /opt/airflow/dags/prediction_dag.py
[2026-01-08T16:09:20.622+0000] {logging_mixin.py:188} INFO - [2026-01-08T16:09:20.621+0000] {dag.py:3047} INFO - Sync 1 DAGs
[2026-01-08T16:09:20.668+0000] {logging_mixin.py:188} INFO - [2026-01-08T16:09:20.668+0000] {dag.py:3834} INFO - Setting next_dagrun for prediction_dag to 2026-01-08 16:08:00+00:00, run_after=2026-01-08 16:10:00+00:00
[2026-01-08T16:09:20.689+0000] {processor.py:183} INFO - Processing /opt/airflow/dags/prediction_dag.py took 0.233 seconds
[2026-01-08T16:09:51.325+0000] {processor.py:161} INFO - Started process (PID=32867) to work on /opt/airflow/dags/prediction_dag.py
[2026-01-08T16:09:51.330+0000] {processor.py:830} INFO - Processing file /opt/airflow/dags/prediction_dag.py for tasks to queue
[2026-01-08T16:09:51.332+0000] {logging_mixin.py:188} INFO - [2026-01-08T16:09:51.331+0000] {dagbag.py:540} INFO - Filling up the DagBag from /opt/airflow/dags/prediction_dag.py
[2026-01-08T16:09:51.374+0000] {processor.py:840} INFO - DAG(s) 'prediction_dag' retrieved from /opt/airflow/dags/prediction_dag.py
[2026-01-08T16:09:51.446+0000] {logging_mixin.py:188} INFO - [2026-01-08T16:09:51.445+0000] {dag.py:3047} INFO - Sync 1 DAGs
[2026-01-08T16:09:51.511+0000] {logging_mixin.py:188} INFO - [2026-01-08T16:09:51.511+0000] {dag.py:3834} INFO - Setting next_dagrun for prediction_dag to 2026-01-08 16:08:00+00:00, run_after=2026-01-08 16:10:00+00:00
[2026-01-08T16:09:51.535+0000] {processor.py:183} INFO - Processing /opt/airflow/dags/prediction_dag.py took 0.221 seconds
[2026-01-08T16:10:22.571+0000] {processor.py:161} INFO - Started process (PID=32953) to work on /opt/airflow/dags/prediction_dag.py
[2026-01-08T16:10:22.573+0000] {processor.py:830} INFO - Processing file /opt/airflow/dags/prediction_dag.py for tasks to queue
[2026-01-08T16:10:22.576+0000] {logging_mixin.py:188} INFO - [2026-01-08T16:10:22.575+0000] {dagbag.py:540} INFO - Filling up the DagBag from /opt/airflow/dags/prediction_dag.py
[2026-01-08T16:10:22.621+0000] {processor.py:840} INFO - DAG(s) 'prediction_dag' retrieved from /opt/airflow/dags/prediction_dag.py
[2026-01-08T16:10:22.691+0000] {logging_mixin.py:188} INFO - [2026-01-08T16:10:22.691+0000] {dag.py:3047} INFO - Sync 1 DAGs
[2026-01-08T16:10:22.731+0000] {logging_mixin.py:188} INFO - [2026-01-08T16:10:22.731+0000] {dag.py:3834} INFO - Setting next_dagrun for prediction_dag to 2026-01-08 16:10:00+00:00, run_after=2026-01-08 16:12:00+00:00
[2026-01-08T16:10:22.757+0000] {processor.py:183} INFO - Processing /opt/airflow/dags/prediction_dag.py took 0.198 seconds
[2026-01-08T16:10:53.290+0000] {processor.py:161} INFO - Started process (PID=32971) to work on /opt/airflow/dags/prediction_dag.py
[2026-01-08T16:10:53.292+0000] {processor.py:830} INFO - Processing file /opt/airflow/dags/prediction_dag.py for tasks to queue
[2026-01-08T16:10:53.293+0000] {logging_mixin.py:188} INFO - [2026-01-08T16:10:53.292+0000] {dagbag.py:540} INFO - Filling up the DagBag from /opt/airflow/dags/prediction_dag.py
[2026-01-08T16:10:53.330+0000] {processor.py:840} INFO - DAG(s) 'prediction_dag' retrieved from /opt/airflow/dags/prediction_dag.py
[2026-01-08T16:10:53.390+0000] {logging_mixin.py:188} INFO - [2026-01-08T16:10:53.390+0000] {dag.py:3047} INFO - Sync 1 DAGs
[2026-01-08T16:10:53.432+0000] {logging_mixin.py:188} INFO - [2026-01-08T16:10:53.432+0000] {dag.py:3834} INFO - Setting next_dagrun for prediction_dag to 2026-01-08 16:10:00+00:00, run_after=2026-01-08 16:12:00+00:00
[2026-01-08T16:10:53.457+0000] {processor.py:183} INFO - Processing /opt/airflow/dags/prediction_dag.py took 0.179 seconds
[2026-01-08T16:11:23.894+0000] {processor.py:161} INFO - Started process (PID=33051) to work on /opt/airflow/dags/prediction_dag.py
[2026-01-08T16:11:23.896+0000] {processor.py:830} INFO - Processing file /opt/airflow/dags/prediction_dag.py for tasks to queue
[2026-01-08T16:11:23.901+0000] {logging_mixin.py:188} INFO - [2026-01-08T16:11:23.898+0000] {dagbag.py:540} INFO - Filling up the DagBag from /opt/airflow/dags/prediction_dag.py
[2026-01-08T16:11:23.944+0000] {processor.py:840} INFO - DAG(s) 'prediction_dag' retrieved from /opt/airflow/dags/prediction_dag.py
[2026-01-08T16:11:24.038+0000] {logging_mixin.py:188} INFO - [2026-01-08T16:11:24.037+0000] {dag.py:3047} INFO - Sync 1 DAGs
[2026-01-08T16:11:24.090+0000] {logging_mixin.py:188} INFO - [2026-01-08T16:11:24.090+0000] {dag.py:3834} INFO - Setting next_dagrun for prediction_dag to 2026-01-08 16:10:00+00:00, run_after=2026-01-08 16:12:00+00:00
[2026-01-08T16:11:24.112+0000] {processor.py:183} INFO - Processing /opt/airflow/dags/prediction_dag.py took 0.230 seconds
[2026-01-08T16:11:54.518+0000] {processor.py:161} INFO - Started process (PID=33069) to work on /opt/airflow/dags/prediction_dag.py
[2026-01-08T16:11:54.520+0000] {processor.py:830} INFO - Processing file /opt/airflow/dags/prediction_dag.py for tasks to queue
[2026-01-08T16:11:54.521+0000] {logging_mixin.py:188} INFO - [2026-01-08T16:11:54.521+0000] {dagbag.py:540} INFO - Filling up the DagBag from /opt/airflow/dags/prediction_dag.py
[2026-01-08T16:11:54.554+0000] {processor.py:840} INFO - DAG(s) 'prediction_dag' retrieved from /opt/airflow/dags/prediction_dag.py
[2026-01-08T16:11:54.614+0000] {logging_mixin.py:188} INFO - [2026-01-08T16:11:54.614+0000] {dag.py:3047} INFO - Sync 1 DAGs
[2026-01-08T16:11:54.650+0000] {logging_mixin.py:188} INFO - [2026-01-08T16:11:54.650+0000] {dag.py:3834} INFO - Setting next_dagrun for prediction_dag to 2026-01-08 16:10:00+00:00, run_after=2026-01-08 16:12:00+00:00
[2026-01-08T16:11:54.671+0000] {processor.py:183} INFO - Processing /opt/airflow/dags/prediction_dag.py took 0.161 seconds
[2026-01-08T16:12:24.969+0000] {processor.py:161} INFO - Started process (PID=33155) to work on /opt/airflow/dags/prediction_dag.py
[2026-01-08T16:12:24.971+0000] {processor.py:830} INFO - Processing file /opt/airflow/dags/prediction_dag.py for tasks to queue
[2026-01-08T16:12:24.972+0000] {logging_mixin.py:188} INFO - [2026-01-08T16:12:24.972+0000] {dagbag.py:540} INFO - Filling up the DagBag from /opt/airflow/dags/prediction_dag.py
[2026-01-08T16:12:24.999+0000] {processor.py:840} INFO - DAG(s) 'prediction_dag' retrieved from /opt/airflow/dags/prediction_dag.py
[2026-01-08T16:12:25.052+0000] {logging_mixin.py:188} INFO - [2026-01-08T16:12:25.052+0000] {dag.py:3047} INFO - Sync 1 DAGs
[2026-01-08T16:12:25.090+0000] {logging_mixin.py:188} INFO - [2026-01-08T16:12:25.090+0000] {dag.py:3834} INFO - Setting next_dagrun for prediction_dag to 2026-01-08 16:12:00+00:00, run_after=2026-01-08 16:14:00+00:00
[2026-01-08T16:12:25.104+0000] {processor.py:183} INFO - Processing /opt/airflow/dags/prediction_dag.py took 0.142 seconds
[2026-01-08T16:12:55.830+0000] {processor.py:161} INFO - Started process (PID=33173) to work on /opt/airflow/dags/prediction_dag.py
[2026-01-08T16:12:55.833+0000] {processor.py:830} INFO - Processing file /opt/airflow/dags/prediction_dag.py for tasks to queue
[2026-01-08T16:12:55.834+0000] {logging_mixin.py:188} INFO - [2026-01-08T16:12:55.833+0000] {dagbag.py:540} INFO - Filling up the DagBag from /opt/airflow/dags/prediction_dag.py
[2026-01-08T16:12:55.880+0000] {processor.py:840} INFO - DAG(s) 'prediction_dag' retrieved from /opt/airflow/dags/prediction_dag.py
[2026-01-08T16:12:55.942+0000] {logging_mixin.py:188} INFO - [2026-01-08T16:12:55.942+0000] {dag.py:3047} INFO - Sync 1 DAGs
[2026-01-08T16:12:55.984+0000] {logging_mixin.py:188} INFO - [2026-01-08T16:12:55.983+0000] {dag.py:3834} INFO - Setting next_dagrun for prediction_dag to 2026-01-08 16:12:00+00:00, run_after=2026-01-08 16:14:00+00:00
[2026-01-08T16:12:55.999+0000] {processor.py:183} INFO - Processing /opt/airflow/dags/prediction_dag.py took 0.182 seconds
[2026-01-08T16:13:26.191+0000] {processor.py:161} INFO - Started process (PID=33253) to work on /opt/airflow/dags/prediction_dag.py
[2026-01-08T16:13:26.193+0000] {processor.py:830} INFO - Processing file /opt/airflow/dags/prediction_dag.py for tasks to queue
[2026-01-08T16:13:26.195+0000] {logging_mixin.py:188} INFO - [2026-01-08T16:13:26.194+0000] {dagbag.py:540} INFO - Filling up the DagBag from /opt/airflow/dags/prediction_dag.py
[2026-01-08T16:13:26.240+0000] {processor.py:840} INFO - DAG(s) 'prediction_dag' retrieved from /opt/airflow/dags/prediction_dag.py
[2026-01-08T16:13:26.285+0000] {logging_mixin.py:188} INFO - [2026-01-08T16:13:26.285+0000] {dag.py:3047} INFO - Sync 1 DAGs
[2026-01-08T16:13:26.319+0000] {logging_mixin.py:188} INFO - [2026-01-08T16:13:26.319+0000] {dag.py:3834} INFO - Setting next_dagrun for prediction_dag to 2026-01-08 16:12:00+00:00, run_after=2026-01-08 16:14:00+00:00
[2026-01-08T16:13:26.334+0000] {processor.py:183} INFO - Processing /opt/airflow/dags/prediction_dag.py took 0.153 seconds
[2026-01-08T16:13:56.841+0000] {processor.py:161} INFO - Started process (PID=33271) to work on /opt/airflow/dags/prediction_dag.py
[2026-01-08T16:13:56.843+0000] {processor.py:830} INFO - Processing file /opt/airflow/dags/prediction_dag.py for tasks to queue
[2026-01-08T16:13:56.848+0000] {logging_mixin.py:188} INFO - [2026-01-08T16:13:56.845+0000] {dagbag.py:540} INFO - Filling up the DagBag from /opt/airflow/dags/prediction_dag.py
[2026-01-08T16:13:56.897+0000] {processor.py:840} INFO - DAG(s) 'prediction_dag' retrieved from /opt/airflow/dags/prediction_dag.py
[2026-01-08T16:13:56.946+0000] {logging_mixin.py:188} INFO - [2026-01-08T16:13:56.945+0000] {dag.py:3047} INFO - Sync 1 DAGs
[2026-01-08T16:13:56.981+0000] {logging_mixin.py:188} INFO - [2026-01-08T16:13:56.981+0000] {dag.py:3834} INFO - Setting next_dagrun for prediction_dag to 2026-01-08 16:12:00+00:00, run_after=2026-01-08 16:14:00+00:00
[2026-01-08T16:13:56.993+0000] {processor.py:183} INFO - Processing /opt/airflow/dags/prediction_dag.py took 0.160 seconds
[2026-01-08T16:14:27.587+0000] {processor.py:161} INFO - Started process (PID=33357) to work on /opt/airflow/dags/prediction_dag.py
[2026-01-08T16:14:27.589+0000] {processor.py:830} INFO - Processing file /opt/airflow/dags/prediction_dag.py for tasks to queue
[2026-01-08T16:14:27.591+0000] {logging_mixin.py:188} INFO - [2026-01-08T16:14:27.590+0000] {dagbag.py:540} INFO - Filling up the DagBag from /opt/airflow/dags/prediction_dag.py
[2026-01-08T16:14:27.628+0000] {processor.py:840} INFO - DAG(s) 'prediction_dag' retrieved from /opt/airflow/dags/prediction_dag.py
[2026-01-08T16:14:27.670+0000] {logging_mixin.py:188} INFO - [2026-01-08T16:14:27.670+0000] {dag.py:3047} INFO - Sync 1 DAGs
[2026-01-08T16:14:27.695+0000] {logging_mixin.py:188} INFO - [2026-01-08T16:14:27.695+0000] {dag.py:3834} INFO - Setting next_dagrun for prediction_dag to 2026-01-08 16:14:00+00:00, run_after=2026-01-08 16:16:00+00:00
[2026-01-08T16:14:27.713+0000] {processor.py:183} INFO - Processing /opt/airflow/dags/prediction_dag.py took 0.139 seconds
[2026-01-08T16:14:58.113+0000] {processor.py:161} INFO - Started process (PID=33375) to work on /opt/airflow/dags/prediction_dag.py
[2026-01-08T16:14:58.114+0000] {processor.py:830} INFO - Processing file /opt/airflow/dags/prediction_dag.py for tasks to queue
[2026-01-08T16:14:58.118+0000] {logging_mixin.py:188} INFO - [2026-01-08T16:14:58.115+0000] {dagbag.py:540} INFO - Filling up the DagBag from /opt/airflow/dags/prediction_dag.py
[2026-01-08T16:14:58.157+0000] {processor.py:840} INFO - DAG(s) 'prediction_dag' retrieved from /opt/airflow/dags/prediction_dag.py
[2026-01-08T16:14:58.201+0000] {logging_mixin.py:188} INFO - [2026-01-08T16:14:58.201+0000] {dag.py:3047} INFO - Sync 1 DAGs
[2026-01-08T16:14:58.235+0000] {logging_mixin.py:188} INFO - [2026-01-08T16:14:58.235+0000] {dag.py:3834} INFO - Setting next_dagrun for prediction_dag to 2026-01-08 16:14:00+00:00, run_after=2026-01-08 16:16:00+00:00
[2026-01-08T16:14:58.254+0000] {processor.py:183} INFO - Processing /opt/airflow/dags/prediction_dag.py took 0.160 seconds
[2026-01-08T16:15:28.791+0000] {processor.py:161} INFO - Started process (PID=33455) to work on /opt/airflow/dags/prediction_dag.py
[2026-01-08T16:15:28.792+0000] {processor.py:830} INFO - Processing file /opt/airflow/dags/prediction_dag.py for tasks to queue
[2026-01-08T16:15:28.793+0000] {logging_mixin.py:188} INFO - [2026-01-08T16:15:28.793+0000] {dagbag.py:540} INFO - Filling up the DagBag from /opt/airflow/dags/prediction_dag.py
[2026-01-08T16:15:28.820+0000] {processor.py:840} INFO - DAG(s) 'prediction_dag' retrieved from /opt/airflow/dags/prediction_dag.py
[2026-01-08T16:15:28.855+0000] {logging_mixin.py:188} INFO - [2026-01-08T16:15:28.854+0000] {dag.py:3047} INFO - Sync 1 DAGs
[2026-01-08T16:15:28.880+0000] {logging_mixin.py:188} INFO - [2026-01-08T16:15:28.879+0000] {dag.py:3834} INFO - Setting next_dagrun for prediction_dag to 2026-01-08 16:14:00+00:00, run_after=2026-01-08 16:16:00+00:00
[2026-01-08T16:15:28.900+0000] {processor.py:183} INFO - Processing /opt/airflow/dags/prediction_dag.py took 0.117 seconds
[2026-01-08T16:15:59.235+0000] {processor.py:161} INFO - Started process (PID=33463) to work on /opt/airflow/dags/prediction_dag.py
[2026-01-08T16:15:59.238+0000] {processor.py:830} INFO - Processing file /opt/airflow/dags/prediction_dag.py for tasks to queue
[2026-01-08T16:15:59.240+0000] {logging_mixin.py:188} INFO - [2026-01-08T16:15:59.239+0000] {dagbag.py:540} INFO - Filling up the DagBag from /opt/airflow/dags/prediction_dag.py
[2026-01-08T16:15:59.298+0000] {processor.py:840} INFO - DAG(s) 'prediction_dag' retrieved from /opt/airflow/dags/prediction_dag.py
[2026-01-08T16:15:59.369+0000] {logging_mixin.py:188} INFO - [2026-01-08T16:15:59.369+0000] {dag.py:3047} INFO - Sync 1 DAGs
[2026-01-08T16:15:59.414+0000] {logging_mixin.py:188} INFO - [2026-01-08T16:15:59.414+0000] {dag.py:3834} INFO - Setting next_dagrun for prediction_dag to 2026-01-08 16:14:00+00:00, run_after=2026-01-08 16:16:00+00:00
[2026-01-08T16:15:59.434+0000] {processor.py:183} INFO - Processing /opt/airflow/dags/prediction_dag.py took 0.211 seconds
[2026-01-08T16:16:30.515+0000] {processor.py:161} INFO - Started process (PID=33546) to work on /opt/airflow/dags/prediction_dag.py
[2026-01-08T16:16:30.518+0000] {processor.py:830} INFO - Processing file /opt/airflow/dags/prediction_dag.py for tasks to queue
[2026-01-08T16:16:30.519+0000] {logging_mixin.py:188} INFO - [2026-01-08T16:16:30.518+0000] {dagbag.py:540} INFO - Filling up the DagBag from /opt/airflow/dags/prediction_dag.py
[2026-01-08T16:16:30.563+0000] {processor.py:840} INFO - DAG(s) 'prediction_dag' retrieved from /opt/airflow/dags/prediction_dag.py
[2026-01-08T16:16:30.629+0000] {logging_mixin.py:188} INFO - [2026-01-08T16:16:30.629+0000] {dag.py:3047} INFO - Sync 1 DAGs
[2026-01-08T16:16:30.675+0000] {logging_mixin.py:188} INFO - [2026-01-08T16:16:30.675+0000] {dag.py:3834} INFO - Setting next_dagrun for prediction_dag to 2026-01-08 16:16:00+00:00, run_after=2026-01-08 16:18:00+00:00
[2026-01-08T16:16:30.695+0000] {processor.py:183} INFO - Processing /opt/airflow/dags/prediction_dag.py took 0.190 seconds
[2026-01-08T16:17:00.846+0000] {processor.py:161} INFO - Started process (PID=33564) to work on /opt/airflow/dags/prediction_dag.py
[2026-01-08T16:17:00.848+0000] {processor.py:830} INFO - Processing file /opt/airflow/dags/prediction_dag.py for tasks to queue
[2026-01-08T16:17:00.850+0000] {logging_mixin.py:188} INFO - [2026-01-08T16:17:00.849+0000] {dagbag.py:540} INFO - Filling up the DagBag from /opt/airflow/dags/prediction_dag.py
[2026-01-08T16:17:00.895+0000] {processor.py:840} INFO - DAG(s) 'prediction_dag' retrieved from /opt/airflow/dags/prediction_dag.py
[2026-01-08T16:17:00.958+0000] {logging_mixin.py:188} INFO - [2026-01-08T16:17:00.956+0000] {dag.py:3047} INFO - Sync 1 DAGs
[2026-01-08T16:17:01.000+0000] {logging_mixin.py:188} INFO - [2026-01-08T16:17:01.000+0000] {dag.py:3834} INFO - Setting next_dagrun for prediction_dag to 2026-01-08 16:16:00+00:00, run_after=2026-01-08 16:18:00+00:00
[2026-01-08T16:17:01.016+0000] {processor.py:183} INFO - Processing /opt/airflow/dags/prediction_dag.py took 0.183 seconds
[2026-01-08T16:17:32.031+0000] {processor.py:161} INFO - Started process (PID=33644) to work on /opt/airflow/dags/prediction_dag.py
[2026-01-08T16:17:32.034+0000] {processor.py:830} INFO - Processing file /opt/airflow/dags/prediction_dag.py for tasks to queue
[2026-01-08T16:17:32.038+0000] {logging_mixin.py:188} INFO - [2026-01-08T16:17:32.036+0000] {dagbag.py:540} INFO - Filling up the DagBag from /opt/airflow/dags/prediction_dag.py
[2026-01-08T16:17:32.100+0000] {processor.py:840} INFO - DAG(s) 'prediction_dag' retrieved from /opt/airflow/dags/prediction_dag.py
[2026-01-08T16:17:32.174+0000] {logging_mixin.py:188} INFO - [2026-01-08T16:17:32.174+0000] {dag.py:3047} INFO - Sync 1 DAGs
[2026-01-08T16:17:32.223+0000] {logging_mixin.py:188} INFO - [2026-01-08T16:17:32.222+0000] {dag.py:3834} INFO - Setting next_dagrun for prediction_dag to 2026-01-08 16:16:00+00:00, run_after=2026-01-08 16:18:00+00:00
[2026-01-08T16:17:32.248+0000] {processor.py:183} INFO - Processing /opt/airflow/dags/prediction_dag.py took 0.236 seconds
[2026-01-08T16:18:02.581+0000] {processor.py:161} INFO - Started process (PID=33675) to work on /opt/airflow/dags/prediction_dag.py
[2026-01-08T16:18:02.585+0000] {processor.py:830} INFO - Processing file /opt/airflow/dags/prediction_dag.py for tasks to queue
[2026-01-08T16:18:02.589+0000] {logging_mixin.py:188} INFO - [2026-01-08T16:18:02.588+0000] {dagbag.py:540} INFO - Filling up the DagBag from /opt/airflow/dags/prediction_dag.py
[2026-01-08T16:18:02.616+0000] {processor.py:840} INFO - DAG(s) 'prediction_dag' retrieved from /opt/airflow/dags/prediction_dag.py
[2026-01-08T16:18:02.655+0000] {logging_mixin.py:188} INFO - [2026-01-08T16:18:02.655+0000] {dag.py:3047} INFO - Sync 1 DAGs
[2026-01-08T16:18:02.690+0000] {logging_mixin.py:188} INFO - [2026-01-08T16:18:02.690+0000] {dag.py:3834} INFO - Setting next_dagrun for prediction_dag to 2026-01-08 16:18:00+00:00, run_after=2026-01-08 16:20:00+00:00
[2026-01-08T16:18:02.709+0000] {processor.py:183} INFO - Processing /opt/airflow/dags/prediction_dag.py took 0.132 seconds
[2026-01-08T16:18:32.997+0000] {processor.py:161} INFO - Started process (PID=33748) to work on /opt/airflow/dags/prediction_dag.py
[2026-01-08T16:18:33.000+0000] {processor.py:830} INFO - Processing file /opt/airflow/dags/prediction_dag.py for tasks to queue
[2026-01-08T16:18:33.002+0000] {logging_mixin.py:188} INFO - [2026-01-08T16:18:33.001+0000] {dagbag.py:540} INFO - Filling up the DagBag from /opt/airflow/dags/prediction_dag.py
[2026-01-08T16:18:33.062+0000] {processor.py:840} INFO - DAG(s) 'prediction_dag' retrieved from /opt/airflow/dags/prediction_dag.py
[2026-01-08T16:18:33.143+0000] {logging_mixin.py:188} INFO - [2026-01-08T16:18:33.143+0000] {dag.py:3047} INFO - Sync 1 DAGs
[2026-01-08T16:18:33.191+0000] {logging_mixin.py:188} INFO - [2026-01-08T16:18:33.191+0000] {dag.py:3834} INFO - Setting next_dagrun for prediction_dag to 2026-01-08 16:18:00+00:00, run_after=2026-01-08 16:20:00+00:00
[2026-01-08T16:18:33.211+0000] {processor.py:183} INFO - Processing /opt/airflow/dags/prediction_dag.py took 0.235 seconds
[2026-01-08T16:19:04.449+0000] {processor.py:161} INFO - Started process (PID=33776) to work on /opt/airflow/dags/prediction_dag.py
[2026-01-08T16:19:04.453+0000] {processor.py:830} INFO - Processing file /opt/airflow/dags/prediction_dag.py for tasks to queue
[2026-01-08T16:19:04.455+0000] {logging_mixin.py:188} INFO - [2026-01-08T16:19:04.455+0000] {dagbag.py:540} INFO - Filling up the DagBag from /opt/airflow/dags/prediction_dag.py
[2026-01-08T16:19:04.522+0000] {processor.py:840} INFO - DAG(s) 'prediction_dag' retrieved from /opt/airflow/dags/prediction_dag.py
[2026-01-08T16:19:04.650+0000] {logging_mixin.py:188} INFO - [2026-01-08T16:19:04.650+0000] {dag.py:3047} INFO - Sync 1 DAGs
[2026-01-08T16:19:04.734+0000] {logging_mixin.py:188} INFO - [2026-01-08T16:19:04.734+0000] {dag.py:3834} INFO - Setting next_dagrun for prediction_dag to 2026-01-08 16:18:00+00:00, run_after=2026-01-08 16:20:00+00:00
[2026-01-08T16:19:04.787+0000] {processor.py:183} INFO - Processing /opt/airflow/dags/prediction_dag.py took 0.368 seconds
[2026-01-08T16:19:35.745+0000] {processor.py:161} INFO - Started process (PID=33846) to work on /opt/airflow/dags/prediction_dag.py
[2026-01-08T16:19:35.748+0000] {processor.py:830} INFO - Processing file /opt/airflow/dags/prediction_dag.py for tasks to queue
[2026-01-08T16:19:35.749+0000] {logging_mixin.py:188} INFO - [2026-01-08T16:19:35.749+0000] {dagbag.py:540} INFO - Filling up the DagBag from /opt/airflow/dags/prediction_dag.py
[2026-01-08T16:19:35.794+0000] {processor.py:840} INFO - DAG(s) 'prediction_dag' retrieved from /opt/airflow/dags/prediction_dag.py
[2026-01-08T16:19:35.863+0000] {logging_mixin.py:188} INFO - [2026-01-08T16:19:35.863+0000] {dag.py:3047} INFO - Sync 1 DAGs
[2026-01-08T16:19:35.904+0000] {logging_mixin.py:188} INFO - [2026-01-08T16:19:35.904+0000] {dag.py:3834} INFO - Setting next_dagrun for prediction_dag to 2026-01-08 16:18:00+00:00, run_after=2026-01-08 16:20:00+00:00
[2026-01-08T16:19:35.927+0000] {processor.py:183} INFO - Processing /opt/airflow/dags/prediction_dag.py took 0.200 seconds
[2026-01-08T16:20:06.310+0000] {processor.py:161} INFO - Started process (PID=33877) to work on /opt/airflow/dags/prediction_dag.py
[2026-01-08T16:20:06.311+0000] {processor.py:830} INFO - Processing file /opt/airflow/dags/prediction_dag.py for tasks to queue
[2026-01-08T16:20:06.313+0000] {logging_mixin.py:188} INFO - [2026-01-08T16:20:06.312+0000] {dagbag.py:540} INFO - Filling up the DagBag from /opt/airflow/dags/prediction_dag.py
[2026-01-08T16:20:06.333+0000] {processor.py:840} INFO - DAG(s) 'prediction_dag' retrieved from /opt/airflow/dags/prediction_dag.py
[2026-01-08T16:20:06.372+0000] {logging_mixin.py:188} INFO - [2026-01-08T16:20:06.372+0000] {dag.py:3047} INFO - Sync 1 DAGs
[2026-01-08T16:20:06.402+0000] {logging_mixin.py:188} INFO - [2026-01-08T16:20:06.402+0000] {dag.py:3834} INFO - Setting next_dagrun for prediction_dag to 2026-01-08 16:20:00+00:00, run_after=2026-01-08 16:22:00+00:00
[2026-01-08T16:20:06.415+0000] {processor.py:183} INFO - Processing /opt/airflow/dags/prediction_dag.py took 0.116 seconds
[2026-01-08T16:20:36.993+0000] {processor.py:161} INFO - Started process (PID=33940) to work on /opt/airflow/dags/prediction_dag.py
[2026-01-08T16:20:36.996+0000] {processor.py:830} INFO - Processing file /opt/airflow/dags/prediction_dag.py for tasks to queue
[2026-01-08T16:20:36.997+0000] {logging_mixin.py:188} INFO - [2026-01-08T16:20:36.997+0000] {dagbag.py:540} INFO - Filling up the DagBag from /opt/airflow/dags/prediction_dag.py
[2026-01-08T16:20:37.049+0000] {processor.py:840} INFO - DAG(s) 'prediction_dag' retrieved from /opt/airflow/dags/prediction_dag.py
[2026-01-08T16:20:37.126+0000] {logging_mixin.py:188} INFO - [2026-01-08T16:20:37.126+0000] {dag.py:3047} INFO - Sync 1 DAGs
[2026-01-08T16:20:37.175+0000] {logging_mixin.py:188} INFO - [2026-01-08T16:20:37.175+0000] {dag.py:3834} INFO - Setting next_dagrun for prediction_dag to 2026-01-08 16:20:00+00:00, run_after=2026-01-08 16:22:00+00:00
[2026-01-08T16:20:37.197+0000] {processor.py:183} INFO - Processing /opt/airflow/dags/prediction_dag.py took 0.212 seconds
[2026-01-08T16:21:07.639+0000] {processor.py:161} INFO - Started process (PID=33990) to work on /opt/airflow/dags/prediction_dag.py
[2026-01-08T16:21:07.641+0000] {processor.py:830} INFO - Processing file /opt/airflow/dags/prediction_dag.py for tasks to queue
[2026-01-08T16:21:07.646+0000] {logging_mixin.py:188} INFO - [2026-01-08T16:21:07.644+0000] {dagbag.py:540} INFO - Filling up the DagBag from /opt/airflow/dags/prediction_dag.py
[2026-01-08T16:21:07.690+0000] {processor.py:840} INFO - DAG(s) 'prediction_dag' retrieved from /opt/airflow/dags/prediction_dag.py
[2026-01-08T16:21:07.775+0000] {logging_mixin.py:188} INFO - [2026-01-08T16:21:07.774+0000] {dag.py:3047} INFO - Sync 1 DAGs
[2026-01-08T16:21:07.849+0000] {logging_mixin.py:188} INFO - [2026-01-08T16:21:07.848+0000] {dag.py:3834} INFO - Setting next_dagrun for prediction_dag to 2026-01-08 16:20:00+00:00, run_after=2026-01-08 16:22:00+00:00
[2026-01-08T16:21:07.901+0000] {processor.py:183} INFO - Processing /opt/airflow/dags/prediction_dag.py took 0.272 seconds
[2026-01-08T16:21:38.182+0000] {processor.py:161} INFO - Started process (PID=34035) to work on /opt/airflow/dags/prediction_dag.py
[2026-01-08T16:21:38.185+0000] {processor.py:830} INFO - Processing file /opt/airflow/dags/prediction_dag.py for tasks to queue
[2026-01-08T16:21:38.189+0000] {logging_mixin.py:188} INFO - [2026-01-08T16:21:38.186+0000] {dagbag.py:540} INFO - Filling up the DagBag from /opt/airflow/dags/prediction_dag.py
[2026-01-08T16:21:38.244+0000] {processor.py:840} INFO - DAG(s) 'prediction_dag' retrieved from /opt/airflow/dags/prediction_dag.py
[2026-01-08T16:21:38.344+0000] {logging_mixin.py:188} INFO - [2026-01-08T16:21:38.343+0000] {dag.py:3047} INFO - Sync 1 DAGs
[2026-01-08T16:21:38.443+0000] {logging_mixin.py:188} INFO - [2026-01-08T16:21:38.443+0000] {dag.py:3834} INFO - Setting next_dagrun for prediction_dag to 2026-01-08 16:20:00+00:00, run_after=2026-01-08 16:22:00+00:00
[2026-01-08T16:21:38.487+0000] {processor.py:183} INFO - Processing /opt/airflow/dags/prediction_dag.py took 0.313 seconds
[2026-01-08T16:22:09.516+0000] {processor.py:161} INFO - Started process (PID=34078) to work on /opt/airflow/dags/prediction_dag.py
[2026-01-08T16:22:09.519+0000] {processor.py:830} INFO - Processing file /opt/airflow/dags/prediction_dag.py for tasks to queue
[2026-01-08T16:22:09.523+0000] {logging_mixin.py:188} INFO - [2026-01-08T16:22:09.523+0000] {dagbag.py:540} INFO - Filling up the DagBag from /opt/airflow/dags/prediction_dag.py
[2026-01-08T16:22:09.573+0000] {processor.py:840} INFO - DAG(s) 'prediction_dag' retrieved from /opt/airflow/dags/prediction_dag.py
[2026-01-08T16:22:09.621+0000] {logging_mixin.py:188} INFO - [2026-01-08T16:22:09.620+0000] {dag.py:3047} INFO - Sync 1 DAGs
[2026-01-08T16:22:09.674+0000] {logging_mixin.py:188} INFO - [2026-01-08T16:22:09.674+0000] {dag.py:3834} INFO - Setting next_dagrun for prediction_dag to 2026-01-08 16:22:00+00:00, run_after=2026-01-08 16:24:00+00:00
[2026-01-08T16:22:09.693+0000] {processor.py:183} INFO - Processing /opt/airflow/dags/prediction_dag.py took 0.183 seconds
[2026-01-08T16:22:40.151+0000] {processor.py:161} INFO - Started process (PID=34139) to work on /opt/airflow/dags/prediction_dag.py
[2026-01-08T16:22:40.155+0000] {processor.py:830} INFO - Processing file /opt/airflow/dags/prediction_dag.py for tasks to queue
[2026-01-08T16:22:40.159+0000] {logging_mixin.py:188} INFO - [2026-01-08T16:22:40.157+0000] {dagbag.py:540} INFO - Filling up the DagBag from /opt/airflow/dags/prediction_dag.py
[2026-01-08T16:22:40.230+0000] {processor.py:840} INFO - DAG(s) 'prediction_dag' retrieved from /opt/airflow/dags/prediction_dag.py
[2026-01-08T16:22:40.318+0000] {logging_mixin.py:188} INFO - [2026-01-08T16:22:40.317+0000] {dag.py:3047} INFO - Sync 1 DAGs
[2026-01-08T16:22:40.376+0000] {logging_mixin.py:188} INFO - [2026-01-08T16:22:40.376+0000] {dag.py:3834} INFO - Setting next_dagrun for prediction_dag to 2026-01-08 16:22:00+00:00, run_after=2026-01-08 16:24:00+00:00
[2026-01-08T16:22:40.398+0000] {processor.py:183} INFO - Processing /opt/airflow/dags/prediction_dag.py took 0.268 seconds
[2026-01-08T16:23:11.064+0000] {processor.py:161} INFO - Started process (PID=34216) to work on /opt/airflow/dags/prediction_dag.py
[2026-01-08T16:23:11.081+0000] {processor.py:830} INFO - Processing file /opt/airflow/dags/prediction_dag.py for tasks to queue
[2026-01-08T16:23:11.084+0000] {logging_mixin.py:188} INFO - [2026-01-08T16:23:11.083+0000] {dagbag.py:540} INFO - Filling up the DagBag from /opt/airflow/dags/prediction_dag.py
[2026-01-08T16:23:11.251+0000] {processor.py:840} INFO - DAG(s) 'prediction_dag' retrieved from /opt/airflow/dags/prediction_dag.py
[2026-01-08T16:23:11.396+0000] {logging_mixin.py:188} INFO - [2026-01-08T16:23:11.396+0000] {dag.py:3047} INFO - Sync 1 DAGs
[2026-01-08T16:23:11.492+0000] {logging_mixin.py:188} INFO - [2026-01-08T16:23:11.492+0000] {dag.py:3834} INFO - Setting next_dagrun for prediction_dag to 2026-01-08 16:22:00+00:00, run_after=2026-01-08 16:24:00+00:00
[2026-01-08T16:23:11.566+0000] {processor.py:183} INFO - Processing /opt/airflow/dags/prediction_dag.py took 0.638 seconds
[2026-01-08T16:23:41.986+0000] {processor.py:161} INFO - Started process (PID=34237) to work on /opt/airflow/dags/prediction_dag.py
[2026-01-08T16:23:41.988+0000] {processor.py:830} INFO - Processing file /opt/airflow/dags/prediction_dag.py for tasks to queue
[2026-01-08T16:23:41.990+0000] {logging_mixin.py:188} INFO - [2026-01-08T16:23:41.989+0000] {dagbag.py:540} INFO - Filling up the DagBag from /opt/airflow/dags/prediction_dag.py
[2026-01-08T16:23:42.025+0000] {processor.py:840} INFO - DAG(s) 'prediction_dag' retrieved from /opt/airflow/dags/prediction_dag.py
[2026-01-08T16:23:42.099+0000] {logging_mixin.py:188} INFO - [2026-01-08T16:23:42.098+0000] {dag.py:3047} INFO - Sync 1 DAGs
[2026-01-08T16:23:42.155+0000] {logging_mixin.py:188} INFO - [2026-01-08T16:23:42.154+0000] {dag.py:3834} INFO - Setting next_dagrun for prediction_dag to 2026-01-08 16:22:00+00:00, run_after=2026-01-08 16:24:00+00:00
[2026-01-08T16:23:42.174+0000] {processor.py:183} INFO - Processing /opt/airflow/dags/prediction_dag.py took 0.205 seconds
[2026-01-08T16:24:12.570+0000] {processor.py:161} INFO - Started process (PID=34320) to work on /opt/airflow/dags/prediction_dag.py
[2026-01-08T16:24:12.572+0000] {processor.py:830} INFO - Processing file /opt/airflow/dags/prediction_dag.py for tasks to queue
[2026-01-08T16:24:12.576+0000] {logging_mixin.py:188} INFO - [2026-01-08T16:24:12.574+0000] {dagbag.py:540} INFO - Filling up the DagBag from /opt/airflow/dags/prediction_dag.py
[2026-01-08T16:24:12.628+0000] {processor.py:840} INFO - DAG(s) 'prediction_dag' retrieved from /opt/airflow/dags/prediction_dag.py
[2026-01-08T16:24:12.716+0000] {logging_mixin.py:188} INFO - [2026-01-08T16:24:12.716+0000] {dag.py:3047} INFO - Sync 1 DAGs
[2026-01-08T16:24:12.780+0000] {logging_mixin.py:188} INFO - [2026-01-08T16:24:12.780+0000] {dag.py:3834} INFO - Setting next_dagrun for prediction_dag to 2026-01-08 16:24:00+00:00, run_after=2026-01-08 16:26:00+00:00
[2026-01-08T16:24:12.826+0000] {processor.py:183} INFO - Processing /opt/airflow/dags/prediction_dag.py took 0.274 seconds
[2026-01-08T16:24:43.574+0000] {processor.py:161} INFO - Started process (PID=34341) to work on /opt/airflow/dags/prediction_dag.py
[2026-01-08T16:24:43.577+0000] {processor.py:830} INFO - Processing file /opt/airflow/dags/prediction_dag.py for tasks to queue
[2026-01-08T16:24:43.579+0000] {logging_mixin.py:188} INFO - [2026-01-08T16:24:43.578+0000] {dagbag.py:540} INFO - Filling up the DagBag from /opt/airflow/dags/prediction_dag.py
[2026-01-08T16:24:43.611+0000] {processor.py:840} INFO - DAG(s) 'prediction_dag' retrieved from /opt/airflow/dags/prediction_dag.py
[2026-01-08T16:24:43.669+0000] {logging_mixin.py:188} INFO - [2026-01-08T16:24:43.668+0000] {dag.py:3047} INFO - Sync 1 DAGs
[2026-01-08T16:24:43.705+0000] {logging_mixin.py:188} INFO - [2026-01-08T16:24:43.704+0000] {dag.py:3834} INFO - Setting next_dagrun for prediction_dag to 2026-01-08 16:24:00+00:00, run_after=2026-01-08 16:26:00+00:00
[2026-01-08T16:24:43.718+0000] {processor.py:183} INFO - Processing /opt/airflow/dags/prediction_dag.py took 0.158 seconds
[2026-01-08T16:25:14.017+0000] {processor.py:161} INFO - Started process (PID=34397) to work on /opt/airflow/dags/prediction_dag.py
[2026-01-08T16:25:14.021+0000] {processor.py:830} INFO - Processing file /opt/airflow/dags/prediction_dag.py for tasks to queue
[2026-01-08T16:25:14.023+0000] {logging_mixin.py:188} INFO - [2026-01-08T16:25:14.022+0000] {dagbag.py:540} INFO - Filling up the DagBag from /opt/airflow/dags/prediction_dag.py
[2026-01-08T16:25:14.054+0000] {processor.py:840} INFO - DAG(s) 'prediction_dag' retrieved from /opt/airflow/dags/prediction_dag.py
[2026-01-08T16:25:14.157+0000] {logging_mixin.py:188} INFO - [2026-01-08T16:25:14.157+0000] {dag.py:3047} INFO - Sync 1 DAGs
[2026-01-08T16:25:14.244+0000] {logging_mixin.py:188} INFO - [2026-01-08T16:25:14.244+0000] {dag.py:3834} INFO - Setting next_dagrun for prediction_dag to 2026-01-08 16:24:00+00:00, run_after=2026-01-08 16:26:00+00:00
[2026-01-08T16:25:14.317+0000] {processor.py:183} INFO - Processing /opt/airflow/dags/prediction_dag.py took 0.308 seconds
[2026-01-08T16:25:44.537+0000] {processor.py:161} INFO - Started process (PID=34439) to work on /opt/airflow/dags/prediction_dag.py
[2026-01-08T16:25:44.540+0000] {processor.py:830} INFO - Processing file /opt/airflow/dags/prediction_dag.py for tasks to queue
[2026-01-08T16:25:44.542+0000] {logging_mixin.py:188} INFO - [2026-01-08T16:25:44.541+0000] {dagbag.py:540} INFO - Filling up the DagBag from /opt/airflow/dags/prediction_dag.py
[2026-01-08T16:25:44.577+0000] {processor.py:840} INFO - DAG(s) 'prediction_dag' retrieved from /opt/airflow/dags/prediction_dag.py
[2026-01-08T16:25:44.640+0000] {logging_mixin.py:188} INFO - [2026-01-08T16:25:44.640+0000] {dag.py:3047} INFO - Sync 1 DAGs
[2026-01-08T16:25:44.693+0000] {logging_mixin.py:188} INFO - [2026-01-08T16:25:44.693+0000] {dag.py:3834} INFO - Setting next_dagrun for prediction_dag to 2026-01-08 16:24:00+00:00, run_after=2026-01-08 16:26:00+00:00
[2026-01-08T16:25:44.708+0000] {processor.py:183} INFO - Processing /opt/airflow/dags/prediction_dag.py took 0.183 seconds
[2026-01-08T16:26:14.994+0000] {processor.py:161} INFO - Started process (PID=34522) to work on /opt/airflow/dags/prediction_dag.py
[2026-01-08T16:26:14.997+0000] {processor.py:830} INFO - Processing file /opt/airflow/dags/prediction_dag.py for tasks to queue
[2026-01-08T16:26:14.998+0000] {logging_mixin.py:188} INFO - [2026-01-08T16:26:14.998+0000] {dagbag.py:540} INFO - Filling up the DagBag from /opt/airflow/dags/prediction_dag.py
[2026-01-08T16:26:15.025+0000] {processor.py:840} INFO - DAG(s) 'prediction_dag' retrieved from /opt/airflow/dags/prediction_dag.py
[2026-01-08T16:26:15.080+0000] {logging_mixin.py:188} INFO - [2026-01-08T16:26:15.080+0000] {dag.py:3047} INFO - Sync 1 DAGs
[2026-01-08T16:26:15.117+0000] {logging_mixin.py:188} INFO - [2026-01-08T16:26:15.117+0000] {dag.py:3834} INFO - Setting next_dagrun for prediction_dag to 2026-01-08 16:26:00+00:00, run_after=2026-01-08 16:28:00+00:00
[2026-01-08T16:26:15.140+0000] {processor.py:183} INFO - Processing /opt/airflow/dags/prediction_dag.py took 0.152 seconds
[2026-01-08T16:26:45.886+0000] {processor.py:161} INFO - Started process (PID=34533) to work on /opt/airflow/dags/prediction_dag.py
[2026-01-08T16:26:45.889+0000] {processor.py:830} INFO - Processing file /opt/airflow/dags/prediction_dag.py for tasks to queue
[2026-01-08T16:26:45.891+0000] {logging_mixin.py:188} INFO - [2026-01-08T16:26:45.890+0000] {dagbag.py:540} INFO - Filling up the DagBag from /opt/airflow/dags/prediction_dag.py
[2026-01-08T16:26:45.932+0000] {processor.py:840} INFO - DAG(s) 'prediction_dag' retrieved from /opt/airflow/dags/prediction_dag.py
[2026-01-08T16:26:45.998+0000] {logging_mixin.py:188} INFO - [2026-01-08T16:26:45.998+0000] {dag.py:3047} INFO - Sync 1 DAGs
[2026-01-08T16:26:46.038+0000] {logging_mixin.py:188} INFO - [2026-01-08T16:26:46.038+0000] {dag.py:3834} INFO - Setting next_dagrun for prediction_dag to 2026-01-08 16:26:00+00:00, run_after=2026-01-08 16:28:00+00:00
[2026-01-08T16:26:46.061+0000] {processor.py:183} INFO - Processing /opt/airflow/dags/prediction_dag.py took 0.181 seconds
[2026-01-08T16:27:16.684+0000] {processor.py:161} INFO - Started process (PID=34610) to work on /opt/airflow/dags/prediction_dag.py
[2026-01-08T16:27:16.688+0000] {processor.py:830} INFO - Processing file /opt/airflow/dags/prediction_dag.py for tasks to queue
[2026-01-08T16:27:16.690+0000] {logging_mixin.py:188} INFO - [2026-01-08T16:27:16.689+0000] {dagbag.py:540} INFO - Filling up the DagBag from /opt/airflow/dags/prediction_dag.py
[2026-01-08T16:27:16.720+0000] {processor.py:840} INFO - DAG(s) 'prediction_dag' retrieved from /opt/airflow/dags/prediction_dag.py
[2026-01-08T16:27:16.763+0000] {logging_mixin.py:188} INFO - [2026-01-08T16:27:16.763+0000] {dag.py:3047} INFO - Sync 1 DAGs
[2026-01-08T16:27:16.794+0000] {logging_mixin.py:188} INFO - [2026-01-08T16:27:16.794+0000] {dag.py:3834} INFO - Setting next_dagrun for prediction_dag to 2026-01-08 16:26:00+00:00, run_after=2026-01-08 16:28:00+00:00
[2026-01-08T16:27:16.810+0000] {processor.py:183} INFO - Processing /opt/airflow/dags/prediction_dag.py took 0.133 seconds
[2026-01-08T16:27:47.516+0000] {processor.py:161} INFO - Started process (PID=34628) to work on /opt/airflow/dags/prediction_dag.py
[2026-01-08T16:27:47.546+0000] {processor.py:830} INFO - Processing file /opt/airflow/dags/prediction_dag.py for tasks to queue
[2026-01-08T16:27:47.556+0000] {logging_mixin.py:188} INFO - [2026-01-08T16:27:47.554+0000] {dagbag.py:540} INFO - Filling up the DagBag from /opt/airflow/dags/prediction_dag.py
[2026-01-08T16:27:47.652+0000] {processor.py:840} INFO - DAG(s) 'prediction_dag' retrieved from /opt/airflow/dags/prediction_dag.py
[2026-01-08T16:27:47.732+0000] {logging_mixin.py:188} INFO - [2026-01-08T16:27:47.732+0000] {dag.py:3047} INFO - Sync 1 DAGs
[2026-01-08T16:27:47.771+0000] {logging_mixin.py:188} INFO - [2026-01-08T16:27:47.771+0000] {dag.py:3834} INFO - Setting next_dagrun for prediction_dag to 2026-01-08 16:26:00+00:00, run_after=2026-01-08 16:28:00+00:00
[2026-01-08T16:27:47.788+0000] {processor.py:183} INFO - Processing /opt/airflow/dags/prediction_dag.py took 0.305 seconds
[2026-01-08T16:28:18.308+0000] {processor.py:161} INFO - Started process (PID=34714) to work on /opt/airflow/dags/prediction_dag.py
[2026-01-08T16:28:18.311+0000] {processor.py:830} INFO - Processing file /opt/airflow/dags/prediction_dag.py for tasks to queue
[2026-01-08T16:28:18.312+0000] {logging_mixin.py:188} INFO - [2026-01-08T16:28:18.311+0000] {dagbag.py:540} INFO - Filling up the DagBag from /opt/airflow/dags/prediction_dag.py
[2026-01-08T16:28:18.354+0000] {processor.py:840} INFO - DAG(s) 'prediction_dag' retrieved from /opt/airflow/dags/prediction_dag.py
[2026-01-08T16:28:18.391+0000] {logging_mixin.py:188} INFO - [2026-01-08T16:28:18.391+0000] {dag.py:3047} INFO - Sync 1 DAGs
[2026-01-08T16:28:18.420+0000] {logging_mixin.py:188} INFO - [2026-01-08T16:28:18.419+0000] {dag.py:3834} INFO - Setting next_dagrun for prediction_dag to 2026-01-08 16:28:00+00:00, run_after=2026-01-08 16:30:00+00:00
[2026-01-08T16:28:18.434+0000] {processor.py:183} INFO - Processing /opt/airflow/dags/prediction_dag.py took 0.135 seconds
[2026-01-08T16:28:49.050+0000] {processor.py:161} INFO - Started process (PID=34732) to work on /opt/airflow/dags/prediction_dag.py
[2026-01-08T16:28:49.055+0000] {processor.py:830} INFO - Processing file /opt/airflow/dags/prediction_dag.py for tasks to queue
[2026-01-08T16:28:49.057+0000] {logging_mixin.py:188} INFO - [2026-01-08T16:28:49.056+0000] {dagbag.py:540} INFO - Filling up the DagBag from /opt/airflow/dags/prediction_dag.py
[2026-01-08T16:28:49.099+0000] {processor.py:840} INFO - DAG(s) 'prediction_dag' retrieved from /opt/airflow/dags/prediction_dag.py
[2026-01-08T16:28:49.160+0000] {logging_mixin.py:188} INFO - [2026-01-08T16:28:49.159+0000] {dag.py:3047} INFO - Sync 1 DAGs
[2026-01-08T16:28:49.199+0000] {logging_mixin.py:188} INFO - [2026-01-08T16:28:49.199+0000] {dag.py:3834} INFO - Setting next_dagrun for prediction_dag to 2026-01-08 16:28:00+00:00, run_after=2026-01-08 16:30:00+00:00
[2026-01-08T16:28:49.222+0000] {processor.py:183} INFO - Processing /opt/airflow/dags/prediction_dag.py took 0.181 seconds
[2026-01-08T16:29:20.278+0000] {processor.py:161} INFO - Started process (PID=34812) to work on /opt/airflow/dags/prediction_dag.py
[2026-01-08T16:29:20.280+0000] {processor.py:830} INFO - Processing file /opt/airflow/dags/prediction_dag.py for tasks to queue
[2026-01-08T16:29:20.282+0000] {logging_mixin.py:188} INFO - [2026-01-08T16:29:20.281+0000] {dagbag.py:540} INFO - Filling up the DagBag from /opt/airflow/dags/prediction_dag.py
[2026-01-08T16:29:20.314+0000] {processor.py:840} INFO - DAG(s) 'prediction_dag' retrieved from /opt/airflow/dags/prediction_dag.py
[2026-01-08T16:29:20.376+0000] {logging_mixin.py:188} INFO - [2026-01-08T16:29:20.375+0000] {dag.py:3047} INFO - Sync 1 DAGs
[2026-01-08T16:29:20.416+0000] {logging_mixin.py:188} INFO - [2026-01-08T16:29:20.415+0000] {dag.py:3834} INFO - Setting next_dagrun for prediction_dag to 2026-01-08 16:28:00+00:00, run_after=2026-01-08 16:30:00+00:00
[2026-01-08T16:29:20.434+0000] {processor.py:183} INFO - Processing /opt/airflow/dags/prediction_dag.py took 0.169 seconds
[2026-01-08T16:29:51.083+0000] {processor.py:161} INFO - Started process (PID=34830) to work on /opt/airflow/dags/prediction_dag.py
[2026-01-08T16:29:51.090+0000] {processor.py:830} INFO - Processing file /opt/airflow/dags/prediction_dag.py for tasks to queue
[2026-01-08T16:29:51.092+0000] {logging_mixin.py:188} INFO - [2026-01-08T16:29:51.091+0000] {dagbag.py:540} INFO - Filling up the DagBag from /opt/airflow/dags/prediction_dag.py
[2026-01-08T16:29:51.129+0000] {processor.py:840} INFO - DAG(s) 'prediction_dag' retrieved from /opt/airflow/dags/prediction_dag.py
[2026-01-08T16:29:51.194+0000] {logging_mixin.py:188} INFO - [2026-01-08T16:29:51.194+0000] {dag.py:3047} INFO - Sync 1 DAGs
[2026-01-08T16:29:51.239+0000] {logging_mixin.py:188} INFO - [2026-01-08T16:29:51.239+0000] {dag.py:3834} INFO - Setting next_dagrun for prediction_dag to 2026-01-08 16:28:00+00:00, run_after=2026-01-08 16:30:00+00:00
[2026-01-08T16:29:51.264+0000] {processor.py:183} INFO - Processing /opt/airflow/dags/prediction_dag.py took 0.193 seconds
[2026-01-08T16:30:21.562+0000] {processor.py:161} INFO - Started process (PID=34916) to work on /opt/airflow/dags/prediction_dag.py
[2026-01-08T16:30:21.565+0000] {processor.py:830} INFO - Processing file /opt/airflow/dags/prediction_dag.py for tasks to queue
[2026-01-08T16:30:21.566+0000] {logging_mixin.py:188} INFO - [2026-01-08T16:30:21.566+0000] {dagbag.py:540} INFO - Filling up the DagBag from /opt/airflow/dags/prediction_dag.py
[2026-01-08T16:30:21.600+0000] {processor.py:840} INFO - DAG(s) 'prediction_dag' retrieved from /opt/airflow/dags/prediction_dag.py
[2026-01-08T16:30:21.650+0000] {logging_mixin.py:188} INFO - [2026-01-08T16:30:21.650+0000] {dag.py:3047} INFO - Sync 1 DAGs
[2026-01-08T16:30:21.693+0000] {logging_mixin.py:188} INFO - [2026-01-08T16:30:21.693+0000] {dag.py:3834} INFO - Setting next_dagrun for prediction_dag to 2026-01-08 16:30:00+00:00, run_after=2026-01-08 16:32:00+00:00
[2026-01-08T16:30:21.712+0000] {processor.py:183} INFO - Processing /opt/airflow/dags/prediction_dag.py took 0.162 seconds
[2026-01-08T16:30:52.200+0000] {processor.py:161} INFO - Started process (PID=34934) to work on /opt/airflow/dags/prediction_dag.py
[2026-01-08T16:30:52.202+0000] {processor.py:830} INFO - Processing file /opt/airflow/dags/prediction_dag.py for tasks to queue
[2026-01-08T16:30:52.204+0000] {logging_mixin.py:188} INFO - [2026-01-08T16:30:52.203+0000] {dagbag.py:540} INFO - Filling up the DagBag from /opt/airflow/dags/prediction_dag.py
[2026-01-08T16:30:52.245+0000] {processor.py:840} INFO - DAG(s) 'prediction_dag' retrieved from /opt/airflow/dags/prediction_dag.py
[2026-01-08T16:30:52.331+0000] {logging_mixin.py:188} INFO - [2026-01-08T16:30:52.330+0000] {dag.py:3047} INFO - Sync 1 DAGs
[2026-01-08T16:30:52.374+0000] {logging_mixin.py:188} INFO - [2026-01-08T16:30:52.374+0000] {dag.py:3834} INFO - Setting next_dagrun for prediction_dag to 2026-01-08 16:30:00+00:00, run_after=2026-01-08 16:32:00+00:00
[2026-01-08T16:30:52.392+0000] {processor.py:183} INFO - Processing /opt/airflow/dags/prediction_dag.py took 0.207 seconds
[2026-01-08T16:31:22.542+0000] {processor.py:161} INFO - Started process (PID=35014) to work on /opt/airflow/dags/prediction_dag.py
[2026-01-08T16:31:22.546+0000] {processor.py:830} INFO - Processing file /opt/airflow/dags/prediction_dag.py for tasks to queue
[2026-01-08T16:31:22.549+0000] {logging_mixin.py:188} INFO - [2026-01-08T16:31:22.548+0000] {dagbag.py:540} INFO - Filling up the DagBag from /opt/airflow/dags/prediction_dag.py
[2026-01-08T16:31:22.579+0000] {processor.py:840} INFO - DAG(s) 'prediction_dag' retrieved from /opt/airflow/dags/prediction_dag.py
[2026-01-08T16:31:22.624+0000] {logging_mixin.py:188} INFO - [2026-01-08T16:31:22.623+0000] {dag.py:3047} INFO - Sync 1 DAGs
[2026-01-08T16:31:22.666+0000] {logging_mixin.py:188} INFO - [2026-01-08T16:31:22.665+0000] {dag.py:3834} INFO - Setting next_dagrun for prediction_dag to 2026-01-08 16:30:00+00:00, run_after=2026-01-08 16:32:00+00:00
[2026-01-08T16:31:22.681+0000] {processor.py:183} INFO - Processing /opt/airflow/dags/prediction_dag.py took 0.156 seconds
[2026-01-08T16:31:53.418+0000] {processor.py:161} INFO - Started process (PID=35022) to work on /opt/airflow/dags/prediction_dag.py
[2026-01-08T16:31:53.422+0000] {processor.py:830} INFO - Processing file /opt/airflow/dags/prediction_dag.py for tasks to queue
[2026-01-08T16:31:53.424+0000] {logging_mixin.py:188} INFO - [2026-01-08T16:31:53.423+0000] {dagbag.py:540} INFO - Filling up the DagBag from /opt/airflow/dags/prediction_dag.py
[2026-01-08T16:31:53.467+0000] {processor.py:840} INFO - DAG(s) 'prediction_dag' retrieved from /opt/airflow/dags/prediction_dag.py
[2026-01-08T16:31:53.613+0000] {logging_mixin.py:188} INFO - [2026-01-08T16:31:53.613+0000] {dag.py:3047} INFO - Sync 1 DAGs
[2026-01-08T16:31:53.685+0000] {logging_mixin.py:188} INFO - [2026-01-08T16:31:53.685+0000] {dag.py:3834} INFO - Setting next_dagrun for prediction_dag to 2026-01-08 16:30:00+00:00, run_after=2026-01-08 16:32:00+00:00
[2026-01-08T16:31:53.713+0000] {processor.py:183} INFO - Processing /opt/airflow/dags/prediction_dag.py took 0.305 seconds
[2026-01-08T16:32:24.071+0000] {processor.py:161} INFO - Started process (PID=35105) to work on /opt/airflow/dags/prediction_dag.py
[2026-01-08T16:32:24.077+0000] {processor.py:830} INFO - Processing file /opt/airflow/dags/prediction_dag.py for tasks to queue
[2026-01-08T16:32:24.080+0000] {logging_mixin.py:188} INFO - [2026-01-08T16:32:24.079+0000] {dagbag.py:540} INFO - Filling up the DagBag from /opt/airflow/dags/prediction_dag.py
[2026-01-08T16:32:24.131+0000] {processor.py:840} INFO - DAG(s) 'prediction_dag' retrieved from /opt/airflow/dags/prediction_dag.py
[2026-01-08T16:32:24.189+0000] {logging_mixin.py:188} INFO - [2026-01-08T16:32:24.188+0000] {dag.py:3047} INFO - Sync 1 DAGs
[2026-01-08T16:32:24.225+0000] {logging_mixin.py:188} INFO - [2026-01-08T16:32:24.225+0000] {dag.py:3834} INFO - Setting next_dagrun for prediction_dag to 2026-01-08 16:32:00+00:00, run_after=2026-01-08 16:34:00+00:00
[2026-01-08T16:32:24.244+0000] {processor.py:183} INFO - Processing /opt/airflow/dags/prediction_dag.py took 0.201 seconds
[2026-01-08T16:32:54.840+0000] {processor.py:161} INFO - Started process (PID=35123) to work on /opt/airflow/dags/prediction_dag.py
[2026-01-08T16:32:54.843+0000] {processor.py:830} INFO - Processing file /opt/airflow/dags/prediction_dag.py for tasks to queue
[2026-01-08T16:32:54.845+0000] {logging_mixin.py:188} INFO - [2026-01-08T16:32:54.844+0000] {dagbag.py:540} INFO - Filling up the DagBag from /opt/airflow/dags/prediction_dag.py
[2026-01-08T16:32:55.074+0000] {processor.py:840} INFO - DAG(s) 'prediction_dag' retrieved from /opt/airflow/dags/prediction_dag.py
[2026-01-08T16:32:55.321+0000] {logging_mixin.py:188} INFO - [2026-01-08T16:32:55.319+0000] {dag.py:3047} INFO - Sync 1 DAGs
[2026-01-08T16:32:55.494+0000] {logging_mixin.py:188} INFO - [2026-01-08T16:32:55.494+0000] {dag.py:3834} INFO - Setting next_dagrun for prediction_dag to 2026-01-08 16:32:00+00:00, run_after=2026-01-08 16:34:00+00:00
[2026-01-08T16:32:55.541+0000] {processor.py:183} INFO - Processing /opt/airflow/dags/prediction_dag.py took 0.712 seconds
[2026-01-08T16:33:26.630+0000] {processor.py:161} INFO - Started process (PID=35203) to work on /opt/airflow/dags/prediction_dag.py
[2026-01-08T16:33:26.633+0000] {processor.py:830} INFO - Processing file /opt/airflow/dags/prediction_dag.py for tasks to queue
[2026-01-08T16:33:26.635+0000] {logging_mixin.py:188} INFO - [2026-01-08T16:33:26.634+0000] {dagbag.py:540} INFO - Filling up the DagBag from /opt/airflow/dags/prediction_dag.py
[2026-01-08T16:33:26.666+0000] {processor.py:840} INFO - DAG(s) 'prediction_dag' retrieved from /opt/airflow/dags/prediction_dag.py
[2026-01-08T16:33:26.754+0000] {logging_mixin.py:188} INFO - [2026-01-08T16:33:26.754+0000] {dag.py:3047} INFO - Sync 1 DAGs
[2026-01-08T16:33:26.789+0000] {logging_mixin.py:188} INFO - [2026-01-08T16:33:26.789+0000] {dag.py:3834} INFO - Setting next_dagrun for prediction_dag to 2026-01-08 16:32:00+00:00, run_after=2026-01-08 16:34:00+00:00
[2026-01-08T16:33:26.804+0000] {processor.py:183} INFO - Processing /opt/airflow/dags/prediction_dag.py took 0.184 seconds
[2026-01-08T16:33:56.911+0000] {processor.py:161} INFO - Started process (PID=35221) to work on /opt/airflow/dags/prediction_dag.py
[2026-01-08T16:33:56.915+0000] {processor.py:830} INFO - Processing file /opt/airflow/dags/prediction_dag.py for tasks to queue
[2026-01-08T16:33:56.916+0000] {logging_mixin.py:188} INFO - [2026-01-08T16:33:56.915+0000] {dagbag.py:540} INFO - Filling up the DagBag from /opt/airflow/dags/prediction_dag.py
[2026-01-08T16:33:56.946+0000] {processor.py:840} INFO - DAG(s) 'prediction_dag' retrieved from /opt/airflow/dags/prediction_dag.py
[2026-01-08T16:33:57.001+0000] {logging_mixin.py:188} INFO - [2026-01-08T16:33:57.001+0000] {dag.py:3047} INFO - Sync 1 DAGs
[2026-01-08T16:33:57.043+0000] {logging_mixin.py:188} INFO - [2026-01-08T16:33:57.043+0000] {dag.py:3834} INFO - Setting next_dagrun for prediction_dag to 2026-01-08 16:32:00+00:00, run_after=2026-01-08 16:34:00+00:00
[2026-01-08T16:33:57.058+0000] {processor.py:183} INFO - Processing /opt/airflow/dags/prediction_dag.py took 0.158 seconds
[2026-01-08T16:34:27.856+0000] {processor.py:161} INFO - Started process (PID=35307) to work on /opt/airflow/dags/prediction_dag.py
[2026-01-08T16:34:27.860+0000] {processor.py:830} INFO - Processing file /opt/airflow/dags/prediction_dag.py for tasks to queue
[2026-01-08T16:34:27.862+0000] {logging_mixin.py:188} INFO - [2026-01-08T16:34:27.861+0000] {dagbag.py:540} INFO - Filling up the DagBag from /opt/airflow/dags/prediction_dag.py
[2026-01-08T16:34:27.950+0000] {processor.py:840} INFO - DAG(s) 'prediction_dag' retrieved from /opt/airflow/dags/prediction_dag.py
[2026-01-08T16:34:28.127+0000] {logging_mixin.py:188} INFO - [2026-01-08T16:34:28.124+0000] {dag.py:3047} INFO - Sync 1 DAGs
[2026-01-08T16:34:28.228+0000] {logging_mixin.py:188} INFO - [2026-01-08T16:34:28.227+0000] {dag.py:3834} INFO - Setting next_dagrun for prediction_dag to 2026-01-08 16:34:00+00:00, run_after=2026-01-08 16:36:00+00:00
[2026-01-08T16:34:28.275+0000] {processor.py:183} INFO - Processing /opt/airflow/dags/prediction_dag.py took 0.444 seconds
[2026-01-08T16:34:58.971+0000] {processor.py:161} INFO - Started process (PID=35325) to work on /opt/airflow/dags/prediction_dag.py
[2026-01-08T16:34:58.974+0000] {processor.py:830} INFO - Processing file /opt/airflow/dags/prediction_dag.py for tasks to queue
[2026-01-08T16:34:58.975+0000] {logging_mixin.py:188} INFO - [2026-01-08T16:34:58.975+0000] {dagbag.py:540} INFO - Filling up the DagBag from /opt/airflow/dags/prediction_dag.py
[2026-01-08T16:34:59.009+0000] {processor.py:840} INFO - DAG(s) 'prediction_dag' retrieved from /opt/airflow/dags/prediction_dag.py
[2026-01-08T16:34:59.065+0000] {logging_mixin.py:188} INFO - [2026-01-08T16:34:59.065+0000] {dag.py:3047} INFO - Sync 1 DAGs
[2026-01-08T16:34:59.099+0000] {logging_mixin.py:188} INFO - [2026-01-08T16:34:59.099+0000] {dag.py:3834} INFO - Setting next_dagrun for prediction_dag to 2026-01-08 16:34:00+00:00, run_after=2026-01-08 16:36:00+00:00
[2026-01-08T16:34:59.115+0000] {processor.py:183} INFO - Processing /opt/airflow/dags/prediction_dag.py took 0.153 seconds
[2026-01-08T16:35:29.936+0000] {processor.py:161} INFO - Started process (PID=35405) to work on /opt/airflow/dags/prediction_dag.py
[2026-01-08T16:35:29.947+0000] {processor.py:830} INFO - Processing file /opt/airflow/dags/prediction_dag.py for tasks to queue
[2026-01-08T16:35:29.956+0000] {logging_mixin.py:188} INFO - [2026-01-08T16:35:29.954+0000] {dagbag.py:540} INFO - Filling up the DagBag from /opt/airflow/dags/prediction_dag.py
[2026-01-08T16:35:30.109+0000] {processor.py:840} INFO - DAG(s) 'prediction_dag' retrieved from /opt/airflow/dags/prediction_dag.py
[2026-01-08T16:35:30.532+0000] {logging_mixin.py:188} INFO - [2026-01-08T16:35:30.530+0000] {dag.py:3047} INFO - Sync 1 DAGs
[2026-01-08T16:35:30.622+0000] {logging_mixin.py:188} INFO - [2026-01-08T16:35:30.621+0000] {dag.py:3834} INFO - Setting next_dagrun for prediction_dag to 2026-01-08 16:34:00+00:00, run_after=2026-01-08 16:36:00+00:00
[2026-01-08T16:35:30.658+0000] {processor.py:183} INFO - Processing /opt/airflow/dags/prediction_dag.py took 0.752 seconds
[2026-01-08T16:36:01.406+0000] {processor.py:161} INFO - Started process (PID=35425) to work on /opt/airflow/dags/prediction_dag.py
[2026-01-08T16:36:01.408+0000] {processor.py:830} INFO - Processing file /opt/airflow/dags/prediction_dag.py for tasks to queue
[2026-01-08T16:36:01.409+0000] {logging_mixin.py:188} INFO - [2026-01-08T16:36:01.408+0000] {dagbag.py:540} INFO - Filling up the DagBag from /opt/airflow/dags/prediction_dag.py
[2026-01-08T16:36:01.445+0000] {processor.py:840} INFO - DAG(s) 'prediction_dag' retrieved from /opt/airflow/dags/prediction_dag.py
[2026-01-08T16:36:01.488+0000] {logging_mixin.py:188} INFO - [2026-01-08T16:36:01.488+0000] {dag.py:3047} INFO - Sync 1 DAGs
[2026-01-08T16:36:01.528+0000] {logging_mixin.py:188} INFO - [2026-01-08T16:36:01.528+0000] {dag.py:3834} INFO - Setting next_dagrun for prediction_dag to 2026-01-08 16:36:00+00:00, run_after=2026-01-08 16:38:00+00:00
[2026-01-08T16:36:01.546+0000] {processor.py:183} INFO - Processing /opt/airflow/dags/prediction_dag.py took 0.148 seconds
[2026-01-08T16:36:31.785+0000] {processor.py:161} INFO - Started process (PID=35509) to work on /opt/airflow/dags/prediction_dag.py
[2026-01-08T16:36:31.787+0000] {processor.py:830} INFO - Processing file /opt/airflow/dags/prediction_dag.py for tasks to queue
[2026-01-08T16:36:31.789+0000] {logging_mixin.py:188} INFO - [2026-01-08T16:36:31.788+0000] {dagbag.py:540} INFO - Filling up the DagBag from /opt/airflow/dags/prediction_dag.py
[2026-01-08T16:36:31.823+0000] {processor.py:840} INFO - DAG(s) 'prediction_dag' retrieved from /opt/airflow/dags/prediction_dag.py
[2026-01-08T16:36:31.874+0000] {logging_mixin.py:188} INFO - [2026-01-08T16:36:31.874+0000] {dag.py:3047} INFO - Sync 1 DAGs
[2026-01-08T16:36:31.907+0000] {logging_mixin.py:188} INFO - [2026-01-08T16:36:31.907+0000] {dag.py:3834} INFO - Setting next_dagrun for prediction_dag to 2026-01-08 16:36:00+00:00, run_after=2026-01-08 16:38:00+00:00
[2026-01-08T16:36:31.920+0000] {processor.py:183} INFO - Processing /opt/airflow/dags/prediction_dag.py took 0.143 seconds
[2026-01-08T16:37:02.171+0000] {processor.py:161} INFO - Started process (PID=35529) to work on /opt/airflow/dags/prediction_dag.py
[2026-01-08T16:37:02.172+0000] {processor.py:830} INFO - Processing file /opt/airflow/dags/prediction_dag.py for tasks to queue
[2026-01-08T16:37:02.173+0000] {logging_mixin.py:188} INFO - [2026-01-08T16:37:02.173+0000] {dagbag.py:540} INFO - Filling up the DagBag from /opt/airflow/dags/prediction_dag.py
[2026-01-08T16:37:02.190+0000] {processor.py:840} INFO - DAG(s) 'prediction_dag' retrieved from /opt/airflow/dags/prediction_dag.py
[2026-01-08T16:37:02.264+0000] {logging_mixin.py:188} INFO - [2026-01-08T16:37:02.263+0000] {dag.py:3047} INFO - Sync 1 DAGs
[2026-01-08T16:37:02.356+0000] {logging_mixin.py:188} INFO - [2026-01-08T16:37:02.355+0000] {dag.py:3834} INFO - Setting next_dagrun for prediction_dag to 2026-01-08 16:36:00+00:00, run_after=2026-01-08 16:38:00+00:00
[2026-01-08T16:37:02.373+0000] {processor.py:183} INFO - Processing /opt/airflow/dags/prediction_dag.py took 0.207 seconds
[2026-01-08T16:37:33.135+0000] {processor.py:161} INFO - Started process (PID=35607) to work on /opt/airflow/dags/prediction_dag.py
[2026-01-08T16:37:33.143+0000] {processor.py:830} INFO - Processing file /opt/airflow/dags/prediction_dag.py for tasks to queue
[2026-01-08T16:37:33.148+0000] {logging_mixin.py:188} INFO - [2026-01-08T16:37:33.147+0000] {dagbag.py:540} INFO - Filling up the DagBag from /opt/airflow/dags/prediction_dag.py
[2026-01-08T16:37:33.188+0000] {processor.py:840} INFO - DAG(s) 'prediction_dag' retrieved from /opt/airflow/dags/prediction_dag.py
[2026-01-08T16:37:33.229+0000] {logging_mixin.py:188} INFO - [2026-01-08T16:37:33.228+0000] {dag.py:3047} INFO - Sync 1 DAGs
[2026-01-08T16:37:33.260+0000] {logging_mixin.py:188} INFO - [2026-01-08T16:37:33.260+0000] {dag.py:3834} INFO - Setting next_dagrun for prediction_dag to 2026-01-08 16:36:00+00:00, run_after=2026-01-08 16:38:00+00:00
[2026-01-08T16:37:33.280+0000] {processor.py:183} INFO - Processing /opt/airflow/dags/prediction_dag.py took 0.180 seconds
[2026-01-08T16:38:03.336+0000] {processor.py:161} INFO - Started process (PID=35641) to work on /opt/airflow/dags/prediction_dag.py
[2026-01-08T16:38:03.338+0000] {processor.py:830} INFO - Processing file /opt/airflow/dags/prediction_dag.py for tasks to queue
[2026-01-08T16:38:03.340+0000] {logging_mixin.py:188} INFO - [2026-01-08T16:38:03.339+0000] {dagbag.py:540} INFO - Filling up the DagBag from /opt/airflow/dags/prediction_dag.py
[2026-01-08T16:38:03.366+0000] {processor.py:840} INFO - DAG(s) 'prediction_dag' retrieved from /opt/airflow/dags/prediction_dag.py
[2026-01-08T16:38:03.412+0000] {logging_mixin.py:188} INFO - [2026-01-08T16:38:03.411+0000] {dag.py:3047} INFO - Sync 1 DAGs
[2026-01-08T16:38:03.523+0000] {logging_mixin.py:188} INFO - [2026-01-08T16:38:03.523+0000] {dag.py:3834} INFO - Setting next_dagrun for prediction_dag to 2026-01-08 16:38:00+00:00, run_after=2026-01-08 16:40:00+00:00
[2026-01-08T16:38:03.546+0000] {processor.py:183} INFO - Processing /opt/airflow/dags/prediction_dag.py took 0.216 seconds
[2026-01-08T16:38:33.748+0000] {processor.py:161} INFO - Started process (PID=35711) to work on /opt/airflow/dags/prediction_dag.py
[2026-01-08T16:38:33.751+0000] {processor.py:830} INFO - Processing file /opt/airflow/dags/prediction_dag.py for tasks to queue
[2026-01-08T16:38:33.753+0000] {logging_mixin.py:188} INFO - [2026-01-08T16:38:33.752+0000] {dagbag.py:540} INFO - Filling up the DagBag from /opt/airflow/dags/prediction_dag.py
[2026-01-08T16:38:33.790+0000] {processor.py:840} INFO - DAG(s) 'prediction_dag' retrieved from /opt/airflow/dags/prediction_dag.py
[2026-01-08T16:38:33.821+0000] {logging_mixin.py:188} INFO - [2026-01-08T16:38:33.821+0000] {dag.py:3047} INFO - Sync 1 DAGs
[2026-01-08T16:38:33.845+0000] {logging_mixin.py:188} INFO - [2026-01-08T16:38:33.845+0000] {dag.py:3834} INFO - Setting next_dagrun for prediction_dag to 2026-01-08 16:38:00+00:00, run_after=2026-01-08 16:40:00+00:00
[2026-01-08T16:38:33.860+0000] {processor.py:183} INFO - Processing /opt/airflow/dags/prediction_dag.py took 0.119 seconds
[2026-01-08T16:39:05.084+0000] {processor.py:161} INFO - Started process (PID=35730) to work on /opt/airflow/dags/prediction_dag.py
[2026-01-08T16:39:05.087+0000] {processor.py:830} INFO - Processing file /opt/airflow/dags/prediction_dag.py for tasks to queue
[2026-01-08T16:39:05.089+0000] {logging_mixin.py:188} INFO - [2026-01-08T16:39:05.088+0000] {dagbag.py:540} INFO - Filling up the DagBag from /opt/airflow/dags/prediction_dag.py
[2026-01-08T16:39:05.139+0000] {processor.py:840} INFO - DAG(s) 'prediction_dag' retrieved from /opt/airflow/dags/prediction_dag.py
[2026-01-08T16:39:05.233+0000] {logging_mixin.py:188} INFO - [2026-01-08T16:39:05.233+0000] {dag.py:3047} INFO - Sync 1 DAGs
[2026-01-08T16:39:05.303+0000] {logging_mixin.py:188} INFO - [2026-01-08T16:39:05.302+0000] {dag.py:3834} INFO - Setting next_dagrun for prediction_dag to 2026-01-08 16:38:00+00:00, run_after=2026-01-08 16:40:00+00:00
[2026-01-08T16:39:05.331+0000] {processor.py:183} INFO - Processing /opt/airflow/dags/prediction_dag.py took 0.267 seconds
[2026-01-08T16:39:35.744+0000] {processor.py:161} INFO - Started process (PID=35796) to work on /opt/airflow/dags/prediction_dag.py
[2026-01-08T16:39:35.748+0000] {processor.py:830} INFO - Processing file /opt/airflow/dags/prediction_dag.py for tasks to queue
[2026-01-08T16:39:35.750+0000] {logging_mixin.py:188} INFO - [2026-01-08T16:39:35.749+0000] {dagbag.py:540} INFO - Filling up the DagBag from /opt/airflow/dags/prediction_dag.py
[2026-01-08T16:39:35.795+0000] {processor.py:840} INFO - DAG(s) 'prediction_dag' retrieved from /opt/airflow/dags/prediction_dag.py
[2026-01-08T16:39:35.852+0000] {logging_mixin.py:188} INFO - [2026-01-08T16:39:35.851+0000] {dag.py:3047} INFO - Sync 1 DAGs
[2026-01-08T16:39:35.893+0000] {logging_mixin.py:188} INFO - [2026-01-08T16:39:35.893+0000] {dag.py:3834} INFO - Setting next_dagrun for prediction_dag to 2026-01-08 16:38:00+00:00, run_after=2026-01-08 16:40:00+00:00
[2026-01-08T16:39:35.913+0000] {processor.py:183} INFO - Processing /opt/airflow/dags/prediction_dag.py took 0.177 seconds
[2026-01-08T16:40:06.342+0000] {processor.py:161} INFO - Started process (PID=35839) to work on /opt/airflow/dags/prediction_dag.py
[2026-01-08T16:40:06.344+0000] {processor.py:830} INFO - Processing file /opt/airflow/dags/prediction_dag.py for tasks to queue
[2026-01-08T16:40:06.345+0000] {logging_mixin.py:188} INFO - [2026-01-08T16:40:06.344+0000] {dagbag.py:540} INFO - Filling up the DagBag from /opt/airflow/dags/prediction_dag.py
[2026-01-08T16:40:06.370+0000] {processor.py:840} INFO - DAG(s) 'prediction_dag' retrieved from /opt/airflow/dags/prediction_dag.py
[2026-01-08T16:40:06.414+0000] {logging_mixin.py:188} INFO - [2026-01-08T16:40:06.414+0000] {dag.py:3047} INFO - Sync 1 DAGs
[2026-01-08T16:40:06.448+0000] {logging_mixin.py:188} INFO - [2026-01-08T16:40:06.448+0000] {dag.py:3834} INFO - Setting next_dagrun for prediction_dag to 2026-01-08 16:40:00+00:00, run_after=2026-01-08 16:42:00+00:00
[2026-01-08T16:40:06.463+0000] {processor.py:183} INFO - Processing /opt/airflow/dags/prediction_dag.py took 0.126 seconds
[2026-01-08T16:40:37.477+0000] {processor.py:161} INFO - Started process (PID=35900) to work on /opt/airflow/dags/prediction_dag.py
[2026-01-08T16:40:37.480+0000] {processor.py:830} INFO - Processing file /opt/airflow/dags/prediction_dag.py for tasks to queue
[2026-01-08T16:40:37.482+0000] {logging_mixin.py:188} INFO - [2026-01-08T16:40:37.481+0000] {dagbag.py:540} INFO - Filling up the DagBag from /opt/airflow/dags/prediction_dag.py
[2026-01-08T16:40:37.525+0000] {processor.py:840} INFO - DAG(s) 'prediction_dag' retrieved from /opt/airflow/dags/prediction_dag.py
[2026-01-08T16:40:37.578+0000] {logging_mixin.py:188} INFO - [2026-01-08T16:40:37.578+0000] {dag.py:3047} INFO - Sync 1 DAGs
[2026-01-08T16:40:37.619+0000] {logging_mixin.py:188} INFO - [2026-01-08T16:40:37.619+0000] {dag.py:3834} INFO - Setting next_dagrun for prediction_dag to 2026-01-08 16:40:00+00:00, run_after=2026-01-08 16:42:00+00:00
[2026-01-08T16:40:37.635+0000] {processor.py:183} INFO - Processing /opt/airflow/dags/prediction_dag.py took 0.170 seconds
[2026-01-08T16:41:07.947+0000] {processor.py:161} INFO - Started process (PID=35947) to work on /opt/airflow/dags/prediction_dag.py
[2026-01-08T16:41:07.949+0000] {processor.py:830} INFO - Processing file /opt/airflow/dags/prediction_dag.py for tasks to queue
[2026-01-08T16:41:07.950+0000] {logging_mixin.py:188} INFO - [2026-01-08T16:41:07.950+0000] {dagbag.py:540} INFO - Filling up the DagBag from /opt/airflow/dags/prediction_dag.py
[2026-01-08T16:41:07.973+0000] {processor.py:840} INFO - DAG(s) 'prediction_dag' retrieved from /opt/airflow/dags/prediction_dag.py
[2026-01-08T16:41:08.015+0000] {logging_mixin.py:188} INFO - [2026-01-08T16:41:08.015+0000] {dag.py:3047} INFO - Sync 1 DAGs
[2026-01-08T16:41:08.056+0000] {logging_mixin.py:188} INFO - [2026-01-08T16:41:08.056+0000] {dag.py:3834} INFO - Setting next_dagrun for prediction_dag to 2026-01-08 16:40:00+00:00, run_after=2026-01-08 16:42:00+00:00
[2026-01-08T16:41:08.080+0000] {processor.py:183} INFO - Processing /opt/airflow/dags/prediction_dag.py took 0.139 seconds
[2026-01-08T16:41:38.841+0000] {processor.py:161} INFO - Started process (PID=35998) to work on /opt/airflow/dags/prediction_dag.py
[2026-01-08T16:41:38.843+0000] {processor.py:830} INFO - Processing file /opt/airflow/dags/prediction_dag.py for tasks to queue
[2026-01-08T16:41:38.845+0000] {logging_mixin.py:188} INFO - [2026-01-08T16:41:38.844+0000] {dagbag.py:540} INFO - Filling up the DagBag from /opt/airflow/dags/prediction_dag.py
[2026-01-08T16:41:38.872+0000] {processor.py:840} INFO - DAG(s) 'prediction_dag' retrieved from /opt/airflow/dags/prediction_dag.py
[2026-01-08T16:41:38.918+0000] {logging_mixin.py:188} INFO - [2026-01-08T16:41:38.918+0000] {dag.py:3047} INFO - Sync 1 DAGs
[2026-01-08T16:41:38.952+0000] {logging_mixin.py:188} INFO - [2026-01-08T16:41:38.951+0000] {dag.py:3834} INFO - Setting next_dagrun for prediction_dag to 2026-01-08 16:40:00+00:00, run_after=2026-01-08 16:42:00+00:00
[2026-01-08T16:41:38.969+0000] {processor.py:183} INFO - Processing /opt/airflow/dags/prediction_dag.py took 0.138 seconds
[2026-01-08T16:42:10.090+0000] {processor.py:161} INFO - Started process (PID=36033) to work on /opt/airflow/dags/prediction_dag.py
[2026-01-08T16:42:10.096+0000] {processor.py:830} INFO - Processing file /opt/airflow/dags/prediction_dag.py for tasks to queue
[2026-01-08T16:42:10.097+0000] {logging_mixin.py:188} INFO - [2026-01-08T16:42:10.097+0000] {dagbag.py:540} INFO - Filling up the DagBag from /opt/airflow/dags/prediction_dag.py
[2026-01-08T16:42:10.156+0000] {processor.py:840} INFO - DAG(s) 'prediction_dag' retrieved from /opt/airflow/dags/prediction_dag.py
[2026-01-08T16:42:10.239+0000] {logging_mixin.py:188} INFO - [2026-01-08T16:42:10.239+0000] {dag.py:3047} INFO - Sync 1 DAGs
[2026-01-08T16:42:10.300+0000] {logging_mixin.py:188} INFO - [2026-01-08T16:42:10.300+0000] {dag.py:3834} INFO - Setting next_dagrun for prediction_dag to 2026-01-08 16:42:00+00:00, run_after=2026-01-08 16:44:00+00:00
[2026-01-08T16:42:10.320+0000] {processor.py:183} INFO - Processing /opt/airflow/dags/prediction_dag.py took 0.248 seconds
[2026-01-08T16:42:40.853+0000] {processor.py:161} INFO - Started process (PID=36102) to work on /opt/airflow/dags/prediction_dag.py
[2026-01-08T16:42:40.855+0000] {processor.py:830} INFO - Processing file /opt/airflow/dags/prediction_dag.py for tasks to queue
[2026-01-08T16:42:40.856+0000] {logging_mixin.py:188} INFO - [2026-01-08T16:42:40.856+0000] {dagbag.py:540} INFO - Filling up the DagBag from /opt/airflow/dags/prediction_dag.py
[2026-01-08T16:42:40.898+0000] {processor.py:840} INFO - DAG(s) 'prediction_dag' retrieved from /opt/airflow/dags/prediction_dag.py
[2026-01-08T16:42:40.953+0000] {logging_mixin.py:188} INFO - [2026-01-08T16:42:40.953+0000] {dag.py:3047} INFO - Sync 1 DAGs
[2026-01-08T16:42:40.993+0000] {logging_mixin.py:188} INFO - [2026-01-08T16:42:40.993+0000] {dag.py:3834} INFO - Setting next_dagrun for prediction_dag to 2026-01-08 16:42:00+00:00, run_after=2026-01-08 16:44:00+00:00
[2026-01-08T16:42:41.008+0000] {processor.py:183} INFO - Processing /opt/airflow/dags/prediction_dag.py took 0.163 seconds
[2026-01-08T16:43:11.521+0000] {processor.py:161} INFO - Started process (PID=36140) to work on /opt/airflow/dags/prediction_dag.py
[2026-01-08T16:43:11.525+0000] {processor.py:830} INFO - Processing file /opt/airflow/dags/prediction_dag.py for tasks to queue
[2026-01-08T16:43:11.526+0000] {logging_mixin.py:188} INFO - [2026-01-08T16:43:11.526+0000] {dagbag.py:540} INFO - Filling up the DagBag from /opt/airflow/dags/prediction_dag.py
[2026-01-08T16:43:11.596+0000] {processor.py:840} INFO - DAG(s) 'prediction_dag' retrieved from /opt/airflow/dags/prediction_dag.py
[2026-01-08T16:43:11.690+0000] {logging_mixin.py:188} INFO - [2026-01-08T16:43:11.689+0000] {dag.py:3047} INFO - Sync 1 DAGs
[2026-01-08T16:43:11.752+0000] {logging_mixin.py:188} INFO - [2026-01-08T16:43:11.752+0000] {dag.py:3834} INFO - Setting next_dagrun for prediction_dag to 2026-01-08 16:42:00+00:00, run_after=2026-01-08 16:44:00+00:00
[2026-01-08T16:43:11.805+0000] {processor.py:183} INFO - Processing /opt/airflow/dags/prediction_dag.py took 0.303 seconds
[2026-01-08T16:43:41.983+0000] {processor.py:161} INFO - Started process (PID=36190) to work on /opt/airflow/dags/prediction_dag.py
[2026-01-08T16:43:41.987+0000] {processor.py:830} INFO - Processing file /opt/airflow/dags/prediction_dag.py for tasks to queue
[2026-01-08T16:43:41.989+0000] {logging_mixin.py:188} INFO - [2026-01-08T16:43:41.988+0000] {dagbag.py:540} INFO - Filling up the DagBag from /opt/airflow/dags/prediction_dag.py
[2026-01-08T16:43:42.069+0000] {processor.py:840} INFO - DAG(s) 'prediction_dag' retrieved from /opt/airflow/dags/prediction_dag.py
[2026-01-08T16:43:42.178+0000] {logging_mixin.py:188} INFO - [2026-01-08T16:43:42.177+0000] {dag.py:3047} INFO - Sync 1 DAGs
[2026-01-08T16:43:42.295+0000] {logging_mixin.py:188} INFO - [2026-01-08T16:43:42.294+0000] {dag.py:3834} INFO - Setting next_dagrun for prediction_dag to 2026-01-08 16:42:00+00:00, run_after=2026-01-08 16:44:00+00:00
[2026-01-08T16:43:42.351+0000] {processor.py:183} INFO - Processing /opt/airflow/dags/prediction_dag.py took 0.385 seconds
[2026-01-08T16:44:12.904+0000] {processor.py:161} INFO - Started process (PID=36221) to work on /opt/airflow/dags/prediction_dag.py
[2026-01-08T16:44:12.909+0000] {processor.py:830} INFO - Processing file /opt/airflow/dags/prediction_dag.py for tasks to queue
[2026-01-08T16:44:12.912+0000] {logging_mixin.py:188} INFO - [2026-01-08T16:44:12.911+0000] {dagbag.py:540} INFO - Filling up the DagBag from /opt/airflow/dags/prediction_dag.py
[2026-01-08T16:44:12.978+0000] {processor.py:840} INFO - DAG(s) 'prediction_dag' retrieved from /opt/airflow/dags/prediction_dag.py
[2026-01-08T16:44:13.074+0000] {logging_mixin.py:188} INFO - [2026-01-08T16:44:13.074+0000] {dag.py:3047} INFO - Sync 1 DAGs
[2026-01-08T16:44:13.142+0000] {logging_mixin.py:188} INFO - [2026-01-08T16:44:13.142+0000] {dag.py:3834} INFO - Setting next_dagrun for prediction_dag to 2026-01-08 16:44:00+00:00, run_after=2026-01-08 16:46:00+00:00
[2026-01-08T16:44:13.199+0000] {processor.py:183} INFO - Processing /opt/airflow/dags/prediction_dag.py took 0.305 seconds
[2026-01-08T16:44:44.328+0000] {processor.py:161} INFO - Started process (PID=36291) to work on /opt/airflow/dags/prediction_dag.py
[2026-01-08T16:44:44.331+0000] {processor.py:830} INFO - Processing file /opt/airflow/dags/prediction_dag.py for tasks to queue
[2026-01-08T16:44:44.337+0000] {logging_mixin.py:188} INFO - [2026-01-08T16:44:44.335+0000] {dagbag.py:540} INFO - Filling up the DagBag from /opt/airflow/dags/prediction_dag.py
[2026-01-08T16:44:44.391+0000] {processor.py:840} INFO - DAG(s) 'prediction_dag' retrieved from /opt/airflow/dags/prediction_dag.py
[2026-01-08T16:44:44.458+0000] {logging_mixin.py:188} INFO - [2026-01-08T16:44:44.458+0000] {dag.py:3047} INFO - Sync 1 DAGs
[2026-01-08T16:44:44.513+0000] {logging_mixin.py:188} INFO - [2026-01-08T16:44:44.513+0000] {dag.py:3834} INFO - Setting next_dagrun for prediction_dag to 2026-01-08 16:44:00+00:00, run_after=2026-01-08 16:46:00+00:00
[2026-01-08T16:44:44.534+0000] {processor.py:183} INFO - Processing /opt/airflow/dags/prediction_dag.py took 0.225 seconds
[2026-01-08T16:45:14.956+0000] {processor.py:161} INFO - Started process (PID=36371) to work on /opt/airflow/dags/prediction_dag.py
[2026-01-08T16:45:14.958+0000] {processor.py:830} INFO - Processing file /opt/airflow/dags/prediction_dag.py for tasks to queue
[2026-01-08T16:45:14.959+0000] {logging_mixin.py:188} INFO - [2026-01-08T16:45:14.959+0000] {dagbag.py:540} INFO - Filling up the DagBag from /opt/airflow/dags/prediction_dag.py
[2026-01-08T16:45:14.994+0000] {processor.py:840} INFO - DAG(s) 'prediction_dag' retrieved from /opt/airflow/dags/prediction_dag.py
[2026-01-08T16:45:15.038+0000] {logging_mixin.py:188} INFO - [2026-01-08T16:45:15.037+0000] {dag.py:3047} INFO - Sync 1 DAGs
[2026-01-08T16:45:15.072+0000] {logging_mixin.py:188} INFO - [2026-01-08T16:45:15.072+0000] {dag.py:3834} INFO - Setting next_dagrun for prediction_dag to 2026-01-08 16:44:00+00:00, run_after=2026-01-08 16:46:00+00:00
[2026-01-08T16:45:15.086+0000] {processor.py:183} INFO - Processing /opt/airflow/dags/prediction_dag.py took 0.139 seconds
[2026-01-08T16:45:45.941+0000] {processor.py:161} INFO - Started process (PID=36389) to work on /opt/airflow/dags/prediction_dag.py
[2026-01-08T16:45:45.944+0000] {processor.py:830} INFO - Processing file /opt/airflow/dags/prediction_dag.py for tasks to queue
[2026-01-08T16:45:45.947+0000] {logging_mixin.py:188} INFO - [2026-01-08T16:45:45.946+0000] {dagbag.py:540} INFO - Filling up the DagBag from /opt/airflow/dags/prediction_dag.py
[2026-01-08T16:45:46.059+0000] {processor.py:840} INFO - DAG(s) 'prediction_dag' retrieved from /opt/airflow/dags/prediction_dag.py
[2026-01-08T16:45:46.155+0000] {logging_mixin.py:188} INFO - [2026-01-08T16:45:46.155+0000] {dag.py:3047} INFO - Sync 1 DAGs
[2026-01-08T16:45:46.197+0000] {logging_mixin.py:188} INFO - [2026-01-08T16:45:46.197+0000] {dag.py:3834} INFO - Setting next_dagrun for prediction_dag to 2026-01-08 16:44:00+00:00, run_after=2026-01-08 16:46:00+00:00
[2026-01-08T16:45:46.215+0000] {processor.py:183} INFO - Processing /opt/airflow/dags/prediction_dag.py took 0.291 seconds
[2026-01-08T16:46:16.987+0000] {processor.py:161} INFO - Started process (PID=36435) to work on /opt/airflow/dags/prediction_dag.py
[2026-01-08T16:46:16.995+0000] {processor.py:830} INFO - Processing file /opt/airflow/dags/prediction_dag.py for tasks to queue
[2026-01-08T16:46:16.998+0000] {logging_mixin.py:188} INFO - [2026-01-08T16:46:16.997+0000] {dagbag.py:540} INFO - Filling up the DagBag from /opt/airflow/dags/prediction_dag.py
[2026-01-08T16:46:17.073+0000] {processor.py:840} INFO - DAG(s) 'prediction_dag' retrieved from /opt/airflow/dags/prediction_dag.py
[2026-01-08T16:46:17.210+0000] {logging_mixin.py:188} INFO - [2026-01-08T16:46:17.210+0000] {dag.py:3047} INFO - Sync 1 DAGs
[2026-01-08T16:46:17.302+0000] {logging_mixin.py:188} INFO - [2026-01-08T16:46:17.302+0000] {dag.py:3834} INFO - Setting next_dagrun for prediction_dag to 2026-01-08 16:46:00+00:00, run_after=2026-01-08 16:48:00+00:00
[2026-01-08T16:46:17.330+0000] {processor.py:183} INFO - Processing /opt/airflow/dags/prediction_dag.py took 0.369 seconds
[2026-01-08T16:46:48.355+0000] {processor.py:161} INFO - Started process (PID=36493) to work on /opt/airflow/dags/prediction_dag.py
[2026-01-08T16:46:48.360+0000] {processor.py:830} INFO - Processing file /opt/airflow/dags/prediction_dag.py for tasks to queue
[2026-01-08T16:46:48.363+0000] {logging_mixin.py:188} INFO - [2026-01-08T16:46:48.362+0000] {dagbag.py:540} INFO - Filling up the DagBag from /opt/airflow/dags/prediction_dag.py
[2026-01-08T16:46:48.411+0000] {processor.py:840} INFO - DAG(s) 'prediction_dag' retrieved from /opt/airflow/dags/prediction_dag.py
[2026-01-08T16:46:48.521+0000] {logging_mixin.py:188} INFO - [2026-01-08T16:46:48.520+0000] {dag.py:3047} INFO - Sync 1 DAGs
[2026-01-08T16:46:48.797+0000] {logging_mixin.py:188} INFO - [2026-01-08T16:46:48.796+0000] {dag.py:3834} INFO - Setting next_dagrun for prediction_dag to 2026-01-08 16:46:00+00:00, run_after=2026-01-08 16:48:00+00:00
[2026-01-08T16:46:48.819+0000] {processor.py:183} INFO - Processing /opt/airflow/dags/prediction_dag.py took 0.488 seconds
[2026-01-08T16:47:21.283+0000] {processor.py:161} INFO - Started process (PID=36570) to work on /opt/airflow/dags/prediction_dag.py
[2026-01-08T16:47:21.331+0000] {processor.py:830} INFO - Processing file /opt/airflow/dags/prediction_dag.py for tasks to queue
[2026-01-08T16:47:21.355+0000] {logging_mixin.py:188} INFO - [2026-01-08T16:47:21.342+0000] {dagbag.py:540} INFO - Filling up the DagBag from /opt/airflow/dags/prediction_dag.py
[2026-01-08T16:47:21.776+0000] {processor.py:840} INFO - DAG(s) 'prediction_dag' retrieved from /opt/airflow/dags/prediction_dag.py
[2026-01-08T16:47:22.397+0000] {logging_mixin.py:188} INFO - [2026-01-08T16:47:22.394+0000] {dag.py:3047} INFO - Sync 1 DAGs
[2026-01-08T16:47:22.658+0000] {logging_mixin.py:188} INFO - [2026-01-08T16:47:22.657+0000] {dag.py:3834} INFO - Setting next_dagrun for prediction_dag to 2026-01-08 16:46:00+00:00, run_after=2026-01-08 16:48:00+00:00
[2026-01-08T16:47:22.833+0000] {processor.py:183} INFO - Processing /opt/airflow/dags/prediction_dag.py took 1.768 seconds
[2026-01-08T16:47:53.522+0000] {processor.py:161} INFO - Started process (PID=36591) to work on /opt/airflow/dags/prediction_dag.py
[2026-01-08T16:47:53.532+0000] {processor.py:830} INFO - Processing file /opt/airflow/dags/prediction_dag.py for tasks to queue
[2026-01-08T16:47:53.537+0000] {logging_mixin.py:188} INFO - [2026-01-08T16:47:53.536+0000] {dagbag.py:540} INFO - Filling up the DagBag from /opt/airflow/dags/prediction_dag.py
[2026-01-08T16:47:53.667+0000] {processor.py:840} INFO - DAG(s) 'prediction_dag' retrieved from /opt/airflow/dags/prediction_dag.py
[2026-01-08T16:47:53.812+0000] {logging_mixin.py:188} INFO - [2026-01-08T16:47:53.812+0000] {dag.py:3047} INFO - Sync 1 DAGs
[2026-01-08T16:47:53.858+0000] {logging_mixin.py:188} INFO - [2026-01-08T16:47:53.858+0000] {dag.py:3834} INFO - Setting next_dagrun for prediction_dag to 2026-01-08 16:46:00+00:00, run_after=2026-01-08 16:48:00+00:00
[2026-01-08T16:47:53.883+0000] {processor.py:183} INFO - Processing /opt/airflow/dags/prediction_dag.py took 0.419 seconds
[2026-01-08T16:48:24.787+0000] {processor.py:161} INFO - Started process (PID=36677) to work on /opt/airflow/dags/prediction_dag.py
[2026-01-08T16:48:24.789+0000] {processor.py:830} INFO - Processing file /opt/airflow/dags/prediction_dag.py for tasks to queue
[2026-01-08T16:48:24.794+0000] {logging_mixin.py:188} INFO - [2026-01-08T16:48:24.790+0000] {dagbag.py:540} INFO - Filling up the DagBag from /opt/airflow/dags/prediction_dag.py
[2026-01-08T16:48:24.826+0000] {processor.py:840} INFO - DAG(s) 'prediction_dag' retrieved from /opt/airflow/dags/prediction_dag.py
[2026-01-08T16:48:24.882+0000] {logging_mixin.py:188} INFO - [2026-01-08T16:48:24.882+0000] {dag.py:3047} INFO - Sync 1 DAGs
[2026-01-08T16:48:24.922+0000] {logging_mixin.py:188} INFO - [2026-01-08T16:48:24.922+0000] {dag.py:3834} INFO - Setting next_dagrun for prediction_dag to 2026-01-08 16:48:00+00:00, run_after=2026-01-08 16:50:00+00:00
[2026-01-08T16:48:24.945+0000] {processor.py:183} INFO - Processing /opt/airflow/dags/prediction_dag.py took 0.167 seconds
[2026-01-08T16:48:55.707+0000] {processor.py:161} INFO - Started process (PID=36695) to work on /opt/airflow/dags/prediction_dag.py
[2026-01-08T16:48:55.710+0000] {processor.py:830} INFO - Processing file /opt/airflow/dags/prediction_dag.py for tasks to queue
[2026-01-08T16:48:55.711+0000] {logging_mixin.py:188} INFO - [2026-01-08T16:48:55.710+0000] {dagbag.py:540} INFO - Filling up the DagBag from /opt/airflow/dags/prediction_dag.py
[2026-01-08T16:48:55.736+0000] {processor.py:840} INFO - DAG(s) 'prediction_dag' retrieved from /opt/airflow/dags/prediction_dag.py
[2026-01-08T16:48:55.779+0000] {logging_mixin.py:188} INFO - [2026-01-08T16:48:55.779+0000] {dag.py:3047} INFO - Sync 1 DAGs
[2026-01-08T16:48:55.809+0000] {logging_mixin.py:188} INFO - [2026-01-08T16:48:55.809+0000] {dag.py:3834} INFO - Setting next_dagrun for prediction_dag to 2026-01-08 16:48:00+00:00, run_after=2026-01-08 16:50:00+00:00
[2026-01-08T16:48:55.823+0000] {processor.py:183} INFO - Processing /opt/airflow/dags/prediction_dag.py took 0.123 seconds
[2026-01-08T16:49:26.577+0000] {processor.py:161} INFO - Started process (PID=36775) to work on /opt/airflow/dags/prediction_dag.py
[2026-01-08T16:49:26.580+0000] {processor.py:830} INFO - Processing file /opt/airflow/dags/prediction_dag.py for tasks to queue
[2026-01-08T16:49:26.582+0000] {logging_mixin.py:188} INFO - [2026-01-08T16:49:26.581+0000] {dagbag.py:540} INFO - Filling up the DagBag from /opt/airflow/dags/prediction_dag.py
[2026-01-08T16:49:26.616+0000] {processor.py:840} INFO - DAG(s) 'prediction_dag' retrieved from /opt/airflow/dags/prediction_dag.py
[2026-01-08T16:49:26.663+0000] {logging_mixin.py:188} INFO - [2026-01-08T16:49:26.662+0000] {dag.py:3047} INFO - Sync 1 DAGs
[2026-01-08T16:49:26.700+0000] {logging_mixin.py:188} INFO - [2026-01-08T16:49:26.700+0000] {dag.py:3834} INFO - Setting next_dagrun for prediction_dag to 2026-01-08 16:48:00+00:00, run_after=2026-01-08 16:50:00+00:00
[2026-01-08T16:49:26.716+0000] {processor.py:183} INFO - Processing /opt/airflow/dags/prediction_dag.py took 0.153 seconds
[2026-01-08T16:49:57.226+0000] {processor.py:161} INFO - Started process (PID=36793) to work on /opt/airflow/dags/prediction_dag.py
[2026-01-08T16:49:57.227+0000] {processor.py:830} INFO - Processing file /opt/airflow/dags/prediction_dag.py for tasks to queue
[2026-01-08T16:49:57.229+0000] {logging_mixin.py:188} INFO - [2026-01-08T16:49:57.228+0000] {dagbag.py:540} INFO - Filling up the DagBag from /opt/airflow/dags/prediction_dag.py
[2026-01-08T16:49:57.261+0000] {processor.py:840} INFO - DAG(s) 'prediction_dag' retrieved from /opt/airflow/dags/prediction_dag.py
[2026-01-08T16:49:57.311+0000] {logging_mixin.py:188} INFO - [2026-01-08T16:49:57.310+0000] {dag.py:3047} INFO - Sync 1 DAGs
[2026-01-08T16:49:57.342+0000] {logging_mixin.py:188} INFO - [2026-01-08T16:49:57.342+0000] {dag.py:3834} INFO - Setting next_dagrun for prediction_dag to 2026-01-08 16:48:00+00:00, run_after=2026-01-08 16:50:00+00:00
[2026-01-08T16:49:57.363+0000] {processor.py:183} INFO - Processing /opt/airflow/dags/prediction_dag.py took 0.146 seconds
[2026-01-08T16:50:27.558+0000] {processor.py:161} INFO - Started process (PID=36879) to work on /opt/airflow/dags/prediction_dag.py
[2026-01-08T16:50:27.560+0000] {processor.py:830} INFO - Processing file /opt/airflow/dags/prediction_dag.py for tasks to queue
[2026-01-08T16:50:27.561+0000] {logging_mixin.py:188} INFO - [2026-01-08T16:50:27.561+0000] {dagbag.py:540} INFO - Filling up the DagBag from /opt/airflow/dags/prediction_dag.py
[2026-01-08T16:50:27.606+0000] {processor.py:840} INFO - DAG(s) 'prediction_dag' retrieved from /opt/airflow/dags/prediction_dag.py
[2026-01-08T16:50:27.655+0000] {logging_mixin.py:188} INFO - [2026-01-08T16:50:27.655+0000] {dag.py:3047} INFO - Sync 1 DAGs
[2026-01-08T16:50:27.698+0000] {logging_mixin.py:188} INFO - [2026-01-08T16:50:27.698+0000] {dag.py:3834} INFO - Setting next_dagrun for prediction_dag to 2026-01-08 16:50:00+00:00, run_after=2026-01-08 16:52:00+00:00
[2026-01-08T16:50:27.714+0000] {processor.py:183} INFO - Processing /opt/airflow/dags/prediction_dag.py took 0.165 seconds
[2026-01-08T16:50:57.964+0000] {processor.py:161} INFO - Started process (PID=36897) to work on /opt/airflow/dags/prediction_dag.py
[2026-01-08T16:50:57.967+0000] {processor.py:830} INFO - Processing file /opt/airflow/dags/prediction_dag.py for tasks to queue
[2026-01-08T16:50:57.968+0000] {logging_mixin.py:188} INFO - [2026-01-08T16:50:57.968+0000] {dagbag.py:540} INFO - Filling up the DagBag from /opt/airflow/dags/prediction_dag.py
[2026-01-08T16:50:58.022+0000] {processor.py:840} INFO - DAG(s) 'prediction_dag' retrieved from /opt/airflow/dags/prediction_dag.py
[2026-01-08T16:50:58.103+0000] {logging_mixin.py:188} INFO - [2026-01-08T16:50:58.102+0000] {dag.py:3047} INFO - Sync 1 DAGs
[2026-01-08T16:50:58.145+0000] {logging_mixin.py:188} INFO - [2026-01-08T16:50:58.145+0000] {dag.py:3834} INFO - Setting next_dagrun for prediction_dag to 2026-01-08 16:50:00+00:00, run_after=2026-01-08 16:52:00+00:00
[2026-01-08T16:50:58.204+0000] {processor.py:183} INFO - Processing /opt/airflow/dags/prediction_dag.py took 0.250 seconds
[2026-01-08T16:51:28.525+0000] {processor.py:161} INFO - Started process (PID=36977) to work on /opt/airflow/dags/prediction_dag.py
[2026-01-08T16:51:28.527+0000] {processor.py:830} INFO - Processing file /opt/airflow/dags/prediction_dag.py for tasks to queue
[2026-01-08T16:51:28.527+0000] {logging_mixin.py:188} INFO - [2026-01-08T16:51:28.527+0000] {dagbag.py:540} INFO - Filling up the DagBag from /opt/airflow/dags/prediction_dag.py
[2026-01-08T16:51:28.560+0000] {processor.py:840} INFO - DAG(s) 'prediction_dag' retrieved from /opt/airflow/dags/prediction_dag.py
[2026-01-08T16:51:28.665+0000] {logging_mixin.py:188} INFO - [2026-01-08T16:51:28.664+0000] {dag.py:3047} INFO - Sync 1 DAGs
[2026-01-08T16:51:28.715+0000] {logging_mixin.py:188} INFO - [2026-01-08T16:51:28.714+0000] {dag.py:3834} INFO - Setting next_dagrun for prediction_dag to 2026-01-08 16:50:00+00:00, run_after=2026-01-08 16:52:00+00:00
[2026-01-08T16:51:28.728+0000] {processor.py:183} INFO - Processing /opt/airflow/dags/prediction_dag.py took 0.214 seconds
[2026-01-08T16:51:59.093+0000] {processor.py:161} INFO - Started process (PID=36985) to work on /opt/airflow/dags/prediction_dag.py
[2026-01-08T16:51:59.095+0000] {processor.py:830} INFO - Processing file /opt/airflow/dags/prediction_dag.py for tasks to queue
[2026-01-08T16:51:59.097+0000] {logging_mixin.py:188} INFO - [2026-01-08T16:51:59.097+0000] {dagbag.py:540} INFO - Filling up the DagBag from /opt/airflow/dags/prediction_dag.py
[2026-01-08T16:51:59.137+0000] {processor.py:840} INFO - DAG(s) 'prediction_dag' retrieved from /opt/airflow/dags/prediction_dag.py
[2026-01-08T16:51:59.214+0000] {logging_mixin.py:188} INFO - [2026-01-08T16:51:59.214+0000] {dag.py:3047} INFO - Sync 1 DAGs
[2026-01-08T16:51:59.258+0000] {logging_mixin.py:188} INFO - [2026-01-08T16:51:59.257+0000] {dag.py:3834} INFO - Setting next_dagrun for prediction_dag to 2026-01-08 16:50:00+00:00, run_after=2026-01-08 16:52:00+00:00
[2026-01-08T16:51:59.277+0000] {processor.py:183} INFO - Processing /opt/airflow/dags/prediction_dag.py took 0.194 seconds
[2026-01-08T16:52:29.397+0000] {processor.py:161} INFO - Started process (PID=37068) to work on /opt/airflow/dags/prediction_dag.py
[2026-01-08T16:52:29.399+0000] {processor.py:830} INFO - Processing file /opt/airflow/dags/prediction_dag.py for tasks to queue
[2026-01-08T16:52:29.401+0000] {logging_mixin.py:188} INFO - [2026-01-08T16:52:29.400+0000] {dagbag.py:540} INFO - Filling up the DagBag from /opt/airflow/dags/prediction_dag.py
[2026-01-08T16:52:29.442+0000] {processor.py:840} INFO - DAG(s) 'prediction_dag' retrieved from /opt/airflow/dags/prediction_dag.py
[2026-01-08T16:52:29.521+0000] {logging_mixin.py:188} INFO - [2026-01-08T16:52:29.521+0000] {dag.py:3047} INFO - Sync 1 DAGs
[2026-01-08T16:52:29.564+0000] {logging_mixin.py:188} INFO - [2026-01-08T16:52:29.564+0000] {dag.py:3834} INFO - Setting next_dagrun for prediction_dag to 2026-01-08 16:52:00+00:00, run_after=2026-01-08 16:54:00+00:00
[2026-01-08T16:52:29.585+0000] {processor.py:183} INFO - Processing /opt/airflow/dags/prediction_dag.py took 0.203 seconds
[2026-01-08T16:53:00.201+0000] {processor.py:161} INFO - Started process (PID=37086) to work on /opt/airflow/dags/prediction_dag.py
[2026-01-08T16:53:00.204+0000] {processor.py:830} INFO - Processing file /opt/airflow/dags/prediction_dag.py for tasks to queue
[2026-01-08T16:53:00.205+0000] {logging_mixin.py:188} INFO - [2026-01-08T16:53:00.205+0000] {dagbag.py:540} INFO - Filling up the DagBag from /opt/airflow/dags/prediction_dag.py
[2026-01-08T16:53:00.313+0000] {processor.py:840} INFO - DAG(s) 'prediction_dag' retrieved from /opt/airflow/dags/prediction_dag.py
[2026-01-08T16:53:00.493+0000] {logging_mixin.py:188} INFO - [2026-01-08T16:53:00.492+0000] {dag.py:3047} INFO - Sync 1 DAGs
[2026-01-08T16:53:00.595+0000] {logging_mixin.py:188} INFO - [2026-01-08T16:53:00.595+0000] {dag.py:3834} INFO - Setting next_dagrun for prediction_dag to 2026-01-08 16:52:00+00:00, run_after=2026-01-08 16:54:00+00:00
[2026-01-08T16:53:00.627+0000] {processor.py:183} INFO - Processing /opt/airflow/dags/prediction_dag.py took 0.441 seconds
[2026-01-08T16:53:31.002+0000] {processor.py:161} INFO - Started process (PID=37166) to work on /opt/airflow/dags/prediction_dag.py
[2026-01-08T16:53:31.005+0000] {processor.py:830} INFO - Processing file /opt/airflow/dags/prediction_dag.py for tasks to queue
[2026-01-08T16:53:31.008+0000] {logging_mixin.py:188} INFO - [2026-01-08T16:53:31.007+0000] {dagbag.py:540} INFO - Filling up the DagBag from /opt/airflow/dags/prediction_dag.py
[2026-01-08T16:53:31.074+0000] {processor.py:840} INFO - DAG(s) 'prediction_dag' retrieved from /opt/airflow/dags/prediction_dag.py
[2026-01-08T16:53:31.179+0000] {logging_mixin.py:188} INFO - [2026-01-08T16:53:31.178+0000] {dag.py:3047} INFO - Sync 1 DAGs
[2026-01-08T16:53:31.282+0000] {logging_mixin.py:188} INFO - [2026-01-08T16:53:31.282+0000] {dag.py:3834} INFO - Setting next_dagrun for prediction_dag to 2026-01-08 16:52:00+00:00, run_after=2026-01-08 16:54:00+00:00
[2026-01-08T16:53:31.309+0000] {processor.py:183} INFO - Processing /opt/airflow/dags/prediction_dag.py took 0.333 seconds
[2026-01-08T16:54:01.900+0000] {processor.py:161} INFO - Started process (PID=37188) to work on /opt/airflow/dags/prediction_dag.py
[2026-01-08T16:54:01.903+0000] {processor.py:830} INFO - Processing file /opt/airflow/dags/prediction_dag.py for tasks to queue
[2026-01-08T16:54:01.906+0000] {logging_mixin.py:188} INFO - [2026-01-08T16:54:01.906+0000] {dagbag.py:540} INFO - Filling up the DagBag from /opt/airflow/dags/prediction_dag.py
[2026-01-08T16:54:01.927+0000] {processor.py:840} INFO - DAG(s) 'prediction_dag' retrieved from /opt/airflow/dags/prediction_dag.py
[2026-01-08T16:54:01.965+0000] {logging_mixin.py:188} INFO - [2026-01-08T16:54:01.965+0000] {dag.py:3047} INFO - Sync 1 DAGs
[2026-01-08T16:54:02.003+0000] {logging_mixin.py:188} INFO - [2026-01-08T16:54:02.003+0000] {dag.py:3834} INFO - Setting next_dagrun for prediction_dag to 2026-01-08 16:54:00+00:00, run_after=2026-01-08 16:56:00+00:00
[2026-01-08T16:54:02.019+0000] {processor.py:183} INFO - Processing /opt/airflow/dags/prediction_dag.py took 0.125 seconds
[2026-01-08T16:54:32.865+0000] {processor.py:161} INFO - Started process (PID=37270) to work on /opt/airflow/dags/prediction_dag.py
[2026-01-08T16:54:32.867+0000] {processor.py:830} INFO - Processing file /opt/airflow/dags/prediction_dag.py for tasks to queue
[2026-01-08T16:54:32.869+0000] {logging_mixin.py:188} INFO - [2026-01-08T16:54:32.868+0000] {dagbag.py:540} INFO - Filling up the DagBag from /opt/airflow/dags/prediction_dag.py
[2026-01-08T16:54:32.921+0000] {processor.py:840} INFO - DAG(s) 'prediction_dag' retrieved from /opt/airflow/dags/prediction_dag.py
[2026-01-08T16:54:32.997+0000] {logging_mixin.py:188} INFO - [2026-01-08T16:54:32.997+0000] {dag.py:3047} INFO - Sync 1 DAGs
[2026-01-08T16:54:33.042+0000] {logging_mixin.py:188} INFO - [2026-01-08T16:54:33.042+0000] {dag.py:3834} INFO - Setting next_dagrun for prediction_dag to 2026-01-08 16:54:00+00:00, run_after=2026-01-08 16:56:00+00:00
[2026-01-08T16:54:33.063+0000] {processor.py:183} INFO - Processing /opt/airflow/dags/prediction_dag.py took 0.210 seconds
[2026-01-08T16:55:03.161+0000] {processor.py:161} INFO - Started process (PID=37299) to work on /opt/airflow/dags/prediction_dag.py
[2026-01-08T16:55:03.162+0000] {processor.py:830} INFO - Processing file /opt/airflow/dags/prediction_dag.py for tasks to queue
[2026-01-08T16:55:03.165+0000] {logging_mixin.py:188} INFO - [2026-01-08T16:55:03.164+0000] {dagbag.py:540} INFO - Filling up the DagBag from /opt/airflow/dags/prediction_dag.py
[2026-01-08T16:55:03.191+0000] {processor.py:840} INFO - DAG(s) 'prediction_dag' retrieved from /opt/airflow/dags/prediction_dag.py
[2026-01-08T16:55:03.243+0000] {logging_mixin.py:188} INFO - [2026-01-08T16:55:03.243+0000] {dag.py:3047} INFO - Sync 1 DAGs
[2026-01-08T16:55:03.272+0000] {logging_mixin.py:188} INFO - [2026-01-08T16:55:03.271+0000] {dag.py:3834} INFO - Setting next_dagrun for prediction_dag to 2026-01-08 16:54:00+00:00, run_after=2026-01-08 16:56:00+00:00
[2026-01-08T16:55:03.291+0000] {processor.py:183} INFO - Processing /opt/airflow/dags/prediction_dag.py took 0.135 seconds
[2026-01-08T16:55:34.046+0000] {processor.py:161} INFO - Started process (PID=37368) to work on /opt/airflow/dags/prediction_dag.py
[2026-01-08T16:55:34.048+0000] {processor.py:830} INFO - Processing file /opt/airflow/dags/prediction_dag.py for tasks to queue
[2026-01-08T16:55:34.049+0000] {logging_mixin.py:188} INFO - [2026-01-08T16:55:34.049+0000] {dagbag.py:540} INFO - Filling up the DagBag from /opt/airflow/dags/prediction_dag.py
[2026-01-08T16:55:34.080+0000] {processor.py:840} INFO - DAG(s) 'prediction_dag' retrieved from /opt/airflow/dags/prediction_dag.py
[2026-01-08T16:55:34.138+0000] {logging_mixin.py:188} INFO - [2026-01-08T16:55:34.138+0000] {dag.py:3047} INFO - Sync 1 DAGs
[2026-01-08T16:55:34.180+0000] {logging_mixin.py:188} INFO - [2026-01-08T16:55:34.180+0000] {dag.py:3834} INFO - Setting next_dagrun for prediction_dag to 2026-01-08 16:54:00+00:00, run_after=2026-01-08 16:56:00+00:00
[2026-01-08T16:55:34.198+0000] {processor.py:183} INFO - Processing /opt/airflow/dags/prediction_dag.py took 0.162 seconds
[2026-01-08T16:56:04.843+0000] {processor.py:161} INFO - Started process (PID=37403) to work on /opt/airflow/dags/prediction_dag.py
[2026-01-08T16:56:04.845+0000] {processor.py:830} INFO - Processing file /opt/airflow/dags/prediction_dag.py for tasks to queue
[2026-01-08T16:56:04.846+0000] {logging_mixin.py:188} INFO - [2026-01-08T16:56:04.845+0000] {dagbag.py:540} INFO - Filling up the DagBag from /opt/airflow/dags/prediction_dag.py
[2026-01-08T16:56:04.882+0000] {processor.py:840} INFO - DAG(s) 'prediction_dag' retrieved from /opt/airflow/dags/prediction_dag.py
[2026-01-08T16:56:04.945+0000] {logging_mixin.py:188} INFO - [2026-01-08T16:56:04.944+0000] {dag.py:3047} INFO - Sync 1 DAGs
[2026-01-08T16:56:05.073+0000] {logging_mixin.py:188} INFO - [2026-01-08T16:56:05.073+0000] {dag.py:3834} INFO - Setting next_dagrun for prediction_dag to 2026-01-08 16:56:00+00:00, run_after=2026-01-08 16:58:00+00:00
[2026-01-08T16:56:05.094+0000] {processor.py:183} INFO - Processing /opt/airflow/dags/prediction_dag.py took 0.257 seconds
[2026-01-08T16:56:35.550+0000] {processor.py:161} INFO - Started process (PID=37472) to work on /opt/airflow/dags/prediction_dag.py
[2026-01-08T16:56:35.552+0000] {processor.py:830} INFO - Processing file /opt/airflow/dags/prediction_dag.py for tasks to queue
[2026-01-08T16:56:35.553+0000] {logging_mixin.py:188} INFO - [2026-01-08T16:56:35.552+0000] {dagbag.py:540} INFO - Filling up the DagBag from /opt/airflow/dags/prediction_dag.py
[2026-01-08T16:56:35.589+0000] {processor.py:840} INFO - DAG(s) 'prediction_dag' retrieved from /opt/airflow/dags/prediction_dag.py
[2026-01-08T16:56:35.641+0000] {logging_mixin.py:188} INFO - [2026-01-08T16:56:35.640+0000] {dag.py:3047} INFO - Sync 1 DAGs
[2026-01-08T16:56:35.677+0000] {logging_mixin.py:188} INFO - [2026-01-08T16:56:35.676+0000] {dag.py:3834} INFO - Setting next_dagrun for prediction_dag to 2026-01-08 16:56:00+00:00, run_after=2026-01-08 16:58:00+00:00
[2026-01-08T16:56:35.695+0000] {processor.py:183} INFO - Processing /opt/airflow/dags/prediction_dag.py took 0.155 seconds
[2026-01-08T16:57:06.222+0000] {processor.py:161} INFO - Started process (PID=37510) to work on /opt/airflow/dags/prediction_dag.py
[2026-01-08T16:57:06.224+0000] {processor.py:830} INFO - Processing file /opt/airflow/dags/prediction_dag.py for tasks to queue
[2026-01-08T16:57:06.226+0000] {logging_mixin.py:188} INFO - [2026-01-08T16:57:06.225+0000] {dagbag.py:540} INFO - Filling up the DagBag from /opt/airflow/dags/prediction_dag.py
[2026-01-08T16:57:06.251+0000] {processor.py:840} INFO - DAG(s) 'prediction_dag' retrieved from /opt/airflow/dags/prediction_dag.py
[2026-01-08T16:57:06.288+0000] {logging_mixin.py:188} INFO - [2026-01-08T16:57:06.288+0000] {dag.py:3047} INFO - Sync 1 DAGs
[2026-01-08T16:57:06.326+0000] {logging_mixin.py:188} INFO - [2026-01-08T16:57:06.326+0000] {dag.py:3834} INFO - Setting next_dagrun for prediction_dag to 2026-01-08 16:56:00+00:00, run_after=2026-01-08 16:58:00+00:00
[2026-01-08T16:57:06.340+0000] {processor.py:183} INFO - Processing /opt/airflow/dags/prediction_dag.py took 0.131 seconds
[2026-01-08T16:57:37.047+0000] {processor.py:161} INFO - Started process (PID=37570) to work on /opt/airflow/dags/prediction_dag.py
[2026-01-08T16:57:37.050+0000] {processor.py:830} INFO - Processing file /opt/airflow/dags/prediction_dag.py for tasks to queue
[2026-01-08T16:57:37.051+0000] {logging_mixin.py:188} INFO - [2026-01-08T16:57:37.050+0000] {dagbag.py:540} INFO - Filling up the DagBag from /opt/airflow/dags/prediction_dag.py
[2026-01-08T16:57:37.085+0000] {processor.py:840} INFO - DAG(s) 'prediction_dag' retrieved from /opt/airflow/dags/prediction_dag.py
[2026-01-08T16:57:37.138+0000] {logging_mixin.py:188} INFO - [2026-01-08T16:57:37.138+0000] {dag.py:3047} INFO - Sync 1 DAGs
[2026-01-08T16:57:37.172+0000] {logging_mixin.py:188} INFO - [2026-01-08T16:57:37.172+0000] {dag.py:3834} INFO - Setting next_dagrun for prediction_dag to 2026-01-08 16:56:00+00:00, run_after=2026-01-08 16:58:00+00:00
[2026-01-08T16:57:37.187+0000] {processor.py:183} INFO - Processing /opt/airflow/dags/prediction_dag.py took 0.148 seconds
[2026-01-08T16:58:07.738+0000] {processor.py:161} INFO - Started process (PID=37614) to work on /opt/airflow/dags/prediction_dag.py
[2026-01-08T16:58:07.740+0000] {processor.py:830} INFO - Processing file /opt/airflow/dags/prediction_dag.py for tasks to queue
[2026-01-08T16:58:07.741+0000] {logging_mixin.py:188} INFO - [2026-01-08T16:58:07.741+0000] {dagbag.py:540} INFO - Filling up the DagBag from /opt/airflow/dags/prediction_dag.py
[2026-01-08T16:58:07.771+0000] {processor.py:840} INFO - DAG(s) 'prediction_dag' retrieved from /opt/airflow/dags/prediction_dag.py
[2026-01-08T16:58:07.811+0000] {logging_mixin.py:188} INFO - [2026-01-08T16:58:07.811+0000] {dag.py:3047} INFO - Sync 1 DAGs
[2026-01-08T16:58:07.839+0000] {logging_mixin.py:188} INFO - [2026-01-08T16:58:07.839+0000] {dag.py:3834} INFO - Setting next_dagrun for prediction_dag to 2026-01-08 16:58:00+00:00, run_after=2026-01-08 17:00:00+00:00
[2026-01-08T16:58:07.855+0000] {processor.py:183} INFO - Processing /opt/airflow/dags/prediction_dag.py took 0.126 seconds
[2026-01-08T16:58:38.175+0000] {processor.py:161} INFO - Started process (PID=37672) to work on /opt/airflow/dags/prediction_dag.py
[2026-01-08T16:58:38.179+0000] {processor.py:830} INFO - Processing file /opt/airflow/dags/prediction_dag.py for tasks to queue
[2026-01-08T16:58:38.182+0000] {logging_mixin.py:188} INFO - [2026-01-08T16:58:38.180+0000] {dagbag.py:540} INFO - Filling up the DagBag from /opt/airflow/dags/prediction_dag.py
[2026-01-08T16:58:38.225+0000] {processor.py:840} INFO - DAG(s) 'prediction_dag' retrieved from /opt/airflow/dags/prediction_dag.py
[2026-01-08T16:58:38.272+0000] {logging_mixin.py:188} INFO - [2026-01-08T16:58:38.272+0000] {dag.py:3047} INFO - Sync 1 DAGs
[2026-01-08T16:58:38.304+0000] {logging_mixin.py:188} INFO - [2026-01-08T16:58:38.304+0000] {dag.py:3834} INFO - Setting next_dagrun for prediction_dag to 2026-01-08 16:58:00+00:00, run_after=2026-01-08 17:00:00+00:00
[2026-01-08T16:58:38.331+0000] {processor.py:183} INFO - Processing /opt/airflow/dags/prediction_dag.py took 0.171 seconds
[2026-01-08T16:59:08.398+0000] {processor.py:161} INFO - Started process (PID=37708) to work on /opt/airflow/dags/prediction_dag.py
[2026-01-08T16:59:08.402+0000] {processor.py:830} INFO - Processing file /opt/airflow/dags/prediction_dag.py for tasks to queue
[2026-01-08T16:59:08.404+0000] {logging_mixin.py:188} INFO - [2026-01-08T16:59:08.403+0000] {dagbag.py:540} INFO - Filling up the DagBag from /opt/airflow/dags/prediction_dag.py
[2026-01-08T16:59:08.436+0000] {processor.py:840} INFO - DAG(s) 'prediction_dag' retrieved from /opt/airflow/dags/prediction_dag.py
[2026-01-08T16:59:08.495+0000] {logging_mixin.py:188} INFO - [2026-01-08T16:59:08.495+0000] {dag.py:3047} INFO - Sync 1 DAGs
[2026-01-08T16:59:08.533+0000] {logging_mixin.py:188} INFO - [2026-01-08T16:59:08.532+0000] {dag.py:3834} INFO - Setting next_dagrun for prediction_dag to 2026-01-08 16:58:00+00:00, run_after=2026-01-08 17:00:00+00:00
[2026-01-08T16:59:08.553+0000] {processor.py:183} INFO - Processing /opt/airflow/dags/prediction_dag.py took 0.165 seconds
[2026-01-08T16:59:38.793+0000] {processor.py:161} INFO - Started process (PID=37759) to work on /opt/airflow/dags/prediction_dag.py
[2026-01-08T16:59:38.796+0000] {processor.py:830} INFO - Processing file /opt/airflow/dags/prediction_dag.py for tasks to queue
[2026-01-08T16:59:38.799+0000] {logging_mixin.py:188} INFO - [2026-01-08T16:59:38.798+0000] {dagbag.py:540} INFO - Filling up the DagBag from /opt/airflow/dags/prediction_dag.py
[2026-01-08T16:59:38.861+0000] {processor.py:840} INFO - DAG(s) 'prediction_dag' retrieved from /opt/airflow/dags/prediction_dag.py
[2026-01-08T16:59:38.939+0000] {logging_mixin.py:188} INFO - [2026-01-08T16:59:38.939+0000] {dag.py:3047} INFO - Sync 1 DAGs
[2026-01-08T16:59:38.998+0000] {logging_mixin.py:188} INFO - [2026-01-08T16:59:38.998+0000] {dag.py:3834} INFO - Setting next_dagrun for prediction_dag to 2026-01-08 16:58:00+00:00, run_after=2026-01-08 17:00:00+00:00
[2026-01-08T16:59:39.023+0000] {processor.py:183} INFO - Processing /opt/airflow/dags/prediction_dag.py took 0.252 seconds
[2026-01-08T17:00:09.322+0000] {processor.py:161} INFO - Started process (PID=37821) to work on /opt/airflow/dags/prediction_dag.py
[2026-01-08T17:00:09.324+0000] {processor.py:830} INFO - Processing file /opt/airflow/dags/prediction_dag.py for tasks to queue
[2026-01-08T17:00:09.326+0000] {logging_mixin.py:188} INFO - [2026-01-08T17:00:09.325+0000] {dagbag.py:540} INFO - Filling up the DagBag from /opt/airflow/dags/prediction_dag.py
[2026-01-08T17:00:09.358+0000] {processor.py:840} INFO - DAG(s) 'prediction_dag' retrieved from /opt/airflow/dags/prediction_dag.py
[2026-01-08T17:00:09.417+0000] {logging_mixin.py:188} INFO - [2026-01-08T17:00:09.416+0000] {dag.py:3047} INFO - Sync 1 DAGs
[2026-01-08T17:00:09.508+0000] {logging_mixin.py:188} INFO - [2026-01-08T17:00:09.508+0000] {dag.py:3834} INFO - Setting next_dagrun for prediction_dag to 2026-01-08 17:00:00+00:00, run_after=2026-01-08 17:02:00+00:00
[2026-01-08T17:00:09.554+0000] {processor.py:183} INFO - Processing /opt/airflow/dags/prediction_dag.py took 0.240 seconds
[2026-01-08T17:00:39.953+0000] {processor.py:161} INFO - Started process (PID=37863) to work on /opt/airflow/dags/prediction_dag.py
[2026-01-08T17:00:39.956+0000] {processor.py:830} INFO - Processing file /opt/airflow/dags/prediction_dag.py for tasks to queue
[2026-01-08T17:00:39.958+0000] {logging_mixin.py:188} INFO - [2026-01-08T17:00:39.957+0000] {dagbag.py:540} INFO - Filling up the DagBag from /opt/airflow/dags/prediction_dag.py
[2026-01-08T17:00:39.994+0000] {processor.py:840} INFO - DAG(s) 'prediction_dag' retrieved from /opt/airflow/dags/prediction_dag.py
[2026-01-08T17:00:40.043+0000] {logging_mixin.py:188} INFO - [2026-01-08T17:00:40.042+0000] {dag.py:3047} INFO - Sync 1 DAGs
[2026-01-08T17:00:40.077+0000] {logging_mixin.py:188} INFO - [2026-01-08T17:00:40.077+0000] {dag.py:3834} INFO - Setting next_dagrun for prediction_dag to 2026-01-08 17:00:00+00:00, run_after=2026-01-08 17:02:00+00:00
[2026-01-08T17:00:40.091+0000] {processor.py:183} INFO - Processing /opt/airflow/dags/prediction_dag.py took 0.153 seconds
[2026-01-08T17:01:10.476+0000] {processor.py:161} INFO - Started process (PID=37940) to work on /opt/airflow/dags/prediction_dag.py
[2026-01-08T17:01:10.479+0000] {processor.py:830} INFO - Processing file /opt/airflow/dags/prediction_dag.py for tasks to queue
[2026-01-08T17:01:10.480+0000] {logging_mixin.py:188} INFO - [2026-01-08T17:01:10.479+0000] {dagbag.py:540} INFO - Filling up the DagBag from /opt/airflow/dags/prediction_dag.py
[2026-01-08T17:01:10.525+0000] {processor.py:840} INFO - DAG(s) 'prediction_dag' retrieved from /opt/airflow/dags/prediction_dag.py
[2026-01-08T17:01:10.612+0000] {logging_mixin.py:188} INFO - [2026-01-08T17:01:10.612+0000] {dag.py:3047} INFO - Sync 1 DAGs
[2026-01-08T17:01:10.681+0000] {logging_mixin.py:188} INFO - [2026-01-08T17:01:10.681+0000] {dag.py:3834} INFO - Setting next_dagrun for prediction_dag to 2026-01-08 17:00:00+00:00, run_after=2026-01-08 17:02:00+00:00
[2026-01-08T17:01:10.715+0000] {processor.py:183} INFO - Processing /opt/airflow/dags/prediction_dag.py took 0.249 seconds
[2026-01-08T17:01:40.894+0000] {processor.py:161} INFO - Started process (PID=37961) to work on /opt/airflow/dags/prediction_dag.py
[2026-01-08T17:01:40.902+0000] {processor.py:830} INFO - Processing file /opt/airflow/dags/prediction_dag.py for tasks to queue
[2026-01-08T17:01:40.904+0000] {logging_mixin.py:188} INFO - [2026-01-08T17:01:40.903+0000] {dagbag.py:540} INFO - Filling up the DagBag from /opt/airflow/dags/prediction_dag.py
[2026-01-08T17:01:40.940+0000] {processor.py:840} INFO - DAG(s) 'prediction_dag' retrieved from /opt/airflow/dags/prediction_dag.py
[2026-01-08T17:01:41.005+0000] {logging_mixin.py:188} INFO - [2026-01-08T17:01:41.004+0000] {dag.py:3047} INFO - Sync 1 DAGs
[2026-01-08T17:01:41.037+0000] {logging_mixin.py:188} INFO - [2026-01-08T17:01:41.037+0000] {dag.py:3834} INFO - Setting next_dagrun for prediction_dag to 2026-01-08 17:00:00+00:00, run_after=2026-01-08 17:02:00+00:00
[2026-01-08T17:01:41.053+0000] {processor.py:183} INFO - Processing /opt/airflow/dags/prediction_dag.py took 0.171 seconds
[2026-01-08T17:02:11.216+0000] {processor.py:161} INFO - Started process (PID=38047) to work on /opt/airflow/dags/prediction_dag.py
[2026-01-08T17:02:11.218+0000] {processor.py:830} INFO - Processing file /opt/airflow/dags/prediction_dag.py for tasks to queue
[2026-01-08T17:02:11.220+0000] {logging_mixin.py:188} INFO - [2026-01-08T17:02:11.219+0000] {dagbag.py:540} INFO - Filling up the DagBag from /opt/airflow/dags/prediction_dag.py
[2026-01-08T17:02:11.267+0000] {processor.py:840} INFO - DAG(s) 'prediction_dag' retrieved from /opt/airflow/dags/prediction_dag.py
[2026-01-08T17:02:11.316+0000] {logging_mixin.py:188} INFO - [2026-01-08T17:02:11.316+0000] {dag.py:3047} INFO - Sync 1 DAGs
[2026-01-08T17:02:11.381+0000] {logging_mixin.py:188} INFO - [2026-01-08T17:02:11.381+0000] {dag.py:3834} INFO - Setting next_dagrun for prediction_dag to 2026-01-08 17:02:00+00:00, run_after=2026-01-08 17:04:00+00:00
[2026-01-08T17:02:11.407+0000] {processor.py:183} INFO - Processing /opt/airflow/dags/prediction_dag.py took 0.198 seconds
[2026-01-08T17:02:41.846+0000] {processor.py:161} INFO - Started process (PID=38065) to work on /opt/airflow/dags/prediction_dag.py
[2026-01-08T17:02:41.849+0000] {processor.py:830} INFO - Processing file /opt/airflow/dags/prediction_dag.py for tasks to queue
[2026-01-08T17:02:41.850+0000] {logging_mixin.py:188} INFO - [2026-01-08T17:02:41.849+0000] {dagbag.py:540} INFO - Filling up the DagBag from /opt/airflow/dags/prediction_dag.py
[2026-01-08T17:02:41.978+0000] {processor.py:840} INFO - DAG(s) 'prediction_dag' retrieved from /opt/airflow/dags/prediction_dag.py
[2026-01-08T17:02:42.296+0000] {logging_mixin.py:188} INFO - [2026-01-08T17:02:42.292+0000] {dag.py:3047} INFO - Sync 1 DAGs
[2026-01-08T17:02:42.392+0000] {logging_mixin.py:188} INFO - [2026-01-08T17:02:42.392+0000] {dag.py:3834} INFO - Setting next_dagrun for prediction_dag to 2026-01-08 17:02:00+00:00, run_after=2026-01-08 17:04:00+00:00
[2026-01-08T17:02:42.526+0000] {processor.py:183} INFO - Processing /opt/airflow/dags/prediction_dag.py took 0.692 seconds
[2026-01-08T17:03:13.255+0000] {processor.py:161} INFO - Started process (PID=38145) to work on /opt/airflow/dags/prediction_dag.py
[2026-01-08T17:03:13.257+0000] {processor.py:830} INFO - Processing file /opt/airflow/dags/prediction_dag.py for tasks to queue
[2026-01-08T17:03:13.258+0000] {logging_mixin.py:188} INFO - [2026-01-08T17:03:13.257+0000] {dagbag.py:540} INFO - Filling up the DagBag from /opt/airflow/dags/prediction_dag.py
[2026-01-08T17:03:13.282+0000] {processor.py:840} INFO - DAG(s) 'prediction_dag' retrieved from /opt/airflow/dags/prediction_dag.py
[2026-01-08T17:03:13.318+0000] {logging_mixin.py:188} INFO - [2026-01-08T17:03:13.318+0000] {dag.py:3047} INFO - Sync 1 DAGs
[2026-01-08T17:03:13.347+0000] {logging_mixin.py:188} INFO - [2026-01-08T17:03:13.346+0000] {dag.py:3834} INFO - Setting next_dagrun for prediction_dag to 2026-01-08 17:02:00+00:00, run_after=2026-01-08 17:04:00+00:00
[2026-01-08T17:03:13.369+0000] {processor.py:183} INFO - Processing /opt/airflow/dags/prediction_dag.py took 0.123 seconds
[2026-01-08T17:03:43.721+0000] {processor.py:161} INFO - Started process (PID=38163) to work on /opt/airflow/dags/prediction_dag.py
[2026-01-08T17:03:43.723+0000] {processor.py:830} INFO - Processing file /opt/airflow/dags/prediction_dag.py for tasks to queue
[2026-01-08T17:03:43.723+0000] {logging_mixin.py:188} INFO - [2026-01-08T17:03:43.723+0000] {dagbag.py:540} INFO - Filling up the DagBag from /opt/airflow/dags/prediction_dag.py
[2026-01-08T17:03:43.732+0000] {processor.py:840} INFO - DAG(s) 'prediction_dag' retrieved from /opt/airflow/dags/prediction_dag.py
[2026-01-08T17:03:43.756+0000] {logging_mixin.py:188} INFO - [2026-01-08T17:03:43.756+0000] {dag.py:3047} INFO - Sync 1 DAGs
[2026-01-08T17:03:43.775+0000] {logging_mixin.py:188} INFO - [2026-01-08T17:03:43.775+0000] {dag.py:3834} INFO - Setting next_dagrun for prediction_dag to 2026-01-08 17:02:00+00:00, run_after=2026-01-08 17:04:00+00:00
[2026-01-08T17:03:43.786+0000] {processor.py:183} INFO - Processing /opt/airflow/dags/prediction_dag.py took 0.069 seconds
[2026-01-08T17:04:14.412+0000] {processor.py:161} INFO - Started process (PID=38246) to work on /opt/airflow/dags/prediction_dag.py
[2026-01-08T17:04:14.415+0000] {processor.py:830} INFO - Processing file /opt/airflow/dags/prediction_dag.py for tasks to queue
[2026-01-08T17:04:14.416+0000] {logging_mixin.py:188} INFO - [2026-01-08T17:04:14.416+0000] {dagbag.py:540} INFO - Filling up the DagBag from /opt/airflow/dags/prediction_dag.py
[2026-01-08T17:04:14.453+0000] {processor.py:840} INFO - DAG(s) 'prediction_dag' retrieved from /opt/airflow/dags/prediction_dag.py
[2026-01-08T17:04:14.525+0000] {logging_mixin.py:188} INFO - [2026-01-08T17:04:14.524+0000] {dag.py:3047} INFO - Sync 1 DAGs
[2026-01-08T17:04:14.583+0000] {logging_mixin.py:188} INFO - [2026-01-08T17:04:14.582+0000] {dag.py:3834} INFO - Setting next_dagrun for prediction_dag to 2026-01-08 17:04:00+00:00, run_after=2026-01-08 17:06:00+00:00
[2026-01-08T17:04:14.615+0000] {processor.py:183} INFO - Processing /opt/airflow/dags/prediction_dag.py took 0.212 seconds
[2026-01-08T17:04:45.068+0000] {processor.py:161} INFO - Started process (PID=38267) to work on /opt/airflow/dags/prediction_dag.py
[2026-01-08T17:04:45.071+0000] {processor.py:830} INFO - Processing file /opt/airflow/dags/prediction_dag.py for tasks to queue
[2026-01-08T17:04:45.073+0000] {logging_mixin.py:188} INFO - [2026-01-08T17:04:45.072+0000] {dagbag.py:540} INFO - Filling up the DagBag from /opt/airflow/dags/prediction_dag.py
[2026-01-08T17:04:45.105+0000] {processor.py:840} INFO - DAG(s) 'prediction_dag' retrieved from /opt/airflow/dags/prediction_dag.py
[2026-01-08T17:04:45.142+0000] {logging_mixin.py:188} INFO - [2026-01-08T17:04:45.142+0000] {dag.py:3047} INFO - Sync 1 DAGs
[2026-01-08T17:04:45.162+0000] {logging_mixin.py:188} INFO - [2026-01-08T17:04:45.162+0000] {dag.py:3834} INFO - Setting next_dagrun for prediction_dag to 2026-01-08 17:04:00+00:00, run_after=2026-01-08 17:06:00+00:00
[2026-01-08T17:04:45.173+0000] {processor.py:183} INFO - Processing /opt/airflow/dags/prediction_dag.py took 0.112 seconds
[2026-01-08T17:05:15.275+0000] {processor.py:161} INFO - Started process (PID=38347) to work on /opt/airflow/dags/prediction_dag.py
[2026-01-08T17:05:15.277+0000] {processor.py:830} INFO - Processing file /opt/airflow/dags/prediction_dag.py for tasks to queue
[2026-01-08T17:05:15.278+0000] {logging_mixin.py:188} INFO - [2026-01-08T17:05:15.277+0000] {dagbag.py:540} INFO - Filling up the DagBag from /opt/airflow/dags/prediction_dag.py
[2026-01-08T17:05:15.305+0000] {processor.py:840} INFO - DAG(s) 'prediction_dag' retrieved from /opt/airflow/dags/prediction_dag.py
[2026-01-08T17:05:15.379+0000] {logging_mixin.py:188} INFO - [2026-01-08T17:05:15.379+0000] {dag.py:3047} INFO - Sync 1 DAGs
[2026-01-08T17:05:15.419+0000] {logging_mixin.py:188} INFO - [2026-01-08T17:05:15.419+0000] {dag.py:3834} INFO - Setting next_dagrun for prediction_dag to 2026-01-08 17:04:00+00:00, run_after=2026-01-08 17:06:00+00:00
[2026-01-08T17:05:15.436+0000] {processor.py:183} INFO - Processing /opt/airflow/dags/prediction_dag.py took 0.172 seconds
[2026-01-08T17:05:45.792+0000] {processor.py:161} INFO - Started process (PID=38365) to work on /opt/airflow/dags/prediction_dag.py
[2026-01-08T17:05:45.794+0000] {processor.py:830} INFO - Processing file /opt/airflow/dags/prediction_dag.py for tasks to queue
[2026-01-08T17:05:45.795+0000] {logging_mixin.py:188} INFO - [2026-01-08T17:05:45.795+0000] {dagbag.py:540} INFO - Filling up the DagBag from /opt/airflow/dags/prediction_dag.py
[2026-01-08T17:05:45.813+0000] {processor.py:840} INFO - DAG(s) 'prediction_dag' retrieved from /opt/airflow/dags/prediction_dag.py
[2026-01-08T17:05:45.839+0000] {logging_mixin.py:188} INFO - [2026-01-08T17:05:45.839+0000] {dag.py:3047} INFO - Sync 1 DAGs
[2026-01-08T17:05:45.855+0000] {logging_mixin.py:188} INFO - [2026-01-08T17:05:45.855+0000] {dag.py:3834} INFO - Setting next_dagrun for prediction_dag to 2026-01-08 17:04:00+00:00, run_after=2026-01-08 17:06:00+00:00
[2026-01-08T17:05:45.864+0000] {processor.py:183} INFO - Processing /opt/airflow/dags/prediction_dag.py took 0.078 seconds
[2026-01-08T17:06:16.152+0000] {processor.py:161} INFO - Started process (PID=38451) to work on /opt/airflow/dags/prediction_dag.py
[2026-01-08T17:06:16.155+0000] {processor.py:830} INFO - Processing file /opt/airflow/dags/prediction_dag.py for tasks to queue
[2026-01-08T17:06:16.156+0000] {logging_mixin.py:188} INFO - [2026-01-08T17:06:16.155+0000] {dagbag.py:540} INFO - Filling up the DagBag from /opt/airflow/dags/prediction_dag.py
[2026-01-08T17:06:16.172+0000] {processor.py:840} INFO - DAG(s) 'prediction_dag' retrieved from /opt/airflow/dags/prediction_dag.py
[2026-01-08T17:06:16.199+0000] {logging_mixin.py:188} INFO - [2026-01-08T17:06:16.199+0000] {dag.py:3047} INFO - Sync 1 DAGs
[2026-01-08T17:06:16.215+0000] {logging_mixin.py:188} INFO - [2026-01-08T17:06:16.215+0000] {dag.py:3834} INFO - Setting next_dagrun for prediction_dag to 2026-01-08 17:06:00+00:00, run_after=2026-01-08 17:08:00+00:00
[2026-01-08T17:06:16.225+0000] {processor.py:183} INFO - Processing /opt/airflow/dags/prediction_dag.py took 0.078 seconds
[2026-01-08T17:06:46.563+0000] {processor.py:161} INFO - Started process (PID=38459) to work on /opt/airflow/dags/prediction_dag.py
[2026-01-08T17:06:46.565+0000] {processor.py:830} INFO - Processing file /opt/airflow/dags/prediction_dag.py for tasks to queue
[2026-01-08T17:06:46.566+0000] {logging_mixin.py:188} INFO - [2026-01-08T17:06:46.566+0000] {dagbag.py:540} INFO - Filling up the DagBag from /opt/airflow/dags/prediction_dag.py
[2026-01-08T17:06:46.604+0000] {processor.py:840} INFO - DAG(s) 'prediction_dag' retrieved from /opt/airflow/dags/prediction_dag.py
[2026-01-08T17:06:46.661+0000] {logging_mixin.py:188} INFO - [2026-01-08T17:06:46.660+0000] {dag.py:3047} INFO - Sync 1 DAGs
[2026-01-08T17:06:46.698+0000] {logging_mixin.py:188} INFO - [2026-01-08T17:06:46.698+0000] {dag.py:3834} INFO - Setting next_dagrun for prediction_dag to 2026-01-08 17:06:00+00:00, run_after=2026-01-08 17:08:00+00:00
[2026-01-08T17:06:46.720+0000] {processor.py:183} INFO - Processing /opt/airflow/dags/prediction_dag.py took 0.165 seconds
[2026-01-08T17:07:17.096+0000] {processor.py:161} INFO - Started process (PID=38536) to work on /opt/airflow/dags/prediction_dag.py
[2026-01-08T17:07:17.099+0000] {processor.py:830} INFO - Processing file /opt/airflow/dags/prediction_dag.py for tasks to queue
[2026-01-08T17:07:17.100+0000] {logging_mixin.py:188} INFO - [2026-01-08T17:07:17.100+0000] {dagbag.py:540} INFO - Filling up the DagBag from /opt/airflow/dags/prediction_dag.py
[2026-01-08T17:07:17.141+0000] {processor.py:840} INFO - DAG(s) 'prediction_dag' retrieved from /opt/airflow/dags/prediction_dag.py
[2026-01-08T17:07:17.181+0000] {logging_mixin.py:188} INFO - [2026-01-08T17:07:17.181+0000] {dag.py:3047} INFO - Sync 1 DAGs
[2026-01-08T17:07:17.208+0000] {logging_mixin.py:188} INFO - [2026-01-08T17:07:17.208+0000] {dag.py:3834} INFO - Setting next_dagrun for prediction_dag to 2026-01-08 17:06:00+00:00, run_after=2026-01-08 17:08:00+00:00
[2026-01-08T17:07:17.219+0000] {processor.py:183} INFO - Processing /opt/airflow/dags/prediction_dag.py took 0.132 seconds
[2026-01-08T17:07:47.626+0000] {processor.py:161} INFO - Started process (PID=38554) to work on /opt/airflow/dags/prediction_dag.py
[2026-01-08T17:07:47.628+0000] {processor.py:830} INFO - Processing file /opt/airflow/dags/prediction_dag.py for tasks to queue
[2026-01-08T17:07:47.632+0000] {logging_mixin.py:188} INFO - [2026-01-08T17:07:47.631+0000] {dagbag.py:540} INFO - Filling up the DagBag from /opt/airflow/dags/prediction_dag.py
[2026-01-08T17:07:47.674+0000] {processor.py:840} INFO - DAG(s) 'prediction_dag' retrieved from /opt/airflow/dags/prediction_dag.py
[2026-01-08T17:07:47.718+0000] {logging_mixin.py:188} INFO - [2026-01-08T17:07:47.717+0000] {dag.py:3047} INFO - Sync 1 DAGs
[2026-01-08T17:07:47.749+0000] {logging_mixin.py:188} INFO - [2026-01-08T17:07:47.749+0000] {dag.py:3834} INFO - Setting next_dagrun for prediction_dag to 2026-01-08 17:06:00+00:00, run_after=2026-01-08 17:08:00+00:00
[2026-01-08T17:07:47.764+0000] {processor.py:183} INFO - Processing /opt/airflow/dags/prediction_dag.py took 0.147 seconds
[2026-01-08T17:08:18.098+0000] {processor.py:161} INFO - Started process (PID=38640) to work on /opt/airflow/dags/prediction_dag.py
[2026-01-08T17:08:18.102+0000] {processor.py:830} INFO - Processing file /opt/airflow/dags/prediction_dag.py for tasks to queue
[2026-01-08T17:08:18.103+0000] {logging_mixin.py:188} INFO - [2026-01-08T17:08:18.103+0000] {dagbag.py:540} INFO - Filling up the DagBag from /opt/airflow/dags/prediction_dag.py
[2026-01-08T17:08:18.130+0000] {processor.py:840} INFO - DAG(s) 'prediction_dag' retrieved from /opt/airflow/dags/prediction_dag.py
[2026-01-08T17:08:18.166+0000] {logging_mixin.py:188} INFO - [2026-01-08T17:08:18.166+0000] {dag.py:3047} INFO - Sync 1 DAGs
[2026-01-08T17:08:18.192+0000] {logging_mixin.py:188} INFO - [2026-01-08T17:08:18.191+0000] {dag.py:3834} INFO - Setting next_dagrun for prediction_dag to 2026-01-08 17:08:00+00:00, run_after=2026-01-08 17:10:00+00:00
[2026-01-08T17:08:18.203+0000] {processor.py:183} INFO - Processing /opt/airflow/dags/prediction_dag.py took 0.113 seconds
[2026-01-08T17:08:48.617+0000] {processor.py:161} INFO - Started process (PID=38658) to work on /opt/airflow/dags/prediction_dag.py
[2026-01-08T17:08:48.620+0000] {processor.py:830} INFO - Processing file /opt/airflow/dags/prediction_dag.py for tasks to queue
[2026-01-08T17:08:48.621+0000] {logging_mixin.py:188} INFO - [2026-01-08T17:08:48.620+0000] {dagbag.py:540} INFO - Filling up the DagBag from /opt/airflow/dags/prediction_dag.py
[2026-01-08T17:08:48.659+0000] {processor.py:840} INFO - DAG(s) 'prediction_dag' retrieved from /opt/airflow/dags/prediction_dag.py
[2026-01-08T17:08:48.724+0000] {logging_mixin.py:188} INFO - [2026-01-08T17:08:48.724+0000] {dag.py:3047} INFO - Sync 1 DAGs
[2026-01-08T17:08:48.766+0000] {logging_mixin.py:188} INFO - [2026-01-08T17:08:48.766+0000] {dag.py:3834} INFO - Setting next_dagrun for prediction_dag to 2026-01-08 17:08:00+00:00, run_after=2026-01-08 17:10:00+00:00
[2026-01-08T17:08:48.781+0000] {processor.py:183} INFO - Processing /opt/airflow/dags/prediction_dag.py took 0.178 seconds
[2026-01-08T17:09:19.116+0000] {processor.py:161} INFO - Started process (PID=38738) to work on /opt/airflow/dags/prediction_dag.py
[2026-01-08T17:09:19.118+0000] {processor.py:830} INFO - Processing file /opt/airflow/dags/prediction_dag.py for tasks to queue
[2026-01-08T17:09:19.120+0000] {logging_mixin.py:188} INFO - [2026-01-08T17:09:19.119+0000] {dagbag.py:540} INFO - Filling up the DagBag from /opt/airflow/dags/prediction_dag.py
[2026-01-08T17:09:19.155+0000] {processor.py:840} INFO - DAG(s) 'prediction_dag' retrieved from /opt/airflow/dags/prediction_dag.py
[2026-01-08T17:09:19.191+0000] {logging_mixin.py:188} INFO - [2026-01-08T17:09:19.191+0000] {dag.py:3047} INFO - Sync 1 DAGs
[2026-01-08T17:09:19.219+0000] {logging_mixin.py:188} INFO - [2026-01-08T17:09:19.219+0000] {dag.py:3834} INFO - Setting next_dagrun for prediction_dag to 2026-01-08 17:08:00+00:00, run_after=2026-01-08 17:10:00+00:00
[2026-01-08T17:09:19.232+0000] {processor.py:183} INFO - Processing /opt/airflow/dags/prediction_dag.py took 0.124 seconds
[2026-01-08T17:24:50.217+0000] {processor.py:161} INFO - Started process (PID=38763) to work on /opt/airflow/dags/prediction_dag.py
[2026-01-08T17:24:50.229+0000] {processor.py:830} INFO - Processing file /opt/airflow/dags/prediction_dag.py for tasks to queue
[2026-01-08T17:24:50.232+0000] {logging_mixin.py:188} INFO - [2026-01-08T17:24:50.231+0000] {dagbag.py:540} INFO - Filling up the DagBag from /opt/airflow/dags/prediction_dag.py
[2026-01-08T17:24:50.489+0000] {processor.py:840} INFO - DAG(s) 'prediction_dag' retrieved from /opt/airflow/dags/prediction_dag.py
[2026-01-08T17:24:50.992+0000] {logging_mixin.py:188} INFO - [2026-01-08T17:24:50.991+0000] {dag.py:3047} INFO - Sync 1 DAGs
[2026-01-08T17:24:51.363+0000] {logging_mixin.py:188} INFO - [2026-01-08T17:24:51.361+0000] {dag.py:3834} INFO - Setting next_dagrun for prediction_dag to 2026-01-08 17:24:00+00:00, run_after=2026-01-08 17:26:00+00:00
[2026-01-08T17:24:51.456+0000] {processor.py:183} INFO - Processing /opt/airflow/dags/prediction_dag.py took 1.268 seconds
[2026-01-08T17:39:37.005+0000] {processor.py:161} INFO - Started process (PID=38879) to work on /opt/airflow/dags/prediction_dag.py
[2026-01-08T17:39:37.007+0000] {processor.py:830} INFO - Processing file /opt/airflow/dags/prediction_dag.py for tasks to queue
[2026-01-08T17:39:37.008+0000] {logging_mixin.py:188} INFO - [2026-01-08T17:39:37.008+0000] {dagbag.py:540} INFO - Filling up the DagBag from /opt/airflow/dags/prediction_dag.py
[2026-01-08T17:39:37.086+0000] {processor.py:840} INFO - DAG(s) 'prediction_dag' retrieved from /opt/airflow/dags/prediction_dag.py
[2026-01-08T17:39:37.298+0000] {logging_mixin.py:188} INFO - [2026-01-08T17:39:37.294+0000] {dag.py:3047} INFO - Sync 1 DAGs
[2026-01-08T17:39:37.456+0000] {logging_mixin.py:188} INFO - [2026-01-08T17:39:37.455+0000] {dag.py:3834} INFO - Setting next_dagrun for prediction_dag to 2026-01-08 17:36:00+00:00, run_after=2026-01-08 17:38:00+00:00
[2026-01-08T17:39:37.536+0000] {processor.py:183} INFO - Processing /opt/airflow/dags/prediction_dag.py took 0.537 seconds
[2026-01-08T17:40:08.622+0000] {processor.py:161} INFO - Started process (PID=38978) to work on /opt/airflow/dags/prediction_dag.py
[2026-01-08T17:40:08.651+0000] {processor.py:830} INFO - Processing file /opt/airflow/dags/prediction_dag.py for tasks to queue
[2026-01-08T17:40:08.686+0000] {logging_mixin.py:188} INFO - [2026-01-08T17:40:08.668+0000] {dagbag.py:540} INFO - Filling up the DagBag from /opt/airflow/dags/prediction_dag.py
[2026-01-08T17:40:09.551+0000] {processor.py:840} INFO - DAG(s) 'prediction_dag' retrieved from /opt/airflow/dags/prediction_dag.py
[2026-01-08T17:40:11.337+0000] {logging_mixin.py:188} INFO - [2026-01-08T17:40:11.325+0000] {dag.py:3047} INFO - Sync 1 DAGs
[2026-01-08T17:40:12.050+0000] {logging_mixin.py:188} INFO - [2026-01-08T17:40:12.036+0000] {dag.py:3834} INFO - Setting next_dagrun for prediction_dag to 2026-01-08 17:40:00+00:00, run_after=2026-01-08 17:42:00+00:00
[2026-01-08T17:40:12.551+0000] {processor.py:183} INFO - Processing /opt/airflow/dags/prediction_dag.py took 4.110 seconds
[2026-01-08T17:40:42.975+0000] {processor.py:161} INFO - Started process (PID=39046) to work on /opt/airflow/dags/prediction_dag.py
[2026-01-08T17:40:42.978+0000] {processor.py:830} INFO - Processing file /opt/airflow/dags/prediction_dag.py for tasks to queue
[2026-01-08T17:40:42.980+0000] {logging_mixin.py:188} INFO - [2026-01-08T17:40:42.979+0000] {dagbag.py:540} INFO - Filling up the DagBag from /opt/airflow/dags/prediction_dag.py
[2026-01-08T17:40:43.028+0000] {processor.py:840} INFO - DAG(s) 'prediction_dag' retrieved from /opt/airflow/dags/prediction_dag.py
[2026-01-08T17:40:43.089+0000] {logging_mixin.py:188} INFO - [2026-01-08T17:40:43.088+0000] {dag.py:3047} INFO - Sync 1 DAGs
[2026-01-08T17:40:43.130+0000] {logging_mixin.py:188} INFO - [2026-01-08T17:40:43.130+0000] {dag.py:3834} INFO - Setting next_dagrun for prediction_dag to 2026-01-08 17:40:00+00:00, run_after=2026-01-08 17:42:00+00:00
[2026-01-08T17:40:43.146+0000] {processor.py:183} INFO - Processing /opt/airflow/dags/prediction_dag.py took 0.182 seconds
[2026-01-08T17:41:13.544+0000] {processor.py:161} INFO - Started process (PID=39126) to work on /opt/airflow/dags/prediction_dag.py
[2026-01-08T17:41:13.548+0000] {processor.py:830} INFO - Processing file /opt/airflow/dags/prediction_dag.py for tasks to queue
[2026-01-08T17:41:13.553+0000] {logging_mixin.py:188} INFO - [2026-01-08T17:41:13.551+0000] {dagbag.py:540} INFO - Filling up the DagBag from /opt/airflow/dags/prediction_dag.py
[2026-01-08T17:41:13.613+0000] {processor.py:840} INFO - DAG(s) 'prediction_dag' retrieved from /opt/airflow/dags/prediction_dag.py
[2026-01-08T17:41:13.692+0000] {logging_mixin.py:188} INFO - [2026-01-08T17:41:13.692+0000] {dag.py:3047} INFO - Sync 1 DAGs
[2026-01-08T17:41:13.742+0000] {logging_mixin.py:188} INFO - [2026-01-08T17:41:13.742+0000] {dag.py:3834} INFO - Setting next_dagrun for prediction_dag to 2026-01-08 17:40:00+00:00, run_after=2026-01-08 17:42:00+00:00
[2026-01-08T17:41:13.768+0000] {processor.py:183} INFO - Processing /opt/airflow/dags/prediction_dag.py took 0.234 seconds
[2026-01-08T17:41:43.950+0000] {processor.py:161} INFO - Started process (PID=39144) to work on /opt/airflow/dags/prediction_dag.py
[2026-01-08T17:41:43.953+0000] {processor.py:830} INFO - Processing file /opt/airflow/dags/prediction_dag.py for tasks to queue
[2026-01-08T17:41:43.954+0000] {logging_mixin.py:188} INFO - [2026-01-08T17:41:43.954+0000] {dagbag.py:540} INFO - Filling up the DagBag from /opt/airflow/dags/prediction_dag.py
[2026-01-08T17:41:43.995+0000] {processor.py:840} INFO - DAG(s) 'prediction_dag' retrieved from /opt/airflow/dags/prediction_dag.py
[2026-01-08T17:41:44.052+0000] {logging_mixin.py:188} INFO - [2026-01-08T17:41:44.052+0000] {dag.py:3047} INFO - Sync 1 DAGs
[2026-01-08T17:41:44.089+0000] {logging_mixin.py:188} INFO - [2026-01-08T17:41:44.088+0000] {dag.py:3834} INFO - Setting next_dagrun for prediction_dag to 2026-01-08 17:40:00+00:00, run_after=2026-01-08 17:42:00+00:00
[2026-01-08T17:41:44.109+0000] {processor.py:183} INFO - Processing /opt/airflow/dags/prediction_dag.py took 0.169 seconds
[2026-01-08T17:42:14.451+0000] {processor.py:161} INFO - Started process (PID=39230) to work on /opt/airflow/dags/prediction_dag.py
[2026-01-08T17:42:14.453+0000] {processor.py:830} INFO - Processing file /opt/airflow/dags/prediction_dag.py for tasks to queue
[2026-01-08T17:42:14.455+0000] {logging_mixin.py:188} INFO - [2026-01-08T17:42:14.454+0000] {dagbag.py:540} INFO - Filling up the DagBag from /opt/airflow/dags/prediction_dag.py
[2026-01-08T17:42:14.482+0000] {processor.py:840} INFO - DAG(s) 'prediction_dag' retrieved from /opt/airflow/dags/prediction_dag.py
[2026-01-08T17:42:14.525+0000] {logging_mixin.py:188} INFO - [2026-01-08T17:42:14.525+0000] {dag.py:3047} INFO - Sync 1 DAGs
[2026-01-08T17:42:14.562+0000] {logging_mixin.py:188} INFO - [2026-01-08T17:42:14.561+0000] {dag.py:3834} INFO - Setting next_dagrun for prediction_dag to 2026-01-08 17:42:00+00:00, run_after=2026-01-08 17:44:00+00:00
[2026-01-08T17:42:14.575+0000] {processor.py:183} INFO - Processing /opt/airflow/dags/prediction_dag.py took 0.148 seconds
[2026-01-08T17:42:44.728+0000] {processor.py:161} INFO - Started process (PID=39248) to work on /opt/airflow/dags/prediction_dag.py
[2026-01-08T17:42:44.733+0000] {processor.py:830} INFO - Processing file /opt/airflow/dags/prediction_dag.py for tasks to queue
[2026-01-08T17:42:44.734+0000] {logging_mixin.py:188} INFO - [2026-01-08T17:42:44.733+0000] {dagbag.py:540} INFO - Filling up the DagBag from /opt/airflow/dags/prediction_dag.py
[2026-01-08T17:42:44.768+0000] {processor.py:840} INFO - DAG(s) 'prediction_dag' retrieved from /opt/airflow/dags/prediction_dag.py
[2026-01-08T17:42:44.820+0000] {logging_mixin.py:188} INFO - [2026-01-08T17:42:44.820+0000] {dag.py:3047} INFO - Sync 1 DAGs
[2026-01-08T17:42:44.857+0000] {logging_mixin.py:188} INFO - [2026-01-08T17:42:44.857+0000] {dag.py:3834} INFO - Setting next_dagrun for prediction_dag to 2026-01-08 17:42:00+00:00, run_after=2026-01-08 17:44:00+00:00
[2026-01-08T17:42:44.879+0000] {processor.py:183} INFO - Processing /opt/airflow/dags/prediction_dag.py took 0.162 seconds
[2026-01-08T17:43:15.247+0000] {processor.py:161} INFO - Started process (PID=39328) to work on /opt/airflow/dags/prediction_dag.py
[2026-01-08T17:43:15.250+0000] {processor.py:830} INFO - Processing file /opt/airflow/dags/prediction_dag.py for tasks to queue
[2026-01-08T17:43:15.252+0000] {logging_mixin.py:188} INFO - [2026-01-08T17:43:15.251+0000] {dagbag.py:540} INFO - Filling up the DagBag from /opt/airflow/dags/prediction_dag.py
[2026-01-08T17:43:15.289+0000] {processor.py:840} INFO - DAG(s) 'prediction_dag' retrieved from /opt/airflow/dags/prediction_dag.py
[2026-01-08T17:43:15.342+0000] {logging_mixin.py:188} INFO - [2026-01-08T17:43:15.342+0000] {dag.py:3047} INFO - Sync 1 DAGs
[2026-01-08T17:43:15.376+0000] {logging_mixin.py:188} INFO - [2026-01-08T17:43:15.376+0000] {dag.py:3834} INFO - Setting next_dagrun for prediction_dag to 2026-01-08 17:42:00+00:00, run_after=2026-01-08 17:44:00+00:00
[2026-01-08T17:43:15.389+0000] {processor.py:183} INFO - Processing /opt/airflow/dags/prediction_dag.py took 0.152 seconds
[2026-01-08T17:43:45.796+0000] {processor.py:161} INFO - Started process (PID=39346) to work on /opt/airflow/dags/prediction_dag.py
[2026-01-08T17:43:45.799+0000] {processor.py:830} INFO - Processing file /opt/airflow/dags/prediction_dag.py for tasks to queue
[2026-01-08T17:43:45.800+0000] {logging_mixin.py:188} INFO - [2026-01-08T17:43:45.800+0000] {dagbag.py:540} INFO - Filling up the DagBag from /opt/airflow/dags/prediction_dag.py
[2026-01-08T17:43:45.840+0000] {processor.py:840} INFO - DAG(s) 'prediction_dag' retrieved from /opt/airflow/dags/prediction_dag.py
[2026-01-08T17:43:45.909+0000] {logging_mixin.py:188} INFO - [2026-01-08T17:43:45.908+0000] {dag.py:3047} INFO - Sync 1 DAGs
[2026-01-08T17:43:45.962+0000] {logging_mixin.py:188} INFO - [2026-01-08T17:43:45.962+0000] {dag.py:3834} INFO - Setting next_dagrun for prediction_dag to 2026-01-08 17:42:00+00:00, run_after=2026-01-08 17:44:00+00:00
[2026-01-08T17:43:45.987+0000] {processor.py:183} INFO - Processing /opt/airflow/dags/prediction_dag.py took 0.207 seconds
[2026-01-08T17:44:16.410+0000] {processor.py:161} INFO - Started process (PID=39432) to work on /opt/airflow/dags/prediction_dag.py
[2026-01-08T17:44:16.412+0000] {processor.py:830} INFO - Processing file /opt/airflow/dags/prediction_dag.py for tasks to queue
[2026-01-08T17:44:16.413+0000] {logging_mixin.py:188} INFO - [2026-01-08T17:44:16.413+0000] {dagbag.py:540} INFO - Filling up the DagBag from /opt/airflow/dags/prediction_dag.py
[2026-01-08T17:44:16.442+0000] {processor.py:840} INFO - DAG(s) 'prediction_dag' retrieved from /opt/airflow/dags/prediction_dag.py
[2026-01-08T17:44:16.491+0000] {logging_mixin.py:188} INFO - [2026-01-08T17:44:16.491+0000] {dag.py:3047} INFO - Sync 1 DAGs
[2026-01-08T17:44:16.525+0000] {logging_mixin.py:188} INFO - [2026-01-08T17:44:16.525+0000] {dag.py:3834} INFO - Setting next_dagrun for prediction_dag to 2026-01-08 17:44:00+00:00, run_after=2026-01-08 17:46:00+00:00
[2026-01-08T17:44:16.539+0000] {processor.py:183} INFO - Processing /opt/airflow/dags/prediction_dag.py took 0.144 seconds
[2026-01-08T17:44:46.837+0000] {processor.py:161} INFO - Started process (PID=39450) to work on /opt/airflow/dags/prediction_dag.py
[2026-01-08T17:44:46.839+0000] {processor.py:830} INFO - Processing file /opt/airflow/dags/prediction_dag.py for tasks to queue
[2026-01-08T17:44:46.841+0000] {logging_mixin.py:188} INFO - [2026-01-08T17:44:46.841+0000] {dagbag.py:540} INFO - Filling up the DagBag from /opt/airflow/dags/prediction_dag.py
[2026-01-08T17:44:46.876+0000] {processor.py:840} INFO - DAG(s) 'prediction_dag' retrieved from /opt/airflow/dags/prediction_dag.py
[2026-01-08T17:44:46.927+0000] {logging_mixin.py:188} INFO - [2026-01-08T17:44:46.926+0000] {dag.py:3047} INFO - Sync 1 DAGs
[2026-01-08T17:44:46.960+0000] {logging_mixin.py:188} INFO - [2026-01-08T17:44:46.960+0000] {dag.py:3834} INFO - Setting next_dagrun for prediction_dag to 2026-01-08 17:44:00+00:00, run_after=2026-01-08 17:46:00+00:00
[2026-01-08T17:44:46.978+0000] {processor.py:183} INFO - Processing /opt/airflow/dags/prediction_dag.py took 0.151 seconds
[2026-01-08T17:45:17.200+0000] {processor.py:161} INFO - Started process (PID=39530) to work on /opt/airflow/dags/prediction_dag.py
[2026-01-08T17:45:17.203+0000] {processor.py:830} INFO - Processing file /opt/airflow/dags/prediction_dag.py for tasks to queue
[2026-01-08T17:45:17.205+0000] {logging_mixin.py:188} INFO - [2026-01-08T17:45:17.204+0000] {dagbag.py:540} INFO - Filling up the DagBag from /opt/airflow/dags/prediction_dag.py
[2026-01-08T17:45:17.244+0000] {processor.py:840} INFO - DAG(s) 'prediction_dag' retrieved from /opt/airflow/dags/prediction_dag.py
[2026-01-08T17:45:17.291+0000] {logging_mixin.py:188} INFO - [2026-01-08T17:45:17.290+0000] {dag.py:3047} INFO - Sync 1 DAGs
[2026-01-08T17:45:17.323+0000] {logging_mixin.py:188} INFO - [2026-01-08T17:45:17.323+0000] {dag.py:3834} INFO - Setting next_dagrun for prediction_dag to 2026-01-08 17:44:00+00:00, run_after=2026-01-08 17:46:00+00:00
[2026-01-08T17:45:17.337+0000] {processor.py:183} INFO - Processing /opt/airflow/dags/prediction_dag.py took 0.155 seconds
[2026-01-08T17:45:47.627+0000] {processor.py:161} INFO - Started process (PID=39548) to work on /opt/airflow/dags/prediction_dag.py
[2026-01-08T17:45:47.634+0000] {processor.py:830} INFO - Processing file /opt/airflow/dags/prediction_dag.py for tasks to queue
[2026-01-08T17:45:47.638+0000] {logging_mixin.py:188} INFO - [2026-01-08T17:45:47.636+0000] {dagbag.py:540} INFO - Filling up the DagBag from /opt/airflow/dags/prediction_dag.py
[2026-01-08T17:45:47.676+0000] {processor.py:840} INFO - DAG(s) 'prediction_dag' retrieved from /opt/airflow/dags/prediction_dag.py
[2026-01-08T17:45:47.722+0000] {logging_mixin.py:188} INFO - [2026-01-08T17:45:47.722+0000] {dag.py:3047} INFO - Sync 1 DAGs
[2026-01-08T17:45:47.747+0000] {logging_mixin.py:188} INFO - [2026-01-08T17:45:47.747+0000] {dag.py:3834} INFO - Setting next_dagrun for prediction_dag to 2026-01-08 17:44:00+00:00, run_after=2026-01-08 17:46:00+00:00
[2026-01-08T17:45:47.766+0000] {processor.py:183} INFO - Processing /opt/airflow/dags/prediction_dag.py took 0.148 seconds
[2026-01-08T17:46:17.840+0000] {processor.py:161} INFO - Started process (PID=39634) to work on /opt/airflow/dags/prediction_dag.py
[2026-01-08T17:46:17.843+0000] {processor.py:830} INFO - Processing file /opt/airflow/dags/prediction_dag.py for tasks to queue
[2026-01-08T17:46:17.844+0000] {logging_mixin.py:188} INFO - [2026-01-08T17:46:17.844+0000] {dagbag.py:540} INFO - Filling up the DagBag from /opt/airflow/dags/prediction_dag.py
[2026-01-08T17:46:17.863+0000] {processor.py:840} INFO - DAG(s) 'prediction_dag' retrieved from /opt/airflow/dags/prediction_dag.py
[2026-01-08T17:46:17.889+0000] {logging_mixin.py:188} INFO - [2026-01-08T17:46:17.889+0000] {dag.py:3047} INFO - Sync 1 DAGs
[2026-01-08T17:46:17.905+0000] {logging_mixin.py:188} INFO - [2026-01-08T17:46:17.905+0000] {dag.py:3834} INFO - Setting next_dagrun for prediction_dag to 2026-01-08 17:46:00+00:00, run_after=2026-01-08 17:48:00+00:00
[2026-01-08T17:46:17.915+0000] {processor.py:183} INFO - Processing /opt/airflow/dags/prediction_dag.py took 0.083 seconds
[2026-01-08T17:46:48.037+0000] {processor.py:161} INFO - Started process (PID=39652) to work on /opt/airflow/dags/prediction_dag.py
[2026-01-08T17:46:48.038+0000] {processor.py:830} INFO - Processing file /opt/airflow/dags/prediction_dag.py for tasks to queue
[2026-01-08T17:46:48.039+0000] {logging_mixin.py:188} INFO - [2026-01-08T17:46:48.038+0000] {dagbag.py:540} INFO - Filling up the DagBag from /opt/airflow/dags/prediction_dag.py
[2026-01-08T17:46:48.046+0000] {processor.py:840} INFO - DAG(s) 'prediction_dag' retrieved from /opt/airflow/dags/prediction_dag.py
[2026-01-08T17:46:48.068+0000] {logging_mixin.py:188} INFO - [2026-01-08T17:46:48.068+0000] {dag.py:3047} INFO - Sync 1 DAGs
[2026-01-08T17:46:48.082+0000] {logging_mixin.py:188} INFO - [2026-01-08T17:46:48.082+0000] {dag.py:3834} INFO - Setting next_dagrun for prediction_dag to 2026-01-08 17:46:00+00:00, run_after=2026-01-08 17:48:00+00:00
[2026-01-08T17:46:48.091+0000] {processor.py:183} INFO - Processing /opt/airflow/dags/prediction_dag.py took 0.058 seconds
[2026-01-08T17:47:18.480+0000] {processor.py:161} INFO - Started process (PID=39722) to work on /opt/airflow/dags/prediction_dag.py
[2026-01-08T17:47:18.484+0000] {processor.py:830} INFO - Processing file /opt/airflow/dags/prediction_dag.py for tasks to queue
[2026-01-08T17:47:18.486+0000] {logging_mixin.py:188} INFO - [2026-01-08T17:47:18.485+0000] {dagbag.py:540} INFO - Filling up the DagBag from /opt/airflow/dags/prediction_dag.py
[2026-01-08T17:47:18.523+0000] {processor.py:840} INFO - DAG(s) 'prediction_dag' retrieved from /opt/airflow/dags/prediction_dag.py
[2026-01-08T17:47:18.575+0000] {logging_mixin.py:188} INFO - [2026-01-08T17:47:18.575+0000] {dag.py:3047} INFO - Sync 1 DAGs
[2026-01-08T17:47:18.617+0000] {logging_mixin.py:188} INFO - [2026-01-08T17:47:18.617+0000] {dag.py:3834} INFO - Setting next_dagrun for prediction_dag to 2026-01-08 17:46:00+00:00, run_after=2026-01-08 17:48:00+00:00
[2026-01-08T17:47:18.634+0000] {processor.py:183} INFO - Processing /opt/airflow/dags/prediction_dag.py took 0.160 seconds
[2026-01-08T17:47:49.069+0000] {processor.py:161} INFO - Started process (PID=39737) to work on /opt/airflow/dags/prediction_dag.py
[2026-01-08T17:47:49.070+0000] {processor.py:830} INFO - Processing file /opt/airflow/dags/prediction_dag.py for tasks to queue
[2026-01-08T17:47:49.071+0000] {logging_mixin.py:188} INFO - [2026-01-08T17:47:49.071+0000] {dagbag.py:540} INFO - Filling up the DagBag from /opt/airflow/dags/prediction_dag.py
[2026-01-08T17:47:49.100+0000] {processor.py:840} INFO - DAG(s) 'prediction_dag' retrieved from /opt/airflow/dags/prediction_dag.py
[2026-01-08T17:47:49.151+0000] {logging_mixin.py:188} INFO - [2026-01-08T17:47:49.151+0000] {dag.py:3047} INFO - Sync 1 DAGs
[2026-01-08T17:47:49.181+0000] {logging_mixin.py:188} INFO - [2026-01-08T17:47:49.181+0000] {dag.py:3834} INFO - Setting next_dagrun for prediction_dag to 2026-01-08 17:46:00+00:00, run_after=2026-01-08 17:48:00+00:00
[2026-01-08T17:47:49.201+0000] {processor.py:183} INFO - Processing /opt/airflow/dags/prediction_dag.py took 0.139 seconds
[2026-01-08T17:48:19.336+0000] {processor.py:161} INFO - Started process (PID=39823) to work on /opt/airflow/dags/prediction_dag.py
[2026-01-08T17:48:19.338+0000] {processor.py:830} INFO - Processing file /opt/airflow/dags/prediction_dag.py for tasks to queue
[2026-01-08T17:48:19.340+0000] {logging_mixin.py:188} INFO - [2026-01-08T17:48:19.339+0000] {dagbag.py:540} INFO - Filling up the DagBag from /opt/airflow/dags/prediction_dag.py
[2026-01-08T17:48:19.378+0000] {processor.py:840} INFO - DAG(s) 'prediction_dag' retrieved from /opt/airflow/dags/prediction_dag.py
[2026-01-08T17:48:19.431+0000] {logging_mixin.py:188} INFO - [2026-01-08T17:48:19.431+0000] {dag.py:3047} INFO - Sync 1 DAGs
[2026-01-08T17:48:19.467+0000] {logging_mixin.py:188} INFO - [2026-01-08T17:48:19.466+0000] {dag.py:3834} INFO - Setting next_dagrun for prediction_dag to 2026-01-08 17:48:00+00:00, run_after=2026-01-08 17:50:00+00:00
[2026-01-08T17:48:19.485+0000] {processor.py:183} INFO - Processing /opt/airflow/dags/prediction_dag.py took 0.164 seconds
[2026-01-08T17:48:50.035+0000] {processor.py:161} INFO - Started process (PID=39841) to work on /opt/airflow/dags/prediction_dag.py
[2026-01-08T17:48:50.054+0000] {processor.py:830} INFO - Processing file /opt/airflow/dags/prediction_dag.py for tasks to queue
[2026-01-08T17:48:50.058+0000] {logging_mixin.py:188} INFO - [2026-01-08T17:48:50.057+0000] {dagbag.py:540} INFO - Filling up the DagBag from /opt/airflow/dags/prediction_dag.py
[2026-01-08T17:48:50.301+0000] {processor.py:840} INFO - DAG(s) 'prediction_dag' retrieved from /opt/airflow/dags/prediction_dag.py
[2026-01-08T17:48:50.445+0000] {logging_mixin.py:188} INFO - [2026-01-08T17:48:50.444+0000] {dag.py:3047} INFO - Sync 1 DAGs
[2026-01-08T17:48:50.529+0000] {logging_mixin.py:188} INFO - [2026-01-08T17:48:50.529+0000] {dag.py:3834} INFO - Setting next_dagrun for prediction_dag to 2026-01-08 17:48:00+00:00, run_after=2026-01-08 17:50:00+00:00
[2026-01-08T17:48:50.553+0000] {processor.py:183} INFO - Processing /opt/airflow/dags/prediction_dag.py took 0.574 seconds
[2026-01-08T17:49:20.987+0000] {processor.py:161} INFO - Started process (PID=39921) to work on /opt/airflow/dags/prediction_dag.py
[2026-01-08T17:49:20.992+0000] {processor.py:830} INFO - Processing file /opt/airflow/dags/prediction_dag.py for tasks to queue
[2026-01-08T17:49:20.994+0000] {logging_mixin.py:188} INFO - [2026-01-08T17:49:20.993+0000] {dagbag.py:540} INFO - Filling up the DagBag from /opt/airflow/dags/prediction_dag.py
[2026-01-08T17:49:21.031+0000] {processor.py:840} INFO - DAG(s) 'prediction_dag' retrieved from /opt/airflow/dags/prediction_dag.py
[2026-01-08T17:49:21.078+0000] {logging_mixin.py:188} INFO - [2026-01-08T17:49:21.078+0000] {dag.py:3047} INFO - Sync 1 DAGs
[2026-01-08T17:49:21.110+0000] {logging_mixin.py:188} INFO - [2026-01-08T17:49:21.110+0000] {dag.py:3834} INFO - Setting next_dagrun for prediction_dag to 2026-01-08 17:48:00+00:00, run_after=2026-01-08 17:50:00+00:00
[2026-01-08T17:49:21.133+0000] {processor.py:183} INFO - Processing /opt/airflow/dags/prediction_dag.py took 0.158 seconds
[2026-01-08T17:49:51.352+0000] {processor.py:161} INFO - Started process (PID=39939) to work on /opt/airflow/dags/prediction_dag.py
[2026-01-08T17:49:51.355+0000] {processor.py:830} INFO - Processing file /opt/airflow/dags/prediction_dag.py for tasks to queue
[2026-01-08T17:49:51.357+0000] {logging_mixin.py:188} INFO - [2026-01-08T17:49:51.356+0000] {dagbag.py:540} INFO - Filling up the DagBag from /opt/airflow/dags/prediction_dag.py
[2026-01-08T17:49:51.387+0000] {processor.py:840} INFO - DAG(s) 'prediction_dag' retrieved from /opt/airflow/dags/prediction_dag.py
[2026-01-08T17:49:51.430+0000] {logging_mixin.py:188} INFO - [2026-01-08T17:49:51.430+0000] {dag.py:3047} INFO - Sync 1 DAGs
[2026-01-08T17:49:51.459+0000] {logging_mixin.py:188} INFO - [2026-01-08T17:49:51.459+0000] {dag.py:3834} INFO - Setting next_dagrun for prediction_dag to 2026-01-08 17:48:00+00:00, run_after=2026-01-08 17:50:00+00:00
[2026-01-08T17:49:51.474+0000] {processor.py:183} INFO - Processing /opt/airflow/dags/prediction_dag.py took 0.132 seconds
[2026-01-08T17:50:22.043+0000] {processor.py:161} INFO - Started process (PID=40025) to work on /opt/airflow/dags/prediction_dag.py
[2026-01-08T17:50:22.045+0000] {processor.py:830} INFO - Processing file /opt/airflow/dags/prediction_dag.py for tasks to queue
[2026-01-08T17:50:22.047+0000] {logging_mixin.py:188} INFO - [2026-01-08T17:50:22.046+0000] {dagbag.py:540} INFO - Filling up the DagBag from /opt/airflow/dags/prediction_dag.py
[2026-01-08T17:50:22.075+0000] {processor.py:840} INFO - DAG(s) 'prediction_dag' retrieved from /opt/airflow/dags/prediction_dag.py
[2026-01-08T17:50:22.119+0000] {logging_mixin.py:188} INFO - [2026-01-08T17:50:22.119+0000] {dag.py:3047} INFO - Sync 1 DAGs
[2026-01-08T17:50:22.150+0000] {logging_mixin.py:188} INFO - [2026-01-08T17:50:22.150+0000] {dag.py:3834} INFO - Setting next_dagrun for prediction_dag to 2026-01-08 17:50:00+00:00, run_after=2026-01-08 17:52:00+00:00
[2026-01-08T17:50:22.163+0000] {processor.py:183} INFO - Processing /opt/airflow/dags/prediction_dag.py took 0.130 seconds
[2026-01-08T17:50:52.288+0000] {processor.py:161} INFO - Started process (PID=40043) to work on /opt/airflow/dags/prediction_dag.py
[2026-01-08T17:50:52.290+0000] {processor.py:830} INFO - Processing file /opt/airflow/dags/prediction_dag.py for tasks to queue
[2026-01-08T17:50:52.297+0000] {logging_mixin.py:188} INFO - [2026-01-08T17:50:52.293+0000] {dagbag.py:540} INFO - Filling up the DagBag from /opt/airflow/dags/prediction_dag.py
[2026-01-08T17:50:52.333+0000] {processor.py:840} INFO - DAG(s) 'prediction_dag' retrieved from /opt/airflow/dags/prediction_dag.py
[2026-01-08T17:50:52.384+0000] {logging_mixin.py:188} INFO - [2026-01-08T17:50:52.384+0000] {dag.py:3047} INFO - Sync 1 DAGs
[2026-01-08T17:50:52.418+0000] {logging_mixin.py:188} INFO - [2026-01-08T17:50:52.418+0000] {dag.py:3834} INFO - Setting next_dagrun for prediction_dag to 2026-01-08 17:50:00+00:00, run_after=2026-01-08 17:52:00+00:00
[2026-01-08T17:50:52.431+0000] {processor.py:183} INFO - Processing /opt/airflow/dags/prediction_dag.py took 0.161 seconds
[2026-01-08T17:51:22.883+0000] {processor.py:161} INFO - Started process (PID=40123) to work on /opt/airflow/dags/prediction_dag.py
[2026-01-08T17:51:22.886+0000] {processor.py:830} INFO - Processing file /opt/airflow/dags/prediction_dag.py for tasks to queue
[2026-01-08T17:51:22.887+0000] {logging_mixin.py:188} INFO - [2026-01-08T17:51:22.887+0000] {dagbag.py:540} INFO - Filling up the DagBag from /opt/airflow/dags/prediction_dag.py
[2026-01-08T17:51:22.928+0000] {processor.py:840} INFO - DAG(s) 'prediction_dag' retrieved from /opt/airflow/dags/prediction_dag.py
[2026-01-08T17:51:22.998+0000] {logging_mixin.py:188} INFO - [2026-01-08T17:51:22.998+0000] {dag.py:3047} INFO - Sync 1 DAGs
[2026-01-08T17:51:23.037+0000] {logging_mixin.py:188} INFO - [2026-01-08T17:51:23.037+0000] {dag.py:3834} INFO - Setting next_dagrun for prediction_dag to 2026-01-08 17:50:00+00:00, run_after=2026-01-08 17:52:00+00:00
[2026-01-08T17:51:23.057+0000] {processor.py:183} INFO - Processing /opt/airflow/dags/prediction_dag.py took 0.186 seconds
[2026-01-08T17:51:53.232+0000] {processor.py:161} INFO - Started process (PID=40141) to work on /opt/airflow/dags/prediction_dag.py
[2026-01-08T17:51:53.236+0000] {processor.py:830} INFO - Processing file /opt/airflow/dags/prediction_dag.py for tasks to queue
[2026-01-08T17:51:53.238+0000] {logging_mixin.py:188} INFO - [2026-01-08T17:51:53.237+0000] {dagbag.py:540} INFO - Filling up the DagBag from /opt/airflow/dags/prediction_dag.py
[2026-01-08T17:51:53.281+0000] {processor.py:840} INFO - DAG(s) 'prediction_dag' retrieved from /opt/airflow/dags/prediction_dag.py
[2026-01-08T17:51:53.336+0000] {logging_mixin.py:188} INFO - [2026-01-08T17:51:53.336+0000] {dag.py:3047} INFO - Sync 1 DAGs
[2026-01-08T17:51:53.370+0000] {logging_mixin.py:188} INFO - [2026-01-08T17:51:53.370+0000] {dag.py:3834} INFO - Setting next_dagrun for prediction_dag to 2026-01-08 17:50:00+00:00, run_after=2026-01-08 17:52:00+00:00
[2026-01-08T17:51:53.390+0000] {processor.py:183} INFO - Processing /opt/airflow/dags/prediction_dag.py took 0.174 seconds
[2026-01-08T17:52:23.654+0000] {processor.py:161} INFO - Started process (PID=40227) to work on /opt/airflow/dags/prediction_dag.py
[2026-01-08T17:52:23.656+0000] {processor.py:830} INFO - Processing file /opt/airflow/dags/prediction_dag.py for tasks to queue
[2026-01-08T17:52:23.657+0000] {logging_mixin.py:188} INFO - [2026-01-08T17:52:23.657+0000] {dagbag.py:540} INFO - Filling up the DagBag from /opt/airflow/dags/prediction_dag.py
[2026-01-08T17:52:23.683+0000] {processor.py:840} INFO - DAG(s) 'prediction_dag' retrieved from /opt/airflow/dags/prediction_dag.py
[2026-01-08T17:52:23.718+0000] {logging_mixin.py:188} INFO - [2026-01-08T17:52:23.718+0000] {dag.py:3047} INFO - Sync 1 DAGs
[2026-01-08T17:52:23.744+0000] {logging_mixin.py:188} INFO - [2026-01-08T17:52:23.743+0000] {dag.py:3834} INFO - Setting next_dagrun for prediction_dag to 2026-01-08 17:52:00+00:00, run_after=2026-01-08 17:54:00+00:00
[2026-01-08T17:52:23.755+0000] {processor.py:183} INFO - Processing /opt/airflow/dags/prediction_dag.py took 0.109 seconds
[2026-01-08T17:52:54.076+0000] {processor.py:161} INFO - Started process (PID=40245) to work on /opt/airflow/dags/prediction_dag.py
[2026-01-08T17:52:54.079+0000] {processor.py:830} INFO - Processing file /opt/airflow/dags/prediction_dag.py for tasks to queue
[2026-01-08T17:52:54.081+0000] {logging_mixin.py:188} INFO - [2026-01-08T17:52:54.080+0000] {dagbag.py:540} INFO - Filling up the DagBag from /opt/airflow/dags/prediction_dag.py
[2026-01-08T17:52:54.112+0000] {processor.py:840} INFO - DAG(s) 'prediction_dag' retrieved from /opt/airflow/dags/prediction_dag.py
[2026-01-08T17:52:54.161+0000] {logging_mixin.py:188} INFO - [2026-01-08T17:52:54.161+0000] {dag.py:3047} INFO - Sync 1 DAGs
[2026-01-08T17:52:54.196+0000] {logging_mixin.py:188} INFO - [2026-01-08T17:52:54.196+0000] {dag.py:3834} INFO - Setting next_dagrun for prediction_dag to 2026-01-08 17:52:00+00:00, run_after=2026-01-08 17:54:00+00:00
[2026-01-08T17:52:54.212+0000] {processor.py:183} INFO - Processing /opt/airflow/dags/prediction_dag.py took 0.147 seconds
[2026-01-08T17:53:24.815+0000] {processor.py:161} INFO - Started process (PID=40325) to work on /opt/airflow/dags/prediction_dag.py
[2026-01-08T17:53:24.817+0000] {processor.py:830} INFO - Processing file /opt/airflow/dags/prediction_dag.py for tasks to queue
[2026-01-08T17:53:24.818+0000] {logging_mixin.py:188} INFO - [2026-01-08T17:53:24.818+0000] {dagbag.py:540} INFO - Filling up the DagBag from /opt/airflow/dags/prediction_dag.py
[2026-01-08T17:53:24.851+0000] {processor.py:840} INFO - DAG(s) 'prediction_dag' retrieved from /opt/airflow/dags/prediction_dag.py
[2026-01-08T17:53:24.933+0000] {logging_mixin.py:188} INFO - [2026-01-08T17:53:24.932+0000] {dag.py:3047} INFO - Sync 1 DAGs
[2026-01-08T17:53:25.086+0000] {logging_mixin.py:188} INFO - [2026-01-08T17:53:25.085+0000] {dag.py:3834} INFO - Setting next_dagrun for prediction_dag to 2026-01-08 17:52:00+00:00, run_after=2026-01-08 17:54:00+00:00
[2026-01-08T17:53:25.114+0000] {processor.py:183} INFO - Processing /opt/airflow/dags/prediction_dag.py took 0.320 seconds
[2026-01-08T17:53:55.593+0000] {processor.py:161} INFO - Started process (PID=40343) to work on /opt/airflow/dags/prediction_dag.py
[2026-01-08T17:53:55.595+0000] {processor.py:830} INFO - Processing file /opt/airflow/dags/prediction_dag.py for tasks to queue
[2026-01-08T17:53:55.597+0000] {logging_mixin.py:188} INFO - [2026-01-08T17:53:55.596+0000] {dagbag.py:540} INFO - Filling up the DagBag from /opt/airflow/dags/prediction_dag.py
[2026-01-08T17:53:55.633+0000] {processor.py:840} INFO - DAG(s) 'prediction_dag' retrieved from /opt/airflow/dags/prediction_dag.py
[2026-01-08T17:53:55.711+0000] {logging_mixin.py:188} INFO - [2026-01-08T17:53:55.711+0000] {dag.py:3047} INFO - Sync 1 DAGs
[2026-01-08T17:53:55.813+0000] {logging_mixin.py:188} INFO - [2026-01-08T17:53:55.813+0000] {dag.py:3834} INFO - Setting next_dagrun for prediction_dag to 2026-01-08 17:52:00+00:00, run_after=2026-01-08 17:54:00+00:00
[2026-01-08T17:53:55.850+0000] {processor.py:183} INFO - Processing /opt/airflow/dags/prediction_dag.py took 0.275 seconds
[2026-01-08T17:54:26.229+0000] {processor.py:161} INFO - Started process (PID=40429) to work on /opt/airflow/dags/prediction_dag.py
[2026-01-08T17:54:26.230+0000] {processor.py:830} INFO - Processing file /opt/airflow/dags/prediction_dag.py for tasks to queue
[2026-01-08T17:54:26.231+0000] {logging_mixin.py:188} INFO - [2026-01-08T17:54:26.231+0000] {dagbag.py:540} INFO - Filling up the DagBag from /opt/airflow/dags/prediction_dag.py
[2026-01-08T17:54:26.245+0000] {processor.py:840} INFO - DAG(s) 'prediction_dag' retrieved from /opt/airflow/dags/prediction_dag.py
[2026-01-08T17:54:26.272+0000] {logging_mixin.py:188} INFO - [2026-01-08T17:54:26.271+0000] {dag.py:3047} INFO - Sync 1 DAGs
[2026-01-08T17:54:26.290+0000] {logging_mixin.py:188} INFO - [2026-01-08T17:54:26.290+0000] {dag.py:3834} INFO - Setting next_dagrun for prediction_dag to 2026-01-08 17:54:00+00:00, run_after=2026-01-08 17:56:00+00:00
[2026-01-08T17:54:26.300+0000] {processor.py:183} INFO - Processing /opt/airflow/dags/prediction_dag.py took 0.078 seconds
[2026-01-08T17:54:56.699+0000] {processor.py:161} INFO - Started process (PID=40438) to work on /opt/airflow/dags/prediction_dag.py
[2026-01-08T17:54:56.700+0000] {processor.py:830} INFO - Processing file /opt/airflow/dags/prediction_dag.py for tasks to queue
[2026-01-08T17:54:56.701+0000] {logging_mixin.py:188} INFO - [2026-01-08T17:54:56.700+0000] {dagbag.py:540} INFO - Filling up the DagBag from /opt/airflow/dags/prediction_dag.py
[2026-01-08T17:54:56.711+0000] {processor.py:840} INFO - DAG(s) 'prediction_dag' retrieved from /opt/airflow/dags/prediction_dag.py
[2026-01-08T17:54:56.740+0000] {logging_mixin.py:188} INFO - [2026-01-08T17:54:56.740+0000] {dag.py:3047} INFO - Sync 1 DAGs
[2026-01-08T17:54:56.778+0000] {logging_mixin.py:188} INFO - [2026-01-08T17:54:56.777+0000] {dag.py:3834} INFO - Setting next_dagrun for prediction_dag to 2026-01-08 17:54:00+00:00, run_after=2026-01-08 17:56:00+00:00
[2026-01-08T17:54:56.814+0000] {processor.py:183} INFO - Processing /opt/airflow/dags/prediction_dag.py took 0.118 seconds
[2026-01-08T17:55:27.173+0000] {processor.py:161} INFO - Started process (PID=40514) to work on /opt/airflow/dags/prediction_dag.py
[2026-01-08T17:55:27.175+0000] {processor.py:830} INFO - Processing file /opt/airflow/dags/prediction_dag.py for tasks to queue
[2026-01-08T17:55:27.176+0000] {logging_mixin.py:188} INFO - [2026-01-08T17:55:27.175+0000] {dagbag.py:540} INFO - Filling up the DagBag from /opt/airflow/dags/prediction_dag.py
[2026-01-08T17:55:27.207+0000] {processor.py:840} INFO - DAG(s) 'prediction_dag' retrieved from /opt/airflow/dags/prediction_dag.py
[2026-01-08T17:55:27.264+0000] {logging_mixin.py:188} INFO - [2026-01-08T17:55:27.264+0000] {dag.py:3047} INFO - Sync 1 DAGs
[2026-01-08T17:55:27.301+0000] {logging_mixin.py:188} INFO - [2026-01-08T17:55:27.301+0000] {dag.py:3834} INFO - Setting next_dagrun for prediction_dag to 2026-01-08 17:54:00+00:00, run_after=2026-01-08 17:56:00+00:00
[2026-01-08T17:55:27.320+0000] {processor.py:183} INFO - Processing /opt/airflow/dags/prediction_dag.py took 0.158 seconds
[2026-01-08T17:55:57.706+0000] {processor.py:161} INFO - Started process (PID=40532) to work on /opt/airflow/dags/prediction_dag.py
[2026-01-08T17:55:57.710+0000] {processor.py:830} INFO - Processing file /opt/airflow/dags/prediction_dag.py for tasks to queue
[2026-01-08T17:55:57.711+0000] {logging_mixin.py:188} INFO - [2026-01-08T17:55:57.711+0000] {dagbag.py:540} INFO - Filling up the DagBag from /opt/airflow/dags/prediction_dag.py
[2026-01-08T17:55:57.745+0000] {processor.py:840} INFO - DAG(s) 'prediction_dag' retrieved from /opt/airflow/dags/prediction_dag.py
[2026-01-08T17:55:57.798+0000] {logging_mixin.py:188} INFO - [2026-01-08T17:55:57.798+0000] {dag.py:3047} INFO - Sync 1 DAGs
[2026-01-08T17:55:57.832+0000] {logging_mixin.py:188} INFO - [2026-01-08T17:55:57.832+0000] {dag.py:3834} INFO - Setting next_dagrun for prediction_dag to 2026-01-08 17:54:00+00:00, run_after=2026-01-08 17:56:00+00:00
[2026-01-08T17:55:57.851+0000] {processor.py:183} INFO - Processing /opt/airflow/dags/prediction_dag.py took 0.164 seconds
[2026-01-08T17:56:28.348+0000] {processor.py:161} INFO - Started process (PID=40618) to work on /opt/airflow/dags/prediction_dag.py
[2026-01-08T17:56:28.349+0000] {processor.py:830} INFO - Processing file /opt/airflow/dags/prediction_dag.py for tasks to queue
[2026-01-08T17:56:28.351+0000] {logging_mixin.py:188} INFO - [2026-01-08T17:56:28.350+0000] {dagbag.py:540} INFO - Filling up the DagBag from /opt/airflow/dags/prediction_dag.py
[2026-01-08T17:56:28.383+0000] {processor.py:840} INFO - DAG(s) 'prediction_dag' retrieved from /opt/airflow/dags/prediction_dag.py
[2026-01-08T17:56:28.432+0000] {logging_mixin.py:188} INFO - [2026-01-08T17:56:28.432+0000] {dag.py:3047} INFO - Sync 1 DAGs
[2026-01-08T17:56:28.468+0000] {logging_mixin.py:188} INFO - [2026-01-08T17:56:28.468+0000] {dag.py:3834} INFO - Setting next_dagrun for prediction_dag to 2026-01-08 17:56:00+00:00, run_after=2026-01-08 17:58:00+00:00
[2026-01-08T17:56:28.481+0000] {processor.py:183} INFO - Processing /opt/airflow/dags/prediction_dag.py took 0.146 seconds
[2026-01-08T17:56:58.619+0000] {processor.py:161} INFO - Started process (PID=40636) to work on /opt/airflow/dags/prediction_dag.py
[2026-01-08T17:56:58.622+0000] {processor.py:830} INFO - Processing file /opt/airflow/dags/prediction_dag.py for tasks to queue
[2026-01-08T17:56:58.623+0000] {logging_mixin.py:188} INFO - [2026-01-08T17:56:58.622+0000] {dagbag.py:540} INFO - Filling up the DagBag from /opt/airflow/dags/prediction_dag.py
[2026-01-08T17:56:58.660+0000] {processor.py:840} INFO - DAG(s) 'prediction_dag' retrieved from /opt/airflow/dags/prediction_dag.py
[2026-01-08T17:56:58.708+0000] {logging_mixin.py:188} INFO - [2026-01-08T17:56:58.708+0000] {dag.py:3047} INFO - Sync 1 DAGs
[2026-01-08T17:56:58.744+0000] {logging_mixin.py:188} INFO - [2026-01-08T17:56:58.744+0000] {dag.py:3834} INFO - Setting next_dagrun for prediction_dag to 2026-01-08 17:56:00+00:00, run_after=2026-01-08 17:58:00+00:00
[2026-01-08T17:56:58.760+0000] {processor.py:183} INFO - Processing /opt/airflow/dags/prediction_dag.py took 0.152 seconds
[2026-01-08T17:57:28.856+0000] {processor.py:161} INFO - Started process (PID=40716) to work on /opt/airflow/dags/prediction_dag.py
[2026-01-08T17:57:28.860+0000] {processor.py:830} INFO - Processing file /opt/airflow/dags/prediction_dag.py for tasks to queue
[2026-01-08T17:57:28.862+0000] {logging_mixin.py:188} INFO - [2026-01-08T17:57:28.862+0000] {dagbag.py:540} INFO - Filling up the DagBag from /opt/airflow/dags/prediction_dag.py
[2026-01-08T17:57:28.942+0000] {processor.py:840} INFO - DAG(s) 'prediction_dag' retrieved from /opt/airflow/dags/prediction_dag.py
[2026-01-08T17:57:29.065+0000] {logging_mixin.py:188} INFO - [2026-01-08T17:57:29.064+0000] {dag.py:3047} INFO - Sync 1 DAGs
[2026-01-08T17:57:29.113+0000] {logging_mixin.py:188} INFO - [2026-01-08T17:57:29.113+0000] {dag.py:3834} INFO - Setting next_dagrun for prediction_dag to 2026-01-08 17:56:00+00:00, run_after=2026-01-08 17:58:00+00:00
[2026-01-08T17:57:29.138+0000] {processor.py:183} INFO - Processing /opt/airflow/dags/prediction_dag.py took 0.297 seconds
[2026-01-08T17:57:59.569+0000] {processor.py:161} INFO - Started process (PID=40734) to work on /opt/airflow/dags/prediction_dag.py
[2026-01-08T17:57:59.571+0000] {processor.py:830} INFO - Processing file /opt/airflow/dags/prediction_dag.py for tasks to queue
[2026-01-08T17:57:59.573+0000] {logging_mixin.py:188} INFO - [2026-01-08T17:57:59.572+0000] {dagbag.py:540} INFO - Filling up the DagBag from /opt/airflow/dags/prediction_dag.py
[2026-01-08T17:57:59.612+0000] {processor.py:840} INFO - DAG(s) 'prediction_dag' retrieved from /opt/airflow/dags/prediction_dag.py
[2026-01-08T17:57:59.659+0000] {logging_mixin.py:188} INFO - [2026-01-08T17:57:59.658+0000] {dag.py:3047} INFO - Sync 1 DAGs
[2026-01-08T17:57:59.693+0000] {logging_mixin.py:188} INFO - [2026-01-08T17:57:59.693+0000] {dag.py:3834} INFO - Setting next_dagrun for prediction_dag to 2026-01-08 17:56:00+00:00, run_after=2026-01-08 17:58:00+00:00
[2026-01-08T17:57:59.707+0000] {processor.py:183} INFO - Processing /opt/airflow/dags/prediction_dag.py took 0.148 seconds
[2026-01-08T17:58:30.140+0000] {processor.py:161} INFO - Started process (PID=40820) to work on /opt/airflow/dags/prediction_dag.py
[2026-01-08T17:58:30.142+0000] {processor.py:830} INFO - Processing file /opt/airflow/dags/prediction_dag.py for tasks to queue
[2026-01-08T17:58:30.144+0000] {logging_mixin.py:188} INFO - [2026-01-08T17:58:30.143+0000] {dagbag.py:540} INFO - Filling up the DagBag from /opt/airflow/dags/prediction_dag.py
[2026-01-08T17:58:30.182+0000] {processor.py:840} INFO - DAG(s) 'prediction_dag' retrieved from /opt/airflow/dags/prediction_dag.py
[2026-01-08T17:58:30.242+0000] {logging_mixin.py:188} INFO - [2026-01-08T17:58:30.241+0000] {dag.py:3047} INFO - Sync 1 DAGs
[2026-01-08T17:58:30.286+0000] {logging_mixin.py:188} INFO - [2026-01-08T17:58:30.286+0000] {dag.py:3834} INFO - Setting next_dagrun for prediction_dag to 2026-01-08 17:58:00+00:00, run_after=2026-01-08 18:00:00+00:00
[2026-01-08T17:58:30.305+0000] {processor.py:183} INFO - Processing /opt/airflow/dags/prediction_dag.py took 0.180 seconds
[2026-01-08T17:59:00.818+0000] {processor.py:161} INFO - Started process (PID=40839) to work on /opt/airflow/dags/prediction_dag.py
[2026-01-08T17:59:00.821+0000] {processor.py:830} INFO - Processing file /opt/airflow/dags/prediction_dag.py for tasks to queue
[2026-01-08T17:59:00.822+0000] {logging_mixin.py:188} INFO - [2026-01-08T17:59:00.822+0000] {dagbag.py:540} INFO - Filling up the DagBag from /opt/airflow/dags/prediction_dag.py
[2026-01-08T17:59:00.870+0000] {processor.py:840} INFO - DAG(s) 'prediction_dag' retrieved from /opt/airflow/dags/prediction_dag.py
[2026-01-08T17:59:00.925+0000] {logging_mixin.py:188} INFO - [2026-01-08T17:59:00.924+0000] {dag.py:3047} INFO - Sync 1 DAGs
[2026-01-08T17:59:00.973+0000] {logging_mixin.py:188} INFO - [2026-01-08T17:59:00.973+0000] {dag.py:3834} INFO - Setting next_dagrun for prediction_dag to 2026-01-08 17:58:00+00:00, run_after=2026-01-08 18:00:00+00:00
[2026-01-08T17:59:00.998+0000] {processor.py:183} INFO - Processing /opt/airflow/dags/prediction_dag.py took 0.193 seconds
[2026-01-08T17:59:31.199+0000] {processor.py:161} INFO - Started process (PID=40918) to work on /opt/airflow/dags/prediction_dag.py
[2026-01-08T17:59:31.202+0000] {processor.py:830} INFO - Processing file /opt/airflow/dags/prediction_dag.py for tasks to queue
[2026-01-08T17:59:31.203+0000] {logging_mixin.py:188} INFO - [2026-01-08T17:59:31.203+0000] {dagbag.py:540} INFO - Filling up the DagBag from /opt/airflow/dags/prediction_dag.py
[2026-01-08T17:59:31.243+0000] {processor.py:840} INFO - DAG(s) 'prediction_dag' retrieved from /opt/airflow/dags/prediction_dag.py
[2026-01-08T17:59:31.293+0000] {logging_mixin.py:188} INFO - [2026-01-08T17:59:31.293+0000] {dag.py:3047} INFO - Sync 1 DAGs
[2026-01-08T17:59:31.327+0000] {logging_mixin.py:188} INFO - [2026-01-08T17:59:31.327+0000] {dag.py:3834} INFO - Setting next_dagrun for prediction_dag to 2026-01-08 17:58:00+00:00, run_after=2026-01-08 18:00:00+00:00
[2026-01-08T17:59:31.341+0000] {processor.py:183} INFO - Processing /opt/airflow/dags/prediction_dag.py took 0.152 seconds
[2026-01-08T18:00:01.400+0000] {processor.py:161} INFO - Started process (PID=40939) to work on /opt/airflow/dags/prediction_dag.py
[2026-01-08T18:00:01.403+0000] {processor.py:830} INFO - Processing file /opt/airflow/dags/prediction_dag.py for tasks to queue
[2026-01-08T18:00:01.404+0000] {logging_mixin.py:188} INFO - [2026-01-08T18:00:01.403+0000] {dagbag.py:540} INFO - Filling up the DagBag from /opt/airflow/dags/prediction_dag.py
[2026-01-08T18:00:01.428+0000] {processor.py:840} INFO - DAG(s) 'prediction_dag' retrieved from /opt/airflow/dags/prediction_dag.py
[2026-01-08T18:00:01.516+0000] {logging_mixin.py:188} INFO - [2026-01-08T18:00:01.515+0000] {dag.py:3047} INFO - Sync 1 DAGs
[2026-01-08T18:00:01.640+0000] {logging_mixin.py:188} INFO - [2026-01-08T18:00:01.640+0000] {dag.py:3834} INFO - Setting next_dagrun for prediction_dag to 2026-01-08 18:00:00+00:00, run_after=2026-01-08 18:02:00+00:00
[2026-01-08T18:00:01.691+0000] {processor.py:183} INFO - Processing /opt/airflow/dags/prediction_dag.py took 0.298 seconds
[2026-01-08T18:00:32.521+0000] {processor.py:161} INFO - Started process (PID=41022) to work on /opt/airflow/dags/prediction_dag.py
[2026-01-08T18:00:32.528+0000] {processor.py:830} INFO - Processing file /opt/airflow/dags/prediction_dag.py for tasks to queue
[2026-01-08T18:00:32.530+0000] {logging_mixin.py:188} INFO - [2026-01-08T18:00:32.529+0000] {dagbag.py:540} INFO - Filling up the DagBag from /opt/airflow/dags/prediction_dag.py
[2026-01-08T18:00:32.563+0000] {processor.py:840} INFO - DAG(s) 'prediction_dag' retrieved from /opt/airflow/dags/prediction_dag.py
[2026-01-08T18:00:32.615+0000] {logging_mixin.py:188} INFO - [2026-01-08T18:00:32.615+0000] {dag.py:3047} INFO - Sync 1 DAGs
[2026-01-08T18:00:32.651+0000] {logging_mixin.py:188} INFO - [2026-01-08T18:00:32.651+0000] {dag.py:3834} INFO - Setting next_dagrun for prediction_dag to 2026-01-08 18:00:00+00:00, run_after=2026-01-08 18:02:00+00:00
[2026-01-08T18:00:32.664+0000] {processor.py:183} INFO - Processing /opt/airflow/dags/prediction_dag.py took 0.152 seconds
[2026-01-08T18:01:02.785+0000] {processor.py:161} INFO - Started process (PID=41050) to work on /opt/airflow/dags/prediction_dag.py
[2026-01-08T18:01:02.787+0000] {processor.py:830} INFO - Processing file /opt/airflow/dags/prediction_dag.py for tasks to queue
[2026-01-08T18:01:02.789+0000] {logging_mixin.py:188} INFO - [2026-01-08T18:01:02.789+0000] {dagbag.py:540} INFO - Filling up the DagBag from /opt/airflow/dags/prediction_dag.py
[2026-01-08T18:01:02.818+0000] {processor.py:840} INFO - DAG(s) 'prediction_dag' retrieved from /opt/airflow/dags/prediction_dag.py
[2026-01-08T18:01:02.851+0000] {logging_mixin.py:188} INFO - [2026-01-08T18:01:02.851+0000] {dag.py:3047} INFO - Sync 1 DAGs
[2026-01-08T18:01:02.873+0000] {logging_mixin.py:188} INFO - [2026-01-08T18:01:02.873+0000] {dag.py:3834} INFO - Setting next_dagrun for prediction_dag to 2026-01-08 18:00:00+00:00, run_after=2026-01-08 18:02:00+00:00
[2026-01-08T18:01:02.888+0000] {processor.py:183} INFO - Processing /opt/airflow/dags/prediction_dag.py took 0.108 seconds
[2026-01-08T18:01:33.385+0000] {processor.py:161} INFO - Started process (PID=41120) to work on /opt/airflow/dags/prediction_dag.py
[2026-01-08T18:01:33.388+0000] {processor.py:830} INFO - Processing file /opt/airflow/dags/prediction_dag.py for tasks to queue
[2026-01-08T18:01:33.390+0000] {logging_mixin.py:188} INFO - [2026-01-08T18:01:33.389+0000] {dagbag.py:540} INFO - Filling up the DagBag from /opt/airflow/dags/prediction_dag.py
[2026-01-08T18:01:33.430+0000] {processor.py:840} INFO - DAG(s) 'prediction_dag' retrieved from /opt/airflow/dags/prediction_dag.py
[2026-01-08T18:01:33.492+0000] {logging_mixin.py:188} INFO - [2026-01-08T18:01:33.492+0000] {dag.py:3047} INFO - Sync 1 DAGs
[2026-01-08T18:01:33.545+0000] {logging_mixin.py:188} INFO - [2026-01-08T18:01:33.545+0000] {dag.py:3834} INFO - Setting next_dagrun for prediction_dag to 2026-01-08 18:00:00+00:00, run_after=2026-01-08 18:02:00+00:00
[2026-01-08T18:01:33.562+0000] {processor.py:183} INFO - Processing /opt/airflow/dags/prediction_dag.py took 0.201 seconds
[2026-01-08T18:02:04.030+0000] {processor.py:161} INFO - Started process (PID=41154) to work on /opt/airflow/dags/prediction_dag.py
[2026-01-08T18:02:04.031+0000] {processor.py:830} INFO - Processing file /opt/airflow/dags/prediction_dag.py for tasks to queue
[2026-01-08T18:02:04.032+0000] {logging_mixin.py:188} INFO - [2026-01-08T18:02:04.032+0000] {dagbag.py:540} INFO - Filling up the DagBag from /opt/airflow/dags/prediction_dag.py
[2026-01-08T18:02:04.065+0000] {processor.py:840} INFO - DAG(s) 'prediction_dag' retrieved from /opt/airflow/dags/prediction_dag.py
[2026-01-08T18:02:04.097+0000] {logging_mixin.py:188} INFO - [2026-01-08T18:02:04.097+0000] {dag.py:3047} INFO - Sync 1 DAGs
[2026-01-08T18:02:04.122+0000] {logging_mixin.py:188} INFO - [2026-01-08T18:02:04.122+0000] {dag.py:3834} INFO - Setting next_dagrun for prediction_dag to 2026-01-08 18:02:00+00:00, run_after=2026-01-08 18:04:00+00:00
[2026-01-08T18:02:04.148+0000] {processor.py:183} INFO - Processing /opt/airflow/dags/prediction_dag.py took 0.122 seconds
[2026-01-08T18:02:34.771+0000] {processor.py:161} INFO - Started process (PID=41224) to work on /opt/airflow/dags/prediction_dag.py
[2026-01-08T18:02:34.772+0000] {processor.py:830} INFO - Processing file /opt/airflow/dags/prediction_dag.py for tasks to queue
[2026-01-08T18:02:34.774+0000] {logging_mixin.py:188} INFO - [2026-01-08T18:02:34.773+0000] {dagbag.py:540} INFO - Filling up the DagBag from /opt/airflow/dags/prediction_dag.py
[2026-01-08T18:02:34.802+0000] {processor.py:840} INFO - DAG(s) 'prediction_dag' retrieved from /opt/airflow/dags/prediction_dag.py
[2026-01-08T18:02:34.840+0000] {logging_mixin.py:188} INFO - [2026-01-08T18:02:34.840+0000] {dag.py:3047} INFO - Sync 1 DAGs
[2026-01-08T18:02:34.861+0000] {logging_mixin.py:188} INFO - [2026-01-08T18:02:34.861+0000] {dag.py:3834} INFO - Setting next_dagrun for prediction_dag to 2026-01-08 18:02:00+00:00, run_after=2026-01-08 18:04:00+00:00
[2026-01-08T18:02:34.877+0000] {processor.py:183} INFO - Processing /opt/airflow/dags/prediction_dag.py took 0.112 seconds
[2026-01-08T18:03:05.267+0000] {processor.py:161} INFO - Started process (PID=41245) to work on /opt/airflow/dags/prediction_dag.py
[2026-01-08T18:03:05.269+0000] {processor.py:830} INFO - Processing file /opt/airflow/dags/prediction_dag.py for tasks to queue
[2026-01-08T18:03:05.274+0000] {logging_mixin.py:188} INFO - [2026-01-08T18:03:05.271+0000] {dagbag.py:540} INFO - Filling up the DagBag from /opt/airflow/dags/prediction_dag.py
[2026-01-08T18:03:05.322+0000] {processor.py:840} INFO - DAG(s) 'prediction_dag' retrieved from /opt/airflow/dags/prediction_dag.py
[2026-01-08T18:03:05.381+0000] {logging_mixin.py:188} INFO - [2026-01-08T18:03:05.380+0000] {dag.py:3047} INFO - Sync 1 DAGs
[2026-01-08T18:03:05.443+0000] {logging_mixin.py:188} INFO - [2026-01-08T18:03:05.443+0000] {dag.py:3834} INFO - Setting next_dagrun for prediction_dag to 2026-01-08 18:02:00+00:00, run_after=2026-01-08 18:04:00+00:00
[2026-01-08T18:03:05.468+0000] {processor.py:183} INFO - Processing /opt/airflow/dags/prediction_dag.py took 0.211 seconds
[2026-01-08T18:03:36.236+0000] {processor.py:161} INFO - Started process (PID=41309) to work on /opt/airflow/dags/prediction_dag.py
[2026-01-08T18:03:36.239+0000] {processor.py:830} INFO - Processing file /opt/airflow/dags/prediction_dag.py for tasks to queue
[2026-01-08T18:03:36.241+0000] {logging_mixin.py:188} INFO - [2026-01-08T18:03:36.240+0000] {dagbag.py:540} INFO - Filling up the DagBag from /opt/airflow/dags/prediction_dag.py
[2026-01-08T18:03:36.287+0000] {processor.py:840} INFO - DAG(s) 'prediction_dag' retrieved from /opt/airflow/dags/prediction_dag.py
[2026-01-08T18:03:36.357+0000] {logging_mixin.py:188} INFO - [2026-01-08T18:03:36.357+0000] {dag.py:3047} INFO - Sync 1 DAGs
[2026-01-08T18:03:36.408+0000] {logging_mixin.py:188} INFO - [2026-01-08T18:03:36.408+0000] {dag.py:3834} INFO - Setting next_dagrun for prediction_dag to 2026-01-08 18:02:00+00:00, run_after=2026-01-08 18:04:00+00:00
[2026-01-08T18:03:36.427+0000] {processor.py:183} INFO - Processing /opt/airflow/dags/prediction_dag.py took 0.205 seconds
[2026-01-08T18:04:06.883+0000] {processor.py:161} INFO - Started process (PID=41362) to work on /opt/airflow/dags/prediction_dag.py
[2026-01-08T18:04:06.884+0000] {processor.py:830} INFO - Processing file /opt/airflow/dags/prediction_dag.py for tasks to queue
[2026-01-08T18:04:06.886+0000] {logging_mixin.py:188} INFO - [2026-01-08T18:04:06.885+0000] {dagbag.py:540} INFO - Filling up the DagBag from /opt/airflow/dags/prediction_dag.py
[2026-01-08T18:04:06.902+0000] {processor.py:840} INFO - DAG(s) 'prediction_dag' retrieved from /opt/airflow/dags/prediction_dag.py
[2026-01-08T18:04:06.934+0000] {logging_mixin.py:188} INFO - [2026-01-08T18:04:06.933+0000] {dag.py:3047} INFO - Sync 1 DAGs
[2026-01-08T18:04:06.959+0000] {logging_mixin.py:188} INFO - [2026-01-08T18:04:06.959+0000] {dag.py:3834} INFO - Setting next_dagrun for prediction_dag to 2026-01-08 18:04:00+00:00, run_after=2026-01-08 18:06:00+00:00
[2026-01-08T18:04:06.976+0000] {processor.py:183} INFO - Processing /opt/airflow/dags/prediction_dag.py took 0.099 seconds
[2026-01-08T18:04:37.349+0000] {processor.py:161} INFO - Started process (PID=41413) to work on /opt/airflow/dags/prediction_dag.py
[2026-01-08T18:04:37.352+0000] {processor.py:830} INFO - Processing file /opt/airflow/dags/prediction_dag.py for tasks to queue
[2026-01-08T18:04:37.353+0000] {logging_mixin.py:188} INFO - [2026-01-08T18:04:37.353+0000] {dagbag.py:540} INFO - Filling up the DagBag from /opt/airflow/dags/prediction_dag.py
[2026-01-08T18:04:37.386+0000] {processor.py:840} INFO - DAG(s) 'prediction_dag' retrieved from /opt/airflow/dags/prediction_dag.py
[2026-01-08T18:04:37.433+0000] {logging_mixin.py:188} INFO - [2026-01-08T18:04:37.433+0000] {dag.py:3047} INFO - Sync 1 DAGs
[2026-01-08T18:04:37.463+0000] {logging_mixin.py:188} INFO - [2026-01-08T18:04:37.463+0000] {dag.py:3834} INFO - Setting next_dagrun for prediction_dag to 2026-01-08 18:04:00+00:00, run_after=2026-01-08 18:06:00+00:00
[2026-01-08T18:04:37.476+0000] {processor.py:183} INFO - Processing /opt/airflow/dags/prediction_dag.py took 0.136 seconds
[2026-01-08T18:05:07.830+0000] {processor.py:161} INFO - Started process (PID=41490) to work on /opt/airflow/dags/prediction_dag.py
[2026-01-08T18:05:07.832+0000] {processor.py:830} INFO - Processing file /opt/airflow/dags/prediction_dag.py for tasks to queue
[2026-01-08T18:05:07.833+0000] {logging_mixin.py:188} INFO - [2026-01-08T18:05:07.833+0000] {dagbag.py:540} INFO - Filling up the DagBag from /opt/airflow/dags/prediction_dag.py
[2026-01-08T18:05:07.864+0000] {processor.py:840} INFO - DAG(s) 'prediction_dag' retrieved from /opt/airflow/dags/prediction_dag.py
[2026-01-08T18:05:07.907+0000] {logging_mixin.py:188} INFO - [2026-01-08T18:05:07.906+0000] {dag.py:3047} INFO - Sync 1 DAGs
[2026-01-08T18:05:07.940+0000] {logging_mixin.py:188} INFO - [2026-01-08T18:05:07.939+0000] {dag.py:3834} INFO - Setting next_dagrun for prediction_dag to 2026-01-08 18:04:00+00:00, run_after=2026-01-08 18:06:00+00:00
[2026-01-08T18:05:07.962+0000] {processor.py:183} INFO - Processing /opt/airflow/dags/prediction_dag.py took 0.142 seconds
[2026-01-08T18:05:38.291+0000] {processor.py:161} INFO - Started process (PID=41511) to work on /opt/airflow/dags/prediction_dag.py
[2026-01-08T18:05:38.293+0000] {processor.py:830} INFO - Processing file /opt/airflow/dags/prediction_dag.py for tasks to queue
[2026-01-08T18:05:38.294+0000] {logging_mixin.py:188} INFO - [2026-01-08T18:05:38.293+0000] {dagbag.py:540} INFO - Filling up the DagBag from /opt/airflow/dags/prediction_dag.py
[2026-01-08T18:05:38.317+0000] {processor.py:840} INFO - DAG(s) 'prediction_dag' retrieved from /opt/airflow/dags/prediction_dag.py
[2026-01-08T18:05:38.361+0000] {logging_mixin.py:188} INFO - [2026-01-08T18:05:38.360+0000] {dag.py:3047} INFO - Sync 1 DAGs
[2026-01-08T18:05:38.393+0000] {logging_mixin.py:188} INFO - [2026-01-08T18:05:38.393+0000] {dag.py:3834} INFO - Setting next_dagrun for prediction_dag to 2026-01-08 18:04:00+00:00, run_after=2026-01-08 18:06:00+00:00
[2026-01-08T18:05:38.405+0000] {processor.py:183} INFO - Processing /opt/airflow/dags/prediction_dag.py took 0.123 seconds
[2026-01-08T18:06:08.730+0000] {processor.py:161} INFO - Started process (PID=41573) to work on /opt/airflow/dags/prediction_dag.py
[2026-01-08T18:06:08.732+0000] {processor.py:830} INFO - Processing file /opt/airflow/dags/prediction_dag.py for tasks to queue
[2026-01-08T18:06:08.733+0000] {logging_mixin.py:188} INFO - [2026-01-08T18:06:08.732+0000] {dagbag.py:540} INFO - Filling up the DagBag from /opt/airflow/dags/prediction_dag.py
[2026-01-08T18:06:08.753+0000] {processor.py:840} INFO - DAG(s) 'prediction_dag' retrieved from /opt/airflow/dags/prediction_dag.py
[2026-01-08T18:06:08.783+0000] {logging_mixin.py:188} INFO - [2026-01-08T18:06:08.783+0000] {dag.py:3047} INFO - Sync 1 DAGs
[2026-01-08T18:06:08.811+0000] {logging_mixin.py:188} INFO - [2026-01-08T18:06:08.811+0000] {dag.py:3834} INFO - Setting next_dagrun for prediction_dag to 2026-01-08 18:06:00+00:00, run_after=2026-01-08 18:08:00+00:00
[2026-01-08T18:06:08.825+0000] {processor.py:183} INFO - Processing /opt/airflow/dags/prediction_dag.py took 0.100 seconds
[2026-01-08T18:06:39.237+0000] {processor.py:161} INFO - Started process (PID=41615) to work on /opt/airflow/dags/prediction_dag.py
[2026-01-08T18:06:39.240+0000] {processor.py:830} INFO - Processing file /opt/airflow/dags/prediction_dag.py for tasks to queue
[2026-01-08T18:06:39.241+0000] {logging_mixin.py:188} INFO - [2026-01-08T18:06:39.241+0000] {dagbag.py:540} INFO - Filling up the DagBag from /opt/airflow/dags/prediction_dag.py
[2026-01-08T18:06:39.271+0000] {processor.py:840} INFO - DAG(s) 'prediction_dag' retrieved from /opt/airflow/dags/prediction_dag.py
[2026-01-08T18:06:39.304+0000] {logging_mixin.py:188} INFO - [2026-01-08T18:06:39.304+0000] {dag.py:3047} INFO - Sync 1 DAGs
[2026-01-08T18:06:39.330+0000] {logging_mixin.py:188} INFO - [2026-01-08T18:06:39.330+0000] {dag.py:3834} INFO - Setting next_dagrun for prediction_dag to 2026-01-08 18:06:00+00:00, run_after=2026-01-08 18:08:00+00:00
[2026-01-08T18:06:39.344+0000] {processor.py:183} INFO - Processing /opt/airflow/dags/prediction_dag.py took 0.123 seconds
[2026-01-08T18:07:09.657+0000] {processor.py:161} INFO - Started process (PID=41695) to work on /opt/airflow/dags/prediction_dag.py
[2026-01-08T18:07:09.660+0000] {processor.py:830} INFO - Processing file /opt/airflow/dags/prediction_dag.py for tasks to queue
[2026-01-08T18:07:09.661+0000] {logging_mixin.py:188} INFO - [2026-01-08T18:07:09.661+0000] {dagbag.py:540} INFO - Filling up the DagBag from /opt/airflow/dags/prediction_dag.py
[2026-01-08T18:07:09.689+0000] {processor.py:840} INFO - DAG(s) 'prediction_dag' retrieved from /opt/airflow/dags/prediction_dag.py
[2026-01-08T18:07:09.717+0000] {logging_mixin.py:188} INFO - [2026-01-08T18:07:09.717+0000] {dag.py:3047} INFO - Sync 1 DAGs
[2026-01-08T18:07:09.736+0000] {logging_mixin.py:188} INFO - [2026-01-08T18:07:09.736+0000] {dag.py:3834} INFO - Setting next_dagrun for prediction_dag to 2026-01-08 18:06:00+00:00, run_after=2026-01-08 18:08:00+00:00
[2026-01-08T18:07:09.746+0000] {processor.py:183} INFO - Processing /opt/airflow/dags/prediction_dag.py took 0.095 seconds
[2026-01-08T18:07:40.039+0000] {processor.py:161} INFO - Started process (PID=41713) to work on /opt/airflow/dags/prediction_dag.py
[2026-01-08T18:07:40.040+0000] {processor.py:830} INFO - Processing file /opt/airflow/dags/prediction_dag.py for tasks to queue
[2026-01-08T18:07:40.041+0000] {logging_mixin.py:188} INFO - [2026-01-08T18:07:40.041+0000] {dagbag.py:540} INFO - Filling up the DagBag from /opt/airflow/dags/prediction_dag.py
[2026-01-08T18:07:40.054+0000] {processor.py:840} INFO - DAG(s) 'prediction_dag' retrieved from /opt/airflow/dags/prediction_dag.py
[2026-01-08T18:07:40.084+0000] {logging_mixin.py:188} INFO - [2026-01-08T18:07:40.084+0000] {dag.py:3047} INFO - Sync 1 DAGs
[2026-01-08T18:07:40.105+0000] {logging_mixin.py:188} INFO - [2026-01-08T18:07:40.105+0000] {dag.py:3834} INFO - Setting next_dagrun for prediction_dag to 2026-01-08 18:06:00+00:00, run_after=2026-01-08 18:08:00+00:00
[2026-01-08T18:07:40.117+0000] {processor.py:183} INFO - Processing /opt/airflow/dags/prediction_dag.py took 0.081 seconds
[2026-01-08T18:08:10.419+0000] {processor.py:161} INFO - Started process (PID=41799) to work on /opt/airflow/dags/prediction_dag.py
[2026-01-08T18:08:10.420+0000] {processor.py:830} INFO - Processing file /opt/airflow/dags/prediction_dag.py for tasks to queue
[2026-01-08T18:08:10.422+0000] {logging_mixin.py:188} INFO - [2026-01-08T18:08:10.421+0000] {dagbag.py:540} INFO - Filling up the DagBag from /opt/airflow/dags/prediction_dag.py
[2026-01-08T18:08:10.449+0000] {processor.py:840} INFO - DAG(s) 'prediction_dag' retrieved from /opt/airflow/dags/prediction_dag.py
[2026-01-08T18:08:10.482+0000] {logging_mixin.py:188} INFO - [2026-01-08T18:08:10.482+0000] {dag.py:3047} INFO - Sync 1 DAGs
[2026-01-08T18:08:10.509+0000] {logging_mixin.py:188} INFO - [2026-01-08T18:08:10.509+0000] {dag.py:3834} INFO - Setting next_dagrun for prediction_dag to 2026-01-08 18:08:00+00:00, run_after=2026-01-08 18:10:00+00:00
[2026-01-08T18:08:10.521+0000] {processor.py:183} INFO - Processing /opt/airflow/dags/prediction_dag.py took 0.106 seconds
[2026-01-08T18:08:40.866+0000] {processor.py:161} INFO - Started process (PID=41817) to work on /opt/airflow/dags/prediction_dag.py
[2026-01-08T18:08:40.869+0000] {processor.py:830} INFO - Processing file /opt/airflow/dags/prediction_dag.py for tasks to queue
[2026-01-08T18:08:40.870+0000] {logging_mixin.py:188} INFO - [2026-01-08T18:08:40.870+0000] {dagbag.py:540} INFO - Filling up the DagBag from /opt/airflow/dags/prediction_dag.py
[2026-01-08T18:08:40.903+0000] {processor.py:840} INFO - DAG(s) 'prediction_dag' retrieved from /opt/airflow/dags/prediction_dag.py
[2026-01-08T18:08:40.957+0000] {logging_mixin.py:188} INFO - [2026-01-08T18:08:40.957+0000] {dag.py:3047} INFO - Sync 1 DAGs
[2026-01-08T18:08:40.993+0000] {logging_mixin.py:188} INFO - [2026-01-08T18:08:40.993+0000] {dag.py:3834} INFO - Setting next_dagrun for prediction_dag to 2026-01-08 18:08:00+00:00, run_after=2026-01-08 18:10:00+00:00
[2026-01-08T18:08:41.013+0000] {processor.py:183} INFO - Processing /opt/airflow/dags/prediction_dag.py took 0.155 seconds
[2026-01-08T18:09:11.390+0000] {processor.py:161} INFO - Started process (PID=41894) to work on /opt/airflow/dags/prediction_dag.py
[2026-01-08T18:09:11.391+0000] {processor.py:830} INFO - Processing file /opt/airflow/dags/prediction_dag.py for tasks to queue
[2026-01-08T18:09:11.394+0000] {logging_mixin.py:188} INFO - [2026-01-08T18:09:11.393+0000] {dagbag.py:540} INFO - Filling up the DagBag from /opt/airflow/dags/prediction_dag.py
[2026-01-08T18:09:11.438+0000] {processor.py:840} INFO - DAG(s) 'prediction_dag' retrieved from /opt/airflow/dags/prediction_dag.py
[2026-01-08T18:09:11.500+0000] {logging_mixin.py:188} INFO - [2026-01-08T18:09:11.500+0000] {dag.py:3047} INFO - Sync 1 DAGs
[2026-01-08T18:09:11.562+0000] {logging_mixin.py:188} INFO - [2026-01-08T18:09:11.562+0000] {dag.py:3834} INFO - Setting next_dagrun for prediction_dag to 2026-01-08 18:08:00+00:00, run_after=2026-01-08 18:10:00+00:00
[2026-01-08T18:09:11.587+0000] {processor.py:183} INFO - Processing /opt/airflow/dags/prediction_dag.py took 0.227 seconds
[2026-01-08T18:09:42.172+0000] {processor.py:161} INFO - Started process (PID=41915) to work on /opt/airflow/dags/prediction_dag.py
[2026-01-08T18:09:42.176+0000] {processor.py:830} INFO - Processing file /opt/airflow/dags/prediction_dag.py for tasks to queue
[2026-01-08T18:09:42.177+0000] {logging_mixin.py:188} INFO - [2026-01-08T18:09:42.177+0000] {dagbag.py:540} INFO - Filling up the DagBag from /opt/airflow/dags/prediction_dag.py
[2026-01-08T18:09:42.210+0000] {processor.py:840} INFO - DAG(s) 'prediction_dag' retrieved from /opt/airflow/dags/prediction_dag.py
[2026-01-08T18:09:42.257+0000] {logging_mixin.py:188} INFO - [2026-01-08T18:09:42.257+0000] {dag.py:3047} INFO - Sync 1 DAGs
[2026-01-08T18:09:42.291+0000] {logging_mixin.py:188} INFO - [2026-01-08T18:09:42.291+0000] {dag.py:3834} INFO - Setting next_dagrun for prediction_dag to 2026-01-08 18:08:00+00:00, run_after=2026-01-08 18:10:00+00:00
[2026-01-08T18:09:42.305+0000] {processor.py:183} INFO - Processing /opt/airflow/dags/prediction_dag.py took 0.144 seconds
[2026-01-08T18:14:23.816+0000] {processor.py:161} INFO - Started process (PID=41980) to work on /opt/airflow/dags/prediction_dag.py
[2026-01-08T18:14:23.817+0000] {processor.py:830} INFO - Processing file /opt/airflow/dags/prediction_dag.py for tasks to queue
[2026-01-08T18:14:23.825+0000] {logging_mixin.py:188} INFO - [2026-01-08T18:14:23.824+0000] {dagbag.py:540} INFO - Filling up the DagBag from /opt/airflow/dags/prediction_dag.py
[2026-01-08T18:14:23.934+0000] {processor.py:840} INFO - DAG(s) 'prediction_dag' retrieved from /opt/airflow/dags/prediction_dag.py
[2026-01-08T18:14:24.167+0000] {logging_mixin.py:188} INFO - [2026-01-08T18:14:24.165+0000] {dag.py:3047} INFO - Sync 1 DAGs
[2026-01-08T18:14:24.373+0000] {logging_mixin.py:188} INFO - [2026-01-08T18:14:24.371+0000] {dag.py:3834} INFO - Setting next_dagrun for prediction_dag to 2026-01-08 18:14:00+00:00, run_after=2026-01-08 18:16:00+00:00
[2026-01-08T18:14:24.468+0000] {processor.py:183} INFO - Processing /opt/airflow/dags/prediction_dag.py took 0.664 seconds
[2026-01-08T18:14:54.654+0000] {processor.py:161} INFO - Started process (PID=42149) to work on /opt/airflow/dags/prediction_dag.py
[2026-01-08T18:14:54.657+0000] {processor.py:830} INFO - Processing file /opt/airflow/dags/prediction_dag.py for tasks to queue
[2026-01-08T18:14:54.658+0000] {logging_mixin.py:188} INFO - [2026-01-08T18:14:54.657+0000] {dagbag.py:540} INFO - Filling up the DagBag from /opt/airflow/dags/prediction_dag.py
[2026-01-08T18:14:54.703+0000] {processor.py:840} INFO - DAG(s) 'prediction_dag' retrieved from /opt/airflow/dags/prediction_dag.py
[2026-01-08T18:14:54.749+0000] {logging_mixin.py:188} INFO - [2026-01-08T18:14:54.748+0000] {dag.py:3047} INFO - Sync 1 DAGs
[2026-01-08T18:14:54.780+0000] {logging_mixin.py:188} INFO - [2026-01-08T18:14:54.780+0000] {dag.py:3834} INFO - Setting next_dagrun for prediction_dag to 2026-01-08 18:14:00+00:00, run_after=2026-01-08 18:16:00+00:00
[2026-01-08T18:14:54.794+0000] {processor.py:183} INFO - Processing /opt/airflow/dags/prediction_dag.py took 0.154 seconds
[2026-01-08T18:30:53.079+0000] {processor.py:161} INFO - Started process (PID=42234) to work on /opt/airflow/dags/prediction_dag.py
[2026-01-08T18:30:53.081+0000] {processor.py:830} INFO - Processing file /opt/airflow/dags/prediction_dag.py for tasks to queue
[2026-01-08T18:30:53.082+0000] {logging_mixin.py:188} INFO - [2026-01-08T18:30:53.082+0000] {dagbag.py:540} INFO - Filling up the DagBag from /opt/airflow/dags/prediction_dag.py
[2026-01-08T18:30:53.118+0000] {processor.py:840} INFO - DAG(s) 'prediction_dag' retrieved from /opt/airflow/dags/prediction_dag.py
[2026-01-08T18:30:53.177+0000] {logging_mixin.py:188} INFO - [2026-01-08T18:30:53.177+0000] {dag.py:3047} INFO - Sync 1 DAGs
[2026-01-08T18:30:53.220+0000] {logging_mixin.py:188} INFO - [2026-01-08T18:30:53.220+0000] {dag.py:3834} INFO - Setting next_dagrun for prediction_dag to 2026-01-08 18:28:00+00:00, run_after=2026-01-08 18:30:00+00:00
[2026-01-08T18:30:53.237+0000] {processor.py:183} INFO - Processing /opt/airflow/dags/prediction_dag.py took 0.165 seconds
[2026-01-08T18:31:23.927+0000] {processor.py:161} INFO - Started process (PID=42441) to work on /opt/airflow/dags/prediction_dag.py
[2026-01-08T18:31:23.929+0000] {processor.py:830} INFO - Processing file /opt/airflow/dags/prediction_dag.py for tasks to queue
[2026-01-08T18:31:23.930+0000] {logging_mixin.py:188} INFO - [2026-01-08T18:31:23.930+0000] {dagbag.py:540} INFO - Filling up the DagBag from /opt/airflow/dags/prediction_dag.py
[2026-01-08T18:31:23.971+0000] {processor.py:840} INFO - DAG(s) 'prediction_dag' retrieved from /opt/airflow/dags/prediction_dag.py
[2026-01-08T18:31:24.024+0000] {logging_mixin.py:188} INFO - [2026-01-08T18:31:24.024+0000] {dag.py:3047} INFO - Sync 1 DAGs
[2026-01-08T18:31:24.061+0000] {logging_mixin.py:188} INFO - [2026-01-08T18:31:24.060+0000] {dag.py:3834} INFO - Setting next_dagrun for prediction_dag to 2026-01-08 18:30:00+00:00, run_after=2026-01-08 18:32:00+00:00
[2026-01-08T18:31:24.081+0000] {processor.py:183} INFO - Processing /opt/airflow/dags/prediction_dag.py took 0.165 seconds
[2026-01-08T18:48:28.344+0000] {processor.py:161} INFO - Started process (PID=42462) to work on /opt/airflow/dags/prediction_dag.py
[2026-01-08T18:48:28.347+0000] {processor.py:830} INFO - Processing file /opt/airflow/dags/prediction_dag.py for tasks to queue
[2026-01-08T18:48:28.348+0000] {logging_mixin.py:188} INFO - [2026-01-08T18:48:28.348+0000] {dagbag.py:540} INFO - Filling up the DagBag from /opt/airflow/dags/prediction_dag.py
[2026-01-08T18:48:28.413+0000] {processor.py:840} INFO - DAG(s) 'prediction_dag' retrieved from /opt/airflow/dags/prediction_dag.py
[2026-01-08T18:48:28.519+0000] {logging_mixin.py:188} INFO - [2026-01-08T18:48:28.518+0000] {dag.py:3047} INFO - Sync 1 DAGs
[2026-01-08T18:48:28.607+0000] {logging_mixin.py:188} INFO - [2026-01-08T18:48:28.607+0000] {dag.py:3834} INFO - Setting next_dagrun for prediction_dag to 2026-01-08 18:48:00+00:00, run_after=2026-01-08 18:50:00+00:00
[2026-01-08T18:48:28.674+0000] {processor.py:183} INFO - Processing /opt/airflow/dags/prediction_dag.py took 0.338 seconds
[2026-01-08T18:53:10.089+0000] {processor.py:161} INFO - Started process (PID=42618) to work on /opt/airflow/dags/prediction_dag.py
[2026-01-08T18:53:10.090+0000] {processor.py:830} INFO - Processing file /opt/airflow/dags/prediction_dag.py for tasks to queue
[2026-01-08T18:53:10.094+0000] {logging_mixin.py:188} INFO - [2026-01-08T18:53:10.094+0000] {dagbag.py:540} INFO - Filling up the DagBag from /opt/airflow/dags/prediction_dag.py
[2026-01-08T18:53:10.132+0000] {processor.py:840} INFO - DAG(s) 'prediction_dag' retrieved from /opt/airflow/dags/prediction_dag.py
[2026-01-08T18:53:10.184+0000] {logging_mixin.py:188} INFO - [2026-01-08T18:53:10.184+0000] {dag.py:3047} INFO - Sync 1 DAGs
[2026-01-08T18:53:10.263+0000] {logging_mixin.py:188} INFO - [2026-01-08T18:53:10.263+0000] {dag.py:3834} INFO - Setting next_dagrun for prediction_dag to 2026-01-08 18:50:00+00:00, run_after=2026-01-08 18:52:00+00:00
[2026-01-08T18:53:10.300+0000] {processor.py:183} INFO - Processing /opt/airflow/dags/prediction_dag.py took 0.217 seconds
[2026-01-08T18:53:40.934+0000] {processor.py:161} INFO - Started process (PID=42773) to work on /opt/airflow/dags/prediction_dag.py
[2026-01-08T18:53:40.938+0000] {processor.py:830} INFO - Processing file /opt/airflow/dags/prediction_dag.py for tasks to queue
[2026-01-08T18:53:40.939+0000] {logging_mixin.py:188} INFO - [2026-01-08T18:53:40.939+0000] {dagbag.py:540} INFO - Filling up the DagBag from /opt/airflow/dags/prediction_dag.py
[2026-01-08T18:53:40.972+0000] {processor.py:840} INFO - DAG(s) 'prediction_dag' retrieved from /opt/airflow/dags/prediction_dag.py
[2026-01-08T18:53:41.023+0000] {logging_mixin.py:188} INFO - [2026-01-08T18:53:41.023+0000] {dag.py:3047} INFO - Sync 1 DAGs
[2026-01-08T18:53:41.055+0000] {logging_mixin.py:188} INFO - [2026-01-08T18:53:41.055+0000] {dag.py:3834} INFO - Setting next_dagrun for prediction_dag to 2026-01-08 18:52:00+00:00, run_after=2026-01-08 18:54:00+00:00
[2026-01-08T18:53:41.073+0000] {processor.py:183} INFO - Processing /opt/airflow/dags/prediction_dag.py took 0.146 seconds
[2026-01-08T19:09:13.394+0000] {processor.py:161} INFO - Started process (PID=42837) to work on /opt/airflow/dags/prediction_dag.py
[2026-01-08T19:09:13.403+0000] {processor.py:830} INFO - Processing file /opt/airflow/dags/prediction_dag.py for tasks to queue
[2026-01-08T19:09:13.412+0000] {logging_mixin.py:188} INFO - [2026-01-08T19:09:13.411+0000] {dagbag.py:540} INFO - Filling up the DagBag from /opt/airflow/dags/prediction_dag.py
[2026-01-08T19:09:13.510+0000] {processor.py:840} INFO - DAG(s) 'prediction_dag' retrieved from /opt/airflow/dags/prediction_dag.py
[2026-01-08T19:09:13.921+0000] {logging_mixin.py:188} INFO - [2026-01-08T19:09:13.918+0000] {dag.py:3047} INFO - Sync 1 DAGs
[2026-01-08T19:09:14.324+0000] {logging_mixin.py:188} INFO - [2026-01-08T19:09:14.323+0000] {dag.py:3834} INFO - Setting next_dagrun for prediction_dag to 2026-01-08 19:08:00+00:00, run_after=2026-01-08 19:10:00+00:00
[2026-01-08T19:09:14.463+0000] {processor.py:183} INFO - Processing /opt/airflow/dags/prediction_dag.py took 1.080 seconds
[2026-01-08T19:25:15.700+0000] {processor.py:161} INFO - Started process (PID=43012) to work on /opt/airflow/dags/prediction_dag.py
[2026-01-08T19:25:15.703+0000] {processor.py:830} INFO - Processing file /opt/airflow/dags/prediction_dag.py for tasks to queue
[2026-01-08T19:25:15.706+0000] {logging_mixin.py:188} INFO - [2026-01-08T19:25:15.705+0000] {dagbag.py:540} INFO - Filling up the DagBag from /opt/airflow/dags/prediction_dag.py
[2026-01-08T19:25:15.764+0000] {processor.py:840} INFO - DAG(s) 'prediction_dag' retrieved from /opt/airflow/dags/prediction_dag.py
[2026-01-08T19:25:15.860+0000] {logging_mixin.py:188} INFO - [2026-01-08T19:25:15.859+0000] {dag.py:3047} INFO - Sync 1 DAGs
[2026-01-08T19:25:16.022+0000] {logging_mixin.py:188} INFO - [2026-01-08T19:25:16.020+0000] {dag.py:3834} INFO - Setting next_dagrun for prediction_dag to 2026-01-08 19:24:00+00:00, run_after=2026-01-08 19:26:00+00:00
[2026-01-08T19:25:16.100+0000] {processor.py:183} INFO - Processing /opt/airflow/dags/prediction_dag.py took 0.411 seconds
[2026-01-08T19:25:46.725+0000] {processor.py:161} INFO - Started process (PID=43161) to work on /opt/airflow/dags/prediction_dag.py
[2026-01-08T19:25:46.727+0000] {processor.py:830} INFO - Processing file /opt/airflow/dags/prediction_dag.py for tasks to queue
[2026-01-08T19:25:46.730+0000] {logging_mixin.py:188} INFO - [2026-01-08T19:25:46.729+0000] {dagbag.py:540} INFO - Filling up the DagBag from /opt/airflow/dags/prediction_dag.py
[2026-01-08T19:25:46.761+0000] {processor.py:840} INFO - DAG(s) 'prediction_dag' retrieved from /opt/airflow/dags/prediction_dag.py
[2026-01-08T19:25:46.810+0000] {logging_mixin.py:188} INFO - [2026-01-08T19:25:46.810+0000] {dag.py:3047} INFO - Sync 1 DAGs
[2026-01-08T19:25:46.845+0000] {logging_mixin.py:188} INFO - [2026-01-08T19:25:46.845+0000] {dag.py:3834} INFO - Setting next_dagrun for prediction_dag to 2026-01-08 19:24:00+00:00, run_after=2026-01-08 19:26:00+00:00
[2026-01-08T19:25:46.860+0000] {processor.py:183} INFO - Processing /opt/airflow/dags/prediction_dag.py took 0.141 seconds
[2026-01-08T20:02:03.278+0000] {processor.py:161} INFO - Started process (PID=43249) to work on /opt/airflow/dags/prediction_dag.py
[2026-01-08T20:02:03.303+0000] {processor.py:830} INFO - Processing file /opt/airflow/dags/prediction_dag.py for tasks to queue
[2026-01-08T20:02:03.316+0000] {logging_mixin.py:188} INFO - [2026-01-08T20:02:03.314+0000] {dagbag.py:540} INFO - Filling up the DagBag from /opt/airflow/dags/prediction_dag.py
[2026-01-08T20:02:03.619+0000] {processor.py:840} INFO - DAG(s) 'prediction_dag' retrieved from /opt/airflow/dags/prediction_dag.py
[2026-01-08T20:02:04.497+0000] {logging_mixin.py:188} INFO - [2026-01-08T20:02:04.481+0000] {dag.py:3047} INFO - Sync 1 DAGs
[2026-01-08T20:02:04.743+0000] {logging_mixin.py:188} INFO - [2026-01-08T20:02:04.737+0000] {dag.py:3834} INFO - Setting next_dagrun for prediction_dag to 2026-01-08 20:02:00+00:00, run_after=2026-01-08 20:04:00+00:00
[2026-01-08T20:02:04.955+0000] {processor.py:183} INFO - Processing /opt/airflow/dags/prediction_dag.py took 1.749 seconds
[2026-01-08T20:25:28.526+0000] {processor.py:161} INFO - Started process (PID=43287) to work on /opt/airflow/dags/prediction_dag.py
[2026-01-08T20:25:28.563+0000] {processor.py:830} INFO - Processing file /opt/airflow/dags/prediction_dag.py for tasks to queue
[2026-01-08T20:25:28.601+0000] {logging_mixin.py:188} INFO - [2026-01-08T20:25:28.593+0000] {dagbag.py:540} INFO - Filling up the DagBag from /opt/airflow/dags/prediction_dag.py
[2026-01-08T20:25:30.658+0000] {processor.py:840} INFO - DAG(s) 'prediction_dag' retrieved from /opt/airflow/dags/prediction_dag.py
[2026-01-08T20:25:32.115+0000] {logging_mixin.py:188} INFO - [2026-01-08T20:25:32.099+0000] {dag.py:3047} INFO - Sync 1 DAGs
[2026-01-08T20:25:32.410+0000] {logging_mixin.py:188} INFO - [2026-01-08T20:25:32.410+0000] {dag.py:3834} INFO - Setting next_dagrun for prediction_dag to 2026-01-08 20:24:00+00:00, run_after=2026-01-08 20:26:00+00:00
[2026-01-08T20:25:32.554+0000] {processor.py:183} INFO - Processing /opt/airflow/dags/prediction_dag.py took 4.196 seconds
[2026-01-08T20:26:04.421+0000] {processor.py:161} INFO - Started process (PID=43401) to work on /opt/airflow/dags/prediction_dag.py
[2026-01-08T20:26:04.442+0000] {processor.py:830} INFO - Processing file /opt/airflow/dags/prediction_dag.py for tasks to queue
[2026-01-08T20:26:04.451+0000] {logging_mixin.py:188} INFO - [2026-01-08T20:26:04.446+0000] {dagbag.py:540} INFO - Filling up the DagBag from /opt/airflow/dags/prediction_dag.py
[2026-01-08T20:26:04.817+0000] {processor.py:840} INFO - DAG(s) 'prediction_dag' retrieved from /opt/airflow/dags/prediction_dag.py
[2026-01-08T20:26:05.283+0000] {logging_mixin.py:188} INFO - [2026-01-08T20:26:05.282+0000] {dag.py:3047} INFO - Sync 1 DAGs
[2026-01-08T20:26:05.634+0000] {logging_mixin.py:188} INFO - [2026-01-08T20:26:05.632+0000] {dag.py:3834} INFO - Setting next_dagrun for prediction_dag to 2026-01-08 20:26:00+00:00, run_after=2026-01-08 20:28:00+00:00
[2026-01-08T20:26:05.829+0000] {processor.py:183} INFO - Processing /opt/airflow/dags/prediction_dag.py took 1.478 seconds
[2026-01-08T20:26:36.917+0000] {processor.py:161} INFO - Started process (PID=43496) to work on /opt/airflow/dags/prediction_dag.py
[2026-01-08T20:26:36.926+0000] {processor.py:830} INFO - Processing file /opt/airflow/dags/prediction_dag.py for tasks to queue
[2026-01-08T20:26:36.945+0000] {logging_mixin.py:188} INFO - [2026-01-08T20:26:36.938+0000] {dagbag.py:540} INFO - Filling up the DagBag from /opt/airflow/dags/prediction_dag.py
[2026-01-08T20:26:37.152+0000] {processor.py:840} INFO - DAG(s) 'prediction_dag' retrieved from /opt/airflow/dags/prediction_dag.py
[2026-01-08T20:26:37.387+0000] {logging_mixin.py:188} INFO - [2026-01-08T20:26:37.385+0000] {dag.py:3047} INFO - Sync 1 DAGs
[2026-01-08T20:26:37.584+0000] {logging_mixin.py:188} INFO - [2026-01-08T20:26:37.584+0000] {dag.py:3834} INFO - Setting next_dagrun for prediction_dag to 2026-01-08 20:26:00+00:00, run_after=2026-01-08 20:28:00+00:00
[2026-01-08T20:26:37.694+0000] {processor.py:183} INFO - Processing /opt/airflow/dags/prediction_dag.py took 0.825 seconds
[2026-01-08T20:27:08.475+0000] {processor.py:161} INFO - Started process (PID=43594) to work on /opt/airflow/dags/prediction_dag.py
[2026-01-08T20:27:08.476+0000] {processor.py:830} INFO - Processing file /opt/airflow/dags/prediction_dag.py for tasks to queue
[2026-01-08T20:27:08.477+0000] {logging_mixin.py:188} INFO - [2026-01-08T20:27:08.477+0000] {dagbag.py:540} INFO - Filling up the DagBag from /opt/airflow/dags/prediction_dag.py
[2026-01-08T20:27:08.497+0000] {processor.py:840} INFO - DAG(s) 'prediction_dag' retrieved from /opt/airflow/dags/prediction_dag.py
[2026-01-08T20:27:08.544+0000] {logging_mixin.py:188} INFO - [2026-01-08T20:27:08.543+0000] {dag.py:3047} INFO - Sync 1 DAGs
[2026-01-08T20:27:08.592+0000] {logging_mixin.py:188} INFO - [2026-01-08T20:27:08.592+0000] {dag.py:3834} INFO - Setting next_dagrun for prediction_dag to 2026-01-08 20:26:00+00:00, run_after=2026-01-08 20:28:00+00:00
[2026-01-08T20:27:08.609+0000] {processor.py:183} INFO - Processing /opt/airflow/dags/prediction_dag.py took 0.138 seconds
[2026-01-08T20:27:38.960+0000] {processor.py:161} INFO - Started process (PID=43645) to work on /opt/airflow/dags/prediction_dag.py
[2026-01-08T20:27:38.964+0000] {processor.py:830} INFO - Processing file /opt/airflow/dags/prediction_dag.py for tasks to queue
[2026-01-08T20:27:38.965+0000] {logging_mixin.py:188} INFO - [2026-01-08T20:27:38.965+0000] {dagbag.py:540} INFO - Filling up the DagBag from /opt/airflow/dags/prediction_dag.py
[2026-01-08T20:27:39.001+0000] {processor.py:840} INFO - DAG(s) 'prediction_dag' retrieved from /opt/airflow/dags/prediction_dag.py
[2026-01-08T20:27:39.047+0000] {logging_mixin.py:188} INFO - [2026-01-08T20:27:39.047+0000] {dag.py:3047} INFO - Sync 1 DAGs
[2026-01-08T20:27:39.080+0000] {logging_mixin.py:188} INFO - [2026-01-08T20:27:39.080+0000] {dag.py:3834} INFO - Setting next_dagrun for prediction_dag to 2026-01-08 20:26:00+00:00, run_after=2026-01-08 20:28:00+00:00
[2026-01-08T20:27:39.096+0000] {processor.py:183} INFO - Processing /opt/airflow/dags/prediction_dag.py took 0.151 seconds
[2026-01-08T20:28:09.414+0000] {processor.py:161} INFO - Started process (PID=43704) to work on /opt/airflow/dags/prediction_dag.py
[2026-01-08T20:28:09.415+0000] {processor.py:830} INFO - Processing file /opt/airflow/dags/prediction_dag.py for tasks to queue
[2026-01-08T20:28:09.416+0000] {logging_mixin.py:188} INFO - [2026-01-08T20:28:09.416+0000] {dagbag.py:540} INFO - Filling up the DagBag from /opt/airflow/dags/prediction_dag.py
[2026-01-08T20:28:09.455+0000] {processor.py:840} INFO - DAG(s) 'prediction_dag' retrieved from /opt/airflow/dags/prediction_dag.py
[2026-01-08T20:28:09.549+0000] {logging_mixin.py:188} INFO - [2026-01-08T20:28:09.548+0000] {dag.py:3047} INFO - Sync 1 DAGs
[2026-01-08T20:28:09.610+0000] {logging_mixin.py:188} INFO - [2026-01-08T20:28:09.610+0000] {dag.py:3834} INFO - Setting next_dagrun for prediction_dag to 2026-01-08 20:28:00+00:00, run_after=2026-01-08 20:30:00+00:00
[2026-01-08T20:28:09.659+0000] {processor.py:183} INFO - Processing /opt/airflow/dags/prediction_dag.py took 0.258 seconds
[2026-01-08T20:28:40.055+0000] {processor.py:161} INFO - Started process (PID=43749) to work on /opt/airflow/dags/prediction_dag.py
[2026-01-08T20:28:40.057+0000] {processor.py:830} INFO - Processing file /opt/airflow/dags/prediction_dag.py for tasks to queue
[2026-01-08T20:28:40.059+0000] {logging_mixin.py:188} INFO - [2026-01-08T20:28:40.058+0000] {dagbag.py:540} INFO - Filling up the DagBag from /opt/airflow/dags/prediction_dag.py
[2026-01-08T20:28:40.087+0000] {processor.py:840} INFO - DAG(s) 'prediction_dag' retrieved from /opt/airflow/dags/prediction_dag.py
[2026-01-08T20:28:40.124+0000] {logging_mixin.py:188} INFO - [2026-01-08T20:28:40.124+0000] {dag.py:3047} INFO - Sync 1 DAGs
[2026-01-08T20:28:40.147+0000] {logging_mixin.py:188} INFO - [2026-01-08T20:28:40.146+0000] {dag.py:3834} INFO - Setting next_dagrun for prediction_dag to 2026-01-08 20:28:00+00:00, run_after=2026-01-08 20:30:00+00:00
[2026-01-08T20:28:40.158+0000] {processor.py:183} INFO - Processing /opt/airflow/dags/prediction_dag.py took 0.111 seconds
[2026-01-08T20:29:10.780+0000] {processor.py:161} INFO - Started process (PID=43787) to work on /opt/airflow/dags/prediction_dag.py
[2026-01-08T20:29:10.786+0000] {processor.py:830} INFO - Processing file /opt/airflow/dags/prediction_dag.py for tasks to queue
[2026-01-08T20:29:10.790+0000] {logging_mixin.py:188} INFO - [2026-01-08T20:29:10.789+0000] {dagbag.py:540} INFO - Filling up the DagBag from /opt/airflow/dags/prediction_dag.py
[2026-01-08T20:29:10.822+0000] {processor.py:840} INFO - DAG(s) 'prediction_dag' retrieved from /opt/airflow/dags/prediction_dag.py
[2026-01-08T20:29:10.881+0000] {logging_mixin.py:188} INFO - [2026-01-08T20:29:10.881+0000] {dag.py:3047} INFO - Sync 1 DAGs
[2026-01-08T20:29:10.928+0000] {logging_mixin.py:188} INFO - [2026-01-08T20:29:10.928+0000] {dag.py:3834} INFO - Setting next_dagrun for prediction_dag to 2026-01-08 20:28:00+00:00, run_after=2026-01-08 20:30:00+00:00
[2026-01-08T20:29:10.953+0000] {processor.py:183} INFO - Processing /opt/airflow/dags/prediction_dag.py took 0.179 seconds
[2026-01-08T20:29:41.461+0000] {processor.py:161} INFO - Started process (PID=43834) to work on /opt/airflow/dags/prediction_dag.py
[2026-01-08T20:29:41.464+0000] {processor.py:830} INFO - Processing file /opt/airflow/dags/prediction_dag.py for tasks to queue
[2026-01-08T20:29:41.465+0000] {logging_mixin.py:188} INFO - [2026-01-08T20:29:41.465+0000] {dagbag.py:540} INFO - Filling up the DagBag from /opt/airflow/dags/prediction_dag.py
[2026-01-08T20:29:41.504+0000] {processor.py:840} INFO - DAG(s) 'prediction_dag' retrieved from /opt/airflow/dags/prediction_dag.py
[2026-01-08T20:29:41.561+0000] {logging_mixin.py:188} INFO - [2026-01-08T20:29:41.561+0000] {dag.py:3047} INFO - Sync 1 DAGs
[2026-01-08T20:29:41.599+0000] {logging_mixin.py:188} INFO - [2026-01-08T20:29:41.599+0000] {dag.py:3834} INFO - Setting next_dagrun for prediction_dag to 2026-01-08 20:28:00+00:00, run_after=2026-01-08 20:30:00+00:00
[2026-01-08T20:29:41.614+0000] {processor.py:183} INFO - Processing /opt/airflow/dags/prediction_dag.py took 0.162 seconds
[2026-01-08T20:30:12.037+0000] {processor.py:161} INFO - Started process (PID=43917) to work on /opt/airflow/dags/prediction_dag.py
[2026-01-08T20:30:12.042+0000] {processor.py:830} INFO - Processing file /opt/airflow/dags/prediction_dag.py for tasks to queue
[2026-01-08T20:30:12.050+0000] {logging_mixin.py:188} INFO - [2026-01-08T20:30:12.046+0000] {dagbag.py:540} INFO - Filling up the DagBag from /opt/airflow/dags/prediction_dag.py
[2026-01-08T20:30:12.124+0000] {processor.py:840} INFO - DAG(s) 'prediction_dag' retrieved from /opt/airflow/dags/prediction_dag.py
[2026-01-08T20:30:12.246+0000] {logging_mixin.py:188} INFO - [2026-01-08T20:30:12.245+0000] {dag.py:3047} INFO - Sync 1 DAGs
[2026-01-08T20:30:12.347+0000] {logging_mixin.py:188} INFO - [2026-01-08T20:30:12.346+0000] {dag.py:3834} INFO - Setting next_dagrun for prediction_dag to 2026-01-08 20:30:00+00:00, run_after=2026-01-08 20:32:00+00:00
[2026-01-08T20:30:12.385+0000] {processor.py:183} INFO - Processing /opt/airflow/dags/prediction_dag.py took 0.369 seconds
[2026-01-08T20:30:42.550+0000] {processor.py:161} INFO - Started process (PID=43938) to work on /opt/airflow/dags/prediction_dag.py
[2026-01-08T20:30:42.552+0000] {processor.py:830} INFO - Processing file /opt/airflow/dags/prediction_dag.py for tasks to queue
[2026-01-08T20:30:42.553+0000] {logging_mixin.py:188} INFO - [2026-01-08T20:30:42.553+0000] {dagbag.py:540} INFO - Filling up the DagBag from /opt/airflow/dags/prediction_dag.py
[2026-01-08T20:30:42.586+0000] {processor.py:840} INFO - DAG(s) 'prediction_dag' retrieved from /opt/airflow/dags/prediction_dag.py
[2026-01-08T20:30:42.646+0000] {logging_mixin.py:188} INFO - [2026-01-08T20:30:42.646+0000] {dag.py:3047} INFO - Sync 1 DAGs
[2026-01-08T20:30:42.683+0000] {logging_mixin.py:188} INFO - [2026-01-08T20:30:42.683+0000] {dag.py:3834} INFO - Setting next_dagrun for prediction_dag to 2026-01-08 20:30:00+00:00, run_after=2026-01-08 20:32:00+00:00
[2026-01-08T20:30:42.698+0000] {processor.py:183} INFO - Processing /opt/airflow/dags/prediction_dag.py took 0.160 seconds
[2026-01-08T20:31:13.053+0000] {processor.py:161} INFO - Started process (PID=43991) to work on /opt/airflow/dags/prediction_dag.py
[2026-01-08T20:31:13.056+0000] {processor.py:830} INFO - Processing file /opt/airflow/dags/prediction_dag.py for tasks to queue
[2026-01-08T20:31:13.058+0000] {logging_mixin.py:188} INFO - [2026-01-08T20:31:13.057+0000] {dagbag.py:540} INFO - Filling up the DagBag from /opt/airflow/dags/prediction_dag.py
[2026-01-08T20:31:13.091+0000] {processor.py:840} INFO - DAG(s) 'prediction_dag' retrieved from /opt/airflow/dags/prediction_dag.py
[2026-01-08T20:31:13.158+0000] {logging_mixin.py:188} INFO - [2026-01-08T20:31:13.157+0000] {dag.py:3047} INFO - Sync 1 DAGs
[2026-01-08T20:31:13.223+0000] {logging_mixin.py:188} INFO - [2026-01-08T20:31:13.222+0000] {dag.py:3834} INFO - Setting next_dagrun for prediction_dag to 2026-01-08 20:30:00+00:00, run_after=2026-01-08 20:32:00+00:00
[2026-01-08T20:31:13.269+0000] {processor.py:183} INFO - Processing /opt/airflow/dags/prediction_dag.py took 0.229 seconds
[2026-01-08T20:31:43.483+0000] {processor.py:161} INFO - Started process (PID=44036) to work on /opt/airflow/dags/prediction_dag.py
[2026-01-08T20:31:43.486+0000] {processor.py:830} INFO - Processing file /opt/airflow/dags/prediction_dag.py for tasks to queue
[2026-01-08T20:31:43.487+0000] {logging_mixin.py:188} INFO - [2026-01-08T20:31:43.486+0000] {dagbag.py:540} INFO - Filling up the DagBag from /opt/airflow/dags/prediction_dag.py
[2026-01-08T20:31:43.519+0000] {processor.py:840} INFO - DAG(s) 'prediction_dag' retrieved from /opt/airflow/dags/prediction_dag.py
[2026-01-08T20:31:43.571+0000] {logging_mixin.py:188} INFO - [2026-01-08T20:31:43.571+0000] {dag.py:3047} INFO - Sync 1 DAGs
[2026-01-08T20:31:43.610+0000] {logging_mixin.py:188} INFO - [2026-01-08T20:31:43.610+0000] {dag.py:3834} INFO - Setting next_dagrun for prediction_dag to 2026-01-08 20:30:00+00:00, run_after=2026-01-08 20:32:00+00:00
[2026-01-08T20:31:43.624+0000] {processor.py:183} INFO - Processing /opt/airflow/dags/prediction_dag.py took 0.159 seconds
[2026-01-08T20:32:13.789+0000] {processor.py:161} INFO - Started process (PID=44122) to work on /opt/airflow/dags/prediction_dag.py
[2026-01-08T20:32:13.790+0000] {processor.py:830} INFO - Processing file /opt/airflow/dags/prediction_dag.py for tasks to queue
[2026-01-08T20:32:13.793+0000] {logging_mixin.py:188} INFO - [2026-01-08T20:32:13.792+0000] {dagbag.py:540} INFO - Filling up the DagBag from /opt/airflow/dags/prediction_dag.py
[2026-01-08T20:32:13.824+0000] {processor.py:840} INFO - DAG(s) 'prediction_dag' retrieved from /opt/airflow/dags/prediction_dag.py
[2026-01-08T20:32:13.862+0000] {logging_mixin.py:188} INFO - [2026-01-08T20:32:13.862+0000] {dag.py:3047} INFO - Sync 1 DAGs
[2026-01-08T20:32:13.900+0000] {logging_mixin.py:188} INFO - [2026-01-08T20:32:13.900+0000] {dag.py:3834} INFO - Setting next_dagrun for prediction_dag to 2026-01-08 20:32:00+00:00, run_after=2026-01-08 20:34:00+00:00
[2026-01-08T20:32:13.911+0000] {processor.py:183} INFO - Processing /opt/airflow/dags/prediction_dag.py took 0.131 seconds
[2026-01-08T20:32:44.186+0000] {processor.py:161} INFO - Started process (PID=44140) to work on /opt/airflow/dags/prediction_dag.py
[2026-01-08T20:32:44.189+0000] {processor.py:830} INFO - Processing file /opt/airflow/dags/prediction_dag.py for tasks to queue
[2026-01-08T20:32:44.191+0000] {logging_mixin.py:188} INFO - [2026-01-08T20:32:44.190+0000] {dagbag.py:540} INFO - Filling up the DagBag from /opt/airflow/dags/prediction_dag.py
[2026-01-08T20:32:44.236+0000] {processor.py:840} INFO - DAG(s) 'prediction_dag' retrieved from /opt/airflow/dags/prediction_dag.py
[2026-01-08T20:32:44.291+0000] {logging_mixin.py:188} INFO - [2026-01-08T20:32:44.290+0000] {dag.py:3047} INFO - Sync 1 DAGs
[2026-01-08T20:32:44.327+0000] {logging_mixin.py:188} INFO - [2026-01-08T20:32:44.327+0000] {dag.py:3834} INFO - Setting next_dagrun for prediction_dag to 2026-01-08 20:32:00+00:00, run_after=2026-01-08 20:34:00+00:00
[2026-01-08T20:32:44.345+0000] {processor.py:183} INFO - Processing /opt/airflow/dags/prediction_dag.py took 0.174 seconds
[2026-01-08T20:33:14.883+0000] {processor.py:161} INFO - Started process (PID=44220) to work on /opt/airflow/dags/prediction_dag.py
[2026-01-08T20:33:14.886+0000] {processor.py:830} INFO - Processing file /opt/airflow/dags/prediction_dag.py for tasks to queue
[2026-01-08T20:33:14.887+0000] {logging_mixin.py:188} INFO - [2026-01-08T20:33:14.886+0000] {dagbag.py:540} INFO - Filling up the DagBag from /opt/airflow/dags/prediction_dag.py
[2026-01-08T20:33:14.912+0000] {processor.py:840} INFO - DAG(s) 'prediction_dag' retrieved from /opt/airflow/dags/prediction_dag.py
[2026-01-08T20:33:14.956+0000] {logging_mixin.py:188} INFO - [2026-01-08T20:33:14.956+0000] {dag.py:3047} INFO - Sync 1 DAGs
[2026-01-08T20:33:14.989+0000] {logging_mixin.py:188} INFO - [2026-01-08T20:33:14.989+0000] {dag.py:3834} INFO - Setting next_dagrun for prediction_dag to 2026-01-08 20:32:00+00:00, run_after=2026-01-08 20:34:00+00:00
[2026-01-08T20:33:15.002+0000] {processor.py:183} INFO - Processing /opt/airflow/dags/prediction_dag.py took 0.136 seconds
[2026-01-08T20:33:45.268+0000] {processor.py:161} INFO - Started process (PID=44238) to work on /opt/airflow/dags/prediction_dag.py
[2026-01-08T20:33:45.271+0000] {processor.py:830} INFO - Processing file /opt/airflow/dags/prediction_dag.py for tasks to queue
[2026-01-08T20:33:45.273+0000] {logging_mixin.py:188} INFO - [2026-01-08T20:33:45.272+0000] {dagbag.py:540} INFO - Filling up the DagBag from /opt/airflow/dags/prediction_dag.py
[2026-01-08T20:33:45.330+0000] {processor.py:840} INFO - DAG(s) 'prediction_dag' retrieved from /opt/airflow/dags/prediction_dag.py
[2026-01-08T20:33:45.399+0000] {logging_mixin.py:188} INFO - [2026-01-08T20:33:45.399+0000] {dag.py:3047} INFO - Sync 1 DAGs
[2026-01-08T20:33:45.447+0000] {logging_mixin.py:188} INFO - [2026-01-08T20:33:45.447+0000] {dag.py:3834} INFO - Setting next_dagrun for prediction_dag to 2026-01-08 20:32:00+00:00, run_after=2026-01-08 20:34:00+00:00
[2026-01-08T20:33:45.469+0000] {processor.py:183} INFO - Processing /opt/airflow/dags/prediction_dag.py took 0.214 seconds
[2026-01-08T20:34:16.488+0000] {processor.py:161} INFO - Started process (PID=44294) to work on /opt/airflow/dags/prediction_dag.py
[2026-01-08T20:34:16.490+0000] {processor.py:830} INFO - Processing file /opt/airflow/dags/prediction_dag.py for tasks to queue
[2026-01-08T20:34:16.494+0000] {logging_mixin.py:188} INFO - [2026-01-08T20:34:16.492+0000] {dagbag.py:540} INFO - Filling up the DagBag from /opt/airflow/dags/prediction_dag.py
[2026-01-08T20:34:16.537+0000] {processor.py:840} INFO - DAG(s) 'prediction_dag' retrieved from /opt/airflow/dags/prediction_dag.py
[2026-01-08T20:34:16.578+0000] {logging_mixin.py:188} INFO - [2026-01-08T20:34:16.578+0000] {dag.py:3047} INFO - Sync 1 DAGs
[2026-01-08T20:34:16.607+0000] {logging_mixin.py:188} INFO - [2026-01-08T20:34:16.606+0000] {dag.py:3834} INFO - Setting next_dagrun for prediction_dag to 2026-01-08 20:34:00+00:00, run_after=2026-01-08 20:36:00+00:00
[2026-01-08T20:34:16.621+0000] {processor.py:183} INFO - Processing /opt/airflow/dags/prediction_dag.py took 0.140 seconds
[2026-01-08T20:34:46.922+0000] {processor.py:161} INFO - Started process (PID=44342) to work on /opt/airflow/dags/prediction_dag.py
[2026-01-08T20:34:46.926+0000] {processor.py:830} INFO - Processing file /opt/airflow/dags/prediction_dag.py for tasks to queue
[2026-01-08T20:34:46.928+0000] {logging_mixin.py:188} INFO - [2026-01-08T20:34:46.927+0000] {dagbag.py:540} INFO - Filling up the DagBag from /opt/airflow/dags/prediction_dag.py
[2026-01-08T20:34:46.943+0000] {processor.py:840} INFO - DAG(s) 'prediction_dag' retrieved from /opt/airflow/dags/prediction_dag.py
[2026-01-08T20:34:46.972+0000] {logging_mixin.py:188} INFO - [2026-01-08T20:34:46.972+0000] {dag.py:3047} INFO - Sync 1 DAGs
[2026-01-08T20:34:46.989+0000] {logging_mixin.py:188} INFO - [2026-01-08T20:34:46.989+0000] {dag.py:3834} INFO - Setting next_dagrun for prediction_dag to 2026-01-08 20:34:00+00:00, run_after=2026-01-08 20:36:00+00:00
[2026-01-08T20:34:47.001+0000] {processor.py:183} INFO - Processing /opt/airflow/dags/prediction_dag.py took 0.086 seconds
[2026-01-08T20:35:17.465+0000] {processor.py:161} INFO - Started process (PID=44422) to work on /opt/airflow/dags/prediction_dag.py
[2026-01-08T20:35:17.469+0000] {processor.py:830} INFO - Processing file /opt/airflow/dags/prediction_dag.py for tasks to queue
[2026-01-08T20:35:17.471+0000] {logging_mixin.py:188} INFO - [2026-01-08T20:35:17.469+0000] {dagbag.py:540} INFO - Filling up the DagBag from /opt/airflow/dags/prediction_dag.py
[2026-01-08T20:35:17.501+0000] {processor.py:840} INFO - DAG(s) 'prediction_dag' retrieved from /opt/airflow/dags/prediction_dag.py
[2026-01-08T20:35:17.543+0000] {logging_mixin.py:188} INFO - [2026-01-08T20:35:17.543+0000] {dag.py:3047} INFO - Sync 1 DAGs
[2026-01-08T20:35:17.573+0000] {logging_mixin.py:188} INFO - [2026-01-08T20:35:17.573+0000] {dag.py:3834} INFO - Setting next_dagrun for prediction_dag to 2026-01-08 20:34:00+00:00, run_after=2026-01-08 20:36:00+00:00
[2026-01-08T20:35:17.587+0000] {processor.py:183} INFO - Processing /opt/airflow/dags/prediction_dag.py took 0.136 seconds
[2026-01-08T20:35:48.060+0000] {processor.py:161} INFO - Started process (PID=44430) to work on /opt/airflow/dags/prediction_dag.py
[2026-01-08T20:35:48.061+0000] {processor.py:830} INFO - Processing file /opt/airflow/dags/prediction_dag.py for tasks to queue
[2026-01-08T20:35:48.062+0000] {logging_mixin.py:188} INFO - [2026-01-08T20:35:48.062+0000] {dagbag.py:540} INFO - Filling up the DagBag from /opt/airflow/dags/prediction_dag.py
[2026-01-08T20:35:48.089+0000] {processor.py:840} INFO - DAG(s) 'prediction_dag' retrieved from /opt/airflow/dags/prediction_dag.py
[2026-01-08T20:35:48.143+0000] {logging_mixin.py:188} INFO - [2026-01-08T20:35:48.143+0000] {dag.py:3047} INFO - Sync 1 DAGs
[2026-01-08T20:35:48.186+0000] {logging_mixin.py:188} INFO - [2026-01-08T20:35:48.186+0000] {dag.py:3834} INFO - Setting next_dagrun for prediction_dag to 2026-01-08 20:34:00+00:00, run_after=2026-01-08 20:36:00+00:00
[2026-01-08T20:35:48.204+0000] {processor.py:183} INFO - Processing /opt/airflow/dags/prediction_dag.py took 0.151 seconds
[2026-01-08T20:36:18.618+0000] {processor.py:161} INFO - Started process (PID=44513) to work on /opt/airflow/dags/prediction_dag.py
[2026-01-08T20:36:18.622+0000] {processor.py:830} INFO - Processing file /opt/airflow/dags/prediction_dag.py for tasks to queue
[2026-01-08T20:36:18.625+0000] {logging_mixin.py:188} INFO - [2026-01-08T20:36:18.623+0000] {dagbag.py:540} INFO - Filling up the DagBag from /opt/airflow/dags/prediction_dag.py
[2026-01-08T20:36:18.664+0000] {processor.py:840} INFO - DAG(s) 'prediction_dag' retrieved from /opt/airflow/dags/prediction_dag.py
[2026-01-08T20:36:18.721+0000] {logging_mixin.py:188} INFO - [2026-01-08T20:36:18.721+0000] {dag.py:3047} INFO - Sync 1 DAGs
[2026-01-08T20:36:18.755+0000] {logging_mixin.py:188} INFO - [2026-01-08T20:36:18.755+0000] {dag.py:3834} INFO - Setting next_dagrun for prediction_dag to 2026-01-08 20:36:00+00:00, run_after=2026-01-08 20:38:00+00:00
[2026-01-08T20:36:18.772+0000] {processor.py:183} INFO - Processing /opt/airflow/dags/prediction_dag.py took 0.164 seconds
[2026-01-08T20:36:49.208+0000] {processor.py:161} INFO - Started process (PID=44531) to work on /opt/airflow/dags/prediction_dag.py
[2026-01-08T20:36:49.210+0000] {processor.py:830} INFO - Processing file /opt/airflow/dags/prediction_dag.py for tasks to queue
[2026-01-08T20:36:49.211+0000] {logging_mixin.py:188} INFO - [2026-01-08T20:36:49.211+0000] {dagbag.py:540} INFO - Filling up the DagBag from /opt/airflow/dags/prediction_dag.py
[2026-01-08T20:36:49.248+0000] {processor.py:840} INFO - DAG(s) 'prediction_dag' retrieved from /opt/airflow/dags/prediction_dag.py
[2026-01-08T20:36:49.292+0000] {logging_mixin.py:188} INFO - [2026-01-08T20:36:49.291+0000] {dag.py:3047} INFO - Sync 1 DAGs
[2026-01-08T20:36:49.323+0000] {logging_mixin.py:188} INFO - [2026-01-08T20:36:49.323+0000] {dag.py:3834} INFO - Setting next_dagrun for prediction_dag to 2026-01-08 20:36:00+00:00, run_after=2026-01-08 20:38:00+00:00
[2026-01-08T20:36:49.337+0000] {processor.py:183} INFO - Processing /opt/airflow/dags/prediction_dag.py took 0.143 seconds
[2026-01-08T20:37:19.695+0000] {processor.py:161} INFO - Started process (PID=44611) to work on /opt/airflow/dags/prediction_dag.py
[2026-01-08T20:37:19.699+0000] {processor.py:830} INFO - Processing file /opt/airflow/dags/prediction_dag.py for tasks to queue
[2026-01-08T20:37:19.701+0000] {logging_mixin.py:188} INFO - [2026-01-08T20:37:19.700+0000] {dagbag.py:540} INFO - Filling up the DagBag from /opt/airflow/dags/prediction_dag.py
[2026-01-08T20:37:19.732+0000] {processor.py:840} INFO - DAG(s) 'prediction_dag' retrieved from /opt/airflow/dags/prediction_dag.py
[2026-01-08T20:37:19.796+0000] {logging_mixin.py:188} INFO - [2026-01-08T20:37:19.796+0000] {dag.py:3047} INFO - Sync 1 DAGs
[2026-01-08T20:37:19.832+0000] {logging_mixin.py:188} INFO - [2026-01-08T20:37:19.832+0000] {dag.py:3834} INFO - Setting next_dagrun for prediction_dag to 2026-01-08 20:36:00+00:00, run_after=2026-01-08 20:38:00+00:00
[2026-01-08T20:37:19.848+0000] {processor.py:183} INFO - Processing /opt/airflow/dags/prediction_dag.py took 0.168 seconds
[2026-01-08T20:37:50.015+0000] {processor.py:161} INFO - Started process (PID=44629) to work on /opt/airflow/dags/prediction_dag.py
[2026-01-08T20:37:50.018+0000] {processor.py:830} INFO - Processing file /opt/airflow/dags/prediction_dag.py for tasks to queue
[2026-01-08T20:37:50.020+0000] {logging_mixin.py:188} INFO - [2026-01-08T20:37:50.019+0000] {dagbag.py:540} INFO - Filling up the DagBag from /opt/airflow/dags/prediction_dag.py
[2026-01-08T20:37:50.052+0000] {processor.py:840} INFO - DAG(s) 'prediction_dag' retrieved from /opt/airflow/dags/prediction_dag.py
[2026-01-08T20:37:50.140+0000] {logging_mixin.py:188} INFO - [2026-01-08T20:37:50.140+0000] {dag.py:3047} INFO - Sync 1 DAGs
[2026-01-08T20:37:50.183+0000] {logging_mixin.py:188} INFO - [2026-01-08T20:37:50.183+0000] {dag.py:3834} INFO - Setting next_dagrun for prediction_dag to 2026-01-08 20:36:00+00:00, run_after=2026-01-08 20:38:00+00:00
[2026-01-08T20:37:50.211+0000] {processor.py:183} INFO - Processing /opt/airflow/dags/prediction_dag.py took 0.220 seconds
[2026-01-08T20:38:20.492+0000] {processor.py:161} INFO - Started process (PID=44715) to work on /opt/airflow/dags/prediction_dag.py
[2026-01-08T20:38:20.495+0000] {processor.py:830} INFO - Processing file /opt/airflow/dags/prediction_dag.py for tasks to queue
[2026-01-08T20:38:20.496+0000] {logging_mixin.py:188} INFO - [2026-01-08T20:38:20.496+0000] {dagbag.py:540} INFO - Filling up the DagBag from /opt/airflow/dags/prediction_dag.py
[2026-01-08T20:38:20.526+0000] {processor.py:840} INFO - DAG(s) 'prediction_dag' retrieved from /opt/airflow/dags/prediction_dag.py
[2026-01-08T20:38:20.602+0000] {logging_mixin.py:188} INFO - [2026-01-08T20:38:20.601+0000] {dag.py:3047} INFO - Sync 1 DAGs
[2026-01-08T20:38:20.646+0000] {logging_mixin.py:188} INFO - [2026-01-08T20:38:20.645+0000] {dag.py:3834} INFO - Setting next_dagrun for prediction_dag to 2026-01-08 20:38:00+00:00, run_after=2026-01-08 20:40:00+00:00
[2026-01-08T20:38:20.666+0000] {processor.py:183} INFO - Processing /opt/airflow/dags/prediction_dag.py took 0.186 seconds
[2026-01-08T20:38:51.160+0000] {processor.py:161} INFO - Started process (PID=44733) to work on /opt/airflow/dags/prediction_dag.py
[2026-01-08T20:38:51.168+0000] {processor.py:830} INFO - Processing file /opt/airflow/dags/prediction_dag.py for tasks to queue
[2026-01-08T20:38:51.170+0000] {logging_mixin.py:188} INFO - [2026-01-08T20:38:51.170+0000] {dagbag.py:540} INFO - Filling up the DagBag from /opt/airflow/dags/prediction_dag.py
[2026-01-08T20:38:51.205+0000] {processor.py:840} INFO - DAG(s) 'prediction_dag' retrieved from /opt/airflow/dags/prediction_dag.py
[2026-01-08T20:38:51.265+0000] {logging_mixin.py:188} INFO - [2026-01-08T20:38:51.265+0000] {dag.py:3047} INFO - Sync 1 DAGs
[2026-01-08T20:38:51.301+0000] {logging_mixin.py:188} INFO - [2026-01-08T20:38:51.301+0000] {dag.py:3834} INFO - Setting next_dagrun for prediction_dag to 2026-01-08 20:38:00+00:00, run_after=2026-01-08 20:40:00+00:00
[2026-01-08T20:38:51.315+0000] {processor.py:183} INFO - Processing /opt/airflow/dags/prediction_dag.py took 0.166 seconds
[2026-01-08T20:39:21.846+0000] {processor.py:161} INFO - Started process (PID=44813) to work on /opt/airflow/dags/prediction_dag.py
[2026-01-08T20:39:21.849+0000] {processor.py:830} INFO - Processing file /opt/airflow/dags/prediction_dag.py for tasks to queue
[2026-01-08T20:39:21.850+0000] {logging_mixin.py:188} INFO - [2026-01-08T20:39:21.849+0000] {dagbag.py:540} INFO - Filling up the DagBag from /opt/airflow/dags/prediction_dag.py
[2026-01-08T20:39:21.887+0000] {processor.py:840} INFO - DAG(s) 'prediction_dag' retrieved from /opt/airflow/dags/prediction_dag.py
[2026-01-08T20:39:21.935+0000] {logging_mixin.py:188} INFO - [2026-01-08T20:39:21.935+0000] {dag.py:3047} INFO - Sync 1 DAGs
[2026-01-08T20:39:21.970+0000] {logging_mixin.py:188} INFO - [2026-01-08T20:39:21.969+0000] {dag.py:3834} INFO - Setting next_dagrun for prediction_dag to 2026-01-08 20:38:00+00:00, run_after=2026-01-08 20:40:00+00:00
[2026-01-08T20:39:21.984+0000] {processor.py:183} INFO - Processing /opt/airflow/dags/prediction_dag.py took 0.149 seconds
[2026-01-08T20:39:52.180+0000] {processor.py:161} INFO - Started process (PID=44831) to work on /opt/airflow/dags/prediction_dag.py
[2026-01-08T20:39:52.183+0000] {processor.py:830} INFO - Processing file /opt/airflow/dags/prediction_dag.py for tasks to queue
[2026-01-08T20:39:52.184+0000] {logging_mixin.py:188} INFO - [2026-01-08T20:39:52.184+0000] {dagbag.py:540} INFO - Filling up the DagBag from /opt/airflow/dags/prediction_dag.py
[2026-01-08T20:39:52.221+0000] {processor.py:840} INFO - DAG(s) 'prediction_dag' retrieved from /opt/airflow/dags/prediction_dag.py
[2026-01-08T20:39:52.278+0000] {logging_mixin.py:188} INFO - [2026-01-08T20:39:52.277+0000] {dag.py:3047} INFO - Sync 1 DAGs
[2026-01-08T20:39:52.317+0000] {logging_mixin.py:188} INFO - [2026-01-08T20:39:52.317+0000] {dag.py:3834} INFO - Setting next_dagrun for prediction_dag to 2026-01-08 20:38:00+00:00, run_after=2026-01-08 20:40:00+00:00
[2026-01-08T20:39:52.337+0000] {processor.py:183} INFO - Processing /opt/airflow/dags/prediction_dag.py took 0.169 seconds
[2026-01-08T20:40:22.719+0000] {processor.py:161} INFO - Started process (PID=44917) to work on /opt/airflow/dags/prediction_dag.py
[2026-01-08T20:40:22.722+0000] {processor.py:830} INFO - Processing file /opt/airflow/dags/prediction_dag.py for tasks to queue
[2026-01-08T20:40:22.724+0000] {logging_mixin.py:188} INFO - [2026-01-08T20:40:22.723+0000] {dagbag.py:540} INFO - Filling up the DagBag from /opt/airflow/dags/prediction_dag.py
[2026-01-08T20:40:22.755+0000] {processor.py:840} INFO - DAG(s) 'prediction_dag' retrieved from /opt/airflow/dags/prediction_dag.py
[2026-01-08T20:40:22.806+0000] {logging_mixin.py:188} INFO - [2026-01-08T20:40:22.806+0000] {dag.py:3047} INFO - Sync 1 DAGs
[2026-01-08T20:40:22.847+0000] {logging_mixin.py:188} INFO - [2026-01-08T20:40:22.846+0000] {dag.py:3834} INFO - Setting next_dagrun for prediction_dag to 2026-01-08 20:40:00+00:00, run_after=2026-01-08 20:42:00+00:00
[2026-01-08T20:40:22.862+0000] {processor.py:183} INFO - Processing /opt/airflow/dags/prediction_dag.py took 0.159 seconds
[2026-01-08T20:40:53.096+0000] {processor.py:161} INFO - Started process (PID=44935) to work on /opt/airflow/dags/prediction_dag.py
[2026-01-08T20:40:53.099+0000] {processor.py:830} INFO - Processing file /opt/airflow/dags/prediction_dag.py for tasks to queue
[2026-01-08T20:40:53.101+0000] {logging_mixin.py:188} INFO - [2026-01-08T20:40:53.100+0000] {dagbag.py:540} INFO - Filling up the DagBag from /opt/airflow/dags/prediction_dag.py
[2026-01-08T20:40:53.142+0000] {processor.py:840} INFO - DAG(s) 'prediction_dag' retrieved from /opt/airflow/dags/prediction_dag.py
[2026-01-08T20:40:53.204+0000] {logging_mixin.py:188} INFO - [2026-01-08T20:40:53.204+0000] {dag.py:3047} INFO - Sync 1 DAGs
[2026-01-08T20:40:53.241+0000] {logging_mixin.py:188} INFO - [2026-01-08T20:40:53.241+0000] {dag.py:3834} INFO - Setting next_dagrun for prediction_dag to 2026-01-08 20:40:00+00:00, run_after=2026-01-08 20:42:00+00:00
[2026-01-08T20:40:53.256+0000] {processor.py:183} INFO - Processing /opt/airflow/dags/prediction_dag.py took 0.177 seconds
[2026-01-08T20:41:23.801+0000] {processor.py:161} INFO - Started process (PID=45015) to work on /opt/airflow/dags/prediction_dag.py
[2026-01-08T20:41:23.812+0000] {processor.py:830} INFO - Processing file /opt/airflow/dags/prediction_dag.py for tasks to queue
[2026-01-08T20:41:23.814+0000] {logging_mixin.py:188} INFO - [2026-01-08T20:41:23.813+0000] {dagbag.py:540} INFO - Filling up the DagBag from /opt/airflow/dags/prediction_dag.py
[2026-01-08T20:41:23.858+0000] {processor.py:840} INFO - DAG(s) 'prediction_dag' retrieved from /opt/airflow/dags/prediction_dag.py
[2026-01-08T20:41:23.921+0000] {logging_mixin.py:188} INFO - [2026-01-08T20:41:23.921+0000] {dag.py:3047} INFO - Sync 1 DAGs
[2026-01-08T20:41:23.966+0000] {logging_mixin.py:188} INFO - [2026-01-08T20:41:23.966+0000] {dag.py:3834} INFO - Setting next_dagrun for prediction_dag to 2026-01-08 20:40:00+00:00, run_after=2026-01-08 20:42:00+00:00
[2026-01-08T20:41:23.981+0000] {processor.py:183} INFO - Processing /opt/airflow/dags/prediction_dag.py took 0.196 seconds
[2026-01-08T20:41:54.341+0000] {processor.py:161} INFO - Started process (PID=45033) to work on /opt/airflow/dags/prediction_dag.py
[2026-01-08T20:41:54.349+0000] {processor.py:830} INFO - Processing file /opt/airflow/dags/prediction_dag.py for tasks to queue
[2026-01-08T20:41:54.351+0000] {logging_mixin.py:188} INFO - [2026-01-08T20:41:54.351+0000] {dagbag.py:540} INFO - Filling up the DagBag from /opt/airflow/dags/prediction_dag.py
[2026-01-08T20:41:54.402+0000] {processor.py:840} INFO - DAG(s) 'prediction_dag' retrieved from /opt/airflow/dags/prediction_dag.py
[2026-01-08T20:41:54.454+0000] {logging_mixin.py:188} INFO - [2026-01-08T20:41:54.453+0000] {dag.py:3047} INFO - Sync 1 DAGs
[2026-01-08T20:41:54.490+0000] {logging_mixin.py:188} INFO - [2026-01-08T20:41:54.490+0000] {dag.py:3834} INFO - Setting next_dagrun for prediction_dag to 2026-01-08 20:40:00+00:00, run_after=2026-01-08 20:42:00+00:00
[2026-01-08T20:41:54.512+0000] {processor.py:183} INFO - Processing /opt/airflow/dags/prediction_dag.py took 0.185 seconds
[2026-01-08T20:42:24.816+0000] {processor.py:161} INFO - Started process (PID=45119) to work on /opt/airflow/dags/prediction_dag.py
[2026-01-08T20:42:24.819+0000] {processor.py:830} INFO - Processing file /opt/airflow/dags/prediction_dag.py for tasks to queue
[2026-01-08T20:42:24.820+0000] {logging_mixin.py:188} INFO - [2026-01-08T20:42:24.820+0000] {dagbag.py:540} INFO - Filling up the DagBag from /opt/airflow/dags/prediction_dag.py
[2026-01-08T20:42:24.850+0000] {processor.py:840} INFO - DAG(s) 'prediction_dag' retrieved from /opt/airflow/dags/prediction_dag.py
[2026-01-08T20:42:24.893+0000] {logging_mixin.py:188} INFO - [2026-01-08T20:42:24.893+0000] {dag.py:3047} INFO - Sync 1 DAGs
[2026-01-08T20:42:24.920+0000] {logging_mixin.py:188} INFO - [2026-01-08T20:42:24.920+0000] {dag.py:3834} INFO - Setting next_dagrun for prediction_dag to 2026-01-08 20:42:00+00:00, run_after=2026-01-08 20:44:00+00:00
[2026-01-08T20:42:24.933+0000] {processor.py:183} INFO - Processing /opt/airflow/dags/prediction_dag.py took 0.124 seconds
[2026-01-08T20:42:55.305+0000] {processor.py:161} INFO - Started process (PID=45137) to work on /opt/airflow/dags/prediction_dag.py
[2026-01-08T20:42:55.308+0000] {processor.py:830} INFO - Processing file /opt/airflow/dags/prediction_dag.py for tasks to queue
[2026-01-08T20:42:55.309+0000] {logging_mixin.py:188} INFO - [2026-01-08T20:42:55.309+0000] {dagbag.py:540} INFO - Filling up the DagBag from /opt/airflow/dags/prediction_dag.py
[2026-01-08T20:42:55.335+0000] {processor.py:840} INFO - DAG(s) 'prediction_dag' retrieved from /opt/airflow/dags/prediction_dag.py
[2026-01-08T20:42:55.363+0000] {logging_mixin.py:188} INFO - [2026-01-08T20:42:55.363+0000] {dag.py:3047} INFO - Sync 1 DAGs
[2026-01-08T20:42:55.382+0000] {logging_mixin.py:188} INFO - [2026-01-08T20:42:55.382+0000] {dag.py:3834} INFO - Setting next_dagrun for prediction_dag to 2026-01-08 20:42:00+00:00, run_after=2026-01-08 20:44:00+00:00
[2026-01-08T20:42:55.394+0000] {processor.py:183} INFO - Processing /opt/airflow/dags/prediction_dag.py took 0.099 seconds
[2026-01-08T20:43:25.699+0000] {processor.py:161} INFO - Started process (PID=45208) to work on /opt/airflow/dags/prediction_dag.py
[2026-01-08T20:43:25.700+0000] {processor.py:830} INFO - Processing file /opt/airflow/dags/prediction_dag.py for tasks to queue
[2026-01-08T20:43:25.701+0000] {logging_mixin.py:188} INFO - [2026-01-08T20:43:25.701+0000] {dagbag.py:540} INFO - Filling up the DagBag from /opt/airflow/dags/prediction_dag.py
[2026-01-08T20:43:25.716+0000] {processor.py:840} INFO - DAG(s) 'prediction_dag' retrieved from /opt/airflow/dags/prediction_dag.py
[2026-01-08T20:43:25.751+0000] {logging_mixin.py:188} INFO - [2026-01-08T20:43:25.751+0000] {dag.py:3047} INFO - Sync 1 DAGs
[2026-01-08T20:43:25.773+0000] {logging_mixin.py:188} INFO - [2026-01-08T20:43:25.772+0000] {dag.py:3834} INFO - Setting next_dagrun for prediction_dag to 2026-01-08 20:42:00+00:00, run_after=2026-01-08 20:44:00+00:00
[2026-01-08T20:43:25.784+0000] {processor.py:183} INFO - Processing /opt/airflow/dags/prediction_dag.py took 0.088 seconds
[2026-01-08T20:43:56.154+0000] {processor.py:161} INFO - Started process (PID=45222) to work on /opt/airflow/dags/prediction_dag.py
[2026-01-08T20:43:56.158+0000] {processor.py:830} INFO - Processing file /opt/airflow/dags/prediction_dag.py for tasks to queue
[2026-01-08T20:43:56.160+0000] {logging_mixin.py:188} INFO - [2026-01-08T20:43:56.159+0000] {dagbag.py:540} INFO - Filling up the DagBag from /opt/airflow/dags/prediction_dag.py
[2026-01-08T20:43:56.196+0000] {processor.py:840} INFO - DAG(s) 'prediction_dag' retrieved from /opt/airflow/dags/prediction_dag.py
[2026-01-08T20:43:56.242+0000] {logging_mixin.py:188} INFO - [2026-01-08T20:43:56.242+0000] {dag.py:3047} INFO - Sync 1 DAGs
[2026-01-08T20:43:56.278+0000] {logging_mixin.py:188} INFO - [2026-01-08T20:43:56.278+0000] {dag.py:3834} INFO - Setting next_dagrun for prediction_dag to 2026-01-08 20:42:00+00:00, run_after=2026-01-08 20:44:00+00:00
[2026-01-08T20:43:56.293+0000] {processor.py:183} INFO - Processing /opt/airflow/dags/prediction_dag.py took 0.149 seconds
[2026-01-08T20:44:26.682+0000] {processor.py:161} INFO - Started process (PID=45308) to work on /opt/airflow/dags/prediction_dag.py
[2026-01-08T20:44:26.685+0000] {processor.py:830} INFO - Processing file /opt/airflow/dags/prediction_dag.py for tasks to queue
[2026-01-08T20:44:26.686+0000] {logging_mixin.py:188} INFO - [2026-01-08T20:44:26.686+0000] {dagbag.py:540} INFO - Filling up the DagBag from /opt/airflow/dags/prediction_dag.py
[2026-01-08T20:44:26.717+0000] {processor.py:840} INFO - DAG(s) 'prediction_dag' retrieved from /opt/airflow/dags/prediction_dag.py
[2026-01-08T20:44:26.768+0000] {logging_mixin.py:188} INFO - [2026-01-08T20:44:26.768+0000] {dag.py:3047} INFO - Sync 1 DAGs
[2026-01-08T20:44:26.803+0000] {logging_mixin.py:188} INFO - [2026-01-08T20:44:26.803+0000] {dag.py:3834} INFO - Setting next_dagrun for prediction_dag to 2026-01-08 20:44:00+00:00, run_after=2026-01-08 20:46:00+00:00
[2026-01-08T20:44:26.823+0000] {processor.py:183} INFO - Processing /opt/airflow/dags/prediction_dag.py took 0.155 seconds
[2026-01-08T20:44:57.121+0000] {processor.py:161} INFO - Started process (PID=45326) to work on /opt/airflow/dags/prediction_dag.py
[2026-01-08T20:44:57.124+0000] {processor.py:830} INFO - Processing file /opt/airflow/dags/prediction_dag.py for tasks to queue
[2026-01-08T20:44:57.125+0000] {logging_mixin.py:188} INFO - [2026-01-08T20:44:57.125+0000] {dagbag.py:540} INFO - Filling up the DagBag from /opt/airflow/dags/prediction_dag.py
[2026-01-08T20:44:57.158+0000] {processor.py:840} INFO - DAG(s) 'prediction_dag' retrieved from /opt/airflow/dags/prediction_dag.py
[2026-01-08T20:44:57.208+0000] {logging_mixin.py:188} INFO - [2026-01-08T20:44:57.208+0000] {dag.py:3047} INFO - Sync 1 DAGs
[2026-01-08T20:44:57.236+0000] {logging_mixin.py:188} INFO - [2026-01-08T20:44:57.236+0000] {dag.py:3834} INFO - Setting next_dagrun for prediction_dag to 2026-01-08 20:44:00+00:00, run_after=2026-01-08 20:46:00+00:00
[2026-01-08T20:44:57.257+0000] {processor.py:183} INFO - Processing /opt/airflow/dags/prediction_dag.py took 0.148 seconds
[2026-01-08T20:45:27.570+0000] {processor.py:161} INFO - Started process (PID=45406) to work on /opt/airflow/dags/prediction_dag.py
[2026-01-08T20:45:27.576+0000] {processor.py:830} INFO - Processing file /opt/airflow/dags/prediction_dag.py for tasks to queue
[2026-01-08T20:45:27.579+0000] {logging_mixin.py:188} INFO - [2026-01-08T20:45:27.578+0000] {dagbag.py:540} INFO - Filling up the DagBag from /opt/airflow/dags/prediction_dag.py
[2026-01-08T20:45:27.611+0000] {processor.py:840} INFO - DAG(s) 'prediction_dag' retrieved from /opt/airflow/dags/prediction_dag.py
[2026-01-08T20:45:27.657+0000] {logging_mixin.py:188} INFO - [2026-01-08T20:45:27.657+0000] {dag.py:3047} INFO - Sync 1 DAGs
[2026-01-08T20:45:27.694+0000] {logging_mixin.py:188} INFO - [2026-01-08T20:45:27.693+0000] {dag.py:3834} INFO - Setting next_dagrun for prediction_dag to 2026-01-08 20:44:00+00:00, run_after=2026-01-08 20:46:00+00:00
[2026-01-08T20:45:27.715+0000] {processor.py:183} INFO - Processing /opt/airflow/dags/prediction_dag.py took 0.154 seconds
[2026-01-08T20:45:57.799+0000] {processor.py:161} INFO - Started process (PID=45424) to work on /opt/airflow/dags/prediction_dag.py
[2026-01-08T20:45:57.802+0000] {processor.py:830} INFO - Processing file /opt/airflow/dags/prediction_dag.py for tasks to queue
[2026-01-08T20:45:57.804+0000] {logging_mixin.py:188} INFO - [2026-01-08T20:45:57.803+0000] {dagbag.py:540} INFO - Filling up the DagBag from /opt/airflow/dags/prediction_dag.py
[2026-01-08T20:45:57.845+0000] {processor.py:840} INFO - DAG(s) 'prediction_dag' retrieved from /opt/airflow/dags/prediction_dag.py
[2026-01-08T20:45:57.907+0000] {logging_mixin.py:188} INFO - [2026-01-08T20:45:57.907+0000] {dag.py:3047} INFO - Sync 1 DAGs
[2026-01-08T20:45:57.946+0000] {logging_mixin.py:188} INFO - [2026-01-08T20:45:57.946+0000] {dag.py:3834} INFO - Setting next_dagrun for prediction_dag to 2026-01-08 20:44:00+00:00, run_after=2026-01-08 20:46:00+00:00
[2026-01-08T20:45:57.959+0000] {processor.py:183} INFO - Processing /opt/airflow/dags/prediction_dag.py took 0.175 seconds
[2026-01-08T20:46:28.313+0000] {processor.py:161} INFO - Started process (PID=45510) to work on /opt/airflow/dags/prediction_dag.py
[2026-01-08T20:46:28.317+0000] {processor.py:830} INFO - Processing file /opt/airflow/dags/prediction_dag.py for tasks to queue
[2026-01-08T20:46:28.319+0000] {logging_mixin.py:188} INFO - [2026-01-08T20:46:28.319+0000] {dagbag.py:540} INFO - Filling up the DagBag from /opt/airflow/dags/prediction_dag.py
[2026-01-08T20:46:28.357+0000] {processor.py:840} INFO - DAG(s) 'prediction_dag' retrieved from /opt/airflow/dags/prediction_dag.py
[2026-01-08T20:46:28.410+0000] {logging_mixin.py:188} INFO - [2026-01-08T20:46:28.410+0000] {dag.py:3047} INFO - Sync 1 DAGs
[2026-01-08T20:46:28.447+0000] {logging_mixin.py:188} INFO - [2026-01-08T20:46:28.447+0000] {dag.py:3834} INFO - Setting next_dagrun for prediction_dag to 2026-01-08 20:46:00+00:00, run_after=2026-01-08 20:48:00+00:00
[2026-01-08T20:46:28.466+0000] {processor.py:183} INFO - Processing /opt/airflow/dags/prediction_dag.py took 0.165 seconds
[2026-01-08T20:46:58.622+0000] {processor.py:161} INFO - Started process (PID=45528) to work on /opt/airflow/dags/prediction_dag.py
[2026-01-08T20:46:58.625+0000] {processor.py:830} INFO - Processing file /opt/airflow/dags/prediction_dag.py for tasks to queue
[2026-01-08T20:46:58.628+0000] {logging_mixin.py:188} INFO - [2026-01-08T20:46:58.627+0000] {dagbag.py:540} INFO - Filling up the DagBag from /opt/airflow/dags/prediction_dag.py
[2026-01-08T20:46:58.667+0000] {processor.py:840} INFO - DAG(s) 'prediction_dag' retrieved from /opt/airflow/dags/prediction_dag.py
[2026-01-08T20:46:58.727+0000] {logging_mixin.py:188} INFO - [2026-01-08T20:46:58.727+0000] {dag.py:3047} INFO - Sync 1 DAGs
[2026-01-08T20:46:58.790+0000] {logging_mixin.py:188} INFO - [2026-01-08T20:46:58.790+0000] {dag.py:3834} INFO - Setting next_dagrun for prediction_dag to 2026-01-08 20:46:00+00:00, run_after=2026-01-08 20:48:00+00:00
[2026-01-08T20:46:58.812+0000] {processor.py:183} INFO - Processing /opt/airflow/dags/prediction_dag.py took 0.200 seconds
[2026-01-08T20:47:29.231+0000] {processor.py:161} INFO - Started process (PID=45608) to work on /opt/airflow/dags/prediction_dag.py
[2026-01-08T20:47:29.234+0000] {processor.py:830} INFO - Processing file /opt/airflow/dags/prediction_dag.py for tasks to queue
[2026-01-08T20:47:29.236+0000] {logging_mixin.py:188} INFO - [2026-01-08T20:47:29.235+0000] {dagbag.py:540} INFO - Filling up the DagBag from /opt/airflow/dags/prediction_dag.py
[2026-01-08T20:47:29.275+0000] {processor.py:840} INFO - DAG(s) 'prediction_dag' retrieved from /opt/airflow/dags/prediction_dag.py
[2026-01-08T20:47:29.330+0000] {logging_mixin.py:188} INFO - [2026-01-08T20:47:29.330+0000] {dag.py:3047} INFO - Sync 1 DAGs
[2026-01-08T20:47:29.371+0000] {logging_mixin.py:188} INFO - [2026-01-08T20:47:29.369+0000] {dag.py:3834} INFO - Setting next_dagrun for prediction_dag to 2026-01-08 20:46:00+00:00, run_after=2026-01-08 20:48:00+00:00
[2026-01-08T20:47:29.394+0000] {processor.py:183} INFO - Processing /opt/airflow/dags/prediction_dag.py took 0.180 seconds
[2026-01-08T20:47:59.629+0000] {processor.py:161} INFO - Started process (PID=45626) to work on /opt/airflow/dags/prediction_dag.py
[2026-01-08T20:47:59.635+0000] {processor.py:830} INFO - Processing file /opt/airflow/dags/prediction_dag.py for tasks to queue
[2026-01-08T20:47:59.636+0000] {logging_mixin.py:188} INFO - [2026-01-08T20:47:59.636+0000] {dagbag.py:540} INFO - Filling up the DagBag from /opt/airflow/dags/prediction_dag.py
[2026-01-08T20:47:59.675+0000] {processor.py:840} INFO - DAG(s) 'prediction_dag' retrieved from /opt/airflow/dags/prediction_dag.py
[2026-01-08T20:47:59.730+0000] {logging_mixin.py:188} INFO - [2026-01-08T20:47:59.730+0000] {dag.py:3047} INFO - Sync 1 DAGs
[2026-01-08T20:47:59.767+0000] {logging_mixin.py:188} INFO - [2026-01-08T20:47:59.766+0000] {dag.py:3834} INFO - Setting next_dagrun for prediction_dag to 2026-01-08 20:46:00+00:00, run_after=2026-01-08 20:48:00+00:00
[2026-01-08T20:47:59.785+0000] {processor.py:183} INFO - Processing /opt/airflow/dags/prediction_dag.py took 0.176 seconds
[2026-01-08T20:48:30.154+0000] {processor.py:161} INFO - Started process (PID=45712) to work on /opt/airflow/dags/prediction_dag.py
[2026-01-08T20:48:30.158+0000] {processor.py:830} INFO - Processing file /opt/airflow/dags/prediction_dag.py for tasks to queue
[2026-01-08T20:48:30.159+0000] {logging_mixin.py:188} INFO - [2026-01-08T20:48:30.158+0000] {dagbag.py:540} INFO - Filling up the DagBag from /opt/airflow/dags/prediction_dag.py
[2026-01-08T20:48:30.202+0000] {processor.py:840} INFO - DAG(s) 'prediction_dag' retrieved from /opt/airflow/dags/prediction_dag.py
[2026-01-08T20:48:30.257+0000] {logging_mixin.py:188} INFO - [2026-01-08T20:48:30.257+0000] {dag.py:3047} INFO - Sync 1 DAGs
[2026-01-08T20:48:30.287+0000] {logging_mixin.py:188} INFO - [2026-01-08T20:48:30.286+0000] {dag.py:3834} INFO - Setting next_dagrun for prediction_dag to 2026-01-08 20:48:00+00:00, run_after=2026-01-08 20:50:00+00:00
[2026-01-08T20:48:30.306+0000] {processor.py:183} INFO - Processing /opt/airflow/dags/prediction_dag.py took 0.166 seconds
[2026-01-08T20:49:00.659+0000] {processor.py:161} INFO - Started process (PID=45731) to work on /opt/airflow/dags/prediction_dag.py
[2026-01-08T20:49:00.662+0000] {processor.py:830} INFO - Processing file /opt/airflow/dags/prediction_dag.py for tasks to queue
[2026-01-08T20:49:00.663+0000] {logging_mixin.py:188} INFO - [2026-01-08T20:49:00.662+0000] {dagbag.py:540} INFO - Filling up the DagBag from /opt/airflow/dags/prediction_dag.py
[2026-01-08T20:49:00.706+0000] {processor.py:840} INFO - DAG(s) 'prediction_dag' retrieved from /opt/airflow/dags/prediction_dag.py
[2026-01-08T20:49:00.762+0000] {logging_mixin.py:188} INFO - [2026-01-08T20:49:00.761+0000] {dag.py:3047} INFO - Sync 1 DAGs
[2026-01-08T20:49:00.798+0000] {logging_mixin.py:188} INFO - [2026-01-08T20:49:00.798+0000] {dag.py:3834} INFO - Setting next_dagrun for prediction_dag to 2026-01-08 20:48:00+00:00, run_after=2026-01-08 20:50:00+00:00
[2026-01-08T20:49:00.815+0000] {processor.py:183} INFO - Processing /opt/airflow/dags/prediction_dag.py took 0.171 seconds
[2026-01-08T20:49:31.001+0000] {processor.py:161} INFO - Started process (PID=45810) to work on /opt/airflow/dags/prediction_dag.py
[2026-01-08T20:49:31.007+0000] {processor.py:830} INFO - Processing file /opt/airflow/dags/prediction_dag.py for tasks to queue
[2026-01-08T20:49:31.011+0000] {logging_mixin.py:188} INFO - [2026-01-08T20:49:31.009+0000] {dagbag.py:540} INFO - Filling up the DagBag from /opt/airflow/dags/prediction_dag.py
[2026-01-08T20:49:31.050+0000] {processor.py:840} INFO - DAG(s) 'prediction_dag' retrieved from /opt/airflow/dags/prediction_dag.py
[2026-01-08T20:49:31.091+0000] {logging_mixin.py:188} INFO - [2026-01-08T20:49:31.090+0000] {dag.py:3047} INFO - Sync 1 DAGs
[2026-01-08T20:49:31.121+0000] {logging_mixin.py:188} INFO - [2026-01-08T20:49:31.121+0000] {dag.py:3834} INFO - Setting next_dagrun for prediction_dag to 2026-01-08 20:48:00+00:00, run_after=2026-01-08 20:50:00+00:00
[2026-01-08T20:49:31.393+0000] {processor.py:183} INFO - Processing /opt/airflow/dags/prediction_dag.py took 0.409 seconds
[2026-01-08T20:50:01.747+0000] {processor.py:161} INFO - Started process (PID=45841) to work on /opt/airflow/dags/prediction_dag.py
[2026-01-08T20:50:01.748+0000] {processor.py:830} INFO - Processing file /opt/airflow/dags/prediction_dag.py for tasks to queue
[2026-01-08T20:50:01.749+0000] {logging_mixin.py:188} INFO - [2026-01-08T20:50:01.749+0000] {dagbag.py:540} INFO - Filling up the DagBag from /opt/airflow/dags/prediction_dag.py
[2026-01-08T20:50:01.774+0000] {processor.py:840} INFO - DAG(s) 'prediction_dag' retrieved from /opt/airflow/dags/prediction_dag.py
[2026-01-08T20:50:01.813+0000] {logging_mixin.py:188} INFO - [2026-01-08T20:50:01.812+0000] {dag.py:3047} INFO - Sync 1 DAGs
[2026-01-08T20:50:02.012+0000] {logging_mixin.py:188} INFO - [2026-01-08T20:50:02.012+0000] {dag.py:3834} INFO - Setting next_dagrun for prediction_dag to 2026-01-08 20:50:00+00:00, run_after=2026-01-08 20:52:00+00:00
[2026-01-08T20:50:02.021+0000] {processor.py:183} INFO - Processing /opt/airflow/dags/prediction_dag.py took 0.284 seconds
[2026-01-08T20:50:32.180+0000] {processor.py:161} INFO - Started process (PID=45914) to work on /opt/airflow/dags/prediction_dag.py
[2026-01-08T20:50:32.182+0000] {processor.py:830} INFO - Processing file /opt/airflow/dags/prediction_dag.py for tasks to queue
[2026-01-08T20:50:32.184+0000] {logging_mixin.py:188} INFO - [2026-01-08T20:50:32.183+0000] {dagbag.py:540} INFO - Filling up the DagBag from /opt/airflow/dags/prediction_dag.py
[2026-01-08T20:50:32.222+0000] {processor.py:840} INFO - DAG(s) 'prediction_dag' retrieved from /opt/airflow/dags/prediction_dag.py
[2026-01-08T20:50:32.292+0000] {logging_mixin.py:188} INFO - [2026-01-08T20:50:32.291+0000] {dag.py:3047} INFO - Sync 1 DAGs
[2026-01-08T20:50:32.320+0000] {logging_mixin.py:188} INFO - [2026-01-08T20:50:32.320+0000] {dag.py:3834} INFO - Setting next_dagrun for prediction_dag to 2026-01-08 20:50:00+00:00, run_after=2026-01-08 20:52:00+00:00
[2026-01-08T20:50:32.333+0000] {processor.py:183} INFO - Processing /opt/airflow/dags/prediction_dag.py took 0.165 seconds
[2026-01-08T20:51:02.671+0000] {processor.py:161} INFO - Started process (PID=45941) to work on /opt/airflow/dags/prediction_dag.py
[2026-01-08T20:51:02.674+0000] {processor.py:830} INFO - Processing file /opt/airflow/dags/prediction_dag.py for tasks to queue
[2026-01-08T20:51:02.675+0000] {logging_mixin.py:188} INFO - [2026-01-08T20:51:02.674+0000] {dagbag.py:540} INFO - Filling up the DagBag from /opt/airflow/dags/prediction_dag.py
[2026-01-08T20:51:02.712+0000] {processor.py:840} INFO - DAG(s) 'prediction_dag' retrieved from /opt/airflow/dags/prediction_dag.py
[2026-01-08T20:51:02.770+0000] {logging_mixin.py:188} INFO - [2026-01-08T20:51:02.770+0000] {dag.py:3047} INFO - Sync 1 DAGs
[2026-01-08T20:51:03.175+0000] {logging_mixin.py:188} INFO - [2026-01-08T20:51:03.175+0000] {dag.py:3834} INFO - Setting next_dagrun for prediction_dag to 2026-01-08 20:50:00+00:00, run_after=2026-01-08 20:52:00+00:00
[2026-01-08T20:51:03.194+0000] {processor.py:183} INFO - Processing /opt/airflow/dags/prediction_dag.py took 0.537 seconds
[2026-01-08T20:51:33.558+0000] {processor.py:161} INFO - Started process (PID=46003) to work on /opt/airflow/dags/prediction_dag.py
[2026-01-08T20:51:33.559+0000] {processor.py:830} INFO - Processing file /opt/airflow/dags/prediction_dag.py for tasks to queue
[2026-01-08T20:51:33.560+0000] {logging_mixin.py:188} INFO - [2026-01-08T20:51:33.559+0000] {dagbag.py:540} INFO - Filling up the DagBag from /opt/airflow/dags/prediction_dag.py
[2026-01-08T20:51:33.570+0000] {processor.py:840} INFO - DAG(s) 'prediction_dag' retrieved from /opt/airflow/dags/prediction_dag.py
[2026-01-08T20:51:33.758+0000] {logging_mixin.py:188} INFO - [2026-01-08T20:51:33.758+0000] {dag.py:3047} INFO - Sync 1 DAGs
[2026-01-08T20:51:33.780+0000] {logging_mixin.py:188} INFO - [2026-01-08T20:51:33.780+0000] {dag.py:3834} INFO - Setting next_dagrun for prediction_dag to 2026-01-08 20:50:00+00:00, run_after=2026-01-08 20:52:00+00:00
[2026-01-08T20:51:33.795+0000] {processor.py:183} INFO - Processing /opt/airflow/dags/prediction_dag.py took 0.239 seconds
[2026-01-08T20:52:04.147+0000] {processor.py:161} INFO - Started process (PID=46035) to work on /opt/airflow/dags/prediction_dag.py
[2026-01-08T20:52:04.149+0000] {processor.py:830} INFO - Processing file /opt/airflow/dags/prediction_dag.py for tasks to queue
[2026-01-08T20:52:04.150+0000] {logging_mixin.py:188} INFO - [2026-01-08T20:52:04.150+0000] {dagbag.py:540} INFO - Filling up the DagBag from /opt/airflow/dags/prediction_dag.py
[2026-01-08T20:52:04.178+0000] {processor.py:840} INFO - DAG(s) 'prediction_dag' retrieved from /opt/airflow/dags/prediction_dag.py
[2026-01-08T20:52:04.222+0000] {logging_mixin.py:188} INFO - [2026-01-08T20:52:04.222+0000] {dag.py:3047} INFO - Sync 1 DAGs
[2026-01-08T20:52:04.258+0000] {logging_mixin.py:188} INFO - [2026-01-08T20:52:04.258+0000] {dag.py:3834} INFO - Setting next_dagrun for prediction_dag to 2026-01-08 20:52:00+00:00, run_after=2026-01-08 20:54:00+00:00
[2026-01-08T20:52:04.275+0000] {processor.py:183} INFO - Processing /opt/airflow/dags/prediction_dag.py took 0.133 seconds
[2026-01-08T20:52:34.383+0000] {processor.py:161} INFO - Started process (PID=46103) to work on /opt/airflow/dags/prediction_dag.py
[2026-01-08T20:52:34.386+0000] {processor.py:830} INFO - Processing file /opt/airflow/dags/prediction_dag.py for tasks to queue
[2026-01-08T20:52:34.388+0000] {logging_mixin.py:188} INFO - [2026-01-08T20:52:34.387+0000] {dagbag.py:540} INFO - Filling up the DagBag from /opt/airflow/dags/prediction_dag.py
[2026-01-08T20:52:34.419+0000] {processor.py:840} INFO - DAG(s) 'prediction_dag' retrieved from /opt/airflow/dags/prediction_dag.py
[2026-01-08T20:52:34.472+0000] {logging_mixin.py:188} INFO - [2026-01-08T20:52:34.472+0000] {dag.py:3047} INFO - Sync 1 DAGs
[2026-01-08T20:52:34.781+0000] {logging_mixin.py:188} INFO - [2026-01-08T20:52:34.781+0000] {dag.py:3834} INFO - Setting next_dagrun for prediction_dag to 2026-01-08 20:52:00+00:00, run_after=2026-01-08 20:54:00+00:00
[2026-01-08T20:52:34.791+0000] {processor.py:183} INFO - Processing /opt/airflow/dags/prediction_dag.py took 0.424 seconds
[2026-01-08T20:53:05.126+0000] {processor.py:161} INFO - Started process (PID=46150) to work on /opt/airflow/dags/prediction_dag.py
[2026-01-08T20:53:05.128+0000] {processor.py:830} INFO - Processing file /opt/airflow/dags/prediction_dag.py for tasks to queue
[2026-01-08T20:53:05.132+0000] {logging_mixin.py:188} INFO - [2026-01-08T20:53:05.131+0000] {dagbag.py:540} INFO - Filling up the DagBag from /opt/airflow/dags/prediction_dag.py
[2026-01-08T20:53:05.376+0000] {processor.py:840} INFO - DAG(s) 'prediction_dag' retrieved from /opt/airflow/dags/prediction_dag.py
[2026-01-08T20:53:05.401+0000] {logging_mixin.py:188} INFO - [2026-01-08T20:53:05.401+0000] {dag.py:3047} INFO - Sync 1 DAGs
[2026-01-08T20:53:05.423+0000] {logging_mixin.py:188} INFO - [2026-01-08T20:53:05.423+0000] {dag.py:3834} INFO - Setting next_dagrun for prediction_dag to 2026-01-08 20:52:00+00:00, run_after=2026-01-08 20:54:00+00:00
[2026-01-08T20:53:05.434+0000] {processor.py:183} INFO - Processing /opt/airflow/dags/prediction_dag.py took 0.314 seconds
[2026-01-08T20:53:35.915+0000] {processor.py:161} INFO - Started process (PID=46201) to work on /opt/airflow/dags/prediction_dag.py
[2026-01-08T20:53:35.918+0000] {processor.py:830} INFO - Processing file /opt/airflow/dags/prediction_dag.py for tasks to queue
[2026-01-08T20:53:35.920+0000] {logging_mixin.py:188} INFO - [2026-01-08T20:53:35.919+0000] {dagbag.py:540} INFO - Filling up the DagBag from /opt/airflow/dags/prediction_dag.py
[2026-01-08T20:53:35.950+0000] {processor.py:840} INFO - DAG(s) 'prediction_dag' retrieved from /opt/airflow/dags/prediction_dag.py
[2026-01-08T20:53:36.009+0000] {logging_mixin.py:188} INFO - [2026-01-08T20:53:36.009+0000] {dag.py:3047} INFO - Sync 1 DAGs
[2026-01-08T20:53:36.045+0000] {logging_mixin.py:188} INFO - [2026-01-08T20:53:36.045+0000] {dag.py:3834} INFO - Setting next_dagrun for prediction_dag to 2026-01-08 20:52:00+00:00, run_after=2026-01-08 20:54:00+00:00
[2026-01-08T20:53:36.059+0000] {processor.py:183} INFO - Processing /opt/airflow/dags/prediction_dag.py took 0.153 seconds
[2026-01-08T20:54:06.375+0000] {processor.py:161} INFO - Started process (PID=46246) to work on /opt/airflow/dags/prediction_dag.py
[2026-01-08T20:54:06.377+0000] {processor.py:830} INFO - Processing file /opt/airflow/dags/prediction_dag.py for tasks to queue
[2026-01-08T20:54:06.378+0000] {logging_mixin.py:188} INFO - [2026-01-08T20:54:06.378+0000] {dagbag.py:540} INFO - Filling up the DagBag from /opt/airflow/dags/prediction_dag.py
[2026-01-08T20:54:06.402+0000] {processor.py:840} INFO - DAG(s) 'prediction_dag' retrieved from /opt/airflow/dags/prediction_dag.py
[2026-01-08T20:54:06.432+0000] {logging_mixin.py:188} INFO - [2026-01-08T20:54:06.432+0000] {dag.py:3047} INFO - Sync 1 DAGs
[2026-01-08T20:54:06.458+0000] {logging_mixin.py:188} INFO - [2026-01-08T20:54:06.458+0000] {dag.py:3834} INFO - Setting next_dagrun for prediction_dag to 2026-01-08 20:54:00+00:00, run_after=2026-01-08 20:56:00+00:00
[2026-01-08T20:54:06.474+0000] {processor.py:183} INFO - Processing /opt/airflow/dags/prediction_dag.py took 0.112 seconds
[2026-01-08T20:54:36.868+0000] {processor.py:161} INFO - Started process (PID=46305) to work on /opt/airflow/dags/prediction_dag.py
[2026-01-08T20:54:36.872+0000] {processor.py:830} INFO - Processing file /opt/airflow/dags/prediction_dag.py for tasks to queue
[2026-01-08T20:54:36.873+0000] {logging_mixin.py:188} INFO - [2026-01-08T20:54:36.873+0000] {dagbag.py:540} INFO - Filling up the DagBag from /opt/airflow/dags/prediction_dag.py
[2026-01-08T20:54:36.906+0000] {processor.py:840} INFO - DAG(s) 'prediction_dag' retrieved from /opt/airflow/dags/prediction_dag.py
[2026-01-08T20:54:36.959+0000] {logging_mixin.py:188} INFO - [2026-01-08T20:54:36.959+0000] {dag.py:3047} INFO - Sync 1 DAGs
[2026-01-08T20:54:36.996+0000] {logging_mixin.py:188} INFO - [2026-01-08T20:54:36.996+0000] {dag.py:3834} INFO - Setting next_dagrun for prediction_dag to 2026-01-08 20:54:00+00:00, run_after=2026-01-08 20:56:00+00:00
[2026-01-08T20:54:37.017+0000] {processor.py:183} INFO - Processing /opt/airflow/dags/prediction_dag.py took 0.160 seconds
[2026-01-08T20:55:07.347+0000] {processor.py:161} INFO - Started process (PID=46361) to work on /opt/airflow/dags/prediction_dag.py
[2026-01-08T20:55:07.350+0000] {processor.py:830} INFO - Processing file /opt/airflow/dags/prediction_dag.py for tasks to queue
[2026-01-08T20:55:07.352+0000] {logging_mixin.py:188} INFO - [2026-01-08T20:55:07.351+0000] {dagbag.py:540} INFO - Filling up the DagBag from /opt/airflow/dags/prediction_dag.py
[2026-01-08T20:55:07.387+0000] {processor.py:840} INFO - DAG(s) 'prediction_dag' retrieved from /opt/airflow/dags/prediction_dag.py
[2026-01-08T20:55:07.435+0000] {logging_mixin.py:188} INFO - [2026-01-08T20:55:07.434+0000] {dag.py:3047} INFO - Sync 1 DAGs
[2026-01-08T20:55:07.477+0000] {logging_mixin.py:188} INFO - [2026-01-08T20:55:07.477+0000] {dag.py:3834} INFO - Setting next_dagrun for prediction_dag to 2026-01-08 20:54:00+00:00, run_after=2026-01-08 20:56:00+00:00
[2026-01-08T20:55:07.496+0000] {processor.py:183} INFO - Processing /opt/airflow/dags/prediction_dag.py took 0.159 seconds
[2026-01-08T20:55:37.884+0000] {processor.py:161} INFO - Started process (PID=46403) to work on /opt/airflow/dags/prediction_dag.py
[2026-01-08T20:55:37.887+0000] {processor.py:830} INFO - Processing file /opt/airflow/dags/prediction_dag.py for tasks to queue
[2026-01-08T20:55:37.889+0000] {logging_mixin.py:188} INFO - [2026-01-08T20:55:37.889+0000] {dagbag.py:540} INFO - Filling up the DagBag from /opt/airflow/dags/prediction_dag.py
[2026-01-08T20:55:37.929+0000] {processor.py:840} INFO - DAG(s) 'prediction_dag' retrieved from /opt/airflow/dags/prediction_dag.py
[2026-01-08T20:55:37.986+0000] {logging_mixin.py:188} INFO - [2026-01-08T20:55:37.985+0000] {dag.py:3047} INFO - Sync 1 DAGs
[2026-01-08T20:55:38.021+0000] {logging_mixin.py:188} INFO - [2026-01-08T20:55:38.021+0000] {dag.py:3834} INFO - Setting next_dagrun for prediction_dag to 2026-01-08 20:54:00+00:00, run_after=2026-01-08 20:56:00+00:00
[2026-01-08T20:55:38.035+0000] {processor.py:183} INFO - Processing /opt/airflow/dags/prediction_dag.py took 0.161 seconds
[2026-01-08T20:56:08.792+0000] {processor.py:161} INFO - Started process (PID=46436) to work on /opt/airflow/dags/prediction_dag.py
[2026-01-08T20:56:08.799+0000] {processor.py:830} INFO - Processing file /opt/airflow/dags/prediction_dag.py for tasks to queue
[2026-01-08T20:56:08.804+0000] {logging_mixin.py:188} INFO - [2026-01-08T20:56:08.803+0000] {dagbag.py:540} INFO - Filling up the DagBag from /opt/airflow/dags/prediction_dag.py
[2026-01-08T20:56:08.892+0000] {processor.py:840} INFO - DAG(s) 'prediction_dag' retrieved from /opt/airflow/dags/prediction_dag.py
[2026-01-08T20:56:09.065+0000] {logging_mixin.py:188} INFO - [2026-01-08T20:56:09.065+0000] {dag.py:3047} INFO - Sync 1 DAGs
[2026-01-08T20:56:09.177+0000] {logging_mixin.py:188} INFO - [2026-01-08T20:56:09.176+0000] {dag.py:3834} INFO - Setting next_dagrun for prediction_dag to 2026-01-08 20:56:00+00:00, run_after=2026-01-08 20:58:00+00:00
[2026-01-08T20:56:09.221+0000] {processor.py:183} INFO - Processing /opt/airflow/dags/prediction_dag.py took 0.444 seconds
[2026-01-08T21:01:40.930+0000] {processor.py:161} INFO - Started process (PID=46510) to work on /opt/airflow/dags/prediction_dag.py
[2026-01-08T21:01:40.936+0000] {processor.py:830} INFO - Processing file /opt/airflow/dags/prediction_dag.py for tasks to queue
[2026-01-08T21:01:40.940+0000] {logging_mixin.py:188} INFO - [2026-01-08T21:01:40.940+0000] {dagbag.py:540} INFO - Filling up the DagBag from /opt/airflow/dags/prediction_dag.py
[2026-01-08T21:01:41.005+0000] {processor.py:840} INFO - DAG(s) 'prediction_dag' retrieved from /opt/airflow/dags/prediction_dag.py
[2026-01-08T21:01:41.086+0000] {logging_mixin.py:188} INFO - [2026-01-08T21:01:41.086+0000] {dag.py:3047} INFO - Sync 1 DAGs
[2026-01-08T21:01:41.173+0000] {logging_mixin.py:188} INFO - [2026-01-08T21:01:41.173+0000] {dag.py:3834} INFO - Setting next_dagrun for prediction_dag to 2026-01-08 20:58:00+00:00, run_after=2026-01-08 21:00:00+00:00
[2026-01-08T21:01:41.220+0000] {processor.py:183} INFO - Processing /opt/airflow/dags/prediction_dag.py took 0.305 seconds
[2026-01-08T21:02:11.996+0000] {processor.py:161} INFO - Started process (PID=46670) to work on /opt/airflow/dags/prediction_dag.py
[2026-01-08T21:02:11.999+0000] {processor.py:830} INFO - Processing file /opt/airflow/dags/prediction_dag.py for tasks to queue
[2026-01-08T21:02:12.002+0000] {logging_mixin.py:188} INFO - [2026-01-08T21:02:12.001+0000] {dagbag.py:540} INFO - Filling up the DagBag from /opt/airflow/dags/prediction_dag.py
[2026-01-08T21:02:12.044+0000] {processor.py:840} INFO - DAG(s) 'prediction_dag' retrieved from /opt/airflow/dags/prediction_dag.py
[2026-01-08T21:02:12.101+0000] {logging_mixin.py:188} INFO - [2026-01-08T21:02:12.101+0000] {dag.py:3047} INFO - Sync 1 DAGs
[2026-01-08T21:02:12.164+0000] {logging_mixin.py:188} INFO - [2026-01-08T21:02:12.164+0000] {dag.py:3834} INFO - Setting next_dagrun for prediction_dag to 2026-01-08 21:02:00+00:00, run_after=2026-01-08 21:04:00+00:00
[2026-01-08T21:02:12.187+0000] {processor.py:183} INFO - Processing /opt/airflow/dags/prediction_dag.py took 0.199 seconds
[2026-01-08T21:02:42.618+0000] {processor.py:161} INFO - Started process (PID=46739) to work on /opt/airflow/dags/prediction_dag.py
[2026-01-08T21:02:42.621+0000] {processor.py:830} INFO - Processing file /opt/airflow/dags/prediction_dag.py for tasks to queue
[2026-01-08T21:02:42.623+0000] {logging_mixin.py:188} INFO - [2026-01-08T21:02:42.622+0000] {dagbag.py:540} INFO - Filling up the DagBag from /opt/airflow/dags/prediction_dag.py
[2026-01-08T21:02:42.664+0000] {processor.py:840} INFO - DAG(s) 'prediction_dag' retrieved from /opt/airflow/dags/prediction_dag.py
[2026-01-08T21:02:42.722+0000] {logging_mixin.py:188} INFO - [2026-01-08T21:02:42.722+0000] {dag.py:3047} INFO - Sync 1 DAGs
[2026-01-08T21:02:42.755+0000] {logging_mixin.py:188} INFO - [2026-01-08T21:02:42.755+0000] {dag.py:3834} INFO - Setting next_dagrun for prediction_dag to 2026-01-08 21:02:00+00:00, run_after=2026-01-08 21:04:00+00:00
[2026-01-08T21:02:42.774+0000] {processor.py:183} INFO - Processing /opt/airflow/dags/prediction_dag.py took 0.170 seconds
[2026-01-08T21:03:13.122+0000] {processor.py:161} INFO - Started process (PID=46819) to work on /opt/airflow/dags/prediction_dag.py
[2026-01-08T21:03:13.125+0000] {processor.py:830} INFO - Processing file /opt/airflow/dags/prediction_dag.py for tasks to queue
[2026-01-08T21:03:13.127+0000] {logging_mixin.py:188} INFO - [2026-01-08T21:03:13.126+0000] {dagbag.py:540} INFO - Filling up the DagBag from /opt/airflow/dags/prediction_dag.py
[2026-01-08T21:03:13.165+0000] {processor.py:840} INFO - DAG(s) 'prediction_dag' retrieved from /opt/airflow/dags/prediction_dag.py
[2026-01-08T21:03:13.209+0000] {logging_mixin.py:188} INFO - [2026-01-08T21:03:13.209+0000] {dag.py:3047} INFO - Sync 1 DAGs
[2026-01-08T21:03:13.239+0000] {logging_mixin.py:188} INFO - [2026-01-08T21:03:13.239+0000] {dag.py:3834} INFO - Setting next_dagrun for prediction_dag to 2026-01-08 21:02:00+00:00, run_after=2026-01-08 21:04:00+00:00
[2026-01-08T21:03:13.252+0000] {processor.py:183} INFO - Processing /opt/airflow/dags/prediction_dag.py took 0.155 seconds
[2026-01-08T21:03:43.626+0000] {processor.py:161} INFO - Started process (PID=46837) to work on /opt/airflow/dags/prediction_dag.py
[2026-01-08T21:03:43.631+0000] {processor.py:830} INFO - Processing file /opt/airflow/dags/prediction_dag.py for tasks to queue
[2026-01-08T21:03:43.633+0000] {logging_mixin.py:188} INFO - [2026-01-08T21:03:43.632+0000] {dagbag.py:540} INFO - Filling up the DagBag from /opt/airflow/dags/prediction_dag.py
[2026-01-08T21:03:43.672+0000] {processor.py:840} INFO - DAG(s) 'prediction_dag' retrieved from /opt/airflow/dags/prediction_dag.py
[2026-01-08T21:03:43.723+0000] {logging_mixin.py:188} INFO - [2026-01-08T21:03:43.723+0000] {dag.py:3047} INFO - Sync 1 DAGs
[2026-01-08T21:03:43.761+0000] {logging_mixin.py:188} INFO - [2026-01-08T21:03:43.761+0000] {dag.py:3834} INFO - Setting next_dagrun for prediction_dag to 2026-01-08 21:02:00+00:00, run_after=2026-01-08 21:04:00+00:00
[2026-01-08T21:03:43.776+0000] {processor.py:183} INFO - Processing /opt/airflow/dags/prediction_dag.py took 0.161 seconds
[2026-01-08T21:04:14.222+0000] {processor.py:161} INFO - Started process (PID=46923) to work on /opt/airflow/dags/prediction_dag.py
[2026-01-08T21:04:14.228+0000] {processor.py:830} INFO - Processing file /opt/airflow/dags/prediction_dag.py for tasks to queue
[2026-01-08T21:04:14.245+0000] {logging_mixin.py:188} INFO - [2026-01-08T21:04:14.243+0000] {dagbag.py:540} INFO - Filling up the DagBag from /opt/airflow/dags/prediction_dag.py
[2026-01-08T21:04:14.611+0000] {processor.py:840} INFO - DAG(s) 'prediction_dag' retrieved from /opt/airflow/dags/prediction_dag.py
[2026-01-08T21:04:15.210+0000] {logging_mixin.py:188} INFO - [2026-01-08T21:04:15.209+0000] {dag.py:3047} INFO - Sync 1 DAGs
[2026-01-08T21:04:15.339+0000] {logging_mixin.py:188} INFO - [2026-01-08T21:04:15.339+0000] {dag.py:3834} INFO - Setting next_dagrun for prediction_dag to 2026-01-08 21:04:00+00:00, run_after=2026-01-08 21:06:00+00:00
[2026-01-08T21:04:15.364+0000] {processor.py:183} INFO - Processing /opt/airflow/dags/prediction_dag.py took 1.252 seconds
[2026-01-08T21:04:45.621+0000] {processor.py:161} INFO - Started process (PID=46941) to work on /opt/airflow/dags/prediction_dag.py
[2026-01-08T21:04:45.624+0000] {processor.py:830} INFO - Processing file /opt/airflow/dags/prediction_dag.py for tasks to queue
[2026-01-08T21:04:45.626+0000] {logging_mixin.py:188} INFO - [2026-01-08T21:04:45.625+0000] {dagbag.py:540} INFO - Filling up the DagBag from /opt/airflow/dags/prediction_dag.py
[2026-01-08T21:04:45.661+0000] {processor.py:840} INFO - DAG(s) 'prediction_dag' retrieved from /opt/airflow/dags/prediction_dag.py
[2026-01-08T21:04:45.714+0000] {logging_mixin.py:188} INFO - [2026-01-08T21:04:45.714+0000] {dag.py:3047} INFO - Sync 1 DAGs
[2026-01-08T21:04:45.749+0000] {logging_mixin.py:188} INFO - [2026-01-08T21:04:45.749+0000] {dag.py:3834} INFO - Setting next_dagrun for prediction_dag to 2026-01-08 21:04:00+00:00, run_after=2026-01-08 21:06:00+00:00
[2026-01-08T21:04:45.762+0000] {processor.py:183} INFO - Processing /opt/airflow/dags/prediction_dag.py took 0.154 seconds
[2026-01-08T21:05:15.871+0000] {processor.py:161} INFO - Started process (PID=47021) to work on /opt/airflow/dags/prediction_dag.py
[2026-01-08T21:05:15.874+0000] {processor.py:830} INFO - Processing file /opt/airflow/dags/prediction_dag.py for tasks to queue
[2026-01-08T21:05:15.876+0000] {logging_mixin.py:188} INFO - [2026-01-08T21:05:15.875+0000] {dagbag.py:540} INFO - Filling up the DagBag from /opt/airflow/dags/prediction_dag.py
[2026-01-08T21:05:15.909+0000] {processor.py:840} INFO - DAG(s) 'prediction_dag' retrieved from /opt/airflow/dags/prediction_dag.py
[2026-01-08T21:05:15.956+0000] {logging_mixin.py:188} INFO - [2026-01-08T21:05:15.955+0000] {dag.py:3047} INFO - Sync 1 DAGs
[2026-01-08T21:05:15.990+0000] {logging_mixin.py:188} INFO - [2026-01-08T21:05:15.989+0000] {dag.py:3834} INFO - Setting next_dagrun for prediction_dag to 2026-01-08 21:04:00+00:00, run_after=2026-01-08 21:06:00+00:00
[2026-01-08T21:05:16.003+0000] {processor.py:183} INFO - Processing /opt/airflow/dags/prediction_dag.py took 0.148 seconds
[2026-01-08T21:05:46.106+0000] {processor.py:161} INFO - Started process (PID=47039) to work on /opt/airflow/dags/prediction_dag.py
[2026-01-08T21:05:46.109+0000] {processor.py:830} INFO - Processing file /opt/airflow/dags/prediction_dag.py for tasks to queue
[2026-01-08T21:05:46.110+0000] {logging_mixin.py:188} INFO - [2026-01-08T21:05:46.110+0000] {dagbag.py:540} INFO - Filling up the DagBag from /opt/airflow/dags/prediction_dag.py
[2026-01-08T21:05:46.147+0000] {processor.py:840} INFO - DAG(s) 'prediction_dag' retrieved from /opt/airflow/dags/prediction_dag.py
[2026-01-08T21:05:46.194+0000] {logging_mixin.py:188} INFO - [2026-01-08T21:05:46.193+0000] {dag.py:3047} INFO - Sync 1 DAGs
[2026-01-08T21:05:46.225+0000] {logging_mixin.py:188} INFO - [2026-01-08T21:05:46.225+0000] {dag.py:3834} INFO - Setting next_dagrun for prediction_dag to 2026-01-08 21:04:00+00:00, run_after=2026-01-08 21:06:00+00:00
[2026-01-08T21:05:46.239+0000] {processor.py:183} INFO - Processing /opt/airflow/dags/prediction_dag.py took 0.140 seconds
[2026-01-08T21:06:16.374+0000] {processor.py:161} INFO - Started process (PID=47125) to work on /opt/airflow/dags/prediction_dag.py
[2026-01-08T21:06:16.377+0000] {processor.py:830} INFO - Processing file /opt/airflow/dags/prediction_dag.py for tasks to queue
[2026-01-08T21:06:16.378+0000] {logging_mixin.py:188} INFO - [2026-01-08T21:06:16.378+0000] {dagbag.py:540} INFO - Filling up the DagBag from /opt/airflow/dags/prediction_dag.py
[2026-01-08T21:06:16.412+0000] {processor.py:840} INFO - DAG(s) 'prediction_dag' retrieved from /opt/airflow/dags/prediction_dag.py
[2026-01-08T21:06:16.468+0000] {logging_mixin.py:188} INFO - [2026-01-08T21:06:16.468+0000] {dag.py:3047} INFO - Sync 1 DAGs
[2026-01-08T21:06:16.504+0000] {logging_mixin.py:188} INFO - [2026-01-08T21:06:16.504+0000] {dag.py:3834} INFO - Setting next_dagrun for prediction_dag to 2026-01-08 21:06:00+00:00, run_after=2026-01-08 21:08:00+00:00
[2026-01-08T21:06:16.518+0000] {processor.py:183} INFO - Processing /opt/airflow/dags/prediction_dag.py took 0.154 seconds
[2026-01-08T21:06:46.624+0000] {processor.py:161} INFO - Started process (PID=47143) to work on /opt/airflow/dags/prediction_dag.py
[2026-01-08T21:06:46.627+0000] {processor.py:830} INFO - Processing file /opt/airflow/dags/prediction_dag.py for tasks to queue
[2026-01-08T21:06:46.628+0000] {logging_mixin.py:188} INFO - [2026-01-08T21:06:46.627+0000] {dagbag.py:540} INFO - Filling up the DagBag from /opt/airflow/dags/prediction_dag.py
[2026-01-08T21:06:46.664+0000] {processor.py:840} INFO - DAG(s) 'prediction_dag' retrieved from /opt/airflow/dags/prediction_dag.py
[2026-01-08T21:06:46.715+0000] {logging_mixin.py:188} INFO - [2026-01-08T21:06:46.714+0000] {dag.py:3047} INFO - Sync 1 DAGs
[2026-01-08T21:06:46.746+0000] {logging_mixin.py:188} INFO - [2026-01-08T21:06:46.745+0000] {dag.py:3834} INFO - Setting next_dagrun for prediction_dag to 2026-01-08 21:06:00+00:00, run_after=2026-01-08 21:08:00+00:00
[2026-01-08T21:06:46.759+0000] {processor.py:183} INFO - Processing /opt/airflow/dags/prediction_dag.py took 0.160 seconds
[2026-01-08T21:07:17.225+0000] {processor.py:161} INFO - Started process (PID=47223) to work on /opt/airflow/dags/prediction_dag.py
[2026-01-08T21:07:17.233+0000] {processor.py:830} INFO - Processing file /opt/airflow/dags/prediction_dag.py for tasks to queue
[2026-01-08T21:07:17.239+0000] {logging_mixin.py:188} INFO - [2026-01-08T21:07:17.238+0000] {dagbag.py:540} INFO - Filling up the DagBag from /opt/airflow/dags/prediction_dag.py
[2026-01-08T21:07:17.287+0000] {processor.py:840} INFO - DAG(s) 'prediction_dag' retrieved from /opt/airflow/dags/prediction_dag.py
[2026-01-08T21:07:17.339+0000] {logging_mixin.py:188} INFO - [2026-01-08T21:07:17.338+0000] {dag.py:3047} INFO - Sync 1 DAGs
[2026-01-08T21:07:17.380+0000] {logging_mixin.py:188} INFO - [2026-01-08T21:07:17.380+0000] {dag.py:3834} INFO - Setting next_dagrun for prediction_dag to 2026-01-08 21:06:00+00:00, run_after=2026-01-08 21:08:00+00:00
[2026-01-08T21:07:17.398+0000] {processor.py:183} INFO - Processing /opt/airflow/dags/prediction_dag.py took 0.207 seconds
[2026-01-08T21:07:47.825+0000] {processor.py:161} INFO - Started process (PID=47241) to work on /opt/airflow/dags/prediction_dag.py
[2026-01-08T21:07:47.827+0000] {processor.py:830} INFO - Processing file /opt/airflow/dags/prediction_dag.py for tasks to queue
[2026-01-08T21:07:47.829+0000] {logging_mixin.py:188} INFO - [2026-01-08T21:07:47.828+0000] {dagbag.py:540} INFO - Filling up the DagBag from /opt/airflow/dags/prediction_dag.py
[2026-01-08T21:07:47.858+0000] {processor.py:840} INFO - DAG(s) 'prediction_dag' retrieved from /opt/airflow/dags/prediction_dag.py
[2026-01-08T21:07:47.900+0000] {logging_mixin.py:188} INFO - [2026-01-08T21:07:47.900+0000] {dag.py:3047} INFO - Sync 1 DAGs
[2026-01-08T21:07:47.937+0000] {logging_mixin.py:188} INFO - [2026-01-08T21:07:47.937+0000] {dag.py:3834} INFO - Setting next_dagrun for prediction_dag to 2026-01-08 21:06:00+00:00, run_after=2026-01-08 21:08:00+00:00
[2026-01-08T21:07:47.952+0000] {processor.py:183} INFO - Processing /opt/airflow/dags/prediction_dag.py took 0.139 seconds
[2026-01-08T21:08:18.070+0000] {processor.py:161} INFO - Started process (PID=47327) to work on /opt/airflow/dags/prediction_dag.py
[2026-01-08T21:08:18.073+0000] {processor.py:830} INFO - Processing file /opt/airflow/dags/prediction_dag.py for tasks to queue
[2026-01-08T21:08:18.074+0000] {logging_mixin.py:188} INFO - [2026-01-08T21:08:18.073+0000] {dagbag.py:540} INFO - Filling up the DagBag from /opt/airflow/dags/prediction_dag.py
[2026-01-08T21:08:18.104+0000] {processor.py:840} INFO - DAG(s) 'prediction_dag' retrieved from /opt/airflow/dags/prediction_dag.py
[2026-01-08T21:08:18.142+0000] {logging_mixin.py:188} INFO - [2026-01-08T21:08:18.142+0000] {dag.py:3047} INFO - Sync 1 DAGs
[2026-01-08T21:08:18.173+0000] {logging_mixin.py:188} INFO - [2026-01-08T21:08:18.173+0000] {dag.py:3834} INFO - Setting next_dagrun for prediction_dag to 2026-01-08 21:08:00+00:00, run_after=2026-01-08 21:10:00+00:00
[2026-01-08T21:08:18.186+0000] {processor.py:183} INFO - Processing /opt/airflow/dags/prediction_dag.py took 0.132 seconds
[2026-01-08T21:08:48.562+0000] {processor.py:161} INFO - Started process (PID=47345) to work on /opt/airflow/dags/prediction_dag.py
[2026-01-08T21:08:48.564+0000] {processor.py:830} INFO - Processing file /opt/airflow/dags/prediction_dag.py for tasks to queue
[2026-01-08T21:08:48.566+0000] {logging_mixin.py:188} INFO - [2026-01-08T21:08:48.565+0000] {dagbag.py:540} INFO - Filling up the DagBag from /opt/airflow/dags/prediction_dag.py
[2026-01-08T21:08:48.588+0000] {processor.py:840} INFO - DAG(s) 'prediction_dag' retrieved from /opt/airflow/dags/prediction_dag.py
[2026-01-08T21:08:48.617+0000] {logging_mixin.py:188} INFO - [2026-01-08T21:08:48.617+0000] {dag.py:3047} INFO - Sync 1 DAGs
[2026-01-08T21:08:48.640+0000] {logging_mixin.py:188} INFO - [2026-01-08T21:08:48.639+0000] {dag.py:3834} INFO - Setting next_dagrun for prediction_dag to 2026-01-08 21:08:00+00:00, run_after=2026-01-08 21:10:00+00:00
[2026-01-08T21:08:48.650+0000] {processor.py:183} INFO - Processing /opt/airflow/dags/prediction_dag.py took 0.099 seconds
[2026-01-08T21:09:18.989+0000] {processor.py:161} INFO - Started process (PID=47416) to work on /opt/airflow/dags/prediction_dag.py
[2026-01-08T21:09:18.990+0000] {processor.py:830} INFO - Processing file /opt/airflow/dags/prediction_dag.py for tasks to queue
[2026-01-08T21:09:18.991+0000] {logging_mixin.py:188} INFO - [2026-01-08T21:09:18.991+0000] {dagbag.py:540} INFO - Filling up the DagBag from /opt/airflow/dags/prediction_dag.py
[2026-01-08T21:09:19.004+0000] {processor.py:840} INFO - DAG(s) 'prediction_dag' retrieved from /opt/airflow/dags/prediction_dag.py
[2026-01-08T21:09:19.087+0000] {logging_mixin.py:188} INFO - [2026-01-08T21:09:19.087+0000] {dag.py:3047} INFO - Sync 1 DAGs
[2026-01-08T21:09:19.118+0000] {logging_mixin.py:188} INFO - [2026-01-08T21:09:19.118+0000] {dag.py:3834} INFO - Setting next_dagrun for prediction_dag to 2026-01-08 21:08:00+00:00, run_after=2026-01-08 21:10:00+00:00
[2026-01-08T21:09:19.132+0000] {processor.py:183} INFO - Processing /opt/airflow/dags/prediction_dag.py took 0.146 seconds
[2026-01-08T21:09:49.569+0000] {processor.py:161} INFO - Started process (PID=47430) to work on /opt/airflow/dags/prediction_dag.py
[2026-01-08T21:09:49.571+0000] {processor.py:830} INFO - Processing file /opt/airflow/dags/prediction_dag.py for tasks to queue
[2026-01-08T21:09:49.575+0000] {logging_mixin.py:188} INFO - [2026-01-08T21:09:49.574+0000] {dagbag.py:540} INFO - Filling up the DagBag from /opt/airflow/dags/prediction_dag.py
[2026-01-08T21:09:49.613+0000] {processor.py:840} INFO - DAG(s) 'prediction_dag' retrieved from /opt/airflow/dags/prediction_dag.py
[2026-01-08T21:09:49.665+0000] {logging_mixin.py:188} INFO - [2026-01-08T21:09:49.664+0000] {dag.py:3047} INFO - Sync 1 DAGs
[2026-01-08T21:09:49.698+0000] {logging_mixin.py:188} INFO - [2026-01-08T21:09:49.698+0000] {dag.py:3834} INFO - Setting next_dagrun for prediction_dag to 2026-01-08 21:08:00+00:00, run_after=2026-01-08 21:10:00+00:00
[2026-01-08T21:09:49.711+0000] {processor.py:183} INFO - Processing /opt/airflow/dags/prediction_dag.py took 0.160 seconds
[2026-01-08T21:10:20.068+0000] {processor.py:161} INFO - Started process (PID=47516) to work on /opt/airflow/dags/prediction_dag.py
[2026-01-08T21:10:20.071+0000] {processor.py:830} INFO - Processing file /opt/airflow/dags/prediction_dag.py for tasks to queue
[2026-01-08T21:10:20.072+0000] {logging_mixin.py:188} INFO - [2026-01-08T21:10:20.072+0000] {dagbag.py:540} INFO - Filling up the DagBag from /opt/airflow/dags/prediction_dag.py
[2026-01-08T21:10:20.110+0000] {processor.py:840} INFO - DAG(s) 'prediction_dag' retrieved from /opt/airflow/dags/prediction_dag.py
[2026-01-08T21:10:20.161+0000] {logging_mixin.py:188} INFO - [2026-01-08T21:10:20.161+0000] {dag.py:3047} INFO - Sync 1 DAGs
[2026-01-08T21:10:20.197+0000] {logging_mixin.py:188} INFO - [2026-01-08T21:10:20.197+0000] {dag.py:3834} INFO - Setting next_dagrun for prediction_dag to 2026-01-08 21:10:00+00:00, run_after=2026-01-08 21:12:00+00:00
[2026-01-08T21:10:20.211+0000] {processor.py:183} INFO - Processing /opt/airflow/dags/prediction_dag.py took 0.160 seconds
[2026-01-08T21:10:50.638+0000] {processor.py:161} INFO - Started process (PID=47534) to work on /opt/airflow/dags/prediction_dag.py
[2026-01-08T21:10:50.641+0000] {processor.py:830} INFO - Processing file /opt/airflow/dags/prediction_dag.py for tasks to queue
[2026-01-08T21:10:50.642+0000] {logging_mixin.py:188} INFO - [2026-01-08T21:10:50.642+0000] {dagbag.py:540} INFO - Filling up the DagBag from /opt/airflow/dags/prediction_dag.py
[2026-01-08T21:10:50.677+0000] {processor.py:840} INFO - DAG(s) 'prediction_dag' retrieved from /opt/airflow/dags/prediction_dag.py
[2026-01-08T21:10:50.738+0000] {logging_mixin.py:188} INFO - [2026-01-08T21:10:50.738+0000] {dag.py:3047} INFO - Sync 1 DAGs
[2026-01-08T21:10:50.772+0000] {logging_mixin.py:188} INFO - [2026-01-08T21:10:50.771+0000] {dag.py:3834} INFO - Setting next_dagrun for prediction_dag to 2026-01-08 21:10:00+00:00, run_after=2026-01-08 21:12:00+00:00
[2026-01-08T21:10:50.785+0000] {processor.py:183} INFO - Processing /opt/airflow/dags/prediction_dag.py took 0.159 seconds
[2026-01-08T21:11:21.194+0000] {processor.py:161} INFO - Started process (PID=47614) to work on /opt/airflow/dags/prediction_dag.py
[2026-01-08T21:11:21.198+0000] {processor.py:830} INFO - Processing file /opt/airflow/dags/prediction_dag.py for tasks to queue
[2026-01-08T21:11:21.200+0000] {logging_mixin.py:188} INFO - [2026-01-08T21:11:21.199+0000] {dagbag.py:540} INFO - Filling up the DagBag from /opt/airflow/dags/prediction_dag.py
[2026-01-08T21:11:21.240+0000] {processor.py:840} INFO - DAG(s) 'prediction_dag' retrieved from /opt/airflow/dags/prediction_dag.py
[2026-01-08T21:11:21.290+0000] {logging_mixin.py:188} INFO - [2026-01-08T21:11:21.290+0000] {dag.py:3047} INFO - Sync 1 DAGs
[2026-01-08T21:11:21.331+0000] {logging_mixin.py:188} INFO - [2026-01-08T21:11:21.331+0000] {dag.py:3834} INFO - Setting next_dagrun for prediction_dag to 2026-01-08 21:10:00+00:00, run_after=2026-01-08 21:12:00+00:00
[2026-01-08T21:11:21.345+0000] {processor.py:183} INFO - Processing /opt/airflow/dags/prediction_dag.py took 0.166 seconds
[2026-01-08T21:11:51.508+0000] {processor.py:161} INFO - Started process (PID=47632) to work on /opt/airflow/dags/prediction_dag.py
[2026-01-08T21:11:51.511+0000] {processor.py:830} INFO - Processing file /opt/airflow/dags/prediction_dag.py for tasks to queue
[2026-01-08T21:11:51.513+0000] {logging_mixin.py:188} INFO - [2026-01-08T21:11:51.512+0000] {dagbag.py:540} INFO - Filling up the DagBag from /opt/airflow/dags/prediction_dag.py
[2026-01-08T21:11:51.548+0000] {processor.py:840} INFO - DAG(s) 'prediction_dag' retrieved from /opt/airflow/dags/prediction_dag.py
[2026-01-08T21:11:51.602+0000] {logging_mixin.py:188} INFO - [2026-01-08T21:11:51.602+0000] {dag.py:3047} INFO - Sync 1 DAGs
[2026-01-08T21:11:51.639+0000] {logging_mixin.py:188} INFO - [2026-01-08T21:11:51.638+0000] {dag.py:3834} INFO - Setting next_dagrun for prediction_dag to 2026-01-08 21:10:00+00:00, run_after=2026-01-08 21:12:00+00:00
[2026-01-08T21:11:51.657+0000] {processor.py:183} INFO - Processing /opt/airflow/dags/prediction_dag.py took 0.160 seconds
[2026-01-08T21:12:21.911+0000] {processor.py:161} INFO - Started process (PID=47718) to work on /opt/airflow/dags/prediction_dag.py
[2026-01-08T21:12:21.914+0000] {processor.py:830} INFO - Processing file /opt/airflow/dags/prediction_dag.py for tasks to queue
[2026-01-08T21:12:21.916+0000] {logging_mixin.py:188} INFO - [2026-01-08T21:12:21.915+0000] {dagbag.py:540} INFO - Filling up the DagBag from /opt/airflow/dags/prediction_dag.py
[2026-01-08T21:12:21.959+0000] {processor.py:840} INFO - DAG(s) 'prediction_dag' retrieved from /opt/airflow/dags/prediction_dag.py
[2026-01-08T21:12:22.021+0000] {logging_mixin.py:188} INFO - [2026-01-08T21:12:22.020+0000] {dag.py:3047} INFO - Sync 1 DAGs
[2026-01-08T21:12:22.056+0000] {logging_mixin.py:188} INFO - [2026-01-08T21:12:22.056+0000] {dag.py:3834} INFO - Setting next_dagrun for prediction_dag to 2026-01-08 21:12:00+00:00, run_after=2026-01-08 21:14:00+00:00
[2026-01-08T21:12:22.070+0000] {processor.py:183} INFO - Processing /opt/airflow/dags/prediction_dag.py took 0.168 seconds
[2026-01-08T21:12:52.416+0000] {processor.py:161} INFO - Started process (PID=47736) to work on /opt/airflow/dags/prediction_dag.py
[2026-01-08T21:12:52.419+0000] {processor.py:830} INFO - Processing file /opt/airflow/dags/prediction_dag.py for tasks to queue
[2026-01-08T21:12:52.421+0000] {logging_mixin.py:188} INFO - [2026-01-08T21:12:52.420+0000] {dagbag.py:540} INFO - Filling up the DagBag from /opt/airflow/dags/prediction_dag.py
[2026-01-08T21:12:52.451+0000] {processor.py:840} INFO - DAG(s) 'prediction_dag' retrieved from /opt/airflow/dags/prediction_dag.py
[2026-01-08T21:12:52.511+0000] {logging_mixin.py:188} INFO - [2026-01-08T21:12:52.510+0000] {dag.py:3047} INFO - Sync 1 DAGs
[2026-01-08T21:12:52.546+0000] {logging_mixin.py:188} INFO - [2026-01-08T21:12:52.546+0000] {dag.py:3834} INFO - Setting next_dagrun for prediction_dag to 2026-01-08 21:12:00+00:00, run_after=2026-01-08 21:14:00+00:00
[2026-01-08T21:12:52.562+0000] {processor.py:183} INFO - Processing /opt/airflow/dags/prediction_dag.py took 0.158 seconds
[2026-01-08T21:13:22.910+0000] {processor.py:161} INFO - Started process (PID=47816) to work on /opt/airflow/dags/prediction_dag.py
[2026-01-08T21:13:22.913+0000] {processor.py:830} INFO - Processing file /opt/airflow/dags/prediction_dag.py for tasks to queue
[2026-01-08T21:13:22.914+0000] {logging_mixin.py:188} INFO - [2026-01-08T21:13:22.914+0000] {dagbag.py:540} INFO - Filling up the DagBag from /opt/airflow/dags/prediction_dag.py
[2026-01-08T21:13:22.952+0000] {processor.py:840} INFO - DAG(s) 'prediction_dag' retrieved from /opt/airflow/dags/prediction_dag.py
[2026-01-08T21:13:23.004+0000] {logging_mixin.py:188} INFO - [2026-01-08T21:13:23.004+0000] {dag.py:3047} INFO - Sync 1 DAGs
[2026-01-08T21:13:23.039+0000] {logging_mixin.py:188} INFO - [2026-01-08T21:13:23.039+0000] {dag.py:3834} INFO - Setting next_dagrun for prediction_dag to 2026-01-08 21:12:00+00:00, run_after=2026-01-08 21:14:00+00:00
[2026-01-08T21:13:23.059+0000] {processor.py:183} INFO - Processing /opt/airflow/dags/prediction_dag.py took 0.163 seconds
[2026-01-08T21:13:53.196+0000] {processor.py:161} INFO - Started process (PID=47834) to work on /opt/airflow/dags/prediction_dag.py
[2026-01-08T21:13:53.198+0000] {processor.py:830} INFO - Processing file /opt/airflow/dags/prediction_dag.py for tasks to queue
[2026-01-08T21:13:53.200+0000] {logging_mixin.py:188} INFO - [2026-01-08T21:13:53.199+0000] {dagbag.py:540} INFO - Filling up the DagBag from /opt/airflow/dags/prediction_dag.py
[2026-01-08T21:13:53.232+0000] {processor.py:840} INFO - DAG(s) 'prediction_dag' retrieved from /opt/airflow/dags/prediction_dag.py
[2026-01-08T21:13:53.284+0000] {logging_mixin.py:188} INFO - [2026-01-08T21:13:53.283+0000] {dag.py:3047} INFO - Sync 1 DAGs
[2026-01-08T21:13:53.325+0000] {logging_mixin.py:188} INFO - [2026-01-08T21:13:53.325+0000] {dag.py:3834} INFO - Setting next_dagrun for prediction_dag to 2026-01-08 21:12:00+00:00, run_after=2026-01-08 21:14:00+00:00
[2026-01-08T21:13:53.342+0000] {processor.py:183} INFO - Processing /opt/airflow/dags/prediction_dag.py took 0.159 seconds
[2026-01-08T21:14:23.708+0000] {processor.py:161} INFO - Started process (PID=47920) to work on /opt/airflow/dags/prediction_dag.py
[2026-01-08T21:14:23.712+0000] {processor.py:830} INFO - Processing file /opt/airflow/dags/prediction_dag.py for tasks to queue
[2026-01-08T21:14:23.713+0000] {logging_mixin.py:188} INFO - [2026-01-08T21:14:23.713+0000] {dagbag.py:540} INFO - Filling up the DagBag from /opt/airflow/dags/prediction_dag.py
[2026-01-08T21:14:23.748+0000] {processor.py:840} INFO - DAG(s) 'prediction_dag' retrieved from /opt/airflow/dags/prediction_dag.py
[2026-01-08T21:14:23.799+0000] {logging_mixin.py:188} INFO - [2026-01-08T21:14:23.799+0000] {dag.py:3047} INFO - Sync 1 DAGs
[2026-01-08T21:14:23.841+0000] {logging_mixin.py:188} INFO - [2026-01-08T21:14:23.841+0000] {dag.py:3834} INFO - Setting next_dagrun for prediction_dag to 2026-01-08 21:14:00+00:00, run_after=2026-01-08 21:16:00+00:00
[2026-01-08T21:14:23.855+0000] {processor.py:183} INFO - Processing /opt/airflow/dags/prediction_dag.py took 0.161 seconds
[2026-01-08T21:14:54.277+0000] {processor.py:161} INFO - Started process (PID=47938) to work on /opt/airflow/dags/prediction_dag.py
[2026-01-08T21:14:54.283+0000] {processor.py:830} INFO - Processing file /opt/airflow/dags/prediction_dag.py for tasks to queue
[2026-01-08T21:14:54.285+0000] {logging_mixin.py:188} INFO - [2026-01-08T21:14:54.284+0000] {dagbag.py:540} INFO - Filling up the DagBag from /opt/airflow/dags/prediction_dag.py
[2026-01-08T21:14:54.317+0000] {processor.py:840} INFO - DAG(s) 'prediction_dag' retrieved from /opt/airflow/dags/prediction_dag.py
[2026-01-08T21:14:54.370+0000] {logging_mixin.py:188} INFO - [2026-01-08T21:14:54.370+0000] {dag.py:3047} INFO - Sync 1 DAGs
[2026-01-08T21:14:54.406+0000] {logging_mixin.py:188} INFO - [2026-01-08T21:14:54.406+0000] {dag.py:3834} INFO - Setting next_dagrun for prediction_dag to 2026-01-08 21:14:00+00:00, run_after=2026-01-08 21:16:00+00:00
[2026-01-08T21:14:54.423+0000] {processor.py:183} INFO - Processing /opt/airflow/dags/prediction_dag.py took 0.163 seconds
[2026-01-08T21:15:24.732+0000] {processor.py:161} INFO - Started process (PID=48018) to work on /opt/airflow/dags/prediction_dag.py
[2026-01-08T21:15:24.734+0000] {processor.py:830} INFO - Processing file /opt/airflow/dags/prediction_dag.py for tasks to queue
[2026-01-08T21:15:24.735+0000] {logging_mixin.py:188} INFO - [2026-01-08T21:15:24.735+0000] {dagbag.py:540} INFO - Filling up the DagBag from /opt/airflow/dags/prediction_dag.py
[2026-01-08T21:15:24.767+0000] {processor.py:840} INFO - DAG(s) 'prediction_dag' retrieved from /opt/airflow/dags/prediction_dag.py
[2026-01-08T21:15:24.821+0000] {logging_mixin.py:188} INFO - [2026-01-08T21:15:24.821+0000] {dag.py:3047} INFO - Sync 1 DAGs
[2026-01-08T21:15:24.856+0000] {logging_mixin.py:188} INFO - [2026-01-08T21:15:24.856+0000] {dag.py:3834} INFO - Setting next_dagrun for prediction_dag to 2026-01-08 21:14:00+00:00, run_after=2026-01-08 21:16:00+00:00
[2026-01-08T21:15:24.870+0000] {processor.py:183} INFO - Processing /opt/airflow/dags/prediction_dag.py took 0.150 seconds
[2026-01-08T21:15:55.201+0000] {processor.py:161} INFO - Started process (PID=48036) to work on /opt/airflow/dags/prediction_dag.py
[2026-01-08T21:15:55.204+0000] {processor.py:830} INFO - Processing file /opt/airflow/dags/prediction_dag.py for tasks to queue
[2026-01-08T21:15:55.205+0000] {logging_mixin.py:188} INFO - [2026-01-08T21:15:55.204+0000] {dagbag.py:540} INFO - Filling up the DagBag from /opt/airflow/dags/prediction_dag.py
[2026-01-08T21:15:55.244+0000] {processor.py:840} INFO - DAG(s) 'prediction_dag' retrieved from /opt/airflow/dags/prediction_dag.py
[2026-01-08T21:15:55.291+0000] {logging_mixin.py:188} INFO - [2026-01-08T21:15:55.291+0000] {dag.py:3047} INFO - Sync 1 DAGs
[2026-01-08T21:15:55.324+0000] {logging_mixin.py:188} INFO - [2026-01-08T21:15:55.323+0000] {dag.py:3834} INFO - Setting next_dagrun for prediction_dag to 2026-01-08 21:14:00+00:00, run_after=2026-01-08 21:16:00+00:00
[2026-01-08T21:15:55.337+0000] {processor.py:183} INFO - Processing /opt/airflow/dags/prediction_dag.py took 0.145 seconds
[2026-01-08T21:16:25.420+0000] {processor.py:161} INFO - Started process (PID=48122) to work on /opt/airflow/dags/prediction_dag.py
[2026-01-08T21:16:25.423+0000] {processor.py:830} INFO - Processing file /opt/airflow/dags/prediction_dag.py for tasks to queue
[2026-01-08T21:16:25.424+0000] {logging_mixin.py:188} INFO - [2026-01-08T21:16:25.423+0000] {dagbag.py:540} INFO - Filling up the DagBag from /opt/airflow/dags/prediction_dag.py
[2026-01-08T21:16:25.455+0000] {processor.py:840} INFO - DAG(s) 'prediction_dag' retrieved from /opt/airflow/dags/prediction_dag.py
[2026-01-08T21:16:25.496+0000] {logging_mixin.py:188} INFO - [2026-01-08T21:16:25.496+0000] {dag.py:3047} INFO - Sync 1 DAGs
[2026-01-08T21:16:25.522+0000] {logging_mixin.py:188} INFO - [2026-01-08T21:16:25.522+0000] {dag.py:3834} INFO - Setting next_dagrun for prediction_dag to 2026-01-08 21:16:00+00:00, run_after=2026-01-08 21:18:00+00:00
[2026-01-08T21:16:25.535+0000] {processor.py:183} INFO - Processing /opt/airflow/dags/prediction_dag.py took 0.124 seconds
[2026-01-08T21:16:55.918+0000] {processor.py:161} INFO - Started process (PID=48140) to work on /opt/airflow/dags/prediction_dag.py
[2026-01-08T21:16:55.920+0000] {processor.py:830} INFO - Processing file /opt/airflow/dags/prediction_dag.py for tasks to queue
[2026-01-08T21:16:55.922+0000] {logging_mixin.py:188} INFO - [2026-01-08T21:16:55.921+0000] {dagbag.py:540} INFO - Filling up the DagBag from /opt/airflow/dags/prediction_dag.py
[2026-01-08T21:16:55.963+0000] {processor.py:840} INFO - DAG(s) 'prediction_dag' retrieved from /opt/airflow/dags/prediction_dag.py
[2026-01-08T21:16:56.000+0000] {logging_mixin.py:188} INFO - [2026-01-08T21:16:56.000+0000] {dag.py:3047} INFO - Sync 1 DAGs
[2026-01-08T21:16:56.024+0000] {logging_mixin.py:188} INFO - [2026-01-08T21:16:56.024+0000] {dag.py:3834} INFO - Setting next_dagrun for prediction_dag to 2026-01-08 21:16:00+00:00, run_after=2026-01-08 21:18:00+00:00
[2026-01-08T21:16:56.037+0000] {processor.py:183} INFO - Processing /opt/airflow/dags/prediction_dag.py took 0.138 seconds
[2026-01-08T21:17:26.387+0000] {processor.py:161} INFO - Started process (PID=48220) to work on /opt/airflow/dags/prediction_dag.py
[2026-01-08T21:17:26.388+0000] {processor.py:830} INFO - Processing file /opt/airflow/dags/prediction_dag.py for tasks to queue
[2026-01-08T21:17:26.389+0000] {logging_mixin.py:188} INFO - [2026-01-08T21:17:26.389+0000] {dagbag.py:540} INFO - Filling up the DagBag from /opt/airflow/dags/prediction_dag.py
[2026-01-08T21:17:26.401+0000] {processor.py:840} INFO - DAG(s) 'prediction_dag' retrieved from /opt/airflow/dags/prediction_dag.py
[2026-01-08T21:17:26.429+0000] {logging_mixin.py:188} INFO - [2026-01-08T21:17:26.429+0000] {dag.py:3047} INFO - Sync 1 DAGs
[2026-01-08T21:17:26.444+0000] {logging_mixin.py:188} INFO - [2026-01-08T21:17:26.444+0000] {dag.py:3834} INFO - Setting next_dagrun for prediction_dag to 2026-01-08 21:16:00+00:00, run_after=2026-01-08 21:18:00+00:00
[2026-01-08T21:17:26.455+0000] {processor.py:183} INFO - Processing /opt/airflow/dags/prediction_dag.py took 0.076 seconds
[2026-01-08T21:17:56.783+0000] {processor.py:161} INFO - Started process (PID=48228) to work on /opt/airflow/dags/prediction_dag.py
[2026-01-08T21:17:56.789+0000] {processor.py:830} INFO - Processing file /opt/airflow/dags/prediction_dag.py for tasks to queue
[2026-01-08T21:17:56.791+0000] {logging_mixin.py:188} INFO - [2026-01-08T21:17:56.790+0000] {dagbag.py:540} INFO - Filling up the DagBag from /opt/airflow/dags/prediction_dag.py
[2026-01-08T21:17:56.830+0000] {processor.py:840} INFO - DAG(s) 'prediction_dag' retrieved from /opt/airflow/dags/prediction_dag.py
[2026-01-08T21:17:56.885+0000] {logging_mixin.py:188} INFO - [2026-01-08T21:17:56.885+0000] {dag.py:3047} INFO - Sync 1 DAGs
[2026-01-08T21:17:56.926+0000] {logging_mixin.py:188} INFO - [2026-01-08T21:17:56.925+0000] {dag.py:3834} INFO - Setting next_dagrun for prediction_dag to 2026-01-08 21:16:00+00:00, run_after=2026-01-08 21:18:00+00:00
[2026-01-08T21:17:56.944+0000] {processor.py:183} INFO - Processing /opt/airflow/dags/prediction_dag.py took 0.168 seconds
[2026-01-08T21:18:27.311+0000] {processor.py:161} INFO - Started process (PID=48311) to work on /opt/airflow/dags/prediction_dag.py
[2026-01-08T21:18:27.314+0000] {processor.py:830} INFO - Processing file /opt/airflow/dags/prediction_dag.py for tasks to queue
[2026-01-08T21:18:27.316+0000] {logging_mixin.py:188} INFO - [2026-01-08T21:18:27.315+0000] {dagbag.py:540} INFO - Filling up the DagBag from /opt/airflow/dags/prediction_dag.py
[2026-01-08T21:18:27.367+0000] {processor.py:840} INFO - DAG(s) 'prediction_dag' retrieved from /opt/airflow/dags/prediction_dag.py
[2026-01-08T21:18:27.426+0000] {logging_mixin.py:188} INFO - [2026-01-08T21:18:27.425+0000] {dag.py:3047} INFO - Sync 1 DAGs
[2026-01-08T21:18:27.458+0000] {logging_mixin.py:188} INFO - [2026-01-08T21:18:27.458+0000] {dag.py:3834} INFO - Setting next_dagrun for prediction_dag to 2026-01-08 21:18:00+00:00, run_after=2026-01-08 21:20:00+00:00
[2026-01-08T21:18:27.476+0000] {processor.py:183} INFO - Processing /opt/airflow/dags/prediction_dag.py took 0.180 seconds
[2026-01-08T21:18:57.923+0000] {processor.py:161} INFO - Started process (PID=48329) to work on /opt/airflow/dags/prediction_dag.py
[2026-01-08T21:18:57.925+0000] {processor.py:830} INFO - Processing file /opt/airflow/dags/prediction_dag.py for tasks to queue
[2026-01-08T21:18:57.926+0000] {logging_mixin.py:188} INFO - [2026-01-08T21:18:57.925+0000] {dagbag.py:540} INFO - Filling up the DagBag from /opt/airflow/dags/prediction_dag.py
[2026-01-08T21:18:57.964+0000] {processor.py:840} INFO - DAG(s) 'prediction_dag' retrieved from /opt/airflow/dags/prediction_dag.py
[2026-01-08T21:18:58.011+0000] {logging_mixin.py:188} INFO - [2026-01-08T21:18:58.011+0000] {dag.py:3047} INFO - Sync 1 DAGs
[2026-01-08T21:18:58.046+0000] {logging_mixin.py:188} INFO - [2026-01-08T21:18:58.046+0000] {dag.py:3834} INFO - Setting next_dagrun for prediction_dag to 2026-01-08 21:18:00+00:00, run_after=2026-01-08 21:20:00+00:00
[2026-01-08T21:18:58.060+0000] {processor.py:183} INFO - Processing /opt/airflow/dags/prediction_dag.py took 0.147 seconds
[2026-01-08T21:19:28.461+0000] {processor.py:161} INFO - Started process (PID=48409) to work on /opt/airflow/dags/prediction_dag.py
[2026-01-08T21:19:28.466+0000] {processor.py:830} INFO - Processing file /opt/airflow/dags/prediction_dag.py for tasks to queue
[2026-01-08T21:19:28.468+0000] {logging_mixin.py:188} INFO - [2026-01-08T21:19:28.467+0000] {dagbag.py:540} INFO - Filling up the DagBag from /opt/airflow/dags/prediction_dag.py
[2026-01-08T21:19:28.509+0000] {processor.py:840} INFO - DAG(s) 'prediction_dag' retrieved from /opt/airflow/dags/prediction_dag.py
[2026-01-08T21:19:28.552+0000] {logging_mixin.py:188} INFO - [2026-01-08T21:19:28.552+0000] {dag.py:3047} INFO - Sync 1 DAGs
[2026-01-08T21:19:28.587+0000] {logging_mixin.py:188} INFO - [2026-01-08T21:19:28.586+0000] {dag.py:3834} INFO - Setting next_dagrun for prediction_dag to 2026-01-08 21:18:00+00:00, run_after=2026-01-08 21:20:00+00:00
[2026-01-08T21:19:28.602+0000] {processor.py:183} INFO - Processing /opt/airflow/dags/prediction_dag.py took 0.153 seconds
[2026-01-08T21:19:58.882+0000] {processor.py:161} INFO - Started process (PID=48427) to work on /opt/airflow/dags/prediction_dag.py
[2026-01-08T21:19:58.884+0000] {processor.py:830} INFO - Processing file /opt/airflow/dags/prediction_dag.py for tasks to queue
[2026-01-08T21:19:58.886+0000] {logging_mixin.py:188} INFO - [2026-01-08T21:19:58.886+0000] {dagbag.py:540} INFO - Filling up the DagBag from /opt/airflow/dags/prediction_dag.py
[2026-01-08T21:19:58.916+0000] {processor.py:840} INFO - DAG(s) 'prediction_dag' retrieved from /opt/airflow/dags/prediction_dag.py
[2026-01-08T21:19:58.960+0000] {logging_mixin.py:188} INFO - [2026-01-08T21:19:58.960+0000] {dag.py:3047} INFO - Sync 1 DAGs
[2026-01-08T21:19:58.992+0000] {logging_mixin.py:188} INFO - [2026-01-08T21:19:58.992+0000] {dag.py:3834} INFO - Setting next_dagrun for prediction_dag to 2026-01-08 21:18:00+00:00, run_after=2026-01-08 21:20:00+00:00
[2026-01-08T21:19:59.005+0000] {processor.py:183} INFO - Processing /opt/airflow/dags/prediction_dag.py took 0.135 seconds
[2026-01-08T21:20:29.101+0000] {processor.py:161} INFO - Started process (PID=48513) to work on /opt/airflow/dags/prediction_dag.py
[2026-01-08T21:20:29.103+0000] {processor.py:830} INFO - Processing file /opt/airflow/dags/prediction_dag.py for tasks to queue
[2026-01-08T21:20:29.105+0000] {logging_mixin.py:188} INFO - [2026-01-08T21:20:29.104+0000] {dagbag.py:540} INFO - Filling up the DagBag from /opt/airflow/dags/prediction_dag.py
[2026-01-08T21:20:29.142+0000] {processor.py:840} INFO - DAG(s) 'prediction_dag' retrieved from /opt/airflow/dags/prediction_dag.py
[2026-01-08T21:20:29.193+0000] {logging_mixin.py:188} INFO - [2026-01-08T21:20:29.193+0000] {dag.py:3047} INFO - Sync 1 DAGs
[2026-01-08T21:20:29.229+0000] {logging_mixin.py:188} INFO - [2026-01-08T21:20:29.229+0000] {dag.py:3834} INFO - Setting next_dagrun for prediction_dag to 2026-01-08 21:20:00+00:00, run_after=2026-01-08 21:22:00+00:00
[2026-01-08T21:20:29.245+0000] {processor.py:183} INFO - Processing /opt/airflow/dags/prediction_dag.py took 0.160 seconds
[2026-01-08T21:20:59.692+0000] {processor.py:161} INFO - Started process (PID=48531) to work on /opt/airflow/dags/prediction_dag.py
[2026-01-08T21:20:59.695+0000] {processor.py:830} INFO - Processing file /opt/airflow/dags/prediction_dag.py for tasks to queue
[2026-01-08T21:20:59.698+0000] {logging_mixin.py:188} INFO - [2026-01-08T21:20:59.696+0000] {dagbag.py:540} INFO - Filling up the DagBag from /opt/airflow/dags/prediction_dag.py
[2026-01-08T21:20:59.734+0000] {processor.py:840} INFO - DAG(s) 'prediction_dag' retrieved from /opt/airflow/dags/prediction_dag.py
[2026-01-08T21:20:59.784+0000] {logging_mixin.py:188} INFO - [2026-01-08T21:20:59.783+0000] {dag.py:3047} INFO - Sync 1 DAGs
[2026-01-08T21:20:59.818+0000] {logging_mixin.py:188} INFO - [2026-01-08T21:20:59.817+0000] {dag.py:3834} INFO - Setting next_dagrun for prediction_dag to 2026-01-08 21:20:00+00:00, run_after=2026-01-08 21:22:00+00:00
[2026-01-08T21:20:59.833+0000] {processor.py:183} INFO - Processing /opt/airflow/dags/prediction_dag.py took 0.154 seconds
[2026-01-08T21:21:29.990+0000] {processor.py:161} INFO - Started process (PID=48611) to work on /opt/airflow/dags/prediction_dag.py
[2026-01-08T21:21:29.993+0000] {processor.py:830} INFO - Processing file /opt/airflow/dags/prediction_dag.py for tasks to queue
[2026-01-08T21:21:29.994+0000] {logging_mixin.py:188} INFO - [2026-01-08T21:21:29.993+0000] {dagbag.py:540} INFO - Filling up the DagBag from /opt/airflow/dags/prediction_dag.py
[2026-01-08T21:21:30.023+0000] {processor.py:840} INFO - DAG(s) 'prediction_dag' retrieved from /opt/airflow/dags/prediction_dag.py
[2026-01-08T21:21:30.077+0000] {logging_mixin.py:188} INFO - [2026-01-08T21:21:30.077+0000] {dag.py:3047} INFO - Sync 1 DAGs
[2026-01-08T21:21:30.112+0000] {logging_mixin.py:188} INFO - [2026-01-08T21:21:30.112+0000] {dag.py:3834} INFO - Setting next_dagrun for prediction_dag to 2026-01-08 21:20:00+00:00, run_after=2026-01-08 21:22:00+00:00
[2026-01-08T21:21:30.126+0000] {processor.py:183} INFO - Processing /opt/airflow/dags/prediction_dag.py took 0.153 seconds
[2026-01-08T21:22:00.309+0000] {processor.py:161} INFO - Started process (PID=48629) to work on /opt/airflow/dags/prediction_dag.py
[2026-01-08T21:22:00.312+0000] {processor.py:830} INFO - Processing file /opt/airflow/dags/prediction_dag.py for tasks to queue
[2026-01-08T21:22:00.314+0000] {logging_mixin.py:188} INFO - [2026-01-08T21:22:00.313+0000] {dagbag.py:540} INFO - Filling up the DagBag from /opt/airflow/dags/prediction_dag.py
[2026-01-08T21:22:00.353+0000] {processor.py:840} INFO - DAG(s) 'prediction_dag' retrieved from /opt/airflow/dags/prediction_dag.py
[2026-01-08T21:22:00.400+0000] {logging_mixin.py:188} INFO - [2026-01-08T21:22:00.400+0000] {dag.py:3047} INFO - Sync 1 DAGs
[2026-01-08T21:22:00.446+0000] {logging_mixin.py:188} INFO - [2026-01-08T21:22:00.445+0000] {dag.py:3834} INFO - Setting next_dagrun for prediction_dag to 2026-01-08 21:20:00+00:00, run_after=2026-01-08 21:22:00+00:00
[2026-01-08T21:22:00.466+0000] {processor.py:183} INFO - Processing /opt/airflow/dags/prediction_dag.py took 0.164 seconds
[2026-01-08T21:22:30.593+0000] {processor.py:161} INFO - Started process (PID=48715) to work on /opt/airflow/dags/prediction_dag.py
[2026-01-08T21:22:30.596+0000] {processor.py:830} INFO - Processing file /opt/airflow/dags/prediction_dag.py for tasks to queue
[2026-01-08T21:22:30.597+0000] {logging_mixin.py:188} INFO - [2026-01-08T21:22:30.597+0000] {dagbag.py:540} INFO - Filling up the DagBag from /opt/airflow/dags/prediction_dag.py
[2026-01-08T21:22:30.633+0000] {processor.py:840} INFO - DAG(s) 'prediction_dag' retrieved from /opt/airflow/dags/prediction_dag.py
[2026-01-08T21:22:30.687+0000] {logging_mixin.py:188} INFO - [2026-01-08T21:22:30.687+0000] {dag.py:3047} INFO - Sync 1 DAGs
[2026-01-08T21:22:30.725+0000] {logging_mixin.py:188} INFO - [2026-01-08T21:22:30.725+0000] {dag.py:3834} INFO - Setting next_dagrun for prediction_dag to 2026-01-08 21:22:00+00:00, run_after=2026-01-08 21:24:00+00:00
[2026-01-08T21:22:30.739+0000] {processor.py:183} INFO - Processing /opt/airflow/dags/prediction_dag.py took 0.161 seconds
[2026-01-08T21:23:01.021+0000] {processor.py:161} INFO - Started process (PID=48733) to work on /opt/airflow/dags/prediction_dag.py
[2026-01-08T21:23:01.023+0000] {processor.py:830} INFO - Processing file /opt/airflow/dags/prediction_dag.py for tasks to queue
[2026-01-08T21:23:01.024+0000] {logging_mixin.py:188} INFO - [2026-01-08T21:23:01.024+0000] {dagbag.py:540} INFO - Filling up the DagBag from /opt/airflow/dags/prediction_dag.py
[2026-01-08T21:23:01.081+0000] {processor.py:840} INFO - DAG(s) 'prediction_dag' retrieved from /opt/airflow/dags/prediction_dag.py
[2026-01-08T21:23:01.153+0000] {logging_mixin.py:188} INFO - [2026-01-08T21:23:01.153+0000] {dag.py:3047} INFO - Sync 1 DAGs
[2026-01-08T21:23:01.194+0000] {logging_mixin.py:188} INFO - [2026-01-08T21:23:01.194+0000] {dag.py:3834} INFO - Setting next_dagrun for prediction_dag to 2026-01-08 21:22:00+00:00, run_after=2026-01-08 21:24:00+00:00
[2026-01-08T21:23:01.211+0000] {processor.py:183} INFO - Processing /opt/airflow/dags/prediction_dag.py took 0.203 seconds
[2026-01-08T21:23:31.558+0000] {processor.py:161} INFO - Started process (PID=48813) to work on /opt/airflow/dags/prediction_dag.py
[2026-01-08T21:23:31.560+0000] {processor.py:830} INFO - Processing file /opt/airflow/dags/prediction_dag.py for tasks to queue
[2026-01-08T21:23:31.563+0000] {logging_mixin.py:188} INFO - [2026-01-08T21:23:31.563+0000] {dagbag.py:540} INFO - Filling up the DagBag from /opt/airflow/dags/prediction_dag.py
[2026-01-08T21:23:31.600+0000] {processor.py:840} INFO - DAG(s) 'prediction_dag' retrieved from /opt/airflow/dags/prediction_dag.py
[2026-01-08T21:23:31.647+0000] {logging_mixin.py:188} INFO - [2026-01-08T21:23:31.647+0000] {dag.py:3047} INFO - Sync 1 DAGs
[2026-01-08T21:23:31.678+0000] {logging_mixin.py:188} INFO - [2026-01-08T21:23:31.678+0000] {dag.py:3834} INFO - Setting next_dagrun for prediction_dag to 2026-01-08 21:22:00+00:00, run_after=2026-01-08 21:24:00+00:00
[2026-01-08T21:23:31.691+0000] {processor.py:183} INFO - Processing /opt/airflow/dags/prediction_dag.py took 0.141 seconds
[2026-01-08T21:24:02.064+0000] {processor.py:161} INFO - Started process (PID=48844) to work on /opt/airflow/dags/prediction_dag.py
[2026-01-08T21:24:02.067+0000] {processor.py:830} INFO - Processing file /opt/airflow/dags/prediction_dag.py for tasks to queue
[2026-01-08T21:24:02.070+0000] {logging_mixin.py:188} INFO - [2026-01-08T21:24:02.069+0000] {dagbag.py:540} INFO - Filling up the DagBag from /opt/airflow/dags/prediction_dag.py
[2026-01-08T21:24:02.106+0000] {processor.py:840} INFO - DAG(s) 'prediction_dag' retrieved from /opt/airflow/dags/prediction_dag.py
[2026-01-08T21:24:02.153+0000] {logging_mixin.py:188} INFO - [2026-01-08T21:24:02.152+0000] {dag.py:3047} INFO - Sync 1 DAGs
[2026-01-08T21:24:02.187+0000] {logging_mixin.py:188} INFO - [2026-01-08T21:24:02.187+0000] {dag.py:3834} INFO - Setting next_dagrun for prediction_dag to 2026-01-08 21:24:00+00:00, run_after=2026-01-08 21:26:00+00:00
[2026-01-08T21:24:02.204+0000] {processor.py:183} INFO - Processing /opt/airflow/dags/prediction_dag.py took 0.155 seconds
[2026-01-08T21:24:32.308+0000] {processor.py:161} INFO - Started process (PID=48917) to work on /opt/airflow/dags/prediction_dag.py
[2026-01-08T21:24:32.311+0000] {processor.py:830} INFO - Processing file /opt/airflow/dags/prediction_dag.py for tasks to queue
[2026-01-08T21:24:32.312+0000] {logging_mixin.py:188} INFO - [2026-01-08T21:24:32.312+0000] {dagbag.py:540} INFO - Filling up the DagBag from /opt/airflow/dags/prediction_dag.py
[2026-01-08T21:24:32.348+0000] {processor.py:840} INFO - DAG(s) 'prediction_dag' retrieved from /opt/airflow/dags/prediction_dag.py
[2026-01-08T21:24:32.379+0000] {logging_mixin.py:188} INFO - [2026-01-08T21:24:32.379+0000] {dag.py:3047} INFO - Sync 1 DAGs
[2026-01-08T21:24:32.410+0000] {logging_mixin.py:188} INFO - [2026-01-08T21:24:32.410+0000] {dag.py:3834} INFO - Setting next_dagrun for prediction_dag to 2026-01-08 21:24:00+00:00, run_after=2026-01-08 21:26:00+00:00
[2026-01-08T21:24:32.422+0000] {processor.py:183} INFO - Processing /opt/airflow/dags/prediction_dag.py took 0.125 seconds
[2026-01-08T21:25:02.741+0000] {processor.py:161} INFO - Started process (PID=48946) to work on /opt/airflow/dags/prediction_dag.py
[2026-01-08T21:25:02.744+0000] {processor.py:830} INFO - Processing file /opt/airflow/dags/prediction_dag.py for tasks to queue
[2026-01-08T21:25:02.745+0000] {logging_mixin.py:188} INFO - [2026-01-08T21:25:02.744+0000] {dagbag.py:540} INFO - Filling up the DagBag from /opt/airflow/dags/prediction_dag.py
[2026-01-08T21:25:02.763+0000] {processor.py:840} INFO - DAG(s) 'prediction_dag' retrieved from /opt/airflow/dags/prediction_dag.py
[2026-01-08T21:25:02.790+0000] {logging_mixin.py:188} INFO - [2026-01-08T21:25:02.790+0000] {dag.py:3047} INFO - Sync 1 DAGs
[2026-01-08T21:25:02.818+0000] {logging_mixin.py:188} INFO - [2026-01-08T21:25:02.817+0000] {dag.py:3834} INFO - Setting next_dagrun for prediction_dag to 2026-01-08 21:24:00+00:00, run_after=2026-01-08 21:26:00+00:00
[2026-01-08T21:25:02.831+0000] {processor.py:183} INFO - Processing /opt/airflow/dags/prediction_dag.py took 0.095 seconds
[2026-01-08T21:25:33.165+0000] {processor.py:161} INFO - Started process (PID=49015) to work on /opt/airflow/dags/prediction_dag.py
[2026-01-08T21:25:33.167+0000] {processor.py:830} INFO - Processing file /opt/airflow/dags/prediction_dag.py for tasks to queue
[2026-01-08T21:25:33.169+0000] {logging_mixin.py:188} INFO - [2026-01-08T21:25:33.168+0000] {dagbag.py:540} INFO - Filling up the DagBag from /opt/airflow/dags/prediction_dag.py
[2026-01-08T21:25:33.190+0000] {processor.py:840} INFO - DAG(s) 'prediction_dag' retrieved from /opt/airflow/dags/prediction_dag.py
[2026-01-08T21:25:33.214+0000] {logging_mixin.py:188} INFO - [2026-01-08T21:25:33.214+0000] {dag.py:3047} INFO - Sync 1 DAGs
[2026-01-08T21:25:33.236+0000] {logging_mixin.py:188} INFO - [2026-01-08T21:25:33.236+0000] {dag.py:3834} INFO - Setting next_dagrun for prediction_dag to 2026-01-08 21:24:00+00:00, run_after=2026-01-08 21:26:00+00:00
[2026-01-08T21:25:33.247+0000] {processor.py:183} INFO - Processing /opt/airflow/dags/prediction_dag.py took 0.090 seconds
[2026-01-08T21:26:03.548+0000] {processor.py:161} INFO - Started process (PID=49041) to work on /opt/airflow/dags/prediction_dag.py
[2026-01-08T21:26:03.550+0000] {processor.py:830} INFO - Processing file /opt/airflow/dags/prediction_dag.py for tasks to queue
[2026-01-08T21:26:03.551+0000] {logging_mixin.py:188} INFO - [2026-01-08T21:26:03.550+0000] {dagbag.py:540} INFO - Filling up the DagBag from /opt/airflow/dags/prediction_dag.py
[2026-01-08T21:26:03.568+0000] {processor.py:840} INFO - DAG(s) 'prediction_dag' retrieved from /opt/airflow/dags/prediction_dag.py
[2026-01-08T21:26:03.607+0000] {logging_mixin.py:188} INFO - [2026-01-08T21:26:03.607+0000] {dag.py:3047} INFO - Sync 1 DAGs
[2026-01-08T21:26:03.640+0000] {logging_mixin.py:188} INFO - [2026-01-08T21:26:03.640+0000] {dag.py:3834} INFO - Setting next_dagrun for prediction_dag to 2026-01-08 21:26:00+00:00, run_after=2026-01-08 21:28:00+00:00
[2026-01-08T21:26:03.703+0000] {processor.py:183} INFO - Processing /opt/airflow/dags/prediction_dag.py took 0.160 seconds
[2026-01-08T21:26:33.897+0000] {processor.py:161} INFO - Started process (PID=49106) to work on /opt/airflow/dags/prediction_dag.py
[2026-01-08T21:26:33.899+0000] {processor.py:830} INFO - Processing file /opt/airflow/dags/prediction_dag.py for tasks to queue
[2026-01-08T21:26:33.901+0000] {logging_mixin.py:188} INFO - [2026-01-08T21:26:33.900+0000] {dagbag.py:540} INFO - Filling up the DagBag from /opt/airflow/dags/prediction_dag.py
[2026-01-08T21:26:33.935+0000] {processor.py:840} INFO - DAG(s) 'prediction_dag' retrieved from /opt/airflow/dags/prediction_dag.py
[2026-01-08T21:26:33.992+0000] {logging_mixin.py:188} INFO - [2026-01-08T21:26:33.991+0000] {dag.py:3047} INFO - Sync 1 DAGs
[2026-01-08T21:26:34.026+0000] {logging_mixin.py:188} INFO - [2026-01-08T21:26:34.025+0000] {dag.py:3834} INFO - Setting next_dagrun for prediction_dag to 2026-01-08 21:26:00+00:00, run_after=2026-01-08 21:28:00+00:00
[2026-01-08T21:26:34.040+0000] {processor.py:183} INFO - Processing /opt/airflow/dags/prediction_dag.py took 0.151 seconds
[2026-01-08T21:27:04.342+0000] {processor.py:161} INFO - Started process (PID=49144) to work on /opt/airflow/dags/prediction_dag.py
[2026-01-08T21:27:04.344+0000] {processor.py:830} INFO - Processing file /opt/airflow/dags/prediction_dag.py for tasks to queue
[2026-01-08T21:27:04.345+0000] {logging_mixin.py:188} INFO - [2026-01-08T21:27:04.344+0000] {dagbag.py:540} INFO - Filling up the DagBag from /opt/airflow/dags/prediction_dag.py
[2026-01-08T21:27:04.363+0000] {processor.py:840} INFO - DAG(s) 'prediction_dag' retrieved from /opt/airflow/dags/prediction_dag.py
[2026-01-08T21:27:04.391+0000] {logging_mixin.py:188} INFO - [2026-01-08T21:27:04.390+0000] {dag.py:3047} INFO - Sync 1 DAGs
[2026-01-08T21:27:04.418+0000] {logging_mixin.py:188} INFO - [2026-01-08T21:27:04.418+0000] {dag.py:3834} INFO - Setting next_dagrun for prediction_dag to 2026-01-08 21:26:00+00:00, run_after=2026-01-08 21:28:00+00:00
[2026-01-08T21:27:04.429+0000] {processor.py:183} INFO - Processing /opt/airflow/dags/prediction_dag.py took 0.094 seconds
[2026-01-08T21:27:34.868+0000] {processor.py:161} INFO - Started process (PID=49204) to work on /opt/airflow/dags/prediction_dag.py
[2026-01-08T21:27:34.871+0000] {processor.py:830} INFO - Processing file /opt/airflow/dags/prediction_dag.py for tasks to queue
[2026-01-08T21:27:34.872+0000] {logging_mixin.py:188} INFO - [2026-01-08T21:27:34.871+0000] {dagbag.py:540} INFO - Filling up the DagBag from /opt/airflow/dags/prediction_dag.py
[2026-01-08T21:27:34.912+0000] {processor.py:840} INFO - DAG(s) 'prediction_dag' retrieved from /opt/airflow/dags/prediction_dag.py
[2026-01-08T21:27:34.968+0000] {logging_mixin.py:188} INFO - [2026-01-08T21:27:34.968+0000] {dag.py:3047} INFO - Sync 1 DAGs
[2026-01-08T21:27:35.003+0000] {logging_mixin.py:188} INFO - [2026-01-08T21:27:35.003+0000] {dag.py:3834} INFO - Setting next_dagrun for prediction_dag to 2026-01-08 21:26:00+00:00, run_after=2026-01-08 21:28:00+00:00
[2026-01-08T21:27:35.019+0000] {processor.py:183} INFO - Processing /opt/airflow/dags/prediction_dag.py took 0.170 seconds
[2026-01-08T21:28:05.387+0000] {processor.py:161} INFO - Started process (PID=49248) to work on /opt/airflow/dags/prediction_dag.py
[2026-01-08T21:28:05.389+0000] {processor.py:830} INFO - Processing file /opt/airflow/dags/prediction_dag.py for tasks to queue
[2026-01-08T21:28:05.391+0000] {logging_mixin.py:188} INFO - [2026-01-08T21:28:05.390+0000] {dagbag.py:540} INFO - Filling up the DagBag from /opt/airflow/dags/prediction_dag.py
[2026-01-08T21:28:05.416+0000] {processor.py:840} INFO - DAG(s) 'prediction_dag' retrieved from /opt/airflow/dags/prediction_dag.py
[2026-01-08T21:28:05.454+0000] {logging_mixin.py:188} INFO - [2026-01-08T21:28:05.454+0000] {dag.py:3047} INFO - Sync 1 DAGs
[2026-01-08T21:28:05.495+0000] {logging_mixin.py:188} INFO - [2026-01-08T21:28:05.495+0000] {dag.py:3834} INFO - Setting next_dagrun for prediction_dag to 2026-01-08 21:28:00+00:00, run_after=2026-01-08 21:30:00+00:00
[2026-01-08T21:28:05.517+0000] {processor.py:183} INFO - Processing /opt/airflow/dags/prediction_dag.py took 0.140 seconds
[2026-01-08T21:28:35.784+0000] {processor.py:161} INFO - Started process (PID=49308) to work on /opt/airflow/dags/prediction_dag.py
[2026-01-08T21:28:35.786+0000] {processor.py:830} INFO - Processing file /opt/airflow/dags/prediction_dag.py for tasks to queue
[2026-01-08T21:28:35.791+0000] {logging_mixin.py:188} INFO - [2026-01-08T21:28:35.788+0000] {dagbag.py:540} INFO - Filling up the DagBag from /opt/airflow/dags/prediction_dag.py
[2026-01-08T21:28:35.825+0000] {processor.py:840} INFO - DAG(s) 'prediction_dag' retrieved from /opt/airflow/dags/prediction_dag.py
[2026-01-08T21:28:35.864+0000] {logging_mixin.py:188} INFO - [2026-01-08T21:28:35.863+0000] {dag.py:3047} INFO - Sync 1 DAGs
[2026-01-08T21:28:35.898+0000] {logging_mixin.py:188} INFO - [2026-01-08T21:28:35.898+0000] {dag.py:3834} INFO - Setting next_dagrun for prediction_dag to 2026-01-08 21:28:00+00:00, run_after=2026-01-08 21:30:00+00:00
[2026-01-08T21:28:35.914+0000] {processor.py:183} INFO - Processing /opt/airflow/dags/prediction_dag.py took 0.141 seconds
[2026-01-08T21:29:06.268+0000] {processor.py:161} INFO - Started process (PID=49348) to work on /opt/airflow/dags/prediction_dag.py
[2026-01-08T21:29:06.271+0000] {processor.py:830} INFO - Processing file /opt/airflow/dags/prediction_dag.py for tasks to queue
[2026-01-08T21:29:06.273+0000] {logging_mixin.py:188} INFO - [2026-01-08T21:29:06.272+0000] {dagbag.py:540} INFO - Filling up the DagBag from /opt/airflow/dags/prediction_dag.py
[2026-01-08T21:29:06.291+0000] {processor.py:840} INFO - DAG(s) 'prediction_dag' retrieved from /opt/airflow/dags/prediction_dag.py
[2026-01-08T21:29:06.331+0000] {logging_mixin.py:188} INFO - [2026-01-08T21:29:06.331+0000] {dag.py:3047} INFO - Sync 1 DAGs
[2026-01-08T21:29:06.359+0000] {logging_mixin.py:188} INFO - [2026-01-08T21:29:06.359+0000] {dag.py:3834} INFO - Setting next_dagrun for prediction_dag to 2026-01-08 21:28:00+00:00, run_after=2026-01-08 21:30:00+00:00
[2026-01-08T21:29:06.371+0000] {processor.py:183} INFO - Processing /opt/airflow/dags/prediction_dag.py took 0.108 seconds
[2026-01-08T21:29:36.539+0000] {processor.py:161} INFO - Started process (PID=49406) to work on /opt/airflow/dags/prediction_dag.py
[2026-01-08T21:29:36.542+0000] {processor.py:830} INFO - Processing file /opt/airflow/dags/prediction_dag.py for tasks to queue
[2026-01-08T21:29:36.544+0000] {logging_mixin.py:188} INFO - [2026-01-08T21:29:36.543+0000] {dagbag.py:540} INFO - Filling up the DagBag from /opt/airflow/dags/prediction_dag.py
[2026-01-08T21:29:36.577+0000] {processor.py:840} INFO - DAG(s) 'prediction_dag' retrieved from /opt/airflow/dags/prediction_dag.py
[2026-01-08T21:29:36.634+0000] {logging_mixin.py:188} INFO - [2026-01-08T21:29:36.634+0000] {dag.py:3047} INFO - Sync 1 DAGs
[2026-01-08T21:29:36.670+0000] {logging_mixin.py:188} INFO - [2026-01-08T21:29:36.670+0000] {dag.py:3834} INFO - Setting next_dagrun for prediction_dag to 2026-01-08 21:28:00+00:00, run_after=2026-01-08 21:30:00+00:00
[2026-01-08T21:29:36.683+0000] {processor.py:183} INFO - Processing /opt/airflow/dags/prediction_dag.py took 0.160 seconds
[2026-01-08T21:30:06.870+0000] {processor.py:161} INFO - Started process (PID=49462) to work on /opt/airflow/dags/prediction_dag.py
[2026-01-08T21:30:06.871+0000] {processor.py:830} INFO - Processing file /opt/airflow/dags/prediction_dag.py for tasks to queue
[2026-01-08T21:30:06.872+0000] {logging_mixin.py:188} INFO - [2026-01-08T21:30:06.871+0000] {dagbag.py:540} INFO - Filling up the DagBag from /opt/airflow/dags/prediction_dag.py
[2026-01-08T21:30:06.893+0000] {processor.py:840} INFO - DAG(s) 'prediction_dag' retrieved from /opt/airflow/dags/prediction_dag.py
[2026-01-08T21:30:06.923+0000] {logging_mixin.py:188} INFO - [2026-01-08T21:30:06.923+0000] {dag.py:3047} INFO - Sync 1 DAGs
[2026-01-08T21:30:06.949+0000] {logging_mixin.py:188} INFO - [2026-01-08T21:30:06.949+0000] {dag.py:3834} INFO - Setting next_dagrun for prediction_dag to 2026-01-08 21:30:00+00:00, run_after=2026-01-08 21:32:00+00:00
[2026-01-08T21:30:06.960+0000] {processor.py:183} INFO - Processing /opt/airflow/dags/prediction_dag.py took 0.094 seconds
[2026-01-08T21:30:37.048+0000] {processor.py:161} INFO - Started process (PID=49510) to work on /opt/airflow/dags/prediction_dag.py
[2026-01-08T21:30:37.052+0000] {processor.py:830} INFO - Processing file /opt/airflow/dags/prediction_dag.py for tasks to queue
[2026-01-08T21:30:37.054+0000] {logging_mixin.py:188} INFO - [2026-01-08T21:30:37.053+0000] {dagbag.py:540} INFO - Filling up the DagBag from /opt/airflow/dags/prediction_dag.py
[2026-01-08T21:30:37.093+0000] {processor.py:840} INFO - DAG(s) 'prediction_dag' retrieved from /opt/airflow/dags/prediction_dag.py
[2026-01-08T21:30:37.146+0000] {logging_mixin.py:188} INFO - [2026-01-08T21:30:37.146+0000] {dag.py:3047} INFO - Sync 1 DAGs
[2026-01-08T21:30:37.179+0000] {logging_mixin.py:188} INFO - [2026-01-08T21:30:37.178+0000] {dag.py:3834} INFO - Setting next_dagrun for prediction_dag to 2026-01-08 21:30:00+00:00, run_after=2026-01-08 21:32:00+00:00
[2026-01-08T21:30:37.194+0000] {processor.py:183} INFO - Processing /opt/airflow/dags/prediction_dag.py took 0.161 seconds
[2026-01-08T21:31:07.557+0000] {processor.py:161} INFO - Started process (PID=49557) to work on /opt/airflow/dags/prediction_dag.py
[2026-01-08T21:31:07.559+0000] {processor.py:830} INFO - Processing file /opt/airflow/dags/prediction_dag.py for tasks to queue
[2026-01-08T21:31:07.562+0000] {logging_mixin.py:188} INFO - [2026-01-08T21:31:07.561+0000] {dagbag.py:540} INFO - Filling up the DagBag from /opt/airflow/dags/prediction_dag.py
[2026-01-08T21:31:07.588+0000] {processor.py:840} INFO - DAG(s) 'prediction_dag' retrieved from /opt/airflow/dags/prediction_dag.py
[2026-01-08T21:31:07.630+0000] {logging_mixin.py:188} INFO - [2026-01-08T21:31:07.630+0000] {dag.py:3047} INFO - Sync 1 DAGs
[2026-01-08T21:31:07.658+0000] {logging_mixin.py:188} INFO - [2026-01-08T21:31:07.658+0000] {dag.py:3834} INFO - Setting next_dagrun for prediction_dag to 2026-01-08 21:30:00+00:00, run_after=2026-01-08 21:32:00+00:00
[2026-01-08T21:31:07.672+0000] {processor.py:183} INFO - Processing /opt/airflow/dags/prediction_dag.py took 0.121 seconds
[2026-01-08T21:31:37.869+0000] {processor.py:161} INFO - Started process (PID=49608) to work on /opt/airflow/dags/prediction_dag.py
[2026-01-08T21:31:37.874+0000] {processor.py:830} INFO - Processing file /opt/airflow/dags/prediction_dag.py for tasks to queue
[2026-01-08T21:31:37.875+0000] {logging_mixin.py:188} INFO - [2026-01-08T21:31:37.874+0000] {dagbag.py:540} INFO - Filling up the DagBag from /opt/airflow/dags/prediction_dag.py
[2026-01-08T21:31:37.912+0000] {processor.py:840} INFO - DAG(s) 'prediction_dag' retrieved from /opt/airflow/dags/prediction_dag.py
[2026-01-08T21:31:37.967+0000] {logging_mixin.py:188} INFO - [2026-01-08T21:31:37.967+0000] {dag.py:3047} INFO - Sync 1 DAGs
[2026-01-08T21:31:38.001+0000] {logging_mixin.py:188} INFO - [2026-01-08T21:31:38.001+0000] {dag.py:3834} INFO - Setting next_dagrun for prediction_dag to 2026-01-08 21:30:00+00:00, run_after=2026-01-08 21:32:00+00:00
[2026-01-08T21:31:38.015+0000] {processor.py:183} INFO - Processing /opt/airflow/dags/prediction_dag.py took 0.154 seconds
[2026-01-08T21:32:08.423+0000] {processor.py:161} INFO - Started process (PID=49644) to work on /opt/airflow/dags/prediction_dag.py
[2026-01-08T21:32:08.427+0000] {processor.py:830} INFO - Processing file /opt/airflow/dags/prediction_dag.py for tasks to queue
[2026-01-08T21:32:08.429+0000] {logging_mixin.py:188} INFO - [2026-01-08T21:32:08.429+0000] {dagbag.py:540} INFO - Filling up the DagBag from /opt/airflow/dags/prediction_dag.py
[2026-01-08T21:32:08.492+0000] {processor.py:840} INFO - DAG(s) 'prediction_dag' retrieved from /opt/airflow/dags/prediction_dag.py
[2026-01-08T21:32:08.572+0000] {logging_mixin.py:188} INFO - [2026-01-08T21:32:08.572+0000] {dag.py:3047} INFO - Sync 1 DAGs
[2026-01-08T21:32:08.659+0000] {logging_mixin.py:188} INFO - [2026-01-08T21:32:08.659+0000] {dag.py:3834} INFO - Setting next_dagrun for prediction_dag to 2026-01-08 21:32:00+00:00, run_after=2026-01-08 21:34:00+00:00
[2026-01-08T21:32:08.689+0000] {processor.py:183} INFO - Processing /opt/airflow/dags/prediction_dag.py took 0.280 seconds
[2026-01-08T21:48:01.012+0000] {processor.py:161} INFO - Started process (PID=49661) to work on /opt/airflow/dags/prediction_dag.py
[2026-01-08T21:48:01.014+0000] {processor.py:830} INFO - Processing file /opt/airflow/dags/prediction_dag.py for tasks to queue
[2026-01-08T21:48:01.017+0000] {logging_mixin.py:188} INFO - [2026-01-08T21:48:01.016+0000] {dagbag.py:540} INFO - Filling up the DagBag from /opt/airflow/dags/prediction_dag.py
[2026-01-08T21:48:01.066+0000] {processor.py:840} INFO - DAG(s) 'prediction_dag' retrieved from /opt/airflow/dags/prediction_dag.py
[2026-01-08T21:48:01.138+0000] {logging_mixin.py:188} INFO - [2026-01-08T21:48:01.138+0000] {dag.py:3047} INFO - Sync 1 DAGs
[2026-01-08T21:48:01.184+0000] {logging_mixin.py:188} INFO - [2026-01-08T21:48:01.183+0000] {dag.py:3834} INFO - Setting next_dagrun for prediction_dag to 2026-01-08 21:46:00+00:00, run_after=2026-01-08 21:48:00+00:00
[2026-01-08T21:48:01.207+0000] {processor.py:183} INFO - Processing /opt/airflow/dags/prediction_dag.py took 0.201 seconds
[2026-01-08T21:48:36.209+0000] {processor.py:161} INFO - Started process (PID=49839) to work on /opt/airflow/dags/prediction_dag.py
[2026-01-08T21:48:36.230+0000] {processor.py:830} INFO - Processing file /opt/airflow/dags/prediction_dag.py for tasks to queue
[2026-01-08T21:48:36.239+0000] {logging_mixin.py:188} INFO - [2026-01-08T21:48:36.234+0000] {dagbag.py:540} INFO - Filling up the DagBag from /opt/airflow/dags/prediction_dag.py
[2026-01-08T21:48:36.408+0000] {processor.py:840} INFO - DAG(s) 'prediction_dag' retrieved from /opt/airflow/dags/prediction_dag.py
[2026-01-08T21:48:36.623+0000] {logging_mixin.py:188} INFO - [2026-01-08T21:48:36.621+0000] {dag.py:3047} INFO - Sync 1 DAGs
[2026-01-08T21:48:36.758+0000] {logging_mixin.py:188} INFO - [2026-01-08T21:48:36.757+0000] {dag.py:3834} INFO - Setting next_dagrun for prediction_dag to 2026-01-08 21:48:00+00:00, run_after=2026-01-08 21:50:00+00:00
[2026-01-08T21:48:36.820+0000] {processor.py:183} INFO - Processing /opt/airflow/dags/prediction_dag.py took 0.644 seconds
[2026-01-08T21:49:17.891+0000] {processor.py:161} INFO - Started process (PID=49886) to work on /opt/airflow/dags/prediction_dag.py
[2026-01-08T21:49:17.892+0000] {processor.py:830} INFO - Processing file /opt/airflow/dags/prediction_dag.py for tasks to queue
[2026-01-08T21:49:17.892+0000] {logging_mixin.py:188} INFO - [2026-01-08T21:49:17.892+0000] {dagbag.py:540} INFO - Filling up the DagBag from /opt/airflow/dags/prediction_dag.py
[2026-01-08T21:49:17.919+0000] {processor.py:840} INFO - DAG(s) 'prediction_dag' retrieved from /opt/airflow/dags/prediction_dag.py
[2026-01-08T21:49:17.964+0000] {logging_mixin.py:188} INFO - [2026-01-08T21:49:17.964+0000] {dag.py:3047} INFO - Sync 1 DAGs
[2026-01-08T21:49:18.005+0000] {logging_mixin.py:188} INFO - [2026-01-08T21:49:18.005+0000] {dag.py:3834} INFO - Setting next_dagrun for prediction_dag to 2026-01-08 21:48:00+00:00, run_after=2026-01-08 21:50:00+00:00
[2026-01-08T21:49:18.032+0000] {processor.py:183} INFO - Processing /opt/airflow/dags/prediction_dag.py took 0.146 seconds
[2026-01-08T21:50:30.721+0000] {processor.py:161} INFO - Started process (PID=49947) to work on /opt/airflow/dags/prediction_dag.py
[2026-01-08T21:50:30.722+0000] {processor.py:830} INFO - Processing file /opt/airflow/dags/prediction_dag.py for tasks to queue
[2026-01-08T21:50:30.724+0000] {logging_mixin.py:188} INFO - [2026-01-08T21:50:30.723+0000] {dagbag.py:540} INFO - Filling up the DagBag from /opt/airflow/dags/prediction_dag.py
[2026-01-08T21:50:30.762+0000] {processor.py:840} INFO - DAG(s) 'prediction_dag' retrieved from /opt/airflow/dags/prediction_dag.py
[2026-01-08T21:50:30.817+0000] {logging_mixin.py:188} INFO - [2026-01-08T21:50:30.817+0000] {dag.py:3047} INFO - Sync 1 DAGs
[2026-01-08T21:50:30.857+0000] {logging_mixin.py:188} INFO - [2026-01-08T21:50:30.857+0000] {dag.py:3834} INFO - Setting next_dagrun for prediction_dag to 2026-01-08 21:48:00+00:00, run_after=2026-01-08 21:50:00+00:00
[2026-01-08T21:50:30.880+0000] {processor.py:183} INFO - Processing /opt/airflow/dags/prediction_dag.py took 0.170 seconds
[2026-01-08T21:54:28.871+0000] {processor.py:161} INFO - Started process (PID=50034) to work on /opt/airflow/dags/prediction_dag.py
[2026-01-08T21:54:28.877+0000] {processor.py:830} INFO - Processing file /opt/airflow/dags/prediction_dag.py for tasks to queue
[2026-01-08T21:54:28.882+0000] {logging_mixin.py:188} INFO - [2026-01-08T21:54:28.880+0000] {dagbag.py:540} INFO - Filling up the DagBag from /opt/airflow/dags/prediction_dag.py
[2026-01-08T21:54:28.966+0000] {processor.py:840} INFO - DAG(s) 'prediction_dag' retrieved from /opt/airflow/dags/prediction_dag.py
[2026-01-08T21:54:29.165+0000] {logging_mixin.py:188} INFO - [2026-01-08T21:54:29.164+0000] {dag.py:3047} INFO - Sync 1 DAGs
[2026-01-08T21:54:29.269+0000] {logging_mixin.py:188} INFO - [2026-01-08T21:54:29.268+0000] {dag.py:3834} INFO - Setting next_dagrun for prediction_dag to 2026-01-08 21:54:00+00:00, run_after=2026-01-08 21:56:00+00:00
[2026-01-08T21:54:29.403+0000] {processor.py:183} INFO - Processing /opt/airflow/dags/prediction_dag.py took 0.548 seconds
[2026-01-08T22:00:21.989+0000] {processor.py:161} INFO - Started process (PID=50193) to work on /opt/airflow/dags/prediction_dag.py
[2026-01-08T22:00:21.999+0000] {processor.py:830} INFO - Processing file /opt/airflow/dags/prediction_dag.py for tasks to queue
[2026-01-08T22:00:22.004+0000] {logging_mixin.py:188} INFO - [2026-01-08T22:00:22.000+0000] {dagbag.py:540} INFO - Filling up the DagBag from /opt/airflow/dags/prediction_dag.py
[2026-01-08T22:00:22.134+0000] {processor.py:840} INFO - DAG(s) 'prediction_dag' retrieved from /opt/airflow/dags/prediction_dag.py
[2026-01-08T22:00:22.284+0000] {logging_mixin.py:188} INFO - [2026-01-08T22:00:22.283+0000] {dag.py:3047} INFO - Sync 1 DAGs
[2026-01-08T22:00:22.522+0000] {logging_mixin.py:188} INFO - [2026-01-08T22:00:22.522+0000] {dag.py:3834} INFO - Setting next_dagrun for prediction_dag to 2026-01-08 22:00:00+00:00, run_after=2026-01-08 22:02:00+00:00
[2026-01-08T22:00:22.685+0000] {processor.py:183} INFO - Processing /opt/airflow/dags/prediction_dag.py took 0.734 seconds
[2026-01-08T22:06:21.083+0000] {processor.py:161} INFO - Started process (PID=50355) to work on /opt/airflow/dags/prediction_dag.py
[2026-01-08T22:06:21.122+0000] {processor.py:830} INFO - Processing file /opt/airflow/dags/prediction_dag.py for tasks to queue
[2026-01-08T22:06:21.138+0000] {logging_mixin.py:188} INFO - [2026-01-08T22:06:21.132+0000] {dagbag.py:540} INFO - Filling up the DagBag from /opt/airflow/dags/prediction_dag.py
[2026-01-08T22:06:21.506+0000] {processor.py:840} INFO - DAG(s) 'prediction_dag' retrieved from /opt/airflow/dags/prediction_dag.py
[2026-01-08T22:06:21.800+0000] {logging_mixin.py:188} INFO - [2026-01-08T22:06:21.796+0000] {dag.py:3047} INFO - Sync 1 DAGs
[2026-01-08T22:06:21.948+0000] {logging_mixin.py:188} INFO - [2026-01-08T22:06:21.946+0000] {dag.py:3834} INFO - Setting next_dagrun for prediction_dag to 2026-01-08 22:06:00+00:00, run_after=2026-01-08 22:08:00+00:00
[2026-01-08T22:06:22.049+0000] {processor.py:183} INFO - Processing /opt/airflow/dags/prediction_dag.py took 1.029 seconds
[2026-01-08T22:11:55.440+0000] {processor.py:161} INFO - Started process (PID=50499) to work on /opt/airflow/dags/prediction_dag.py
[2026-01-08T22:11:55.451+0000] {processor.py:830} INFO - Processing file /opt/airflow/dags/prediction_dag.py for tasks to queue
[2026-01-08T22:11:55.455+0000] {logging_mixin.py:188} INFO - [2026-01-08T22:11:55.455+0000] {dagbag.py:540} INFO - Filling up the DagBag from /opt/airflow/dags/prediction_dag.py
[2026-01-08T22:11:55.912+0000] {processor.py:840} INFO - DAG(s) 'prediction_dag' retrieved from /opt/airflow/dags/prediction_dag.py
[2026-01-08T22:11:56.478+0000] {logging_mixin.py:188} INFO - [2026-01-08T22:11:56.476+0000] {dag.py:3047} INFO - Sync 1 DAGs
[2026-01-08T22:11:56.786+0000] {logging_mixin.py:188} INFO - [2026-01-08T22:11:56.782+0000] {dag.py:3834} INFO - Setting next_dagrun for prediction_dag to 2026-01-08 22:08:00+00:00, run_after=2026-01-08 22:10:00+00:00
[2026-01-08T22:11:56.976+0000] {processor.py:183} INFO - Processing /opt/airflow/dags/prediction_dag.py took 1.556 seconds
[2026-01-08T22:13:13.923+0000] {processor.py:161} INFO - Started process (PID=50545) to work on /opt/airflow/dags/prediction_dag.py
[2026-01-08T22:13:13.929+0000] {processor.py:830} INFO - Processing file /opt/airflow/dags/prediction_dag.py for tasks to queue
[2026-01-08T22:13:13.934+0000] {logging_mixin.py:188} INFO - [2026-01-08T22:13:13.933+0000] {dagbag.py:540} INFO - Filling up the DagBag from /opt/airflow/dags/prediction_dag.py
[2026-01-08T22:13:14.147+0000] {processor.py:840} INFO - DAG(s) 'prediction_dag' retrieved from /opt/airflow/dags/prediction_dag.py
[2026-01-08T22:13:14.315+0000] {logging_mixin.py:188} INFO - [2026-01-08T22:13:14.314+0000] {dag.py:3047} INFO - Sync 1 DAGs
[2026-01-08T22:13:14.483+0000] {logging_mixin.py:188} INFO - [2026-01-08T22:13:14.482+0000] {dag.py:3834} INFO - Setting next_dagrun for prediction_dag to 2026-01-08 22:12:00+00:00, run_after=2026-01-08 22:14:00+00:00
[2026-01-08T22:13:14.547+0000] {processor.py:183} INFO - Processing /opt/airflow/dags/prediction_dag.py took 0.643 seconds
[2026-01-08T22:15:46.547+0000] {processor.py:161} INFO - Started process (PID=50678) to work on /opt/airflow/dags/prediction_dag.py
[2026-01-08T22:15:46.563+0000] {processor.py:830} INFO - Processing file /opt/airflow/dags/prediction_dag.py for tasks to queue
[2026-01-08T22:15:46.574+0000] {logging_mixin.py:188} INFO - [2026-01-08T22:15:46.571+0000] {dagbag.py:540} INFO - Filling up the DagBag from /opt/airflow/dags/prediction_dag.py
[2026-01-08T22:15:47.316+0000] {processor.py:840} INFO - DAG(s) 'prediction_dag' retrieved from /opt/airflow/dags/prediction_dag.py
[2026-01-08T22:15:48.292+0000] {logging_mixin.py:188} INFO - [2026-01-08T22:15:48.285+0000] {dag.py:3047} INFO - Sync 1 DAGs
[2026-01-08T22:15:48.644+0000] {logging_mixin.py:188} INFO - [2026-01-08T22:15:48.643+0000] {dag.py:3834} INFO - Setting next_dagrun for prediction_dag to 2026-01-08 22:14:00+00:00, run_after=2026-01-08 22:16:00+00:00
[2026-01-08T22:15:48.877+0000] {processor.py:183} INFO - Processing /opt/airflow/dags/prediction_dag.py took 2.354 seconds
[2026-01-08T22:19:59.695+0000] {processor.py:161} INFO - Started process (PID=50774) to work on /opt/airflow/dags/prediction_dag.py
[2026-01-08T22:19:59.698+0000] {processor.py:830} INFO - Processing file /opt/airflow/dags/prediction_dag.py for tasks to queue
[2026-01-08T22:19:59.704+0000] {logging_mixin.py:188} INFO - [2026-01-08T22:19:59.703+0000] {dagbag.py:540} INFO - Filling up the DagBag from /opt/airflow/dags/prediction_dag.py
[2026-01-08T22:19:59.792+0000] {processor.py:840} INFO - DAG(s) 'prediction_dag' retrieved from /opt/airflow/dags/prediction_dag.py
[2026-01-08T22:19:59.896+0000] {logging_mixin.py:188} INFO - [2026-01-08T22:19:59.896+0000] {dag.py:3047} INFO - Sync 1 DAGs
[2026-01-08T22:19:59.974+0000] {logging_mixin.py:188} INFO - [2026-01-08T22:19:59.974+0000] {dag.py:3834} INFO - Setting next_dagrun for prediction_dag to 2026-01-08 22:18:00+00:00, run_after=2026-01-08 22:20:00+00:00
[2026-01-08T22:20:00.039+0000] {processor.py:183} INFO - Processing /opt/airflow/dags/prediction_dag.py took 0.360 seconds
[2026-01-08T22:28:13.844+0000] {processor.py:161} INFO - Started process (PID=50843) to work on /opt/airflow/dags/prediction_dag.py
[2026-01-08T22:28:13.846+0000] {processor.py:830} INFO - Processing file /opt/airflow/dags/prediction_dag.py for tasks to queue
[2026-01-08T22:28:13.847+0000] {logging_mixin.py:188} INFO - [2026-01-08T22:28:13.847+0000] {dagbag.py:540} INFO - Filling up the DagBag from /opt/airflow/dags/prediction_dag.py
[2026-01-08T22:28:14.060+0000] {processor.py:840} INFO - DAG(s) 'prediction_dag' retrieved from /opt/airflow/dags/prediction_dag.py
[2026-01-08T22:28:14.376+0000] {logging_mixin.py:188} INFO - [2026-01-08T22:28:14.375+0000] {dag.py:3047} INFO - Sync 1 DAGs
[2026-01-08T22:28:14.494+0000] {logging_mixin.py:188} INFO - [2026-01-08T22:28:14.493+0000] {dag.py:3834} INFO - Setting next_dagrun for prediction_dag to 2026-01-08 22:28:00+00:00, run_after=2026-01-08 22:30:00+00:00
[2026-01-08T22:28:14.537+0000] {processor.py:183} INFO - Processing /opt/airflow/dags/prediction_dag.py took 0.696 seconds
[2026-01-08T22:31:18.526+0000] {processor.py:161} INFO - Started process (PID=50940) to work on /opt/airflow/dags/prediction_dag.py
[2026-01-08T22:31:18.532+0000] {processor.py:830} INFO - Processing file /opt/airflow/dags/prediction_dag.py for tasks to queue
[2026-01-08T22:31:18.538+0000] {logging_mixin.py:188} INFO - [2026-01-08T22:31:18.537+0000] {dagbag.py:540} INFO - Filling up the DagBag from /opt/airflow/dags/prediction_dag.py
[2026-01-08T22:31:18.682+0000] {processor.py:840} INFO - DAG(s) 'prediction_dag' retrieved from /opt/airflow/dags/prediction_dag.py
[2026-01-08T22:31:18.754+0000] {logging_mixin.py:188} INFO - [2026-01-08T22:31:18.753+0000] {dag.py:3047} INFO - Sync 1 DAGs
[2026-01-08T22:31:18.891+0000] {logging_mixin.py:188} INFO - [2026-01-08T22:31:18.891+0000] {dag.py:3834} INFO - Setting next_dagrun for prediction_dag to 2026-01-08 22:30:00+00:00, run_after=2026-01-08 22:32:00+00:00
[2026-01-08T22:31:18.952+0000] {processor.py:183} INFO - Processing /opt/airflow/dags/prediction_dag.py took 0.449 seconds
[2026-01-08T22:39:05.853+0000] {processor.py:161} INFO - Started process (PID=51088) to work on /opt/airflow/dags/prediction_dag.py
[2026-01-08T22:39:05.855+0000] {processor.py:830} INFO - Processing file /opt/airflow/dags/prediction_dag.py for tasks to queue
[2026-01-08T22:39:05.858+0000] {logging_mixin.py:188} INFO - [2026-01-08T22:39:05.857+0000] {dagbag.py:540} INFO - Filling up the DagBag from /opt/airflow/dags/prediction_dag.py
[2026-01-08T22:39:05.921+0000] {processor.py:840} INFO - DAG(s) 'prediction_dag' retrieved from /opt/airflow/dags/prediction_dag.py
[2026-01-08T22:39:05.999+0000] {logging_mixin.py:188} INFO - [2026-01-08T22:39:05.998+0000] {dag.py:3047} INFO - Sync 1 DAGs
[2026-01-08T22:39:06.073+0000] {logging_mixin.py:188} INFO - [2026-01-08T22:39:06.073+0000] {dag.py:3834} INFO - Setting next_dagrun for prediction_dag to 2026-01-08 22:38:00+00:00, run_after=2026-01-08 22:40:00+00:00
[2026-01-08T22:39:06.121+0000] {processor.py:183} INFO - Processing /opt/airflow/dags/prediction_dag.py took 0.282 seconds
[2026-01-08T22:41:10.368+0000] {processor.py:161} INFO - Started process (PID=51246) to work on /opt/airflow/dags/prediction_dag.py
[2026-01-08T22:41:10.372+0000] {processor.py:830} INFO - Processing file /opt/airflow/dags/prediction_dag.py for tasks to queue
[2026-01-08T22:41:10.374+0000] {logging_mixin.py:188} INFO - [2026-01-08T22:41:10.373+0000] {dagbag.py:540} INFO - Filling up the DagBag from /opt/airflow/dags/prediction_dag.py
[2026-01-08T22:41:10.419+0000] {processor.py:840} INFO - DAG(s) 'prediction_dag' retrieved from /opt/airflow/dags/prediction_dag.py
[2026-01-08T22:41:10.496+0000] {logging_mixin.py:188} INFO - [2026-01-08T22:41:10.496+0000] {dag.py:3047} INFO - Sync 1 DAGs
[2026-01-08T22:41:10.553+0000] {logging_mixin.py:188} INFO - [2026-01-08T22:41:10.553+0000] {dag.py:3834} INFO - Setting next_dagrun for prediction_dag to 2026-01-08 22:40:00+00:00, run_after=2026-01-08 22:42:00+00:00
[2026-01-08T22:41:10.585+0000] {processor.py:183} INFO - Processing /opt/airflow/dags/prediction_dag.py took 0.220 seconds
[2026-01-08T22:51:19.775+0000] {processor.py:161} INFO - Started process (PID=51338) to work on /opt/airflow/dags/prediction_dag.py
[2026-01-08T22:51:19.780+0000] {processor.py:830} INFO - Processing file /opt/airflow/dags/prediction_dag.py for tasks to queue
[2026-01-08T22:51:19.781+0000] {logging_mixin.py:188} INFO - [2026-01-08T22:51:19.781+0000] {dagbag.py:540} INFO - Filling up the DagBag from /opt/airflow/dags/prediction_dag.py
[2026-01-08T22:51:19.856+0000] {processor.py:840} INFO - DAG(s) 'prediction_dag' retrieved from /opt/airflow/dags/prediction_dag.py
[2026-01-08T22:51:20.024+0000] {logging_mixin.py:188} INFO - [2026-01-08T22:51:20.023+0000] {dag.py:3047} INFO - Sync 1 DAGs
[2026-01-08T22:51:20.129+0000] {logging_mixin.py:188} INFO - [2026-01-08T22:51:20.129+0000] {dag.py:3834} INFO - Setting next_dagrun for prediction_dag to 2026-01-08 22:50:00+00:00, run_after=2026-01-08 22:52:00+00:00
[2026-01-08T22:51:20.215+0000] {processor.py:183} INFO - Processing /opt/airflow/dags/prediction_dag.py took 0.448 seconds
[2026-01-08T23:01:18.827+0000] {processor.py:161} INFO - Started process (PID=51494) to work on /opt/airflow/dags/prediction_dag.py
[2026-01-08T23:01:18.831+0000] {processor.py:830} INFO - Processing file /opt/airflow/dags/prediction_dag.py for tasks to queue
[2026-01-08T23:01:18.835+0000] {logging_mixin.py:188} INFO - [2026-01-08T23:01:18.834+0000] {dagbag.py:540} INFO - Filling up the DagBag from /opt/airflow/dags/prediction_dag.py
[2026-01-08T23:01:18.940+0000] {processor.py:840} INFO - DAG(s) 'prediction_dag' retrieved from /opt/airflow/dags/prediction_dag.py
[2026-01-08T23:01:19.066+0000] {logging_mixin.py:188} INFO - [2026-01-08T23:01:19.065+0000] {dag.py:3047} INFO - Sync 1 DAGs
[2026-01-08T23:01:19.138+0000] {logging_mixin.py:188} INFO - [2026-01-08T23:01:19.137+0000] {dag.py:3834} INFO - Setting next_dagrun for prediction_dag to 2026-01-08 23:00:00+00:00, run_after=2026-01-08 23:02:00+00:00
[2026-01-08T23:01:19.196+0000] {processor.py:183} INFO - Processing /opt/airflow/dags/prediction_dag.py took 0.398 seconds
[2026-01-08T23:05:17.196+0000] {processor.py:161} INFO - Started process (PID=51641) to work on /opt/airflow/dags/prediction_dag.py
[2026-01-08T23:05:17.225+0000] {processor.py:830} INFO - Processing file /opt/airflow/dags/prediction_dag.py for tasks to queue
[2026-01-08T23:05:17.241+0000] {logging_mixin.py:188} INFO - [2026-01-08T23:05:17.238+0000] {dagbag.py:540} INFO - Filling up the DagBag from /opt/airflow/dags/prediction_dag.py
[2026-01-08T23:05:17.440+0000] {processor.py:840} INFO - DAG(s) 'prediction_dag' retrieved from /opt/airflow/dags/prediction_dag.py
[2026-01-08T23:05:17.778+0000] {logging_mixin.py:188} INFO - [2026-01-08T23:05:17.778+0000] {dag.py:3047} INFO - Sync 1 DAGs
[2026-01-08T23:05:18.021+0000] {logging_mixin.py:188} INFO - [2026-01-08T23:05:18.021+0000] {dag.py:3834} INFO - Setting next_dagrun for prediction_dag to 2026-01-08 23:04:00+00:00, run_after=2026-01-08 23:06:00+00:00
[2026-01-08T23:05:18.142+0000] {processor.py:183} INFO - Processing /opt/airflow/dags/prediction_dag.py took 1.009 seconds
[2026-01-08T23:09:45.520+0000] {processor.py:161} INFO - Started process (PID=51800) to work on /opt/airflow/dags/prediction_dag.py
[2026-01-08T23:09:45.535+0000] {processor.py:830} INFO - Processing file /opt/airflow/dags/prediction_dag.py for tasks to queue
[2026-01-08T23:09:45.556+0000] {logging_mixin.py:188} INFO - [2026-01-08T23:09:45.541+0000] {dagbag.py:540} INFO - Filling up the DagBag from /opt/airflow/dags/prediction_dag.py
[2026-01-08T23:09:45.867+0000] {processor.py:840} INFO - DAG(s) 'prediction_dag' retrieved from /opt/airflow/dags/prediction_dag.py
[2026-01-08T23:09:46.225+0000] {logging_mixin.py:188} INFO - [2026-01-08T23:09:46.223+0000] {dag.py:3047} INFO - Sync 1 DAGs
[2026-01-08T23:09:46.462+0000] {logging_mixin.py:188} INFO - [2026-01-08T23:09:46.462+0000] {dag.py:3834} INFO - Setting next_dagrun for prediction_dag to 2026-01-08 23:08:00+00:00, run_after=2026-01-08 23:10:00+00:00
[2026-01-08T23:09:47.074+0000] {processor.py:183} INFO - Processing /opt/airflow/dags/prediction_dag.py took 1.641 seconds
[2026-01-08T23:16:09.142+0000] {processor.py:161} INFO - Started process (PID=51893) to work on /opt/airflow/dags/prediction_dag.py
[2026-01-08T23:16:09.146+0000] {processor.py:830} INFO - Processing file /opt/airflow/dags/prediction_dag.py for tasks to queue
[2026-01-08T23:16:09.148+0000] {logging_mixin.py:188} INFO - [2026-01-08T23:16:09.147+0000] {dagbag.py:540} INFO - Filling up the DagBag from /opt/airflow/dags/prediction_dag.py
[2026-01-08T23:16:09.205+0000] {processor.py:840} INFO - DAG(s) 'prediction_dag' retrieved from /opt/airflow/dags/prediction_dag.py
[2026-01-08T23:16:09.274+0000] {logging_mixin.py:188} INFO - [2026-01-08T23:16:09.274+0000] {dag.py:3047} INFO - Sync 1 DAGs
[2026-01-08T23:16:09.332+0000] {logging_mixin.py:188} INFO - [2026-01-08T23:16:09.332+0000] {dag.py:3834} INFO - Setting next_dagrun for prediction_dag to 2026-01-08 23:14:00+00:00, run_after=2026-01-08 23:16:00+00:00
[2026-01-08T23:16:09.349+0000] {processor.py:183} INFO - Processing /opt/airflow/dags/prediction_dag.py took 0.217 seconds
[2026-01-08T23:17:05.206+0000] {processor.py:161} INFO - Started process (PID=52050) to work on /opt/airflow/dags/prediction_dag.py
[2026-01-08T23:17:05.244+0000] {processor.py:830} INFO - Processing file /opt/airflow/dags/prediction_dag.py for tasks to queue
[2026-01-08T23:17:05.284+0000] {logging_mixin.py:188} INFO - [2026-01-08T23:17:05.264+0000] {dagbag.py:540} INFO - Filling up the DagBag from /opt/airflow/dags/prediction_dag.py
[2026-01-08T23:17:05.879+0000] {processor.py:840} INFO - DAG(s) 'prediction_dag' retrieved from /opt/airflow/dags/prediction_dag.py
[2026-01-08T23:17:06.554+0000] {logging_mixin.py:188} INFO - [2026-01-08T23:17:06.550+0000] {dag.py:3047} INFO - Sync 1 DAGs
[2026-01-08T23:17:06.985+0000] {logging_mixin.py:188} INFO - [2026-01-08T23:17:06.982+0000] {dag.py:3834} INFO - Setting next_dagrun for prediction_dag to 2026-01-08 23:16:00+00:00, run_after=2026-01-08 23:18:00+00:00
[2026-01-08T23:17:07.260+0000] {processor.py:183} INFO - Processing /opt/airflow/dags/prediction_dag.py took 2.305 seconds
[2026-01-08T23:22:12.471+0000] {processor.py:161} INFO - Started process (PID=52155) to work on /opt/airflow/dags/prediction_dag.py
[2026-01-08T23:22:12.487+0000] {processor.py:830} INFO - Processing file /opt/airflow/dags/prediction_dag.py for tasks to queue
[2026-01-08T23:22:12.491+0000] {logging_mixin.py:188} INFO - [2026-01-08T23:22:12.490+0000] {dagbag.py:540} INFO - Filling up the DagBag from /opt/airflow/dags/prediction_dag.py
[2026-01-08T23:22:12.690+0000] {processor.py:840} INFO - DAG(s) 'prediction_dag' retrieved from /opt/airflow/dags/prediction_dag.py
[2026-01-08T23:22:12.998+0000] {logging_mixin.py:188} INFO - [2026-01-08T23:22:12.997+0000] {dag.py:3047} INFO - Sync 1 DAGs
[2026-01-08T23:22:13.394+0000] {logging_mixin.py:188} INFO - [2026-01-08T23:22:13.388+0000] {dag.py:3834} INFO - Setting next_dagrun for prediction_dag to 2026-01-08 23:22:00+00:00, run_after=2026-01-08 23:24:00+00:00
[2026-01-08T23:22:13.785+0000] {processor.py:183} INFO - Processing /opt/airflow/dags/prediction_dag.py took 1.328 seconds
[2026-01-08T23:22:45.584+0000] {processor.py:161} INFO - Started process (PID=52252) to work on /opt/airflow/dags/prediction_dag.py
[2026-01-08T23:22:45.588+0000] {processor.py:830} INFO - Processing file /opt/airflow/dags/prediction_dag.py for tasks to queue
[2026-01-08T23:22:45.591+0000] {logging_mixin.py:188} INFO - [2026-01-08T23:22:45.590+0000] {dagbag.py:540} INFO - Filling up the DagBag from /opt/airflow/dags/prediction_dag.py
[2026-01-08T23:22:45.716+0000] {processor.py:840} INFO - DAG(s) 'prediction_dag' retrieved from /opt/airflow/dags/prediction_dag.py
[2026-01-08T23:22:45.853+0000] {logging_mixin.py:188} INFO - [2026-01-08T23:22:45.853+0000] {dag.py:3047} INFO - Sync 1 DAGs
[2026-01-08T23:22:45.987+0000] {logging_mixin.py:188} INFO - [2026-01-08T23:22:45.986+0000] {dag.py:3834} INFO - Setting next_dagrun for prediction_dag to 2026-01-08 23:22:00+00:00, run_after=2026-01-08 23:24:00+00:00
[2026-01-08T23:22:46.040+0000] {processor.py:183} INFO - Processing /opt/airflow/dags/prediction_dag.py took 0.475 seconds
[2026-01-08T23:25:30.092+0000] {processor.py:161} INFO - Started process (PID=52360) to work on /opt/airflow/dags/prediction_dag.py
[2026-01-08T23:25:30.123+0000] {processor.py:830} INFO - Processing file /opt/airflow/dags/prediction_dag.py for tasks to queue
[2026-01-08T23:25:30.145+0000] {logging_mixin.py:188} INFO - [2026-01-08T23:25:30.143+0000] {dagbag.py:540} INFO - Filling up the DagBag from /opt/airflow/dags/prediction_dag.py
[2026-01-08T23:25:30.697+0000] {processor.py:840} INFO - DAG(s) 'prediction_dag' retrieved from /opt/airflow/dags/prediction_dag.py
[2026-01-08T23:25:31.636+0000] {logging_mixin.py:188} INFO - [2026-01-08T23:25:31.630+0000] {dag.py:3047} INFO - Sync 1 DAGs
[2026-01-08T23:25:32.019+0000] {logging_mixin.py:188} INFO - [2026-01-08T23:25:32.016+0000] {dag.py:3834} INFO - Setting next_dagrun for prediction_dag to 2026-01-08 23:24:00+00:00, run_after=2026-01-08 23:26:00+00:00
[2026-01-08T23:25:32.230+0000] {processor.py:183} INFO - Processing /opt/airflow/dags/prediction_dag.py took 2.247 seconds
[2026-01-08T23:27:31.234+0000] {processor.py:161} INFO - Started process (PID=52503) to work on /opt/airflow/dags/prediction_dag.py
[2026-01-08T23:27:31.255+0000] {processor.py:830} INFO - Processing file /opt/airflow/dags/prediction_dag.py for tasks to queue
[2026-01-08T23:27:31.355+0000] {logging_mixin.py:188} INFO - [2026-01-08T23:27:31.333+0000] {dagbag.py:540} INFO - Filling up the DagBag from /opt/airflow/dags/prediction_dag.py
[2026-01-08T23:27:32.205+0000] {processor.py:840} INFO - DAG(s) 'prediction_dag' retrieved from /opt/airflow/dags/prediction_dag.py
[2026-01-08T23:27:33.037+0000] {logging_mixin.py:188} INFO - [2026-01-08T23:27:33.030+0000] {dag.py:3047} INFO - Sync 1 DAGs
[2026-01-08T23:27:33.583+0000] {logging_mixin.py:188} INFO - [2026-01-08T23:27:33.569+0000] {dag.py:3834} INFO - Setting next_dagrun for prediction_dag to 2026-01-08 23:26:00+00:00, run_after=2026-01-08 23:28:00+00:00
[2026-01-08T23:27:34.038+0000] {processor.py:183} INFO - Processing /opt/airflow/dags/prediction_dag.py took 4.401 seconds
[2026-01-08T23:32:51.438+0000] {processor.py:161} INFO - Started process (PID=52580) to work on /opt/airflow/dags/prediction_dag.py
[2026-01-08T23:32:51.459+0000] {processor.py:830} INFO - Processing file /opt/airflow/dags/prediction_dag.py for tasks to queue
[2026-01-08T23:32:51.486+0000] {logging_mixin.py:188} INFO - [2026-01-08T23:32:51.474+0000] {dagbag.py:540} INFO - Filling up the DagBag from /opt/airflow/dags/prediction_dag.py
[2026-01-08T23:32:51.912+0000] {processor.py:840} INFO - DAG(s) 'prediction_dag' retrieved from /opt/airflow/dags/prediction_dag.py
[2026-01-08T23:32:53.076+0000] {logging_mixin.py:188} INFO - [2026-01-08T23:32:53.071+0000] {dag.py:3047} INFO - Sync 1 DAGs
[2026-01-08T23:32:53.601+0000] {logging_mixin.py:188} INFO - [2026-01-08T23:32:53.585+0000] {dag.py:3834} INFO - Setting next_dagrun for prediction_dag to 2026-01-08 23:32:00+00:00, run_after=2026-01-08 23:34:00+00:00
[2026-01-08T23:32:53.928+0000] {processor.py:183} INFO - Processing /opt/airflow/dags/prediction_dag.py took 2.607 seconds
[2026-01-08T23:38:28.299+0000] {processor.py:161} INFO - Started process (PID=52604) to work on /opt/airflow/dags/prediction_dag.py
[2026-01-08T23:38:28.301+0000] {processor.py:830} INFO - Processing file /opt/airflow/dags/prediction_dag.py for tasks to queue
[2026-01-08T23:38:28.303+0000] {logging_mixin.py:188} INFO - [2026-01-08T23:38:28.303+0000] {dagbag.py:540} INFO - Filling up the DagBag from /opt/airflow/dags/prediction_dag.py
[2026-01-08T23:38:28.372+0000] {processor.py:840} INFO - DAG(s) 'prediction_dag' retrieved from /opt/airflow/dags/prediction_dag.py
[2026-01-08T23:38:28.440+0000] {logging_mixin.py:188} INFO - [2026-01-08T23:38:28.439+0000] {dag.py:3047} INFO - Sync 1 DAGs
[2026-01-08T23:38:28.522+0000] {logging_mixin.py:188} INFO - [2026-01-08T23:38:28.522+0000] {dag.py:3834} INFO - Setting next_dagrun for prediction_dag to 2026-01-08 23:38:00+00:00, run_after=2026-01-08 23:40:00+00:00
[2026-01-08T23:38:28.574+0000] {processor.py:183} INFO - Processing /opt/airflow/dags/prediction_dag.py took 0.286 seconds
[2026-01-08T23:41:01.078+0000] {processor.py:161} INFO - Started process (PID=52692) to work on /opt/airflow/dags/prediction_dag.py
[2026-01-08T23:41:01.083+0000] {processor.py:830} INFO - Processing file /opt/airflow/dags/prediction_dag.py for tasks to queue
[2026-01-08T23:41:01.093+0000] {logging_mixin.py:188} INFO - [2026-01-08T23:41:01.092+0000] {dagbag.py:540} INFO - Filling up the DagBag from /opt/airflow/dags/prediction_dag.py
[2026-01-08T23:41:01.178+0000] {processor.py:840} INFO - DAG(s) 'prediction_dag' retrieved from /opt/airflow/dags/prediction_dag.py
[2026-01-08T23:41:01.249+0000] {logging_mixin.py:188} INFO - [2026-01-08T23:41:01.249+0000] {dag.py:3047} INFO - Sync 1 DAGs
[2026-01-08T23:41:01.318+0000] {logging_mixin.py:188} INFO - [2026-01-08T23:41:01.318+0000] {dag.py:3834} INFO - Setting next_dagrun for prediction_dag to 2026-01-08 23:40:00+00:00, run_after=2026-01-08 23:42:00+00:00
[2026-01-08T23:41:01.370+0000] {processor.py:183} INFO - Processing /opt/airflow/dags/prediction_dag.py took 0.312 seconds
[2026-01-08T23:41:46.724+0000] {processor.py:161} INFO - Started process (PID=52837) to work on /opt/airflow/dags/prediction_dag.py
[2026-01-08T23:41:46.725+0000] {processor.py:830} INFO - Processing file /opt/airflow/dags/prediction_dag.py for tasks to queue
[2026-01-08T23:41:46.726+0000] {logging_mixin.py:188} INFO - [2026-01-08T23:41:46.726+0000] {dagbag.py:540} INFO - Filling up the DagBag from /opt/airflow/dags/prediction_dag.py
[2026-01-08T23:41:46.774+0000] {processor.py:840} INFO - DAG(s) 'prediction_dag' retrieved from /opt/airflow/dags/prediction_dag.py
[2026-01-08T23:41:46.843+0000] {logging_mixin.py:188} INFO - [2026-01-08T23:41:46.843+0000] {dag.py:3047} INFO - Sync 1 DAGs
[2026-01-08T23:41:46.892+0000] {logging_mixin.py:188} INFO - [2026-01-08T23:41:46.892+0000] {dag.py:3834} INFO - Setting next_dagrun for prediction_dag to 2026-01-08 23:40:00+00:00, run_after=2026-01-08 23:42:00+00:00
[2026-01-08T23:41:46.911+0000] {processor.py:183} INFO - Processing /opt/airflow/dags/prediction_dag.py took 0.195 seconds
[2026-01-08T23:47:13.259+0000] {processor.py:161} INFO - Started process (PID=52923) to work on /opt/airflow/dags/prediction_dag.py
[2026-01-08T23:47:13.263+0000] {processor.py:830} INFO - Processing file /opt/airflow/dags/prediction_dag.py for tasks to queue
[2026-01-08T23:47:13.264+0000] {logging_mixin.py:188} INFO - [2026-01-08T23:47:13.264+0000] {dagbag.py:540} INFO - Filling up the DagBag from /opt/airflow/dags/prediction_dag.py
[2026-01-08T23:47:13.304+0000] {processor.py:840} INFO - DAG(s) 'prediction_dag' retrieved from /opt/airflow/dags/prediction_dag.py
[2026-01-08T23:47:13.350+0000] {logging_mixin.py:188} INFO - [2026-01-08T23:47:13.349+0000] {dag.py:3047} INFO - Sync 1 DAGs
[2026-01-08T23:47:13.418+0000] {logging_mixin.py:188} INFO - [2026-01-08T23:47:13.417+0000] {dag.py:3834} INFO - Setting next_dagrun for prediction_dag to 2026-01-08 23:44:00+00:00, run_after=2026-01-08 23:46:00+00:00
[2026-01-08T23:47:13.470+0000] {processor.py:183} INFO - Processing /opt/airflow/dags/prediction_dag.py took 0.221 seconds
[2026-01-08T23:48:01.992+0000] {processor.py:161} INFO - Started process (PID=53079) to work on /opt/airflow/dags/prediction_dag.py
[2026-01-08T23:48:01.996+0000] {processor.py:830} INFO - Processing file /opt/airflow/dags/prediction_dag.py for tasks to queue
[2026-01-08T23:48:02.001+0000] {logging_mixin.py:188} INFO - [2026-01-08T23:48:01.999+0000] {dagbag.py:540} INFO - Filling up the DagBag from /opt/airflow/dags/prediction_dag.py
[2026-01-08T23:48:02.045+0000] {processor.py:840} INFO - DAG(s) 'prediction_dag' retrieved from /opt/airflow/dags/prediction_dag.py
[2026-01-08T23:48:02.109+0000] {logging_mixin.py:188} INFO - [2026-01-08T23:48:02.109+0000] {dag.py:3047} INFO - Sync 1 DAGs
[2026-01-08T23:48:02.144+0000] {logging_mixin.py:188} INFO - [2026-01-08T23:48:02.144+0000] {dag.py:3834} INFO - Setting next_dagrun for prediction_dag to 2026-01-08 23:46:00+00:00, run_after=2026-01-08 23:48:00+00:00
[2026-01-08T23:48:02.174+0000] {processor.py:183} INFO - Processing /opt/airflow/dags/prediction_dag.py took 0.190 seconds
[2026-01-08T23:57:15.265+0000] {processor.py:161} INFO - Started process (PID=53166) to work on /opt/airflow/dags/prediction_dag.py
[2026-01-08T23:57:15.268+0000] {processor.py:830} INFO - Processing file /opt/airflow/dags/prediction_dag.py for tasks to queue
[2026-01-08T23:57:15.270+0000] {logging_mixin.py:188} INFO - [2026-01-08T23:57:15.270+0000] {dagbag.py:540} INFO - Filling up the DagBag from /opt/airflow/dags/prediction_dag.py
[2026-01-08T23:57:15.312+0000] {processor.py:840} INFO - DAG(s) 'prediction_dag' retrieved from /opt/airflow/dags/prediction_dag.py
[2026-01-08T23:57:15.368+0000] {logging_mixin.py:188} INFO - [2026-01-08T23:57:15.368+0000] {dag.py:3047} INFO - Sync 1 DAGs
[2026-01-08T23:57:15.408+0000] {logging_mixin.py:188} INFO - [2026-01-08T23:57:15.407+0000] {dag.py:3834} INFO - Setting next_dagrun for prediction_dag to 2026-01-08 23:54:00+00:00, run_after=2026-01-08 23:56:00+00:00
[2026-01-08T23:57:15.425+0000] {processor.py:183} INFO - Processing /opt/airflow/dags/prediction_dag.py took 0.169 seconds
