[2026-01-01T16:26:52.009+0000] {processor.py:161} INFO - Started process (PID=166) to work on /opt/airflow/dags/prediction_dag.py
[2026-01-01T16:26:52.010+0000] {processor.py:830} INFO - Processing file /opt/airflow/dags/prediction_dag.py for tasks to queue
[2026-01-01T16:26:52.011+0000] {logging_mixin.py:188} INFO - [2026-01-01T16:26:52.011+0000] {dagbag.py:540} INFO - Filling up the DagBag from /opt/airflow/dags/prediction_dag.py
[2026-01-01T16:26:52.071+0000] {processor.py:840} INFO - DAG(s) 'prediction_dag' retrieved from /opt/airflow/dags/prediction_dag.py
[2026-01-01T16:26:52.853+0000] {logging_mixin.py:188} INFO - [2026-01-01T16:26:52.852+0000] {dag.py:3047} INFO - Sync 1 DAGs
[2026-01-01T16:26:52.955+0000] {logging_mixin.py:188} INFO - [2026-01-01T16:26:52.955+0000] {dag.py:3834} INFO - Setting next_dagrun for prediction_dag to 2026-01-01 16:26:00+00:00, run_after=2026-01-01 16:28:00+00:00
[2026-01-01T16:27:07.991+0000] {processor.py:183} INFO - Processing /opt/airflow/dags/prediction_dag.py took 15.986 seconds
[2026-01-01T16:27:38.971+0000] {processor.py:161} INFO - Started process (PID=470) to work on /opt/airflow/dags/prediction_dag.py
[2026-01-01T16:27:38.974+0000] {processor.py:830} INFO - Processing file /opt/airflow/dags/prediction_dag.py for tasks to queue
[2026-01-01T16:27:38.976+0000] {logging_mixin.py:188} INFO - [2026-01-01T16:27:38.976+0000] {dagbag.py:540} INFO - Filling up the DagBag from /opt/airflow/dags/prediction_dag.py
[2026-01-01T16:27:39.015+0000] {processor.py:840} INFO - DAG(s) 'prediction_dag' retrieved from /opt/airflow/dags/prediction_dag.py
[2026-01-01T16:27:39.058+0000] {logging_mixin.py:188} INFO - [2026-01-01T16:27:39.058+0000] {dag.py:3047} INFO - Sync 1 DAGs
[2026-01-01T16:27:39.102+0000] {logging_mixin.py:188} INFO - [2026-01-01T16:27:39.101+0000] {dag.py:3834} INFO - Setting next_dagrun for prediction_dag to 2026-01-01 16:26:00+00:00, run_after=2026-01-01 16:28:00+00:00
[2026-01-01T16:27:39.121+0000] {processor.py:183} INFO - Processing /opt/airflow/dags/prediction_dag.py took 0.177 seconds
[2026-01-01T16:28:09.479+0000] {processor.py:161} INFO - Started process (PID=551) to work on /opt/airflow/dags/prediction_dag.py
[2026-01-01T16:28:09.481+0000] {processor.py:830} INFO - Processing file /opt/airflow/dags/prediction_dag.py for tasks to queue
[2026-01-01T16:28:09.482+0000] {logging_mixin.py:188} INFO - [2026-01-01T16:28:09.482+0000] {dagbag.py:540} INFO - Filling up the DagBag from /opt/airflow/dags/prediction_dag.py
[2026-01-01T16:28:09.501+0000] {processor.py:840} INFO - DAG(s) 'prediction_dag' retrieved from /opt/airflow/dags/prediction_dag.py
[2026-01-01T16:28:09.538+0000] {logging_mixin.py:188} INFO - [2026-01-01T16:28:09.537+0000] {dag.py:3047} INFO - Sync 1 DAGs
[2026-01-01T16:28:09.561+0000] {logging_mixin.py:188} INFO - [2026-01-01T16:28:09.561+0000] {dag.py:3834} INFO - Setting next_dagrun for prediction_dag to 2026-01-01 16:28:00+00:00, run_after=2026-01-01 16:30:00+00:00
[2026-01-01T16:28:09.574+0000] {processor.py:183} INFO - Processing /opt/airflow/dags/prediction_dag.py took 0.099 seconds
[2026-01-01T16:28:39.683+0000] {processor.py:161} INFO - Started process (PID=572) to work on /opt/airflow/dags/prediction_dag.py
[2026-01-01T16:28:39.686+0000] {processor.py:830} INFO - Processing file /opt/airflow/dags/prediction_dag.py for tasks to queue
[2026-01-01T16:28:39.687+0000] {logging_mixin.py:188} INFO - [2026-01-01T16:28:39.687+0000] {dagbag.py:540} INFO - Filling up the DagBag from /opt/airflow/dags/prediction_dag.py
[2026-01-01T16:28:39.715+0000] {processor.py:840} INFO - DAG(s) 'prediction_dag' retrieved from /opt/airflow/dags/prediction_dag.py
[2026-01-01T16:28:39.767+0000] {logging_mixin.py:188} INFO - [2026-01-01T16:28:39.766+0000] {dag.py:3047} INFO - Sync 1 DAGs
[2026-01-01T16:28:39.797+0000] {logging_mixin.py:188} INFO - [2026-01-01T16:28:39.797+0000] {dag.py:3834} INFO - Setting next_dagrun for prediction_dag to 2026-01-01 16:28:00+00:00, run_after=2026-01-01 16:30:00+00:00
[2026-01-01T16:28:39.809+0000] {processor.py:183} INFO - Processing /opt/airflow/dags/prediction_dag.py took 0.140 seconds
[2026-01-01T16:29:10.283+0000] {processor.py:161} INFO - Started process (PID=625) to work on /opt/airflow/dags/prediction_dag.py
[2026-01-01T16:29:10.284+0000] {processor.py:830} INFO - Processing file /opt/airflow/dags/prediction_dag.py for tasks to queue
[2026-01-01T16:29:10.286+0000] {logging_mixin.py:188} INFO - [2026-01-01T16:29:10.286+0000] {dagbag.py:540} INFO - Filling up the DagBag from /opt/airflow/dags/prediction_dag.py
[2026-01-01T16:29:10.325+0000] {processor.py:840} INFO - DAG(s) 'prediction_dag' retrieved from /opt/airflow/dags/prediction_dag.py
[2026-01-01T16:29:10.393+0000] {logging_mixin.py:188} INFO - [2026-01-01T16:29:10.392+0000] {dag.py:3047} INFO - Sync 1 DAGs
[2026-01-01T16:29:10.431+0000] {logging_mixin.py:188} INFO - [2026-01-01T16:29:10.430+0000] {dag.py:3834} INFO - Setting next_dagrun for prediction_dag to 2026-01-01 16:28:00+00:00, run_after=2026-01-01 16:30:00+00:00
[2026-01-01T16:29:10.452+0000] {processor.py:183} INFO - Processing /opt/airflow/dags/prediction_dag.py took 0.175 seconds
[2026-01-01T16:29:40.776+0000] {processor.py:161} INFO - Started process (PID=670) to work on /opt/airflow/dags/prediction_dag.py
[2026-01-01T16:29:40.779+0000] {processor.py:830} INFO - Processing file /opt/airflow/dags/prediction_dag.py for tasks to queue
[2026-01-01T16:29:40.780+0000] {logging_mixin.py:188} INFO - [2026-01-01T16:29:40.779+0000] {dagbag.py:540} INFO - Filling up the DagBag from /opt/airflow/dags/prediction_dag.py
[2026-01-01T16:29:40.804+0000] {processor.py:840} INFO - DAG(s) 'prediction_dag' retrieved from /opt/airflow/dags/prediction_dag.py
[2026-01-01T16:29:40.858+0000] {logging_mixin.py:188} INFO - [2026-01-01T16:29:40.858+0000] {dag.py:3047} INFO - Sync 1 DAGs
[2026-01-01T16:29:40.905+0000] {logging_mixin.py:188} INFO - [2026-01-01T16:29:40.905+0000] {dag.py:3834} INFO - Setting next_dagrun for prediction_dag to 2026-01-01 16:28:00+00:00, run_after=2026-01-01 16:30:00+00:00
[2026-01-01T16:29:40.936+0000] {processor.py:183} INFO - Processing /opt/airflow/dags/prediction_dag.py took 0.171 seconds
[2026-01-01T16:30:11.247+0000] {processor.py:161} INFO - Started process (PID=756) to work on /opt/airflow/dags/prediction_dag.py
[2026-01-01T16:30:11.249+0000] {processor.py:830} INFO - Processing file /opt/airflow/dags/prediction_dag.py for tasks to queue
[2026-01-01T16:30:11.250+0000] {logging_mixin.py:188} INFO - [2026-01-01T16:30:11.250+0000] {dagbag.py:540} INFO - Filling up the DagBag from /opt/airflow/dags/prediction_dag.py
[2026-01-01T16:30:11.273+0000] {processor.py:840} INFO - DAG(s) 'prediction_dag' retrieved from /opt/airflow/dags/prediction_dag.py
[2026-01-01T16:30:11.300+0000] {logging_mixin.py:188} INFO - [2026-01-01T16:30:11.300+0000] {dag.py:3047} INFO - Sync 1 DAGs
[2026-01-01T16:30:11.324+0000] {logging_mixin.py:188} INFO - [2026-01-01T16:30:11.324+0000] {dag.py:3834} INFO - Setting next_dagrun for prediction_dag to 2026-01-01 16:30:00+00:00, run_after=2026-01-01 16:32:00+00:00
[2026-01-01T16:30:11.337+0000] {processor.py:183} INFO - Processing /opt/airflow/dags/prediction_dag.py took 0.096 seconds
[2026-01-01T16:30:41.577+0000] {processor.py:161} INFO - Started process (PID=774) to work on /opt/airflow/dags/prediction_dag.py
[2026-01-01T16:30:41.580+0000] {processor.py:830} INFO - Processing file /opt/airflow/dags/prediction_dag.py for tasks to queue
[2026-01-01T16:30:41.581+0000] {logging_mixin.py:188} INFO - [2026-01-01T16:30:41.581+0000] {dagbag.py:540} INFO - Filling up the DagBag from /opt/airflow/dags/prediction_dag.py
[2026-01-01T16:30:41.612+0000] {processor.py:840} INFO - DAG(s) 'prediction_dag' retrieved from /opt/airflow/dags/prediction_dag.py
[2026-01-01T16:30:41.660+0000] {logging_mixin.py:188} INFO - [2026-01-01T16:30:41.660+0000] {dag.py:3047} INFO - Sync 1 DAGs
[2026-01-01T16:30:41.688+0000] {logging_mixin.py:188} INFO - [2026-01-01T16:30:41.687+0000] {dag.py:3834} INFO - Setting next_dagrun for prediction_dag to 2026-01-01 16:30:00+00:00, run_after=2026-01-01 16:32:00+00:00
[2026-01-01T16:30:41.702+0000] {processor.py:183} INFO - Processing /opt/airflow/dags/prediction_dag.py took 0.143 seconds
[2026-01-01T16:31:11.766+0000] {processor.py:161} INFO - Started process (PID=854) to work on /opt/airflow/dags/prediction_dag.py
[2026-01-01T16:31:11.768+0000] {processor.py:830} INFO - Processing file /opt/airflow/dags/prediction_dag.py for tasks to queue
[2026-01-01T16:31:11.771+0000] {logging_mixin.py:188} INFO - [2026-01-01T16:31:11.770+0000] {dagbag.py:540} INFO - Filling up the DagBag from /opt/airflow/dags/prediction_dag.py
[2026-01-01T16:31:11.808+0000] {processor.py:840} INFO - DAG(s) 'prediction_dag' retrieved from /opt/airflow/dags/prediction_dag.py
[2026-01-01T16:31:11.855+0000] {logging_mixin.py:188} INFO - [2026-01-01T16:31:11.855+0000] {dag.py:3047} INFO - Sync 1 DAGs
[2026-01-01T16:31:11.879+0000] {logging_mixin.py:188} INFO - [2026-01-01T16:31:11.879+0000] {dag.py:3834} INFO - Setting next_dagrun for prediction_dag to 2026-01-01 16:30:00+00:00, run_after=2026-01-01 16:32:00+00:00
[2026-01-01T16:31:11.894+0000] {processor.py:183} INFO - Processing /opt/airflow/dags/prediction_dag.py took 0.139 seconds
[2026-01-01T16:31:42.393+0000] {processor.py:161} INFO - Started process (PID=872) to work on /opt/airflow/dags/prediction_dag.py
[2026-01-01T16:31:42.395+0000] {processor.py:830} INFO - Processing file /opt/airflow/dags/prediction_dag.py for tasks to queue
[2026-01-01T16:31:42.397+0000] {logging_mixin.py:188} INFO - [2026-01-01T16:31:42.396+0000] {dagbag.py:540} INFO - Filling up the DagBag from /opt/airflow/dags/prediction_dag.py
[2026-01-01T16:31:42.464+0000] {processor.py:840} INFO - DAG(s) 'prediction_dag' retrieved from /opt/airflow/dags/prediction_dag.py
[2026-01-01T16:31:42.541+0000] {logging_mixin.py:188} INFO - [2026-01-01T16:31:42.541+0000] {dag.py:3047} INFO - Sync 1 DAGs
[2026-01-01T16:31:42.828+0000] {logging_mixin.py:188} INFO - [2026-01-01T16:31:42.828+0000] {dag.py:3834} INFO - Setting next_dagrun for prediction_dag to 2026-01-01 16:30:00+00:00, run_after=2026-01-01 16:32:00+00:00
[2026-01-01T16:31:42.839+0000] {processor.py:183} INFO - Processing /opt/airflow/dags/prediction_dag.py took 0.465 seconds
[2026-01-01T16:32:13.429+0000] {processor.py:161} INFO - Started process (PID=958) to work on /opt/airflow/dags/prediction_dag.py
[2026-01-01T16:32:13.433+0000] {processor.py:830} INFO - Processing file /opt/airflow/dags/prediction_dag.py for tasks to queue
[2026-01-01T16:32:13.436+0000] {logging_mixin.py:188} INFO - [2026-01-01T16:32:13.435+0000] {dagbag.py:540} INFO - Filling up the DagBag from /opt/airflow/dags/prediction_dag.py
[2026-01-01T16:32:13.500+0000] {processor.py:840} INFO - DAG(s) 'prediction_dag' retrieved from /opt/airflow/dags/prediction_dag.py
[2026-01-01T16:32:13.576+0000] {logging_mixin.py:188} INFO - [2026-01-01T16:32:13.576+0000] {dag.py:3047} INFO - Sync 1 DAGs
[2026-01-01T16:32:13.642+0000] {logging_mixin.py:188} INFO - [2026-01-01T16:32:13.641+0000] {dag.py:3834} INFO - Setting next_dagrun for prediction_dag to 2026-01-01 16:32:00+00:00, run_after=2026-01-01 16:34:00+00:00
[2026-01-01T16:32:13.663+0000] {processor.py:183} INFO - Processing /opt/airflow/dags/prediction_dag.py took 0.247 seconds
[2026-01-01T16:32:44.014+0000] {processor.py:161} INFO - Started process (PID=976) to work on /opt/airflow/dags/prediction_dag.py
[2026-01-01T16:32:44.017+0000] {processor.py:830} INFO - Processing file /opt/airflow/dags/prediction_dag.py for tasks to queue
[2026-01-01T16:32:44.019+0000] {logging_mixin.py:188} INFO - [2026-01-01T16:32:44.018+0000] {dagbag.py:540} INFO - Filling up the DagBag from /opt/airflow/dags/prediction_dag.py
[2026-01-01T16:32:44.050+0000] {processor.py:840} INFO - DAG(s) 'prediction_dag' retrieved from /opt/airflow/dags/prediction_dag.py
[2026-01-01T16:32:44.097+0000] {logging_mixin.py:188} INFO - [2026-01-01T16:32:44.096+0000] {dag.py:3047} INFO - Sync 1 DAGs
[2026-01-01T16:32:44.121+0000] {logging_mixin.py:188} INFO - [2026-01-01T16:32:44.120+0000] {dag.py:3834} INFO - Setting next_dagrun for prediction_dag to 2026-01-01 16:32:00+00:00, run_after=2026-01-01 16:34:00+00:00
[2026-01-01T16:32:44.140+0000] {processor.py:183} INFO - Processing /opt/airflow/dags/prediction_dag.py took 0.142 seconds
[2026-01-01T16:33:14.465+0000] {processor.py:161} INFO - Started process (PID=1056) to work on /opt/airflow/dags/prediction_dag.py
[2026-01-01T16:33:14.467+0000] {processor.py:830} INFO - Processing file /opt/airflow/dags/prediction_dag.py for tasks to queue
[2026-01-01T16:33:14.469+0000] {logging_mixin.py:188} INFO - [2026-01-01T16:33:14.468+0000] {dagbag.py:540} INFO - Filling up the DagBag from /opt/airflow/dags/prediction_dag.py
[2026-01-01T16:33:14.496+0000] {processor.py:840} INFO - DAG(s) 'prediction_dag' retrieved from /opt/airflow/dags/prediction_dag.py
[2026-01-01T16:33:14.532+0000] {logging_mixin.py:188} INFO - [2026-01-01T16:33:14.532+0000] {dag.py:3047} INFO - Sync 1 DAGs
[2026-01-01T16:33:14.556+0000] {logging_mixin.py:188} INFO - [2026-01-01T16:33:14.556+0000] {dag.py:3834} INFO - Setting next_dagrun for prediction_dag to 2026-01-01 16:32:00+00:00, run_after=2026-01-01 16:34:00+00:00
[2026-01-01T16:33:14.568+0000] {processor.py:183} INFO - Processing /opt/airflow/dags/prediction_dag.py took 0.111 seconds
[2026-01-01T16:33:44.829+0000] {processor.py:161} INFO - Started process (PID=1074) to work on /opt/airflow/dags/prediction_dag.py
[2026-01-01T16:33:44.832+0000] {processor.py:830} INFO - Processing file /opt/airflow/dags/prediction_dag.py for tasks to queue
[2026-01-01T16:33:44.833+0000] {logging_mixin.py:188} INFO - [2026-01-01T16:33:44.833+0000] {dagbag.py:540} INFO - Filling up the DagBag from /opt/airflow/dags/prediction_dag.py
[2026-01-01T16:33:44.864+0000] {processor.py:840} INFO - DAG(s) 'prediction_dag' retrieved from /opt/airflow/dags/prediction_dag.py
[2026-01-01T16:33:44.908+0000] {logging_mixin.py:188} INFO - [2026-01-01T16:33:44.908+0000] {dag.py:3047} INFO - Sync 1 DAGs
[2026-01-01T16:33:44.932+0000] {logging_mixin.py:188} INFO - [2026-01-01T16:33:44.932+0000] {dag.py:3834} INFO - Setting next_dagrun for prediction_dag to 2026-01-01 16:32:00+00:00, run_after=2026-01-01 16:34:00+00:00
[2026-01-01T16:33:44.950+0000] {processor.py:183} INFO - Processing /opt/airflow/dags/prediction_dag.py took 0.131 seconds
[2026-01-01T16:34:15.037+0000] {processor.py:161} INFO - Started process (PID=1160) to work on /opt/airflow/dags/prediction_dag.py
[2026-01-01T16:34:15.041+0000] {processor.py:830} INFO - Processing file /opt/airflow/dags/prediction_dag.py for tasks to queue
[2026-01-01T16:34:15.043+0000] {logging_mixin.py:188} INFO - [2026-01-01T16:34:15.043+0000] {dagbag.py:540} INFO - Filling up the DagBag from /opt/airflow/dags/prediction_dag.py
[2026-01-01T16:34:15.078+0000] {processor.py:840} INFO - DAG(s) 'prediction_dag' retrieved from /opt/airflow/dags/prediction_dag.py
[2026-01-01T16:34:15.116+0000] {logging_mixin.py:188} INFO - [2026-01-01T16:34:15.116+0000] {dag.py:3047} INFO - Sync 1 DAGs
[2026-01-01T16:34:15.397+0000] {logging_mixin.py:188} INFO - [2026-01-01T16:34:15.396+0000] {dag.py:3834} INFO - Setting next_dagrun for prediction_dag to 2026-01-01 16:34:00+00:00, run_after=2026-01-01 16:36:00+00:00
[2026-01-01T16:34:15.406+0000] {processor.py:183} INFO - Processing /opt/airflow/dags/prediction_dag.py took 0.382 seconds
[2026-01-01T16:34:45.800+0000] {processor.py:161} INFO - Started process (PID=1178) to work on /opt/airflow/dags/prediction_dag.py
[2026-01-01T16:34:45.805+0000] {processor.py:830} INFO - Processing file /opt/airflow/dags/prediction_dag.py for tasks to queue
[2026-01-01T16:34:45.807+0000] {logging_mixin.py:188} INFO - [2026-01-01T16:34:45.806+0000] {dagbag.py:540} INFO - Filling up the DagBag from /opt/airflow/dags/prediction_dag.py
[2026-01-01T16:34:45.846+0000] {processor.py:840} INFO - DAG(s) 'prediction_dag' retrieved from /opt/airflow/dags/prediction_dag.py
[2026-01-01T16:34:45.905+0000] {logging_mixin.py:188} INFO - [2026-01-01T16:34:45.904+0000] {dag.py:3047} INFO - Sync 1 DAGs
[2026-01-01T16:34:45.937+0000] {logging_mixin.py:188} INFO - [2026-01-01T16:34:45.937+0000] {dag.py:3834} INFO - Setting next_dagrun for prediction_dag to 2026-01-01 16:34:00+00:00, run_after=2026-01-01 16:36:00+00:00
[2026-01-01T16:34:45.957+0000] {processor.py:183} INFO - Processing /opt/airflow/dags/prediction_dag.py took 0.174 seconds
[2026-01-01T16:35:16.204+0000] {processor.py:161} INFO - Started process (PID=1258) to work on /opt/airflow/dags/prediction_dag.py
[2026-01-01T16:35:16.208+0000] {processor.py:830} INFO - Processing file /opt/airflow/dags/prediction_dag.py for tasks to queue
[2026-01-01T16:35:16.209+0000] {logging_mixin.py:188} INFO - [2026-01-01T16:35:16.209+0000] {dagbag.py:540} INFO - Filling up the DagBag from /opt/airflow/dags/prediction_dag.py
[2026-01-01T16:35:16.241+0000] {processor.py:840} INFO - DAG(s) 'prediction_dag' retrieved from /opt/airflow/dags/prediction_dag.py
[2026-01-01T16:35:16.288+0000] {logging_mixin.py:188} INFO - [2026-01-01T16:35:16.287+0000] {dag.py:3047} INFO - Sync 1 DAGs
[2026-01-01T16:35:16.313+0000] {logging_mixin.py:188} INFO - [2026-01-01T16:35:16.312+0000] {dag.py:3834} INFO - Setting next_dagrun for prediction_dag to 2026-01-01 16:34:00+00:00, run_after=2026-01-01 16:36:00+00:00
[2026-01-01T16:35:16.327+0000] {processor.py:183} INFO - Processing /opt/airflow/dags/prediction_dag.py took 0.133 seconds
[2026-01-01T16:35:46.635+0000] {processor.py:161} INFO - Started process (PID=1274) to work on /opt/airflow/dags/prediction_dag.py
[2026-01-01T16:35:46.636+0000] {processor.py:830} INFO - Processing file /opt/airflow/dags/prediction_dag.py for tasks to queue
[2026-01-01T16:35:46.637+0000] {logging_mixin.py:188} INFO - [2026-01-01T16:35:46.637+0000] {dagbag.py:540} INFO - Filling up the DagBag from /opt/airflow/dags/prediction_dag.py
[2026-01-01T16:35:46.657+0000] {processor.py:840} INFO - DAG(s) 'prediction_dag' retrieved from /opt/airflow/dags/prediction_dag.py
[2026-01-01T16:35:46.693+0000] {logging_mixin.py:188} INFO - [2026-01-01T16:35:46.693+0000] {dag.py:3047} INFO - Sync 1 DAGs
[2026-01-01T16:35:46.896+0000] {logging_mixin.py:188} INFO - [2026-01-01T16:35:46.896+0000] {dag.py:3834} INFO - Setting next_dagrun for prediction_dag to 2026-01-01 16:34:00+00:00, run_after=2026-01-01 16:36:00+00:00
[2026-01-01T16:35:46.916+0000] {processor.py:183} INFO - Processing /opt/airflow/dags/prediction_dag.py took 0.285 seconds
[2026-01-01T16:36:17.404+0000] {processor.py:161} INFO - Started process (PID=1352) to work on /opt/airflow/dags/prediction_dag.py
[2026-01-01T16:36:17.407+0000] {processor.py:830} INFO - Processing file /opt/airflow/dags/prediction_dag.py for tasks to queue
[2026-01-01T16:36:17.408+0000] {logging_mixin.py:188} INFO - [2026-01-01T16:36:17.407+0000] {dagbag.py:540} INFO - Filling up the DagBag from /opt/airflow/dags/prediction_dag.py
[2026-01-01T16:36:17.434+0000] {processor.py:840} INFO - DAG(s) 'prediction_dag' retrieved from /opt/airflow/dags/prediction_dag.py
[2026-01-01T16:36:17.488+0000] {logging_mixin.py:188} INFO - [2026-01-01T16:36:17.487+0000] {dag.py:3047} INFO - Sync 1 DAGs
[2026-01-01T16:36:17.525+0000] {logging_mixin.py:188} INFO - [2026-01-01T16:36:17.525+0000] {dag.py:3834} INFO - Setting next_dagrun for prediction_dag to 2026-01-01 16:36:00+00:00, run_after=2026-01-01 16:38:00+00:00
[2026-01-01T16:36:17.548+0000] {processor.py:183} INFO - Processing /opt/airflow/dags/prediction_dag.py took 0.150 seconds
[2026-01-01T16:36:47.888+0000] {processor.py:161} INFO - Started process (PID=1367) to work on /opt/airflow/dags/prediction_dag.py
[2026-01-01T16:36:47.891+0000] {processor.py:830} INFO - Processing file /opt/airflow/dags/prediction_dag.py for tasks to queue
[2026-01-01T16:36:47.893+0000] {logging_mixin.py:188} INFO - [2026-01-01T16:36:47.892+0000] {dagbag.py:540} INFO - Filling up the DagBag from /opt/airflow/dags/prediction_dag.py
[2026-01-01T16:36:47.925+0000] {processor.py:840} INFO - DAG(s) 'prediction_dag' retrieved from /opt/airflow/dags/prediction_dag.py
[2026-01-01T16:36:47.969+0000] {logging_mixin.py:188} INFO - [2026-01-01T16:36:47.969+0000] {dag.py:3047} INFO - Sync 1 DAGs
[2026-01-01T16:36:47.999+0000] {logging_mixin.py:188} INFO - [2026-01-01T16:36:47.999+0000] {dag.py:3834} INFO - Setting next_dagrun for prediction_dag to 2026-01-01 16:36:00+00:00, run_after=2026-01-01 16:38:00+00:00
[2026-01-01T16:36:48.218+0000] {processor.py:183} INFO - Processing /opt/airflow/dags/prediction_dag.py took 0.343 seconds
[2026-01-01T16:37:18.364+0000] {processor.py:161} INFO - Started process (PID=1447) to work on /opt/airflow/dags/prediction_dag.py
[2026-01-01T16:37:18.366+0000] {processor.py:830} INFO - Processing file /opt/airflow/dags/prediction_dag.py for tasks to queue
[2026-01-01T16:37:18.367+0000] {logging_mixin.py:188} INFO - [2026-01-01T16:37:18.367+0000] {dagbag.py:540} INFO - Filling up the DagBag from /opt/airflow/dags/prediction_dag.py
[2026-01-01T16:37:18.395+0000] {processor.py:840} INFO - DAG(s) 'prediction_dag' retrieved from /opt/airflow/dags/prediction_dag.py
[2026-01-01T16:37:18.720+0000] {logging_mixin.py:188} INFO - [2026-01-01T16:37:18.719+0000] {dag.py:3047} INFO - Sync 1 DAGs
[2026-01-01T16:37:18.735+0000] {logging_mixin.py:188} INFO - [2026-01-01T16:37:18.734+0000] {dag.py:3834} INFO - Setting next_dagrun for prediction_dag to 2026-01-01 16:36:00+00:00, run_after=2026-01-01 16:38:00+00:00
[2026-01-01T16:37:18.748+0000] {processor.py:183} INFO - Processing /opt/airflow/dags/prediction_dag.py took 0.398 seconds
[2026-01-01T16:37:49.225+0000] {processor.py:161} INFO - Started process (PID=1465) to work on /opt/airflow/dags/prediction_dag.py
[2026-01-01T16:37:49.227+0000] {processor.py:830} INFO - Processing file /opt/airflow/dags/prediction_dag.py for tasks to queue
[2026-01-01T16:37:49.228+0000] {logging_mixin.py:188} INFO - [2026-01-01T16:37:49.228+0000] {dagbag.py:540} INFO - Filling up the DagBag from /opt/airflow/dags/prediction_dag.py
[2026-01-01T16:37:49.255+0000] {processor.py:840} INFO - DAG(s) 'prediction_dag' retrieved from /opt/airflow/dags/prediction_dag.py
[2026-01-01T16:37:49.293+0000] {logging_mixin.py:188} INFO - [2026-01-01T16:37:49.293+0000] {dag.py:3047} INFO - Sync 1 DAGs
[2026-01-01T16:37:49.317+0000] {logging_mixin.py:188} INFO - [2026-01-01T16:37:49.317+0000] {dag.py:3834} INFO - Setting next_dagrun for prediction_dag to 2026-01-01 16:36:00+00:00, run_after=2026-01-01 16:38:00+00:00
[2026-01-01T16:37:49.336+0000] {processor.py:183} INFO - Processing /opt/airflow/dags/prediction_dag.py took 0.119 seconds
[2026-01-01T16:38:19.715+0000] {processor.py:161} INFO - Started process (PID=1551) to work on /opt/airflow/dags/prediction_dag.py
[2026-01-01T16:38:19.718+0000] {processor.py:830} INFO - Processing file /opt/airflow/dags/prediction_dag.py for tasks to queue
[2026-01-01T16:38:19.720+0000] {logging_mixin.py:188} INFO - [2026-01-01T16:38:19.719+0000] {dagbag.py:540} INFO - Filling up the DagBag from /opt/airflow/dags/prediction_dag.py
[2026-01-01T16:38:19.762+0000] {processor.py:840} INFO - DAG(s) 'prediction_dag' retrieved from /opt/airflow/dags/prediction_dag.py
[2026-01-01T16:38:19.805+0000] {logging_mixin.py:188} INFO - [2026-01-01T16:38:19.805+0000] {dag.py:3047} INFO - Sync 1 DAGs
[2026-01-01T16:38:20.106+0000] {logging_mixin.py:188} INFO - [2026-01-01T16:38:20.106+0000] {dag.py:3834} INFO - Setting next_dagrun for prediction_dag to 2026-01-01 16:38:00+00:00, run_after=2026-01-01 16:40:00+00:00
[2026-01-01T16:38:20.117+0000] {processor.py:183} INFO - Processing /opt/airflow/dags/prediction_dag.py took 0.415 seconds
[2026-01-01T16:38:50.514+0000] {processor.py:161} INFO - Started process (PID=1569) to work on /opt/airflow/dags/prediction_dag.py
[2026-01-01T16:38:50.516+0000] {processor.py:830} INFO - Processing file /opt/airflow/dags/prediction_dag.py for tasks to queue
[2026-01-01T16:38:50.517+0000] {logging_mixin.py:188} INFO - [2026-01-01T16:38:50.517+0000] {dagbag.py:540} INFO - Filling up the DagBag from /opt/airflow/dags/prediction_dag.py
[2026-01-01T16:38:50.883+0000] {processor.py:840} INFO - DAG(s) 'prediction_dag' retrieved from /opt/airflow/dags/prediction_dag.py
[2026-01-01T16:38:50.912+0000] {logging_mixin.py:188} INFO - [2026-01-01T16:38:50.912+0000] {dag.py:3047} INFO - Sync 1 DAGs
[2026-01-01T16:38:50.932+0000] {logging_mixin.py:188} INFO - [2026-01-01T16:38:50.932+0000] {dag.py:3834} INFO - Setting next_dagrun for prediction_dag to 2026-01-01 16:38:00+00:00, run_after=2026-01-01 16:40:00+00:00
[2026-01-01T16:38:50.942+0000] {processor.py:183} INFO - Processing /opt/airflow/dags/prediction_dag.py took 0.437 seconds
[2026-01-01T16:39:21.046+0000] {processor.py:161} INFO - Started process (PID=1649) to work on /opt/airflow/dags/prediction_dag.py
[2026-01-01T16:39:21.051+0000] {processor.py:830} INFO - Processing file /opt/airflow/dags/prediction_dag.py for tasks to queue
[2026-01-01T16:39:21.053+0000] {logging_mixin.py:188} INFO - [2026-01-01T16:39:21.052+0000] {dagbag.py:540} INFO - Filling up the DagBag from /opt/airflow/dags/prediction_dag.py
[2026-01-01T16:39:21.085+0000] {processor.py:840} INFO - DAG(s) 'prediction_dag' retrieved from /opt/airflow/dags/prediction_dag.py
[2026-01-01T16:39:21.134+0000] {logging_mixin.py:188} INFO - [2026-01-01T16:39:21.134+0000] {dag.py:3047} INFO - Sync 1 DAGs
[2026-01-01T16:39:21.158+0000] {logging_mixin.py:188} INFO - [2026-01-01T16:39:21.158+0000] {dag.py:3834} INFO - Setting next_dagrun for prediction_dag to 2026-01-01 16:38:00+00:00, run_after=2026-01-01 16:40:00+00:00
[2026-01-01T16:39:21.169+0000] {processor.py:183} INFO - Processing /opt/airflow/dags/prediction_dag.py took 0.132 seconds
[2026-01-01T16:39:51.275+0000] {processor.py:161} INFO - Started process (PID=1667) to work on /opt/airflow/dags/prediction_dag.py
[2026-01-01T16:39:51.283+0000] {processor.py:830} INFO - Processing file /opt/airflow/dags/prediction_dag.py for tasks to queue
[2026-01-01T16:39:51.285+0000] {logging_mixin.py:188} INFO - [2026-01-01T16:39:51.284+0000] {dagbag.py:540} INFO - Filling up the DagBag from /opt/airflow/dags/prediction_dag.py
[2026-01-01T16:39:51.316+0000] {processor.py:840} INFO - DAG(s) 'prediction_dag' retrieved from /opt/airflow/dags/prediction_dag.py
[2026-01-01T16:39:51.364+0000] {logging_mixin.py:188} INFO - [2026-01-01T16:39:51.364+0000] {dag.py:3047} INFO - Sync 1 DAGs
[2026-01-01T16:39:51.394+0000] {logging_mixin.py:188} INFO - [2026-01-01T16:39:51.394+0000] {dag.py:3834} INFO - Setting next_dagrun for prediction_dag to 2026-01-01 16:38:00+00:00, run_after=2026-01-01 16:40:00+00:00
[2026-01-01T16:39:51.414+0000] {processor.py:183} INFO - Processing /opt/airflow/dags/prediction_dag.py took 0.153 seconds
[2026-01-01T16:40:21.685+0000] {processor.py:161} INFO - Started process (PID=1753) to work on /opt/airflow/dags/prediction_dag.py
[2026-01-01T16:40:21.686+0000] {processor.py:830} INFO - Processing file /opt/airflow/dags/prediction_dag.py for tasks to queue
[2026-01-01T16:40:21.687+0000] {logging_mixin.py:188} INFO - [2026-01-01T16:40:21.687+0000] {dagbag.py:540} INFO - Filling up the DagBag from /opt/airflow/dags/prediction_dag.py
[2026-01-01T16:40:21.714+0000] {processor.py:840} INFO - DAG(s) 'prediction_dag' retrieved from /opt/airflow/dags/prediction_dag.py
[2026-01-01T16:40:21.752+0000] {logging_mixin.py:188} INFO - [2026-01-01T16:40:21.752+0000] {dag.py:3047} INFO - Sync 1 DAGs
[2026-01-01T16:40:21.780+0000] {logging_mixin.py:188} INFO - [2026-01-01T16:40:21.780+0000] {dag.py:3834} INFO - Setting next_dagrun for prediction_dag to 2026-01-01 16:40:00+00:00, run_after=2026-01-01 16:42:00+00:00
[2026-01-01T16:40:21.794+0000] {processor.py:183} INFO - Processing /opt/airflow/dags/prediction_dag.py took 0.114 seconds
[2026-01-01T16:40:52.124+0000] {processor.py:161} INFO - Started process (PID=1771) to work on /opt/airflow/dags/prediction_dag.py
[2026-01-01T16:40:52.127+0000] {processor.py:830} INFO - Processing file /opt/airflow/dags/prediction_dag.py for tasks to queue
[2026-01-01T16:40:52.129+0000] {logging_mixin.py:188} INFO - [2026-01-01T16:40:52.128+0000] {dagbag.py:540} INFO - Filling up the DagBag from /opt/airflow/dags/prediction_dag.py
[2026-01-01T16:40:52.149+0000] {processor.py:840} INFO - DAG(s) 'prediction_dag' retrieved from /opt/airflow/dags/prediction_dag.py
[2026-01-01T16:40:52.178+0000] {logging_mixin.py:188} INFO - [2026-01-01T16:40:52.178+0000] {dag.py:3047} INFO - Sync 1 DAGs
[2026-01-01T16:40:52.194+0000] {logging_mixin.py:188} INFO - [2026-01-01T16:40:52.194+0000] {dag.py:3834} INFO - Setting next_dagrun for prediction_dag to 2026-01-01 16:40:00+00:00, run_after=2026-01-01 16:42:00+00:00
[2026-01-01T16:40:52.205+0000] {processor.py:183} INFO - Processing /opt/airflow/dags/prediction_dag.py took 0.089 seconds
[2026-01-01T16:41:22.499+0000] {processor.py:161} INFO - Started process (PID=1851) to work on /opt/airflow/dags/prediction_dag.py
[2026-01-01T16:41:22.502+0000] {processor.py:830} INFO - Processing file /opt/airflow/dags/prediction_dag.py for tasks to queue
[2026-01-01T16:41:22.504+0000] {logging_mixin.py:188} INFO - [2026-01-01T16:41:22.504+0000] {dagbag.py:540} INFO - Filling up the DagBag from /opt/airflow/dags/prediction_dag.py
[2026-01-01T16:41:22.535+0000] {processor.py:840} INFO - DAG(s) 'prediction_dag' retrieved from /opt/airflow/dags/prediction_dag.py
[2026-01-01T16:41:22.583+0000] {logging_mixin.py:188} INFO - [2026-01-01T16:41:22.583+0000] {dag.py:3047} INFO - Sync 1 DAGs
[2026-01-01T16:41:22.609+0000] {logging_mixin.py:188} INFO - [2026-01-01T16:41:22.609+0000] {dag.py:3834} INFO - Setting next_dagrun for prediction_dag to 2026-01-01 16:40:00+00:00, run_after=2026-01-01 16:42:00+00:00
[2026-01-01T16:41:22.623+0000] {processor.py:183} INFO - Processing /opt/airflow/dags/prediction_dag.py took 0.131 seconds
[2026-01-01T16:41:52.676+0000] {processor.py:161} INFO - Started process (PID=1869) to work on /opt/airflow/dags/prediction_dag.py
[2026-01-01T16:41:52.678+0000] {processor.py:830} INFO - Processing file /opt/airflow/dags/prediction_dag.py for tasks to queue
[2026-01-01T16:41:52.679+0000] {logging_mixin.py:188} INFO - [2026-01-01T16:41:52.679+0000] {dagbag.py:540} INFO - Filling up the DagBag from /opt/airflow/dags/prediction_dag.py
[2026-01-01T16:41:52.704+0000] {processor.py:840} INFO - DAG(s) 'prediction_dag' retrieved from /opt/airflow/dags/prediction_dag.py
[2026-01-01T16:41:52.742+0000] {logging_mixin.py:188} INFO - [2026-01-01T16:41:52.742+0000] {dag.py:3047} INFO - Sync 1 DAGs
[2026-01-01T16:41:52.764+0000] {logging_mixin.py:188} INFO - [2026-01-01T16:41:52.764+0000] {dag.py:3834} INFO - Setting next_dagrun for prediction_dag to 2026-01-01 16:40:00+00:00, run_after=2026-01-01 16:42:00+00:00
[2026-01-01T16:41:52.775+0000] {processor.py:183} INFO - Processing /opt/airflow/dags/prediction_dag.py took 0.109 seconds
[2026-01-01T16:42:23.231+0000] {processor.py:161} INFO - Started process (PID=1955) to work on /opt/airflow/dags/prediction_dag.py
[2026-01-01T16:42:23.237+0000] {processor.py:830} INFO - Processing file /opt/airflow/dags/prediction_dag.py for tasks to queue
[2026-01-01T16:42:23.239+0000] {logging_mixin.py:188} INFO - [2026-01-01T16:42:23.238+0000] {dagbag.py:540} INFO - Filling up the DagBag from /opt/airflow/dags/prediction_dag.py
[2026-01-01T16:42:23.277+0000] {processor.py:840} INFO - DAG(s) 'prediction_dag' retrieved from /opt/airflow/dags/prediction_dag.py
[2026-01-01T16:42:23.362+0000] {logging_mixin.py:188} INFO - [2026-01-01T16:42:23.362+0000] {dag.py:3047} INFO - Sync 1 DAGs
[2026-01-01T16:42:23.394+0000] {logging_mixin.py:188} INFO - [2026-01-01T16:42:23.394+0000] {dag.py:3834} INFO - Setting next_dagrun for prediction_dag to 2026-01-01 16:42:00+00:00, run_after=2026-01-01 16:44:00+00:00
[2026-01-01T16:42:23.407+0000] {processor.py:183} INFO - Processing /opt/airflow/dags/prediction_dag.py took 0.199 seconds
[2026-01-01T16:42:53.543+0000] {processor.py:161} INFO - Started process (PID=1973) to work on /opt/airflow/dags/prediction_dag.py
[2026-01-01T16:42:53.547+0000] {processor.py:830} INFO - Processing file /opt/airflow/dags/prediction_dag.py for tasks to queue
[2026-01-01T16:42:53.548+0000] {logging_mixin.py:188} INFO - [2026-01-01T16:42:53.548+0000] {dagbag.py:540} INFO - Filling up the DagBag from /opt/airflow/dags/prediction_dag.py
[2026-01-01T16:42:53.582+0000] {processor.py:840} INFO - DAG(s) 'prediction_dag' retrieved from /opt/airflow/dags/prediction_dag.py
[2026-01-01T16:42:53.636+0000] {logging_mixin.py:188} INFO - [2026-01-01T16:42:53.636+0000] {dag.py:3047} INFO - Sync 1 DAGs
[2026-01-01T16:42:53.664+0000] {logging_mixin.py:188} INFO - [2026-01-01T16:42:53.663+0000] {dag.py:3834} INFO - Setting next_dagrun for prediction_dag to 2026-01-01 16:42:00+00:00, run_after=2026-01-01 16:44:00+00:00
[2026-01-01T16:42:53.677+0000] {processor.py:183} INFO - Processing /opt/airflow/dags/prediction_dag.py took 0.144 seconds
[2026-01-01T16:43:23.831+0000] {processor.py:161} INFO - Started process (PID=2053) to work on /opt/airflow/dags/prediction_dag.py
[2026-01-01T16:43:23.833+0000] {processor.py:830} INFO - Processing file /opt/airflow/dags/prediction_dag.py for tasks to queue
[2026-01-01T16:43:23.836+0000] {logging_mixin.py:188} INFO - [2026-01-01T16:43:23.835+0000] {dagbag.py:540} INFO - Filling up the DagBag from /opt/airflow/dags/prediction_dag.py
[2026-01-01T16:43:23.873+0000] {processor.py:840} INFO - DAG(s) 'prediction_dag' retrieved from /opt/airflow/dags/prediction_dag.py
[2026-01-01T16:43:23.917+0000] {logging_mixin.py:188} INFO - [2026-01-01T16:43:23.917+0000] {dag.py:3047} INFO - Sync 1 DAGs
[2026-01-01T16:43:23.945+0000] {logging_mixin.py:188} INFO - [2026-01-01T16:43:23.945+0000] {dag.py:3834} INFO - Setting next_dagrun for prediction_dag to 2026-01-01 16:42:00+00:00, run_after=2026-01-01 16:44:00+00:00
[2026-01-01T16:43:23.958+0000] {processor.py:183} INFO - Processing /opt/airflow/dags/prediction_dag.py took 0.140 seconds
[2026-01-01T16:43:54.314+0000] {processor.py:161} INFO - Started process (PID=2071) to work on /opt/airflow/dags/prediction_dag.py
[2026-01-01T16:43:54.315+0000] {processor.py:830} INFO - Processing file /opt/airflow/dags/prediction_dag.py for tasks to queue
[2026-01-01T16:43:54.316+0000] {logging_mixin.py:188} INFO - [2026-01-01T16:43:54.315+0000] {dagbag.py:540} INFO - Filling up the DagBag from /opt/airflow/dags/prediction_dag.py
[2026-01-01T16:43:54.330+0000] {processor.py:840} INFO - DAG(s) 'prediction_dag' retrieved from /opt/airflow/dags/prediction_dag.py
[2026-01-01T16:43:54.353+0000] {logging_mixin.py:188} INFO - [2026-01-01T16:43:54.352+0000] {dag.py:3047} INFO - Sync 1 DAGs
[2026-01-01T16:43:54.373+0000] {logging_mixin.py:188} INFO - [2026-01-01T16:43:54.373+0000] {dag.py:3834} INFO - Setting next_dagrun for prediction_dag to 2026-01-01 16:42:00+00:00, run_after=2026-01-01 16:44:00+00:00
[2026-01-01T16:43:54.384+0000] {processor.py:183} INFO - Processing /opt/airflow/dags/prediction_dag.py took 0.075 seconds
[2026-01-01T16:44:24.888+0000] {processor.py:161} INFO - Started process (PID=2148) to work on /opt/airflow/dags/prediction_dag.py
[2026-01-01T16:44:24.889+0000] {processor.py:830} INFO - Processing file /opt/airflow/dags/prediction_dag.py for tasks to queue
[2026-01-01T16:44:24.890+0000] {logging_mixin.py:188} INFO - [2026-01-01T16:44:24.890+0000] {dagbag.py:540} INFO - Filling up the DagBag from /opt/airflow/dags/prediction_dag.py
[2026-01-01T16:44:24.906+0000] {processor.py:840} INFO - DAG(s) 'prediction_dag' retrieved from /opt/airflow/dags/prediction_dag.py
[2026-01-01T16:44:24.941+0000] {logging_mixin.py:188} INFO - [2026-01-01T16:44:24.941+0000] {dag.py:3047} INFO - Sync 1 DAGs
[2026-01-01T16:44:24.966+0000] {logging_mixin.py:188} INFO - [2026-01-01T16:44:24.966+0000] {dag.py:3834} INFO - Setting next_dagrun for prediction_dag to 2026-01-01 16:44:00+00:00, run_after=2026-01-01 16:46:00+00:00
[2026-01-01T16:44:24.979+0000] {processor.py:183} INFO - Processing /opt/airflow/dags/prediction_dag.py took 0.094 seconds
[2026-01-01T16:44:55.198+0000] {processor.py:161} INFO - Started process (PID=2162) to work on /opt/airflow/dags/prediction_dag.py
[2026-01-01T16:44:55.202+0000] {processor.py:830} INFO - Processing file /opt/airflow/dags/prediction_dag.py for tasks to queue
[2026-01-01T16:44:55.205+0000] {logging_mixin.py:188} INFO - [2026-01-01T16:44:55.204+0000] {dagbag.py:540} INFO - Filling up the DagBag from /opt/airflow/dags/prediction_dag.py
[2026-01-01T16:44:55.232+0000] {processor.py:840} INFO - DAG(s) 'prediction_dag' retrieved from /opt/airflow/dags/prediction_dag.py
[2026-01-01T16:44:55.275+0000] {logging_mixin.py:188} INFO - [2026-01-01T16:44:55.275+0000] {dag.py:3047} INFO - Sync 1 DAGs
[2026-01-01T16:44:55.299+0000] {logging_mixin.py:188} INFO - [2026-01-01T16:44:55.299+0000] {dag.py:3834} INFO - Setting next_dagrun for prediction_dag to 2026-01-01 16:44:00+00:00, run_after=2026-01-01 16:46:00+00:00
[2026-01-01T16:44:55.312+0000] {processor.py:183} INFO - Processing /opt/airflow/dags/prediction_dag.py took 0.122 seconds
[2026-01-01T16:45:25.518+0000] {processor.py:161} INFO - Started process (PID=2242) to work on /opt/airflow/dags/prediction_dag.py
[2026-01-01T16:45:25.523+0000] {processor.py:830} INFO - Processing file /opt/airflow/dags/prediction_dag.py for tasks to queue
[2026-01-01T16:45:25.526+0000] {logging_mixin.py:188} INFO - [2026-01-01T16:45:25.524+0000] {dagbag.py:540} INFO - Filling up the DagBag from /opt/airflow/dags/prediction_dag.py
[2026-01-01T16:45:25.589+0000] {processor.py:840} INFO - DAG(s) 'prediction_dag' retrieved from /opt/airflow/dags/prediction_dag.py
[2026-01-01T16:45:25.666+0000] {logging_mixin.py:188} INFO - [2026-01-01T16:45:25.666+0000] {dag.py:3047} INFO - Sync 1 DAGs
[2026-01-01T16:45:25.702+0000] {logging_mixin.py:188} INFO - [2026-01-01T16:45:25.702+0000] {dag.py:3834} INFO - Setting next_dagrun for prediction_dag to 2026-01-01 16:44:00+00:00, run_after=2026-01-01 16:46:00+00:00
[2026-01-01T16:45:25.725+0000] {processor.py:183} INFO - Processing /opt/airflow/dags/prediction_dag.py took 0.220 seconds
[2026-01-01T16:45:56.020+0000] {processor.py:161} INFO - Started process (PID=2260) to work on /opt/airflow/dags/prediction_dag.py
[2026-01-01T16:45:56.025+0000] {processor.py:830} INFO - Processing file /opt/airflow/dags/prediction_dag.py for tasks to queue
[2026-01-01T16:45:56.026+0000] {logging_mixin.py:188} INFO - [2026-01-01T16:45:56.026+0000] {dagbag.py:540} INFO - Filling up the DagBag from /opt/airflow/dags/prediction_dag.py
[2026-01-01T16:45:56.059+0000] {processor.py:840} INFO - DAG(s) 'prediction_dag' retrieved from /opt/airflow/dags/prediction_dag.py
[2026-01-01T16:45:56.098+0000] {logging_mixin.py:188} INFO - [2026-01-01T16:45:56.098+0000] {dag.py:3047} INFO - Sync 1 DAGs
[2026-01-01T16:45:56.128+0000] {logging_mixin.py:188} INFO - [2026-01-01T16:45:56.128+0000] {dag.py:3834} INFO - Setting next_dagrun for prediction_dag to 2026-01-01 16:44:00+00:00, run_after=2026-01-01 16:46:00+00:00
[2026-01-01T16:45:56.142+0000] {processor.py:183} INFO - Processing /opt/airflow/dags/prediction_dag.py took 0.136 seconds
[2026-01-01T16:46:26.394+0000] {processor.py:161} INFO - Started process (PID=2346) to work on /opt/airflow/dags/prediction_dag.py
[2026-01-01T16:46:26.397+0000] {processor.py:830} INFO - Processing file /opt/airflow/dags/prediction_dag.py for tasks to queue
[2026-01-01T16:46:26.398+0000] {logging_mixin.py:188} INFO - [2026-01-01T16:46:26.398+0000] {dagbag.py:540} INFO - Filling up the DagBag from /opt/airflow/dags/prediction_dag.py
[2026-01-01T16:46:26.427+0000] {processor.py:840} INFO - DAG(s) 'prediction_dag' retrieved from /opt/airflow/dags/prediction_dag.py
[2026-01-01T16:46:26.463+0000] {logging_mixin.py:188} INFO - [2026-01-01T16:46:26.463+0000] {dag.py:3047} INFO - Sync 1 DAGs
[2026-01-01T16:46:26.490+0000] {logging_mixin.py:188} INFO - [2026-01-01T16:46:26.490+0000] {dag.py:3834} INFO - Setting next_dagrun for prediction_dag to 2026-01-01 16:46:00+00:00, run_after=2026-01-01 16:48:00+00:00
[2026-01-01T16:46:26.502+0000] {processor.py:183} INFO - Processing /opt/airflow/dags/prediction_dag.py took 0.117 seconds
[2026-01-01T16:46:56.963+0000] {processor.py:161} INFO - Started process (PID=2364) to work on /opt/airflow/dags/prediction_dag.py
[2026-01-01T16:46:56.967+0000] {processor.py:830} INFO - Processing file /opt/airflow/dags/prediction_dag.py for tasks to queue
[2026-01-01T16:46:56.970+0000] {logging_mixin.py:188} INFO - [2026-01-01T16:46:56.969+0000] {dagbag.py:540} INFO - Filling up the DagBag from /opt/airflow/dags/prediction_dag.py
[2026-01-01T16:46:57.003+0000] {processor.py:840} INFO - DAG(s) 'prediction_dag' retrieved from /opt/airflow/dags/prediction_dag.py
[2026-01-01T16:46:57.039+0000] {logging_mixin.py:188} INFO - [2026-01-01T16:46:57.039+0000] {dag.py:3047} INFO - Sync 1 DAGs
[2026-01-01T16:46:57.066+0000] {logging_mixin.py:188} INFO - [2026-01-01T16:46:57.066+0000] {dag.py:3834} INFO - Setting next_dagrun for prediction_dag to 2026-01-01 16:46:00+00:00, run_after=2026-01-01 16:48:00+00:00
[2026-01-01T16:46:57.080+0000] {processor.py:183} INFO - Processing /opt/airflow/dags/prediction_dag.py took 0.126 seconds
[2026-01-01T16:47:27.746+0000] {processor.py:161} INFO - Started process (PID=2444) to work on /opt/airflow/dags/prediction_dag.py
[2026-01-01T16:47:27.751+0000] {processor.py:830} INFO - Processing file /opt/airflow/dags/prediction_dag.py for tasks to queue
[2026-01-01T16:47:27.753+0000] {logging_mixin.py:188} INFO - [2026-01-01T16:47:27.752+0000] {dagbag.py:540} INFO - Filling up the DagBag from /opt/airflow/dags/prediction_dag.py
[2026-01-01T16:47:27.787+0000] {processor.py:840} INFO - DAG(s) 'prediction_dag' retrieved from /opt/airflow/dags/prediction_dag.py
[2026-01-01T16:47:27.827+0000] {logging_mixin.py:188} INFO - [2026-01-01T16:47:27.826+0000] {dag.py:3047} INFO - Sync 1 DAGs
[2026-01-01T16:47:27.853+0000] {logging_mixin.py:188} INFO - [2026-01-01T16:47:27.853+0000] {dag.py:3834} INFO - Setting next_dagrun for prediction_dag to 2026-01-01 16:46:00+00:00, run_after=2026-01-01 16:48:00+00:00
[2026-01-01T16:47:27.868+0000] {processor.py:183} INFO - Processing /opt/airflow/dags/prediction_dag.py took 0.129 seconds
[2026-01-01T16:47:58.216+0000] {processor.py:161} INFO - Started process (PID=2462) to work on /opt/airflow/dags/prediction_dag.py
[2026-01-01T16:47:58.220+0000] {processor.py:830} INFO - Processing file /opt/airflow/dags/prediction_dag.py for tasks to queue
[2026-01-01T16:47:58.223+0000] {logging_mixin.py:188} INFO - [2026-01-01T16:47:58.222+0000] {dagbag.py:540} INFO - Filling up the DagBag from /opt/airflow/dags/prediction_dag.py
[2026-01-01T16:47:58.255+0000] {processor.py:840} INFO - DAG(s) 'prediction_dag' retrieved from /opt/airflow/dags/prediction_dag.py
[2026-01-01T16:47:58.296+0000] {logging_mixin.py:188} INFO - [2026-01-01T16:47:58.295+0000] {dag.py:3047} INFO - Sync 1 DAGs
[2026-01-01T16:47:58.328+0000] {logging_mixin.py:188} INFO - [2026-01-01T16:47:58.327+0000] {dag.py:3834} INFO - Setting next_dagrun for prediction_dag to 2026-01-01 16:46:00+00:00, run_after=2026-01-01 16:48:00+00:00
[2026-01-01T16:47:58.342+0000] {processor.py:183} INFO - Processing /opt/airflow/dags/prediction_dag.py took 0.132 seconds
[2026-01-01T16:48:28.606+0000] {processor.py:161} INFO - Started process (PID=2548) to work on /opt/airflow/dags/prediction_dag.py
[2026-01-01T16:48:28.612+0000] {processor.py:830} INFO - Processing file /opt/airflow/dags/prediction_dag.py for tasks to queue
[2026-01-01T16:48:28.613+0000] {logging_mixin.py:188} INFO - [2026-01-01T16:48:28.612+0000] {dagbag.py:540} INFO - Filling up the DagBag from /opt/airflow/dags/prediction_dag.py
[2026-01-01T16:48:28.647+0000] {processor.py:840} INFO - DAG(s) 'prediction_dag' retrieved from /opt/airflow/dags/prediction_dag.py
[2026-01-01T16:48:28.686+0000] {logging_mixin.py:188} INFO - [2026-01-01T16:48:28.686+0000] {dag.py:3047} INFO - Sync 1 DAGs
[2026-01-01T16:48:28.713+0000] {logging_mixin.py:188} INFO - [2026-01-01T16:48:28.713+0000] {dag.py:3834} INFO - Setting next_dagrun for prediction_dag to 2026-01-01 16:48:00+00:00, run_after=2026-01-01 16:50:00+00:00
[2026-01-01T16:48:28.725+0000] {processor.py:183} INFO - Processing /opt/airflow/dags/prediction_dag.py took 0.127 seconds
[2026-01-01T16:48:58.832+0000] {processor.py:161} INFO - Started process (PID=2566) to work on /opt/airflow/dags/prediction_dag.py
[2026-01-01T16:48:58.835+0000] {processor.py:830} INFO - Processing file /opt/airflow/dags/prediction_dag.py for tasks to queue
[2026-01-01T16:48:58.836+0000] {logging_mixin.py:188} INFO - [2026-01-01T16:48:58.835+0000] {dagbag.py:540} INFO - Filling up the DagBag from /opt/airflow/dags/prediction_dag.py
[2026-01-01T16:48:58.869+0000] {processor.py:840} INFO - DAG(s) 'prediction_dag' retrieved from /opt/airflow/dags/prediction_dag.py
[2026-01-01T16:48:58.912+0000] {logging_mixin.py:188} INFO - [2026-01-01T16:48:58.911+0000] {dag.py:3047} INFO - Sync 1 DAGs
[2026-01-01T16:48:58.946+0000] {logging_mixin.py:188} INFO - [2026-01-01T16:48:58.945+0000] {dag.py:3834} INFO - Setting next_dagrun for prediction_dag to 2026-01-01 16:48:00+00:00, run_after=2026-01-01 16:50:00+00:00
[2026-01-01T16:48:58.962+0000] {processor.py:183} INFO - Processing /opt/airflow/dags/prediction_dag.py took 0.139 seconds
[2026-01-01T16:49:29.615+0000] {processor.py:161} INFO - Started process (PID=2646) to work on /opt/airflow/dags/prediction_dag.py
[2026-01-01T16:49:29.619+0000] {processor.py:830} INFO - Processing file /opt/airflow/dags/prediction_dag.py for tasks to queue
[2026-01-01T16:49:29.623+0000] {logging_mixin.py:188} INFO - [2026-01-01T16:49:29.620+0000] {dagbag.py:540} INFO - Filling up the DagBag from /opt/airflow/dags/prediction_dag.py
[2026-01-01T16:49:29.660+0000] {processor.py:840} INFO - DAG(s) 'prediction_dag' retrieved from /opt/airflow/dags/prediction_dag.py
[2026-01-01T16:49:29.704+0000] {logging_mixin.py:188} INFO - [2026-01-01T16:49:29.704+0000] {dag.py:3047} INFO - Sync 1 DAGs
[2026-01-01T16:49:29.733+0000] {logging_mixin.py:188} INFO - [2026-01-01T16:49:29.733+0000] {dag.py:3834} INFO - Setting next_dagrun for prediction_dag to 2026-01-01 16:48:00+00:00, run_after=2026-01-01 16:50:00+00:00
[2026-01-01T16:49:29.748+0000] {processor.py:183} INFO - Processing /opt/airflow/dags/prediction_dag.py took 0.147 seconds
[2026-01-01T16:50:00.123+0000] {processor.py:161} INFO - Started process (PID=2664) to work on /opt/airflow/dags/prediction_dag.py
[2026-01-01T16:50:00.130+0000] {processor.py:830} INFO - Processing file /opt/airflow/dags/prediction_dag.py for tasks to queue
[2026-01-01T16:50:00.132+0000] {logging_mixin.py:188} INFO - [2026-01-01T16:50:00.131+0000] {dagbag.py:540} INFO - Filling up the DagBag from /opt/airflow/dags/prediction_dag.py
[2026-01-01T16:50:00.160+0000] {processor.py:840} INFO - DAG(s) 'prediction_dag' retrieved from /opt/airflow/dags/prediction_dag.py
[2026-01-01T16:50:00.222+0000] {logging_mixin.py:188} INFO - [2026-01-01T16:50:00.220+0000] {dag.py:3047} INFO - Sync 1 DAGs
[2026-01-01T16:50:00.246+0000] {logging_mixin.py:188} INFO - [2026-01-01T16:50:00.246+0000] {dag.py:3834} INFO - Setting next_dagrun for prediction_dag to 2026-01-01 16:48:00+00:00, run_after=2026-01-01 16:50:00+00:00
[2026-01-01T16:50:00.265+0000] {processor.py:183} INFO - Processing /opt/airflow/dags/prediction_dag.py took 0.151 seconds
[2026-01-01T16:50:30.840+0000] {processor.py:161} INFO - Started process (PID=2750) to work on /opt/airflow/dags/prediction_dag.py
[2026-01-01T16:50:30.844+0000] {processor.py:830} INFO - Processing file /opt/airflow/dags/prediction_dag.py for tasks to queue
[2026-01-01T16:50:30.845+0000] {logging_mixin.py:188} INFO - [2026-01-01T16:50:30.844+0000] {dagbag.py:540} INFO - Filling up the DagBag from /opt/airflow/dags/prediction_dag.py
[2026-01-01T16:50:30.874+0000] {processor.py:840} INFO - DAG(s) 'prediction_dag' retrieved from /opt/airflow/dags/prediction_dag.py
[2026-01-01T16:50:30.917+0000] {logging_mixin.py:188} INFO - [2026-01-01T16:50:30.917+0000] {dag.py:3047} INFO - Sync 1 DAGs
[2026-01-01T16:50:30.942+0000] {logging_mixin.py:188} INFO - [2026-01-01T16:50:30.942+0000] {dag.py:3834} INFO - Setting next_dagrun for prediction_dag to 2026-01-01 16:50:00+00:00, run_after=2026-01-01 16:52:00+00:00
[2026-01-01T16:50:30.961+0000] {processor.py:183} INFO - Processing /opt/airflow/dags/prediction_dag.py took 0.128 seconds
[2026-01-01T16:51:01.491+0000] {processor.py:161} INFO - Started process (PID=2769) to work on /opt/airflow/dags/prediction_dag.py
[2026-01-01T16:51:01.502+0000] {processor.py:830} INFO - Processing file /opt/airflow/dags/prediction_dag.py for tasks to queue
[2026-01-01T16:51:01.505+0000] {logging_mixin.py:188} INFO - [2026-01-01T16:51:01.504+0000] {dagbag.py:540} INFO - Filling up the DagBag from /opt/airflow/dags/prediction_dag.py
[2026-01-01T16:51:01.551+0000] {processor.py:840} INFO - DAG(s) 'prediction_dag' retrieved from /opt/airflow/dags/prediction_dag.py
[2026-01-01T16:51:01.660+0000] {logging_mixin.py:188} INFO - [2026-01-01T16:51:01.659+0000] {dag.py:3047} INFO - Sync 1 DAGs
[2026-01-01T16:51:01.702+0000] {logging_mixin.py:188} INFO - [2026-01-01T16:51:01.702+0000] {dag.py:3834} INFO - Setting next_dagrun for prediction_dag to 2026-01-01 16:50:00+00:00, run_after=2026-01-01 16:52:00+00:00
[2026-01-01T16:51:01.737+0000] {processor.py:183} INFO - Processing /opt/airflow/dags/prediction_dag.py took 0.260 seconds
[2026-01-01T16:51:32.086+0000] {processor.py:161} INFO - Started process (PID=2848) to work on /opt/airflow/dags/prediction_dag.py
[2026-01-01T16:51:32.090+0000] {processor.py:830} INFO - Processing file /opt/airflow/dags/prediction_dag.py for tasks to queue
[2026-01-01T16:51:32.091+0000] {logging_mixin.py:188} INFO - [2026-01-01T16:51:32.091+0000] {dagbag.py:540} INFO - Filling up the DagBag from /opt/airflow/dags/prediction_dag.py
[2026-01-01T16:51:32.116+0000] {processor.py:840} INFO - DAG(s) 'prediction_dag' retrieved from /opt/airflow/dags/prediction_dag.py
[2026-01-01T16:51:32.145+0000] {logging_mixin.py:188} INFO - [2026-01-01T16:51:32.145+0000] {dag.py:3047} INFO - Sync 1 DAGs
[2026-01-01T16:51:32.165+0000] {logging_mixin.py:188} INFO - [2026-01-01T16:51:32.165+0000] {dag.py:3834} INFO - Setting next_dagrun for prediction_dag to 2026-01-01 16:50:00+00:00, run_after=2026-01-01 16:52:00+00:00
[2026-01-01T16:51:32.179+0000] {processor.py:183} INFO - Processing /opt/airflow/dags/prediction_dag.py took 0.112 seconds
[2026-01-01T16:52:02.269+0000] {processor.py:161} INFO - Started process (PID=2879) to work on /opt/airflow/dags/prediction_dag.py
[2026-01-01T16:52:02.271+0000] {processor.py:830} INFO - Processing file /opt/airflow/dags/prediction_dag.py for tasks to queue
[2026-01-01T16:52:02.273+0000] {logging_mixin.py:188} INFO - [2026-01-01T16:52:02.272+0000] {dagbag.py:540} INFO - Filling up the DagBag from /opt/airflow/dags/prediction_dag.py
[2026-01-01T16:52:02.294+0000] {processor.py:840} INFO - DAG(s) 'prediction_dag' retrieved from /opt/airflow/dags/prediction_dag.py
[2026-01-01T16:52:02.324+0000] {logging_mixin.py:188} INFO - [2026-01-01T16:52:02.323+0000] {dag.py:3047} INFO - Sync 1 DAGs
[2026-01-01T16:52:02.345+0000] {logging_mixin.py:188} INFO - [2026-01-01T16:52:02.345+0000] {dag.py:3834} INFO - Setting next_dagrun for prediction_dag to 2026-01-01 16:52:00+00:00, run_after=2026-01-01 16:54:00+00:00
[2026-01-01T16:52:02.360+0000] {processor.py:183} INFO - Processing /opt/airflow/dags/prediction_dag.py took 0.096 seconds
[2026-01-01T16:52:32.621+0000] {processor.py:161} INFO - Started process (PID=2950) to work on /opt/airflow/dags/prediction_dag.py
[2026-01-01T16:52:32.632+0000] {processor.py:830} INFO - Processing file /opt/airflow/dags/prediction_dag.py for tasks to queue
[2026-01-01T16:52:32.634+0000] {logging_mixin.py:188} INFO - [2026-01-01T16:52:32.634+0000] {dagbag.py:540} INFO - Filling up the DagBag from /opt/airflow/dags/prediction_dag.py
[2026-01-01T16:52:32.664+0000] {processor.py:840} INFO - DAG(s) 'prediction_dag' retrieved from /opt/airflow/dags/prediction_dag.py
[2026-01-01T16:52:32.693+0000] {logging_mixin.py:188} INFO - [2026-01-01T16:52:32.692+0000] {dag.py:3047} INFO - Sync 1 DAGs
[2026-01-01T16:52:32.715+0000] {logging_mixin.py:188} INFO - [2026-01-01T16:52:32.715+0000] {dag.py:3834} INFO - Setting next_dagrun for prediction_dag to 2026-01-01 16:52:00+00:00, run_after=2026-01-01 16:54:00+00:00
[2026-01-01T16:52:32.726+0000] {processor.py:183} INFO - Processing /opt/airflow/dags/prediction_dag.py took 0.112 seconds
[2026-01-01T16:53:03.070+0000] {processor.py:161} INFO - Started process (PID=2967) to work on /opt/airflow/dags/prediction_dag.py
[2026-01-01T16:53:03.071+0000] {processor.py:830} INFO - Processing file /opt/airflow/dags/prediction_dag.py for tasks to queue
[2026-01-01T16:53:03.072+0000] {logging_mixin.py:188} INFO - [2026-01-01T16:53:03.072+0000] {dagbag.py:540} INFO - Filling up the DagBag from /opt/airflow/dags/prediction_dag.py
[2026-01-01T16:53:03.088+0000] {processor.py:840} INFO - DAG(s) 'prediction_dag' retrieved from /opt/airflow/dags/prediction_dag.py
[2026-01-01T16:53:03.111+0000] {logging_mixin.py:188} INFO - [2026-01-01T16:53:03.111+0000] {dag.py:3047} INFO - Sync 1 DAGs
[2026-01-01T16:53:03.133+0000] {logging_mixin.py:188} INFO - [2026-01-01T16:53:03.133+0000] {dag.py:3834} INFO - Setting next_dagrun for prediction_dag to 2026-01-01 16:52:00+00:00, run_after=2026-01-01 16:54:00+00:00
[2026-01-01T16:53:03.144+0000] {processor.py:183} INFO - Processing /opt/airflow/dags/prediction_dag.py took 0.080 seconds
[2026-01-01T16:53:33.400+0000] {processor.py:161} INFO - Started process (PID=3037) to work on /opt/airflow/dags/prediction_dag.py
[2026-01-01T16:53:33.404+0000] {processor.py:830} INFO - Processing file /opt/airflow/dags/prediction_dag.py for tasks to queue
[2026-01-01T16:53:33.406+0000] {logging_mixin.py:188} INFO - [2026-01-01T16:53:33.406+0000] {dagbag.py:540} INFO - Filling up the DagBag from /opt/airflow/dags/prediction_dag.py
[2026-01-01T16:53:33.440+0000] {processor.py:840} INFO - DAG(s) 'prediction_dag' retrieved from /opt/airflow/dags/prediction_dag.py
[2026-01-01T16:53:33.487+0000] {logging_mixin.py:188} INFO - [2026-01-01T16:53:33.487+0000] {dag.py:3047} INFO - Sync 1 DAGs
[2026-01-01T16:53:33.514+0000] {logging_mixin.py:188} INFO - [2026-01-01T16:53:33.514+0000] {dag.py:3834} INFO - Setting next_dagrun for prediction_dag to 2026-01-01 16:52:00+00:00, run_after=2026-01-01 16:54:00+00:00
[2026-01-01T16:53:33.531+0000] {processor.py:183} INFO - Processing /opt/airflow/dags/prediction_dag.py took 0.142 seconds
[2026-01-01T16:54:03.825+0000] {processor.py:161} INFO - Started process (PID=3073) to work on /opt/airflow/dags/prediction_dag.py
[2026-01-01T16:54:03.827+0000] {processor.py:830} INFO - Processing file /opt/airflow/dags/prediction_dag.py for tasks to queue
[2026-01-01T16:54:03.828+0000] {logging_mixin.py:188} INFO - [2026-01-01T16:54:03.828+0000] {dagbag.py:540} INFO - Filling up the DagBag from /opt/airflow/dags/prediction_dag.py
[2026-01-01T16:54:03.844+0000] {processor.py:840} INFO - DAG(s) 'prediction_dag' retrieved from /opt/airflow/dags/prediction_dag.py
[2026-01-01T16:54:03.870+0000] {logging_mixin.py:188} INFO - [2026-01-01T16:54:03.870+0000] {dag.py:3047} INFO - Sync 1 DAGs
[2026-01-01T16:54:03.891+0000] {logging_mixin.py:188} INFO - [2026-01-01T16:54:03.891+0000] {dag.py:3834} INFO - Setting next_dagrun for prediction_dag to 2026-01-01 16:54:00+00:00, run_after=2026-01-01 16:56:00+00:00
[2026-01-01T16:54:03.902+0000] {processor.py:183} INFO - Processing /opt/airflow/dags/prediction_dag.py took 0.080 seconds
[2026-01-01T16:54:34.296+0000] {processor.py:161} INFO - Started process (PID=3141) to work on /opt/airflow/dags/prediction_dag.py
[2026-01-01T16:54:34.299+0000] {processor.py:830} INFO - Processing file /opt/airflow/dags/prediction_dag.py for tasks to queue
[2026-01-01T16:54:34.301+0000] {logging_mixin.py:188} INFO - [2026-01-01T16:54:34.300+0000] {dagbag.py:540} INFO - Filling up the DagBag from /opt/airflow/dags/prediction_dag.py
[2026-01-01T16:54:34.332+0000] {processor.py:840} INFO - DAG(s) 'prediction_dag' retrieved from /opt/airflow/dags/prediction_dag.py
[2026-01-01T16:54:34.368+0000] {logging_mixin.py:188} INFO - [2026-01-01T16:54:34.368+0000] {dag.py:3047} INFO - Sync 1 DAGs
[2026-01-01T16:54:34.390+0000] {logging_mixin.py:188} INFO - [2026-01-01T16:54:34.390+0000] {dag.py:3834} INFO - Setting next_dagrun for prediction_dag to 2026-01-01 16:54:00+00:00, run_after=2026-01-01 16:56:00+00:00
[2026-01-01T16:54:34.407+0000] {processor.py:183} INFO - Processing /opt/airflow/dags/prediction_dag.py took 0.120 seconds
[2026-01-01T16:55:04.714+0000] {processor.py:161} INFO - Started process (PID=3178) to work on /opt/airflow/dags/prediction_dag.py
[2026-01-01T16:55:04.716+0000] {processor.py:830} INFO - Processing file /opt/airflow/dags/prediction_dag.py for tasks to queue
[2026-01-01T16:55:04.717+0000] {logging_mixin.py:188} INFO - [2026-01-01T16:55:04.716+0000] {dagbag.py:540} INFO - Filling up the DagBag from /opt/airflow/dags/prediction_dag.py
[2026-01-01T16:55:04.730+0000] {processor.py:840} INFO - DAG(s) 'prediction_dag' retrieved from /opt/airflow/dags/prediction_dag.py
[2026-01-01T16:55:04.761+0000] {logging_mixin.py:188} INFO - [2026-01-01T16:55:04.760+0000] {dag.py:3047} INFO - Sync 1 DAGs
[2026-01-01T16:55:04.778+0000] {logging_mixin.py:188} INFO - [2026-01-01T16:55:04.778+0000] {dag.py:3834} INFO - Setting next_dagrun for prediction_dag to 2026-01-01 16:54:00+00:00, run_after=2026-01-01 16:56:00+00:00
[2026-01-01T16:55:04.789+0000] {processor.py:183} INFO - Processing /opt/airflow/dags/prediction_dag.py took 0.078 seconds
[2026-01-01T16:55:35.091+0000] {processor.py:161} INFO - Started process (PID=3239) to work on /opt/airflow/dags/prediction_dag.py
[2026-01-01T16:55:35.094+0000] {processor.py:830} INFO - Processing file /opt/airflow/dags/prediction_dag.py for tasks to queue
[2026-01-01T16:55:35.096+0000] {logging_mixin.py:188} INFO - [2026-01-01T16:55:35.095+0000] {dagbag.py:540} INFO - Filling up the DagBag from /opt/airflow/dags/prediction_dag.py
[2026-01-01T16:55:35.125+0000] {processor.py:840} INFO - DAG(s) 'prediction_dag' retrieved from /opt/airflow/dags/prediction_dag.py
[2026-01-01T16:55:35.167+0000] {logging_mixin.py:188} INFO - [2026-01-01T16:55:35.167+0000] {dag.py:3047} INFO - Sync 1 DAGs
[2026-01-01T16:55:35.196+0000] {logging_mixin.py:188} INFO - [2026-01-01T16:55:35.195+0000] {dag.py:3834} INFO - Setting next_dagrun for prediction_dag to 2026-01-01 16:54:00+00:00, run_after=2026-01-01 16:56:00+00:00
[2026-01-01T16:55:35.209+0000] {processor.py:183} INFO - Processing /opt/airflow/dags/prediction_dag.py took 0.133 seconds
[2026-01-01T16:56:05.503+0000] {processor.py:161} INFO - Started process (PID=3275) to work on /opt/airflow/dags/prediction_dag.py
[2026-01-01T16:56:05.506+0000] {processor.py:830} INFO - Processing file /opt/airflow/dags/prediction_dag.py for tasks to queue
[2026-01-01T16:56:05.507+0000] {logging_mixin.py:188} INFO - [2026-01-01T16:56:05.507+0000] {dagbag.py:540} INFO - Filling up the DagBag from /opt/airflow/dags/prediction_dag.py
[2026-01-01T16:56:05.529+0000] {processor.py:840} INFO - DAG(s) 'prediction_dag' retrieved from /opt/airflow/dags/prediction_dag.py
[2026-01-01T16:56:05.569+0000] {logging_mixin.py:188} INFO - [2026-01-01T16:56:05.569+0000] {dag.py:3047} INFO - Sync 1 DAGs
[2026-01-01T16:56:05.594+0000] {logging_mixin.py:188} INFO - [2026-01-01T16:56:05.594+0000] {dag.py:3834} INFO - Setting next_dagrun for prediction_dag to 2026-01-01 16:56:00+00:00, run_after=2026-01-01 16:58:00+00:00
[2026-01-01T16:56:05.614+0000] {processor.py:183} INFO - Processing /opt/airflow/dags/prediction_dag.py took 0.121 seconds
[2026-01-01T16:56:35.907+0000] {processor.py:161} INFO - Started process (PID=3343) to work on /opt/airflow/dags/prediction_dag.py
[2026-01-01T16:56:35.914+0000] {processor.py:830} INFO - Processing file /opt/airflow/dags/prediction_dag.py for tasks to queue
[2026-01-01T16:56:35.915+0000] {logging_mixin.py:188} INFO - [2026-01-01T16:56:35.915+0000] {dagbag.py:540} INFO - Filling up the DagBag from /opt/airflow/dags/prediction_dag.py
[2026-01-01T16:56:35.941+0000] {processor.py:840} INFO - DAG(s) 'prediction_dag' retrieved from /opt/airflow/dags/prediction_dag.py
[2026-01-01T16:56:35.980+0000] {logging_mixin.py:188} INFO - [2026-01-01T16:56:35.980+0000] {dag.py:3047} INFO - Sync 1 DAGs
[2026-01-01T16:56:36.004+0000] {logging_mixin.py:188} INFO - [2026-01-01T16:56:36.004+0000] {dag.py:3834} INFO - Setting next_dagrun for prediction_dag to 2026-01-01 16:56:00+00:00, run_after=2026-01-01 16:58:00+00:00
[2026-01-01T16:56:36.018+0000] {processor.py:183} INFO - Processing /opt/airflow/dags/prediction_dag.py took 0.123 seconds
[2026-01-01T16:57:06.192+0000] {processor.py:161} INFO - Started process (PID=3380) to work on /opt/airflow/dags/prediction_dag.py
[2026-01-01T16:57:06.193+0000] {processor.py:830} INFO - Processing file /opt/airflow/dags/prediction_dag.py for tasks to queue
[2026-01-01T16:57:06.194+0000] {logging_mixin.py:188} INFO - [2026-01-01T16:57:06.194+0000] {dagbag.py:540} INFO - Filling up the DagBag from /opt/airflow/dags/prediction_dag.py
[2026-01-01T16:57:06.219+0000] {processor.py:840} INFO - DAG(s) 'prediction_dag' retrieved from /opt/airflow/dags/prediction_dag.py
[2026-01-01T16:57:06.250+0000] {logging_mixin.py:188} INFO - [2026-01-01T16:57:06.250+0000] {dag.py:3047} INFO - Sync 1 DAGs
[2026-01-01T16:57:06.272+0000] {logging_mixin.py:188} INFO - [2026-01-01T16:57:06.272+0000] {dag.py:3834} INFO - Setting next_dagrun for prediction_dag to 2026-01-01 16:56:00+00:00, run_after=2026-01-01 16:58:00+00:00
[2026-01-01T16:57:06.288+0000] {processor.py:183} INFO - Processing /opt/airflow/dags/prediction_dag.py took 0.104 seconds
[2026-01-01T16:57:36.653+0000] {processor.py:161} INFO - Started process (PID=3441) to work on /opt/airflow/dags/prediction_dag.py
[2026-01-01T16:57:36.656+0000] {processor.py:830} INFO - Processing file /opt/airflow/dags/prediction_dag.py for tasks to queue
[2026-01-01T16:57:36.658+0000] {logging_mixin.py:188} INFO - [2026-01-01T16:57:36.657+0000] {dagbag.py:540} INFO - Filling up the DagBag from /opt/airflow/dags/prediction_dag.py
[2026-01-01T16:57:36.684+0000] {processor.py:840} INFO - DAG(s) 'prediction_dag' retrieved from /opt/airflow/dags/prediction_dag.py
[2026-01-01T16:57:36.724+0000] {logging_mixin.py:188} INFO - [2026-01-01T16:57:36.724+0000] {dag.py:3047} INFO - Sync 1 DAGs
[2026-01-01T16:57:36.750+0000] {logging_mixin.py:188} INFO - [2026-01-01T16:57:36.750+0000] {dag.py:3834} INFO - Setting next_dagrun for prediction_dag to 2026-01-01 16:56:00+00:00, run_after=2026-01-01 16:58:00+00:00
[2026-01-01T16:57:36.762+0000] {processor.py:183} INFO - Processing /opt/airflow/dags/prediction_dag.py took 0.121 seconds
[2026-01-01T16:58:07.093+0000] {processor.py:161} INFO - Started process (PID=3494) to work on /opt/airflow/dags/prediction_dag.py
[2026-01-01T16:58:07.095+0000] {processor.py:830} INFO - Processing file /opt/airflow/dags/prediction_dag.py for tasks to queue
[2026-01-01T16:58:07.096+0000] {logging_mixin.py:188} INFO - [2026-01-01T16:58:07.096+0000] {dagbag.py:540} INFO - Filling up the DagBag from /opt/airflow/dags/prediction_dag.py
[2026-01-01T16:58:07.127+0000] {processor.py:840} INFO - DAG(s) 'prediction_dag' retrieved from /opt/airflow/dags/prediction_dag.py
[2026-01-01T16:58:07.153+0000] {logging_mixin.py:188} INFO - [2026-01-01T16:58:07.153+0000] {dag.py:3047} INFO - Sync 1 DAGs
[2026-01-01T16:58:07.171+0000] {logging_mixin.py:188} INFO - [2026-01-01T16:58:07.171+0000] {dag.py:3834} INFO - Setting next_dagrun for prediction_dag to 2026-01-01 16:58:00+00:00, run_after=2026-01-01 17:00:00+00:00
[2026-01-01T16:58:07.185+0000] {processor.py:183} INFO - Processing /opt/airflow/dags/prediction_dag.py took 0.097 seconds
[2026-01-01T17:01:16.576+0000] {processor.py:161} INFO - Started process (PID=166) to work on /opt/airflow/dags/prediction_dag.py
[2026-01-01T17:01:16.579+0000] {processor.py:830} INFO - Processing file /opt/airflow/dags/prediction_dag.py for tasks to queue
[2026-01-01T17:01:16.581+0000] {logging_mixin.py:188} INFO - [2026-01-01T17:01:16.580+0000] {dagbag.py:540} INFO - Filling up the DagBag from /opt/airflow/dags/prediction_dag.py
[2026-01-01T17:01:16.607+0000] {processor.py:840} INFO - DAG(s) 'prediction_dag' retrieved from /opt/airflow/dags/prediction_dag.py
[2026-01-01T17:01:16.741+0000] {logging_mixin.py:188} INFO - [2026-01-01T17:01:16.741+0000] {dag.py:3047} INFO - Sync 1 DAGs
[2026-01-01T17:01:16.784+0000] {logging_mixin.py:188} INFO - [2026-01-01T17:01:16.784+0000] {dag.py:3834} INFO - Setting next_dagrun for prediction_dag to 2026-01-01 17:00:00+00:00, run_after=2026-01-01 17:02:00+00:00
[2026-01-01T17:01:16.838+0000] {processor.py:183} INFO - Processing /opt/airflow/dags/prediction_dag.py took 0.269 seconds
[2026-01-01T17:01:46.930+0000] {processor.py:161} INFO - Started process (PID=308) to work on /opt/airflow/dags/prediction_dag.py
[2026-01-01T17:01:46.933+0000] {processor.py:830} INFO - Processing file /opt/airflow/dags/prediction_dag.py for tasks to queue
[2026-01-01T17:01:46.936+0000] {logging_mixin.py:188} INFO - [2026-01-01T17:01:46.934+0000] {dagbag.py:540} INFO - Filling up the DagBag from /opt/airflow/dags/prediction_dag.py
[2026-01-01T17:01:47.005+0000] {processor.py:840} INFO - DAG(s) 'prediction_dag' retrieved from /opt/airflow/dags/prediction_dag.py
[2026-01-01T17:01:47.030+0000] {logging_mixin.py:188} INFO - [2026-01-01T17:01:47.030+0000] {dag.py:3047} INFO - Sync 1 DAGs
[2026-01-01T17:01:47.099+0000] {logging_mixin.py:188} INFO - [2026-01-01T17:01:47.099+0000] {dag.py:3834} INFO - Setting next_dagrun for prediction_dag to 2026-01-01 17:00:00+00:00, run_after=2026-01-01 17:02:00+00:00
[2026-01-01T17:01:47.122+0000] {processor.py:183} INFO - Processing /opt/airflow/dags/prediction_dag.py took 0.203 seconds
[2026-01-01T17:02:17.406+0000] {processor.py:161} INFO - Started process (PID=394) to work on /opt/airflow/dags/prediction_dag.py
[2026-01-01T17:02:17.408+0000] {processor.py:830} INFO - Processing file /opt/airflow/dags/prediction_dag.py for tasks to queue
[2026-01-01T17:02:17.409+0000] {logging_mixin.py:188} INFO - [2026-01-01T17:02:17.408+0000] {dagbag.py:540} INFO - Filling up the DagBag from /opt/airflow/dags/prediction_dag.py
[2026-01-01T17:02:17.431+0000] {processor.py:840} INFO - DAG(s) 'prediction_dag' retrieved from /opt/airflow/dags/prediction_dag.py
[2026-01-01T17:02:17.754+0000] {logging_mixin.py:188} INFO - [2026-01-01T17:02:17.754+0000] {dag.py:3047} INFO - Sync 1 DAGs
[2026-01-01T17:02:17.771+0000] {logging_mixin.py:188} INFO - [2026-01-01T17:02:17.771+0000] {dag.py:3834} INFO - Setting next_dagrun for prediction_dag to 2026-01-01 17:02:00+00:00, run_after=2026-01-01 17:04:00+00:00
[2026-01-01T17:02:17.782+0000] {processor.py:183} INFO - Processing /opt/airflow/dags/prediction_dag.py took 0.384 seconds
[2026-01-01T17:02:48.000+0000] {processor.py:161} INFO - Started process (PID=471) to work on /opt/airflow/dags/prediction_dag.py
[2026-01-01T17:02:48.001+0000] {processor.py:830} INFO - Processing file /opt/airflow/dags/prediction_dag.py for tasks to queue
[2026-01-01T17:02:48.004+0000] {logging_mixin.py:188} INFO - [2026-01-01T17:02:48.003+0000] {dagbag.py:540} INFO - Filling up the DagBag from /opt/airflow/dags/prediction_dag.py
[2026-01-01T17:02:48.038+0000] {processor.py:840} INFO - DAG(s) 'prediction_dag' retrieved from /opt/airflow/dags/prediction_dag.py
[2026-01-01T17:02:48.129+0000] {logging_mixin.py:188} INFO - [2026-01-01T17:02:48.128+0000] {dag.py:3047} INFO - Sync 1 DAGs
[2026-01-01T17:02:48.223+0000] {logging_mixin.py:188} INFO - [2026-01-01T17:02:48.223+0000] {dag.py:3834} INFO - Setting next_dagrun for prediction_dag to 2026-01-01 17:02:00+00:00, run_after=2026-01-01 17:04:00+00:00
[2026-01-01T17:02:48.271+0000] {processor.py:183} INFO - Processing /opt/airflow/dags/prediction_dag.py took 0.281 seconds
[2026-01-01T17:03:18.663+0000] {processor.py:161} INFO - Started process (PID=498) to work on /opt/airflow/dags/prediction_dag.py
[2026-01-01T17:03:18.664+0000] {processor.py:830} INFO - Processing file /opt/airflow/dags/prediction_dag.py for tasks to queue
[2026-01-01T17:03:18.665+0000] {logging_mixin.py:188} INFO - [2026-01-01T17:03:18.665+0000] {dagbag.py:540} INFO - Filling up the DagBag from /opt/airflow/dags/prediction_dag.py
[2026-01-01T17:03:18.689+0000] {processor.py:840} INFO - DAG(s) 'prediction_dag' retrieved from /opt/airflow/dags/prediction_dag.py
[2026-01-01T17:03:18.727+0000] {logging_mixin.py:188} INFO - [2026-01-01T17:03:18.727+0000] {dag.py:3047} INFO - Sync 1 DAGs
[2026-01-01T17:03:18.751+0000] {logging_mixin.py:188} INFO - [2026-01-01T17:03:18.750+0000] {dag.py:3834} INFO - Setting next_dagrun for prediction_dag to 2026-01-01 17:02:00+00:00, run_after=2026-01-01 17:04:00+00:00
[2026-01-01T17:03:18.764+0000] {processor.py:183} INFO - Processing /opt/airflow/dags/prediction_dag.py took 0.112 seconds
[2026-01-01T17:03:49.136+0000] {processor.py:161} INFO - Started process (PID=516) to work on /opt/airflow/dags/prediction_dag.py
[2026-01-01T17:03:49.138+0000] {processor.py:830} INFO - Processing file /opt/airflow/dags/prediction_dag.py for tasks to queue
[2026-01-01T17:03:49.143+0000] {logging_mixin.py:188} INFO - [2026-01-01T17:03:49.141+0000] {dagbag.py:540} INFO - Filling up the DagBag from /opt/airflow/dags/prediction_dag.py
[2026-01-01T17:03:49.171+0000] {processor.py:840} INFO - DAG(s) 'prediction_dag' retrieved from /opt/airflow/dags/prediction_dag.py
[2026-01-01T17:03:49.212+0000] {logging_mixin.py:188} INFO - [2026-01-01T17:03:49.212+0000] {dag.py:3047} INFO - Sync 1 DAGs
[2026-01-01T17:03:49.240+0000] {logging_mixin.py:188} INFO - [2026-01-01T17:03:49.240+0000] {dag.py:3834} INFO - Setting next_dagrun for prediction_dag to 2026-01-01 17:02:00+00:00, run_after=2026-01-01 17:04:00+00:00
[2026-01-01T17:03:49.254+0000] {processor.py:183} INFO - Processing /opt/airflow/dags/prediction_dag.py took 0.126 seconds
[2026-01-01T17:04:20.855+0000] {processor.py:161} INFO - Started process (PID=683) to work on /opt/airflow/dags/prediction_dag.py
[2026-01-01T17:04:20.862+0000] {processor.py:830} INFO - Processing file /opt/airflow/dags/prediction_dag.py for tasks to queue
[2026-01-01T17:04:20.910+0000] {logging_mixin.py:188} INFO - [2026-01-01T17:04:20.890+0000] {dagbag.py:540} INFO - Filling up the DagBag from /opt/airflow/dags/prediction_dag.py
[2026-01-01T17:04:22.159+0000] {processor.py:840} INFO - DAG(s) 'prediction_dag' retrieved from /opt/airflow/dags/prediction_dag.py
[2026-01-01T17:04:23.526+0000] {logging_mixin.py:188} INFO - [2026-01-01T17:04:23.524+0000] {dag.py:3047} INFO - Sync 1 DAGs
[2026-01-01T17:04:23.641+0000] {logging_mixin.py:188} INFO - [2026-01-01T17:04:23.641+0000] {dag.py:3834} INFO - Setting next_dagrun for prediction_dag to 2026-01-01 17:04:00+00:00, run_after=2026-01-01 17:06:00+00:00
[2026-01-01T17:04:23.690+0000] {processor.py:183} INFO - Processing /opt/airflow/dags/prediction_dag.py took 3.054 seconds
[2026-01-01T17:04:53.817+0000] {processor.py:161} INFO - Started process (PID=740) to work on /opt/airflow/dags/prediction_dag.py
[2026-01-01T17:04:53.823+0000] {processor.py:830} INFO - Processing file /opt/airflow/dags/prediction_dag.py for tasks to queue
[2026-01-01T17:04:53.825+0000] {logging_mixin.py:188} INFO - [2026-01-01T17:04:53.824+0000] {dagbag.py:540} INFO - Filling up the DagBag from /opt/airflow/dags/prediction_dag.py
[2026-01-01T17:04:53.857+0000] {processor.py:840} INFO - DAG(s) 'prediction_dag' retrieved from /opt/airflow/dags/prediction_dag.py
[2026-01-01T17:04:53.914+0000] {logging_mixin.py:188} INFO - [2026-01-01T17:04:53.914+0000] {dag.py:3047} INFO - Sync 1 DAGs
[2026-01-01T17:04:53.944+0000] {logging_mixin.py:188} INFO - [2026-01-01T17:04:53.944+0000] {dag.py:3834} INFO - Setting next_dagrun for prediction_dag to 2026-01-01 17:04:00+00:00, run_after=2026-01-01 17:06:00+00:00
[2026-01-01T17:04:53.957+0000] {processor.py:183} INFO - Processing /opt/airflow/dags/prediction_dag.py took 0.152 seconds
[2026-01-01T17:05:24.321+0000] {processor.py:161} INFO - Started process (PID=820) to work on /opt/airflow/dags/prediction_dag.py
[2026-01-01T17:05:24.324+0000] {processor.py:830} INFO - Processing file /opt/airflow/dags/prediction_dag.py for tasks to queue
[2026-01-01T17:05:24.326+0000] {logging_mixin.py:188} INFO - [2026-01-01T17:05:24.325+0000] {dagbag.py:540} INFO - Filling up the DagBag from /opt/airflow/dags/prediction_dag.py
[2026-01-01T17:05:24.355+0000] {processor.py:840} INFO - DAG(s) 'prediction_dag' retrieved from /opt/airflow/dags/prediction_dag.py
[2026-01-01T17:05:24.400+0000] {logging_mixin.py:188} INFO - [2026-01-01T17:05:24.400+0000] {dag.py:3047} INFO - Sync 1 DAGs
[2026-01-01T17:05:24.426+0000] {logging_mixin.py:188} INFO - [2026-01-01T17:05:24.426+0000] {dag.py:3834} INFO - Setting next_dagrun for prediction_dag to 2026-01-01 17:04:00+00:00, run_after=2026-01-01 17:06:00+00:00
[2026-01-01T17:05:24.442+0000] {processor.py:183} INFO - Processing /opt/airflow/dags/prediction_dag.py took 0.136 seconds
[2026-01-01T17:05:54.766+0000] {processor.py:161} INFO - Started process (PID=838) to work on /opt/airflow/dags/prediction_dag.py
[2026-01-01T17:05:54.769+0000] {processor.py:830} INFO - Processing file /opt/airflow/dags/prediction_dag.py for tasks to queue
[2026-01-01T17:05:54.770+0000] {logging_mixin.py:188} INFO - [2026-01-01T17:05:54.769+0000] {dagbag.py:540} INFO - Filling up the DagBag from /opt/airflow/dags/prediction_dag.py
[2026-01-01T17:05:54.802+0000] {processor.py:840} INFO - DAG(s) 'prediction_dag' retrieved from /opt/airflow/dags/prediction_dag.py
[2026-01-01T17:05:54.837+0000] {logging_mixin.py:188} INFO - [2026-01-01T17:05:54.836+0000] {dag.py:3047} INFO - Sync 1 DAGs
[2026-01-01T17:05:54.860+0000] {logging_mixin.py:188} INFO - [2026-01-01T17:05:54.860+0000] {dag.py:3834} INFO - Setting next_dagrun for prediction_dag to 2026-01-01 17:04:00+00:00, run_after=2026-01-01 17:06:00+00:00
[2026-01-01T17:05:54.872+0000] {processor.py:183} INFO - Processing /opt/airflow/dags/prediction_dag.py took 0.116 seconds
[2026-01-01T17:06:25.183+0000] {processor.py:161} INFO - Started process (PID=862) to work on /opt/airflow/dags/prediction_dag.py
[2026-01-01T17:06:25.185+0000] {processor.py:830} INFO - Processing file /opt/airflow/dags/prediction_dag.py for tasks to queue
[2026-01-01T17:06:25.187+0000] {logging_mixin.py:188} INFO - [2026-01-01T17:06:25.187+0000] {dagbag.py:540} INFO - Filling up the DagBag from /opt/airflow/dags/prediction_dag.py
[2026-01-01T17:06:25.216+0000] {processor.py:840} INFO - DAG(s) 'prediction_dag' retrieved from /opt/airflow/dags/prediction_dag.py
[2026-01-01T17:06:25.246+0000] {logging_mixin.py:188} INFO - [2026-01-01T17:06:25.246+0000] {dag.py:3047} INFO - Sync 1 DAGs
[2026-01-01T17:06:25.265+0000] {logging_mixin.py:188} INFO - [2026-01-01T17:06:25.265+0000] {dag.py:3834} INFO - Setting next_dagrun for prediction_dag to 2026-01-01 17:06:00+00:00, run_after=2026-01-01 17:08:00+00:00
[2026-01-01T17:06:25.276+0000] {processor.py:183} INFO - Processing /opt/airflow/dags/prediction_dag.py took 0.102 seconds
[2026-01-01T17:06:55.632+0000] {processor.py:161} INFO - Started process (PID=880) to work on /opt/airflow/dags/prediction_dag.py
[2026-01-01T17:06:55.634+0000] {processor.py:830} INFO - Processing file /opt/airflow/dags/prediction_dag.py for tasks to queue
[2026-01-01T17:06:55.636+0000] {logging_mixin.py:188} INFO - [2026-01-01T17:06:55.635+0000] {dagbag.py:540} INFO - Filling up the DagBag from /opt/airflow/dags/prediction_dag.py
[2026-01-01T17:06:55.655+0000] {processor.py:840} INFO - DAG(s) 'prediction_dag' retrieved from /opt/airflow/dags/prediction_dag.py
[2026-01-01T17:06:55.691+0000] {logging_mixin.py:188} INFO - [2026-01-01T17:06:55.691+0000] {dag.py:3047} INFO - Sync 1 DAGs
[2026-01-01T17:06:55.710+0000] {logging_mixin.py:188} INFO - [2026-01-01T17:06:55.709+0000] {dag.py:3834} INFO - Setting next_dagrun for prediction_dag to 2026-01-01 17:06:00+00:00, run_after=2026-01-01 17:08:00+00:00
[2026-01-01T17:06:55.721+0000] {processor.py:183} INFO - Processing /opt/airflow/dags/prediction_dag.py took 0.097 seconds
[2026-01-01T17:07:25.767+0000] {processor.py:161} INFO - Started process (PID=898) to work on /opt/airflow/dags/prediction_dag.py
[2026-01-01T17:07:25.770+0000] {processor.py:830} INFO - Processing file /opt/airflow/dags/prediction_dag.py for tasks to queue
[2026-01-01T17:07:25.770+0000] {logging_mixin.py:188} INFO - [2026-01-01T17:07:25.770+0000] {dagbag.py:540} INFO - Filling up the DagBag from /opt/airflow/dags/prediction_dag.py
[2026-01-01T17:07:25.786+0000] {processor.py:840} INFO - DAG(s) 'prediction_dag' retrieved from /opt/airflow/dags/prediction_dag.py
[2026-01-01T17:07:25.810+0000] {logging_mixin.py:188} INFO - [2026-01-01T17:07:25.810+0000] {dag.py:3047} INFO - Sync 1 DAGs
[2026-01-01T17:07:25.826+0000] {logging_mixin.py:188} INFO - [2026-01-01T17:07:25.826+0000] {dag.py:3834} INFO - Setting next_dagrun for prediction_dag to 2026-01-01 17:06:00+00:00, run_after=2026-01-01 17:08:00+00:00
[2026-01-01T17:07:25.837+0000] {processor.py:183} INFO - Processing /opt/airflow/dags/prediction_dag.py took 0.075 seconds
[2026-01-01T17:07:56.140+0000] {processor.py:161} INFO - Started process (PID=916) to work on /opt/airflow/dags/prediction_dag.py
[2026-01-01T17:07:56.142+0000] {processor.py:830} INFO - Processing file /opt/airflow/dags/prediction_dag.py for tasks to queue
[2026-01-01T17:07:56.143+0000] {logging_mixin.py:188} INFO - [2026-01-01T17:07:56.143+0000] {dagbag.py:540} INFO - Filling up the DagBag from /opt/airflow/dags/prediction_dag.py
[2026-01-01T17:07:56.160+0000] {processor.py:840} INFO - DAG(s) 'prediction_dag' retrieved from /opt/airflow/dags/prediction_dag.py
[2026-01-01T17:07:56.186+0000] {logging_mixin.py:188} INFO - [2026-01-01T17:07:56.186+0000] {dag.py:3047} INFO - Sync 1 DAGs
[2026-01-01T17:07:56.202+0000] {logging_mixin.py:188} INFO - [2026-01-01T17:07:56.201+0000] {dag.py:3834} INFO - Setting next_dagrun for prediction_dag to 2026-01-01 17:06:00+00:00, run_after=2026-01-01 17:08:00+00:00
[2026-01-01T17:07:56.212+0000] {processor.py:183} INFO - Processing /opt/airflow/dags/prediction_dag.py took 0.081 seconds
[2026-01-01T17:08:26.528+0000] {processor.py:161} INFO - Started process (PID=927) to work on /opt/airflow/dags/prediction_dag.py
[2026-01-01T17:08:26.530+0000] {processor.py:830} INFO - Processing file /opt/airflow/dags/prediction_dag.py for tasks to queue
[2026-01-01T17:08:26.531+0000] {logging_mixin.py:188} INFO - [2026-01-01T17:08:26.530+0000] {dagbag.py:540} INFO - Filling up the DagBag from /opt/airflow/dags/prediction_dag.py
[2026-01-01T17:08:26.550+0000] {processor.py:840} INFO - DAG(s) 'prediction_dag' retrieved from /opt/airflow/dags/prediction_dag.py
[2026-01-01T17:08:26.591+0000] {logging_mixin.py:188} INFO - [2026-01-01T17:08:26.591+0000] {dag.py:3047} INFO - Sync 1 DAGs
[2026-01-01T17:08:26.775+0000] {logging_mixin.py:188} INFO - [2026-01-01T17:08:26.775+0000] {dag.py:3834} INFO - Setting next_dagrun for prediction_dag to 2026-01-01 17:08:00+00:00, run_after=2026-01-01 17:10:00+00:00
[2026-01-01T17:08:26.790+0000] {processor.py:183} INFO - Processing /opt/airflow/dags/prediction_dag.py took 0.265 seconds
[2026-01-01T17:08:57.214+0000] {processor.py:161} INFO - Started process (PID=941) to work on /opt/airflow/dags/prediction_dag.py
[2026-01-01T17:08:57.217+0000] {processor.py:830} INFO - Processing file /opt/airflow/dags/prediction_dag.py for tasks to queue
[2026-01-01T17:08:57.218+0000] {logging_mixin.py:188} INFO - [2026-01-01T17:08:57.217+0000] {dagbag.py:540} INFO - Filling up the DagBag from /opt/airflow/dags/prediction_dag.py
[2026-01-01T17:08:57.249+0000] {processor.py:840} INFO - DAG(s) 'prediction_dag' retrieved from /opt/airflow/dags/prediction_dag.py
[2026-01-01T17:08:57.290+0000] {logging_mixin.py:188} INFO - [2026-01-01T17:08:57.290+0000] {dag.py:3047} INFO - Sync 1 DAGs
[2026-01-01T17:08:57.321+0000] {logging_mixin.py:188} INFO - [2026-01-01T17:08:57.321+0000] {dag.py:3834} INFO - Setting next_dagrun for prediction_dag to 2026-01-01 17:08:00+00:00, run_after=2026-01-01 17:10:00+00:00
[2026-01-01T17:08:57.333+0000] {processor.py:183} INFO - Processing /opt/airflow/dags/prediction_dag.py took 0.135 seconds
[2026-01-01T17:09:27.781+0000] {processor.py:161} INFO - Started process (PID=959) to work on /opt/airflow/dags/prediction_dag.py
[2026-01-01T17:09:27.783+0000] {processor.py:830} INFO - Processing file /opt/airflow/dags/prediction_dag.py for tasks to queue
[2026-01-01T17:09:27.784+0000] {logging_mixin.py:188} INFO - [2026-01-01T17:09:27.784+0000] {dagbag.py:540} INFO - Filling up the DagBag from /opt/airflow/dags/prediction_dag.py
[2026-01-01T17:09:27.811+0000] {processor.py:840} INFO - DAG(s) 'prediction_dag' retrieved from /opt/airflow/dags/prediction_dag.py
[2026-01-01T17:09:27.854+0000] {logging_mixin.py:188} INFO - [2026-01-01T17:09:27.854+0000] {dag.py:3047} INFO - Sync 1 DAGs
[2026-01-01T17:09:27.883+0000] {logging_mixin.py:188} INFO - [2026-01-01T17:09:27.882+0000] {dag.py:3834} INFO - Setting next_dagrun for prediction_dag to 2026-01-01 17:08:00+00:00, run_after=2026-01-01 17:10:00+00:00
[2026-01-01T17:09:27.896+0000] {processor.py:183} INFO - Processing /opt/airflow/dags/prediction_dag.py took 0.124 seconds
[2026-01-01T17:09:58.256+0000] {processor.py:161} INFO - Started process (PID=977) to work on /opt/airflow/dags/prediction_dag.py
[2026-01-01T17:09:58.258+0000] {processor.py:830} INFO - Processing file /opt/airflow/dags/prediction_dag.py for tasks to queue
[2026-01-01T17:09:58.259+0000] {logging_mixin.py:188} INFO - [2026-01-01T17:09:58.258+0000] {dagbag.py:540} INFO - Filling up the DagBag from /opt/airflow/dags/prediction_dag.py
[2026-01-01T17:09:58.297+0000] {processor.py:840} INFO - DAG(s) 'prediction_dag' retrieved from /opt/airflow/dags/prediction_dag.py
[2026-01-01T17:09:58.355+0000] {logging_mixin.py:188} INFO - [2026-01-01T17:09:58.355+0000] {dag.py:3047} INFO - Sync 1 DAGs
[2026-01-01T17:09:58.628+0000] {logging_mixin.py:188} INFO - [2026-01-01T17:09:58.628+0000] {dag.py:3834} INFO - Setting next_dagrun for prediction_dag to 2026-01-01 17:08:00+00:00, run_after=2026-01-01 17:10:00+00:00
[2026-01-01T17:09:58.637+0000] {processor.py:183} INFO - Processing /opt/airflow/dags/prediction_dag.py took 0.387 seconds
[2026-01-01T17:10:29.054+0000] {processor.py:161} INFO - Started process (PID=997) to work on /opt/airflow/dags/prediction_dag.py
[2026-01-01T17:10:29.056+0000] {processor.py:830} INFO - Processing file /opt/airflow/dags/prediction_dag.py for tasks to queue
[2026-01-01T17:10:29.057+0000] {logging_mixin.py:188} INFO - [2026-01-01T17:10:29.056+0000] {dagbag.py:540} INFO - Filling up the DagBag from /opt/airflow/dags/prediction_dag.py
[2026-01-01T17:10:29.095+0000] {processor.py:840} INFO - DAG(s) 'prediction_dag' retrieved from /opt/airflow/dags/prediction_dag.py
[2026-01-01T17:10:29.141+0000] {logging_mixin.py:188} INFO - [2026-01-01T17:10:29.141+0000] {dag.py:3047} INFO - Sync 1 DAGs
[2026-01-01T17:10:29.169+0000] {logging_mixin.py:188} INFO - [2026-01-01T17:10:29.169+0000] {dag.py:3834} INFO - Setting next_dagrun for prediction_dag to 2026-01-01 17:10:00+00:00, run_after=2026-01-01 17:12:00+00:00
[2026-01-01T17:10:29.186+0000] {processor.py:183} INFO - Processing /opt/airflow/dags/prediction_dag.py took 0.153 seconds
[2026-01-01T17:10:59.286+0000] {processor.py:161} INFO - Started process (PID=1015) to work on /opt/airflow/dags/prediction_dag.py
[2026-01-01T17:10:59.288+0000] {processor.py:830} INFO - Processing file /opt/airflow/dags/prediction_dag.py for tasks to queue
[2026-01-01T17:10:59.290+0000] {logging_mixin.py:188} INFO - [2026-01-01T17:10:59.289+0000] {dagbag.py:540} INFO - Filling up the DagBag from /opt/airflow/dags/prediction_dag.py
[2026-01-01T17:10:59.320+0000] {processor.py:840} INFO - DAG(s) 'prediction_dag' retrieved from /opt/airflow/dags/prediction_dag.py
[2026-01-01T17:10:59.362+0000] {logging_mixin.py:188} INFO - [2026-01-01T17:10:59.362+0000] {dag.py:3047} INFO - Sync 1 DAGs
[2026-01-01T17:10:59.651+0000] {logging_mixin.py:188} INFO - [2026-01-01T17:10:59.650+0000] {dag.py:3834} INFO - Setting next_dagrun for prediction_dag to 2026-01-01 17:10:00+00:00, run_after=2026-01-01 17:12:00+00:00
[2026-01-01T17:10:59.660+0000] {processor.py:183} INFO - Processing /opt/airflow/dags/prediction_dag.py took 0.386 seconds
[2026-01-01T17:21:38.431+0000] {processor.py:161} INFO - Started process (PID=1038) to work on /opt/airflow/dags/prediction_dag.py
[2026-01-01T17:21:38.432+0000] {processor.py:830} INFO - Processing file /opt/airflow/dags/prediction_dag.py for tasks to queue
[2026-01-01T17:21:38.433+0000] {logging_mixin.py:188} INFO - [2026-01-01T17:21:38.433+0000] {dagbag.py:540} INFO - Filling up the DagBag from /opt/airflow/dags/prediction_dag.py
[2026-01-01T17:21:38.489+0000] {processor.py:840} INFO - DAG(s) 'prediction_dag' retrieved from /opt/airflow/dags/prediction_dag.py
[2026-01-01T17:21:38.959+0000] {logging_mixin.py:188} INFO - [2026-01-01T17:21:38.959+0000] {dag.py:3047} INFO - Sync 1 DAGs
[2026-01-01T17:21:38.999+0000] {logging_mixin.py:188} INFO - [2026-01-01T17:21:38.998+0000] {dag.py:3834} INFO - Setting next_dagrun for prediction_dag to 2026-01-01 17:20:00+00:00, run_after=2026-01-01 17:22:00+00:00
[2026-01-01T17:21:39.031+0000] {processor.py:183} INFO - Processing /opt/airflow/dags/prediction_dag.py took 0.611 seconds
[2026-01-01T17:22:09.444+0000] {processor.py:161} INFO - Started process (PID=1059) to work on /opt/airflow/dags/prediction_dag.py
[2026-01-01T17:22:09.447+0000] {processor.py:830} INFO - Processing file /opt/airflow/dags/prediction_dag.py for tasks to queue
[2026-01-01T17:22:09.449+0000] {logging_mixin.py:188} INFO - [2026-01-01T17:22:09.448+0000] {dagbag.py:540} INFO - Filling up the DagBag from /opt/airflow/dags/prediction_dag.py
[2026-01-01T17:22:09.479+0000] {processor.py:840} INFO - DAG(s) 'prediction_dag' retrieved from /opt/airflow/dags/prediction_dag.py
[2026-01-01T17:22:09.523+0000] {logging_mixin.py:188} INFO - [2026-01-01T17:22:09.523+0000] {dag.py:3047} INFO - Sync 1 DAGs
[2026-01-01T17:22:09.552+0000] {logging_mixin.py:188} INFO - [2026-01-01T17:22:09.552+0000] {dag.py:3834} INFO - Setting next_dagrun for prediction_dag to 2026-01-01 17:22:00+00:00, run_after=2026-01-01 17:24:00+00:00
[2026-01-01T17:22:09.573+0000] {processor.py:183} INFO - Processing /opt/airflow/dags/prediction_dag.py took 0.144 seconds
[2026-01-01T17:22:39.810+0000] {processor.py:161} INFO - Started process (PID=1077) to work on /opt/airflow/dags/prediction_dag.py
[2026-01-01T17:22:39.813+0000] {processor.py:830} INFO - Processing file /opt/airflow/dags/prediction_dag.py for tasks to queue
[2026-01-01T17:22:39.814+0000] {logging_mixin.py:188} INFO - [2026-01-01T17:22:39.814+0000] {dagbag.py:540} INFO - Filling up the DagBag from /opt/airflow/dags/prediction_dag.py
[2026-01-01T17:22:39.848+0000] {processor.py:840} INFO - DAG(s) 'prediction_dag' retrieved from /opt/airflow/dags/prediction_dag.py
[2026-01-01T17:22:39.898+0000] {logging_mixin.py:188} INFO - [2026-01-01T17:22:39.897+0000] {dag.py:3047} INFO - Sync 1 DAGs
[2026-01-01T17:22:40.172+0000] {logging_mixin.py:188} INFO - [2026-01-01T17:22:40.172+0000] {dag.py:3834} INFO - Setting next_dagrun for prediction_dag to 2026-01-01 17:22:00+00:00, run_after=2026-01-01 17:24:00+00:00
[2026-01-01T17:22:40.182+0000] {processor.py:183} INFO - Processing /opt/airflow/dags/prediction_dag.py took 0.386 seconds
[2026-01-01T17:23:10.615+0000] {processor.py:161} INFO - Started process (PID=1095) to work on /opt/airflow/dags/prediction_dag.py
[2026-01-01T17:23:10.617+0000] {processor.py:830} INFO - Processing file /opt/airflow/dags/prediction_dag.py for tasks to queue
[2026-01-01T17:23:10.619+0000] {logging_mixin.py:188} INFO - [2026-01-01T17:23:10.618+0000] {dagbag.py:540} INFO - Filling up the DagBag from /opt/airflow/dags/prediction_dag.py
[2026-01-01T17:23:10.933+0000] {processor.py:840} INFO - DAG(s) 'prediction_dag' retrieved from /opt/airflow/dags/prediction_dag.py
[2026-01-01T17:23:10.958+0000] {logging_mixin.py:188} INFO - [2026-01-01T17:23:10.957+0000] {dag.py:3047} INFO - Sync 1 DAGs
[2026-01-01T17:23:10.972+0000] {logging_mixin.py:188} INFO - [2026-01-01T17:23:10.972+0000] {dag.py:3834} INFO - Setting next_dagrun for prediction_dag to 2026-01-01 17:22:00+00:00, run_after=2026-01-01 17:24:00+00:00
[2026-01-01T17:23:10.982+0000] {processor.py:183} INFO - Processing /opt/airflow/dags/prediction_dag.py took 0.382 seconds
[2026-01-01T17:23:41.442+0000] {processor.py:161} INFO - Started process (PID=1113) to work on /opt/airflow/dags/prediction_dag.py
[2026-01-01T17:23:41.446+0000] {processor.py:830} INFO - Processing file /opt/airflow/dags/prediction_dag.py for tasks to queue
[2026-01-01T17:23:41.447+0000] {logging_mixin.py:188} INFO - [2026-01-01T17:23:41.447+0000] {dagbag.py:540} INFO - Filling up the DagBag from /opt/airflow/dags/prediction_dag.py
[2026-01-01T17:23:41.484+0000] {processor.py:840} INFO - DAG(s) 'prediction_dag' retrieved from /opt/airflow/dags/prediction_dag.py
[2026-01-01T17:23:41.533+0000] {logging_mixin.py:188} INFO - [2026-01-01T17:23:41.533+0000] {dag.py:3047} INFO - Sync 1 DAGs
[2026-01-01T17:23:41.558+0000] {logging_mixin.py:188} INFO - [2026-01-01T17:23:41.558+0000] {dag.py:3834} INFO - Setting next_dagrun for prediction_dag to 2026-01-01 17:22:00+00:00, run_after=2026-01-01 17:24:00+00:00
[2026-01-01T17:23:41.570+0000] {processor.py:183} INFO - Processing /opt/airflow/dags/prediction_dag.py took 0.136 seconds
[2026-01-01T17:24:11.938+0000] {processor.py:161} INFO - Started process (PID=1133) to work on /opt/airflow/dags/prediction_dag.py
[2026-01-01T17:24:11.942+0000] {processor.py:830} INFO - Processing file /opt/airflow/dags/prediction_dag.py for tasks to queue
[2026-01-01T17:24:11.943+0000] {logging_mixin.py:188} INFO - [2026-01-01T17:24:11.943+0000] {dagbag.py:540} INFO - Filling up the DagBag from /opt/airflow/dags/prediction_dag.py
[2026-01-01T17:24:11.979+0000] {processor.py:840} INFO - DAG(s) 'prediction_dag' retrieved from /opt/airflow/dags/prediction_dag.py
[2026-01-01T17:24:12.026+0000] {logging_mixin.py:188} INFO - [2026-01-01T17:24:12.026+0000] {dag.py:3047} INFO - Sync 1 DAGs
[2026-01-01T17:24:12.050+0000] {logging_mixin.py:188} INFO - [2026-01-01T17:24:12.050+0000] {dag.py:3834} INFO - Setting next_dagrun for prediction_dag to 2026-01-01 17:24:00+00:00, run_after=2026-01-01 17:26:00+00:00
[2026-01-01T17:24:12.063+0000] {processor.py:183} INFO - Processing /opt/airflow/dags/prediction_dag.py took 0.142 seconds
[2026-01-01T17:24:42.502+0000] {processor.py:161} INFO - Started process (PID=1151) to work on /opt/airflow/dags/prediction_dag.py
[2026-01-01T17:24:42.505+0000] {processor.py:830} INFO - Processing file /opt/airflow/dags/prediction_dag.py for tasks to queue
[2026-01-01T17:24:42.510+0000] {logging_mixin.py:188} INFO - [2026-01-01T17:24:42.506+0000] {dagbag.py:540} INFO - Filling up the DagBag from /opt/airflow/dags/prediction_dag.py
[2026-01-01T17:24:42.547+0000] {processor.py:840} INFO - DAG(s) 'prediction_dag' retrieved from /opt/airflow/dags/prediction_dag.py
[2026-01-01T17:24:42.595+0000] {logging_mixin.py:188} INFO - [2026-01-01T17:24:42.594+0000] {dag.py:3047} INFO - Sync 1 DAGs
[2026-01-01T17:24:42.621+0000] {logging_mixin.py:188} INFO - [2026-01-01T17:24:42.621+0000] {dag.py:3834} INFO - Setting next_dagrun for prediction_dag to 2026-01-01 17:24:00+00:00, run_after=2026-01-01 17:26:00+00:00
[2026-01-01T17:24:42.638+0000] {processor.py:183} INFO - Processing /opt/airflow/dags/prediction_dag.py took 0.151 seconds
[2026-01-01T17:25:13.069+0000] {processor.py:161} INFO - Started process (PID=1169) to work on /opt/airflow/dags/prediction_dag.py
[2026-01-01T17:25:13.072+0000] {processor.py:830} INFO - Processing file /opt/airflow/dags/prediction_dag.py for tasks to queue
[2026-01-01T17:25:13.073+0000] {logging_mixin.py:188} INFO - [2026-01-01T17:25:13.073+0000] {dagbag.py:540} INFO - Filling up the DagBag from /opt/airflow/dags/prediction_dag.py
[2026-01-01T17:25:13.104+0000] {processor.py:840} INFO - DAG(s) 'prediction_dag' retrieved from /opt/airflow/dags/prediction_dag.py
[2026-01-01T17:25:13.153+0000] {logging_mixin.py:188} INFO - [2026-01-01T17:25:13.153+0000] {dag.py:3047} INFO - Sync 1 DAGs
[2026-01-01T17:25:13.181+0000] {logging_mixin.py:188} INFO - [2026-01-01T17:25:13.180+0000] {dag.py:3834} INFO - Setting next_dagrun for prediction_dag to 2026-01-01 17:24:00+00:00, run_after=2026-01-01 17:26:00+00:00
[2026-01-01T17:25:13.194+0000] {processor.py:183} INFO - Processing /opt/airflow/dags/prediction_dag.py took 0.144 seconds
[2026-01-01T17:25:43.628+0000] {processor.py:161} INFO - Started process (PID=1187) to work on /opt/airflow/dags/prediction_dag.py
[2026-01-01T17:25:43.631+0000] {processor.py:830} INFO - Processing file /opt/airflow/dags/prediction_dag.py for tasks to queue
[2026-01-01T17:25:43.632+0000] {logging_mixin.py:188} INFO - [2026-01-01T17:25:43.632+0000] {dagbag.py:540} INFO - Filling up the DagBag from /opt/airflow/dags/prediction_dag.py
[2026-01-01T17:25:43.672+0000] {processor.py:840} INFO - DAG(s) 'prediction_dag' retrieved from /opt/airflow/dags/prediction_dag.py
[2026-01-01T17:25:43.728+0000] {logging_mixin.py:188} INFO - [2026-01-01T17:25:43.727+0000] {dag.py:3047} INFO - Sync 1 DAGs
[2026-01-01T17:25:43.758+0000] {logging_mixin.py:188} INFO - [2026-01-01T17:25:43.758+0000] {dag.py:3834} INFO - Setting next_dagrun for prediction_dag to 2026-01-01 17:24:00+00:00, run_after=2026-01-01 17:26:00+00:00
[2026-01-01T17:25:43.771+0000] {processor.py:183} INFO - Processing /opt/airflow/dags/prediction_dag.py took 0.152 seconds
[2026-01-01T17:26:14.121+0000] {processor.py:161} INFO - Started process (PID=1207) to work on /opt/airflow/dags/prediction_dag.py
[2026-01-01T17:26:14.124+0000] {processor.py:830} INFO - Processing file /opt/airflow/dags/prediction_dag.py for tasks to queue
[2026-01-01T17:26:14.126+0000] {logging_mixin.py:188} INFO - [2026-01-01T17:26:14.125+0000] {dagbag.py:540} INFO - Filling up the DagBag from /opt/airflow/dags/prediction_dag.py
[2026-01-01T17:26:14.165+0000] {processor.py:840} INFO - DAG(s) 'prediction_dag' retrieved from /opt/airflow/dags/prediction_dag.py
[2026-01-01T17:26:14.217+0000] {logging_mixin.py:188} INFO - [2026-01-01T17:26:14.217+0000] {dag.py:3047} INFO - Sync 1 DAGs
[2026-01-01T17:26:14.249+0000] {logging_mixin.py:188} INFO - [2026-01-01T17:26:14.249+0000] {dag.py:3834} INFO - Setting next_dagrun for prediction_dag to 2026-01-01 17:26:00+00:00, run_after=2026-01-01 17:28:00+00:00
[2026-01-01T17:26:14.262+0000] {processor.py:183} INFO - Processing /opt/airflow/dags/prediction_dag.py took 0.156 seconds
[2026-01-01T17:26:44.676+0000] {processor.py:161} INFO - Started process (PID=1225) to work on /opt/airflow/dags/prediction_dag.py
[2026-01-01T17:26:44.678+0000] {processor.py:830} INFO - Processing file /opt/airflow/dags/prediction_dag.py for tasks to queue
[2026-01-01T17:26:44.679+0000] {logging_mixin.py:188} INFO - [2026-01-01T17:26:44.679+0000] {dagbag.py:540} INFO - Filling up the DagBag from /opt/airflow/dags/prediction_dag.py
[2026-01-01T17:26:44.715+0000] {processor.py:840} INFO - DAG(s) 'prediction_dag' retrieved from /opt/airflow/dags/prediction_dag.py
[2026-01-01T17:26:44.772+0000] {logging_mixin.py:188} INFO - [2026-01-01T17:26:44.772+0000] {dag.py:3047} INFO - Sync 1 DAGs
[2026-01-01T17:26:44.806+0000] {logging_mixin.py:188} INFO - [2026-01-01T17:26:44.806+0000] {dag.py:3834} INFO - Setting next_dagrun for prediction_dag to 2026-01-01 17:26:00+00:00, run_after=2026-01-01 17:28:00+00:00
[2026-01-01T17:26:44.820+0000] {processor.py:183} INFO - Processing /opt/airflow/dags/prediction_dag.py took 0.154 seconds
[2026-01-01T17:28:36.453+0000] {processor.py:161} INFO - Started process (PID=166) to work on /opt/airflow/dags/prediction_dag.py
[2026-01-01T17:28:36.468+0000] {processor.py:830} INFO - Processing file /opt/airflow/dags/prediction_dag.py for tasks to queue
[2026-01-01T17:28:36.474+0000] {logging_mixin.py:188} INFO - [2026-01-01T17:28:36.471+0000] {dagbag.py:540} INFO - Filling up the DagBag from /opt/airflow/dags/prediction_dag.py
[2026-01-01T17:28:36.701+0000] {processor.py:840} INFO - DAG(s) 'prediction_dag' retrieved from /opt/airflow/dags/prediction_dag.py
[2026-01-01T17:28:36.912+0000] {logging_mixin.py:188} INFO - [2026-01-01T17:28:36.912+0000] {dag.py:3047} INFO - Sync 1 DAGs
[2026-01-01T17:28:37.027+0000] {logging_mixin.py:188} INFO - [2026-01-01T17:28:37.027+0000] {dag.py:3834} INFO - Setting next_dagrun for prediction_dag to 2026-01-01 17:28:00+00:00, run_after=2026-01-01 17:30:00+00:00
[2026-01-01T17:28:37.076+0000] {processor.py:183} INFO - Processing /opt/airflow/dags/prediction_dag.py took 0.668 seconds
[2026-01-01T17:29:07.281+0000] {processor.py:161} INFO - Started process (PID=184) to work on /opt/airflow/dags/prediction_dag.py
[2026-01-01T17:29:07.283+0000] {processor.py:830} INFO - Processing file /opt/airflow/dags/prediction_dag.py for tasks to queue
[2026-01-01T17:29:07.284+0000] {logging_mixin.py:188} INFO - [2026-01-01T17:29:07.284+0000] {dagbag.py:540} INFO - Filling up the DagBag from /opt/airflow/dags/prediction_dag.py
[2026-01-01T17:29:07.321+0000] {processor.py:840} INFO - DAG(s) 'prediction_dag' retrieved from /opt/airflow/dags/prediction_dag.py
[2026-01-01T17:29:07.350+0000] {logging_mixin.py:188} INFO - [2026-01-01T17:29:07.350+0000] {dag.py:3047} INFO - Sync 1 DAGs
[2026-01-01T17:29:07.393+0000] {logging_mixin.py:188} INFO - [2026-01-01T17:29:07.392+0000] {dag.py:3834} INFO - Setting next_dagrun for prediction_dag to 2026-01-01 17:28:00+00:00, run_after=2026-01-01 17:30:00+00:00
[2026-01-01T17:29:07.408+0000] {processor.py:183} INFO - Processing /opt/airflow/dags/prediction_dag.py took 0.133 seconds
[2026-01-01T17:29:38.044+0000] {processor.py:161} INFO - Started process (PID=202) to work on /opt/airflow/dags/prediction_dag.py
[2026-01-01T17:29:38.045+0000] {processor.py:830} INFO - Processing file /opt/airflow/dags/prediction_dag.py for tasks to queue
[2026-01-01T17:29:38.046+0000] {logging_mixin.py:188} INFO - [2026-01-01T17:29:38.046+0000] {dagbag.py:540} INFO - Filling up the DagBag from /opt/airflow/dags/prediction_dag.py
[2026-01-01T17:29:38.073+0000] {processor.py:840} INFO - DAG(s) 'prediction_dag' retrieved from /opt/airflow/dags/prediction_dag.py
[2026-01-01T17:29:38.371+0000] {logging_mixin.py:188} INFO - [2026-01-01T17:29:38.370+0000] {dag.py:3047} INFO - Sync 1 DAGs
[2026-01-01T17:29:38.387+0000] {logging_mixin.py:188} INFO - [2026-01-01T17:29:38.386+0000] {dag.py:3834} INFO - Setting next_dagrun for prediction_dag to 2026-01-01 17:28:00+00:00, run_after=2026-01-01 17:30:00+00:00
[2026-01-01T17:29:38.405+0000] {processor.py:183} INFO - Processing /opt/airflow/dags/prediction_dag.py took 0.372 seconds
[2026-01-01T17:30:08.764+0000] {processor.py:161} INFO - Started process (PID=222) to work on /opt/airflow/dags/prediction_dag.py
[2026-01-01T17:30:08.766+0000] {processor.py:830} INFO - Processing file /opt/airflow/dags/prediction_dag.py for tasks to queue
[2026-01-01T17:30:08.768+0000] {logging_mixin.py:188} INFO - [2026-01-01T17:30:08.767+0000] {dagbag.py:540} INFO - Filling up the DagBag from /opt/airflow/dags/prediction_dag.py
[2026-01-01T17:30:08.789+0000] {processor.py:840} INFO - DAG(s) 'prediction_dag' retrieved from /opt/airflow/dags/prediction_dag.py
[2026-01-01T17:30:08.822+0000] {logging_mixin.py:188} INFO - [2026-01-01T17:30:08.822+0000] {dag.py:3047} INFO - Sync 1 DAGs
[2026-01-01T17:30:08.840+0000] {logging_mixin.py:188} INFO - [2026-01-01T17:30:08.840+0000] {dag.py:3834} INFO - Setting next_dagrun for prediction_dag to 2026-01-01 17:30:00+00:00, run_after=2026-01-01 17:32:00+00:00
[2026-01-01T17:30:08.850+0000] {processor.py:183} INFO - Processing /opt/airflow/dags/prediction_dag.py took 0.093 seconds
[2026-01-01T17:30:39.257+0000] {processor.py:161} INFO - Started process (PID=240) to work on /opt/airflow/dags/prediction_dag.py
[2026-01-01T17:30:39.259+0000] {processor.py:830} INFO - Processing file /opt/airflow/dags/prediction_dag.py for tasks to queue
[2026-01-01T17:30:39.261+0000] {logging_mixin.py:188} INFO - [2026-01-01T17:30:39.260+0000] {dagbag.py:540} INFO - Filling up the DagBag from /opt/airflow/dags/prediction_dag.py
[2026-01-01T17:30:39.289+0000] {processor.py:840} INFO - DAG(s) 'prediction_dag' retrieved from /opt/airflow/dags/prediction_dag.py
[2026-01-01T17:30:39.321+0000] {logging_mixin.py:188} INFO - [2026-01-01T17:30:39.321+0000] {dag.py:3047} INFO - Sync 1 DAGs
[2026-01-01T17:30:39.345+0000] {logging_mixin.py:188} INFO - [2026-01-01T17:30:39.344+0000] {dag.py:3834} INFO - Setting next_dagrun for prediction_dag to 2026-01-01 17:30:00+00:00, run_after=2026-01-01 17:32:00+00:00
[2026-01-01T17:30:39.355+0000] {processor.py:183} INFO - Processing /opt/airflow/dags/prediction_dag.py took 0.113 seconds
[2026-01-01T17:31:09.920+0000] {processor.py:161} INFO - Started process (PID=258) to work on /opt/airflow/dags/prediction_dag.py
[2026-01-01T17:31:09.922+0000] {processor.py:830} INFO - Processing file /opt/airflow/dags/prediction_dag.py for tasks to queue
[2026-01-01T17:31:09.923+0000] {logging_mixin.py:188} INFO - [2026-01-01T17:31:09.922+0000] {dagbag.py:540} INFO - Filling up the DagBag from /opt/airflow/dags/prediction_dag.py
[2026-01-01T17:31:09.955+0000] {processor.py:840} INFO - DAG(s) 'prediction_dag' retrieved from /opt/airflow/dags/prediction_dag.py
[2026-01-01T17:31:09.993+0000] {logging_mixin.py:188} INFO - [2026-01-01T17:31:09.993+0000] {dag.py:3047} INFO - Sync 1 DAGs
[2026-01-01T17:31:10.019+0000] {logging_mixin.py:188} INFO - [2026-01-01T17:31:10.019+0000] {dag.py:3834} INFO - Setting next_dagrun for prediction_dag to 2026-01-01 17:30:00+00:00, run_after=2026-01-01 17:32:00+00:00
[2026-01-01T17:31:10.031+0000] {processor.py:183} INFO - Processing /opt/airflow/dags/prediction_dag.py took 0.118 seconds
[2026-01-01T17:31:40.345+0000] {processor.py:161} INFO - Started process (PID=276) to work on /opt/airflow/dags/prediction_dag.py
[2026-01-01T17:31:40.346+0000] {processor.py:830} INFO - Processing file /opt/airflow/dags/prediction_dag.py for tasks to queue
[2026-01-01T17:31:40.347+0000] {logging_mixin.py:188} INFO - [2026-01-01T17:31:40.347+0000] {dagbag.py:540} INFO - Filling up the DagBag from /opt/airflow/dags/prediction_dag.py
[2026-01-01T17:31:40.373+0000] {processor.py:840} INFO - DAG(s) 'prediction_dag' retrieved from /opt/airflow/dags/prediction_dag.py
[2026-01-01T17:31:40.421+0000] {logging_mixin.py:188} INFO - [2026-01-01T17:31:40.421+0000] {dag.py:3047} INFO - Sync 1 DAGs
[2026-01-01T17:31:40.442+0000] {logging_mixin.py:188} INFO - [2026-01-01T17:31:40.442+0000] {dag.py:3834} INFO - Setting next_dagrun for prediction_dag to 2026-01-01 17:30:00+00:00, run_after=2026-01-01 17:32:00+00:00
[2026-01-01T17:31:40.458+0000] {processor.py:183} INFO - Processing /opt/airflow/dags/prediction_dag.py took 0.119 seconds
[2026-01-01T17:32:10.809+0000] {processor.py:161} INFO - Started process (PID=296) to work on /opt/airflow/dags/prediction_dag.py
[2026-01-01T17:32:10.810+0000] {processor.py:830} INFO - Processing file /opt/airflow/dags/prediction_dag.py for tasks to queue
[2026-01-01T17:32:10.812+0000] {logging_mixin.py:188} INFO - [2026-01-01T17:32:10.812+0000] {dagbag.py:540} INFO - Filling up the DagBag from /opt/airflow/dags/prediction_dag.py
[2026-01-01T17:32:10.834+0000] {processor.py:840} INFO - DAG(s) 'prediction_dag' retrieved from /opt/airflow/dags/prediction_dag.py
[2026-01-01T17:32:10.880+0000] {logging_mixin.py:188} INFO - [2026-01-01T17:32:10.880+0000] {dag.py:3047} INFO - Sync 1 DAGs
[2026-01-01T17:32:10.907+0000] {logging_mixin.py:188} INFO - [2026-01-01T17:32:10.907+0000] {dag.py:3834} INFO - Setting next_dagrun for prediction_dag to 2026-01-01 17:32:00+00:00, run_after=2026-01-01 17:34:00+00:00
[2026-01-01T17:32:10.920+0000] {processor.py:183} INFO - Processing /opt/airflow/dags/prediction_dag.py took 0.118 seconds
[2026-01-01T17:32:41.208+0000] {processor.py:161} INFO - Started process (PID=314) to work on /opt/airflow/dags/prediction_dag.py
[2026-01-01T17:32:41.210+0000] {processor.py:830} INFO - Processing file /opt/airflow/dags/prediction_dag.py for tasks to queue
[2026-01-01T17:32:41.211+0000] {logging_mixin.py:188} INFO - [2026-01-01T17:32:41.210+0000] {dagbag.py:540} INFO - Filling up the DagBag from /opt/airflow/dags/prediction_dag.py
[2026-01-01T17:32:41.240+0000] {processor.py:840} INFO - DAG(s) 'prediction_dag' retrieved from /opt/airflow/dags/prediction_dag.py
[2026-01-01T17:32:41.272+0000] {logging_mixin.py:188} INFO - [2026-01-01T17:32:41.272+0000] {dag.py:3047} INFO - Sync 1 DAGs
[2026-01-01T17:32:41.291+0000] {logging_mixin.py:188} INFO - [2026-01-01T17:32:41.291+0000] {dag.py:3834} INFO - Setting next_dagrun for prediction_dag to 2026-01-01 17:32:00+00:00, run_after=2026-01-01 17:34:00+00:00
[2026-01-01T17:32:41.301+0000] {processor.py:183} INFO - Processing /opt/airflow/dags/prediction_dag.py took 0.100 seconds
[2026-01-01T17:33:11.664+0000] {processor.py:161} INFO - Started process (PID=332) to work on /opt/airflow/dags/prediction_dag.py
[2026-01-01T17:33:11.666+0000] {processor.py:830} INFO - Processing file /opt/airflow/dags/prediction_dag.py for tasks to queue
[2026-01-01T17:33:11.668+0000] {logging_mixin.py:188} INFO - [2026-01-01T17:33:11.667+0000] {dagbag.py:540} INFO - Filling up the DagBag from /opt/airflow/dags/prediction_dag.py
[2026-01-01T17:33:11.707+0000] {processor.py:840} INFO - DAG(s) 'prediction_dag' retrieved from /opt/airflow/dags/prediction_dag.py
[2026-01-01T17:33:11.747+0000] {logging_mixin.py:188} INFO - [2026-01-01T17:33:11.747+0000] {dag.py:3047} INFO - Sync 1 DAGs
[2026-01-01T17:33:11.956+0000] {logging_mixin.py:188} INFO - [2026-01-01T17:33:11.956+0000] {dag.py:3834} INFO - Setting next_dagrun for prediction_dag to 2026-01-01 17:32:00+00:00, run_after=2026-01-01 17:34:00+00:00
[2026-01-01T17:33:11.965+0000] {processor.py:183} INFO - Processing /opt/airflow/dags/prediction_dag.py took 0.319 seconds
[2026-01-01T17:33:42.063+0000] {processor.py:161} INFO - Started process (PID=350) to work on /opt/airflow/dags/prediction_dag.py
[2026-01-01T17:33:42.065+0000] {processor.py:830} INFO - Processing file /opt/airflow/dags/prediction_dag.py for tasks to queue
[2026-01-01T17:33:42.067+0000] {logging_mixin.py:188} INFO - [2026-01-01T17:33:42.066+0000] {dagbag.py:540} INFO - Filling up the DagBag from /opt/airflow/dags/prediction_dag.py
[2026-01-01T17:33:42.092+0000] {processor.py:840} INFO - DAG(s) 'prediction_dag' retrieved from /opt/airflow/dags/prediction_dag.py
[2026-01-01T17:33:42.120+0000] {logging_mixin.py:188} INFO - [2026-01-01T17:33:42.120+0000] {dag.py:3047} INFO - Sync 1 DAGs
[2026-01-01T17:33:42.140+0000] {logging_mixin.py:188} INFO - [2026-01-01T17:33:42.140+0000] {dag.py:3834} INFO - Setting next_dagrun for prediction_dag to 2026-01-01 17:32:00+00:00, run_after=2026-01-01 17:34:00+00:00
[2026-01-01T17:33:42.152+0000] {processor.py:183} INFO - Processing /opt/airflow/dags/prediction_dag.py took 0.096 seconds
[2026-01-01T17:34:12.705+0000] {processor.py:161} INFO - Started process (PID=370) to work on /opt/airflow/dags/prediction_dag.py
[2026-01-01T17:34:12.707+0000] {processor.py:830} INFO - Processing file /opt/airflow/dags/prediction_dag.py for tasks to queue
[2026-01-01T17:34:12.709+0000] {logging_mixin.py:188} INFO - [2026-01-01T17:34:12.708+0000] {dagbag.py:540} INFO - Filling up the DagBag from /opt/airflow/dags/prediction_dag.py
[2026-01-01T17:34:12.741+0000] {processor.py:840} INFO - DAG(s) 'prediction_dag' retrieved from /opt/airflow/dags/prediction_dag.py
[2026-01-01T17:34:12.783+0000] {logging_mixin.py:188} INFO - [2026-01-01T17:34:12.782+0000] {dag.py:3047} INFO - Sync 1 DAGs
[2026-01-01T17:34:12.805+0000] {logging_mixin.py:188} INFO - [2026-01-01T17:34:12.805+0000] {dag.py:3834} INFO - Setting next_dagrun for prediction_dag to 2026-01-01 17:34:00+00:00, run_after=2026-01-01 17:36:00+00:00
[2026-01-01T17:34:12.817+0000] {processor.py:183} INFO - Processing /opt/airflow/dags/prediction_dag.py took 0.121 seconds
[2026-01-01T17:34:43.010+0000] {processor.py:161} INFO - Started process (PID=388) to work on /opt/airflow/dags/prediction_dag.py
[2026-01-01T17:34:43.012+0000] {processor.py:830} INFO - Processing file /opt/airflow/dags/prediction_dag.py for tasks to queue
[2026-01-01T17:34:43.014+0000] {logging_mixin.py:188} INFO - [2026-01-01T17:34:43.013+0000] {dagbag.py:540} INFO - Filling up the DagBag from /opt/airflow/dags/prediction_dag.py
[2026-01-01T17:34:43.055+0000] {processor.py:840} INFO - DAG(s) 'prediction_dag' retrieved from /opt/airflow/dags/prediction_dag.py
[2026-01-01T17:34:43.109+0000] {logging_mixin.py:188} INFO - [2026-01-01T17:34:43.109+0000] {dag.py:3047} INFO - Sync 1 DAGs
[2026-01-01T17:34:43.134+0000] {logging_mixin.py:188} INFO - [2026-01-01T17:34:43.134+0000] {dag.py:3834} INFO - Setting next_dagrun for prediction_dag to 2026-01-01 17:34:00+00:00, run_after=2026-01-01 17:36:00+00:00
[2026-01-01T17:34:43.146+0000] {processor.py:183} INFO - Processing /opt/airflow/dags/prediction_dag.py took 0.143 seconds
[2026-01-01T17:35:13.520+0000] {processor.py:161} INFO - Started process (PID=406) to work on /opt/airflow/dags/prediction_dag.py
[2026-01-01T17:35:13.524+0000] {processor.py:830} INFO - Processing file /opt/airflow/dags/prediction_dag.py for tasks to queue
[2026-01-01T17:35:13.525+0000] {logging_mixin.py:188} INFO - [2026-01-01T17:35:13.525+0000] {dagbag.py:540} INFO - Filling up the DagBag from /opt/airflow/dags/prediction_dag.py
[2026-01-01T17:35:13.549+0000] {processor.py:840} INFO - DAG(s) 'prediction_dag' retrieved from /opt/airflow/dags/prediction_dag.py
[2026-01-01T17:35:13.649+0000] {logging_mixin.py:188} INFO - [2026-01-01T17:35:13.649+0000] {dag.py:3047} INFO - Sync 1 DAGs
[2026-01-01T17:35:13.680+0000] {logging_mixin.py:188} INFO - [2026-01-01T17:35:13.680+0000] {dag.py:3834} INFO - Setting next_dagrun for prediction_dag to 2026-01-01 17:34:00+00:00, run_after=2026-01-01 17:36:00+00:00
[2026-01-01T17:35:13.694+0000] {processor.py:183} INFO - Processing /opt/airflow/dags/prediction_dag.py took 0.180 seconds
[2026-01-01T17:35:44.283+0000] {processor.py:161} INFO - Started process (PID=464) to work on /opt/airflow/dags/prediction_dag.py
[2026-01-01T17:35:44.285+0000] {processor.py:830} INFO - Processing file /opt/airflow/dags/prediction_dag.py for tasks to queue
[2026-01-01T17:35:44.287+0000] {logging_mixin.py:188} INFO - [2026-01-01T17:35:44.287+0000] {dagbag.py:540} INFO - Filling up the DagBag from /opt/airflow/dags/prediction_dag.py
[2026-01-01T17:35:44.320+0000] {processor.py:840} INFO - DAG(s) 'prediction_dag' retrieved from /opt/airflow/dags/prediction_dag.py
[2026-01-01T17:35:44.382+0000] {logging_mixin.py:188} INFO - [2026-01-01T17:35:44.382+0000] {dag.py:3047} INFO - Sync 1 DAGs
[2026-01-01T17:35:44.756+0000] {logging_mixin.py:188} INFO - [2026-01-01T17:35:44.756+0000] {dag.py:3834} INFO - Setting next_dagrun for prediction_dag to 2026-01-01 17:34:00+00:00, run_after=2026-01-01 17:36:00+00:00
[2026-01-01T17:35:44.789+0000] {processor.py:183} INFO - Processing /opt/airflow/dags/prediction_dag.py took 0.511 seconds
[2026-01-01T17:36:14.903+0000] {processor.py:161} INFO - Started process (PID=615) to work on /opt/airflow/dags/prediction_dag.py
[2026-01-01T17:36:14.906+0000] {processor.py:830} INFO - Processing file /opt/airflow/dags/prediction_dag.py for tasks to queue
[2026-01-01T17:36:14.907+0000] {logging_mixin.py:188} INFO - [2026-01-01T17:36:14.906+0000] {dagbag.py:540} INFO - Filling up the DagBag from /opt/airflow/dags/prediction_dag.py
[2026-01-01T17:36:14.941+0000] {processor.py:840} INFO - DAG(s) 'prediction_dag' retrieved from /opt/airflow/dags/prediction_dag.py
[2026-01-01T17:36:15.283+0000] {logging_mixin.py:188} INFO - [2026-01-01T17:36:15.282+0000] {dag.py:3047} INFO - Sync 1 DAGs
[2026-01-01T17:36:15.301+0000] {logging_mixin.py:188} INFO - [2026-01-01T17:36:15.301+0000] {dag.py:3834} INFO - Setting next_dagrun for prediction_dag to 2026-01-01 17:34:00+00:00, run_after=2026-01-01 17:36:00+00:00
[2026-01-01T17:36:15.315+0000] {processor.py:183} INFO - Processing /opt/airflow/dags/prediction_dag.py took 0.424 seconds
[2026-01-01T17:36:45.839+0000] {processor.py:161} INFO - Started process (PID=633) to work on /opt/airflow/dags/prediction_dag.py
[2026-01-01T17:36:45.842+0000] {processor.py:830} INFO - Processing file /opt/airflow/dags/prediction_dag.py for tasks to queue
[2026-01-01T17:36:45.843+0000] {logging_mixin.py:188} INFO - [2026-01-01T17:36:45.843+0000] {dagbag.py:540} INFO - Filling up the DagBag from /opt/airflow/dags/prediction_dag.py
[2026-01-01T17:36:45.914+0000] {processor.py:840} INFO - DAG(s) 'prediction_dag' retrieved from /opt/airflow/dags/prediction_dag.py
[2026-01-01T17:36:45.979+0000] {logging_mixin.py:188} INFO - [2026-01-01T17:36:45.979+0000] {dag.py:3047} INFO - Sync 1 DAGs
[2026-01-01T17:36:46.017+0000] {logging_mixin.py:188} INFO - [2026-01-01T17:36:46.017+0000] {dag.py:3834} INFO - Setting next_dagrun for prediction_dag to 2026-01-01 17:34:00+00:00, run_after=2026-01-01 17:36:00+00:00
[2026-01-01T17:36:46.039+0000] {processor.py:183} INFO - Processing /opt/airflow/dags/prediction_dag.py took 0.219 seconds
[2026-01-01T17:37:16.680+0000] {processor.py:161} INFO - Started process (PID=713) to work on /opt/airflow/dags/prediction_dag.py
[2026-01-01T17:37:16.683+0000] {processor.py:830} INFO - Processing file /opt/airflow/dags/prediction_dag.py for tasks to queue
[2026-01-01T17:37:16.684+0000] {logging_mixin.py:188} INFO - [2026-01-01T17:37:16.683+0000] {dagbag.py:540} INFO - Filling up the DagBag from /opt/airflow/dags/prediction_dag.py
[2026-01-01T17:37:16.712+0000] {processor.py:840} INFO - DAG(s) 'prediction_dag' retrieved from /opt/airflow/dags/prediction_dag.py
[2026-01-01T17:37:16.759+0000] {logging_mixin.py:188} INFO - [2026-01-01T17:37:16.759+0000] {dag.py:3047} INFO - Sync 1 DAGs
[2026-01-01T17:37:17.162+0000] {logging_mixin.py:188} INFO - [2026-01-01T17:37:17.162+0000] {dag.py:3834} INFO - Setting next_dagrun for prediction_dag to 2026-01-01 17:34:00+00:00, run_after=2026-01-01 17:36:00+00:00
[2026-01-01T17:37:17.187+0000] {processor.py:183} INFO - Processing /opt/airflow/dags/prediction_dag.py took 0.520 seconds
[2026-01-01T17:37:47.735+0000] {processor.py:161} INFO - Started process (PID=731) to work on /opt/airflow/dags/prediction_dag.py
[2026-01-01T17:37:47.742+0000] {processor.py:830} INFO - Processing file /opt/airflow/dags/prediction_dag.py for tasks to queue
[2026-01-01T17:37:47.744+0000] {logging_mixin.py:188} INFO - [2026-01-01T17:37:47.743+0000] {dagbag.py:540} INFO - Filling up the DagBag from /opt/airflow/dags/prediction_dag.py
[2026-01-01T17:37:47.769+0000] {processor.py:840} INFO - DAG(s) 'prediction_dag' retrieved from /opt/airflow/dags/prediction_dag.py
[2026-01-01T17:37:47.812+0000] {logging_mixin.py:188} INFO - [2026-01-01T17:37:47.812+0000] {dag.py:3047} INFO - Sync 1 DAGs
[2026-01-01T17:37:47.840+0000] {logging_mixin.py:188} INFO - [2026-01-01T17:37:47.840+0000] {dag.py:3834} INFO - Setting next_dagrun for prediction_dag to 2026-01-01 17:34:00+00:00, run_after=2026-01-01 17:36:00+00:00
[2026-01-01T17:37:47.853+0000] {processor.py:183} INFO - Processing /opt/airflow/dags/prediction_dag.py took 0.124 seconds
[2026-01-01T17:38:18.235+0000] {processor.py:161} INFO - Started process (PID=811) to work on /opt/airflow/dags/prediction_dag.py
[2026-01-01T17:38:18.238+0000] {processor.py:830} INFO - Processing file /opt/airflow/dags/prediction_dag.py for tasks to queue
[2026-01-01T17:38:18.239+0000] {logging_mixin.py:188} INFO - [2026-01-01T17:38:18.238+0000] {dagbag.py:540} INFO - Filling up the DagBag from /opt/airflow/dags/prediction_dag.py
[2026-01-01T17:38:18.268+0000] {processor.py:840} INFO - DAG(s) 'prediction_dag' retrieved from /opt/airflow/dags/prediction_dag.py
[2026-01-01T17:38:18.310+0000] {logging_mixin.py:188} INFO - [2026-01-01T17:38:18.310+0000] {dag.py:3047} INFO - Sync 1 DAGs
[2026-01-01T17:38:18.552+0000] {logging_mixin.py:188} INFO - [2026-01-01T17:38:18.551+0000] {dag.py:3834} INFO - Setting next_dagrun for prediction_dag to 2026-01-01 17:36:00+00:00, run_after=2026-01-01 17:38:00+00:00
[2026-01-01T17:38:18.564+0000] {processor.py:183} INFO - Processing /opt/airflow/dags/prediction_dag.py took 0.345 seconds
[2026-01-01T17:38:49.089+0000] {processor.py:161} INFO - Started process (PID=829) to work on /opt/airflow/dags/prediction_dag.py
[2026-01-01T17:38:49.091+0000] {processor.py:830} INFO - Processing file /opt/airflow/dags/prediction_dag.py for tasks to queue
[2026-01-01T17:38:49.092+0000] {logging_mixin.py:188} INFO - [2026-01-01T17:38:49.092+0000] {dagbag.py:540} INFO - Filling up the DagBag from /opt/airflow/dags/prediction_dag.py
[2026-01-01T17:38:49.120+0000] {processor.py:840} INFO - DAG(s) 'prediction_dag' retrieved from /opt/airflow/dags/prediction_dag.py
[2026-01-01T17:38:49.381+0000] {logging_mixin.py:188} INFO - [2026-01-01T17:38:49.381+0000] {dag.py:3047} INFO - Sync 1 DAGs
[2026-01-01T17:38:49.396+0000] {logging_mixin.py:188} INFO - [2026-01-01T17:38:49.396+0000] {dag.py:3834} INFO - Setting next_dagrun for prediction_dag to 2026-01-01 17:36:00+00:00, run_after=2026-01-01 17:38:00+00:00
[2026-01-01T17:38:49.405+0000] {processor.py:183} INFO - Processing /opt/airflow/dags/prediction_dag.py took 0.324 seconds
[2026-01-01T17:39:19.901+0000] {processor.py:161} INFO - Started process (PID=909) to work on /opt/airflow/dags/prediction_dag.py
[2026-01-01T17:39:19.904+0000] {processor.py:830} INFO - Processing file /opt/airflow/dags/prediction_dag.py for tasks to queue
[2026-01-01T17:39:19.908+0000] {logging_mixin.py:188} INFO - [2026-01-01T17:39:19.908+0000] {dagbag.py:540} INFO - Filling up the DagBag from /opt/airflow/dags/prediction_dag.py
[2026-01-01T17:39:19.938+0000] {processor.py:840} INFO - DAG(s) 'prediction_dag' retrieved from /opt/airflow/dags/prediction_dag.py
[2026-01-01T17:39:19.978+0000] {logging_mixin.py:188} INFO - [2026-01-01T17:39:19.978+0000] {dag.py:3047} INFO - Sync 1 DAGs
[2026-01-01T17:39:20.005+0000] {logging_mixin.py:188} INFO - [2026-01-01T17:39:20.005+0000] {dag.py:3834} INFO - Setting next_dagrun for prediction_dag to 2026-01-01 17:36:00+00:00, run_after=2026-01-01 17:38:00+00:00
[2026-01-01T17:39:20.026+0000] {processor.py:183} INFO - Processing /opt/airflow/dags/prediction_dag.py took 0.138 seconds
[2026-01-01T17:39:50.438+0000] {processor.py:161} INFO - Started process (PID=927) to work on /opt/airflow/dags/prediction_dag.py
[2026-01-01T17:39:50.440+0000] {processor.py:830} INFO - Processing file /opt/airflow/dags/prediction_dag.py for tasks to queue
[2026-01-01T17:39:50.441+0000] {logging_mixin.py:188} INFO - [2026-01-01T17:39:50.441+0000] {dagbag.py:540} INFO - Filling up the DagBag from /opt/airflow/dags/prediction_dag.py
[2026-01-01T17:39:50.464+0000] {processor.py:840} INFO - DAG(s) 'prediction_dag' retrieved from /opt/airflow/dags/prediction_dag.py
[2026-01-01T17:39:50.502+0000] {logging_mixin.py:188} INFO - [2026-01-01T17:39:50.502+0000] {dag.py:3047} INFO - Sync 1 DAGs
[2026-01-01T17:39:50.524+0000] {logging_mixin.py:188} INFO - [2026-01-01T17:39:50.524+0000] {dag.py:3834} INFO - Setting next_dagrun for prediction_dag to 2026-01-01 17:36:00+00:00, run_after=2026-01-01 17:38:00+00:00
[2026-01-01T17:39:50.536+0000] {processor.py:183} INFO - Processing /opt/airflow/dags/prediction_dag.py took 0.110 seconds
[2026-01-01T17:40:20.917+0000] {processor.py:161} INFO - Started process (PID=1007) to work on /opt/airflow/dags/prediction_dag.py
[2026-01-01T17:40:20.920+0000] {processor.py:830} INFO - Processing file /opt/airflow/dags/prediction_dag.py for tasks to queue
[2026-01-01T17:40:20.922+0000] {logging_mixin.py:188} INFO - [2026-01-01T17:40:20.921+0000] {dagbag.py:540} INFO - Filling up the DagBag from /opt/airflow/dags/prediction_dag.py
[2026-01-01T17:40:20.953+0000] {processor.py:840} INFO - DAG(s) 'prediction_dag' retrieved from /opt/airflow/dags/prediction_dag.py
[2026-01-01T17:40:20.993+0000] {logging_mixin.py:188} INFO - [2026-01-01T17:40:20.992+0000] {dag.py:3047} INFO - Sync 1 DAGs
[2026-01-01T17:40:21.012+0000] {logging_mixin.py:188} INFO - [2026-01-01T17:40:21.012+0000] {dag.py:3834} INFO - Setting next_dagrun for prediction_dag to 2026-01-01 17:38:00+00:00, run_after=2026-01-01 17:40:00+00:00
[2026-01-01T17:40:21.026+0000] {processor.py:183} INFO - Processing /opt/airflow/dags/prediction_dag.py took 0.119 seconds
[2026-01-01T17:40:51.185+0000] {processor.py:161} INFO - Started process (PID=1025) to work on /opt/airflow/dags/prediction_dag.py
[2026-01-01T17:40:51.187+0000] {processor.py:830} INFO - Processing file /opt/airflow/dags/prediction_dag.py for tasks to queue
[2026-01-01T17:40:51.188+0000] {logging_mixin.py:188} INFO - [2026-01-01T17:40:51.188+0000] {dagbag.py:540} INFO - Filling up the DagBag from /opt/airflow/dags/prediction_dag.py
[2026-01-01T17:40:51.216+0000] {processor.py:840} INFO - DAG(s) 'prediction_dag' retrieved from /opt/airflow/dags/prediction_dag.py
[2026-01-01T17:40:51.267+0000] {logging_mixin.py:188} INFO - [2026-01-01T17:40:51.267+0000] {dag.py:3047} INFO - Sync 1 DAGs
[2026-01-01T17:40:51.292+0000] {logging_mixin.py:188} INFO - [2026-01-01T17:40:51.292+0000] {dag.py:3834} INFO - Setting next_dagrun for prediction_dag to 2026-01-01 17:38:00+00:00, run_after=2026-01-01 17:40:00+00:00
[2026-01-01T17:40:51.305+0000] {processor.py:183} INFO - Processing /opt/airflow/dags/prediction_dag.py took 0.127 seconds
[2026-01-01T17:41:21.634+0000] {processor.py:161} INFO - Started process (PID=1105) to work on /opt/airflow/dags/prediction_dag.py
[2026-01-01T17:41:21.642+0000] {processor.py:830} INFO - Processing file /opt/airflow/dags/prediction_dag.py for tasks to queue
[2026-01-01T17:41:21.644+0000] {logging_mixin.py:188} INFO - [2026-01-01T17:41:21.643+0000] {dagbag.py:540} INFO - Filling up the DagBag from /opt/airflow/dags/prediction_dag.py
[2026-01-01T17:41:21.679+0000] {processor.py:840} INFO - DAG(s) 'prediction_dag' retrieved from /opt/airflow/dags/prediction_dag.py
[2026-01-01T17:41:21.723+0000] {logging_mixin.py:188} INFO - [2026-01-01T17:41:21.723+0000] {dag.py:3047} INFO - Sync 1 DAGs
[2026-01-01T17:41:21.748+0000] {logging_mixin.py:188} INFO - [2026-01-01T17:41:21.748+0000] {dag.py:3834} INFO - Setting next_dagrun for prediction_dag to 2026-01-01 17:38:00+00:00, run_after=2026-01-01 17:40:00+00:00
[2026-01-01T17:41:21.760+0000] {processor.py:183} INFO - Processing /opt/airflow/dags/prediction_dag.py took 0.135 seconds
[2026-01-01T17:41:52.166+0000] {processor.py:161} INFO - Started process (PID=1123) to work on /opt/airflow/dags/prediction_dag.py
[2026-01-01T17:41:52.169+0000] {processor.py:830} INFO - Processing file /opt/airflow/dags/prediction_dag.py for tasks to queue
[2026-01-01T17:41:52.171+0000] {logging_mixin.py:188} INFO - [2026-01-01T17:41:52.170+0000] {dagbag.py:540} INFO - Filling up the DagBag from /opt/airflow/dags/prediction_dag.py
[2026-01-01T17:41:52.197+0000] {processor.py:840} INFO - DAG(s) 'prediction_dag' retrieved from /opt/airflow/dags/prediction_dag.py
[2026-01-01T17:41:52.242+0000] {logging_mixin.py:188} INFO - [2026-01-01T17:41:52.242+0000] {dag.py:3047} INFO - Sync 1 DAGs
[2026-01-01T17:41:52.262+0000] {logging_mixin.py:188} INFO - [2026-01-01T17:41:52.262+0000] {dag.py:3834} INFO - Setting next_dagrun for prediction_dag to 2026-01-01 17:38:00+00:00, run_after=2026-01-01 17:40:00+00:00
[2026-01-01T17:41:52.277+0000] {processor.py:183} INFO - Processing /opt/airflow/dags/prediction_dag.py took 0.127 seconds
[2026-01-01T17:42:22.585+0000] {processor.py:161} INFO - Started process (PID=1203) to work on /opt/airflow/dags/prediction_dag.py
[2026-01-01T17:42:22.587+0000] {processor.py:830} INFO - Processing file /opt/airflow/dags/prediction_dag.py for tasks to queue
[2026-01-01T17:42:22.589+0000] {logging_mixin.py:188} INFO - [2026-01-01T17:42:22.588+0000] {dagbag.py:540} INFO - Filling up the DagBag from /opt/airflow/dags/prediction_dag.py
[2026-01-01T17:42:22.623+0000] {processor.py:840} INFO - DAG(s) 'prediction_dag' retrieved from /opt/airflow/dags/prediction_dag.py
[2026-01-01T17:42:22.665+0000] {logging_mixin.py:188} INFO - [2026-01-01T17:42:22.665+0000] {dag.py:3047} INFO - Sync 1 DAGs
[2026-01-01T17:42:22.690+0000] {logging_mixin.py:188} INFO - [2026-01-01T17:42:22.690+0000] {dag.py:3834} INFO - Setting next_dagrun for prediction_dag to 2026-01-01 17:40:00+00:00, run_after=2026-01-01 17:42:00+00:00
[2026-01-01T17:42:22.703+0000] {processor.py:183} INFO - Processing /opt/airflow/dags/prediction_dag.py took 0.131 seconds
[2026-01-01T17:42:53.108+0000] {processor.py:161} INFO - Started process (PID=1221) to work on /opt/airflow/dags/prediction_dag.py
[2026-01-01T17:42:53.110+0000] {processor.py:830} INFO - Processing file /opt/airflow/dags/prediction_dag.py for tasks to queue
[2026-01-01T17:42:53.111+0000] {logging_mixin.py:188} INFO - [2026-01-01T17:42:53.111+0000] {dagbag.py:540} INFO - Filling up the DagBag from /opt/airflow/dags/prediction_dag.py
[2026-01-01T17:42:53.135+0000] {processor.py:840} INFO - DAG(s) 'prediction_dag' retrieved from /opt/airflow/dags/prediction_dag.py
[2026-01-01T17:42:53.173+0000] {logging_mixin.py:188} INFO - [2026-01-01T17:42:53.173+0000] {dag.py:3047} INFO - Sync 1 DAGs
[2026-01-01T17:42:53.197+0000] {logging_mixin.py:188} INFO - [2026-01-01T17:42:53.197+0000] {dag.py:3834} INFO - Setting next_dagrun for prediction_dag to 2026-01-01 17:40:00+00:00, run_after=2026-01-01 17:42:00+00:00
[2026-01-01T17:42:53.209+0000] {processor.py:183} INFO - Processing /opt/airflow/dags/prediction_dag.py took 0.107 seconds
[2026-01-01T17:43:23.493+0000] {processor.py:161} INFO - Started process (PID=1301) to work on /opt/airflow/dags/prediction_dag.py
[2026-01-01T17:43:23.500+0000] {processor.py:830} INFO - Processing file /opt/airflow/dags/prediction_dag.py for tasks to queue
[2026-01-01T17:43:23.501+0000] {logging_mixin.py:188} INFO - [2026-01-01T17:43:23.501+0000] {dagbag.py:540} INFO - Filling up the DagBag from /opt/airflow/dags/prediction_dag.py
[2026-01-01T17:43:23.531+0000] {processor.py:840} INFO - DAG(s) 'prediction_dag' retrieved from /opt/airflow/dags/prediction_dag.py
[2026-01-01T17:43:23.594+0000] {logging_mixin.py:188} INFO - [2026-01-01T17:43:23.594+0000] {dag.py:3047} INFO - Sync 1 DAGs
[2026-01-01T17:43:23.624+0000] {logging_mixin.py:188} INFO - [2026-01-01T17:43:23.624+0000] {dag.py:3834} INFO - Setting next_dagrun for prediction_dag to 2026-01-01 17:40:00+00:00, run_after=2026-01-01 17:42:00+00:00
[2026-01-01T17:43:23.642+0000] {processor.py:183} INFO - Processing /opt/airflow/dags/prediction_dag.py took 0.156 seconds
[2026-01-01T17:43:53.964+0000] {processor.py:161} INFO - Started process (PID=1319) to work on /opt/airflow/dags/prediction_dag.py
[2026-01-01T17:43:53.968+0000] {processor.py:830} INFO - Processing file /opt/airflow/dags/prediction_dag.py for tasks to queue
[2026-01-01T17:43:53.970+0000] {logging_mixin.py:188} INFO - [2026-01-01T17:43:53.969+0000] {dagbag.py:540} INFO - Filling up the DagBag from /opt/airflow/dags/prediction_dag.py
[2026-01-01T17:43:54.007+0000] {processor.py:840} INFO - DAG(s) 'prediction_dag' retrieved from /opt/airflow/dags/prediction_dag.py
[2026-01-01T17:43:54.048+0000] {logging_mixin.py:188} INFO - [2026-01-01T17:43:54.048+0000] {dag.py:3047} INFO - Sync 1 DAGs
[2026-01-01T17:43:54.084+0000] {logging_mixin.py:188} INFO - [2026-01-01T17:43:54.084+0000] {dag.py:3834} INFO - Setting next_dagrun for prediction_dag to 2026-01-01 17:40:00+00:00, run_after=2026-01-01 17:42:00+00:00
[2026-01-01T17:43:54.112+0000] {processor.py:183} INFO - Processing /opt/airflow/dags/prediction_dag.py took 0.162 seconds
[2026-01-01T17:44:24.464+0000] {processor.py:161} INFO - Started process (PID=1397) to work on /opt/airflow/dags/prediction_dag.py
[2026-01-01T17:44:24.467+0000] {processor.py:830} INFO - Processing file /opt/airflow/dags/prediction_dag.py for tasks to queue
[2026-01-01T17:44:24.469+0000] {logging_mixin.py:188} INFO - [2026-01-01T17:44:24.469+0000] {dagbag.py:540} INFO - Filling up the DagBag from /opt/airflow/dags/prediction_dag.py
[2026-01-01T17:44:24.488+0000] {processor.py:840} INFO - DAG(s) 'prediction_dag' retrieved from /opt/airflow/dags/prediction_dag.py
[2026-01-01T17:44:24.520+0000] {logging_mixin.py:188} INFO - [2026-01-01T17:44:24.520+0000] {dag.py:3047} INFO - Sync 1 DAGs
[2026-01-01T17:44:24.538+0000] {logging_mixin.py:188} INFO - [2026-01-01T17:44:24.538+0000] {dag.py:3834} INFO - Setting next_dagrun for prediction_dag to 2026-01-01 17:42:00+00:00, run_after=2026-01-01 17:44:00+00:00
[2026-01-01T17:44:24.550+0000] {processor.py:183} INFO - Processing /opt/airflow/dags/prediction_dag.py took 0.091 seconds
[2026-01-01T17:44:54.975+0000] {processor.py:161} INFO - Started process (PID=1404) to work on /opt/airflow/dags/prediction_dag.py
[2026-01-01T17:44:54.977+0000] {processor.py:830} INFO - Processing file /opt/airflow/dags/prediction_dag.py for tasks to queue
[2026-01-01T17:44:54.979+0000] {logging_mixin.py:188} INFO - [2026-01-01T17:44:54.978+0000] {dagbag.py:540} INFO - Filling up the DagBag from /opt/airflow/dags/prediction_dag.py
[2026-01-01T17:44:55.004+0000] {processor.py:840} INFO - DAG(s) 'prediction_dag' retrieved from /opt/airflow/dags/prediction_dag.py
[2026-01-01T17:44:55.033+0000] {logging_mixin.py:188} INFO - [2026-01-01T17:44:55.033+0000] {dag.py:3047} INFO - Sync 1 DAGs
[2026-01-01T17:44:55.058+0000] {logging_mixin.py:188} INFO - [2026-01-01T17:44:55.058+0000] {dag.py:3834} INFO - Setting next_dagrun for prediction_dag to 2026-01-01 17:42:00+00:00, run_after=2026-01-01 17:44:00+00:00
[2026-01-01T17:44:55.070+0000] {processor.py:183} INFO - Processing /opt/airflow/dags/prediction_dag.py took 0.117 seconds
[2026-01-01T17:45:25.413+0000] {processor.py:161} INFO - Started process (PID=1484) to work on /opt/airflow/dags/prediction_dag.py
[2026-01-01T17:45:25.415+0000] {processor.py:830} INFO - Processing file /opt/airflow/dags/prediction_dag.py for tasks to queue
[2026-01-01T17:45:25.416+0000] {logging_mixin.py:188} INFO - [2026-01-01T17:45:25.416+0000] {dagbag.py:540} INFO - Filling up the DagBag from /opt/airflow/dags/prediction_dag.py
[2026-01-01T17:45:25.449+0000] {processor.py:840} INFO - DAG(s) 'prediction_dag' retrieved from /opt/airflow/dags/prediction_dag.py
[2026-01-01T17:45:25.493+0000] {logging_mixin.py:188} INFO - [2026-01-01T17:45:25.492+0000] {dag.py:3047} INFO - Sync 1 DAGs
[2026-01-01T17:45:25.518+0000] {logging_mixin.py:188} INFO - [2026-01-01T17:45:25.518+0000] {dag.py:3834} INFO - Setting next_dagrun for prediction_dag to 2026-01-01 17:42:00+00:00, run_after=2026-01-01 17:44:00+00:00
[2026-01-01T17:45:25.530+0000] {processor.py:183} INFO - Processing /opt/airflow/dags/prediction_dag.py took 0.131 seconds
[2026-01-01T17:45:55.921+0000] {processor.py:161} INFO - Started process (PID=1502) to work on /opt/airflow/dags/prediction_dag.py
[2026-01-01T17:45:55.924+0000] {processor.py:830} INFO - Processing file /opt/airflow/dags/prediction_dag.py for tasks to queue
[2026-01-01T17:45:55.925+0000] {logging_mixin.py:188} INFO - [2026-01-01T17:45:55.924+0000] {dagbag.py:540} INFO - Filling up the DagBag from /opt/airflow/dags/prediction_dag.py
[2026-01-01T17:45:55.964+0000] {processor.py:840} INFO - DAG(s) 'prediction_dag' retrieved from /opt/airflow/dags/prediction_dag.py
[2026-01-01T17:45:56.004+0000] {logging_mixin.py:188} INFO - [2026-01-01T17:45:56.003+0000] {dag.py:3047} INFO - Sync 1 DAGs
[2026-01-01T17:45:56.027+0000] {logging_mixin.py:188} INFO - [2026-01-01T17:45:56.027+0000] {dag.py:3834} INFO - Setting next_dagrun for prediction_dag to 2026-01-01 17:42:00+00:00, run_after=2026-01-01 17:44:00+00:00
[2026-01-01T17:45:56.040+0000] {processor.py:183} INFO - Processing /opt/airflow/dags/prediction_dag.py took 0.130 seconds
[2026-01-01T17:46:26.356+0000] {processor.py:161} INFO - Started process (PID=1582) to work on /opt/airflow/dags/prediction_dag.py
[2026-01-01T17:46:26.359+0000] {processor.py:830} INFO - Processing file /opt/airflow/dags/prediction_dag.py for tasks to queue
[2026-01-01T17:46:26.360+0000] {logging_mixin.py:188} INFO - [2026-01-01T17:46:26.359+0000] {dagbag.py:540} INFO - Filling up the DagBag from /opt/airflow/dags/prediction_dag.py
[2026-01-01T17:46:26.396+0000] {processor.py:840} INFO - DAG(s) 'prediction_dag' retrieved from /opt/airflow/dags/prediction_dag.py
[2026-01-01T17:46:26.435+0000] {logging_mixin.py:188} INFO - [2026-01-01T17:46:26.434+0000] {dag.py:3047} INFO - Sync 1 DAGs
[2026-01-01T17:46:26.460+0000] {logging_mixin.py:188} INFO - [2026-01-01T17:46:26.459+0000] {dag.py:3834} INFO - Setting next_dagrun for prediction_dag to 2026-01-01 17:44:00+00:00, run_after=2026-01-01 17:46:00+00:00
[2026-01-01T17:46:26.471+0000] {processor.py:183} INFO - Processing /opt/airflow/dags/prediction_dag.py took 0.128 seconds
[2026-01-01T17:46:56.864+0000] {processor.py:161} INFO - Started process (PID=1600) to work on /opt/airflow/dags/prediction_dag.py
[2026-01-01T17:46:56.866+0000] {processor.py:830} INFO - Processing file /opt/airflow/dags/prediction_dag.py for tasks to queue
[2026-01-01T17:46:56.867+0000] {logging_mixin.py:188} INFO - [2026-01-01T17:46:56.866+0000] {dagbag.py:540} INFO - Filling up the DagBag from /opt/airflow/dags/prediction_dag.py
[2026-01-01T17:46:56.900+0000] {processor.py:840} INFO - DAG(s) 'prediction_dag' retrieved from /opt/airflow/dags/prediction_dag.py
[2026-01-01T17:46:56.936+0000] {logging_mixin.py:188} INFO - [2026-01-01T17:46:56.936+0000] {dag.py:3047} INFO - Sync 1 DAGs
[2026-01-01T17:46:56.958+0000] {logging_mixin.py:188} INFO - [2026-01-01T17:46:56.958+0000] {dag.py:3834} INFO - Setting next_dagrun for prediction_dag to 2026-01-01 17:44:00+00:00, run_after=2026-01-01 17:46:00+00:00
[2026-01-01T17:46:56.971+0000] {processor.py:183} INFO - Processing /opt/airflow/dags/prediction_dag.py took 0.118 seconds
[2026-01-01T17:47:27.366+0000] {processor.py:161} INFO - Started process (PID=1680) to work on /opt/airflow/dags/prediction_dag.py
[2026-01-01T17:47:27.369+0000] {processor.py:830} INFO - Processing file /opt/airflow/dags/prediction_dag.py for tasks to queue
[2026-01-01T17:47:27.370+0000] {logging_mixin.py:188} INFO - [2026-01-01T17:47:27.370+0000] {dagbag.py:540} INFO - Filling up the DagBag from /opt/airflow/dags/prediction_dag.py
[2026-01-01T17:47:27.403+0000] {processor.py:840} INFO - DAG(s) 'prediction_dag' retrieved from /opt/airflow/dags/prediction_dag.py
[2026-01-01T17:47:27.439+0000] {logging_mixin.py:188} INFO - [2026-01-01T17:47:27.439+0000] {dag.py:3047} INFO - Sync 1 DAGs
[2026-01-01T17:47:27.464+0000] {logging_mixin.py:188} INFO - [2026-01-01T17:47:27.464+0000] {dag.py:3834} INFO - Setting next_dagrun for prediction_dag to 2026-01-01 17:44:00+00:00, run_after=2026-01-01 17:46:00+00:00
[2026-01-01T17:47:27.475+0000] {processor.py:183} INFO - Processing /opt/airflow/dags/prediction_dag.py took 0.123 seconds
[2026-01-01T17:47:57.850+0000] {processor.py:161} INFO - Started process (PID=1698) to work on /opt/airflow/dags/prediction_dag.py
[2026-01-01T17:47:57.855+0000] {processor.py:830} INFO - Processing file /opt/airflow/dags/prediction_dag.py for tasks to queue
[2026-01-01T17:47:57.856+0000] {logging_mixin.py:188} INFO - [2026-01-01T17:47:57.855+0000] {dagbag.py:540} INFO - Filling up the DagBag from /opt/airflow/dags/prediction_dag.py
[2026-01-01T17:47:57.890+0000] {processor.py:840} INFO - DAG(s) 'prediction_dag' retrieved from /opt/airflow/dags/prediction_dag.py
[2026-01-01T17:47:57.938+0000] {logging_mixin.py:188} INFO - [2026-01-01T17:47:57.938+0000] {dag.py:3047} INFO - Sync 1 DAGs
[2026-01-01T17:47:57.960+0000] {logging_mixin.py:188} INFO - [2026-01-01T17:47:57.960+0000] {dag.py:3834} INFO - Setting next_dagrun for prediction_dag to 2026-01-01 17:44:00+00:00, run_after=2026-01-01 17:46:00+00:00
[2026-01-01T17:47:57.976+0000] {processor.py:183} INFO - Processing /opt/airflow/dags/prediction_dag.py took 0.138 seconds
[2026-01-01T17:48:28.248+0000] {processor.py:161} INFO - Started process (PID=1778) to work on /opt/airflow/dags/prediction_dag.py
[2026-01-01T17:48:28.250+0000] {processor.py:830} INFO - Processing file /opt/airflow/dags/prediction_dag.py for tasks to queue
[2026-01-01T17:48:28.251+0000] {logging_mixin.py:188} INFO - [2026-01-01T17:48:28.250+0000] {dagbag.py:540} INFO - Filling up the DagBag from /opt/airflow/dags/prediction_dag.py
[2026-01-01T17:48:28.284+0000] {processor.py:840} INFO - DAG(s) 'prediction_dag' retrieved from /opt/airflow/dags/prediction_dag.py
[2026-01-01T17:48:28.325+0000] {logging_mixin.py:188} INFO - [2026-01-01T17:48:28.324+0000] {dag.py:3047} INFO - Sync 1 DAGs
[2026-01-01T17:48:28.347+0000] {logging_mixin.py:188} INFO - [2026-01-01T17:48:28.347+0000] {dag.py:3834} INFO - Setting next_dagrun for prediction_dag to 2026-01-01 17:46:00+00:00, run_after=2026-01-01 17:48:00+00:00
[2026-01-01T17:48:28.361+0000] {processor.py:183} INFO - Processing /opt/airflow/dags/prediction_dag.py took 0.126 seconds
[2026-01-01T17:48:58.955+0000] {processor.py:161} INFO - Started process (PID=1796) to work on /opt/airflow/dags/prediction_dag.py
[2026-01-01T17:48:58.958+0000] {processor.py:830} INFO - Processing file /opt/airflow/dags/prediction_dag.py for tasks to queue
[2026-01-01T17:48:58.962+0000] {logging_mixin.py:188} INFO - [2026-01-01T17:48:58.960+0000] {dagbag.py:540} INFO - Filling up the DagBag from /opt/airflow/dags/prediction_dag.py
[2026-01-01T17:48:58.999+0000] {processor.py:840} INFO - DAG(s) 'prediction_dag' retrieved from /opt/airflow/dags/prediction_dag.py
[2026-01-01T17:48:59.053+0000] {logging_mixin.py:188} INFO - [2026-01-01T17:48:59.053+0000] {dag.py:3047} INFO - Sync 1 DAGs
[2026-01-01T17:48:59.082+0000] {logging_mixin.py:188} INFO - [2026-01-01T17:48:59.081+0000] {dag.py:3834} INFO - Setting next_dagrun for prediction_dag to 2026-01-01 17:46:00+00:00, run_after=2026-01-01 17:48:00+00:00
[2026-01-01T17:48:59.100+0000] {processor.py:183} INFO - Processing /opt/airflow/dags/prediction_dag.py took 0.172 seconds
[2026-01-01T17:49:29.523+0000] {processor.py:161} INFO - Started process (PID=1876) to work on /opt/airflow/dags/prediction_dag.py
[2026-01-01T17:49:29.531+0000] {processor.py:830} INFO - Processing file /opt/airflow/dags/prediction_dag.py for tasks to queue
[2026-01-01T17:49:29.533+0000] {logging_mixin.py:188} INFO - [2026-01-01T17:49:29.532+0000] {dagbag.py:540} INFO - Filling up the DagBag from /opt/airflow/dags/prediction_dag.py
[2026-01-01T17:49:29.579+0000] {processor.py:840} INFO - DAG(s) 'prediction_dag' retrieved from /opt/airflow/dags/prediction_dag.py
[2026-01-01T17:49:29.651+0000] {logging_mixin.py:188} INFO - [2026-01-01T17:49:29.651+0000] {dag.py:3047} INFO - Sync 1 DAGs
[2026-01-01T17:49:29.682+0000] {logging_mixin.py:188} INFO - [2026-01-01T17:49:29.682+0000] {dag.py:3834} INFO - Setting next_dagrun for prediction_dag to 2026-01-01 17:46:00+00:00, run_after=2026-01-01 17:48:00+00:00
[2026-01-01T17:49:29.700+0000] {processor.py:183} INFO - Processing /opt/airflow/dags/prediction_dag.py took 0.190 seconds
[2026-01-01T17:50:00.052+0000] {processor.py:161} INFO - Started process (PID=1894) to work on /opt/airflow/dags/prediction_dag.py
[2026-01-01T17:50:00.054+0000] {processor.py:830} INFO - Processing file /opt/airflow/dags/prediction_dag.py for tasks to queue
[2026-01-01T17:50:00.056+0000] {logging_mixin.py:188} INFO - [2026-01-01T17:50:00.055+0000] {dagbag.py:540} INFO - Filling up the DagBag from /opt/airflow/dags/prediction_dag.py
[2026-01-01T17:50:00.100+0000] {processor.py:840} INFO - DAG(s) 'prediction_dag' retrieved from /opt/airflow/dags/prediction_dag.py
[2026-01-01T17:50:00.143+0000] {logging_mixin.py:188} INFO - [2026-01-01T17:50:00.143+0000] {dag.py:3047} INFO - Sync 1 DAGs
[2026-01-01T17:50:00.167+0000] {logging_mixin.py:188} INFO - [2026-01-01T17:50:00.167+0000] {dag.py:3834} INFO - Setting next_dagrun for prediction_dag to 2026-01-01 17:48:00+00:00, run_after=2026-01-01 17:50:00+00:00
[2026-01-01T17:50:00.179+0000] {processor.py:183} INFO - Processing /opt/airflow/dags/prediction_dag.py took 0.141 seconds
[2026-01-01T17:50:30.599+0000] {processor.py:161} INFO - Started process (PID=1974) to work on /opt/airflow/dags/prediction_dag.py
[2026-01-01T17:50:30.601+0000] {processor.py:830} INFO - Processing file /opt/airflow/dags/prediction_dag.py for tasks to queue
[2026-01-01T17:50:30.603+0000] {logging_mixin.py:188} INFO - [2026-01-01T17:50:30.602+0000] {dagbag.py:540} INFO - Filling up the DagBag from /opt/airflow/dags/prediction_dag.py
[2026-01-01T17:50:30.635+0000] {processor.py:840} INFO - DAG(s) 'prediction_dag' retrieved from /opt/airflow/dags/prediction_dag.py
[2026-01-01T17:50:30.671+0000] {logging_mixin.py:188} INFO - [2026-01-01T17:50:30.671+0000] {dag.py:3047} INFO - Sync 1 DAGs
[2026-01-01T17:50:30.690+0000] {logging_mixin.py:188} INFO - [2026-01-01T17:50:30.690+0000] {dag.py:3834} INFO - Setting next_dagrun for prediction_dag to 2026-01-01 17:48:00+00:00, run_after=2026-01-01 17:50:00+00:00
[2026-01-01T17:50:30.702+0000] {processor.py:183} INFO - Processing /opt/airflow/dags/prediction_dag.py took 0.112 seconds
[2026-01-01T17:51:01.114+0000] {processor.py:161} INFO - Started process (PID=1994) to work on /opt/airflow/dags/prediction_dag.py
[2026-01-01T17:51:01.116+0000] {processor.py:830} INFO - Processing file /opt/airflow/dags/prediction_dag.py for tasks to queue
[2026-01-01T17:51:01.117+0000] {logging_mixin.py:188} INFO - [2026-01-01T17:51:01.117+0000] {dagbag.py:540} INFO - Filling up the DagBag from /opt/airflow/dags/prediction_dag.py
[2026-01-01T17:51:01.132+0000] {processor.py:840} INFO - DAG(s) 'prediction_dag' retrieved from /opt/airflow/dags/prediction_dag.py
[2026-01-01T17:51:01.166+0000] {logging_mixin.py:188} INFO - [2026-01-01T17:51:01.165+0000] {dag.py:3047} INFO - Sync 1 DAGs
[2026-01-01T17:51:01.196+0000] {logging_mixin.py:188} INFO - [2026-01-01T17:51:01.196+0000] {dag.py:3834} INFO - Setting next_dagrun for prediction_dag to 2026-01-01 17:48:00+00:00, run_after=2026-01-01 17:50:00+00:00
[2026-01-01T17:51:01.225+0000] {processor.py:183} INFO - Processing /opt/airflow/dags/prediction_dag.py took 0.122 seconds
[2026-01-01T17:51:31.668+0000] {processor.py:161} INFO - Started process (PID=2072) to work on /opt/airflow/dags/prediction_dag.py
[2026-01-01T17:51:31.671+0000] {processor.py:830} INFO - Processing file /opt/airflow/dags/prediction_dag.py for tasks to queue
[2026-01-01T17:51:31.672+0000] {logging_mixin.py:188} INFO - [2026-01-01T17:51:31.671+0000] {dagbag.py:540} INFO - Filling up the DagBag from /opt/airflow/dags/prediction_dag.py
[2026-01-01T17:51:31.706+0000] {processor.py:840} INFO - DAG(s) 'prediction_dag' retrieved from /opt/airflow/dags/prediction_dag.py
[2026-01-01T17:51:31.765+0000] {logging_mixin.py:188} INFO - [2026-01-01T17:51:31.764+0000] {dag.py:3047} INFO - Sync 1 DAGs
[2026-01-01T17:51:31.795+0000] {logging_mixin.py:188} INFO - [2026-01-01T17:51:31.795+0000] {dag.py:3834} INFO - Setting next_dagrun for prediction_dag to 2026-01-01 17:48:00+00:00, run_after=2026-01-01 17:50:00+00:00
[2026-01-01T17:51:31.816+0000] {processor.py:183} INFO - Processing /opt/airflow/dags/prediction_dag.py took 0.156 seconds
[2026-01-01T17:52:02.221+0000] {processor.py:161} INFO - Started process (PID=2099) to work on /opt/airflow/dags/prediction_dag.py
[2026-01-01T17:52:02.223+0000] {processor.py:830} INFO - Processing file /opt/airflow/dags/prediction_dag.py for tasks to queue
[2026-01-01T17:52:02.225+0000] {logging_mixin.py:188} INFO - [2026-01-01T17:52:02.224+0000] {dagbag.py:540} INFO - Filling up the DagBag from /opt/airflow/dags/prediction_dag.py
[2026-01-01T17:52:02.249+0000] {processor.py:840} INFO - DAG(s) 'prediction_dag' retrieved from /opt/airflow/dags/prediction_dag.py
[2026-01-01T17:52:02.297+0000] {logging_mixin.py:188} INFO - [2026-01-01T17:52:02.297+0000] {dag.py:3047} INFO - Sync 1 DAGs
[2026-01-01T17:52:02.322+0000] {logging_mixin.py:188} INFO - [2026-01-01T17:52:02.322+0000] {dag.py:3834} INFO - Setting next_dagrun for prediction_dag to 2026-01-01 17:50:00+00:00, run_after=2026-01-01 17:52:00+00:00
[2026-01-01T17:52:02.338+0000] {processor.py:183} INFO - Processing /opt/airflow/dags/prediction_dag.py took 0.123 seconds
[2026-01-01T17:52:32.556+0000] {processor.py:161} INFO - Started process (PID=2170) to work on /opt/airflow/dags/prediction_dag.py
[2026-01-01T17:52:32.559+0000] {processor.py:830} INFO - Processing file /opt/airflow/dags/prediction_dag.py for tasks to queue
[2026-01-01T17:52:32.561+0000] {logging_mixin.py:188} INFO - [2026-01-01T17:52:32.560+0000] {dagbag.py:540} INFO - Filling up the DagBag from /opt/airflow/dags/prediction_dag.py
[2026-01-01T17:52:32.579+0000] {processor.py:840} INFO - DAG(s) 'prediction_dag' retrieved from /opt/airflow/dags/prediction_dag.py
[2026-01-01T17:52:32.603+0000] {logging_mixin.py:188} INFO - [2026-01-01T17:52:32.603+0000] {dag.py:3047} INFO - Sync 1 DAGs
[2026-01-01T17:52:32.619+0000] {logging_mixin.py:188} INFO - [2026-01-01T17:52:32.618+0000] {dag.py:3834} INFO - Setting next_dagrun for prediction_dag to 2026-01-01 17:50:00+00:00, run_after=2026-01-01 17:52:00+00:00
[2026-01-01T17:52:32.629+0000] {processor.py:183} INFO - Processing /opt/airflow/dags/prediction_dag.py took 0.077 seconds
[2026-01-01T17:53:02.785+0000] {processor.py:161} INFO - Started process (PID=2198) to work on /opt/airflow/dags/prediction_dag.py
[2026-01-01T17:53:02.789+0000] {processor.py:830} INFO - Processing file /opt/airflow/dags/prediction_dag.py for tasks to queue
[2026-01-01T17:53:02.791+0000] {logging_mixin.py:188} INFO - [2026-01-01T17:53:02.791+0000] {dagbag.py:540} INFO - Filling up the DagBag from /opt/airflow/dags/prediction_dag.py
[2026-01-01T17:53:02.818+0000] {processor.py:840} INFO - DAG(s) 'prediction_dag' retrieved from /opt/airflow/dags/prediction_dag.py
[2026-01-01T17:53:02.848+0000] {logging_mixin.py:188} INFO - [2026-01-01T17:53:02.848+0000] {dag.py:3047} INFO - Sync 1 DAGs
[2026-01-01T17:53:02.870+0000] {logging_mixin.py:188} INFO - [2026-01-01T17:53:02.870+0000] {dag.py:3834} INFO - Setting next_dagrun for prediction_dag to 2026-01-01 17:50:00+00:00, run_after=2026-01-01 17:52:00+00:00
[2026-01-01T17:53:02.882+0000] {processor.py:183} INFO - Processing /opt/airflow/dags/prediction_dag.py took 0.101 seconds
[2026-01-01T17:53:33.668+0000] {processor.py:161} INFO - Started process (PID=2266) to work on /opt/airflow/dags/prediction_dag.py
[2026-01-01T17:53:33.670+0000] {processor.py:830} INFO - Processing file /opt/airflow/dags/prediction_dag.py for tasks to queue
[2026-01-01T17:53:33.670+0000] {logging_mixin.py:188} INFO - [2026-01-01T17:53:33.670+0000] {dagbag.py:540} INFO - Filling up the DagBag from /opt/airflow/dags/prediction_dag.py
[2026-01-01T17:53:33.682+0000] {processor.py:840} INFO - DAG(s) 'prediction_dag' retrieved from /opt/airflow/dags/prediction_dag.py
[2026-01-01T17:53:33.725+0000] {logging_mixin.py:188} INFO - [2026-01-01T17:53:33.725+0000] {dag.py:3047} INFO - Sync 1 DAGs
[2026-01-01T17:53:33.747+0000] {logging_mixin.py:188} INFO - [2026-01-01T17:53:33.746+0000] {dag.py:3834} INFO - Setting next_dagrun for prediction_dag to 2026-01-01 17:50:00+00:00, run_after=2026-01-01 17:52:00+00:00
[2026-01-01T17:53:33.761+0000] {processor.py:183} INFO - Processing /opt/airflow/dags/prediction_dag.py took 0.095 seconds
[2026-01-01T17:54:04.037+0000] {processor.py:161} INFO - Started process (PID=2293) to work on /opt/airflow/dags/prediction_dag.py
[2026-01-01T17:54:04.040+0000] {processor.py:830} INFO - Processing file /opt/airflow/dags/prediction_dag.py for tasks to queue
[2026-01-01T17:54:04.041+0000] {logging_mixin.py:188} INFO - [2026-01-01T17:54:04.040+0000] {dagbag.py:540} INFO - Filling up the DagBag from /opt/airflow/dags/prediction_dag.py
[2026-01-01T17:54:04.067+0000] {processor.py:840} INFO - DAG(s) 'prediction_dag' retrieved from /opt/airflow/dags/prediction_dag.py
[2026-01-01T17:54:04.101+0000] {logging_mixin.py:188} INFO - [2026-01-01T17:54:04.101+0000] {dag.py:3047} INFO - Sync 1 DAGs
[2026-01-01T17:54:04.124+0000] {logging_mixin.py:188} INFO - [2026-01-01T17:54:04.124+0000] {dag.py:3834} INFO - Setting next_dagrun for prediction_dag to 2026-01-01 17:52:00+00:00, run_after=2026-01-01 17:54:00+00:00
[2026-01-01T17:54:04.142+0000] {processor.py:183} INFO - Processing /opt/airflow/dags/prediction_dag.py took 0.110 seconds
[2026-01-01T17:54:34.446+0000] {processor.py:161} INFO - Started process (PID=2353) to work on /opt/airflow/dags/prediction_dag.py
[2026-01-01T17:54:34.448+0000] {processor.py:830} INFO - Processing file /opt/airflow/dags/prediction_dag.py for tasks to queue
[2026-01-01T17:54:34.449+0000] {logging_mixin.py:188} INFO - [2026-01-01T17:54:34.448+0000] {dagbag.py:540} INFO - Filling up the DagBag from /opt/airflow/dags/prediction_dag.py
[2026-01-01T17:54:34.475+0000] {processor.py:840} INFO - DAG(s) 'prediction_dag' retrieved from /opt/airflow/dags/prediction_dag.py
[2026-01-01T17:54:34.513+0000] {logging_mixin.py:188} INFO - [2026-01-01T17:54:34.513+0000] {dag.py:3047} INFO - Sync 1 DAGs
[2026-01-01T17:54:34.534+0000] {logging_mixin.py:188} INFO - [2026-01-01T17:54:34.534+0000] {dag.py:3834} INFO - Setting next_dagrun for prediction_dag to 2026-01-01 17:52:00+00:00, run_after=2026-01-01 17:54:00+00:00
[2026-01-01T17:54:34.552+0000] {processor.py:183} INFO - Processing /opt/airflow/dags/prediction_dag.py took 0.115 seconds
[2026-01-01T17:55:04.909+0000] {processor.py:161} INFO - Started process (PID=2393) to work on /opt/airflow/dags/prediction_dag.py
[2026-01-01T17:55:04.911+0000] {processor.py:830} INFO - Processing file /opt/airflow/dags/prediction_dag.py for tasks to queue
[2026-01-01T17:55:04.911+0000] {logging_mixin.py:188} INFO - [2026-01-01T17:55:04.911+0000] {dagbag.py:540} INFO - Filling up the DagBag from /opt/airflow/dags/prediction_dag.py
[2026-01-01T17:55:04.922+0000] {processor.py:840} INFO - DAG(s) 'prediction_dag' retrieved from /opt/airflow/dags/prediction_dag.py
[2026-01-01T17:55:04.946+0000] {logging_mixin.py:188} INFO - [2026-01-01T17:55:04.946+0000] {dag.py:3047} INFO - Sync 1 DAGs
[2026-01-01T17:55:04.965+0000] {logging_mixin.py:188} INFO - [2026-01-01T17:55:04.965+0000] {dag.py:3834} INFO - Setting next_dagrun for prediction_dag to 2026-01-01 17:52:00+00:00, run_after=2026-01-01 17:54:00+00:00
[2026-01-01T17:55:04.977+0000] {processor.py:183} INFO - Processing /opt/airflow/dags/prediction_dag.py took 0.071 seconds
[2026-01-01T17:55:35.231+0000] {processor.py:161} INFO - Started process (PID=2459) to work on /opt/airflow/dags/prediction_dag.py
[2026-01-01T17:55:35.235+0000] {processor.py:830} INFO - Processing file /opt/airflow/dags/prediction_dag.py for tasks to queue
[2026-01-01T17:55:35.242+0000] {logging_mixin.py:188} INFO - [2026-01-01T17:55:35.240+0000] {dagbag.py:540} INFO - Filling up the DagBag from /opt/airflow/dags/prediction_dag.py
[2026-01-01T17:55:35.281+0000] {processor.py:840} INFO - DAG(s) 'prediction_dag' retrieved from /opt/airflow/dags/prediction_dag.py
[2026-01-01T17:55:35.319+0000] {logging_mixin.py:188} INFO - [2026-01-01T17:55:35.319+0000] {dag.py:3047} INFO - Sync 1 DAGs
[2026-01-01T17:55:35.341+0000] {logging_mixin.py:188} INFO - [2026-01-01T17:55:35.341+0000] {dag.py:3834} INFO - Setting next_dagrun for prediction_dag to 2026-01-01 17:54:00+00:00, run_after=2026-01-01 17:56:00+00:00
[2026-01-01T17:55:35.355+0000] {processor.py:183} INFO - Processing /opt/airflow/dags/prediction_dag.py took 0.131 seconds
[2026-01-01T17:56:05.648+0000] {processor.py:161} INFO - Started process (PID=2505) to work on /opt/airflow/dags/prediction_dag.py
[2026-01-01T17:56:05.650+0000] {processor.py:830} INFO - Processing file /opt/airflow/dags/prediction_dag.py for tasks to queue
[2026-01-01T17:56:05.651+0000] {logging_mixin.py:188} INFO - [2026-01-01T17:56:05.651+0000] {dagbag.py:540} INFO - Filling up the DagBag from /opt/airflow/dags/prediction_dag.py
[2026-01-01T17:56:05.673+0000] {processor.py:840} INFO - DAG(s) 'prediction_dag' retrieved from /opt/airflow/dags/prediction_dag.py
[2026-01-01T17:56:05.702+0000] {logging_mixin.py:188} INFO - [2026-01-01T17:56:05.702+0000] {dag.py:3047} INFO - Sync 1 DAGs
[2026-01-01T17:56:05.728+0000] {logging_mixin.py:188} INFO - [2026-01-01T17:56:05.728+0000] {dag.py:3834} INFO - Setting next_dagrun for prediction_dag to 2026-01-01 17:56:00+00:00, run_after=2026-01-01 17:58:00+00:00
[2026-01-01T17:56:05.741+0000] {processor.py:183} INFO - Processing /opt/airflow/dags/prediction_dag.py took 0.097 seconds
[2026-01-01T17:56:36.134+0000] {processor.py:161} INFO - Started process (PID=2565) to work on /opt/airflow/dags/prediction_dag.py
[2026-01-01T17:56:36.141+0000] {processor.py:830} INFO - Processing file /opt/airflow/dags/prediction_dag.py for tasks to queue
[2026-01-01T17:56:36.143+0000] {logging_mixin.py:188} INFO - [2026-01-01T17:56:36.142+0000] {dagbag.py:540} INFO - Filling up the DagBag from /opt/airflow/dags/prediction_dag.py
[2026-01-01T17:56:36.171+0000] {processor.py:840} INFO - DAG(s) 'prediction_dag' retrieved from /opt/airflow/dags/prediction_dag.py
[2026-01-01T17:56:36.209+0000] {logging_mixin.py:188} INFO - [2026-01-01T17:56:36.209+0000] {dag.py:3047} INFO - Sync 1 DAGs
[2026-01-01T17:56:36.234+0000] {logging_mixin.py:188} INFO - [2026-01-01T17:56:36.234+0000] {dag.py:3834} INFO - Setting next_dagrun for prediction_dag to 2026-01-01 17:56:00+00:00, run_after=2026-01-01 17:58:00+00:00
[2026-01-01T17:56:36.246+0000] {processor.py:183} INFO - Processing /opt/airflow/dags/prediction_dag.py took 0.121 seconds
[2026-01-01T17:57:06.590+0000] {processor.py:161} INFO - Started process (PID=2615) to work on /opt/airflow/dags/prediction_dag.py
[2026-01-01T17:57:06.592+0000] {processor.py:830} INFO - Processing file /opt/airflow/dags/prediction_dag.py for tasks to queue
[2026-01-01T17:57:06.593+0000] {logging_mixin.py:188} INFO - [2026-01-01T17:57:06.593+0000] {dagbag.py:540} INFO - Filling up the DagBag from /opt/airflow/dags/prediction_dag.py
[2026-01-01T17:57:06.606+0000] {processor.py:840} INFO - DAG(s) 'prediction_dag' retrieved from /opt/airflow/dags/prediction_dag.py
[2026-01-01T17:57:06.629+0000] {logging_mixin.py:188} INFO - [2026-01-01T17:57:06.629+0000] {dag.py:3047} INFO - Sync 1 DAGs
[2026-01-01T17:57:06.652+0000] {logging_mixin.py:188} INFO - [2026-01-01T17:57:06.651+0000] {dag.py:3834} INFO - Setting next_dagrun for prediction_dag to 2026-01-01 17:56:00+00:00, run_after=2026-01-01 17:58:00+00:00
[2026-01-01T17:57:06.664+0000] {processor.py:183} INFO - Processing /opt/airflow/dags/prediction_dag.py took 0.085 seconds
[2026-01-01T17:57:37.059+0000] {processor.py:161} INFO - Started process (PID=2663) to work on /opt/airflow/dags/prediction_dag.py
[2026-01-01T17:57:37.062+0000] {processor.py:830} INFO - Processing file /opt/airflow/dags/prediction_dag.py for tasks to queue
[2026-01-01T17:57:37.064+0000] {logging_mixin.py:188} INFO - [2026-01-01T17:57:37.063+0000] {dagbag.py:540} INFO - Filling up the DagBag from /opt/airflow/dags/prediction_dag.py
[2026-01-01T17:57:37.110+0000] {processor.py:840} INFO - DAG(s) 'prediction_dag' retrieved from /opt/airflow/dags/prediction_dag.py
[2026-01-01T17:57:37.151+0000] {logging_mixin.py:188} INFO - [2026-01-01T17:57:37.150+0000] {dag.py:3047} INFO - Sync 1 DAGs
[2026-01-01T17:57:37.177+0000] {logging_mixin.py:188} INFO - [2026-01-01T17:57:37.177+0000] {dag.py:3834} INFO - Setting next_dagrun for prediction_dag to 2026-01-01 17:56:00+00:00, run_after=2026-01-01 17:58:00+00:00
[2026-01-01T17:57:37.189+0000] {processor.py:183} INFO - Processing /opt/airflow/dags/prediction_dag.py took 0.148 seconds
[2026-01-01T17:58:07.568+0000] {processor.py:161} INFO - Started process (PID=2719) to work on /opt/airflow/dags/prediction_dag.py
[2026-01-01T17:58:07.570+0000] {processor.py:830} INFO - Processing file /opt/airflow/dags/prediction_dag.py for tasks to queue
[2026-01-01T17:58:07.571+0000] {logging_mixin.py:188} INFO - [2026-01-01T17:58:07.571+0000] {dagbag.py:540} INFO - Filling up the DagBag from /opt/airflow/dags/prediction_dag.py
[2026-01-01T17:58:07.603+0000] {processor.py:840} INFO - DAG(s) 'prediction_dag' retrieved from /opt/airflow/dags/prediction_dag.py
[2026-01-01T17:58:07.630+0000] {logging_mixin.py:188} INFO - [2026-01-01T17:58:07.630+0000] {dag.py:3047} INFO - Sync 1 DAGs
[2026-01-01T17:58:07.653+0000] {logging_mixin.py:188} INFO - [2026-01-01T17:58:07.652+0000] {dag.py:3834} INFO - Setting next_dagrun for prediction_dag to 2026-01-01 17:58:00+00:00, run_after=2026-01-01 18:00:00+00:00
[2026-01-01T17:58:07.679+0000] {processor.py:183} INFO - Processing /opt/airflow/dags/prediction_dag.py took 0.117 seconds
[2026-01-01T17:58:38.008+0000] {processor.py:161} INFO - Started process (PID=2767) to work on /opt/airflow/dags/prediction_dag.py
[2026-01-01T17:58:38.011+0000] {processor.py:830} INFO - Processing file /opt/airflow/dags/prediction_dag.py for tasks to queue
[2026-01-01T17:58:38.012+0000] {logging_mixin.py:188} INFO - [2026-01-01T17:58:38.012+0000] {dagbag.py:540} INFO - Filling up the DagBag from /opt/airflow/dags/prediction_dag.py
[2026-01-01T17:58:38.043+0000] {processor.py:840} INFO - DAG(s) 'prediction_dag' retrieved from /opt/airflow/dags/prediction_dag.py
[2026-01-01T17:58:38.078+0000] {logging_mixin.py:188} INFO - [2026-01-01T17:58:38.078+0000] {dag.py:3047} INFO - Sync 1 DAGs
[2026-01-01T17:58:38.099+0000] {logging_mixin.py:188} INFO - [2026-01-01T17:58:38.099+0000] {dag.py:3834} INFO - Setting next_dagrun for prediction_dag to 2026-01-01 17:58:00+00:00, run_after=2026-01-01 18:00:00+00:00
[2026-01-01T17:58:38.111+0000] {processor.py:183} INFO - Processing /opt/airflow/dags/prediction_dag.py took 0.112 seconds
[2026-01-01T17:59:08.401+0000] {processor.py:161} INFO - Started process (PID=2844) to work on /opt/airflow/dags/prediction_dag.py
[2026-01-01T17:59:08.403+0000] {processor.py:830} INFO - Processing file /opt/airflow/dags/prediction_dag.py for tasks to queue
[2026-01-01T17:59:08.404+0000] {logging_mixin.py:188} INFO - [2026-01-01T17:59:08.404+0000] {dagbag.py:540} INFO - Filling up the DagBag from /opt/airflow/dags/prediction_dag.py
[2026-01-01T17:59:08.444+0000] {processor.py:840} INFO - DAG(s) 'prediction_dag' retrieved from /opt/airflow/dags/prediction_dag.py
[2026-01-01T17:59:08.501+0000] {logging_mixin.py:188} INFO - [2026-01-01T17:59:08.501+0000] {dag.py:3047} INFO - Sync 1 DAGs
[2026-01-01T17:59:08.535+0000] {logging_mixin.py:188} INFO - [2026-01-01T17:59:08.534+0000] {dag.py:3834} INFO - Setting next_dagrun for prediction_dag to 2026-01-01 17:58:00+00:00, run_after=2026-01-01 18:00:00+00:00
[2026-01-01T17:59:08.562+0000] {processor.py:183} INFO - Processing /opt/airflow/dags/prediction_dag.py took 0.167 seconds
[2026-01-01T17:59:38.936+0000] {processor.py:161} INFO - Started process (PID=2865) to work on /opt/airflow/dags/prediction_dag.py
[2026-01-01T17:59:38.940+0000] {processor.py:830} INFO - Processing file /opt/airflow/dags/prediction_dag.py for tasks to queue
[2026-01-01T17:59:38.945+0000] {logging_mixin.py:188} INFO - [2026-01-01T17:59:38.944+0000] {dagbag.py:540} INFO - Filling up the DagBag from /opt/airflow/dags/prediction_dag.py
[2026-01-01T17:59:38.986+0000] {processor.py:840} INFO - DAG(s) 'prediction_dag' retrieved from /opt/airflow/dags/prediction_dag.py
[2026-01-01T17:59:39.023+0000] {logging_mixin.py:188} INFO - [2026-01-01T17:59:39.023+0000] {dag.py:3047} INFO - Sync 1 DAGs
[2026-01-01T17:59:39.048+0000] {logging_mixin.py:188} INFO - [2026-01-01T17:59:39.048+0000] {dag.py:3834} INFO - Setting next_dagrun for prediction_dag to 2026-01-01 17:58:00+00:00, run_after=2026-01-01 18:00:00+00:00
[2026-01-01T17:59:39.061+0000] {processor.py:183} INFO - Processing /opt/airflow/dags/prediction_dag.py took 0.135 seconds
[2026-01-01T18:00:09.329+0000] {processor.py:161} INFO - Started process (PID=2948) to work on /opt/airflow/dags/prediction_dag.py
[2026-01-01T18:00:09.331+0000] {processor.py:830} INFO - Processing file /opt/airflow/dags/prediction_dag.py for tasks to queue
[2026-01-01T18:00:09.333+0000] {logging_mixin.py:188} INFO - [2026-01-01T18:00:09.332+0000] {dagbag.py:540} INFO - Filling up the DagBag from /opt/airflow/dags/prediction_dag.py
[2026-01-01T18:00:09.360+0000] {processor.py:840} INFO - DAG(s) 'prediction_dag' retrieved from /opt/airflow/dags/prediction_dag.py
[2026-01-01T18:00:09.408+0000] {logging_mixin.py:188} INFO - [2026-01-01T18:00:09.408+0000] {dag.py:3047} INFO - Sync 1 DAGs
[2026-01-01T18:00:09.437+0000] {logging_mixin.py:188} INFO - [2026-01-01T18:00:09.436+0000] {dag.py:3834} INFO - Setting next_dagrun for prediction_dag to 2026-01-01 18:00:00+00:00, run_after=2026-01-01 18:02:00+00:00
[2026-01-01T18:00:09.460+0000] {processor.py:183} INFO - Processing /opt/airflow/dags/prediction_dag.py took 0.139 seconds
[2026-01-01T18:00:39.852+0000] {processor.py:161} INFO - Started process (PID=2969) to work on /opt/airflow/dags/prediction_dag.py
[2026-01-01T18:00:39.855+0000] {processor.py:830} INFO - Processing file /opt/airflow/dags/prediction_dag.py for tasks to queue
[2026-01-01T18:00:39.857+0000] {logging_mixin.py:188} INFO - [2026-01-01T18:00:39.856+0000] {dagbag.py:540} INFO - Filling up the DagBag from /opt/airflow/dags/prediction_dag.py
[2026-01-01T18:00:39.878+0000] {processor.py:840} INFO - DAG(s) 'prediction_dag' retrieved from /opt/airflow/dags/prediction_dag.py
[2026-01-01T18:00:39.912+0000] {logging_mixin.py:188} INFO - [2026-01-01T18:00:39.912+0000] {dag.py:3047} INFO - Sync 1 DAGs
[2026-01-01T18:00:39.931+0000] {logging_mixin.py:188} INFO - [2026-01-01T18:00:39.931+0000] {dag.py:3834} INFO - Setting next_dagrun for prediction_dag to 2026-01-01 18:00:00+00:00, run_after=2026-01-01 18:02:00+00:00
[2026-01-01T18:00:39.942+0000] {processor.py:183} INFO - Processing /opt/airflow/dags/prediction_dag.py took 0.099 seconds
[2026-01-01T18:01:10.188+0000] {processor.py:161} INFO - Started process (PID=3046) to work on /opt/airflow/dags/prediction_dag.py
[2026-01-01T18:01:10.190+0000] {processor.py:830} INFO - Processing file /opt/airflow/dags/prediction_dag.py for tasks to queue
[2026-01-01T18:01:10.194+0000] {logging_mixin.py:188} INFO - [2026-01-01T18:01:10.192+0000] {dagbag.py:540} INFO - Filling up the DagBag from /opt/airflow/dags/prediction_dag.py
[2026-01-01T18:01:10.218+0000] {processor.py:840} INFO - DAG(s) 'prediction_dag' retrieved from /opt/airflow/dags/prediction_dag.py
[2026-01-01T18:01:10.265+0000] {logging_mixin.py:188} INFO - [2026-01-01T18:01:10.265+0000] {dag.py:3047} INFO - Sync 1 DAGs
[2026-01-01T18:01:10.299+0000] {logging_mixin.py:188} INFO - [2026-01-01T18:01:10.299+0000] {dag.py:3834} INFO - Setting next_dagrun for prediction_dag to 2026-01-01 18:00:00+00:00, run_after=2026-01-01 18:02:00+00:00
[2026-01-01T18:01:10.314+0000] {processor.py:183} INFO - Processing /opt/airflow/dags/prediction_dag.py took 0.131 seconds
[2026-01-01T18:36:31.832+0000] {processor.py:161} INFO - Started process (PID=3070) to work on /opt/airflow/dags/prediction_dag.py
[2026-01-01T18:36:31.834+0000] {processor.py:830} INFO - Processing file /opt/airflow/dags/prediction_dag.py for tasks to queue
[2026-01-01T18:36:31.836+0000] {logging_mixin.py:188} INFO - [2026-01-01T18:36:31.836+0000] {dagbag.py:540} INFO - Filling up the DagBag from /opt/airflow/dags/prediction_dag.py
[2026-01-01T18:36:31.875+0000] {processor.py:840} INFO - DAG(s) 'prediction_dag' retrieved from /opt/airflow/dags/prediction_dag.py
[2026-01-01T18:36:31.971+0000] {logging_mixin.py:188} INFO - [2026-01-01T18:36:31.971+0000] {dag.py:3047} INFO - Sync 1 DAGs
[2026-01-01T18:36:32.039+0000] {logging_mixin.py:188} INFO - [2026-01-01T18:36:32.039+0000] {dag.py:3834} INFO - Setting next_dagrun for prediction_dag to 2026-01-01 18:36:00+00:00, run_after=2026-01-01 18:38:00+00:00
[2026-01-01T18:36:32.111+0000] {processor.py:183} INFO - Processing /opt/airflow/dags/prediction_dag.py took 0.283 seconds
[2026-01-01T19:30:47.479+0000] {processor.py:161} INFO - Started process (PID=3225) to work on /opt/airflow/dags/prediction_dag.py
[2026-01-01T19:30:47.620+0000] {processor.py:830} INFO - Processing file /opt/airflow/dags/prediction_dag.py for tasks to queue
[2026-01-01T19:30:47.913+0000] {logging_mixin.py:188} INFO - [2026-01-01T19:30:47.826+0000] {dagbag.py:540} INFO - Filling up the DagBag from /opt/airflow/dags/prediction_dag.py
[2026-01-01T19:30:48.424+0000] {processor.py:840} INFO - DAG(s) 'prediction_dag' retrieved from /opt/airflow/dags/prediction_dag.py
[2026-01-01T19:30:49.451+0000] {logging_mixin.py:188} INFO - [2026-01-01T19:30:49.442+0000] {dag.py:3047} INFO - Sync 1 DAGs
[2026-01-01T19:30:49.824+0000] {logging_mixin.py:188} INFO - [2026-01-01T19:30:49.822+0000] {dag.py:3834} INFO - Setting next_dagrun for prediction_dag to 2026-01-01 19:30:00+00:00, run_after=2026-01-01 19:32:00+00:00
[2026-01-01T19:30:50.409+0000] {processor.py:183} INFO - Processing /opt/airflow/dags/prediction_dag.py took 3.554 seconds
[2026-01-01T20:19:23.623+0000] {processor.py:161} INFO - Started process (PID=3273) to work on /opt/airflow/dags/prediction_dag.py
[2026-01-01T20:19:23.630+0000] {processor.py:830} INFO - Processing file /opt/airflow/dags/prediction_dag.py for tasks to queue
[2026-01-01T20:19:23.637+0000] {logging_mixin.py:188} INFO - [2026-01-01T20:19:23.634+0000] {dagbag.py:540} INFO - Filling up the DagBag from /opt/airflow/dags/prediction_dag.py
[2026-01-01T20:19:23.790+0000] {processor.py:840} INFO - DAG(s) 'prediction_dag' retrieved from /opt/airflow/dags/prediction_dag.py
[2026-01-01T20:19:23.957+0000] {logging_mixin.py:188} INFO - [2026-01-01T20:19:23.956+0000] {dag.py:3047} INFO - Sync 1 DAGs
[2026-01-01T20:19:24.048+0000] {logging_mixin.py:188} INFO - [2026-01-01T20:19:24.047+0000] {dag.py:3834} INFO - Setting next_dagrun for prediction_dag to 2026-01-01 20:16:00+00:00, run_after=2026-01-01 20:18:00+00:00
[2026-01-01T20:19:24.105+0000] {processor.py:183} INFO - Processing /opt/airflow/dags/prediction_dag.py took 0.505 seconds
[2026-01-01T21:15:41.075+0000] {processor.py:161} INFO - Started process (PID=3386) to work on /opt/airflow/dags/prediction_dag.py
[2026-01-01T21:15:41.080+0000] {processor.py:830} INFO - Processing file /opt/airflow/dags/prediction_dag.py for tasks to queue
[2026-01-01T21:15:41.083+0000] {logging_mixin.py:188} INFO - [2026-01-01T21:15:41.083+0000] {dagbag.py:540} INFO - Filling up the DagBag from /opt/airflow/dags/prediction_dag.py
[2026-01-01T21:15:41.149+0000] {processor.py:840} INFO - DAG(s) 'prediction_dag' retrieved from /opt/airflow/dags/prediction_dag.py
[2026-01-01T21:15:41.436+0000] {logging_mixin.py:188} INFO - [2026-01-01T21:15:41.436+0000] {dag.py:3047} INFO - Sync 1 DAGs
[2026-01-01T21:15:41.636+0000] {logging_mixin.py:188} INFO - [2026-01-01T21:15:41.636+0000] {dag.py:3834} INFO - Setting next_dagrun for prediction_dag to 2026-01-01 21:14:00+00:00, run_after=2026-01-01 21:16:00+00:00
[2026-01-01T21:15:41.718+0000] {processor.py:183} INFO - Processing /opt/airflow/dags/prediction_dag.py took 0.680 seconds
[2026-01-01T21:33:03.325+0000] {processor.py:161} INFO - Started process (PID=3506) to work on /opt/airflow/dags/prediction_dag.py
[2026-01-01T21:33:03.339+0000] {processor.py:830} INFO - Processing file /opt/airflow/dags/prediction_dag.py for tasks to queue
[2026-01-01T21:33:03.351+0000] {logging_mixin.py:188} INFO - [2026-01-01T21:33:03.342+0000] {dagbag.py:540} INFO - Filling up the DagBag from /opt/airflow/dags/prediction_dag.py
[2026-01-01T21:33:03.673+0000] {processor.py:840} INFO - DAG(s) 'prediction_dag' retrieved from /opt/airflow/dags/prediction_dag.py
[2026-01-01T21:33:04.015+0000] {logging_mixin.py:188} INFO - [2026-01-01T21:33:04.009+0000] {dag.py:3047} INFO - Sync 1 DAGs
[2026-01-01T21:33:04.422+0000] {logging_mixin.py:188} INFO - [2026-01-01T21:33:04.415+0000] {dag.py:3834} INFO - Setting next_dagrun for prediction_dag to 2026-01-01 21:30:00+00:00, run_after=2026-01-01 21:32:00+00:00
[2026-01-01T21:33:04.666+0000] {processor.py:183} INFO - Processing /opt/airflow/dags/prediction_dag.py took 1.421 seconds
[2026-01-01T21:44:22.160+0000] {processor.py:161} INFO - Started process (PID=3593) to work on /opt/airflow/dags/prediction_dag.py
[2026-01-01T21:44:22.179+0000] {processor.py:830} INFO - Processing file /opt/airflow/dags/prediction_dag.py for tasks to queue
[2026-01-01T21:44:22.194+0000] {logging_mixin.py:188} INFO - [2026-01-01T21:44:22.188+0000] {dagbag.py:540} INFO - Filling up the DagBag from /opt/airflow/dags/prediction_dag.py
[2026-01-01T21:44:22.897+0000] {processor.py:840} INFO - DAG(s) 'prediction_dag' retrieved from /opt/airflow/dags/prediction_dag.py
[2026-01-01T21:44:23.425+0000] {logging_mixin.py:188} INFO - [2026-01-01T21:44:23.422+0000] {dag.py:3047} INFO - Sync 1 DAGs
[2026-01-01T21:44:23.642+0000] {logging_mixin.py:188} INFO - [2026-01-01T21:44:23.641+0000] {dag.py:3834} INFO - Setting next_dagrun for prediction_dag to 2026-01-01 21:44:00+00:00, run_after=2026-01-01 21:46:00+00:00
[2026-01-01T21:44:23.817+0000] {processor.py:183} INFO - Processing /opt/airflow/dags/prediction_dag.py took 1.706 seconds
[2026-01-01T22:45:04.017+0000] {processor.py:161} INFO - Started process (PID=3686) to work on /opt/airflow/dags/prediction_dag.py
[2026-01-01T22:45:04.028+0000] {processor.py:830} INFO - Processing file /opt/airflow/dags/prediction_dag.py for tasks to queue
[2026-01-01T22:45:04.039+0000] {logging_mixin.py:188} INFO - [2026-01-01T22:45:04.037+0000] {dagbag.py:540} INFO - Filling up the DagBag from /opt/airflow/dags/prediction_dag.py
[2026-01-01T22:45:04.188+0000] {processor.py:840} INFO - DAG(s) 'prediction_dag' retrieved from /opt/airflow/dags/prediction_dag.py
[2026-01-01T22:45:04.635+0000] {logging_mixin.py:188} INFO - [2026-01-01T22:45:04.631+0000] {dag.py:3047} INFO - Sync 1 DAGs
[2026-01-01T22:45:05.081+0000] {logging_mixin.py:188} INFO - [2026-01-01T22:45:05.072+0000] {dag.py:3834} INFO - Setting next_dagrun for prediction_dag to 2026-01-01 22:44:00+00:00, run_after=2026-01-01 22:46:00+00:00
[2026-01-01T22:45:05.400+0000] {processor.py:183} INFO - Processing /opt/airflow/dags/prediction_dag.py took 1.426 seconds
[2026-01-01T23:13:34.554+0000] {processor.py:161} INFO - Started process (PID=3792) to work on /opt/airflow/dags/prediction_dag.py
[2026-01-01T23:13:34.557+0000] {processor.py:830} INFO - Processing file /opt/airflow/dags/prediction_dag.py for tasks to queue
[2026-01-01T23:13:34.561+0000] {logging_mixin.py:188} INFO - [2026-01-01T23:13:34.560+0000] {dagbag.py:540} INFO - Filling up the DagBag from /opt/airflow/dags/prediction_dag.py
[2026-01-01T23:13:34.651+0000] {processor.py:840} INFO - DAG(s) 'prediction_dag' retrieved from /opt/airflow/dags/prediction_dag.py
[2026-01-01T23:13:34.876+0000] {logging_mixin.py:188} INFO - [2026-01-01T23:13:34.876+0000] {dag.py:3047} INFO - Sync 1 DAGs
[2026-01-01T23:13:35.093+0000] {logging_mixin.py:188} INFO - [2026-01-01T23:13:35.092+0000] {dag.py:3834} INFO - Setting next_dagrun for prediction_dag to 2026-01-01 23:12:00+00:00, run_after=2026-01-01 23:14:00+00:00
[2026-01-01T23:13:35.256+0000] {processor.py:183} INFO - Processing /opt/airflow/dags/prediction_dag.py took 0.727 seconds
