[2026-02-07T15:24:12.954+0000] {processor.py:161} INFO - Started process (PID=162) to work on /opt/airflow/dags/ingestion_dag.py
[2026-02-07T15:24:12.955+0000] {processor.py:830} INFO - Processing file /opt/airflow/dags/ingestion_dag.py for tasks to queue
[2026-02-07T15:24:12.956+0000] {logging_mixin.py:188} INFO - [2026-02-07T15:24:12.956+0000] {dagbag.py:540} INFO - Filling up the DagBag from /opt/airflow/dags/ingestion_dag.py
[2026-02-07T15:24:16.845+0000] {logging_mixin.py:188} INFO - [2026-02-07T15:24:16.844+0000] {warnings.py:109} WARNING - /opt/airflow/dags/ingestion_dag.py:257: RemovedInAirflow3Warning: Function `days_ago` is deprecated and will be removed in Airflow 3.0. You can achieve equivalent behavior with `pendulum.today('UTC').add(days=-N, ...)`
  start_date=days_ago(1),
[2026-02-07T15:24:16.845+0000] {logging_mixin.py:188} INFO - [2026-02-07T15:24:16.845+0000] {warnings.py:109} WARNING - /opt/airflow/dags/ingestion_dag.py:254: RemovedInAirflow3Warning: Param `schedule_interval` is deprecated and will be removed in a future release. Please use `schedule` instead. 
  with DAG(
[2026-02-07T15:24:16.849+0000] {processor.py:840} INFO - DAG(s) 'ingestion_dag' retrieved from /opt/airflow/dags/ingestion_dag.py
[2026-02-07T15:24:16.957+0000] {logging_mixin.py:188} INFO - [2026-02-07T15:24:16.957+0000] {dag.py:3047} INFO - Sync 1 DAGs
[2026-02-07T15:24:16.984+0000] {logging_mixin.py:188} INFO - [2026-02-07T15:24:16.984+0000] {dag.py:3834} INFO - Setting next_dagrun for ingestion_dag to 2026-02-07 15:23:00+00:00, run_after=2026-02-07 15:24:00+00:00
[2026-02-07T15:24:17.585+0000] {processor.py:183} INFO - Processing /opt/airflow/dags/ingestion_dag.py took 4.635 seconds
[2026-02-07T15:24:48.105+0000] {processor.py:161} INFO - Started process (PID=203) to work on /opt/airflow/dags/ingestion_dag.py
[2026-02-07T15:24:48.113+0000] {processor.py:830} INFO - Processing file /opt/airflow/dags/ingestion_dag.py for tasks to queue
[2026-02-07T15:24:48.120+0000] {logging_mixin.py:188} INFO - [2026-02-07T15:24:48.115+0000] {dagbag.py:540} INFO - Filling up the DagBag from /opt/airflow/dags/ingestion_dag.py
[2026-02-07T15:24:52.867+0000] {logging_mixin.py:188} INFO - [2026-02-07T15:24:52.867+0000] {warnings.py:109} WARNING - /opt/airflow/dags/ingestion_dag.py:257: RemovedInAirflow3Warning: Function `days_ago` is deprecated and will be removed in Airflow 3.0. You can achieve equivalent behavior with `pendulum.today('UTC').add(days=-N, ...)`
  start_date=days_ago(1),
[2026-02-07T15:24:52.868+0000] {logging_mixin.py:188} INFO - [2026-02-07T15:24:52.868+0000] {warnings.py:109} WARNING - /opt/airflow/dags/ingestion_dag.py:254: RemovedInAirflow3Warning: Param `schedule_interval` is deprecated and will be removed in a future release. Please use `schedule` instead. 
  with DAG(
[2026-02-07T15:24:52.877+0000] {processor.py:840} INFO - DAG(s) 'ingestion_dag' retrieved from /opt/airflow/dags/ingestion_dag.py
[2026-02-07T15:24:52.955+0000] {logging_mixin.py:188} INFO - [2026-02-07T15:24:52.954+0000] {dag.py:3047} INFO - Sync 1 DAGs
[2026-02-07T15:24:52.986+0000] {logging_mixin.py:188} INFO - [2026-02-07T15:24:52.986+0000] {dag.py:3834} INFO - Setting next_dagrun for ingestion_dag to 2026-02-07 15:24:00+00:00, run_after=2026-02-07 15:25:00+00:00
[2026-02-07T15:24:53.002+0000] {processor.py:183} INFO - Processing /opt/airflow/dags/ingestion_dag.py took 4.914 seconds
[2026-02-07T15:25:23.395+0000] {processor.py:161} INFO - Started process (PID=398) to work on /opt/airflow/dags/ingestion_dag.py
[2026-02-07T15:25:23.399+0000] {processor.py:830} INFO - Processing file /opt/airflow/dags/ingestion_dag.py for tasks to queue
[2026-02-07T15:25:23.414+0000] {logging_mixin.py:188} INFO - [2026-02-07T15:25:23.401+0000] {dagbag.py:540} INFO - Filling up the DagBag from /opt/airflow/dags/ingestion_dag.py
[2026-02-07T15:25:26.187+0000] {logging_mixin.py:188} INFO - [2026-02-07T15:25:26.187+0000] {warnings.py:109} WARNING - /opt/airflow/dags/ingestion_dag.py:257: RemovedInAirflow3Warning: Function `days_ago` is deprecated and will be removed in Airflow 3.0. You can achieve equivalent behavior with `pendulum.today('UTC').add(days=-N, ...)`
  start_date=days_ago(1),
[2026-02-07T15:25:26.188+0000] {logging_mixin.py:188} INFO - [2026-02-07T15:25:26.188+0000] {warnings.py:109} WARNING - /opt/airflow/dags/ingestion_dag.py:254: RemovedInAirflow3Warning: Param `schedule_interval` is deprecated and will be removed in a future release. Please use `schedule` instead. 
  with DAG(
[2026-02-07T15:25:26.193+0000] {processor.py:840} INFO - DAG(s) 'ingestion_dag' retrieved from /opt/airflow/dags/ingestion_dag.py
[2026-02-07T15:25:26.223+0000] {logging_mixin.py:188} INFO - [2026-02-07T15:25:26.223+0000] {dag.py:3047} INFO - Sync 1 DAGs
[2026-02-07T15:25:26.247+0000] {logging_mixin.py:188} INFO - [2026-02-07T15:25:26.247+0000] {dag.py:3834} INFO - Setting next_dagrun for ingestion_dag to 2026-02-07 15:25:00+00:00, run_after=2026-02-07 15:26:00+00:00
[2026-02-07T15:25:26.260+0000] {processor.py:183} INFO - Processing /opt/airflow/dags/ingestion_dag.py took 2.898 seconds
[2026-02-07T15:25:56.998+0000] {processor.py:161} INFO - Started process (PID=416) to work on /opt/airflow/dags/ingestion_dag.py
[2026-02-07T15:25:57.001+0000] {processor.py:830} INFO - Processing file /opt/airflow/dags/ingestion_dag.py for tasks to queue
[2026-02-07T15:25:57.003+0000] {logging_mixin.py:188} INFO - [2026-02-07T15:25:57.002+0000] {dagbag.py:540} INFO - Filling up the DagBag from /opt/airflow/dags/ingestion_dag.py
[2026-02-07T15:25:58.935+0000] {logging_mixin.py:188} INFO - [2026-02-07T15:25:58.935+0000] {warnings.py:109} WARNING - /opt/airflow/dags/ingestion_dag.py:257: RemovedInAirflow3Warning: Function `days_ago` is deprecated and will be removed in Airflow 3.0. You can achieve equivalent behavior with `pendulum.today('UTC').add(days=-N, ...)`
  start_date=days_ago(1),
[2026-02-07T15:25:58.936+0000] {logging_mixin.py:188} INFO - [2026-02-07T15:25:58.935+0000] {warnings.py:109} WARNING - /opt/airflow/dags/ingestion_dag.py:254: RemovedInAirflow3Warning: Param `schedule_interval` is deprecated and will be removed in a future release. Please use `schedule` instead. 
  with DAG(
[2026-02-07T15:25:58.945+0000] {processor.py:840} INFO - DAG(s) 'ingestion_dag' retrieved from /opt/airflow/dags/ingestion_dag.py
[2026-02-07T15:25:58.982+0000] {logging_mixin.py:188} INFO - [2026-02-07T15:25:58.982+0000] {dag.py:3047} INFO - Sync 1 DAGs
[2026-02-07T15:25:59.010+0000] {logging_mixin.py:188} INFO - [2026-02-07T15:25:59.009+0000] {dag.py:3834} INFO - Setting next_dagrun for ingestion_dag to 2026-02-07 15:25:00+00:00, run_after=2026-02-07 15:26:00+00:00
[2026-02-07T15:25:59.028+0000] {processor.py:183} INFO - Processing /opt/airflow/dags/ingestion_dag.py took 2.041 seconds
[2026-02-07T15:26:29.617+0000] {processor.py:161} INFO - Started process (PID=498) to work on /opt/airflow/dags/ingestion_dag.py
[2026-02-07T15:26:29.620+0000] {processor.py:830} INFO - Processing file /opt/airflow/dags/ingestion_dag.py for tasks to queue
[2026-02-07T15:26:29.621+0000] {logging_mixin.py:188} INFO - [2026-02-07T15:26:29.620+0000] {dagbag.py:540} INFO - Filling up the DagBag from /opt/airflow/dags/ingestion_dag.py
[2026-02-07T15:26:31.452+0000] {logging_mixin.py:188} INFO - [2026-02-07T15:26:31.451+0000] {warnings.py:109} WARNING - /opt/airflow/dags/ingestion_dag.py:257: RemovedInAirflow3Warning: Function `days_ago` is deprecated and will be removed in Airflow 3.0. You can achieve equivalent behavior with `pendulum.today('UTC').add(days=-N, ...)`
  start_date=days_ago(1),
[2026-02-07T15:26:31.452+0000] {logging_mixin.py:188} INFO - [2026-02-07T15:26:31.452+0000] {warnings.py:109} WARNING - /opt/airflow/dags/ingestion_dag.py:254: RemovedInAirflow3Warning: Param `schedule_interval` is deprecated and will be removed in a future release. Please use `schedule` instead. 
  with DAG(
[2026-02-07T15:26:31.459+0000] {processor.py:840} INFO - DAG(s) 'ingestion_dag' retrieved from /opt/airflow/dags/ingestion_dag.py
[2026-02-07T15:26:31.486+0000] {logging_mixin.py:188} INFO - [2026-02-07T15:26:31.486+0000] {dag.py:3047} INFO - Sync 1 DAGs
[2026-02-07T15:26:31.507+0000] {logging_mixin.py:188} INFO - [2026-02-07T15:26:31.507+0000] {dag.py:3834} INFO - Setting next_dagrun for ingestion_dag to 2026-02-07 15:26:00+00:00, run_after=2026-02-07 15:27:00+00:00
[2026-02-07T15:26:31.519+0000] {processor.py:183} INFO - Processing /opt/airflow/dags/ingestion_dag.py took 1.912 seconds
[2026-02-07T15:27:02.029+0000] {processor.py:161} INFO - Started process (PID=518) to work on /opt/airflow/dags/ingestion_dag.py
[2026-02-07T15:27:02.031+0000] {processor.py:830} INFO - Processing file /opt/airflow/dags/ingestion_dag.py for tasks to queue
[2026-02-07T15:27:02.033+0000] {logging_mixin.py:188} INFO - [2026-02-07T15:27:02.033+0000] {dagbag.py:540} INFO - Filling up the DagBag from /opt/airflow/dags/ingestion_dag.py
[2026-02-07T15:27:03.888+0000] {logging_mixin.py:188} INFO - [2026-02-07T15:27:03.888+0000] {warnings.py:109} WARNING - /opt/airflow/dags/ingestion_dag.py:257: RemovedInAirflow3Warning: Function `days_ago` is deprecated and will be removed in Airflow 3.0. You can achieve equivalent behavior with `pendulum.today('UTC').add(days=-N, ...)`
  start_date=days_ago(1),
[2026-02-07T15:27:03.888+0000] {logging_mixin.py:188} INFO - [2026-02-07T15:27:03.888+0000] {warnings.py:109} WARNING - /opt/airflow/dags/ingestion_dag.py:254: RemovedInAirflow3Warning: Param `schedule_interval` is deprecated and will be removed in a future release. Please use `schedule` instead. 
  with DAG(
[2026-02-07T15:27:03.896+0000] {processor.py:840} INFO - DAG(s) 'ingestion_dag' retrieved from /opt/airflow/dags/ingestion_dag.py
[2026-02-07T15:27:03.917+0000] {logging_mixin.py:188} INFO - [2026-02-07T15:27:03.917+0000] {dag.py:3047} INFO - Sync 1 DAGs
[2026-02-07T15:27:03.943+0000] {logging_mixin.py:188} INFO - [2026-02-07T15:27:03.943+0000] {dag.py:3834} INFO - Setting next_dagrun for ingestion_dag to 2026-02-07 15:27:00+00:00, run_after=2026-02-07 15:28:00+00:00
[2026-02-07T15:27:03.962+0000] {processor.py:183} INFO - Processing /opt/airflow/dags/ingestion_dag.py took 1.937 seconds
[2026-02-07T15:27:34.550+0000] {processor.py:161} INFO - Started process (PID=596) to work on /opt/airflow/dags/ingestion_dag.py
[2026-02-07T15:27:34.553+0000] {processor.py:830} INFO - Processing file /opt/airflow/dags/ingestion_dag.py for tasks to queue
[2026-02-07T15:27:34.556+0000] {logging_mixin.py:188} INFO - [2026-02-07T15:27:34.555+0000] {dagbag.py:540} INFO - Filling up the DagBag from /opt/airflow/dags/ingestion_dag.py
[2026-02-07T15:27:36.198+0000] {logging_mixin.py:188} INFO - [2026-02-07T15:27:36.197+0000] {warnings.py:109} WARNING - /opt/airflow/dags/ingestion_dag.py:257: RemovedInAirflow3Warning: Function `days_ago` is deprecated and will be removed in Airflow 3.0. You can achieve equivalent behavior with `pendulum.today('UTC').add(days=-N, ...)`
  start_date=days_ago(1),
[2026-02-07T15:27:36.198+0000] {logging_mixin.py:188} INFO - [2026-02-07T15:27:36.198+0000] {warnings.py:109} WARNING - /opt/airflow/dags/ingestion_dag.py:254: RemovedInAirflow3Warning: Param `schedule_interval` is deprecated and will be removed in a future release. Please use `schedule` instead. 
  with DAG(
[2026-02-07T15:27:36.205+0000] {processor.py:840} INFO - DAG(s) 'ingestion_dag' retrieved from /opt/airflow/dags/ingestion_dag.py
[2026-02-07T15:27:36.228+0000] {logging_mixin.py:188} INFO - [2026-02-07T15:27:36.228+0000] {dag.py:3047} INFO - Sync 1 DAGs
[2026-02-07T15:27:36.245+0000] {logging_mixin.py:188} INFO - [2026-02-07T15:27:36.245+0000] {dag.py:3834} INFO - Setting next_dagrun for ingestion_dag to 2026-02-07 15:27:00+00:00, run_after=2026-02-07 15:28:00+00:00
[2026-02-07T15:27:36.255+0000] {processor.py:183} INFO - Processing /opt/airflow/dags/ingestion_dag.py took 1.717 seconds
[2026-02-07T15:28:07.370+0000] {processor.py:161} INFO - Started process (PID=638) to work on /opt/airflow/dags/ingestion_dag.py
[2026-02-07T15:28:07.397+0000] {processor.py:830} INFO - Processing file /opt/airflow/dags/ingestion_dag.py for tasks to queue
[2026-02-07T15:28:07.401+0000] {logging_mixin.py:188} INFO - [2026-02-07T15:28:07.399+0000] {dagbag.py:540} INFO - Filling up the DagBag from /opt/airflow/dags/ingestion_dag.py
[2026-02-07T15:28:10.082+0000] {logging_mixin.py:188} INFO - [2026-02-07T15:28:10.082+0000] {warnings.py:109} WARNING - /opt/airflow/dags/ingestion_dag.py:257: RemovedInAirflow3Warning: Function `days_ago` is deprecated and will be removed in Airflow 3.0. You can achieve equivalent behavior with `pendulum.today('UTC').add(days=-N, ...)`
  start_date=days_ago(1),
[2026-02-07T15:28:10.082+0000] {logging_mixin.py:188} INFO - [2026-02-07T15:28:10.082+0000] {warnings.py:109} WARNING - /opt/airflow/dags/ingestion_dag.py:254: RemovedInAirflow3Warning: Param `schedule_interval` is deprecated and will be removed in a future release. Please use `schedule` instead. 
  with DAG(
[2026-02-07T15:28:10.087+0000] {processor.py:840} INFO - DAG(s) 'ingestion_dag' retrieved from /opt/airflow/dags/ingestion_dag.py
[2026-02-07T15:28:10.125+0000] {logging_mixin.py:188} INFO - [2026-02-07T15:28:10.125+0000] {dag.py:3047} INFO - Sync 1 DAGs
[2026-02-07T15:28:10.170+0000] {logging_mixin.py:188} INFO - [2026-02-07T15:28:10.169+0000] {dag.py:3834} INFO - Setting next_dagrun for ingestion_dag to 2026-02-07 15:28:00+00:00, run_after=2026-02-07 15:29:00+00:00
[2026-02-07T15:28:10.206+0000] {processor.py:183} INFO - Processing /opt/airflow/dags/ingestion_dag.py took 2.843 seconds
[2026-02-07T15:28:40.863+0000] {processor.py:161} INFO - Started process (PID=698) to work on /opt/airflow/dags/ingestion_dag.py
[2026-02-07T15:28:40.870+0000] {processor.py:830} INFO - Processing file /opt/airflow/dags/ingestion_dag.py for tasks to queue
[2026-02-07T15:28:40.872+0000] {logging_mixin.py:188} INFO - [2026-02-07T15:28:40.871+0000] {dagbag.py:540} INFO - Filling up the DagBag from /opt/airflow/dags/ingestion_dag.py
[2026-02-07T15:28:42.661+0000] {logging_mixin.py:188} INFO - [2026-02-07T15:28:42.660+0000] {warnings.py:109} WARNING - /opt/airflow/dags/ingestion_dag.py:257: RemovedInAirflow3Warning: Function `days_ago` is deprecated and will be removed in Airflow 3.0. You can achieve equivalent behavior with `pendulum.today('UTC').add(days=-N, ...)`
  start_date=days_ago(1),
[2026-02-07T15:28:42.661+0000] {logging_mixin.py:188} INFO - [2026-02-07T15:28:42.661+0000] {warnings.py:109} WARNING - /opt/airflow/dags/ingestion_dag.py:254: RemovedInAirflow3Warning: Param `schedule_interval` is deprecated and will be removed in a future release. Please use `schedule` instead. 
  with DAG(
[2026-02-07T15:28:42.666+0000] {processor.py:840} INFO - DAG(s) 'ingestion_dag' retrieved from /opt/airflow/dags/ingestion_dag.py
[2026-02-07T15:28:42.689+0000] {logging_mixin.py:188} INFO - [2026-02-07T15:28:42.689+0000] {dag.py:3047} INFO - Sync 1 DAGs
[2026-02-07T15:28:42.707+0000] {logging_mixin.py:188} INFO - [2026-02-07T15:28:42.707+0000] {dag.py:3834} INFO - Setting next_dagrun for ingestion_dag to 2026-02-07 15:28:00+00:00, run_after=2026-02-07 15:29:00+00:00
[2026-02-07T15:28:42.716+0000] {processor.py:183} INFO - Processing /opt/airflow/dags/ingestion_dag.py took 1.864 seconds
[2026-02-07T15:29:13.374+0000] {processor.py:161} INFO - Started process (PID=778) to work on /opt/airflow/dags/ingestion_dag.py
[2026-02-07T15:29:13.375+0000] {processor.py:830} INFO - Processing file /opt/airflow/dags/ingestion_dag.py for tasks to queue
[2026-02-07T15:29:13.376+0000] {logging_mixin.py:188} INFO - [2026-02-07T15:29:13.376+0000] {dagbag.py:540} INFO - Filling up the DagBag from /opt/airflow/dags/ingestion_dag.py
[2026-02-07T15:29:15.283+0000] {logging_mixin.py:188} INFO - [2026-02-07T15:29:15.282+0000] {warnings.py:109} WARNING - /opt/airflow/dags/ingestion_dag.py:257: RemovedInAirflow3Warning: Function `days_ago` is deprecated and will be removed in Airflow 3.0. You can achieve equivalent behavior with `pendulum.today('UTC').add(days=-N, ...)`
  start_date=days_ago(1),
[2026-02-07T15:29:15.284+0000] {logging_mixin.py:188} INFO - [2026-02-07T15:29:15.284+0000] {warnings.py:109} WARNING - /opt/airflow/dags/ingestion_dag.py:254: RemovedInAirflow3Warning: Param `schedule_interval` is deprecated and will be removed in a future release. Please use `schedule` instead. 
  with DAG(
[2026-02-07T15:29:15.315+0000] {processor.py:840} INFO - DAG(s) 'ingestion_dag' retrieved from /opt/airflow/dags/ingestion_dag.py
[2026-02-07T15:29:15.354+0000] {logging_mixin.py:188} INFO - [2026-02-07T15:29:15.353+0000] {dag.py:3047} INFO - Sync 1 DAGs
[2026-02-07T15:29:15.402+0000] {logging_mixin.py:188} INFO - [2026-02-07T15:29:15.402+0000] {dag.py:3834} INFO - Setting next_dagrun for ingestion_dag to 2026-02-07 15:29:00+00:00, run_after=2026-02-07 15:30:00+00:00
[2026-02-07T15:29:15.420+0000] {processor.py:183} INFO - Processing /opt/airflow/dags/ingestion_dag.py took 2.049 seconds
[2026-02-07T15:29:45.905+0000] {processor.py:161} INFO - Started process (PID=796) to work on /opt/airflow/dags/ingestion_dag.py
[2026-02-07T15:29:45.908+0000] {processor.py:830} INFO - Processing file /opt/airflow/dags/ingestion_dag.py for tasks to queue
[2026-02-07T15:29:45.910+0000] {logging_mixin.py:188} INFO - [2026-02-07T15:29:45.909+0000] {dagbag.py:540} INFO - Filling up the DagBag from /opt/airflow/dags/ingestion_dag.py
[2026-02-07T15:29:47.527+0000] {logging_mixin.py:188} INFO - [2026-02-07T15:29:47.527+0000] {warnings.py:109} WARNING - /opt/airflow/dags/ingestion_dag.py:257: RemovedInAirflow3Warning: Function `days_ago` is deprecated and will be removed in Airflow 3.0. You can achieve equivalent behavior with `pendulum.today('UTC').add(days=-N, ...)`
  start_date=days_ago(1),
[2026-02-07T15:29:47.527+0000] {logging_mixin.py:188} INFO - [2026-02-07T15:29:47.527+0000] {warnings.py:109} WARNING - /opt/airflow/dags/ingestion_dag.py:254: RemovedInAirflow3Warning: Param `schedule_interval` is deprecated and will be removed in a future release. Please use `schedule` instead. 
  with DAG(
[2026-02-07T15:29:47.532+0000] {processor.py:840} INFO - DAG(s) 'ingestion_dag' retrieved from /opt/airflow/dags/ingestion_dag.py
[2026-02-07T15:29:47.558+0000] {logging_mixin.py:188} INFO - [2026-02-07T15:29:47.558+0000] {dag.py:3047} INFO - Sync 1 DAGs
[2026-02-07T15:29:47.578+0000] {logging_mixin.py:188} INFO - [2026-02-07T15:29:47.578+0000] {dag.py:3834} INFO - Setting next_dagrun for ingestion_dag to 2026-02-07 15:29:00+00:00, run_after=2026-02-07 15:30:00+00:00
[2026-02-07T15:29:47.594+0000] {processor.py:183} INFO - Processing /opt/airflow/dags/ingestion_dag.py took 1.700 seconds
[2026-02-07T15:30:17.868+0000] {processor.py:161} INFO - Started process (PID=878) to work on /opt/airflow/dags/ingestion_dag.py
[2026-02-07T15:30:17.870+0000] {processor.py:830} INFO - Processing file /opt/airflow/dags/ingestion_dag.py for tasks to queue
[2026-02-07T15:30:17.872+0000] {logging_mixin.py:188} INFO - [2026-02-07T15:30:17.871+0000] {dagbag.py:540} INFO - Filling up the DagBag from /opt/airflow/dags/ingestion_dag.py
[2026-02-07T15:30:19.479+0000] {logging_mixin.py:188} INFO - [2026-02-07T15:30:19.479+0000] {warnings.py:109} WARNING - /opt/airflow/dags/ingestion_dag.py:257: RemovedInAirflow3Warning: Function `days_ago` is deprecated and will be removed in Airflow 3.0. You can achieve equivalent behavior with `pendulum.today('UTC').add(days=-N, ...)`
  start_date=days_ago(1),
[2026-02-07T15:30:19.480+0000] {logging_mixin.py:188} INFO - [2026-02-07T15:30:19.480+0000] {warnings.py:109} WARNING - /opt/airflow/dags/ingestion_dag.py:254: RemovedInAirflow3Warning: Param `schedule_interval` is deprecated and will be removed in a future release. Please use `schedule` instead. 
  with DAG(
[2026-02-07T15:30:19.485+0000] {processor.py:840} INFO - DAG(s) 'ingestion_dag' retrieved from /opt/airflow/dags/ingestion_dag.py
[2026-02-07T15:30:19.516+0000] {logging_mixin.py:188} INFO - [2026-02-07T15:30:19.516+0000] {dag.py:3047} INFO - Sync 1 DAGs
[2026-02-07T15:30:19.533+0000] {logging_mixin.py:188} INFO - [2026-02-07T15:30:19.533+0000] {dag.py:3834} INFO - Setting next_dagrun for ingestion_dag to 2026-02-07 15:30:00+00:00, run_after=2026-02-07 15:31:00+00:00
[2026-02-07T15:30:19.543+0000] {processor.py:183} INFO - Processing /opt/airflow/dags/ingestion_dag.py took 1.681 seconds
[2026-02-07T15:30:49.973+0000] {processor.py:161} INFO - Started process (PID=896) to work on /opt/airflow/dags/ingestion_dag.py
[2026-02-07T15:30:49.975+0000] {processor.py:830} INFO - Processing file /opt/airflow/dags/ingestion_dag.py for tasks to queue
[2026-02-07T15:30:49.976+0000] {logging_mixin.py:188} INFO - [2026-02-07T15:30:49.976+0000] {dagbag.py:540} INFO - Filling up the DagBag from /opt/airflow/dags/ingestion_dag.py
[2026-02-07T15:30:51.753+0000] {logging_mixin.py:188} INFO - [2026-02-07T15:30:51.753+0000] {warnings.py:109} WARNING - /opt/airflow/dags/ingestion_dag.py:257: RemovedInAirflow3Warning: Function `days_ago` is deprecated and will be removed in Airflow 3.0. You can achieve equivalent behavior with `pendulum.today('UTC').add(days=-N, ...)`
  start_date=days_ago(1),
[2026-02-07T15:30:51.760+0000] {logging_mixin.py:188} INFO - [2026-02-07T15:30:51.760+0000] {warnings.py:109} WARNING - /opt/airflow/dags/ingestion_dag.py:254: RemovedInAirflow3Warning: Param `schedule_interval` is deprecated and will be removed in a future release. Please use `schedule` instead. 
  with DAG(
[2026-02-07T15:30:51.769+0000] {processor.py:840} INFO - DAG(s) 'ingestion_dag' retrieved from /opt/airflow/dags/ingestion_dag.py
[2026-02-07T15:30:51.791+0000] {logging_mixin.py:188} INFO - [2026-02-07T15:30:51.791+0000] {dag.py:3047} INFO - Sync 1 DAGs
[2026-02-07T15:30:51.811+0000] {logging_mixin.py:188} INFO - [2026-02-07T15:30:51.810+0000] {dag.py:3834} INFO - Setting next_dagrun for ingestion_dag to 2026-02-07 15:30:00+00:00, run_after=2026-02-07 15:31:00+00:00
[2026-02-07T15:30:51.823+0000] {processor.py:183} INFO - Processing /opt/airflow/dags/ingestion_dag.py took 1.856 seconds
[2026-02-07T15:31:22.498+0000] {processor.py:161} INFO - Started process (PID=976) to work on /opt/airflow/dags/ingestion_dag.py
[2026-02-07T15:31:22.501+0000] {processor.py:830} INFO - Processing file /opt/airflow/dags/ingestion_dag.py for tasks to queue
[2026-02-07T15:31:22.502+0000] {logging_mixin.py:188} INFO - [2026-02-07T15:31:22.501+0000] {dagbag.py:540} INFO - Filling up the DagBag from /opt/airflow/dags/ingestion_dag.py
[2026-02-07T15:31:24.122+0000] {logging_mixin.py:188} INFO - [2026-02-07T15:31:24.121+0000] {warnings.py:109} WARNING - /opt/airflow/dags/ingestion_dag.py:257: RemovedInAirflow3Warning: Function `days_ago` is deprecated and will be removed in Airflow 3.0. You can achieve equivalent behavior with `pendulum.today('UTC').add(days=-N, ...)`
  start_date=days_ago(1),
[2026-02-07T15:31:24.122+0000] {logging_mixin.py:188} INFO - [2026-02-07T15:31:24.122+0000] {warnings.py:109} WARNING - /opt/airflow/dags/ingestion_dag.py:254: RemovedInAirflow3Warning: Param `schedule_interval` is deprecated and will be removed in a future release. Please use `schedule` instead. 
  with DAG(
[2026-02-07T15:31:24.127+0000] {processor.py:840} INFO - DAG(s) 'ingestion_dag' retrieved from /opt/airflow/dags/ingestion_dag.py
[2026-02-07T15:31:24.156+0000] {logging_mixin.py:188} INFO - [2026-02-07T15:31:24.156+0000] {dag.py:3047} INFO - Sync 1 DAGs
[2026-02-07T15:31:24.174+0000] {logging_mixin.py:188} INFO - [2026-02-07T15:31:24.174+0000] {dag.py:3834} INFO - Setting next_dagrun for ingestion_dag to 2026-02-07 15:31:00+00:00, run_after=2026-02-07 15:32:00+00:00
[2026-02-07T15:31:24.187+0000] {processor.py:183} INFO - Processing /opt/airflow/dags/ingestion_dag.py took 1.695 seconds
[2026-02-07T15:31:55.013+0000] {processor.py:161} INFO - Started process (PID=994) to work on /opt/airflow/dags/ingestion_dag.py
[2026-02-07T15:31:55.015+0000] {processor.py:830} INFO - Processing file /opt/airflow/dags/ingestion_dag.py for tasks to queue
[2026-02-07T15:31:55.016+0000] {logging_mixin.py:188} INFO - [2026-02-07T15:31:55.015+0000] {dagbag.py:540} INFO - Filling up the DagBag from /opt/airflow/dags/ingestion_dag.py
[2026-02-07T15:31:57.274+0000] {logging_mixin.py:188} INFO - [2026-02-07T15:31:57.274+0000] {warnings.py:109} WARNING - /opt/airflow/dags/ingestion_dag.py:257: RemovedInAirflow3Warning: Function `days_ago` is deprecated and will be removed in Airflow 3.0. You can achieve equivalent behavior with `pendulum.today('UTC').add(days=-N, ...)`
  start_date=days_ago(1),
[2026-02-07T15:31:57.275+0000] {logging_mixin.py:188} INFO - [2026-02-07T15:31:57.275+0000] {warnings.py:109} WARNING - /opt/airflow/dags/ingestion_dag.py:254: RemovedInAirflow3Warning: Param `schedule_interval` is deprecated and will be removed in a future release. Please use `schedule` instead. 
  with DAG(
[2026-02-07T15:31:57.280+0000] {processor.py:840} INFO - DAG(s) 'ingestion_dag' retrieved from /opt/airflow/dags/ingestion_dag.py
[2026-02-07T15:31:57.311+0000] {logging_mixin.py:188} INFO - [2026-02-07T15:31:57.311+0000] {dag.py:3047} INFO - Sync 1 DAGs
[2026-02-07T15:31:57.334+0000] {logging_mixin.py:188} INFO - [2026-02-07T15:31:57.334+0000] {dag.py:3834} INFO - Setting next_dagrun for ingestion_dag to 2026-02-07 15:31:00+00:00, run_after=2026-02-07 15:32:00+00:00
[2026-02-07T15:31:57.347+0000] {processor.py:183} INFO - Processing /opt/airflow/dags/ingestion_dag.py took 2.342 seconds
[2026-02-07T15:32:27.677+0000] {processor.py:161} INFO - Started process (PID=1083) to work on /opt/airflow/dags/ingestion_dag.py
[2026-02-07T15:32:27.678+0000] {processor.py:830} INFO - Processing file /opt/airflow/dags/ingestion_dag.py for tasks to queue
[2026-02-07T15:32:27.679+0000] {logging_mixin.py:188} INFO - [2026-02-07T15:32:27.679+0000] {dagbag.py:540} INFO - Filling up the DagBag from /opt/airflow/dags/ingestion_dag.py
[2026-02-07T15:32:29.065+0000] {logging_mixin.py:188} INFO - [2026-02-07T15:32:29.065+0000] {warnings.py:109} WARNING - /opt/airflow/dags/ingestion_dag.py:257: RemovedInAirflow3Warning: Function `days_ago` is deprecated and will be removed in Airflow 3.0. You can achieve equivalent behavior with `pendulum.today('UTC').add(days=-N, ...)`
  start_date=days_ago(1),
[2026-02-07T15:32:29.066+0000] {logging_mixin.py:188} INFO - [2026-02-07T15:32:29.066+0000] {warnings.py:109} WARNING - /opt/airflow/dags/ingestion_dag.py:254: RemovedInAirflow3Warning: Param `schedule_interval` is deprecated and will be removed in a future release. Please use `schedule` instead. 
  with DAG(
[2026-02-07T15:32:29.070+0000] {processor.py:840} INFO - DAG(s) 'ingestion_dag' retrieved from /opt/airflow/dags/ingestion_dag.py
[2026-02-07T15:32:29.085+0000] {logging_mixin.py:188} INFO - [2026-02-07T15:32:29.085+0000] {dag.py:3047} INFO - Sync 1 DAGs
[2026-02-07T15:32:29.100+0000] {logging_mixin.py:188} INFO - [2026-02-07T15:32:29.100+0000] {dag.py:3834} INFO - Setting next_dagrun for ingestion_dag to 2026-02-07 15:32:00+00:00, run_after=2026-02-07 15:33:00+00:00
[2026-02-07T15:32:29.109+0000] {processor.py:183} INFO - Processing /opt/airflow/dags/ingestion_dag.py took 1.433 seconds
[2026-02-07T15:32:59.253+0000] {processor.py:161} INFO - Started process (PID=1101) to work on /opt/airflow/dags/ingestion_dag.py
[2026-02-07T15:32:59.255+0000] {processor.py:830} INFO - Processing file /opt/airflow/dags/ingestion_dag.py for tasks to queue
[2026-02-07T15:32:59.257+0000] {logging_mixin.py:188} INFO - [2026-02-07T15:32:59.256+0000] {dagbag.py:540} INFO - Filling up the DagBag from /opt/airflow/dags/ingestion_dag.py
[2026-02-07T15:33:02.072+0000] {logging_mixin.py:188} INFO - [2026-02-07T15:33:02.072+0000] {warnings.py:109} WARNING - /opt/airflow/dags/ingestion_dag.py:257: RemovedInAirflow3Warning: Function `days_ago` is deprecated and will be removed in Airflow 3.0. You can achieve equivalent behavior with `pendulum.today('UTC').add(days=-N, ...)`
  start_date=days_ago(1),
[2026-02-07T15:33:02.073+0000] {logging_mixin.py:188} INFO - [2026-02-07T15:33:02.073+0000] {warnings.py:109} WARNING - /opt/airflow/dags/ingestion_dag.py:254: RemovedInAirflow3Warning: Param `schedule_interval` is deprecated and will be removed in a future release. Please use `schedule` instead. 
  with DAG(
[2026-02-07T15:33:02.078+0000] {processor.py:840} INFO - DAG(s) 'ingestion_dag' retrieved from /opt/airflow/dags/ingestion_dag.py
[2026-02-07T15:33:02.105+0000] {logging_mixin.py:188} INFO - [2026-02-07T15:33:02.105+0000] {dag.py:3047} INFO - Sync 1 DAGs
[2026-02-07T15:33:02.182+0000] {logging_mixin.py:188} INFO - [2026-02-07T15:33:02.181+0000] {dag.py:3834} INFO - Setting next_dagrun for ingestion_dag to 2026-02-07 15:33:00+00:00, run_after=2026-02-07 15:34:00+00:00
[2026-02-07T15:33:02.197+0000] {processor.py:183} INFO - Processing /opt/airflow/dags/ingestion_dag.py took 2.956 seconds
[2026-02-07T15:33:32.679+0000] {processor.py:161} INFO - Started process (PID=1181) to work on /opt/airflow/dags/ingestion_dag.py
[2026-02-07T15:33:32.683+0000] {processor.py:830} INFO - Processing file /opt/airflow/dags/ingestion_dag.py for tasks to queue
[2026-02-07T15:33:32.684+0000] {logging_mixin.py:188} INFO - [2026-02-07T15:33:32.683+0000] {dagbag.py:540} INFO - Filling up the DagBag from /opt/airflow/dags/ingestion_dag.py
[2026-02-07T15:33:34.360+0000] {logging_mixin.py:188} INFO - [2026-02-07T15:33:34.359+0000] {warnings.py:109} WARNING - /opt/airflow/dags/ingestion_dag.py:257: RemovedInAirflow3Warning: Function `days_ago` is deprecated and will be removed in Airflow 3.0. You can achieve equivalent behavior with `pendulum.today('UTC').add(days=-N, ...)`
  start_date=days_ago(1),
[2026-02-07T15:33:34.360+0000] {logging_mixin.py:188} INFO - [2026-02-07T15:33:34.360+0000] {warnings.py:109} WARNING - /opt/airflow/dags/ingestion_dag.py:254: RemovedInAirflow3Warning: Param `schedule_interval` is deprecated and will be removed in a future release. Please use `schedule` instead. 
  with DAG(
[2026-02-07T15:33:34.370+0000] {processor.py:840} INFO - DAG(s) 'ingestion_dag' retrieved from /opt/airflow/dags/ingestion_dag.py
[2026-02-07T15:33:34.395+0000] {logging_mixin.py:188} INFO - [2026-02-07T15:33:34.395+0000] {dag.py:3047} INFO - Sync 1 DAGs
[2026-02-07T15:33:34.414+0000] {logging_mixin.py:188} INFO - [2026-02-07T15:33:34.414+0000] {dag.py:3834} INFO - Setting next_dagrun for ingestion_dag to 2026-02-07 15:33:00+00:00, run_after=2026-02-07 15:34:00+00:00
[2026-02-07T15:33:34.425+0000] {processor.py:183} INFO - Processing /opt/airflow/dags/ingestion_dag.py took 1.760 seconds
[2026-02-07T15:34:04.624+0000] {processor.py:161} INFO - Started process (PID=1221) to work on /opt/airflow/dags/ingestion_dag.py
[2026-02-07T15:34:04.626+0000] {processor.py:830} INFO - Processing file /opt/airflow/dags/ingestion_dag.py for tasks to queue
[2026-02-07T15:34:04.627+0000] {logging_mixin.py:188} INFO - [2026-02-07T15:34:04.627+0000] {dagbag.py:540} INFO - Filling up the DagBag from /opt/airflow/dags/ingestion_dag.py
[2026-02-07T15:34:06.313+0000] {logging_mixin.py:188} INFO - [2026-02-07T15:34:06.312+0000] {warnings.py:109} WARNING - /opt/airflow/dags/ingestion_dag.py:257: RemovedInAirflow3Warning: Function `days_ago` is deprecated and will be removed in Airflow 3.0. You can achieve equivalent behavior with `pendulum.today('UTC').add(days=-N, ...)`
  start_date=days_ago(1),
[2026-02-07T15:34:06.313+0000] {logging_mixin.py:188} INFO - [2026-02-07T15:34:06.313+0000] {warnings.py:109} WARNING - /opt/airflow/dags/ingestion_dag.py:254: RemovedInAirflow3Warning: Param `schedule_interval` is deprecated and will be removed in a future release. Please use `schedule` instead. 
  with DAG(
[2026-02-07T15:34:06.317+0000] {processor.py:840} INFO - DAG(s) 'ingestion_dag' retrieved from /opt/airflow/dags/ingestion_dag.py
[2026-02-07T15:34:06.341+0000] {logging_mixin.py:188} INFO - [2026-02-07T15:34:06.341+0000] {dag.py:3047} INFO - Sync 1 DAGs
[2026-02-07T15:34:06.366+0000] {logging_mixin.py:188} INFO - [2026-02-07T15:34:06.366+0000] {dag.py:3834} INFO - Setting next_dagrun for ingestion_dag to 2026-02-07 15:34:00+00:00, run_after=2026-02-07 15:35:00+00:00
[2026-02-07T15:34:06.381+0000] {processor.py:183} INFO - Processing /opt/airflow/dags/ingestion_dag.py took 1.766 seconds
[2026-02-07T15:34:36.794+0000] {processor.py:161} INFO - Started process (PID=1281) to work on /opt/airflow/dags/ingestion_dag.py
[2026-02-07T15:34:36.796+0000] {processor.py:830} INFO - Processing file /opt/airflow/dags/ingestion_dag.py for tasks to queue
[2026-02-07T15:34:36.798+0000] {logging_mixin.py:188} INFO - [2026-02-07T15:34:36.797+0000] {dagbag.py:540} INFO - Filling up the DagBag from /opt/airflow/dags/ingestion_dag.py
[2026-02-07T15:34:38.866+0000] {logging_mixin.py:188} INFO - [2026-02-07T15:34:38.866+0000] {warnings.py:109} WARNING - /opt/airflow/dags/ingestion_dag.py:257: RemovedInAirflow3Warning: Function `days_ago` is deprecated and will be removed in Airflow 3.0. You can achieve equivalent behavior with `pendulum.today('UTC').add(days=-N, ...)`
  start_date=days_ago(1),
[2026-02-07T15:34:38.866+0000] {logging_mixin.py:188} INFO - [2026-02-07T15:34:38.866+0000] {warnings.py:109} WARNING - /opt/airflow/dags/ingestion_dag.py:254: RemovedInAirflow3Warning: Param `schedule_interval` is deprecated and will be removed in a future release. Please use `schedule` instead. 
  with DAG(
[2026-02-07T15:34:38.872+0000] {processor.py:840} INFO - DAG(s) 'ingestion_dag' retrieved from /opt/airflow/dags/ingestion_dag.py
[2026-02-07T15:34:38.905+0000] {logging_mixin.py:188} INFO - [2026-02-07T15:34:38.904+0000] {dag.py:3047} INFO - Sync 1 DAGs
[2026-02-07T15:34:38.924+0000] {logging_mixin.py:188} INFO - [2026-02-07T15:34:38.924+0000] {dag.py:3834} INFO - Setting next_dagrun for ingestion_dag to 2026-02-07 15:34:00+00:00, run_after=2026-02-07 15:35:00+00:00
[2026-02-07T15:34:38.935+0000] {processor.py:183} INFO - Processing /opt/airflow/dags/ingestion_dag.py took 2.159 seconds
[2026-02-07T15:35:09.342+0000] {processor.py:161} INFO - Started process (PID=1331) to work on /opt/airflow/dags/ingestion_dag.py
[2026-02-07T15:35:09.344+0000] {processor.py:830} INFO - Processing file /opt/airflow/dags/ingestion_dag.py for tasks to queue
[2026-02-07T15:35:09.345+0000] {logging_mixin.py:188} INFO - [2026-02-07T15:35:09.345+0000] {dagbag.py:540} INFO - Filling up the DagBag from /opt/airflow/dags/ingestion_dag.py
[2026-02-07T15:35:14.952+0000] {logging_mixin.py:188} INFO - [2026-02-07T15:35:14.948+0000] {warnings.py:109} WARNING - /opt/airflow/dags/ingestion_dag.py:257: RemovedInAirflow3Warning: Function `days_ago` is deprecated and will be removed in Airflow 3.0. You can achieve equivalent behavior with `pendulum.today('UTC').add(days=-N, ...)`
  start_date=days_ago(1),
[2026-02-07T15:35:14.954+0000] {logging_mixin.py:188} INFO - [2026-02-07T15:35:14.954+0000] {warnings.py:109} WARNING - /opt/airflow/dags/ingestion_dag.py:254: RemovedInAirflow3Warning: Param `schedule_interval` is deprecated and will be removed in a future release. Please use `schedule` instead. 
  with DAG(
[2026-02-07T15:35:14.995+0000] {processor.py:840} INFO - DAG(s) 'ingestion_dag' retrieved from /opt/airflow/dags/ingestion_dag.py
[2026-02-07T15:35:15.230+0000] {logging_mixin.py:188} INFO - [2026-02-07T15:35:15.230+0000] {dag.py:3047} INFO - Sync 1 DAGs
[2026-02-07T15:35:15.313+0000] {logging_mixin.py:188} INFO - [2026-02-07T15:35:15.312+0000] {dag.py:3834} INFO - Setting next_dagrun for ingestion_dag to 2026-02-07 15:35:00+00:00, run_after=2026-02-07 15:36:00+00:00
[2026-02-07T15:35:15.352+0000] {processor.py:183} INFO - Processing /opt/airflow/dags/ingestion_dag.py took 6.021 seconds
[2026-02-07T15:35:45.997+0000] {processor.py:161} INFO - Started process (PID=1379) to work on /opt/airflow/dags/ingestion_dag.py
[2026-02-07T15:35:46.000+0000] {processor.py:830} INFO - Processing file /opt/airflow/dags/ingestion_dag.py for tasks to queue
[2026-02-07T15:35:46.005+0000] {logging_mixin.py:188} INFO - [2026-02-07T15:35:46.003+0000] {dagbag.py:540} INFO - Filling up the DagBag from /opt/airflow/dags/ingestion_dag.py
[2026-02-07T15:35:47.558+0000] {logging_mixin.py:188} INFO - [2026-02-07T15:35:47.557+0000] {warnings.py:109} WARNING - /opt/airflow/dags/ingestion_dag.py:257: RemovedInAirflow3Warning: Function `days_ago` is deprecated and will be removed in Airflow 3.0. You can achieve equivalent behavior with `pendulum.today('UTC').add(days=-N, ...)`
  start_date=days_ago(1),
[2026-02-07T15:35:47.558+0000] {logging_mixin.py:188} INFO - [2026-02-07T15:35:47.558+0000] {warnings.py:109} WARNING - /opt/airflow/dags/ingestion_dag.py:254: RemovedInAirflow3Warning: Param `schedule_interval` is deprecated and will be removed in a future release. Please use `schedule` instead. 
  with DAG(
[2026-02-07T15:35:47.563+0000] {processor.py:840} INFO - DAG(s) 'ingestion_dag' retrieved from /opt/airflow/dags/ingestion_dag.py
[2026-02-07T15:35:47.583+0000] {logging_mixin.py:188} INFO - [2026-02-07T15:35:47.583+0000] {dag.py:3047} INFO - Sync 1 DAGs
[2026-02-07T15:35:47.600+0000] {logging_mixin.py:188} INFO - [2026-02-07T15:35:47.600+0000] {dag.py:3834} INFO - Setting next_dagrun for ingestion_dag to 2026-02-07 15:35:00+00:00, run_after=2026-02-07 15:36:00+00:00
[2026-02-07T15:35:47.609+0000] {processor.py:183} INFO - Processing /opt/airflow/dags/ingestion_dag.py took 1.622 seconds
[2026-02-07T15:36:18.446+0000] {processor.py:161} INFO - Started process (PID=1463) to work on /opt/airflow/dags/ingestion_dag.py
[2026-02-07T15:36:18.450+0000] {processor.py:830} INFO - Processing file /opt/airflow/dags/ingestion_dag.py for tasks to queue
[2026-02-07T15:36:18.455+0000] {logging_mixin.py:188} INFO - [2026-02-07T15:36:18.453+0000] {dagbag.py:540} INFO - Filling up the DagBag from /opt/airflow/dags/ingestion_dag.py
[2026-02-07T15:36:20.003+0000] {logging_mixin.py:188} INFO - [2026-02-07T15:36:20.002+0000] {warnings.py:109} WARNING - /opt/airflow/dags/ingestion_dag.py:257: RemovedInAirflow3Warning: Function `days_ago` is deprecated and will be removed in Airflow 3.0. You can achieve equivalent behavior with `pendulum.today('UTC').add(days=-N, ...)`
  start_date=days_ago(1),
[2026-02-07T15:36:20.003+0000] {logging_mixin.py:188} INFO - [2026-02-07T15:36:20.003+0000] {warnings.py:109} WARNING - /opt/airflow/dags/ingestion_dag.py:254: RemovedInAirflow3Warning: Param `schedule_interval` is deprecated and will be removed in a future release. Please use `schedule` instead. 
  with DAG(
[2026-02-07T15:36:20.009+0000] {processor.py:840} INFO - DAG(s) 'ingestion_dag' retrieved from /opt/airflow/dags/ingestion_dag.py
[2026-02-07T15:36:20.038+0000] {logging_mixin.py:188} INFO - [2026-02-07T15:36:20.038+0000] {dag.py:3047} INFO - Sync 1 DAGs
[2026-02-07T15:36:20.055+0000] {logging_mixin.py:188} INFO - [2026-02-07T15:36:20.055+0000] {dag.py:3834} INFO - Setting next_dagrun for ingestion_dag to 2026-02-07 15:36:00+00:00, run_after=2026-02-07 15:37:00+00:00
[2026-02-07T15:36:20.065+0000] {processor.py:183} INFO - Processing /opt/airflow/dags/ingestion_dag.py took 1.628 seconds
[2026-02-07T15:36:50.341+0000] {processor.py:161} INFO - Started process (PID=1481) to work on /opt/airflow/dags/ingestion_dag.py
[2026-02-07T15:36:50.346+0000] {processor.py:830} INFO - Processing file /opt/airflow/dags/ingestion_dag.py for tasks to queue
[2026-02-07T15:36:50.348+0000] {logging_mixin.py:188} INFO - [2026-02-07T15:36:50.347+0000] {dagbag.py:540} INFO - Filling up the DagBag from /opt/airflow/dags/ingestion_dag.py
[2026-02-07T15:36:52.005+0000] {logging_mixin.py:188} INFO - [2026-02-07T15:36:52.005+0000] {warnings.py:109} WARNING - /opt/airflow/dags/ingestion_dag.py:257: RemovedInAirflow3Warning: Function `days_ago` is deprecated and will be removed in Airflow 3.0. You can achieve equivalent behavior with `pendulum.today('UTC').add(days=-N, ...)`
  start_date=days_ago(1),
[2026-02-07T15:36:52.005+0000] {logging_mixin.py:188} INFO - [2026-02-07T15:36:52.005+0000] {warnings.py:109} WARNING - /opt/airflow/dags/ingestion_dag.py:254: RemovedInAirflow3Warning: Param `schedule_interval` is deprecated and will be removed in a future release. Please use `schedule` instead. 
  with DAG(
[2026-02-07T15:36:52.009+0000] {processor.py:840} INFO - DAG(s) 'ingestion_dag' retrieved from /opt/airflow/dags/ingestion_dag.py
[2026-02-07T15:36:52.035+0000] {logging_mixin.py:188} INFO - [2026-02-07T15:36:52.035+0000] {dag.py:3047} INFO - Sync 1 DAGs
[2026-02-07T15:36:52.055+0000] {logging_mixin.py:188} INFO - [2026-02-07T15:36:52.055+0000] {dag.py:3834} INFO - Setting next_dagrun for ingestion_dag to 2026-02-07 15:36:00+00:00, run_after=2026-02-07 15:37:00+00:00
[2026-02-07T15:36:52.065+0000] {processor.py:183} INFO - Processing /opt/airflow/dags/ingestion_dag.py took 1.734 seconds
[2026-02-07T15:37:22.557+0000] {processor.py:161} INFO - Started process (PID=1561) to work on /opt/airflow/dags/ingestion_dag.py
[2026-02-07T15:37:22.560+0000] {processor.py:830} INFO - Processing file /opt/airflow/dags/ingestion_dag.py for tasks to queue
[2026-02-07T15:37:22.561+0000] {logging_mixin.py:188} INFO - [2026-02-07T15:37:22.561+0000] {dagbag.py:540} INFO - Filling up the DagBag from /opt/airflow/dags/ingestion_dag.py
[2026-02-07T15:37:24.050+0000] {logging_mixin.py:188} INFO - [2026-02-07T15:37:24.050+0000] {warnings.py:109} WARNING - /opt/airflow/dags/ingestion_dag.py:257: RemovedInAirflow3Warning: Function `days_ago` is deprecated and will be removed in Airflow 3.0. You can achieve equivalent behavior with `pendulum.today('UTC').add(days=-N, ...)`
  start_date=days_ago(1),
[2026-02-07T15:37:24.051+0000] {logging_mixin.py:188} INFO - [2026-02-07T15:37:24.051+0000] {warnings.py:109} WARNING - /opt/airflow/dags/ingestion_dag.py:254: RemovedInAirflow3Warning: Param `schedule_interval` is deprecated and will be removed in a future release. Please use `schedule` instead. 
  with DAG(
[2026-02-07T15:37:24.054+0000] {processor.py:840} INFO - DAG(s) 'ingestion_dag' retrieved from /opt/airflow/dags/ingestion_dag.py
[2026-02-07T15:37:24.075+0000] {logging_mixin.py:188} INFO - [2026-02-07T15:37:24.075+0000] {dag.py:3047} INFO - Sync 1 DAGs
[2026-02-07T15:37:24.091+0000] {logging_mixin.py:188} INFO - [2026-02-07T15:37:24.091+0000] {dag.py:3834} INFO - Setting next_dagrun for ingestion_dag to 2026-02-07 15:37:00+00:00, run_after=2026-02-07 15:38:00+00:00
[2026-02-07T15:37:24.100+0000] {processor.py:183} INFO - Processing /opt/airflow/dags/ingestion_dag.py took 1.551 seconds
[2026-02-07T15:37:54.975+0000] {processor.py:161} INFO - Started process (PID=1579) to work on /opt/airflow/dags/ingestion_dag.py
[2026-02-07T15:37:54.979+0000] {processor.py:830} INFO - Processing file /opt/airflow/dags/ingestion_dag.py for tasks to queue
[2026-02-07T15:37:54.981+0000] {logging_mixin.py:188} INFO - [2026-02-07T15:37:54.980+0000] {dagbag.py:540} INFO - Filling up the DagBag from /opt/airflow/dags/ingestion_dag.py
[2026-02-07T15:37:56.473+0000] {logging_mixin.py:188} INFO - [2026-02-07T15:37:56.473+0000] {warnings.py:109} WARNING - /opt/airflow/dags/ingestion_dag.py:257: RemovedInAirflow3Warning: Function `days_ago` is deprecated and will be removed in Airflow 3.0. You can achieve equivalent behavior with `pendulum.today('UTC').add(days=-N, ...)`
  start_date=days_ago(1),
[2026-02-07T15:37:56.474+0000] {logging_mixin.py:188} INFO - [2026-02-07T15:37:56.474+0000] {warnings.py:109} WARNING - /opt/airflow/dags/ingestion_dag.py:254: RemovedInAirflow3Warning: Param `schedule_interval` is deprecated and will be removed in a future release. Please use `schedule` instead. 
  with DAG(
[2026-02-07T15:37:56.478+0000] {processor.py:840} INFO - DAG(s) 'ingestion_dag' retrieved from /opt/airflow/dags/ingestion_dag.py
[2026-02-07T15:37:56.494+0000] {logging_mixin.py:188} INFO - [2026-02-07T15:37:56.494+0000] {dag.py:3047} INFO - Sync 1 DAGs
[2026-02-07T15:37:56.509+0000] {logging_mixin.py:188} INFO - [2026-02-07T15:37:56.509+0000] {dag.py:3834} INFO - Setting next_dagrun for ingestion_dag to 2026-02-07 15:37:00+00:00, run_after=2026-02-07 15:38:00+00:00
[2026-02-07T15:37:56.519+0000] {processor.py:183} INFO - Processing /opt/airflow/dags/ingestion_dag.py took 1.554 seconds
[2026-02-07T15:38:26.892+0000] {processor.py:161} INFO - Started process (PID=1663) to work on /opt/airflow/dags/ingestion_dag.py
[2026-02-07T15:38:26.897+0000] {processor.py:830} INFO - Processing file /opt/airflow/dags/ingestion_dag.py for tasks to queue
[2026-02-07T15:38:26.898+0000] {logging_mixin.py:188} INFO - [2026-02-07T15:38:26.897+0000] {dagbag.py:540} INFO - Filling up the DagBag from /opt/airflow/dags/ingestion_dag.py
[2026-02-07T15:38:28.406+0000] {logging_mixin.py:188} INFO - [2026-02-07T15:38:28.406+0000] {warnings.py:109} WARNING - /opt/airflow/dags/ingestion_dag.py:257: RemovedInAirflow3Warning: Function `days_ago` is deprecated and will be removed in Airflow 3.0. You can achieve equivalent behavior with `pendulum.today('UTC').add(days=-N, ...)`
  start_date=days_ago(1),
[2026-02-07T15:38:28.406+0000] {logging_mixin.py:188} INFO - [2026-02-07T15:38:28.406+0000] {warnings.py:109} WARNING - /opt/airflow/dags/ingestion_dag.py:254: RemovedInAirflow3Warning: Param `schedule_interval` is deprecated and will be removed in a future release. Please use `schedule` instead. 
  with DAG(
[2026-02-07T15:38:28.410+0000] {processor.py:840} INFO - DAG(s) 'ingestion_dag' retrieved from /opt/airflow/dags/ingestion_dag.py
[2026-02-07T15:38:28.428+0000] {logging_mixin.py:188} INFO - [2026-02-07T15:38:28.428+0000] {dag.py:3047} INFO - Sync 1 DAGs
[2026-02-07T15:38:28.460+0000] {logging_mixin.py:188} INFO - [2026-02-07T15:38:28.460+0000] {dag.py:3834} INFO - Setting next_dagrun for ingestion_dag to 2026-02-07 15:38:00+00:00, run_after=2026-02-07 15:39:00+00:00
[2026-02-07T15:38:28.472+0000] {processor.py:183} INFO - Processing /opt/airflow/dags/ingestion_dag.py took 1.588 seconds
[2026-02-07T15:38:58.767+0000] {processor.py:161} INFO - Started process (PID=1681) to work on /opt/airflow/dags/ingestion_dag.py
[2026-02-07T15:38:58.770+0000] {processor.py:830} INFO - Processing file /opt/airflow/dags/ingestion_dag.py for tasks to queue
[2026-02-07T15:38:58.771+0000] {logging_mixin.py:188} INFO - [2026-02-07T15:38:58.771+0000] {dagbag.py:540} INFO - Filling up the DagBag from /opt/airflow/dags/ingestion_dag.py
[2026-02-07T15:39:00.429+0000] {logging_mixin.py:188} INFO - [2026-02-07T15:39:00.428+0000] {warnings.py:109} WARNING - /opt/airflow/dags/ingestion_dag.py:257: RemovedInAirflow3Warning: Function `days_ago` is deprecated and will be removed in Airflow 3.0. You can achieve equivalent behavior with `pendulum.today('UTC').add(days=-N, ...)`
  start_date=days_ago(1),
[2026-02-07T15:39:00.429+0000] {logging_mixin.py:188} INFO - [2026-02-07T15:39:00.429+0000] {warnings.py:109} WARNING - /opt/airflow/dags/ingestion_dag.py:254: RemovedInAirflow3Warning: Param `schedule_interval` is deprecated and will be removed in a future release. Please use `schedule` instead. 
  with DAG(
[2026-02-07T15:39:00.434+0000] {processor.py:840} INFO - DAG(s) 'ingestion_dag' retrieved from /opt/airflow/dags/ingestion_dag.py
[2026-02-07T15:39:00.458+0000] {logging_mixin.py:188} INFO - [2026-02-07T15:39:00.457+0000] {dag.py:3047} INFO - Sync 1 DAGs
[2026-02-07T15:39:00.474+0000] {logging_mixin.py:188} INFO - [2026-02-07T15:39:00.474+0000] {dag.py:3834} INFO - Setting next_dagrun for ingestion_dag to 2026-02-07 15:38:00+00:00, run_after=2026-02-07 15:39:00+00:00
[2026-02-07T15:39:00.493+0000] {processor.py:183} INFO - Processing /opt/airflow/dags/ingestion_dag.py took 1.741 seconds
[2026-02-07T15:39:31.182+0000] {processor.py:161} INFO - Started process (PID=1761) to work on /opt/airflow/dags/ingestion_dag.py
[2026-02-07T15:39:31.184+0000] {processor.py:830} INFO - Processing file /opt/airflow/dags/ingestion_dag.py for tasks to queue
[2026-02-07T15:39:31.186+0000] {logging_mixin.py:188} INFO - [2026-02-07T15:39:31.185+0000] {dagbag.py:540} INFO - Filling up the DagBag from /opt/airflow/dags/ingestion_dag.py
[2026-02-07T15:39:33.034+0000] {logging_mixin.py:188} INFO - [2026-02-07T15:39:33.034+0000] {warnings.py:109} WARNING - /opt/airflow/dags/ingestion_dag.py:257: RemovedInAirflow3Warning: Function `days_ago` is deprecated and will be removed in Airflow 3.0. You can achieve equivalent behavior with `pendulum.today('UTC').add(days=-N, ...)`
  start_date=days_ago(1),
[2026-02-07T15:39:33.034+0000] {logging_mixin.py:188} INFO - [2026-02-07T15:39:33.034+0000] {warnings.py:109} WARNING - /opt/airflow/dags/ingestion_dag.py:254: RemovedInAirflow3Warning: Param `schedule_interval` is deprecated and will be removed in a future release. Please use `schedule` instead. 
  with DAG(
[2026-02-07T15:39:33.040+0000] {processor.py:840} INFO - DAG(s) 'ingestion_dag' retrieved from /opt/airflow/dags/ingestion_dag.py
[2026-02-07T15:39:33.071+0000] {logging_mixin.py:188} INFO - [2026-02-07T15:39:33.071+0000] {dag.py:3047} INFO - Sync 1 DAGs
[2026-02-07T15:39:33.099+0000] {logging_mixin.py:188} INFO - [2026-02-07T15:39:33.098+0000] {dag.py:3834} INFO - Setting next_dagrun for ingestion_dag to 2026-02-07 15:39:00+00:00, run_after=2026-02-07 15:40:00+00:00
[2026-02-07T15:39:33.111+0000] {processor.py:183} INFO - Processing /opt/airflow/dags/ingestion_dag.py took 1.937 seconds
[2026-02-07T15:40:03.484+0000] {processor.py:161} INFO - Started process (PID=1793) to work on /opt/airflow/dags/ingestion_dag.py
[2026-02-07T15:40:03.485+0000] {processor.py:830} INFO - Processing file /opt/airflow/dags/ingestion_dag.py for tasks to queue
[2026-02-07T15:40:03.486+0000] {logging_mixin.py:188} INFO - [2026-02-07T15:40:03.486+0000] {dagbag.py:540} INFO - Filling up the DagBag from /opt/airflow/dags/ingestion_dag.py
[2026-02-07T15:40:04.892+0000] {logging_mixin.py:188} INFO - [2026-02-07T15:40:04.891+0000] {warnings.py:109} WARNING - /opt/airflow/dags/ingestion_dag.py:257: RemovedInAirflow3Warning: Function `days_ago` is deprecated and will be removed in Airflow 3.0. You can achieve equivalent behavior with `pendulum.today('UTC').add(days=-N, ...)`
  start_date=days_ago(1),
[2026-02-07T15:40:04.892+0000] {logging_mixin.py:188} INFO - [2026-02-07T15:40:04.892+0000] {warnings.py:109} WARNING - /opt/airflow/dags/ingestion_dag.py:254: RemovedInAirflow3Warning: Param `schedule_interval` is deprecated and will be removed in a future release. Please use `schedule` instead. 
  with DAG(
[2026-02-07T15:40:04.896+0000] {processor.py:840} INFO - DAG(s) 'ingestion_dag' retrieved from /opt/airflow/dags/ingestion_dag.py
[2026-02-07T15:40:04.915+0000] {logging_mixin.py:188} INFO - [2026-02-07T15:40:04.915+0000] {dag.py:3047} INFO - Sync 1 DAGs
[2026-02-07T15:40:04.938+0000] {logging_mixin.py:188} INFO - [2026-02-07T15:40:04.938+0000] {dag.py:3834} INFO - Setting next_dagrun for ingestion_dag to 2026-02-07 15:40:00+00:00, run_after=2026-02-07 15:41:00+00:00
[2026-02-07T15:40:04.950+0000] {processor.py:183} INFO - Processing /opt/airflow/dags/ingestion_dag.py took 1.471 seconds
[2026-02-07T15:40:35.494+0000] {processor.py:161} INFO - Started process (PID=1863) to work on /opt/airflow/dags/ingestion_dag.py
[2026-02-07T15:40:35.497+0000] {processor.py:830} INFO - Processing file /opt/airflow/dags/ingestion_dag.py for tasks to queue
[2026-02-07T15:40:35.499+0000] {logging_mixin.py:188} INFO - [2026-02-07T15:40:35.498+0000] {dagbag.py:540} INFO - Filling up the DagBag from /opt/airflow/dags/ingestion_dag.py
[2026-02-07T15:40:36.907+0000] {logging_mixin.py:188} INFO - [2026-02-07T15:40:36.906+0000] {warnings.py:109} WARNING - /opt/airflow/dags/ingestion_dag.py:257: RemovedInAirflow3Warning: Function `days_ago` is deprecated and will be removed in Airflow 3.0. You can achieve equivalent behavior with `pendulum.today('UTC').add(days=-N, ...)`
  start_date=days_ago(1),
[2026-02-07T15:40:36.907+0000] {logging_mixin.py:188} INFO - [2026-02-07T15:40:36.907+0000] {warnings.py:109} WARNING - /opt/airflow/dags/ingestion_dag.py:254: RemovedInAirflow3Warning: Param `schedule_interval` is deprecated and will be removed in a future release. Please use `schedule` instead. 
  with DAG(
[2026-02-07T15:40:36.911+0000] {processor.py:840} INFO - DAG(s) 'ingestion_dag' retrieved from /opt/airflow/dags/ingestion_dag.py
[2026-02-07T15:40:36.925+0000] {logging_mixin.py:188} INFO - [2026-02-07T15:40:36.925+0000] {dag.py:3047} INFO - Sync 1 DAGs
[2026-02-07T15:40:36.939+0000] {logging_mixin.py:188} INFO - [2026-02-07T15:40:36.939+0000] {dag.py:3834} INFO - Setting next_dagrun for ingestion_dag to 2026-02-07 15:40:00+00:00, run_after=2026-02-07 15:41:00+00:00
[2026-02-07T15:40:36.949+0000] {processor.py:183} INFO - Processing /opt/airflow/dags/ingestion_dag.py took 1.463 seconds
[2026-02-07T15:41:07.052+0000] {processor.py:161} INFO - Started process (PID=1915) to work on /opt/airflow/dags/ingestion_dag.py
[2026-02-07T15:41:07.053+0000] {processor.py:830} INFO - Processing file /opt/airflow/dags/ingestion_dag.py for tasks to queue
[2026-02-07T15:41:07.053+0000] {logging_mixin.py:188} INFO - [2026-02-07T15:41:07.053+0000] {dagbag.py:540} INFO - Filling up the DagBag from /opt/airflow/dags/ingestion_dag.py
[2026-02-07T15:41:08.648+0000] {logging_mixin.py:188} INFO - [2026-02-07T15:41:08.647+0000] {warnings.py:109} WARNING - /opt/airflow/dags/ingestion_dag.py:257: RemovedInAirflow3Warning: Function `days_ago` is deprecated and will be removed in Airflow 3.0. You can achieve equivalent behavior with `pendulum.today('UTC').add(days=-N, ...)`
  start_date=days_ago(1),
[2026-02-07T15:41:08.649+0000] {logging_mixin.py:188} INFO - [2026-02-07T15:41:08.649+0000] {warnings.py:109} WARNING - /opt/airflow/dags/ingestion_dag.py:254: RemovedInAirflow3Warning: Param `schedule_interval` is deprecated and will be removed in a future release. Please use `schedule` instead. 
  with DAG(
[2026-02-07T15:41:08.655+0000] {processor.py:840} INFO - DAG(s) 'ingestion_dag' retrieved from /opt/airflow/dags/ingestion_dag.py
[2026-02-07T15:41:08.692+0000] {logging_mixin.py:188} INFO - [2026-02-07T15:41:08.692+0000] {dag.py:3047} INFO - Sync 1 DAGs
[2026-02-07T15:41:08.716+0000] {logging_mixin.py:188} INFO - [2026-02-07T15:41:08.716+0000] {dag.py:3834} INFO - Setting next_dagrun for ingestion_dag to 2026-02-07 15:41:00+00:00, run_after=2026-02-07 15:42:00+00:00
[2026-02-07T15:41:08.744+0000] {processor.py:183} INFO - Processing /opt/airflow/dags/ingestion_dag.py took 1.697 seconds
[2026-02-07T15:41:39.314+0000] {processor.py:161} INFO - Started process (PID=1966) to work on /opt/airflow/dags/ingestion_dag.py
[2026-02-07T15:41:39.316+0000] {processor.py:830} INFO - Processing file /opt/airflow/dags/ingestion_dag.py for tasks to queue
[2026-02-07T15:41:39.317+0000] {logging_mixin.py:188} INFO - [2026-02-07T15:41:39.316+0000] {dagbag.py:540} INFO - Filling up the DagBag from /opt/airflow/dags/ingestion_dag.py
[2026-02-07T15:41:40.830+0000] {logging_mixin.py:188} INFO - [2026-02-07T15:41:40.829+0000] {warnings.py:109} WARNING - /opt/airflow/dags/ingestion_dag.py:257: RemovedInAirflow3Warning: Function `days_ago` is deprecated and will be removed in Airflow 3.0. You can achieve equivalent behavior with `pendulum.today('UTC').add(days=-N, ...)`
  start_date=days_ago(1),
[2026-02-07T15:41:40.830+0000] {logging_mixin.py:188} INFO - [2026-02-07T15:41:40.830+0000] {warnings.py:109} WARNING - /opt/airflow/dags/ingestion_dag.py:254: RemovedInAirflow3Warning: Param `schedule_interval` is deprecated and will be removed in a future release. Please use `schedule` instead. 
  with DAG(
[2026-02-07T15:41:40.834+0000] {processor.py:840} INFO - DAG(s) 'ingestion_dag' retrieved from /opt/airflow/dags/ingestion_dag.py
[2026-02-07T15:41:40.852+0000] {logging_mixin.py:188} INFO - [2026-02-07T15:41:40.851+0000] {dag.py:3047} INFO - Sync 1 DAGs
[2026-02-07T15:41:40.867+0000] {logging_mixin.py:188} INFO - [2026-02-07T15:41:40.867+0000] {dag.py:3834} INFO - Setting next_dagrun for ingestion_dag to 2026-02-07 15:41:00+00:00, run_after=2026-02-07 15:42:00+00:00
[2026-02-07T15:41:40.887+0000] {processor.py:183} INFO - Processing /opt/airflow/dags/ingestion_dag.py took 1.575 seconds
[2026-02-07T15:42:11.665+0000] {processor.py:161} INFO - Started process (PID=2050) to work on /opt/airflow/dags/ingestion_dag.py
[2026-02-07T15:42:11.668+0000] {processor.py:830} INFO - Processing file /opt/airflow/dags/ingestion_dag.py for tasks to queue
[2026-02-07T15:42:11.670+0000] {logging_mixin.py:188} INFO - [2026-02-07T15:42:11.669+0000] {dagbag.py:540} INFO - Filling up the DagBag from /opt/airflow/dags/ingestion_dag.py
[2026-02-07T15:42:13.166+0000] {logging_mixin.py:188} INFO - [2026-02-07T15:42:13.166+0000] {warnings.py:109} WARNING - /opt/airflow/dags/ingestion_dag.py:257: RemovedInAirflow3Warning: Function `days_ago` is deprecated and will be removed in Airflow 3.0. You can achieve equivalent behavior with `pendulum.today('UTC').add(days=-N, ...)`
  start_date=days_ago(1),
[2026-02-07T15:42:13.167+0000] {logging_mixin.py:188} INFO - [2026-02-07T15:42:13.167+0000] {warnings.py:109} WARNING - /opt/airflow/dags/ingestion_dag.py:254: RemovedInAirflow3Warning: Param `schedule_interval` is deprecated and will be removed in a future release. Please use `schedule` instead. 
  with DAG(
[2026-02-07T15:42:13.171+0000] {processor.py:840} INFO - DAG(s) 'ingestion_dag' retrieved from /opt/airflow/dags/ingestion_dag.py
[2026-02-07T15:42:13.191+0000] {logging_mixin.py:188} INFO - [2026-02-07T15:42:13.191+0000] {dag.py:3047} INFO - Sync 1 DAGs
[2026-02-07T15:42:13.216+0000] {logging_mixin.py:188} INFO - [2026-02-07T15:42:13.216+0000] {dag.py:3834} INFO - Setting next_dagrun for ingestion_dag to 2026-02-07 15:42:00+00:00, run_after=2026-02-07 15:43:00+00:00
[2026-02-07T15:42:13.231+0000] {processor.py:183} INFO - Processing /opt/airflow/dags/ingestion_dag.py took 1.576 seconds
[2026-02-07T15:42:43.373+0000] {processor.py:161} INFO - Started process (PID=2068) to work on /opt/airflow/dags/ingestion_dag.py
[2026-02-07T15:42:43.376+0000] {processor.py:830} INFO - Processing file /opt/airflow/dags/ingestion_dag.py for tasks to queue
[2026-02-07T15:42:43.378+0000] {logging_mixin.py:188} INFO - [2026-02-07T15:42:43.377+0000] {dagbag.py:540} INFO - Filling up the DagBag from /opt/airflow/dags/ingestion_dag.py
[2026-02-07T15:42:45.023+0000] {logging_mixin.py:188} INFO - [2026-02-07T15:42:45.022+0000] {warnings.py:109} WARNING - /opt/airflow/dags/ingestion_dag.py:257: RemovedInAirflow3Warning: Function `days_ago` is deprecated and will be removed in Airflow 3.0. You can achieve equivalent behavior with `pendulum.today('UTC').add(days=-N, ...)`
  start_date=days_ago(1),
[2026-02-07T15:42:45.023+0000] {logging_mixin.py:188} INFO - [2026-02-07T15:42:45.023+0000] {warnings.py:109} WARNING - /opt/airflow/dags/ingestion_dag.py:254: RemovedInAirflow3Warning: Param `schedule_interval` is deprecated and will be removed in a future release. Please use `schedule` instead. 
  with DAG(
[2026-02-07T15:42:45.027+0000] {processor.py:840} INFO - DAG(s) 'ingestion_dag' retrieved from /opt/airflow/dags/ingestion_dag.py
[2026-02-07T15:42:45.052+0000] {logging_mixin.py:188} INFO - [2026-02-07T15:42:45.052+0000] {dag.py:3047} INFO - Sync 1 DAGs
[2026-02-07T15:42:45.070+0000] {logging_mixin.py:188} INFO - [2026-02-07T15:42:45.070+0000] {dag.py:3834} INFO - Setting next_dagrun for ingestion_dag to 2026-02-07 15:42:00+00:00, run_after=2026-02-07 15:43:00+00:00
[2026-02-07T15:42:45.080+0000] {processor.py:183} INFO - Processing /opt/airflow/dags/ingestion_dag.py took 1.720 seconds
[2026-02-07T15:43:15.525+0000] {processor.py:161} INFO - Started process (PID=2148) to work on /opt/airflow/dags/ingestion_dag.py
[2026-02-07T15:43:15.527+0000] {processor.py:830} INFO - Processing file /opt/airflow/dags/ingestion_dag.py for tasks to queue
[2026-02-07T15:43:15.528+0000] {logging_mixin.py:188} INFO - [2026-02-07T15:43:15.527+0000] {dagbag.py:540} INFO - Filling up the DagBag from /opt/airflow/dags/ingestion_dag.py
[2026-02-07T15:43:17.394+0000] {logging_mixin.py:188} INFO - [2026-02-07T15:43:17.393+0000] {warnings.py:109} WARNING - /opt/airflow/dags/ingestion_dag.py:257: RemovedInAirflow3Warning: Function `days_ago` is deprecated and will be removed in Airflow 3.0. You can achieve equivalent behavior with `pendulum.today('UTC').add(days=-N, ...)`
  start_date=days_ago(1),
[2026-02-07T15:43:17.394+0000] {logging_mixin.py:188} INFO - [2026-02-07T15:43:17.394+0000] {warnings.py:109} WARNING - /opt/airflow/dags/ingestion_dag.py:254: RemovedInAirflow3Warning: Param `schedule_interval` is deprecated and will be removed in a future release. Please use `schedule` instead. 
  with DAG(
[2026-02-07T15:43:17.414+0000] {processor.py:840} INFO - DAG(s) 'ingestion_dag' retrieved from /opt/airflow/dags/ingestion_dag.py
[2026-02-07T15:43:17.464+0000] {logging_mixin.py:188} INFO - [2026-02-07T15:43:17.464+0000] {dag.py:3047} INFO - Sync 1 DAGs
[2026-02-07T15:43:17.499+0000] {logging_mixin.py:188} INFO - [2026-02-07T15:43:17.499+0000] {dag.py:3834} INFO - Setting next_dagrun for ingestion_dag to 2026-02-07 15:43:00+00:00, run_after=2026-02-07 15:44:00+00:00
[2026-02-07T15:43:17.525+0000] {processor.py:183} INFO - Processing /opt/airflow/dags/ingestion_dag.py took 2.010 seconds
[2026-02-07T15:43:48.048+0000] {processor.py:161} INFO - Started process (PID=2166) to work on /opt/airflow/dags/ingestion_dag.py
[2026-02-07T15:43:48.051+0000] {processor.py:830} INFO - Processing file /opt/airflow/dags/ingestion_dag.py for tasks to queue
[2026-02-07T15:43:48.052+0000] {logging_mixin.py:188} INFO - [2026-02-07T15:43:48.052+0000] {dagbag.py:540} INFO - Filling up the DagBag from /opt/airflow/dags/ingestion_dag.py
[2026-02-07T15:43:49.687+0000] {logging_mixin.py:188} INFO - [2026-02-07T15:43:49.687+0000] {warnings.py:109} WARNING - /opt/airflow/dags/ingestion_dag.py:257: RemovedInAirflow3Warning: Function `days_ago` is deprecated and will be removed in Airflow 3.0. You can achieve equivalent behavior with `pendulum.today('UTC').add(days=-N, ...)`
  start_date=days_ago(1),
[2026-02-07T15:43:49.687+0000] {logging_mixin.py:188} INFO - [2026-02-07T15:43:49.687+0000] {warnings.py:109} WARNING - /opt/airflow/dags/ingestion_dag.py:254: RemovedInAirflow3Warning: Param `schedule_interval` is deprecated and will be removed in a future release. Please use `schedule` instead. 
  with DAG(
[2026-02-07T15:43:49.691+0000] {processor.py:840} INFO - DAG(s) 'ingestion_dag' retrieved from /opt/airflow/dags/ingestion_dag.py
[2026-02-07T15:43:49.719+0000] {logging_mixin.py:188} INFO - [2026-02-07T15:43:49.719+0000] {dag.py:3047} INFO - Sync 1 DAGs
[2026-02-07T15:43:49.736+0000] {logging_mixin.py:188} INFO - [2026-02-07T15:43:49.735+0000] {dag.py:3834} INFO - Setting next_dagrun for ingestion_dag to 2026-02-07 15:43:00+00:00, run_after=2026-02-07 15:44:00+00:00
[2026-02-07T15:43:49.746+0000] {processor.py:183} INFO - Processing /opt/airflow/dags/ingestion_dag.py took 1.708 seconds
[2026-02-07T15:44:20.609+0000] {processor.py:161} INFO - Started process (PID=2250) to work on /opt/airflow/dags/ingestion_dag.py
[2026-02-07T15:44:20.612+0000] {processor.py:830} INFO - Processing file /opt/airflow/dags/ingestion_dag.py for tasks to queue
[2026-02-07T15:44:20.613+0000] {logging_mixin.py:188} INFO - [2026-02-07T15:44:20.613+0000] {dagbag.py:540} INFO - Filling up the DagBag from /opt/airflow/dags/ingestion_dag.py
[2026-02-07T15:44:22.541+0000] {logging_mixin.py:188} INFO - [2026-02-07T15:44:22.541+0000] {warnings.py:109} WARNING - /opt/airflow/dags/ingestion_dag.py:257: RemovedInAirflow3Warning: Function `days_ago` is deprecated and will be removed in Airflow 3.0. You can achieve equivalent behavior with `pendulum.today('UTC').add(days=-N, ...)`
  start_date=days_ago(1),
[2026-02-07T15:44:22.542+0000] {logging_mixin.py:188} INFO - [2026-02-07T15:44:22.542+0000] {warnings.py:109} WARNING - /opt/airflow/dags/ingestion_dag.py:254: RemovedInAirflow3Warning: Param `schedule_interval` is deprecated and will be removed in a future release. Please use `schedule` instead. 
  with DAG(
[2026-02-07T15:44:22.552+0000] {processor.py:840} INFO - DAG(s) 'ingestion_dag' retrieved from /opt/airflow/dags/ingestion_dag.py
[2026-02-07T15:44:22.586+0000] {logging_mixin.py:188} INFO - [2026-02-07T15:44:22.586+0000] {dag.py:3047} INFO - Sync 1 DAGs
[2026-02-07T15:44:22.621+0000] {logging_mixin.py:188} INFO - [2026-02-07T15:44:22.621+0000] {dag.py:3834} INFO - Setting next_dagrun for ingestion_dag to 2026-02-07 15:44:00+00:00, run_after=2026-02-07 15:45:00+00:00
[2026-02-07T15:44:22.633+0000] {processor.py:183} INFO - Processing /opt/airflow/dags/ingestion_dag.py took 2.037 seconds
[2026-02-07T15:44:53.175+0000] {processor.py:161} INFO - Started process (PID=2268) to work on /opt/airflow/dags/ingestion_dag.py
[2026-02-07T15:44:53.178+0000] {processor.py:830} INFO - Processing file /opt/airflow/dags/ingestion_dag.py for tasks to queue
[2026-02-07T15:44:53.180+0000] {logging_mixin.py:188} INFO - [2026-02-07T15:44:53.179+0000] {dagbag.py:540} INFO - Filling up the DagBag from /opt/airflow/dags/ingestion_dag.py
[2026-02-07T15:44:54.625+0000] {logging_mixin.py:188} INFO - [2026-02-07T15:44:54.625+0000] {warnings.py:109} WARNING - /opt/airflow/dags/ingestion_dag.py:257: RemovedInAirflow3Warning: Function `days_ago` is deprecated and will be removed in Airflow 3.0. You can achieve equivalent behavior with `pendulum.today('UTC').add(days=-N, ...)`
  start_date=days_ago(1),
[2026-02-07T15:44:54.625+0000] {logging_mixin.py:188} INFO - [2026-02-07T15:44:54.625+0000] {warnings.py:109} WARNING - /opt/airflow/dags/ingestion_dag.py:254: RemovedInAirflow3Warning: Param `schedule_interval` is deprecated and will be removed in a future release. Please use `schedule` instead. 
  with DAG(
[2026-02-07T15:44:54.629+0000] {processor.py:840} INFO - DAG(s) 'ingestion_dag' retrieved from /opt/airflow/dags/ingestion_dag.py
[2026-02-07T15:44:54.653+0000] {logging_mixin.py:188} INFO - [2026-02-07T15:44:54.653+0000] {dag.py:3047} INFO - Sync 1 DAGs
[2026-02-07T15:44:54.670+0000] {logging_mixin.py:188} INFO - [2026-02-07T15:44:54.670+0000] {dag.py:3834} INFO - Setting next_dagrun for ingestion_dag to 2026-02-07 15:44:00+00:00, run_after=2026-02-07 15:45:00+00:00
[2026-02-07T15:44:54.688+0000] {processor.py:183} INFO - Processing /opt/airflow/dags/ingestion_dag.py took 1.522 seconds
[2026-02-07T15:45:25.115+0000] {processor.py:161} INFO - Started process (PID=2348) to work on /opt/airflow/dags/ingestion_dag.py
[2026-02-07T15:45:25.119+0000] {processor.py:830} INFO - Processing file /opt/airflow/dags/ingestion_dag.py for tasks to queue
[2026-02-07T15:45:25.120+0000] {logging_mixin.py:188} INFO - [2026-02-07T15:45:25.120+0000] {dagbag.py:540} INFO - Filling up the DagBag from /opt/airflow/dags/ingestion_dag.py
[2026-02-07T15:45:26.601+0000] {logging_mixin.py:188} INFO - [2026-02-07T15:45:26.601+0000] {warnings.py:109} WARNING - /opt/airflow/dags/ingestion_dag.py:257: RemovedInAirflow3Warning: Function `days_ago` is deprecated and will be removed in Airflow 3.0. You can achieve equivalent behavior with `pendulum.today('UTC').add(days=-N, ...)`
  start_date=days_ago(1),
[2026-02-07T15:45:26.601+0000] {logging_mixin.py:188} INFO - [2026-02-07T15:45:26.601+0000] {warnings.py:109} WARNING - /opt/airflow/dags/ingestion_dag.py:254: RemovedInAirflow3Warning: Param `schedule_interval` is deprecated and will be removed in a future release. Please use `schedule` instead. 
  with DAG(
[2026-02-07T15:45:26.606+0000] {processor.py:840} INFO - DAG(s) 'ingestion_dag' retrieved from /opt/airflow/dags/ingestion_dag.py
[2026-02-07T15:45:26.625+0000] {logging_mixin.py:188} INFO - [2026-02-07T15:45:26.625+0000] {dag.py:3047} INFO - Sync 1 DAGs
[2026-02-07T15:45:26.642+0000] {logging_mixin.py:188} INFO - [2026-02-07T15:45:26.642+0000] {dag.py:3834} INFO - Setting next_dagrun for ingestion_dag to 2026-02-07 15:45:00+00:00, run_after=2026-02-07 15:46:00+00:00
[2026-02-07T15:45:26.651+0000] {processor.py:183} INFO - Processing /opt/airflow/dags/ingestion_dag.py took 1.544 seconds
[2026-02-07T15:45:56.864+0000] {processor.py:161} INFO - Started process (PID=2366) to work on /opt/airflow/dags/ingestion_dag.py
[2026-02-07T15:45:56.869+0000] {processor.py:830} INFO - Processing file /opt/airflow/dags/ingestion_dag.py for tasks to queue
[2026-02-07T15:45:56.871+0000] {logging_mixin.py:188} INFO - [2026-02-07T15:45:56.870+0000] {dagbag.py:540} INFO - Filling up the DagBag from /opt/airflow/dags/ingestion_dag.py
[2026-02-07T15:45:59.653+0000] {logging_mixin.py:188} INFO - [2026-02-07T15:45:59.652+0000] {warnings.py:109} WARNING - /opt/airflow/dags/ingestion_dag.py:257: RemovedInAirflow3Warning: Function `days_ago` is deprecated and will be removed in Airflow 3.0. You can achieve equivalent behavior with `pendulum.today('UTC').add(days=-N, ...)`
  start_date=days_ago(1),
[2026-02-07T15:45:59.653+0000] {logging_mixin.py:188} INFO - [2026-02-07T15:45:59.653+0000] {warnings.py:109} WARNING - /opt/airflow/dags/ingestion_dag.py:254: RemovedInAirflow3Warning: Param `schedule_interval` is deprecated and will be removed in a future release. Please use `schedule` instead. 
  with DAG(
[2026-02-07T15:45:59.665+0000] {processor.py:840} INFO - DAG(s) 'ingestion_dag' retrieved from /opt/airflow/dags/ingestion_dag.py
[2026-02-07T15:45:59.697+0000] {logging_mixin.py:188} INFO - [2026-02-07T15:45:59.697+0000] {dag.py:3047} INFO - Sync 1 DAGs
[2026-02-07T15:45:59.720+0000] {logging_mixin.py:188} INFO - [2026-02-07T15:45:59.720+0000] {dag.py:3834} INFO - Setting next_dagrun for ingestion_dag to 2026-02-07 15:45:00+00:00, run_after=2026-02-07 15:46:00+00:00
[2026-02-07T15:45:59.734+0000] {processor.py:183} INFO - Processing /opt/airflow/dags/ingestion_dag.py took 2.882 seconds
[2026-02-07T15:46:30.408+0000] {processor.py:161} INFO - Started process (PID=2450) to work on /opt/airflow/dags/ingestion_dag.py
[2026-02-07T15:46:30.411+0000] {processor.py:830} INFO - Processing file /opt/airflow/dags/ingestion_dag.py for tasks to queue
[2026-02-07T15:46:30.413+0000] {logging_mixin.py:188} INFO - [2026-02-07T15:46:30.412+0000] {dagbag.py:540} INFO - Filling up the DagBag from /opt/airflow/dags/ingestion_dag.py
[2026-02-07T15:46:32.173+0000] {logging_mixin.py:188} INFO - [2026-02-07T15:46:32.172+0000] {warnings.py:109} WARNING - /opt/airflow/dags/ingestion_dag.py:257: RemovedInAirflow3Warning: Function `days_ago` is deprecated and will be removed in Airflow 3.0. You can achieve equivalent behavior with `pendulum.today('UTC').add(days=-N, ...)`
  start_date=days_ago(1),
[2026-02-07T15:46:32.173+0000] {logging_mixin.py:188} INFO - [2026-02-07T15:46:32.173+0000] {warnings.py:109} WARNING - /opt/airflow/dags/ingestion_dag.py:254: RemovedInAirflow3Warning: Param `schedule_interval` is deprecated and will be removed in a future release. Please use `schedule` instead. 
  with DAG(
[2026-02-07T15:46:32.179+0000] {processor.py:840} INFO - DAG(s) 'ingestion_dag' retrieved from /opt/airflow/dags/ingestion_dag.py
[2026-02-07T15:46:32.214+0000] {logging_mixin.py:188} INFO - [2026-02-07T15:46:32.214+0000] {dag.py:3047} INFO - Sync 1 DAGs
[2026-02-07T15:46:32.235+0000] {logging_mixin.py:188} INFO - [2026-02-07T15:46:32.234+0000] {dag.py:3834} INFO - Setting next_dagrun for ingestion_dag to 2026-02-07 15:46:00+00:00, run_after=2026-02-07 15:47:00+00:00
[2026-02-07T15:46:32.249+0000] {processor.py:183} INFO - Processing /opt/airflow/dags/ingestion_dag.py took 1.851 seconds
[2026-02-07T15:47:03.024+0000] {processor.py:161} INFO - Started process (PID=2479) to work on /opt/airflow/dags/ingestion_dag.py
[2026-02-07T15:47:03.025+0000] {processor.py:830} INFO - Processing file /opt/airflow/dags/ingestion_dag.py for tasks to queue
[2026-02-07T15:47:03.026+0000] {logging_mixin.py:188} INFO - [2026-02-07T15:47:03.026+0000] {dagbag.py:540} INFO - Filling up the DagBag from /opt/airflow/dags/ingestion_dag.py
[2026-02-07T15:47:04.369+0000] {logging_mixin.py:188} INFO - [2026-02-07T15:47:04.369+0000] {warnings.py:109} WARNING - /opt/airflow/dags/ingestion_dag.py:257: RemovedInAirflow3Warning: Function `days_ago` is deprecated and will be removed in Airflow 3.0. You can achieve equivalent behavior with `pendulum.today('UTC').add(days=-N, ...)`
  start_date=days_ago(1),
[2026-02-07T15:47:04.370+0000] {logging_mixin.py:188} INFO - [2026-02-07T15:47:04.370+0000] {warnings.py:109} WARNING - /opt/airflow/dags/ingestion_dag.py:254: RemovedInAirflow3Warning: Param `schedule_interval` is deprecated and will be removed in a future release. Please use `schedule` instead. 
  with DAG(
[2026-02-07T15:47:04.375+0000] {processor.py:840} INFO - DAG(s) 'ingestion_dag' retrieved from /opt/airflow/dags/ingestion_dag.py
[2026-02-07T15:47:04.431+0000] {logging_mixin.py:188} INFO - [2026-02-07T15:47:04.431+0000] {dag.py:3047} INFO - Sync 1 DAGs
[2026-02-07T15:47:04.459+0000] {logging_mixin.py:188} INFO - [2026-02-07T15:47:04.458+0000] {dag.py:3834} INFO - Setting next_dagrun for ingestion_dag to 2026-02-07 15:47:00+00:00, run_after=2026-02-07 15:48:00+00:00
[2026-02-07T15:47:04.478+0000] {processor.py:183} INFO - Processing /opt/airflow/dags/ingestion_dag.py took 1.457 seconds
[2026-02-07T15:47:34.659+0000] {processor.py:161} INFO - Started process (PID=2548) to work on /opt/airflow/dags/ingestion_dag.py
[2026-02-07T15:47:34.661+0000] {processor.py:830} INFO - Processing file /opt/airflow/dags/ingestion_dag.py for tasks to queue
[2026-02-07T15:47:34.664+0000] {logging_mixin.py:188} INFO - [2026-02-07T15:47:34.663+0000] {dagbag.py:540} INFO - Filling up the DagBag from /opt/airflow/dags/ingestion_dag.py
[2026-02-07T15:47:37.158+0000] {logging_mixin.py:188} INFO - [2026-02-07T15:47:37.158+0000] {warnings.py:109} WARNING - /opt/airflow/dags/ingestion_dag.py:257: RemovedInAirflow3Warning: Function `days_ago` is deprecated and will be removed in Airflow 3.0. You can achieve equivalent behavior with `pendulum.today('UTC').add(days=-N, ...)`
  start_date=days_ago(1),
[2026-02-07T15:47:37.159+0000] {logging_mixin.py:188} INFO - [2026-02-07T15:47:37.159+0000] {warnings.py:109} WARNING - /opt/airflow/dags/ingestion_dag.py:254: RemovedInAirflow3Warning: Param `schedule_interval` is deprecated and will be removed in a future release. Please use `schedule` instead. 
  with DAG(
[2026-02-07T15:47:37.164+0000] {processor.py:840} INFO - DAG(s) 'ingestion_dag' retrieved from /opt/airflow/dags/ingestion_dag.py
[2026-02-07T15:47:37.192+0000] {logging_mixin.py:188} INFO - [2026-02-07T15:47:37.192+0000] {dag.py:3047} INFO - Sync 1 DAGs
[2026-02-07T15:47:37.212+0000] {logging_mixin.py:188} INFO - [2026-02-07T15:47:37.212+0000] {dag.py:3834} INFO - Setting next_dagrun for ingestion_dag to 2026-02-07 15:47:00+00:00, run_after=2026-02-07 15:48:00+00:00
[2026-02-07T15:47:37.231+0000] {processor.py:183} INFO - Processing /opt/airflow/dags/ingestion_dag.py took 2.584 seconds
[2026-02-07T15:48:08.190+0000] {processor.py:161} INFO - Started process (PID=2599) to work on /opt/airflow/dags/ingestion_dag.py
[2026-02-07T15:48:08.192+0000] {processor.py:830} INFO - Processing file /opt/airflow/dags/ingestion_dag.py for tasks to queue
[2026-02-07T15:48:08.199+0000] {logging_mixin.py:188} INFO - [2026-02-07T15:48:08.198+0000] {dagbag.py:540} INFO - Filling up the DagBag from /opt/airflow/dags/ingestion_dag.py
[2026-02-07T15:48:11.471+0000] {logging_mixin.py:188} INFO - [2026-02-07T15:48:11.468+0000] {warnings.py:109} WARNING - /opt/airflow/dags/ingestion_dag.py:257: RemovedInAirflow3Warning: Function `days_ago` is deprecated and will be removed in Airflow 3.0. You can achieve equivalent behavior with `pendulum.today('UTC').add(days=-N, ...)`
  start_date=days_ago(1),
[2026-02-07T15:48:11.475+0000] {logging_mixin.py:188} INFO - [2026-02-07T15:48:11.474+0000] {warnings.py:109} WARNING - /opt/airflow/dags/ingestion_dag.py:254: RemovedInAirflow3Warning: Param `schedule_interval` is deprecated and will be removed in a future release. Please use `schedule` instead. 
  with DAG(
[2026-02-07T15:48:11.489+0000] {processor.py:840} INFO - DAG(s) 'ingestion_dag' retrieved from /opt/airflow/dags/ingestion_dag.py
[2026-02-07T15:48:11.574+0000] {logging_mixin.py:188} INFO - [2026-02-07T15:48:11.573+0000] {dag.py:3047} INFO - Sync 1 DAGs
[2026-02-07T15:48:11.664+0000] {logging_mixin.py:188} INFO - [2026-02-07T15:48:11.664+0000] {dag.py:3834} INFO - Setting next_dagrun for ingestion_dag to 2026-02-07 15:48:00+00:00, run_after=2026-02-07 15:49:00+00:00
[2026-02-07T15:48:11.719+0000] {processor.py:183} INFO - Processing /opt/airflow/dags/ingestion_dag.py took 3.542 seconds
[2026-02-07T15:48:42.369+0000] {processor.py:161} INFO - Started process (PID=2650) to work on /opt/airflow/dags/ingestion_dag.py
[2026-02-07T15:48:42.372+0000] {processor.py:830} INFO - Processing file /opt/airflow/dags/ingestion_dag.py for tasks to queue
[2026-02-07T15:48:42.374+0000] {logging_mixin.py:188} INFO - [2026-02-07T15:48:42.373+0000] {dagbag.py:540} INFO - Filling up the DagBag from /opt/airflow/dags/ingestion_dag.py
[2026-02-07T15:48:43.878+0000] {logging_mixin.py:188} INFO - [2026-02-07T15:48:43.877+0000] {warnings.py:109} WARNING - /opt/airflow/dags/ingestion_dag.py:257: RemovedInAirflow3Warning: Function `days_ago` is deprecated and will be removed in Airflow 3.0. You can achieve equivalent behavior with `pendulum.today('UTC').add(days=-N, ...)`
  start_date=days_ago(1),
[2026-02-07T15:48:43.878+0000] {logging_mixin.py:188} INFO - [2026-02-07T15:48:43.878+0000] {warnings.py:109} WARNING - /opt/airflow/dags/ingestion_dag.py:254: RemovedInAirflow3Warning: Param `schedule_interval` is deprecated and will be removed in a future release. Please use `schedule` instead. 
  with DAG(
[2026-02-07T15:48:43.882+0000] {processor.py:840} INFO - DAG(s) 'ingestion_dag' retrieved from /opt/airflow/dags/ingestion_dag.py
[2026-02-07T15:48:43.904+0000] {logging_mixin.py:188} INFO - [2026-02-07T15:48:43.903+0000] {dag.py:3047} INFO - Sync 1 DAGs
[2026-02-07T15:48:43.922+0000] {logging_mixin.py:188} INFO - [2026-02-07T15:48:43.922+0000] {dag.py:3834} INFO - Setting next_dagrun for ingestion_dag to 2026-02-07 15:48:00+00:00, run_after=2026-02-07 15:49:00+00:00
[2026-02-07T15:48:43.933+0000] {processor.py:183} INFO - Processing /opt/airflow/dags/ingestion_dag.py took 1.575 seconds
[2026-02-07T15:49:14.447+0000] {processor.py:161} INFO - Started process (PID=2730) to work on /opt/airflow/dags/ingestion_dag.py
[2026-02-07T15:49:14.449+0000] {processor.py:830} INFO - Processing file /opt/airflow/dags/ingestion_dag.py for tasks to queue
[2026-02-07T15:49:14.450+0000] {logging_mixin.py:188} INFO - [2026-02-07T15:49:14.450+0000] {dagbag.py:540} INFO - Filling up the DagBag from /opt/airflow/dags/ingestion_dag.py
[2026-02-07T15:49:16.004+0000] {logging_mixin.py:188} INFO - [2026-02-07T15:49:16.003+0000] {warnings.py:109} WARNING - /opt/airflow/dags/ingestion_dag.py:257: RemovedInAirflow3Warning: Function `days_ago` is deprecated and will be removed in Airflow 3.0. You can achieve equivalent behavior with `pendulum.today('UTC').add(days=-N, ...)`
  start_date=days_ago(1),
[2026-02-07T15:49:16.004+0000] {logging_mixin.py:188} INFO - [2026-02-07T15:49:16.004+0000] {warnings.py:109} WARNING - /opt/airflow/dags/ingestion_dag.py:254: RemovedInAirflow3Warning: Param `schedule_interval` is deprecated and will be removed in a future release. Please use `schedule` instead. 
  with DAG(
[2026-02-07T15:49:16.009+0000] {processor.py:840} INFO - DAG(s) 'ingestion_dag' retrieved from /opt/airflow/dags/ingestion_dag.py
[2026-02-07T15:49:16.026+0000] {logging_mixin.py:188} INFO - [2026-02-07T15:49:16.026+0000] {dag.py:3047} INFO - Sync 1 DAGs
[2026-02-07T15:49:16.046+0000] {logging_mixin.py:188} INFO - [2026-02-07T15:49:16.046+0000] {dag.py:3834} INFO - Setting next_dagrun for ingestion_dag to 2026-02-07 15:49:00+00:00, run_after=2026-02-07 15:50:00+00:00
[2026-02-07T15:49:16.057+0000] {processor.py:183} INFO - Processing /opt/airflow/dags/ingestion_dag.py took 1.620 seconds
[2026-02-07T15:49:46.898+0000] {processor.py:161} INFO - Started process (PID=2753) to work on /opt/airflow/dags/ingestion_dag.py
[2026-02-07T15:49:46.900+0000] {processor.py:830} INFO - Processing file /opt/airflow/dags/ingestion_dag.py for tasks to queue
[2026-02-07T15:49:46.900+0000] {logging_mixin.py:188} INFO - [2026-02-07T15:49:46.900+0000] {dagbag.py:540} INFO - Filling up the DagBag from /opt/airflow/dags/ingestion_dag.py
[2026-02-07T15:49:48.518+0000] {logging_mixin.py:188} INFO - [2026-02-07T15:49:48.518+0000] {warnings.py:109} WARNING - /opt/airflow/dags/ingestion_dag.py:257: RemovedInAirflow3Warning: Function `days_ago` is deprecated and will be removed in Airflow 3.0. You can achieve equivalent behavior with `pendulum.today('UTC').add(days=-N, ...)`
  start_date=days_ago(1),
[2026-02-07T15:49:48.519+0000] {logging_mixin.py:188} INFO - [2026-02-07T15:49:48.519+0000] {warnings.py:109} WARNING - /opt/airflow/dags/ingestion_dag.py:254: RemovedInAirflow3Warning: Param `schedule_interval` is deprecated and will be removed in a future release. Please use `schedule` instead. 
  with DAG(
[2026-02-07T15:49:48.523+0000] {processor.py:840} INFO - DAG(s) 'ingestion_dag' retrieved from /opt/airflow/dags/ingestion_dag.py
[2026-02-07T15:49:48.541+0000] {logging_mixin.py:188} INFO - [2026-02-07T15:49:48.541+0000] {dag.py:3047} INFO - Sync 1 DAGs
[2026-02-07T15:49:48.559+0000] {logging_mixin.py:188} INFO - [2026-02-07T15:49:48.559+0000] {dag.py:3834} INFO - Setting next_dagrun for ingestion_dag to 2026-02-07 15:49:00+00:00, run_after=2026-02-07 15:50:00+00:00
[2026-02-07T15:49:48.570+0000] {processor.py:183} INFO - Processing /opt/airflow/dags/ingestion_dag.py took 1.674 seconds
[2026-02-07T15:50:19.370+0000] {processor.py:161} INFO - Started process (PID=2837) to work on /opt/airflow/dags/ingestion_dag.py
[2026-02-07T15:50:19.371+0000] {processor.py:830} INFO - Processing file /opt/airflow/dags/ingestion_dag.py for tasks to queue
[2026-02-07T15:50:19.372+0000] {logging_mixin.py:188} INFO - [2026-02-07T15:50:19.372+0000] {dagbag.py:540} INFO - Filling up the DagBag from /opt/airflow/dags/ingestion_dag.py
[2026-02-07T15:50:21.009+0000] {logging_mixin.py:188} INFO - [2026-02-07T15:50:21.009+0000] {warnings.py:109} WARNING - /opt/airflow/dags/ingestion_dag.py:257: RemovedInAirflow3Warning: Function `days_ago` is deprecated and will be removed in Airflow 3.0. You can achieve equivalent behavior with `pendulum.today('UTC').add(days=-N, ...)`
  start_date=days_ago(1),
[2026-02-07T15:50:21.010+0000] {logging_mixin.py:188} INFO - [2026-02-07T15:50:21.010+0000] {warnings.py:109} WARNING - /opt/airflow/dags/ingestion_dag.py:254: RemovedInAirflow3Warning: Param `schedule_interval` is deprecated and will be removed in a future release. Please use `schedule` instead. 
  with DAG(
[2026-02-07T15:50:21.015+0000] {processor.py:840} INFO - DAG(s) 'ingestion_dag' retrieved from /opt/airflow/dags/ingestion_dag.py
[2026-02-07T15:50:21.038+0000] {logging_mixin.py:188} INFO - [2026-02-07T15:50:21.038+0000] {dag.py:3047} INFO - Sync 1 DAGs
[2026-02-07T15:50:21.058+0000] {logging_mixin.py:188} INFO - [2026-02-07T15:50:21.058+0000] {dag.py:3834} INFO - Setting next_dagrun for ingestion_dag to 2026-02-07 15:50:00+00:00, run_after=2026-02-07 15:51:00+00:00
[2026-02-07T15:50:21.069+0000] {processor.py:183} INFO - Processing /opt/airflow/dags/ingestion_dag.py took 1.704 seconds
[2026-02-07T15:50:51.925+0000] {processor.py:161} INFO - Started process (PID=2855) to work on /opt/airflow/dags/ingestion_dag.py
[2026-02-07T15:50:51.928+0000] {processor.py:830} INFO - Processing file /opt/airflow/dags/ingestion_dag.py for tasks to queue
[2026-02-07T15:50:51.930+0000] {logging_mixin.py:188} INFO - [2026-02-07T15:50:51.929+0000] {dagbag.py:540} INFO - Filling up the DagBag from /opt/airflow/dags/ingestion_dag.py
[2026-02-07T15:50:53.503+0000] {logging_mixin.py:188} INFO - [2026-02-07T15:50:53.502+0000] {warnings.py:109} WARNING - /opt/airflow/dags/ingestion_dag.py:257: RemovedInAirflow3Warning: Function `days_ago` is deprecated and will be removed in Airflow 3.0. You can achieve equivalent behavior with `pendulum.today('UTC').add(days=-N, ...)`
  start_date=days_ago(1),
[2026-02-07T15:50:53.503+0000] {logging_mixin.py:188} INFO - [2026-02-07T15:50:53.503+0000] {warnings.py:109} WARNING - /opt/airflow/dags/ingestion_dag.py:254: RemovedInAirflow3Warning: Param `schedule_interval` is deprecated and will be removed in a future release. Please use `schedule` instead. 
  with DAG(
[2026-02-07T15:50:53.507+0000] {processor.py:840} INFO - DAG(s) 'ingestion_dag' retrieved from /opt/airflow/dags/ingestion_dag.py
[2026-02-07T15:50:53.532+0000] {logging_mixin.py:188} INFO - [2026-02-07T15:50:53.532+0000] {dag.py:3047} INFO - Sync 1 DAGs
[2026-02-07T15:50:53.549+0000] {logging_mixin.py:188} INFO - [2026-02-07T15:50:53.549+0000] {dag.py:3834} INFO - Setting next_dagrun for ingestion_dag to 2026-02-07 15:50:00+00:00, run_after=2026-02-07 15:51:00+00:00
[2026-02-07T15:50:53.558+0000] {processor.py:183} INFO - Processing /opt/airflow/dags/ingestion_dag.py took 1.641 seconds
[2026-02-07T15:51:24.431+0000] {processor.py:161} INFO - Started process (PID=2935) to work on /opt/airflow/dags/ingestion_dag.py
[2026-02-07T15:51:24.434+0000] {processor.py:830} INFO - Processing file /opt/airflow/dags/ingestion_dag.py for tasks to queue
[2026-02-07T15:51:24.436+0000] {logging_mixin.py:188} INFO - [2026-02-07T15:51:24.435+0000] {dagbag.py:540} INFO - Filling up the DagBag from /opt/airflow/dags/ingestion_dag.py
[2026-02-07T15:51:26.074+0000] {logging_mixin.py:188} INFO - [2026-02-07T15:51:26.074+0000] {warnings.py:109} WARNING - /opt/airflow/dags/ingestion_dag.py:257: RemovedInAirflow3Warning: Function `days_ago` is deprecated and will be removed in Airflow 3.0. You can achieve equivalent behavior with `pendulum.today('UTC').add(days=-N, ...)`
  start_date=days_ago(1),
[2026-02-07T15:51:26.075+0000] {logging_mixin.py:188} INFO - [2026-02-07T15:51:26.075+0000] {warnings.py:109} WARNING - /opt/airflow/dags/ingestion_dag.py:254: RemovedInAirflow3Warning: Param `schedule_interval` is deprecated and will be removed in a future release. Please use `schedule` instead. 
  with DAG(
[2026-02-07T15:51:26.079+0000] {processor.py:840} INFO - DAG(s) 'ingestion_dag' retrieved from /opt/airflow/dags/ingestion_dag.py
[2026-02-07T15:51:26.107+0000] {logging_mixin.py:188} INFO - [2026-02-07T15:51:26.107+0000] {dag.py:3047} INFO - Sync 1 DAGs
[2026-02-07T15:51:26.126+0000] {logging_mixin.py:188} INFO - [2026-02-07T15:51:26.126+0000] {dag.py:3834} INFO - Setting next_dagrun for ingestion_dag to 2026-02-07 15:51:00+00:00, run_after=2026-02-07 15:52:00+00:00
[2026-02-07T15:51:26.137+0000] {processor.py:183} INFO - Processing /opt/airflow/dags/ingestion_dag.py took 1.713 seconds
[2026-02-07T15:51:56.651+0000] {processor.py:161} INFO - Started process (PID=2953) to work on /opt/airflow/dags/ingestion_dag.py
[2026-02-07T15:51:56.653+0000] {processor.py:830} INFO - Processing file /opt/airflow/dags/ingestion_dag.py for tasks to queue
[2026-02-07T15:51:56.655+0000] {logging_mixin.py:188} INFO - [2026-02-07T15:51:56.654+0000] {dagbag.py:540} INFO - Filling up the DagBag from /opt/airflow/dags/ingestion_dag.py
[2026-02-07T15:51:58.346+0000] {logging_mixin.py:188} INFO - [2026-02-07T15:51:58.346+0000] {warnings.py:109} WARNING - /opt/airflow/dags/ingestion_dag.py:257: RemovedInAirflow3Warning: Function `days_ago` is deprecated and will be removed in Airflow 3.0. You can achieve equivalent behavior with `pendulum.today('UTC').add(days=-N, ...)`
  start_date=days_ago(1),
[2026-02-07T15:51:58.346+0000] {logging_mixin.py:188} INFO - [2026-02-07T15:51:58.346+0000] {warnings.py:109} WARNING - /opt/airflow/dags/ingestion_dag.py:254: RemovedInAirflow3Warning: Param `schedule_interval` is deprecated and will be removed in a future release. Please use `schedule` instead. 
  with DAG(
[2026-02-07T15:51:58.354+0000] {processor.py:840} INFO - DAG(s) 'ingestion_dag' retrieved from /opt/airflow/dags/ingestion_dag.py
[2026-02-07T15:51:58.384+0000] {logging_mixin.py:188} INFO - [2026-02-07T15:51:58.384+0000] {dag.py:3047} INFO - Sync 1 DAGs
[2026-02-07T15:51:58.408+0000] {logging_mixin.py:188} INFO - [2026-02-07T15:51:58.408+0000] {dag.py:3834} INFO - Setting next_dagrun for ingestion_dag to 2026-02-07 15:51:00+00:00, run_after=2026-02-07 15:52:00+00:00
[2026-02-07T15:51:58.418+0000] {processor.py:183} INFO - Processing /opt/airflow/dags/ingestion_dag.py took 1.779 seconds
[2026-02-07T15:52:29.068+0000] {processor.py:161} INFO - Started process (PID=3035) to work on /opt/airflow/dags/ingestion_dag.py
[2026-02-07T15:52:29.070+0000] {processor.py:830} INFO - Processing file /opt/airflow/dags/ingestion_dag.py for tasks to queue
[2026-02-07T15:52:29.074+0000] {logging_mixin.py:188} INFO - [2026-02-07T15:52:29.071+0000] {dagbag.py:540} INFO - Filling up the DagBag from /opt/airflow/dags/ingestion_dag.py
[2026-02-07T15:52:30.689+0000] {logging_mixin.py:188} INFO - [2026-02-07T15:52:30.689+0000] {warnings.py:109} WARNING - /opt/airflow/dags/ingestion_dag.py:257: RemovedInAirflow3Warning: Function `days_ago` is deprecated and will be removed in Airflow 3.0. You can achieve equivalent behavior with `pendulum.today('UTC').add(days=-N, ...)`
  start_date=days_ago(1),
[2026-02-07T15:52:30.690+0000] {logging_mixin.py:188} INFO - [2026-02-07T15:52:30.690+0000] {warnings.py:109} WARNING - /opt/airflow/dags/ingestion_dag.py:254: RemovedInAirflow3Warning: Param `schedule_interval` is deprecated and will be removed in a future release. Please use `schedule` instead. 
  with DAG(
[2026-02-07T15:52:30.694+0000] {processor.py:840} INFO - DAG(s) 'ingestion_dag' retrieved from /opt/airflow/dags/ingestion_dag.py
[2026-02-07T15:52:30.724+0000] {logging_mixin.py:188} INFO - [2026-02-07T15:52:30.724+0000] {dag.py:3047} INFO - Sync 1 DAGs
[2026-02-07T15:52:30.745+0000] {logging_mixin.py:188} INFO - [2026-02-07T15:52:30.745+0000] {dag.py:3834} INFO - Setting next_dagrun for ingestion_dag to 2026-02-07 15:52:00+00:00, run_after=2026-02-07 15:53:00+00:00
[2026-02-07T15:52:30.756+0000] {processor.py:183} INFO - Processing /opt/airflow/dags/ingestion_dag.py took 1.692 seconds
[2026-02-07T15:53:01.419+0000] {processor.py:161} INFO - Started process (PID=3055) to work on /opt/airflow/dags/ingestion_dag.py
[2026-02-07T15:53:01.420+0000] {processor.py:830} INFO - Processing file /opt/airflow/dags/ingestion_dag.py for tasks to queue
[2026-02-07T15:53:01.422+0000] {logging_mixin.py:188} INFO - [2026-02-07T15:53:01.421+0000] {dagbag.py:540} INFO - Filling up the DagBag from /opt/airflow/dags/ingestion_dag.py
[2026-02-07T15:53:04.132+0000] {logging_mixin.py:188} INFO - [2026-02-07T15:53:04.132+0000] {warnings.py:109} WARNING - /opt/airflow/dags/ingestion_dag.py:257: RemovedInAirflow3Warning: Function `days_ago` is deprecated and will be removed in Airflow 3.0. You can achieve equivalent behavior with `pendulum.today('UTC').add(days=-N, ...)`
  start_date=days_ago(1),
[2026-02-07T15:53:04.133+0000] {logging_mixin.py:188} INFO - [2026-02-07T15:53:04.133+0000] {warnings.py:109} WARNING - /opt/airflow/dags/ingestion_dag.py:254: RemovedInAirflow3Warning: Param `schedule_interval` is deprecated and will be removed in a future release. Please use `schedule` instead. 
  with DAG(
[2026-02-07T15:53:04.137+0000] {processor.py:840} INFO - DAG(s) 'ingestion_dag' retrieved from /opt/airflow/dags/ingestion_dag.py
[2026-02-07T15:53:04.155+0000] {logging_mixin.py:188} INFO - [2026-02-07T15:53:04.154+0000] {dag.py:3047} INFO - Sync 1 DAGs
[2026-02-07T15:53:04.172+0000] {logging_mixin.py:188} INFO - [2026-02-07T15:53:04.172+0000] {dag.py:3834} INFO - Setting next_dagrun for ingestion_dag to 2026-02-07 15:53:00+00:00, run_after=2026-02-07 15:54:00+00:00
[2026-02-07T15:53:04.186+0000] {processor.py:183} INFO - Processing /opt/airflow/dags/ingestion_dag.py took 2.777 seconds
[2026-02-07T15:53:34.835+0000] {processor.py:161} INFO - Started process (PID=3133) to work on /opt/airflow/dags/ingestion_dag.py
[2026-02-07T15:53:34.838+0000] {processor.py:830} INFO - Processing file /opt/airflow/dags/ingestion_dag.py for tasks to queue
[2026-02-07T15:53:34.843+0000] {logging_mixin.py:188} INFO - [2026-02-07T15:53:34.838+0000] {dagbag.py:540} INFO - Filling up the DagBag from /opt/airflow/dags/ingestion_dag.py
[2026-02-07T15:53:36.786+0000] {logging_mixin.py:188} INFO - [2026-02-07T15:53:36.786+0000] {warnings.py:109} WARNING - /opt/airflow/dags/ingestion_dag.py:257: RemovedInAirflow3Warning: Function `days_ago` is deprecated and will be removed in Airflow 3.0. You can achieve equivalent behavior with `pendulum.today('UTC').add(days=-N, ...)`
  start_date=days_ago(1),
[2026-02-07T15:53:36.787+0000] {logging_mixin.py:188} INFO - [2026-02-07T15:53:36.786+0000] {warnings.py:109} WARNING - /opt/airflow/dags/ingestion_dag.py:254: RemovedInAirflow3Warning: Param `schedule_interval` is deprecated and will be removed in a future release. Please use `schedule` instead. 
  with DAG(
[2026-02-07T15:53:36.791+0000] {processor.py:840} INFO - DAG(s) 'ingestion_dag' retrieved from /opt/airflow/dags/ingestion_dag.py
[2026-02-07T15:53:36.816+0000] {logging_mixin.py:188} INFO - [2026-02-07T15:53:36.815+0000] {dag.py:3047} INFO - Sync 1 DAGs
[2026-02-07T15:53:36.840+0000] {logging_mixin.py:188} INFO - [2026-02-07T15:53:36.840+0000] {dag.py:3834} INFO - Setting next_dagrun for ingestion_dag to 2026-02-07 15:53:00+00:00, run_after=2026-02-07 15:54:00+00:00
[2026-02-07T15:53:36.853+0000] {processor.py:183} INFO - Processing /opt/airflow/dags/ingestion_dag.py took 2.029 seconds
[2026-02-07T15:54:07.445+0000] {processor.py:161} INFO - Started process (PID=3182) to work on /opt/airflow/dags/ingestion_dag.py
[2026-02-07T15:54:07.447+0000] {processor.py:830} INFO - Processing file /opt/airflow/dags/ingestion_dag.py for tasks to queue
[2026-02-07T15:54:07.448+0000] {logging_mixin.py:188} INFO - [2026-02-07T15:54:07.447+0000] {dagbag.py:540} INFO - Filling up the DagBag from /opt/airflow/dags/ingestion_dag.py
[2026-02-07T15:54:10.044+0000] {logging_mixin.py:188} INFO - [2026-02-07T15:54:10.044+0000] {warnings.py:109} WARNING - /opt/airflow/dags/ingestion_dag.py:257: RemovedInAirflow3Warning: Function `days_ago` is deprecated and will be removed in Airflow 3.0. You can achieve equivalent behavior with `pendulum.today('UTC').add(days=-N, ...)`
  start_date=days_ago(1),
[2026-02-07T15:54:10.045+0000] {logging_mixin.py:188} INFO - [2026-02-07T15:54:10.045+0000] {warnings.py:109} WARNING - /opt/airflow/dags/ingestion_dag.py:254: RemovedInAirflow3Warning: Param `schedule_interval` is deprecated and will be removed in a future release. Please use `schedule` instead. 
  with DAG(
[2026-02-07T15:54:10.063+0000] {processor.py:840} INFO - DAG(s) 'ingestion_dag' retrieved from /opt/airflow/dags/ingestion_dag.py
[2026-02-07T15:54:10.115+0000] {logging_mixin.py:188} INFO - [2026-02-07T15:54:10.115+0000] {dag.py:3047} INFO - Sync 1 DAGs
[2026-02-07T15:54:10.152+0000] {logging_mixin.py:188} INFO - [2026-02-07T15:54:10.152+0000] {dag.py:3834} INFO - Setting next_dagrun for ingestion_dag to 2026-02-07 15:54:00+00:00, run_after=2026-02-07 15:55:00+00:00
[2026-02-07T15:54:10.189+0000] {processor.py:183} INFO - Processing /opt/airflow/dags/ingestion_dag.py took 2.750 seconds
[2026-02-07T15:54:40.475+0000] {processor.py:161} INFO - Started process (PID=3233) to work on /opt/airflow/dags/ingestion_dag.py
[2026-02-07T15:54:40.478+0000] {processor.py:830} INFO - Processing file /opt/airflow/dags/ingestion_dag.py for tasks to queue
[2026-02-07T15:54:40.479+0000] {logging_mixin.py:188} INFO - [2026-02-07T15:54:40.479+0000] {dagbag.py:540} INFO - Filling up the DagBag from /opt/airflow/dags/ingestion_dag.py
[2026-02-07T15:54:42.001+0000] {logging_mixin.py:188} INFO - [2026-02-07T15:54:42.001+0000] {warnings.py:109} WARNING - /opt/airflow/dags/ingestion_dag.py:257: RemovedInAirflow3Warning: Function `days_ago` is deprecated and will be removed in Airflow 3.0. You can achieve equivalent behavior with `pendulum.today('UTC').add(days=-N, ...)`
  start_date=days_ago(1),
[2026-02-07T15:54:42.001+0000] {logging_mixin.py:188} INFO - [2026-02-07T15:54:42.001+0000] {warnings.py:109} WARNING - /opt/airflow/dags/ingestion_dag.py:254: RemovedInAirflow3Warning: Param `schedule_interval` is deprecated and will be removed in a future release. Please use `schedule` instead. 
  with DAG(
[2026-02-07T15:54:42.006+0000] {processor.py:840} INFO - DAG(s) 'ingestion_dag' retrieved from /opt/airflow/dags/ingestion_dag.py
[2026-02-07T15:54:42.025+0000] {logging_mixin.py:188} INFO - [2026-02-07T15:54:42.025+0000] {dag.py:3047} INFO - Sync 1 DAGs
[2026-02-07T15:54:42.048+0000] {logging_mixin.py:188} INFO - [2026-02-07T15:54:42.047+0000] {dag.py:3834} INFO - Setting next_dagrun for ingestion_dag to 2026-02-07 15:54:00+00:00, run_after=2026-02-07 15:55:00+00:00
[2026-02-07T15:54:42.059+0000] {processor.py:183} INFO - Processing /opt/airflow/dags/ingestion_dag.py took 1.597 seconds
[2026-02-07T15:55:12.853+0000] {processor.py:161} INFO - Started process (PID=3310) to work on /opt/airflow/dags/ingestion_dag.py
[2026-02-07T15:55:12.857+0000] {processor.py:830} INFO - Processing file /opt/airflow/dags/ingestion_dag.py for tasks to queue
[2026-02-07T15:55:12.862+0000] {logging_mixin.py:188} INFO - [2026-02-07T15:55:12.861+0000] {dagbag.py:540} INFO - Filling up the DagBag from /opt/airflow/dags/ingestion_dag.py
[2026-02-07T15:55:16.838+0000] {logging_mixin.py:188} INFO - [2026-02-07T15:55:16.837+0000] {warnings.py:109} WARNING - /opt/airflow/dags/ingestion_dag.py:257: RemovedInAirflow3Warning: Function `days_ago` is deprecated and will be removed in Airflow 3.0. You can achieve equivalent behavior with `pendulum.today('UTC').add(days=-N, ...)`
  start_date=days_ago(1),
[2026-02-07T15:55:16.838+0000] {logging_mixin.py:188} INFO - [2026-02-07T15:55:16.838+0000] {warnings.py:109} WARNING - /opt/airflow/dags/ingestion_dag.py:254: RemovedInAirflow3Warning: Param `schedule_interval` is deprecated and will be removed in a future release. Please use `schedule` instead. 
  with DAG(
[2026-02-07T15:55:16.844+0000] {processor.py:840} INFO - DAG(s) 'ingestion_dag' retrieved from /opt/airflow/dags/ingestion_dag.py
[2026-02-07T15:55:16.866+0000] {logging_mixin.py:188} INFO - [2026-02-07T15:55:16.866+0000] {dag.py:3047} INFO - Sync 1 DAGs
[2026-02-07T15:55:16.890+0000] {logging_mixin.py:188} INFO - [2026-02-07T15:55:16.890+0000] {dag.py:3834} INFO - Setting next_dagrun for ingestion_dag to 2026-02-07 15:55:00+00:00, run_after=2026-02-07 15:56:00+00:00
[2026-02-07T15:55:16.902+0000] {processor.py:183} INFO - Processing /opt/airflow/dags/ingestion_dag.py took 4.063 seconds
[2026-02-07T15:55:47.417+0000] {processor.py:161} INFO - Started process (PID=3331) to work on /opt/airflow/dags/ingestion_dag.py
[2026-02-07T15:55:47.419+0000] {processor.py:830} INFO - Processing file /opt/airflow/dags/ingestion_dag.py for tasks to queue
[2026-02-07T15:55:47.420+0000] {logging_mixin.py:188} INFO - [2026-02-07T15:55:47.420+0000] {dagbag.py:540} INFO - Filling up the DagBag from /opt/airflow/dags/ingestion_dag.py
[2026-02-07T15:55:49.222+0000] {logging_mixin.py:188} INFO - [2026-02-07T15:55:49.220+0000] {warnings.py:109} WARNING - /opt/airflow/dags/ingestion_dag.py:257: RemovedInAirflow3Warning: Function `days_ago` is deprecated and will be removed in Airflow 3.0. You can achieve equivalent behavior with `pendulum.today('UTC').add(days=-N, ...)`
  start_date=days_ago(1),
[2026-02-07T15:55:49.223+0000] {logging_mixin.py:188} INFO - [2026-02-07T15:55:49.223+0000] {warnings.py:109} WARNING - /opt/airflow/dags/ingestion_dag.py:254: RemovedInAirflow3Warning: Param `schedule_interval` is deprecated and will be removed in a future release. Please use `schedule` instead. 
  with DAG(
[2026-02-07T15:55:49.231+0000] {processor.py:840} INFO - DAG(s) 'ingestion_dag' retrieved from /opt/airflow/dags/ingestion_dag.py
[2026-02-07T15:55:49.261+0000] {logging_mixin.py:188} INFO - [2026-02-07T15:55:49.261+0000] {dag.py:3047} INFO - Sync 1 DAGs
[2026-02-07T15:55:49.290+0000] {logging_mixin.py:188} INFO - [2026-02-07T15:55:49.289+0000] {dag.py:3834} INFO - Setting next_dagrun for ingestion_dag to 2026-02-07 15:55:00+00:00, run_after=2026-02-07 15:56:00+00:00
[2026-02-07T15:55:49.314+0000] {processor.py:183} INFO - Processing /opt/airflow/dags/ingestion_dag.py took 1.902 seconds
[2026-02-07T15:56:19.961+0000] {processor.py:161} INFO - Started process (PID=3415) to work on /opt/airflow/dags/ingestion_dag.py
[2026-02-07T15:56:19.963+0000] {processor.py:830} INFO - Processing file /opt/airflow/dags/ingestion_dag.py for tasks to queue
[2026-02-07T15:56:19.964+0000] {logging_mixin.py:188} INFO - [2026-02-07T15:56:19.964+0000] {dagbag.py:540} INFO - Filling up the DagBag from /opt/airflow/dags/ingestion_dag.py
[2026-02-07T15:56:22.412+0000] {logging_mixin.py:188} INFO - [2026-02-07T15:56:22.412+0000] {warnings.py:109} WARNING - /opt/airflow/dags/ingestion_dag.py:257: RemovedInAirflow3Warning: Function `days_ago` is deprecated and will be removed in Airflow 3.0. You can achieve equivalent behavior with `pendulum.today('UTC').add(days=-N, ...)`
  start_date=days_ago(1),
[2026-02-07T15:56:22.413+0000] {logging_mixin.py:188} INFO - [2026-02-07T15:56:22.413+0000] {warnings.py:109} WARNING - /opt/airflow/dags/ingestion_dag.py:254: RemovedInAirflow3Warning: Param `schedule_interval` is deprecated and will be removed in a future release. Please use `schedule` instead. 
  with DAG(
[2026-02-07T15:56:22.417+0000] {processor.py:840} INFO - DAG(s) 'ingestion_dag' retrieved from /opt/airflow/dags/ingestion_dag.py
[2026-02-07T15:56:22.436+0000] {logging_mixin.py:188} INFO - [2026-02-07T15:56:22.436+0000] {dag.py:3047} INFO - Sync 1 DAGs
[2026-02-07T15:56:22.465+0000] {logging_mixin.py:188} INFO - [2026-02-07T15:56:22.465+0000] {dag.py:3834} INFO - Setting next_dagrun for ingestion_dag to 2026-02-07 15:56:00+00:00, run_after=2026-02-07 15:57:00+00:00
[2026-02-07T15:56:22.478+0000] {processor.py:183} INFO - Processing /opt/airflow/dags/ingestion_dag.py took 2.523 seconds
[2026-02-07T15:56:52.616+0000] {processor.py:161} INFO - Started process (PID=3433) to work on /opt/airflow/dags/ingestion_dag.py
[2026-02-07T15:56:52.619+0000] {processor.py:830} INFO - Processing file /opt/airflow/dags/ingestion_dag.py for tasks to queue
[2026-02-07T15:56:52.621+0000] {logging_mixin.py:188} INFO - [2026-02-07T15:56:52.620+0000] {dagbag.py:540} INFO - Filling up the DagBag from /opt/airflow/dags/ingestion_dag.py
[2026-02-07T15:56:54.152+0000] {logging_mixin.py:188} INFO - [2026-02-07T15:56:54.152+0000] {warnings.py:109} WARNING - /opt/airflow/dags/ingestion_dag.py:257: RemovedInAirflow3Warning: Function `days_ago` is deprecated and will be removed in Airflow 3.0. You can achieve equivalent behavior with `pendulum.today('UTC').add(days=-N, ...)`
  start_date=days_ago(1),
[2026-02-07T15:56:54.152+0000] {logging_mixin.py:188} INFO - [2026-02-07T15:56:54.152+0000] {warnings.py:109} WARNING - /opt/airflow/dags/ingestion_dag.py:254: RemovedInAirflow3Warning: Param `schedule_interval` is deprecated and will be removed in a future release. Please use `schedule` instead. 
  with DAG(
[2026-02-07T15:56:54.156+0000] {processor.py:840} INFO - DAG(s) 'ingestion_dag' retrieved from /opt/airflow/dags/ingestion_dag.py
[2026-02-07T15:56:54.174+0000] {logging_mixin.py:188} INFO - [2026-02-07T15:56:54.174+0000] {dag.py:3047} INFO - Sync 1 DAGs
[2026-02-07T15:56:54.195+0000] {logging_mixin.py:188} INFO - [2026-02-07T15:56:54.195+0000] {dag.py:3834} INFO - Setting next_dagrun for ingestion_dag to 2026-02-07 15:56:00+00:00, run_after=2026-02-07 15:57:00+00:00
[2026-02-07T15:56:54.204+0000] {processor.py:183} INFO - Processing /opt/airflow/dags/ingestion_dag.py took 1.596 seconds
