[2025-11-30T00:37:56.505+0000] {processor.py:161} INFO - Started process (PID=30392) to work on /opt/airflow/dags/prediction_dag.py
[2025-11-30T00:37:56.525+0000] {processor.py:830} INFO - Processing file /opt/airflow/dags/prediction_dag.py for tasks to queue
[2025-11-30T00:37:56.559+0000] {logging_mixin.py:188} INFO - [2025-11-30T00:37:56.536+0000] {dagbag.py:540} INFO - Filling up the DagBag from /opt/airflow/dags/prediction_dag.py
[2025-11-30T00:37:57.450+0000] {processor.py:840} INFO - DAG(s) 'prediction_dag' retrieved from /opt/airflow/dags/prediction_dag.py
[2025-11-30T00:37:59.898+0000] {logging_mixin.py:188} INFO - [2025-11-30T00:37:59.887+0000] {dag.py:3047} INFO - Sync 1 DAGs
[2025-11-30T00:38:00.189+0000] {logging_mixin.py:188} INFO - [2025-11-30T00:38:00.187+0000] {dag.py:3834} INFO - Setting next_dagrun for prediction_dag to 2025-11-30 00:36:00+00:00, run_after=2025-11-30 00:38:00+00:00
[2025-11-30T00:38:00.516+0000] {processor.py:183} INFO - Processing /opt/airflow/dags/prediction_dag.py took 4.138 seconds
[2025-11-30T02:01:00.687+0000] {processor.py:161} INFO - Started process (PID=30452) to work on /opt/airflow/dags/prediction_dag.py
[2025-11-30T02:01:00.698+0000] {processor.py:830} INFO - Processing file /opt/airflow/dags/prediction_dag.py for tasks to queue
[2025-11-30T02:01:00.700+0000] {logging_mixin.py:188} INFO - [2025-11-30T02:01:00.700+0000] {dagbag.py:540} INFO - Filling up the DagBag from /opt/airflow/dags/prediction_dag.py
[2025-11-30T02:01:01.192+0000] {processor.py:840} INFO - DAG(s) 'prediction_dag' retrieved from /opt/airflow/dags/prediction_dag.py
[2025-11-30T02:01:02.473+0000] {logging_mixin.py:188} INFO - [2025-11-30T02:01:02.461+0000] {dag.py:3047} INFO - Sync 1 DAGs
[2025-11-30T02:01:02.778+0000] {logging_mixin.py:188} INFO - [2025-11-30T02:01:02.777+0000] {dag.py:3834} INFO - Setting next_dagrun for prediction_dag to 2025-11-30 02:00:00+00:00, run_after=2025-11-30 02:02:00+00:00
[2025-11-30T02:01:02.887+0000] {processor.py:183} INFO - Processing /opt/airflow/dags/prediction_dag.py took 2.287 seconds
[2025-11-30T03:41:08.955+0000] {processor.py:161} INFO - Started process (PID=30561) to work on /opt/airflow/dags/prediction_dag.py
[2025-11-30T03:41:08.961+0000] {processor.py:830} INFO - Processing file /opt/airflow/dags/prediction_dag.py for tasks to queue
[2025-11-30T03:41:08.966+0000] {logging_mixin.py:188} INFO - [2025-11-30T03:41:08.965+0000] {dagbag.py:540} INFO - Filling up the DagBag from /opt/airflow/dags/prediction_dag.py
[2025-11-30T03:41:09.157+0000] {processor.py:840} INFO - DAG(s) 'prediction_dag' retrieved from /opt/airflow/dags/prediction_dag.py
[2025-11-30T03:41:09.321+0000] {logging_mixin.py:188} INFO - [2025-11-30T03:41:09.319+0000] {dag.py:3047} INFO - Sync 1 DAGs
[2025-11-30T03:41:09.656+0000] {logging_mixin.py:188} INFO - [2025-11-30T03:41:09.650+0000] {dag.py:3834} INFO - Setting next_dagrun for prediction_dag to 2025-11-30 03:40:00+00:00, run_after=2025-11-30 03:42:00+00:00
[2025-11-30T03:41:09.863+0000] {processor.py:183} INFO - Processing /opt/airflow/dags/prediction_dag.py took 0.969 seconds
[2025-11-30T04:27:41.305+0000] {processor.py:161} INFO - Started process (PID=30642) to work on /opt/airflow/dags/prediction_dag.py
[2025-11-30T04:27:41.323+0000] {processor.py:830} INFO - Processing file /opt/airflow/dags/prediction_dag.py for tasks to queue
[2025-11-30T04:27:41.337+0000] {logging_mixin.py:188} INFO - [2025-11-30T04:27:41.335+0000] {dagbag.py:540} INFO - Filling up the DagBag from /opt/airflow/dags/prediction_dag.py
[2025-11-30T04:27:41.525+0000] {processor.py:840} INFO - DAG(s) 'prediction_dag' retrieved from /opt/airflow/dags/prediction_dag.py
[2025-11-30T04:27:41.816+0000] {logging_mixin.py:188} INFO - [2025-11-30T04:27:41.816+0000] {dag.py:3047} INFO - Sync 1 DAGs
[2025-11-30T04:27:42.013+0000] {logging_mixin.py:188} INFO - [2025-11-30T04:27:42.012+0000] {dag.py:3834} INFO - Setting next_dagrun for prediction_dag to 2025-11-30 04:26:00+00:00, run_after=2025-11-30 04:28:00+00:00
[2025-11-30T04:27:42.200+0000] {processor.py:183} INFO - Processing /opt/airflow/dags/prediction_dag.py took 1.046 seconds
[2025-11-30T05:17:42.018+0000] {processor.py:161} INFO - Started process (PID=30678) to work on /opt/airflow/dags/prediction_dag.py
[2025-11-30T05:17:42.622+0000] {processor.py:830} INFO - Processing file /opt/airflow/dags/prediction_dag.py for tasks to queue
[2025-11-30T05:17:42.753+0000] {logging_mixin.py:188} INFO - [2025-11-30T05:17:42.718+0000] {dagbag.py:540} INFO - Filling up the DagBag from /opt/airflow/dags/prediction_dag.py
[2025-11-30T05:17:50.460+0000] {processor.py:840} INFO - DAG(s) 'prediction_dag' retrieved from /opt/airflow/dags/prediction_dag.py
[2025-11-30T05:17:53.219+0000] {logging_mixin.py:188} INFO - [2025-11-30T05:17:53.177+0000] {dag.py:3047} INFO - Sync 1 DAGs
[2025-11-30T05:17:57.836+0000] {logging_mixin.py:188} INFO - [2025-11-30T05:17:57.829+0000] {dag.py:3834} INFO - Setting next_dagrun for prediction_dag to 2025-11-30 05:14:00+00:00, run_after=2025-11-30 05:16:00+00:00
[2025-11-30T05:18:00.239+0000] {processor.py:183} INFO - Processing /opt/airflow/dags/prediction_dag.py took 18.555 seconds
[2025-11-30T06:28:43.146+0000] {processor.py:161} INFO - Started process (PID=30691) to work on /opt/airflow/dags/prediction_dag.py
[2025-11-30T06:28:43.173+0000] {processor.py:830} INFO - Processing file /opt/airflow/dags/prediction_dag.py for tasks to queue
[2025-11-30T06:28:43.186+0000] {logging_mixin.py:188} INFO - [2025-11-30T06:28:43.180+0000] {dagbag.py:540} INFO - Filling up the DagBag from /opt/airflow/dags/prediction_dag.py
[2025-11-30T06:28:43.436+0000] {processor.py:840} INFO - DAG(s) 'prediction_dag' retrieved from /opt/airflow/dags/prediction_dag.py
[2025-11-30T06:28:43.819+0000] {logging_mixin.py:188} INFO - [2025-11-30T06:28:43.814+0000] {dag.py:3047} INFO - Sync 1 DAGs
[2025-11-30T06:28:44.049+0000] {logging_mixin.py:188} INFO - [2025-11-30T06:28:44.048+0000] {dag.py:3834} INFO - Setting next_dagrun for prediction_dag to 2025-11-30 06:28:00+00:00, run_after=2025-11-30 06:30:00+00:00
[2025-11-30T06:28:44.158+0000] {processor.py:183} INFO - Processing /opt/airflow/dags/prediction_dag.py took 1.097 seconds
[2025-11-30T07:18:14.147+0000] {processor.py:161} INFO - Started process (PID=30824) to work on /opt/airflow/dags/prediction_dag.py
[2025-11-30T07:18:14.172+0000] {processor.py:830} INFO - Processing file /opt/airflow/dags/prediction_dag.py for tasks to queue
[2025-11-30T07:18:14.195+0000] {logging_mixin.py:188} INFO - [2025-11-30T07:18:14.182+0000] {dagbag.py:540} INFO - Filling up the DagBag from /opt/airflow/dags/prediction_dag.py
[2025-11-30T07:18:14.740+0000] {processor.py:840} INFO - DAG(s) 'prediction_dag' retrieved from /opt/airflow/dags/prediction_dag.py
[2025-11-30T07:18:15.486+0000] {logging_mixin.py:188} INFO - [2025-11-30T07:18:15.480+0000] {dag.py:3047} INFO - Sync 1 DAGs
[2025-11-30T07:18:15.930+0000] {logging_mixin.py:188} INFO - [2025-11-30T07:18:15.925+0000] {dag.py:3834} INFO - Setting next_dagrun for prediction_dag to 2025-11-30 07:18:00+00:00, run_after=2025-11-30 07:20:00+00:00
[2025-11-30T07:18:16.127+0000] {processor.py:183} INFO - Processing /opt/airflow/dags/prediction_dag.py took 2.070 seconds
[2025-11-30T08:02:46.172+0000] {processor.py:161} INFO - Started process (PID=30915) to work on /opt/airflow/dags/prediction_dag.py
[2025-11-30T08:02:46.395+0000] {processor.py:830} INFO - Processing file /opt/airflow/dags/prediction_dag.py for tasks to queue
[2025-11-30T08:02:47.058+0000] {logging_mixin.py:188} INFO - [2025-11-30T08:02:46.813+0000] {dagbag.py:540} INFO - Filling up the DagBag from /opt/airflow/dags/prediction_dag.py
[2025-11-30T08:02:51.049+0000] {processor.py:840} INFO - DAG(s) 'prediction_dag' retrieved from /opt/airflow/dags/prediction_dag.py
[2025-11-30T08:02:54.271+0000] {logging_mixin.py:188} INFO - [2025-11-30T08:02:54.244+0000] {dag.py:3047} INFO - Sync 1 DAGs
[2025-11-30T08:02:54.959+0000] {logging_mixin.py:188} INFO - [2025-11-30T08:02:54.938+0000] {dag.py:3834} INFO - Setting next_dagrun for prediction_dag to 2025-11-30 08:02:00+00:00, run_after=2025-11-30 08:04:00+00:00
[2025-11-30T08:02:55.420+0000] {processor.py:183} INFO - Processing /opt/airflow/dags/prediction_dag.py took 9.680 seconds
[2025-11-30T08:46:32.042+0000] {processor.py:161} INFO - Started process (PID=30975) to work on /opt/airflow/dags/prediction_dag.py
[2025-11-30T08:46:32.070+0000] {processor.py:830} INFO - Processing file /opt/airflow/dags/prediction_dag.py for tasks to queue
[2025-11-30T08:46:32.078+0000] {logging_mixin.py:188} INFO - [2025-11-30T08:46:32.075+0000] {dagbag.py:540} INFO - Filling up the DagBag from /opt/airflow/dags/prediction_dag.py
[2025-11-30T08:46:32.198+0000] {processor.py:840} INFO - DAG(s) 'prediction_dag' retrieved from /opt/airflow/dags/prediction_dag.py
[2025-11-30T08:46:32.710+0000] {logging_mixin.py:188} INFO - [2025-11-30T08:46:32.685+0000] {dag.py:3047} INFO - Sync 1 DAGs
[2025-11-30T08:46:32.963+0000] {logging_mixin.py:188} INFO - [2025-11-30T08:46:32.963+0000] {dag.py:3834} INFO - Setting next_dagrun for prediction_dag to 2025-11-30 08:46:00+00:00, run_after=2025-11-30 08:48:00+00:00
[2025-11-30T08:46:33.335+0000] {processor.py:183} INFO - Processing /opt/airflow/dags/prediction_dag.py took 1.314 seconds
[2025-11-30T09:31:44.149+0000] {processor.py:161} INFO - Started process (PID=31122) to work on /opt/airflow/dags/prediction_dag.py
[2025-11-30T09:31:44.168+0000] {processor.py:830} INFO - Processing file /opt/airflow/dags/prediction_dag.py for tasks to queue
[2025-11-30T09:31:44.187+0000] {logging_mixin.py:188} INFO - [2025-11-30T09:31:44.180+0000] {dagbag.py:540} INFO - Filling up the DagBag from /opt/airflow/dags/prediction_dag.py
[2025-11-30T09:31:44.353+0000] {processor.py:840} INFO - DAG(s) 'prediction_dag' retrieved from /opt/airflow/dags/prediction_dag.py
[2025-11-30T09:31:44.929+0000] {logging_mixin.py:188} INFO - [2025-11-30T09:31:44.919+0000] {dag.py:3047} INFO - Sync 1 DAGs
[2025-11-30T09:31:45.312+0000] {logging_mixin.py:188} INFO - [2025-11-30T09:31:45.302+0000] {dag.py:3834} INFO - Setting next_dagrun for prediction_dag to 2025-11-30 09:28:00+00:00, run_after=2025-11-30 09:30:00+00:00
[2025-11-30T09:31:45.573+0000] {processor.py:183} INFO - Processing /opt/airflow/dags/prediction_dag.py took 1.518 seconds
[2025-11-30T09:48:16.350+0000] {processor.py:161} INFO - Started process (PID=31180) to work on /opt/airflow/dags/prediction_dag.py
[2025-11-30T09:48:16.363+0000] {processor.py:830} INFO - Processing file /opt/airflow/dags/prediction_dag.py for tasks to queue
[2025-11-30T09:48:16.402+0000] {logging_mixin.py:188} INFO - [2025-11-30T09:48:16.388+0000] {dagbag.py:540} INFO - Filling up the DagBag from /opt/airflow/dags/prediction_dag.py
[2025-11-30T09:48:17.462+0000] {processor.py:840} INFO - DAG(s) 'prediction_dag' retrieved from /opt/airflow/dags/prediction_dag.py
[2025-11-30T09:48:18.032+0000] {logging_mixin.py:188} INFO - [2025-11-30T09:48:18.031+0000] {dag.py:3047} INFO - Sync 1 DAGs
[2025-11-30T09:48:18.494+0000] {logging_mixin.py:188} INFO - [2025-11-30T09:48:18.492+0000] {dag.py:3834} INFO - Setting next_dagrun for prediction_dag to 2025-11-30 09:48:00+00:00, run_after=2025-11-30 09:50:00+00:00
[2025-11-30T09:48:18.841+0000] {processor.py:183} INFO - Processing /opt/airflow/dags/prediction_dag.py took 2.679 seconds
[2025-11-30T10:32:47.376+0000] {processor.py:161} INFO - Started process (PID=31310) to work on /opt/airflow/dags/prediction_dag.py
[2025-11-30T10:32:47.383+0000] {processor.py:830} INFO - Processing file /opt/airflow/dags/prediction_dag.py for tasks to queue
[2025-11-30T10:32:47.393+0000] {logging_mixin.py:188} INFO - [2025-11-30T10:32:47.392+0000] {dagbag.py:540} INFO - Filling up the DagBag from /opt/airflow/dags/prediction_dag.py
[2025-11-30T10:32:47.480+0000] {processor.py:840} INFO - DAG(s) 'prediction_dag' retrieved from /opt/airflow/dags/prediction_dag.py
[2025-11-30T10:32:47.663+0000] {logging_mixin.py:188} INFO - [2025-11-30T10:32:47.662+0000] {dag.py:3047} INFO - Sync 1 DAGs
[2025-11-30T10:32:47.751+0000] {logging_mixin.py:188} INFO - [2025-11-30T10:32:47.750+0000] {dag.py:3834} INFO - Setting next_dagrun for prediction_dag to 2025-11-30 10:32:00+00:00, run_after=2025-11-30 10:34:00+00:00
[2025-11-30T10:32:47.831+0000] {processor.py:183} INFO - Processing /opt/airflow/dags/prediction_dag.py took 0.475 seconds
[2025-11-30T11:06:30.170+0000] {processor.py:161} INFO - Started process (PID=31408) to work on /opt/airflow/dags/prediction_dag.py
[2025-11-30T11:06:30.188+0000] {processor.py:830} INFO - Processing file /opt/airflow/dags/prediction_dag.py for tasks to queue
[2025-11-30T11:06:30.199+0000] {logging_mixin.py:188} INFO - [2025-11-30T11:06:30.196+0000] {dagbag.py:540} INFO - Filling up the DagBag from /opt/airflow/dags/prediction_dag.py
[2025-11-30T11:06:30.458+0000] {processor.py:840} INFO - DAG(s) 'prediction_dag' retrieved from /opt/airflow/dags/prediction_dag.py
[2025-11-30T11:06:30.728+0000] {logging_mixin.py:188} INFO - [2025-11-30T11:06:30.726+0000] {dag.py:3047} INFO - Sync 1 DAGs
[2025-11-30T11:06:30.915+0000] {logging_mixin.py:188} INFO - [2025-11-30T11:06:30.915+0000] {dag.py:3834} INFO - Setting next_dagrun for prediction_dag to 2025-11-30 11:06:00+00:00, run_after=2025-11-30 11:08:00+00:00
[2025-11-30T11:06:31.061+0000] {processor.py:183} INFO - Processing /opt/airflow/dags/prediction_dag.py took 0.955 seconds
[2025-11-30T12:01:05.139+0000] {processor.py:161} INFO - Started process (PID=31436) to work on /opt/airflow/dags/prediction_dag.py
[2025-11-30T12:01:05.146+0000] {processor.py:830} INFO - Processing file /opt/airflow/dags/prediction_dag.py for tasks to queue
[2025-11-30T12:01:05.147+0000] {logging_mixin.py:188} INFO - [2025-11-30T12:01:05.147+0000] {dagbag.py:540} INFO - Filling up the DagBag from /opt/airflow/dags/prediction_dag.py
[2025-11-30T12:01:05.200+0000] {processor.py:840} INFO - DAG(s) 'prediction_dag' retrieved from /opt/airflow/dags/prediction_dag.py
[2025-11-30T12:01:05.367+0000] {logging_mixin.py:188} INFO - [2025-11-30T12:01:05.366+0000] {dag.py:3047} INFO - Sync 1 DAGs
[2025-11-30T12:01:05.645+0000] {logging_mixin.py:188} INFO - [2025-11-30T12:01:05.645+0000] {dag.py:3834} INFO - Setting next_dagrun for prediction_dag to 2025-11-30 12:00:00+00:00, run_after=2025-11-30 12:02:00+00:00
[2025-11-30T12:01:05.750+0000] {processor.py:183} INFO - Processing /opt/airflow/dags/prediction_dag.py took 0.617 seconds
[2025-11-30T12:05:45.506+0000] {processor.py:161} INFO - Started process (PID=31476) to work on /opt/airflow/dags/prediction_dag.py
[2025-11-30T12:05:45.510+0000] {processor.py:830} INFO - Processing file /opt/airflow/dags/prediction_dag.py for tasks to queue
[2025-11-30T12:05:45.517+0000] {logging_mixin.py:188} INFO - [2025-11-30T12:05:45.513+0000] {dagbag.py:540} INFO - Filling up the DagBag from /opt/airflow/dags/prediction_dag.py
[2025-11-30T12:05:45.591+0000] {processor.py:840} INFO - DAG(s) 'prediction_dag' retrieved from /opt/airflow/dags/prediction_dag.py
[2025-11-30T12:05:45.762+0000] {logging_mixin.py:188} INFO - [2025-11-30T12:05:45.758+0000] {dag.py:3047} INFO - Sync 1 DAGs
[2025-11-30T12:05:45.900+0000] {logging_mixin.py:188} INFO - [2025-11-30T12:05:45.899+0000] {dag.py:3834} INFO - Setting next_dagrun for prediction_dag to 2025-11-30 12:04:00+00:00, run_after=2025-11-30 12:06:00+00:00
[2025-11-30T12:05:46.032+0000] {processor.py:183} INFO - Processing /opt/airflow/dags/prediction_dag.py took 0.544 seconds
[2025-11-30T12:06:16.595+0000] {processor.py:161} INFO - Started process (PID=31590) to work on /opt/airflow/dags/prediction_dag.py
[2025-11-30T12:06:16.601+0000] {processor.py:830} INFO - Processing file /opt/airflow/dags/prediction_dag.py for tasks to queue
[2025-11-30T12:06:16.608+0000] {logging_mixin.py:188} INFO - [2025-11-30T12:06:16.605+0000] {dagbag.py:540} INFO - Filling up the DagBag from /opt/airflow/dags/prediction_dag.py
[2025-11-30T12:06:16.726+0000] {processor.py:840} INFO - DAG(s) 'prediction_dag' retrieved from /opt/airflow/dags/prediction_dag.py
[2025-11-30T12:06:17.105+0000] {logging_mixin.py:188} INFO - [2025-11-30T12:06:17.095+0000] {dag.py:3047} INFO - Sync 1 DAGs
[2025-11-30T12:06:17.281+0000] {logging_mixin.py:188} INFO - [2025-11-30T12:06:17.280+0000] {dag.py:3834} INFO - Setting next_dagrun for prediction_dag to 2025-11-30 12:06:00+00:00, run_after=2025-11-30 12:08:00+00:00
[2025-11-30T12:06:17.337+0000] {processor.py:183} INFO - Processing /opt/airflow/dags/prediction_dag.py took 0.774 seconds
[2025-11-30T12:06:48.920+0000] {processor.py:161} INFO - Started process (PID=31695) to work on /opt/airflow/dags/prediction_dag.py
[2025-11-30T12:06:49.082+0000] {processor.py:830} INFO - Processing file /opt/airflow/dags/prediction_dag.py for tasks to queue
[2025-11-30T12:06:49.167+0000] {logging_mixin.py:188} INFO - [2025-11-30T12:06:49.149+0000] {dagbag.py:540} INFO - Filling up the DagBag from /opt/airflow/dags/prediction_dag.py
[2025-11-30T12:06:49.632+0000] {processor.py:840} INFO - DAG(s) 'prediction_dag' retrieved from /opt/airflow/dags/prediction_dag.py
[2025-11-30T12:06:51.563+0000] {logging_mixin.py:188} INFO - [2025-11-30T12:06:51.549+0000] {dag.py:3047} INFO - Sync 1 DAGs
[2025-11-30T12:06:52.493+0000] {logging_mixin.py:188} INFO - [2025-11-30T12:06:52.466+0000] {dag.py:3834} INFO - Setting next_dagrun for prediction_dag to 2025-11-30 12:06:00+00:00, run_after=2025-11-30 12:08:00+00:00
[2025-11-30T12:06:52.874+0000] {processor.py:183} INFO - Processing /opt/airflow/dags/prediction_dag.py took 4.300 seconds
[2025-11-30T12:07:23.563+0000] {processor.py:161} INFO - Started process (PID=31768) to work on /opt/airflow/dags/prediction_dag.py
[2025-11-30T12:07:23.570+0000] {processor.py:830} INFO - Processing file /opt/airflow/dags/prediction_dag.py for tasks to queue
[2025-11-30T12:07:23.575+0000] {logging_mixin.py:188} INFO - [2025-11-30T12:07:23.573+0000] {dagbag.py:540} INFO - Filling up the DagBag from /opt/airflow/dags/prediction_dag.py
[2025-11-30T12:07:23.715+0000] {processor.py:840} INFO - DAG(s) 'prediction_dag' retrieved from /opt/airflow/dags/prediction_dag.py
[2025-11-30T12:07:24.006+0000] {logging_mixin.py:188} INFO - [2025-11-30T12:07:24.005+0000] {dag.py:3047} INFO - Sync 1 DAGs
[2025-11-30T12:07:24.171+0000] {logging_mixin.py:188} INFO - [2025-11-30T12:07:24.171+0000] {dag.py:3834} INFO - Setting next_dagrun for prediction_dag to 2025-11-30 12:06:00+00:00, run_after=2025-11-30 12:08:00+00:00
[2025-11-30T12:07:24.245+0000] {processor.py:183} INFO - Processing /opt/airflow/dags/prediction_dag.py took 0.715 seconds
[2025-11-30T12:07:54.454+0000] {processor.py:161} INFO - Started process (PID=31789) to work on /opt/airflow/dags/prediction_dag.py
[2025-11-30T12:07:54.456+0000] {processor.py:830} INFO - Processing file /opt/airflow/dags/prediction_dag.py for tasks to queue
[2025-11-30T12:07:54.458+0000] {logging_mixin.py:188} INFO - [2025-11-30T12:07:54.457+0000] {dagbag.py:540} INFO - Filling up the DagBag from /opt/airflow/dags/prediction_dag.py
[2025-11-30T12:07:54.524+0000] {processor.py:840} INFO - DAG(s) 'prediction_dag' retrieved from /opt/airflow/dags/prediction_dag.py
[2025-11-30T12:07:54.614+0000] {logging_mixin.py:188} INFO - [2025-11-30T12:07:54.614+0000] {dag.py:3047} INFO - Sync 1 DAGs
[2025-11-30T12:07:54.656+0000] {logging_mixin.py:188} INFO - [2025-11-30T12:07:54.656+0000] {dag.py:3834} INFO - Setting next_dagrun for prediction_dag to 2025-11-30 12:06:00+00:00, run_after=2025-11-30 12:08:00+00:00
[2025-11-30T12:07:54.680+0000] {processor.py:183} INFO - Processing /opt/airflow/dags/prediction_dag.py took 0.245 seconds
[2025-11-30T12:08:24.901+0000] {processor.py:161} INFO - Started process (PID=31875) to work on /opt/airflow/dags/prediction_dag.py
[2025-11-30T12:08:24.904+0000] {processor.py:830} INFO - Processing file /opt/airflow/dags/prediction_dag.py for tasks to queue
[2025-11-30T12:08:24.905+0000] {logging_mixin.py:188} INFO - [2025-11-30T12:08:24.905+0000] {dagbag.py:540} INFO - Filling up the DagBag from /opt/airflow/dags/prediction_dag.py
[2025-11-30T12:08:24.938+0000] {processor.py:840} INFO - DAG(s) 'prediction_dag' retrieved from /opt/airflow/dags/prediction_dag.py
[2025-11-30T12:08:25.000+0000] {logging_mixin.py:188} INFO - [2025-11-30T12:08:25.000+0000] {dag.py:3047} INFO - Sync 1 DAGs
[2025-11-30T12:08:25.033+0000] {logging_mixin.py:188} INFO - [2025-11-30T12:08:25.033+0000] {dag.py:3834} INFO - Setting next_dagrun for prediction_dag to 2025-11-30 12:08:00+00:00, run_after=2025-11-30 12:10:00+00:00
[2025-11-30T12:08:25.049+0000] {processor.py:183} INFO - Processing /opt/airflow/dags/prediction_dag.py took 0.161 seconds
[2025-11-30T12:08:55.776+0000] {processor.py:161} INFO - Started process (PID=31893) to work on /opt/airflow/dags/prediction_dag.py
[2025-11-30T12:08:55.778+0000] {processor.py:830} INFO - Processing file /opt/airflow/dags/prediction_dag.py for tasks to queue
[2025-11-30T12:08:55.783+0000] {logging_mixin.py:188} INFO - [2025-11-30T12:08:55.781+0000] {dagbag.py:540} INFO - Filling up the DagBag from /opt/airflow/dags/prediction_dag.py
[2025-11-30T12:08:55.828+0000] {processor.py:840} INFO - DAG(s) 'prediction_dag' retrieved from /opt/airflow/dags/prediction_dag.py
[2025-11-30T12:08:55.884+0000] {logging_mixin.py:188} INFO - [2025-11-30T12:08:55.884+0000] {dag.py:3047} INFO - Sync 1 DAGs
[2025-11-30T12:08:55.917+0000] {logging_mixin.py:188} INFO - [2025-11-30T12:08:55.917+0000] {dag.py:3834} INFO - Setting next_dagrun for prediction_dag to 2025-11-30 12:08:00+00:00, run_after=2025-11-30 12:10:00+00:00
[2025-11-30T12:08:55.942+0000] {processor.py:183} INFO - Processing /opt/airflow/dags/prediction_dag.py took 0.173 seconds
[2025-11-30T12:09:26.127+0000] {processor.py:161} INFO - Started process (PID=31973) to work on /opt/airflow/dags/prediction_dag.py
[2025-11-30T12:09:26.130+0000] {processor.py:830} INFO - Processing file /opt/airflow/dags/prediction_dag.py for tasks to queue
[2025-11-30T12:09:26.131+0000] {logging_mixin.py:188} INFO - [2025-11-30T12:09:26.130+0000] {dagbag.py:540} INFO - Filling up the DagBag from /opt/airflow/dags/prediction_dag.py
[2025-11-30T12:09:26.167+0000] {processor.py:840} INFO - DAG(s) 'prediction_dag' retrieved from /opt/airflow/dags/prediction_dag.py
[2025-11-30T12:09:26.208+0000] {logging_mixin.py:188} INFO - [2025-11-30T12:09:26.208+0000] {dag.py:3047} INFO - Sync 1 DAGs
[2025-11-30T12:09:26.235+0000] {logging_mixin.py:188} INFO - [2025-11-30T12:09:26.235+0000] {dag.py:3834} INFO - Setting next_dagrun for prediction_dag to 2025-11-30 12:08:00+00:00, run_after=2025-11-30 12:10:00+00:00
[2025-11-30T12:09:26.248+0000] {processor.py:183} INFO - Processing /opt/airflow/dags/prediction_dag.py took 0.131 seconds
[2025-11-30T12:09:56.370+0000] {processor.py:161} INFO - Started process (PID=31991) to work on /opt/airflow/dags/prediction_dag.py
[2025-11-30T12:09:56.372+0000] {processor.py:830} INFO - Processing file /opt/airflow/dags/prediction_dag.py for tasks to queue
[2025-11-30T12:09:56.373+0000] {logging_mixin.py:188} INFO - [2025-11-30T12:09:56.373+0000] {dagbag.py:540} INFO - Filling up the DagBag from /opt/airflow/dags/prediction_dag.py
[2025-11-30T12:09:56.415+0000] {processor.py:840} INFO - DAG(s) 'prediction_dag' retrieved from /opt/airflow/dags/prediction_dag.py
[2025-11-30T12:09:56.458+0000] {logging_mixin.py:188} INFO - [2025-11-30T12:09:56.458+0000] {dag.py:3047} INFO - Sync 1 DAGs
[2025-11-30T12:09:56.482+0000] {logging_mixin.py:188} INFO - [2025-11-30T12:09:56.482+0000] {dag.py:3834} INFO - Setting next_dagrun for prediction_dag to 2025-11-30 12:08:00+00:00, run_after=2025-11-30 12:10:00+00:00
[2025-11-30T12:09:56.502+0000] {processor.py:183} INFO - Processing /opt/airflow/dags/prediction_dag.py took 0.146 seconds
[2025-11-30T12:10:26.737+0000] {processor.py:161} INFO - Started process (PID=32077) to work on /opt/airflow/dags/prediction_dag.py
[2025-11-30T12:10:26.739+0000] {processor.py:830} INFO - Processing file /opt/airflow/dags/prediction_dag.py for tasks to queue
[2025-11-30T12:10:26.740+0000] {logging_mixin.py:188} INFO - [2025-11-30T12:10:26.739+0000] {dagbag.py:540} INFO - Filling up the DagBag from /opt/airflow/dags/prediction_dag.py
[2025-11-30T12:10:26.763+0000] {processor.py:840} INFO - DAG(s) 'prediction_dag' retrieved from /opt/airflow/dags/prediction_dag.py
[2025-11-30T12:10:26.798+0000] {logging_mixin.py:188} INFO - [2025-11-30T12:10:26.797+0000] {dag.py:3047} INFO - Sync 1 DAGs
[2025-11-30T12:10:26.827+0000] {logging_mixin.py:188} INFO - [2025-11-30T12:10:26.827+0000] {dag.py:3834} INFO - Setting next_dagrun for prediction_dag to 2025-11-30 12:10:00+00:00, run_after=2025-11-30 12:12:00+00:00
[2025-11-30T12:10:26.839+0000] {processor.py:183} INFO - Processing /opt/airflow/dags/prediction_dag.py took 0.112 seconds
[2025-11-30T12:10:57.233+0000] {processor.py:161} INFO - Started process (PID=32086) to work on /opt/airflow/dags/prediction_dag.py
[2025-11-30T12:10:57.235+0000] {processor.py:830} INFO - Processing file /opt/airflow/dags/prediction_dag.py for tasks to queue
[2025-11-30T12:10:57.235+0000] {logging_mixin.py:188} INFO - [2025-11-30T12:10:57.235+0000] {dagbag.py:540} INFO - Filling up the DagBag from /opt/airflow/dags/prediction_dag.py
[2025-11-30T12:10:57.251+0000] {processor.py:840} INFO - DAG(s) 'prediction_dag' retrieved from /opt/airflow/dags/prediction_dag.py
[2025-11-30T12:10:57.294+0000] {logging_mixin.py:188} INFO - [2025-11-30T12:10:57.293+0000] {dag.py:3047} INFO - Sync 1 DAGs
[2025-11-30T12:10:57.358+0000] {logging_mixin.py:188} INFO - [2025-11-30T12:10:57.358+0000] {dag.py:3834} INFO - Setting next_dagrun for prediction_dag to 2025-11-30 12:10:00+00:00, run_after=2025-11-30 12:12:00+00:00
[2025-11-30T12:10:57.370+0000] {processor.py:183} INFO - Processing /opt/airflow/dags/prediction_dag.py took 0.141 seconds
[2025-11-30T12:11:27.805+0000] {processor.py:161} INFO - Started process (PID=32162) to work on /opt/airflow/dags/prediction_dag.py
[2025-11-30T12:11:27.808+0000] {processor.py:830} INFO - Processing file /opt/airflow/dags/prediction_dag.py for tasks to queue
[2025-11-30T12:11:27.809+0000] {logging_mixin.py:188} INFO - [2025-11-30T12:11:27.809+0000] {dagbag.py:540} INFO - Filling up the DagBag from /opt/airflow/dags/prediction_dag.py
[2025-11-30T12:11:27.847+0000] {processor.py:840} INFO - DAG(s) 'prediction_dag' retrieved from /opt/airflow/dags/prediction_dag.py
[2025-11-30T12:11:27.895+0000] {logging_mixin.py:188} INFO - [2025-11-30T12:11:27.895+0000] {dag.py:3047} INFO - Sync 1 DAGs
[2025-11-30T12:11:27.924+0000] {logging_mixin.py:188} INFO - [2025-11-30T12:11:27.924+0000] {dag.py:3834} INFO - Setting next_dagrun for prediction_dag to 2025-11-30 12:10:00+00:00, run_after=2025-11-30 12:12:00+00:00
[2025-11-30T12:11:27.943+0000] {processor.py:183} INFO - Processing /opt/airflow/dags/prediction_dag.py took 0.154 seconds
[2025-11-30T12:11:58.353+0000] {processor.py:161} INFO - Started process (PID=32180) to work on /opt/airflow/dags/prediction_dag.py
[2025-11-30T12:11:58.355+0000] {processor.py:830} INFO - Processing file /opt/airflow/dags/prediction_dag.py for tasks to queue
[2025-11-30T12:11:58.360+0000] {logging_mixin.py:188} INFO - [2025-11-30T12:11:58.359+0000] {dagbag.py:540} INFO - Filling up the DagBag from /opt/airflow/dags/prediction_dag.py
[2025-11-30T12:11:58.395+0000] {processor.py:840} INFO - DAG(s) 'prediction_dag' retrieved from /opt/airflow/dags/prediction_dag.py
[2025-11-30T12:11:58.450+0000] {logging_mixin.py:188} INFO - [2025-11-30T12:11:58.450+0000] {dag.py:3047} INFO - Sync 1 DAGs
[2025-11-30T12:11:58.480+0000] {logging_mixin.py:188} INFO - [2025-11-30T12:11:58.480+0000] {dag.py:3834} INFO - Setting next_dagrun for prediction_dag to 2025-11-30 12:10:00+00:00, run_after=2025-11-30 12:12:00+00:00
[2025-11-30T12:11:58.497+0000] {processor.py:183} INFO - Processing /opt/airflow/dags/prediction_dag.py took 0.159 seconds
[2025-11-30T12:12:28.790+0000] {processor.py:161} INFO - Started process (PID=32266) to work on /opt/airflow/dags/prediction_dag.py
[2025-11-30T12:12:28.793+0000] {processor.py:830} INFO - Processing file /opt/airflow/dags/prediction_dag.py for tasks to queue
[2025-11-30T12:12:28.794+0000] {logging_mixin.py:188} INFO - [2025-11-30T12:12:28.794+0000] {dagbag.py:540} INFO - Filling up the DagBag from /opt/airflow/dags/prediction_dag.py
[2025-11-30T12:12:28.825+0000] {processor.py:840} INFO - DAG(s) 'prediction_dag' retrieved from /opt/airflow/dags/prediction_dag.py
[2025-11-30T12:12:28.874+0000] {logging_mixin.py:188} INFO - [2025-11-30T12:12:28.874+0000] {dag.py:3047} INFO - Sync 1 DAGs
[2025-11-30T12:12:28.908+0000] {logging_mixin.py:188} INFO - [2025-11-30T12:12:28.907+0000] {dag.py:3834} INFO - Setting next_dagrun for prediction_dag to 2025-11-30 12:12:00+00:00, run_after=2025-11-30 12:14:00+00:00
[2025-11-30T12:12:28.920+0000] {processor.py:183} INFO - Processing /opt/airflow/dags/prediction_dag.py took 0.145 seconds
[2025-11-30T12:12:59.262+0000] {processor.py:161} INFO - Started process (PID=32284) to work on /opt/airflow/dags/prediction_dag.py
[2025-11-30T12:12:59.264+0000] {processor.py:830} INFO - Processing file /opt/airflow/dags/prediction_dag.py for tasks to queue
[2025-11-30T12:12:59.266+0000] {logging_mixin.py:188} INFO - [2025-11-30T12:12:59.265+0000] {dagbag.py:540} INFO - Filling up the DagBag from /opt/airflow/dags/prediction_dag.py
[2025-11-30T12:12:59.301+0000] {processor.py:840} INFO - DAG(s) 'prediction_dag' retrieved from /opt/airflow/dags/prediction_dag.py
[2025-11-30T12:12:59.356+0000] {logging_mixin.py:188} INFO - [2025-11-30T12:12:59.355+0000] {dag.py:3047} INFO - Sync 1 DAGs
[2025-11-30T12:12:59.384+0000] {logging_mixin.py:188} INFO - [2025-11-30T12:12:59.383+0000] {dag.py:3834} INFO - Setting next_dagrun for prediction_dag to 2025-11-30 12:12:00+00:00, run_after=2025-11-30 12:14:00+00:00
[2025-11-30T12:12:59.398+0000] {processor.py:183} INFO - Processing /opt/airflow/dags/prediction_dag.py took 0.145 seconds
[2025-11-30T12:13:29.653+0000] {processor.py:161} INFO - Started process (PID=32364) to work on /opt/airflow/dags/prediction_dag.py
[2025-11-30T12:13:29.658+0000] {processor.py:830} INFO - Processing file /opt/airflow/dags/prediction_dag.py for tasks to queue
[2025-11-30T12:13:29.659+0000] {logging_mixin.py:188} INFO - [2025-11-30T12:13:29.659+0000] {dagbag.py:540} INFO - Filling up the DagBag from /opt/airflow/dags/prediction_dag.py
[2025-11-30T12:13:29.692+0000] {processor.py:840} INFO - DAG(s) 'prediction_dag' retrieved from /opt/airflow/dags/prediction_dag.py
[2025-11-30T12:13:29.750+0000] {logging_mixin.py:188} INFO - [2025-11-30T12:13:29.749+0000] {dag.py:3047} INFO - Sync 1 DAGs
[2025-11-30T12:13:29.780+0000] {logging_mixin.py:188} INFO - [2025-11-30T12:13:29.780+0000] {dag.py:3834} INFO - Setting next_dagrun for prediction_dag to 2025-11-30 12:12:00+00:00, run_after=2025-11-30 12:14:00+00:00
[2025-11-30T12:13:29.792+0000] {processor.py:183} INFO - Processing /opt/airflow/dags/prediction_dag.py took 0.149 seconds
[2025-11-30T12:14:00.379+0000] {processor.py:161} INFO - Started process (PID=32382) to work on /opt/airflow/dags/prediction_dag.py
[2025-11-30T12:14:00.383+0000] {processor.py:830} INFO - Processing file /opt/airflow/dags/prediction_dag.py for tasks to queue
[2025-11-30T12:14:00.384+0000] {logging_mixin.py:188} INFO - [2025-11-30T12:14:00.384+0000] {dagbag.py:540} INFO - Filling up the DagBag from /opt/airflow/dags/prediction_dag.py
[2025-11-30T12:14:00.528+0000] {processor.py:840} INFO - DAG(s) 'prediction_dag' retrieved from /opt/airflow/dags/prediction_dag.py
[2025-11-30T12:14:00.778+0000] {logging_mixin.py:188} INFO - [2025-11-30T12:14:00.778+0000] {dag.py:3047} INFO - Sync 1 DAGs
[2025-11-30T12:14:00.926+0000] {logging_mixin.py:188} INFO - [2025-11-30T12:14:00.925+0000] {dag.py:3834} INFO - Setting next_dagrun for prediction_dag to 2025-11-30 12:14:00+00:00, run_after=2025-11-30 12:16:00+00:00
[2025-11-30T12:14:00.962+0000] {processor.py:183} INFO - Processing /opt/airflow/dags/prediction_dag.py took 0.592 seconds
[2025-11-30T12:14:31.477+0000] {processor.py:161} INFO - Started process (PID=32468) to work on /opt/airflow/dags/prediction_dag.py
[2025-11-30T12:14:31.482+0000] {processor.py:830} INFO - Processing file /opt/airflow/dags/prediction_dag.py for tasks to queue
[2025-11-30T12:14:31.483+0000] {logging_mixin.py:188} INFO - [2025-11-30T12:14:31.483+0000] {dagbag.py:540} INFO - Filling up the DagBag from /opt/airflow/dags/prediction_dag.py
[2025-11-30T12:14:31.528+0000] {processor.py:840} INFO - DAG(s) 'prediction_dag' retrieved from /opt/airflow/dags/prediction_dag.py
[2025-11-30T12:14:31.571+0000] {logging_mixin.py:188} INFO - [2025-11-30T12:14:31.570+0000] {dag.py:3047} INFO - Sync 1 DAGs
[2025-11-30T12:14:31.601+0000] {logging_mixin.py:188} INFO - [2025-11-30T12:14:31.601+0000] {dag.py:3834} INFO - Setting next_dagrun for prediction_dag to 2025-11-30 12:14:00+00:00, run_after=2025-11-30 12:16:00+00:00
[2025-11-30T12:14:31.617+0000] {processor.py:183} INFO - Processing /opt/airflow/dags/prediction_dag.py took 0.149 seconds
[2025-11-30T12:15:01.957+0000] {processor.py:161} INFO - Started process (PID=32488) to work on /opt/airflow/dags/prediction_dag.py
[2025-11-30T12:15:01.960+0000] {processor.py:830} INFO - Processing file /opt/airflow/dags/prediction_dag.py for tasks to queue
[2025-11-30T12:15:01.961+0000] {logging_mixin.py:188} INFO - [2025-11-30T12:15:01.961+0000] {dagbag.py:540} INFO - Filling up the DagBag from /opt/airflow/dags/prediction_dag.py
[2025-11-30T12:15:01.985+0000] {processor.py:840} INFO - DAG(s) 'prediction_dag' retrieved from /opt/airflow/dags/prediction_dag.py
[2025-11-30T12:15:02.021+0000] {logging_mixin.py:188} INFO - [2025-11-30T12:15:02.021+0000] {dag.py:3047} INFO - Sync 1 DAGs
[2025-11-30T12:15:02.080+0000] {logging_mixin.py:188} INFO - [2025-11-30T12:15:02.080+0000] {dag.py:3834} INFO - Setting next_dagrun for prediction_dag to 2025-11-30 12:14:00+00:00, run_after=2025-11-30 12:16:00+00:00
[2025-11-30T12:15:02.127+0000] {processor.py:183} INFO - Processing /opt/airflow/dags/prediction_dag.py took 0.175 seconds
[2025-11-30T12:15:32.243+0000] {processor.py:161} INFO - Started process (PID=32566) to work on /opt/airflow/dags/prediction_dag.py
[2025-11-30T12:15:32.247+0000] {processor.py:830} INFO - Processing file /opt/airflow/dags/prediction_dag.py for tasks to queue
[2025-11-30T12:15:32.249+0000] {logging_mixin.py:188} INFO - [2025-11-30T12:15:32.248+0000] {dagbag.py:540} INFO - Filling up the DagBag from /opt/airflow/dags/prediction_dag.py
[2025-11-30T12:15:32.280+0000] {processor.py:840} INFO - DAG(s) 'prediction_dag' retrieved from /opt/airflow/dags/prediction_dag.py
[2025-11-30T12:15:32.321+0000] {logging_mixin.py:188} INFO - [2025-11-30T12:15:32.321+0000] {dag.py:3047} INFO - Sync 1 DAGs
[2025-11-30T12:15:32.345+0000] {logging_mixin.py:188} INFO - [2025-11-30T12:15:32.345+0000] {dag.py:3834} INFO - Setting next_dagrun for prediction_dag to 2025-11-30 12:14:00+00:00, run_after=2025-11-30 12:16:00+00:00
[2025-11-30T12:15:32.360+0000] {processor.py:183} INFO - Processing /opt/airflow/dags/prediction_dag.py took 0.128 seconds
[2025-11-30T12:16:02.627+0000] {processor.py:161} INFO - Started process (PID=32597) to work on /opt/airflow/dags/prediction_dag.py
[2025-11-30T12:16:02.629+0000] {processor.py:830} INFO - Processing file /opt/airflow/dags/prediction_dag.py for tasks to queue
[2025-11-30T12:16:02.630+0000] {logging_mixin.py:188} INFO - [2025-11-30T12:16:02.630+0000] {dagbag.py:540} INFO - Filling up the DagBag from /opt/airflow/dags/prediction_dag.py
[2025-11-30T12:16:02.653+0000] {processor.py:840} INFO - DAG(s) 'prediction_dag' retrieved from /opt/airflow/dags/prediction_dag.py
[2025-11-30T12:16:02.687+0000] {logging_mixin.py:188} INFO - [2025-11-30T12:16:02.687+0000] {dag.py:3047} INFO - Sync 1 DAGs
[2025-11-30T12:16:02.708+0000] {logging_mixin.py:188} INFO - [2025-11-30T12:16:02.708+0000] {dag.py:3834} INFO - Setting next_dagrun for prediction_dag to 2025-11-30 12:16:00+00:00, run_after=2025-11-30 12:18:00+00:00
[2025-11-30T12:16:02.723+0000] {processor.py:183} INFO - Processing /opt/airflow/dags/prediction_dag.py took 0.101 seconds
[2025-11-30T12:16:33.321+0000] {processor.py:161} INFO - Started process (PID=32670) to work on /opt/airflow/dags/prediction_dag.py
[2025-11-30T12:16:33.325+0000] {processor.py:830} INFO - Processing file /opt/airflow/dags/prediction_dag.py for tasks to queue
[2025-11-30T12:16:33.327+0000] {logging_mixin.py:188} INFO - [2025-11-30T12:16:33.326+0000] {dagbag.py:540} INFO - Filling up the DagBag from /opt/airflow/dags/prediction_dag.py
[2025-11-30T12:16:33.370+0000] {processor.py:840} INFO - DAG(s) 'prediction_dag' retrieved from /opt/airflow/dags/prediction_dag.py
[2025-11-30T12:16:33.477+0000] {logging_mixin.py:188} INFO - [2025-11-30T12:16:33.476+0000] {dag.py:3047} INFO - Sync 1 DAGs
[2025-11-30T12:16:33.506+0000] {logging_mixin.py:188} INFO - [2025-11-30T12:16:33.506+0000] {dag.py:3834} INFO - Setting next_dagrun for prediction_dag to 2025-11-30 12:16:00+00:00, run_after=2025-11-30 12:18:00+00:00
[2025-11-30T12:16:33.529+0000] {processor.py:183} INFO - Processing /opt/airflow/dags/prediction_dag.py took 0.220 seconds
[2025-11-30T12:17:04.027+0000] {processor.py:161} INFO - Started process (PID=32700) to work on /opt/airflow/dags/prediction_dag.py
[2025-11-30T12:17:04.030+0000] {processor.py:830} INFO - Processing file /opt/airflow/dags/prediction_dag.py for tasks to queue
[2025-11-30T12:17:04.031+0000] {logging_mixin.py:188} INFO - [2025-11-30T12:17:04.030+0000] {dagbag.py:540} INFO - Filling up the DagBag from /opt/airflow/dags/prediction_dag.py
[2025-11-30T12:17:04.048+0000] {processor.py:840} INFO - DAG(s) 'prediction_dag' retrieved from /opt/airflow/dags/prediction_dag.py
[2025-11-30T12:17:04.095+0000] {logging_mixin.py:188} INFO - [2025-11-30T12:17:04.094+0000] {dag.py:3047} INFO - Sync 1 DAGs
[2025-11-30T12:17:04.134+0000] {logging_mixin.py:188} INFO - [2025-11-30T12:17:04.134+0000] {dag.py:3834} INFO - Setting next_dagrun for prediction_dag to 2025-11-30 12:16:00+00:00, run_after=2025-11-30 12:18:00+00:00
[2025-11-30T12:17:04.151+0000] {processor.py:183} INFO - Processing /opt/airflow/dags/prediction_dag.py took 0.132 seconds
[2025-11-30T12:17:34.626+0000] {processor.py:161} INFO - Started process (PID=32768) to work on /opt/airflow/dags/prediction_dag.py
[2025-11-30T12:17:34.629+0000] {processor.py:830} INFO - Processing file /opt/airflow/dags/prediction_dag.py for tasks to queue
[2025-11-30T12:17:34.631+0000] {logging_mixin.py:188} INFO - [2025-11-30T12:17:34.630+0000] {dagbag.py:540} INFO - Filling up the DagBag from /opt/airflow/dags/prediction_dag.py
[2025-11-30T12:17:34.671+0000] {processor.py:840} INFO - DAG(s) 'prediction_dag' retrieved from /opt/airflow/dags/prediction_dag.py
[2025-11-30T12:17:34.728+0000] {logging_mixin.py:188} INFO - [2025-11-30T12:17:34.728+0000] {dag.py:3047} INFO - Sync 1 DAGs
[2025-11-30T12:17:34.752+0000] {logging_mixin.py:188} INFO - [2025-11-30T12:17:34.752+0000] {dag.py:3834} INFO - Setting next_dagrun for prediction_dag to 2025-11-30 12:16:00+00:00, run_after=2025-11-30 12:18:00+00:00
[2025-11-30T12:17:34.771+0000] {processor.py:183} INFO - Processing /opt/airflow/dags/prediction_dag.py took 0.166 seconds
[2025-11-30T12:18:04.940+0000] {processor.py:161} INFO - Started process (PID=32811) to work on /opt/airflow/dags/prediction_dag.py
[2025-11-30T12:18:04.941+0000] {processor.py:830} INFO - Processing file /opt/airflow/dags/prediction_dag.py for tasks to queue
[2025-11-30T12:18:04.943+0000] {logging_mixin.py:188} INFO - [2025-11-30T12:18:04.942+0000] {dagbag.py:540} INFO - Filling up the DagBag from /opt/airflow/dags/prediction_dag.py
[2025-11-30T12:18:04.962+0000] {processor.py:840} INFO - DAG(s) 'prediction_dag' retrieved from /opt/airflow/dags/prediction_dag.py
[2025-11-30T12:18:05.000+0000] {logging_mixin.py:188} INFO - [2025-11-30T12:18:05.000+0000] {dag.py:3047} INFO - Sync 1 DAGs
[2025-11-30T12:18:05.036+0000] {logging_mixin.py:188} INFO - [2025-11-30T12:18:05.036+0000] {dag.py:3834} INFO - Setting next_dagrun for prediction_dag to 2025-11-30 12:18:00+00:00, run_after=2025-11-30 12:20:00+00:00
[2025-11-30T12:18:05.051+0000] {processor.py:183} INFO - Processing /opt/airflow/dags/prediction_dag.py took 0.125 seconds
[2025-11-30T12:18:35.320+0000] {processor.py:161} INFO - Started process (PID=32872) to work on /opt/airflow/dags/prediction_dag.py
[2025-11-30T12:18:35.322+0000] {processor.py:830} INFO - Processing file /opt/airflow/dags/prediction_dag.py for tasks to queue
[2025-11-30T12:18:35.323+0000] {logging_mixin.py:188} INFO - [2025-11-30T12:18:35.322+0000] {dagbag.py:540} INFO - Filling up the DagBag from /opt/airflow/dags/prediction_dag.py
[2025-11-30T12:18:35.353+0000] {processor.py:840} INFO - DAG(s) 'prediction_dag' retrieved from /opt/airflow/dags/prediction_dag.py
[2025-11-30T12:18:35.382+0000] {logging_mixin.py:188} INFO - [2025-11-30T12:18:35.382+0000] {dag.py:3047} INFO - Sync 1 DAGs
[2025-11-30T12:18:35.401+0000] {logging_mixin.py:188} INFO - [2025-11-30T12:18:35.400+0000] {dag.py:3834} INFO - Setting next_dagrun for prediction_dag to 2025-11-30 12:18:00+00:00, run_after=2025-11-30 12:20:00+00:00
[2025-11-30T12:18:35.412+0000] {processor.py:183} INFO - Processing /opt/airflow/dags/prediction_dag.py took 0.103 seconds
[2025-11-30T12:19:05.709+0000] {processor.py:161} INFO - Started process (PID=32919) to work on /opt/airflow/dags/prediction_dag.py
[2025-11-30T12:19:05.711+0000] {processor.py:830} INFO - Processing file /opt/airflow/dags/prediction_dag.py for tasks to queue
[2025-11-30T12:19:05.711+0000] {logging_mixin.py:188} INFO - [2025-11-30T12:19:05.711+0000] {dagbag.py:540} INFO - Filling up the DagBag from /opt/airflow/dags/prediction_dag.py
[2025-11-30T12:19:05.773+0000] {processor.py:840} INFO - DAG(s) 'prediction_dag' retrieved from /opt/airflow/dags/prediction_dag.py
[2025-11-30T12:19:05.849+0000] {logging_mixin.py:188} INFO - [2025-11-30T12:19:05.849+0000] {dag.py:3047} INFO - Sync 1 DAGs
[2025-11-30T12:19:05.896+0000] {logging_mixin.py:188} INFO - [2025-11-30T12:19:05.895+0000] {dag.py:3834} INFO - Setting next_dagrun for prediction_dag to 2025-11-30 12:18:00+00:00, run_after=2025-11-30 12:20:00+00:00
[2025-11-30T12:19:05.913+0000] {processor.py:183} INFO - Processing /opt/airflow/dags/prediction_dag.py took 0.209 seconds
[2025-11-30T12:19:36.118+0000] {processor.py:161} INFO - Started process (PID=32960) to work on /opt/airflow/dags/prediction_dag.py
[2025-11-30T12:19:36.120+0000] {processor.py:830} INFO - Processing file /opt/airflow/dags/prediction_dag.py for tasks to queue
[2025-11-30T12:19:36.121+0000] {logging_mixin.py:188} INFO - [2025-11-30T12:19:36.121+0000] {dagbag.py:540} INFO - Filling up the DagBag from /opt/airflow/dags/prediction_dag.py
[2025-11-30T12:19:36.157+0000] {processor.py:840} INFO - DAG(s) 'prediction_dag' retrieved from /opt/airflow/dags/prediction_dag.py
[2025-11-30T12:19:36.204+0000] {logging_mixin.py:188} INFO - [2025-11-30T12:19:36.204+0000] {dag.py:3047} INFO - Sync 1 DAGs
[2025-11-30T12:19:36.237+0000] {logging_mixin.py:188} INFO - [2025-11-30T12:19:36.237+0000] {dag.py:3834} INFO - Setting next_dagrun for prediction_dag to 2025-11-30 12:18:00+00:00, run_after=2025-11-30 12:20:00+00:00
[2025-11-30T12:19:36.253+0000] {processor.py:183} INFO - Processing /opt/airflow/dags/prediction_dag.py took 0.146 seconds
[2025-11-30T12:20:06.902+0000] {processor.py:161} INFO - Started process (PID=33000) to work on /opt/airflow/dags/prediction_dag.py
[2025-11-30T12:20:06.905+0000] {processor.py:830} INFO - Processing file /opt/airflow/dags/prediction_dag.py for tasks to queue
[2025-11-30T12:20:06.908+0000] {logging_mixin.py:188} INFO - [2025-11-30T12:20:06.906+0000] {dagbag.py:540} INFO - Filling up the DagBag from /opt/airflow/dags/prediction_dag.py
[2025-11-30T12:20:06.949+0000] {processor.py:840} INFO - DAG(s) 'prediction_dag' retrieved from /opt/airflow/dags/prediction_dag.py
[2025-11-30T12:20:07.031+0000] {logging_mixin.py:188} INFO - [2025-11-30T12:20:07.030+0000] {dag.py:3047} INFO - Sync 1 DAGs
[2025-11-30T12:20:07.108+0000] {logging_mixin.py:188} INFO - [2025-11-30T12:20:07.106+0000] {dag.py:3834} INFO - Setting next_dagrun for prediction_dag to 2025-11-30 12:20:00+00:00, run_after=2025-11-30 12:22:00+00:00
[2025-11-30T12:20:07.172+0000] {processor.py:183} INFO - Processing /opt/airflow/dags/prediction_dag.py took 0.290 seconds
[2025-11-30T12:20:37.787+0000] {processor.py:161} INFO - Started process (PID=33061) to work on /opt/airflow/dags/prediction_dag.py
[2025-11-30T12:20:37.789+0000] {processor.py:830} INFO - Processing file /opt/airflow/dags/prediction_dag.py for tasks to queue
[2025-11-30T12:20:37.790+0000] {logging_mixin.py:188} INFO - [2025-11-30T12:20:37.790+0000] {dagbag.py:540} INFO - Filling up the DagBag from /opt/airflow/dags/prediction_dag.py
[2025-11-30T12:20:37.826+0000] {processor.py:840} INFO - DAG(s) 'prediction_dag' retrieved from /opt/airflow/dags/prediction_dag.py
[2025-11-30T12:20:37.887+0000] {logging_mixin.py:188} INFO - [2025-11-30T12:20:37.887+0000] {dag.py:3047} INFO - Sync 1 DAGs
[2025-11-30T12:20:37.917+0000] {logging_mixin.py:188} INFO - [2025-11-30T12:20:37.916+0000] {dag.py:3834} INFO - Setting next_dagrun for prediction_dag to 2025-11-30 12:20:00+00:00, run_after=2025-11-30 12:22:00+00:00
[2025-11-30T12:20:37.933+0000] {processor.py:183} INFO - Processing /opt/airflow/dags/prediction_dag.py took 0.160 seconds
[2025-11-30T12:21:08.239+0000] {processor.py:161} INFO - Started process (PID=33101) to work on /opt/airflow/dags/prediction_dag.py
[2025-11-30T12:21:08.241+0000] {processor.py:830} INFO - Processing file /opt/airflow/dags/prediction_dag.py for tasks to queue
[2025-11-30T12:21:08.242+0000] {logging_mixin.py:188} INFO - [2025-11-30T12:21:08.242+0000] {dagbag.py:540} INFO - Filling up the DagBag from /opt/airflow/dags/prediction_dag.py
[2025-11-30T12:21:08.271+0000] {processor.py:840} INFO - DAG(s) 'prediction_dag' retrieved from /opt/airflow/dags/prediction_dag.py
[2025-11-30T12:21:08.324+0000] {logging_mixin.py:188} INFO - [2025-11-30T12:21:08.323+0000] {dag.py:3047} INFO - Sync 1 DAGs
[2025-11-30T12:21:08.355+0000] {logging_mixin.py:188} INFO - [2025-11-30T12:21:08.355+0000] {dag.py:3834} INFO - Setting next_dagrun for prediction_dag to 2025-11-30 12:20:00+00:00, run_after=2025-11-30 12:22:00+00:00
[2025-11-30T12:21:08.371+0000] {processor.py:183} INFO - Processing /opt/airflow/dags/prediction_dag.py took 0.146 seconds
[2025-11-30T12:21:38.614+0000] {processor.py:161} INFO - Started process (PID=33159) to work on /opt/airflow/dags/prediction_dag.py
[2025-11-30T12:21:38.616+0000] {processor.py:830} INFO - Processing file /opt/airflow/dags/prediction_dag.py for tasks to queue
[2025-11-30T12:21:38.618+0000] {logging_mixin.py:188} INFO - [2025-11-30T12:21:38.617+0000] {dagbag.py:540} INFO - Filling up the DagBag from /opt/airflow/dags/prediction_dag.py
[2025-11-30T12:21:38.651+0000] {processor.py:840} INFO - DAG(s) 'prediction_dag' retrieved from /opt/airflow/dags/prediction_dag.py
[2025-11-30T12:21:38.709+0000] {logging_mixin.py:188} INFO - [2025-11-30T12:21:38.709+0000] {dag.py:3047} INFO - Sync 1 DAGs
[2025-11-30T12:21:38.739+0000] {logging_mixin.py:188} INFO - [2025-11-30T12:21:38.739+0000] {dag.py:3834} INFO - Setting next_dagrun for prediction_dag to 2025-11-30 12:20:00+00:00, run_after=2025-11-30 12:22:00+00:00
[2025-11-30T12:21:38.754+0000] {processor.py:183} INFO - Processing /opt/airflow/dags/prediction_dag.py took 0.154 seconds
[2025-11-30T12:22:09.149+0000] {processor.py:161} INFO - Started process (PID=33204) to work on /opt/airflow/dags/prediction_dag.py
[2025-11-30T12:22:09.156+0000] {processor.py:830} INFO - Processing file /opt/airflow/dags/prediction_dag.py for tasks to queue
[2025-11-30T12:22:09.158+0000] {logging_mixin.py:188} INFO - [2025-11-30T12:22:09.157+0000] {dagbag.py:540} INFO - Filling up the DagBag from /opt/airflow/dags/prediction_dag.py
[2025-11-30T12:22:09.196+0000] {processor.py:840} INFO - DAG(s) 'prediction_dag' retrieved from /opt/airflow/dags/prediction_dag.py
[2025-11-30T12:22:09.273+0000] {logging_mixin.py:188} INFO - [2025-11-30T12:22:09.273+0000] {dag.py:3047} INFO - Sync 1 DAGs
[2025-11-30T12:22:09.312+0000] {logging_mixin.py:188} INFO - [2025-11-30T12:22:09.312+0000] {dag.py:3834} INFO - Setting next_dagrun for prediction_dag to 2025-11-30 12:22:00+00:00, run_after=2025-11-30 12:24:00+00:00
[2025-11-30T12:22:09.334+0000] {processor.py:183} INFO - Processing /opt/airflow/dags/prediction_dag.py took 0.205 seconds
[2025-11-30T12:22:39.742+0000] {processor.py:161} INFO - Started process (PID=33263) to work on /opt/airflow/dags/prediction_dag.py
[2025-11-30T12:22:39.745+0000] {processor.py:830} INFO - Processing file /opt/airflow/dags/prediction_dag.py for tasks to queue
[2025-11-30T12:22:39.747+0000] {logging_mixin.py:188} INFO - [2025-11-30T12:22:39.746+0000] {dagbag.py:540} INFO - Filling up the DagBag from /opt/airflow/dags/prediction_dag.py
[2025-11-30T12:22:39.783+0000] {processor.py:840} INFO - DAG(s) 'prediction_dag' retrieved from /opt/airflow/dags/prediction_dag.py
[2025-11-30T12:22:39.830+0000] {logging_mixin.py:188} INFO - [2025-11-30T12:22:39.830+0000] {dag.py:3047} INFO - Sync 1 DAGs
[2025-11-30T12:22:39.855+0000] {logging_mixin.py:188} INFO - [2025-11-30T12:22:39.854+0000] {dag.py:3834} INFO - Setting next_dagrun for prediction_dag to 2025-11-30 12:22:00+00:00, run_after=2025-11-30 12:24:00+00:00
[2025-11-30T12:22:39.868+0000] {processor.py:183} INFO - Processing /opt/airflow/dags/prediction_dag.py took 0.136 seconds
[2025-11-30T12:23:10.247+0000] {processor.py:161} INFO - Started process (PID=33319) to work on /opt/airflow/dags/prediction_dag.py
[2025-11-30T12:23:10.249+0000] {processor.py:830} INFO - Processing file /opt/airflow/dags/prediction_dag.py for tasks to queue
[2025-11-30T12:23:10.251+0000] {logging_mixin.py:188} INFO - [2025-11-30T12:23:10.251+0000] {dagbag.py:540} INFO - Filling up the DagBag from /opt/airflow/dags/prediction_dag.py
[2025-11-30T12:23:10.296+0000] {processor.py:840} INFO - DAG(s) 'prediction_dag' retrieved from /opt/airflow/dags/prediction_dag.py
[2025-11-30T12:23:10.355+0000] {logging_mixin.py:188} INFO - [2025-11-30T12:23:10.355+0000] {dag.py:3047} INFO - Sync 1 DAGs
[2025-11-30T12:23:10.429+0000] {logging_mixin.py:188} INFO - [2025-11-30T12:23:10.429+0000] {dag.py:3834} INFO - Setting next_dagrun for prediction_dag to 2025-11-30 12:22:00+00:00, run_after=2025-11-30 12:24:00+00:00
[2025-11-30T12:23:10.483+0000] {processor.py:183} INFO - Processing /opt/airflow/dags/prediction_dag.py took 0.242 seconds
[2025-11-30T12:23:40.871+0000] {processor.py:161} INFO - Started process (PID=33361) to work on /opt/airflow/dags/prediction_dag.py
[2025-11-30T12:23:40.875+0000] {processor.py:830} INFO - Processing file /opt/airflow/dags/prediction_dag.py for tasks to queue
[2025-11-30T12:23:40.876+0000] {logging_mixin.py:188} INFO - [2025-11-30T12:23:40.876+0000] {dagbag.py:540} INFO - Filling up the DagBag from /opt/airflow/dags/prediction_dag.py
[2025-11-30T12:23:40.919+0000] {processor.py:840} INFO - DAG(s) 'prediction_dag' retrieved from /opt/airflow/dags/prediction_dag.py
[2025-11-30T12:23:40.985+0000] {logging_mixin.py:188} INFO - [2025-11-30T12:23:40.985+0000] {dag.py:3047} INFO - Sync 1 DAGs
[2025-11-30T12:23:41.023+0000] {logging_mixin.py:188} INFO - [2025-11-30T12:23:41.023+0000] {dag.py:3834} INFO - Setting next_dagrun for prediction_dag to 2025-11-30 12:22:00+00:00, run_after=2025-11-30 12:24:00+00:00
[2025-11-30T12:23:41.041+0000] {processor.py:183} INFO - Processing /opt/airflow/dags/prediction_dag.py took 0.182 seconds
[2025-11-30T12:24:11.372+0000] {processor.py:161} INFO - Started process (PID=33420) to work on /opt/airflow/dags/prediction_dag.py
[2025-11-30T12:24:11.380+0000] {processor.py:830} INFO - Processing file /opt/airflow/dags/prediction_dag.py for tasks to queue
[2025-11-30T12:24:11.386+0000] {logging_mixin.py:188} INFO - [2025-11-30T12:24:11.381+0000] {dagbag.py:540} INFO - Filling up the DagBag from /opt/airflow/dags/prediction_dag.py
[2025-11-30T12:24:11.432+0000] {processor.py:840} INFO - DAG(s) 'prediction_dag' retrieved from /opt/airflow/dags/prediction_dag.py
[2025-11-30T12:24:11.530+0000] {logging_mixin.py:188} INFO - [2025-11-30T12:24:11.529+0000] {dag.py:3047} INFO - Sync 1 DAGs
[2025-11-30T12:24:11.578+0000] {logging_mixin.py:188} INFO - [2025-11-30T12:24:11.577+0000] {dag.py:3834} INFO - Setting next_dagrun for prediction_dag to 2025-11-30 12:24:00+00:00, run_after=2025-11-30 12:26:00+00:00
[2025-11-30T12:24:11.617+0000] {processor.py:183} INFO - Processing /opt/airflow/dags/prediction_dag.py took 0.262 seconds
[2025-11-30T12:24:42.078+0000] {processor.py:161} INFO - Started process (PID=33465) to work on /opt/airflow/dags/prediction_dag.py
[2025-11-30T12:24:42.081+0000] {processor.py:830} INFO - Processing file /opt/airflow/dags/prediction_dag.py for tasks to queue
[2025-11-30T12:24:42.082+0000] {logging_mixin.py:188} INFO - [2025-11-30T12:24:42.082+0000] {dagbag.py:540} INFO - Filling up the DagBag from /opt/airflow/dags/prediction_dag.py
[2025-11-30T12:24:42.112+0000] {processor.py:840} INFO - DAG(s) 'prediction_dag' retrieved from /opt/airflow/dags/prediction_dag.py
[2025-11-30T12:24:42.168+0000] {logging_mixin.py:188} INFO - [2025-11-30T12:24:42.168+0000] {dag.py:3047} INFO - Sync 1 DAGs
[2025-11-30T12:24:42.199+0000] {logging_mixin.py:188} INFO - [2025-11-30T12:24:42.199+0000] {dag.py:3834} INFO - Setting next_dagrun for prediction_dag to 2025-11-30 12:24:00+00:00, run_after=2025-11-30 12:26:00+00:00
[2025-11-30T12:24:42.212+0000] {processor.py:183} INFO - Processing /opt/airflow/dags/prediction_dag.py took 0.147 seconds
[2025-11-30T12:25:12.618+0000] {processor.py:161} INFO - Started process (PID=33521) to work on /opt/airflow/dags/prediction_dag.py
[2025-11-30T12:25:12.621+0000] {processor.py:830} INFO - Processing file /opt/airflow/dags/prediction_dag.py for tasks to queue
[2025-11-30T12:25:12.623+0000] {logging_mixin.py:188} INFO - [2025-11-30T12:25:12.622+0000] {dagbag.py:540} INFO - Filling up the DagBag from /opt/airflow/dags/prediction_dag.py
[2025-11-30T12:25:12.647+0000] {processor.py:840} INFO - DAG(s) 'prediction_dag' retrieved from /opt/airflow/dags/prediction_dag.py
[2025-11-30T12:25:12.734+0000] {logging_mixin.py:188} INFO - [2025-11-30T12:25:12.734+0000] {dag.py:3047} INFO - Sync 1 DAGs
[2025-11-30T12:25:12.764+0000] {logging_mixin.py:188} INFO - [2025-11-30T12:25:12.764+0000] {dag.py:3834} INFO - Setting next_dagrun for prediction_dag to 2025-11-30 12:24:00+00:00, run_after=2025-11-30 12:26:00+00:00
[2025-11-30T12:25:12.790+0000] {processor.py:183} INFO - Processing /opt/airflow/dags/prediction_dag.py took 0.179 seconds
[2025-11-30T12:25:43.280+0000] {processor.py:161} INFO - Started process (PID=33563) to work on /opt/airflow/dags/prediction_dag.py
[2025-11-30T12:25:43.282+0000] {processor.py:830} INFO - Processing file /opt/airflow/dags/prediction_dag.py for tasks to queue
[2025-11-30T12:25:43.288+0000] {logging_mixin.py:188} INFO - [2025-11-30T12:25:43.285+0000] {dagbag.py:540} INFO - Filling up the DagBag from /opt/airflow/dags/prediction_dag.py
[2025-11-30T12:25:43.323+0000] {processor.py:840} INFO - DAG(s) 'prediction_dag' retrieved from /opt/airflow/dags/prediction_dag.py
[2025-11-30T12:25:43.375+0000] {logging_mixin.py:188} INFO - [2025-11-30T12:25:43.375+0000] {dag.py:3047} INFO - Sync 1 DAGs
[2025-11-30T12:25:43.406+0000] {logging_mixin.py:188} INFO - [2025-11-30T12:25:43.406+0000] {dag.py:3834} INFO - Setting next_dagrun for prediction_dag to 2025-11-30 12:24:00+00:00, run_after=2025-11-30 12:26:00+00:00
[2025-11-30T12:25:43.421+0000] {processor.py:183} INFO - Processing /opt/airflow/dags/prediction_dag.py took 0.151 seconds
[2025-11-30T12:26:14.039+0000] {processor.py:161} INFO - Started process (PID=33644) to work on /opt/airflow/dags/prediction_dag.py
[2025-11-30T12:26:14.048+0000] {processor.py:830} INFO - Processing file /opt/airflow/dags/prediction_dag.py for tasks to queue
[2025-11-30T12:26:14.057+0000] {logging_mixin.py:188} INFO - [2025-11-30T12:26:14.055+0000] {dagbag.py:540} INFO - Filling up the DagBag from /opt/airflow/dags/prediction_dag.py
[2025-11-30T12:26:14.200+0000] {processor.py:840} INFO - DAG(s) 'prediction_dag' retrieved from /opt/airflow/dags/prediction_dag.py
[2025-11-30T12:26:14.442+0000] {logging_mixin.py:188} INFO - [2025-11-30T12:26:14.440+0000] {dag.py:3047} INFO - Sync 1 DAGs
[2025-11-30T12:26:14.711+0000] {logging_mixin.py:188} INFO - [2025-11-30T12:26:14.710+0000] {dag.py:3834} INFO - Setting next_dagrun for prediction_dag to 2025-11-30 12:26:00+00:00, run_after=2025-11-30 12:28:00+00:00
[2025-11-30T12:26:14.815+0000] {processor.py:183} INFO - Processing /opt/airflow/dags/prediction_dag.py took 0.810 seconds
[2025-11-30T12:26:45.558+0000] {processor.py:161} INFO - Started process (PID=33654) to work on /opt/airflow/dags/prediction_dag.py
[2025-11-30T12:26:45.561+0000] {processor.py:830} INFO - Processing file /opt/airflow/dags/prediction_dag.py for tasks to queue
[2025-11-30T12:26:45.564+0000] {logging_mixin.py:188} INFO - [2025-11-30T12:26:45.562+0000] {dagbag.py:540} INFO - Filling up the DagBag from /opt/airflow/dags/prediction_dag.py
[2025-11-30T12:26:45.630+0000] {processor.py:840} INFO - DAG(s) 'prediction_dag' retrieved from /opt/airflow/dags/prediction_dag.py
[2025-11-30T12:26:45.720+0000] {logging_mixin.py:188} INFO - [2025-11-30T12:26:45.720+0000] {dag.py:3047} INFO - Sync 1 DAGs
[2025-11-30T12:26:45.765+0000] {logging_mixin.py:188} INFO - [2025-11-30T12:26:45.765+0000] {dag.py:3834} INFO - Setting next_dagrun for prediction_dag to 2025-11-30 12:26:00+00:00, run_after=2025-11-30 12:28:00+00:00
[2025-11-30T12:26:45.812+0000] {processor.py:183} INFO - Processing /opt/airflow/dags/prediction_dag.py took 0.274 seconds
[2025-11-30T12:27:16.331+0000] {processor.py:161} INFO - Started process (PID=33734) to work on /opt/airflow/dags/prediction_dag.py
[2025-11-30T12:27:16.336+0000] {processor.py:830} INFO - Processing file /opt/airflow/dags/prediction_dag.py for tasks to queue
[2025-11-30T12:27:16.339+0000] {logging_mixin.py:188} INFO - [2025-11-30T12:27:16.338+0000] {dagbag.py:540} INFO - Filling up the DagBag from /opt/airflow/dags/prediction_dag.py
[2025-11-30T12:27:16.378+0000] {processor.py:840} INFO - DAG(s) 'prediction_dag' retrieved from /opt/airflow/dags/prediction_dag.py
[2025-11-30T12:27:16.424+0000] {logging_mixin.py:188} INFO - [2025-11-30T12:27:16.424+0000] {dag.py:3047} INFO - Sync 1 DAGs
[2025-11-30T12:27:16.456+0000] {logging_mixin.py:188} INFO - [2025-11-30T12:27:16.455+0000] {dag.py:3834} INFO - Setting next_dagrun for prediction_dag to 2025-11-30 12:26:00+00:00, run_after=2025-11-30 12:28:00+00:00
[2025-11-30T12:27:16.468+0000] {processor.py:183} INFO - Processing /opt/airflow/dags/prediction_dag.py took 0.147 seconds
[2025-11-30T12:27:46.771+0000] {processor.py:161} INFO - Started process (PID=33752) to work on /opt/airflow/dags/prediction_dag.py
[2025-11-30T12:27:46.774+0000] {processor.py:830} INFO - Processing file /opt/airflow/dags/prediction_dag.py for tasks to queue
[2025-11-30T12:27:46.775+0000] {logging_mixin.py:188} INFO - [2025-11-30T12:27:46.775+0000] {dagbag.py:540} INFO - Filling up the DagBag from /opt/airflow/dags/prediction_dag.py
[2025-11-30T12:27:46.812+0000] {processor.py:840} INFO - DAG(s) 'prediction_dag' retrieved from /opt/airflow/dags/prediction_dag.py
[2025-11-30T12:27:46.867+0000] {logging_mixin.py:188} INFO - [2025-11-30T12:27:46.867+0000] {dag.py:3047} INFO - Sync 1 DAGs
[2025-11-30T12:27:46.897+0000] {logging_mixin.py:188} INFO - [2025-11-30T12:27:46.897+0000] {dag.py:3834} INFO - Setting next_dagrun for prediction_dag to 2025-11-30 12:26:00+00:00, run_after=2025-11-30 12:28:00+00:00
[2025-11-30T12:27:46.909+0000] {processor.py:183} INFO - Processing /opt/airflow/dags/prediction_dag.py took 0.147 seconds
[2025-11-30T12:28:17.546+0000] {processor.py:161} INFO - Started process (PID=33838) to work on /opt/airflow/dags/prediction_dag.py
[2025-11-30T12:28:17.549+0000] {processor.py:830} INFO - Processing file /opt/airflow/dags/prediction_dag.py for tasks to queue
[2025-11-30T12:28:17.550+0000] {logging_mixin.py:188} INFO - [2025-11-30T12:28:17.550+0000] {dagbag.py:540} INFO - Filling up the DagBag from /opt/airflow/dags/prediction_dag.py
[2025-11-30T12:28:17.590+0000] {processor.py:840} INFO - DAG(s) 'prediction_dag' retrieved from /opt/airflow/dags/prediction_dag.py
[2025-11-30T12:28:17.634+0000] {logging_mixin.py:188} INFO - [2025-11-30T12:28:17.634+0000] {dag.py:3047} INFO - Sync 1 DAGs
[2025-11-30T12:28:17.660+0000] {logging_mixin.py:188} INFO - [2025-11-30T12:28:17.660+0000] {dag.py:3834} INFO - Setting next_dagrun for prediction_dag to 2025-11-30 12:28:00+00:00, run_after=2025-11-30 12:30:00+00:00
[2025-11-30T12:28:17.677+0000] {processor.py:183} INFO - Processing /opt/airflow/dags/prediction_dag.py took 0.140 seconds
[2025-11-30T12:28:48.005+0000] {processor.py:161} INFO - Started process (PID=33856) to work on /opt/airflow/dags/prediction_dag.py
[2025-11-30T12:28:48.007+0000] {processor.py:830} INFO - Processing file /opt/airflow/dags/prediction_dag.py for tasks to queue
[2025-11-30T12:28:48.010+0000] {logging_mixin.py:188} INFO - [2025-11-30T12:28:48.009+0000] {dagbag.py:540} INFO - Filling up the DagBag from /opt/airflow/dags/prediction_dag.py
[2025-11-30T12:28:48.045+0000] {processor.py:840} INFO - DAG(s) 'prediction_dag' retrieved from /opt/airflow/dags/prediction_dag.py
[2025-11-30T12:28:48.098+0000] {logging_mixin.py:188} INFO - [2025-11-30T12:28:48.098+0000] {dag.py:3047} INFO - Sync 1 DAGs
[2025-11-30T12:28:48.130+0000] {logging_mixin.py:188} INFO - [2025-11-30T12:28:48.130+0000] {dag.py:3834} INFO - Setting next_dagrun for prediction_dag to 2025-11-30 12:28:00+00:00, run_after=2025-11-30 12:30:00+00:00
[2025-11-30T12:28:48.150+0000] {processor.py:183} INFO - Processing /opt/airflow/dags/prediction_dag.py took 0.157 seconds
[2025-11-30T12:29:18.732+0000] {processor.py:161} INFO - Started process (PID=33936) to work on /opt/airflow/dags/prediction_dag.py
[2025-11-30T12:29:18.734+0000] {processor.py:830} INFO - Processing file /opt/airflow/dags/prediction_dag.py for tasks to queue
[2025-11-30T12:29:18.736+0000] {logging_mixin.py:188} INFO - [2025-11-30T12:29:18.735+0000] {dagbag.py:540} INFO - Filling up the DagBag from /opt/airflow/dags/prediction_dag.py
[2025-11-30T12:29:18.764+0000] {processor.py:840} INFO - DAG(s) 'prediction_dag' retrieved from /opt/airflow/dags/prediction_dag.py
[2025-11-30T12:29:18.803+0000] {logging_mixin.py:188} INFO - [2025-11-30T12:29:18.803+0000] {dag.py:3047} INFO - Sync 1 DAGs
[2025-11-30T12:29:18.827+0000] {logging_mixin.py:188} INFO - [2025-11-30T12:29:18.827+0000] {dag.py:3834} INFO - Setting next_dagrun for prediction_dag to 2025-11-30 12:28:00+00:00, run_after=2025-11-30 12:30:00+00:00
[2025-11-30T12:29:18.843+0000] {processor.py:183} INFO - Processing /opt/airflow/dags/prediction_dag.py took 0.120 seconds
[2025-11-30T12:29:49.257+0000] {processor.py:161} INFO - Started process (PID=33954) to work on /opt/airflow/dags/prediction_dag.py
[2025-11-30T12:29:49.261+0000] {processor.py:830} INFO - Processing file /opt/airflow/dags/prediction_dag.py for tasks to queue
[2025-11-30T12:29:49.263+0000] {logging_mixin.py:188} INFO - [2025-11-30T12:29:49.262+0000] {dagbag.py:540} INFO - Filling up the DagBag from /opt/airflow/dags/prediction_dag.py
[2025-11-30T12:29:49.298+0000] {processor.py:840} INFO - DAG(s) 'prediction_dag' retrieved from /opt/airflow/dags/prediction_dag.py
[2025-11-30T12:29:49.342+0000] {logging_mixin.py:188} INFO - [2025-11-30T12:29:49.342+0000] {dag.py:3047} INFO - Sync 1 DAGs
[2025-11-30T12:29:49.375+0000] {logging_mixin.py:188} INFO - [2025-11-30T12:29:49.375+0000] {dag.py:3834} INFO - Setting next_dagrun for prediction_dag to 2025-11-30 12:28:00+00:00, run_after=2025-11-30 12:30:00+00:00
[2025-11-30T12:29:49.396+0000] {processor.py:183} INFO - Processing /opt/airflow/dags/prediction_dag.py took 0.148 seconds
[2025-11-30T12:30:19.676+0000] {processor.py:161} INFO - Started process (PID=34040) to work on /opt/airflow/dags/prediction_dag.py
[2025-11-30T12:30:19.679+0000] {processor.py:830} INFO - Processing file /opt/airflow/dags/prediction_dag.py for tasks to queue
[2025-11-30T12:30:19.681+0000] {logging_mixin.py:188} INFO - [2025-11-30T12:30:19.680+0000] {dagbag.py:540} INFO - Filling up the DagBag from /opt/airflow/dags/prediction_dag.py
[2025-11-30T12:30:19.714+0000] {processor.py:840} INFO - DAG(s) 'prediction_dag' retrieved from /opt/airflow/dags/prediction_dag.py
[2025-11-30T12:30:19.756+0000] {logging_mixin.py:188} INFO - [2025-11-30T12:30:19.756+0000] {dag.py:3047} INFO - Sync 1 DAGs
[2025-11-30T12:30:19.783+0000] {logging_mixin.py:188} INFO - [2025-11-30T12:30:19.783+0000] {dag.py:3834} INFO - Setting next_dagrun for prediction_dag to 2025-11-30 12:30:00+00:00, run_after=2025-11-30 12:32:00+00:00
[2025-11-30T12:30:19.798+0000] {processor.py:183} INFO - Processing /opt/airflow/dags/prediction_dag.py took 0.134 seconds
[2025-11-30T12:30:50.245+0000] {processor.py:161} INFO - Started process (PID=34058) to work on /opt/airflow/dags/prediction_dag.py
[2025-11-30T12:30:50.248+0000] {processor.py:830} INFO - Processing file /opt/airflow/dags/prediction_dag.py for tasks to queue
[2025-11-30T12:30:50.249+0000] {logging_mixin.py:188} INFO - [2025-11-30T12:30:50.249+0000] {dagbag.py:540} INFO - Filling up the DagBag from /opt/airflow/dags/prediction_dag.py
[2025-11-30T12:30:50.288+0000] {processor.py:840} INFO - DAG(s) 'prediction_dag' retrieved from /opt/airflow/dags/prediction_dag.py
[2025-11-30T12:30:50.348+0000] {logging_mixin.py:188} INFO - [2025-11-30T12:30:50.348+0000] {dag.py:3047} INFO - Sync 1 DAGs
[2025-11-30T12:30:50.397+0000] {logging_mixin.py:188} INFO - [2025-11-30T12:30:50.397+0000] {dag.py:3834} INFO - Setting next_dagrun for prediction_dag to 2025-11-30 12:30:00+00:00, run_after=2025-11-30 12:32:00+00:00
[2025-11-30T12:30:50.418+0000] {processor.py:183} INFO - Processing /opt/airflow/dags/prediction_dag.py took 0.181 seconds
[2025-11-30T12:31:20.886+0000] {processor.py:161} INFO - Started process (PID=34138) to work on /opt/airflow/dags/prediction_dag.py
[2025-11-30T12:31:20.889+0000] {processor.py:830} INFO - Processing file /opt/airflow/dags/prediction_dag.py for tasks to queue
[2025-11-30T12:31:20.891+0000] {logging_mixin.py:188} INFO - [2025-11-30T12:31:20.890+0000] {dagbag.py:540} INFO - Filling up the DagBag from /opt/airflow/dags/prediction_dag.py
[2025-11-30T12:31:20.926+0000] {processor.py:840} INFO - DAG(s) 'prediction_dag' retrieved from /opt/airflow/dags/prediction_dag.py
[2025-11-30T12:31:20.966+0000] {logging_mixin.py:188} INFO - [2025-11-30T12:31:20.966+0000] {dag.py:3047} INFO - Sync 1 DAGs
[2025-11-30T12:31:20.997+0000] {logging_mixin.py:188} INFO - [2025-11-30T12:31:20.997+0000] {dag.py:3834} INFO - Setting next_dagrun for prediction_dag to 2025-11-30 12:30:00+00:00, run_after=2025-11-30 12:32:00+00:00
[2025-11-30T12:31:21.010+0000] {processor.py:183} INFO - Processing /opt/airflow/dags/prediction_dag.py took 0.134 seconds
[2025-11-30T12:31:51.376+0000] {processor.py:161} INFO - Started process (PID=34156) to work on /opt/airflow/dags/prediction_dag.py
[2025-11-30T12:31:51.379+0000] {processor.py:830} INFO - Processing file /opt/airflow/dags/prediction_dag.py for tasks to queue
[2025-11-30T12:31:51.380+0000] {logging_mixin.py:188} INFO - [2025-11-30T12:31:51.379+0000] {dagbag.py:540} INFO - Filling up the DagBag from /opt/airflow/dags/prediction_dag.py
[2025-11-30T12:31:51.421+0000] {processor.py:840} INFO - DAG(s) 'prediction_dag' retrieved from /opt/airflow/dags/prediction_dag.py
[2025-11-30T12:31:51.475+0000] {logging_mixin.py:188} INFO - [2025-11-30T12:31:51.474+0000] {dag.py:3047} INFO - Sync 1 DAGs
[2025-11-30T12:31:51.509+0000] {logging_mixin.py:188} INFO - [2025-11-30T12:31:51.509+0000] {dag.py:3834} INFO - Setting next_dagrun for prediction_dag to 2025-11-30 12:30:00+00:00, run_after=2025-11-30 12:32:00+00:00
[2025-11-30T12:31:51.525+0000] {processor.py:183} INFO - Processing /opt/airflow/dags/prediction_dag.py took 0.164 seconds
[2025-11-30T12:32:21.830+0000] {processor.py:161} INFO - Started process (PID=34242) to work on /opt/airflow/dags/prediction_dag.py
[2025-11-30T12:32:21.832+0000] {processor.py:830} INFO - Processing file /opt/airflow/dags/prediction_dag.py for tasks to queue
[2025-11-30T12:32:21.834+0000] {logging_mixin.py:188} INFO - [2025-11-30T12:32:21.833+0000] {dagbag.py:540} INFO - Filling up the DagBag from /opt/airflow/dags/prediction_dag.py
[2025-11-30T12:32:21.871+0000] {processor.py:840} INFO - DAG(s) 'prediction_dag' retrieved from /opt/airflow/dags/prediction_dag.py
[2025-11-30T12:32:21.920+0000] {logging_mixin.py:188} INFO - [2025-11-30T12:32:21.920+0000] {dag.py:3047} INFO - Sync 1 DAGs
[2025-11-30T12:32:21.953+0000] {logging_mixin.py:188} INFO - [2025-11-30T12:32:21.953+0000] {dag.py:3834} INFO - Setting next_dagrun for prediction_dag to 2025-11-30 12:32:00+00:00, run_after=2025-11-30 12:34:00+00:00
[2025-11-30T12:32:21.967+0000] {processor.py:183} INFO - Processing /opt/airflow/dags/prediction_dag.py took 0.150 seconds
[2025-11-30T12:32:52.302+0000] {processor.py:161} INFO - Started process (PID=34260) to work on /opt/airflow/dags/prediction_dag.py
[2025-11-30T12:32:52.304+0000] {processor.py:830} INFO - Processing file /opt/airflow/dags/prediction_dag.py for tasks to queue
[2025-11-30T12:32:52.306+0000] {logging_mixin.py:188} INFO - [2025-11-30T12:32:52.305+0000] {dagbag.py:540} INFO - Filling up the DagBag from /opt/airflow/dags/prediction_dag.py
[2025-11-30T12:32:52.332+0000] {processor.py:840} INFO - DAG(s) 'prediction_dag' retrieved from /opt/airflow/dags/prediction_dag.py
[2025-11-30T12:32:52.366+0000] {logging_mixin.py:188} INFO - [2025-11-30T12:32:52.365+0000] {dag.py:3047} INFO - Sync 1 DAGs
[2025-11-30T12:32:52.387+0000] {logging_mixin.py:188} INFO - [2025-11-30T12:32:52.387+0000] {dag.py:3834} INFO - Setting next_dagrun for prediction_dag to 2025-11-30 12:32:00+00:00, run_after=2025-11-30 12:34:00+00:00
[2025-11-30T12:32:52.401+0000] {processor.py:183} INFO - Processing /opt/airflow/dags/prediction_dag.py took 0.105 seconds
[2025-11-30T12:33:23.025+0000] {processor.py:161} INFO - Started process (PID=34331) to work on /opt/airflow/dags/prediction_dag.py
[2025-11-30T12:33:23.029+0000] {processor.py:830} INFO - Processing file /opt/airflow/dags/prediction_dag.py for tasks to queue
[2025-11-30T12:33:23.032+0000] {logging_mixin.py:188} INFO - [2025-11-30T12:33:23.031+0000] {dagbag.py:540} INFO - Filling up the DagBag from /opt/airflow/dags/prediction_dag.py
[2025-11-30T12:33:23.052+0000] {processor.py:840} INFO - DAG(s) 'prediction_dag' retrieved from /opt/airflow/dags/prediction_dag.py
[2025-11-30T12:33:23.086+0000] {logging_mixin.py:188} INFO - [2025-11-30T12:33:23.086+0000] {dag.py:3047} INFO - Sync 1 DAGs
[2025-11-30T12:33:23.108+0000] {logging_mixin.py:188} INFO - [2025-11-30T12:33:23.108+0000] {dag.py:3834} INFO - Setting next_dagrun for prediction_dag to 2025-11-30 12:32:00+00:00, run_after=2025-11-30 12:34:00+00:00
[2025-11-30T12:33:23.121+0000] {processor.py:183} INFO - Processing /opt/airflow/dags/prediction_dag.py took 0.103 seconds
[2025-11-30T12:33:53.506+0000] {processor.py:161} INFO - Started process (PID=34345) to work on /opt/airflow/dags/prediction_dag.py
[2025-11-30T12:33:53.514+0000] {processor.py:830} INFO - Processing file /opt/airflow/dags/prediction_dag.py for tasks to queue
[2025-11-30T12:33:53.516+0000] {logging_mixin.py:188} INFO - [2025-11-30T12:33:53.515+0000] {dagbag.py:540} INFO - Filling up the DagBag from /opt/airflow/dags/prediction_dag.py
[2025-11-30T12:33:53.554+0000] {processor.py:840} INFO - DAG(s) 'prediction_dag' retrieved from /opt/airflow/dags/prediction_dag.py
[2025-11-30T12:33:53.604+0000] {logging_mixin.py:188} INFO - [2025-11-30T12:33:53.604+0000] {dag.py:3047} INFO - Sync 1 DAGs
[2025-11-30T12:33:53.636+0000] {logging_mixin.py:188} INFO - [2025-11-30T12:33:53.636+0000] {dag.py:3834} INFO - Setting next_dagrun for prediction_dag to 2025-11-30 12:32:00+00:00, run_after=2025-11-30 12:34:00+00:00
[2025-11-30T12:33:53.652+0000] {processor.py:183} INFO - Processing /opt/airflow/dags/prediction_dag.py took 0.157 seconds
[2025-11-30T12:34:24.309+0000] {processor.py:161} INFO - Started process (PID=34431) to work on /opt/airflow/dags/prediction_dag.py
[2025-11-30T12:34:24.311+0000] {processor.py:830} INFO - Processing file /opt/airflow/dags/prediction_dag.py for tasks to queue
[2025-11-30T12:34:24.312+0000] {logging_mixin.py:188} INFO - [2025-11-30T12:34:24.312+0000] {dagbag.py:540} INFO - Filling up the DagBag from /opt/airflow/dags/prediction_dag.py
[2025-11-30T12:34:24.347+0000] {processor.py:840} INFO - DAG(s) 'prediction_dag' retrieved from /opt/airflow/dags/prediction_dag.py
[2025-11-30T12:34:24.399+0000] {logging_mixin.py:188} INFO - [2025-11-30T12:34:24.398+0000] {dag.py:3047} INFO - Sync 1 DAGs
[2025-11-30T12:34:24.427+0000] {logging_mixin.py:188} INFO - [2025-11-30T12:34:24.427+0000] {dag.py:3834} INFO - Setting next_dagrun for prediction_dag to 2025-11-30 12:34:00+00:00, run_after=2025-11-30 12:36:00+00:00
[2025-11-30T12:34:24.441+0000] {processor.py:183} INFO - Processing /opt/airflow/dags/prediction_dag.py took 0.148 seconds
[2025-11-30T12:34:54.898+0000] {processor.py:161} INFO - Started process (PID=34449) to work on /opt/airflow/dags/prediction_dag.py
[2025-11-30T12:34:54.901+0000] {processor.py:830} INFO - Processing file /opt/airflow/dags/prediction_dag.py for tasks to queue
[2025-11-30T12:34:54.903+0000] {logging_mixin.py:188} INFO - [2025-11-30T12:34:54.903+0000] {dagbag.py:540} INFO - Filling up the DagBag from /opt/airflow/dags/prediction_dag.py
[2025-11-30T12:34:54.936+0000] {processor.py:840} INFO - DAG(s) 'prediction_dag' retrieved from /opt/airflow/dags/prediction_dag.py
[2025-11-30T12:34:54.985+0000] {logging_mixin.py:188} INFO - [2025-11-30T12:34:54.984+0000] {dag.py:3047} INFO - Sync 1 DAGs
[2025-11-30T12:34:55.016+0000] {logging_mixin.py:188} INFO - [2025-11-30T12:34:55.016+0000] {dag.py:3834} INFO - Setting next_dagrun for prediction_dag to 2025-11-30 12:34:00+00:00, run_after=2025-11-30 12:36:00+00:00
[2025-11-30T12:34:55.034+0000] {processor.py:183} INFO - Processing /opt/airflow/dags/prediction_dag.py took 0.152 seconds
[2025-11-30T12:35:25.752+0000] {processor.py:161} INFO - Started process (PID=34529) to work on /opt/airflow/dags/prediction_dag.py
[2025-11-30T12:35:25.755+0000] {processor.py:830} INFO - Processing file /opt/airflow/dags/prediction_dag.py for tasks to queue
[2025-11-30T12:35:25.757+0000] {logging_mixin.py:188} INFO - [2025-11-30T12:35:25.756+0000] {dagbag.py:540} INFO - Filling up the DagBag from /opt/airflow/dags/prediction_dag.py
[2025-11-30T12:35:25.796+0000] {processor.py:840} INFO - DAG(s) 'prediction_dag' retrieved from /opt/airflow/dags/prediction_dag.py
[2025-11-30T12:35:25.866+0000] {logging_mixin.py:188} INFO - [2025-11-30T12:35:25.865+0000] {dag.py:3047} INFO - Sync 1 DAGs
[2025-11-30T12:35:25.919+0000] {logging_mixin.py:188} INFO - [2025-11-30T12:35:25.918+0000] {dag.py:3834} INFO - Setting next_dagrun for prediction_dag to 2025-11-30 12:34:00+00:00, run_after=2025-11-30 12:36:00+00:00
[2025-11-30T12:35:25.943+0000] {processor.py:183} INFO - Processing /opt/airflow/dags/prediction_dag.py took 0.200 seconds
[2025-11-30T12:35:56.329+0000] {processor.py:161} INFO - Started process (PID=34547) to work on /opt/airflow/dags/prediction_dag.py
[2025-11-30T12:35:56.331+0000] {processor.py:830} INFO - Processing file /opt/airflow/dags/prediction_dag.py for tasks to queue
[2025-11-30T12:35:56.333+0000] {logging_mixin.py:188} INFO - [2025-11-30T12:35:56.332+0000] {dagbag.py:540} INFO - Filling up the DagBag from /opt/airflow/dags/prediction_dag.py
[2025-11-30T12:35:56.370+0000] {processor.py:840} INFO - DAG(s) 'prediction_dag' retrieved from /opt/airflow/dags/prediction_dag.py
[2025-11-30T12:35:56.423+0000] {logging_mixin.py:188} INFO - [2025-11-30T12:35:56.422+0000] {dag.py:3047} INFO - Sync 1 DAGs
[2025-11-30T12:35:56.456+0000] {logging_mixin.py:188} INFO - [2025-11-30T12:35:56.456+0000] {dag.py:3834} INFO - Setting next_dagrun for prediction_dag to 2025-11-30 12:34:00+00:00, run_after=2025-11-30 12:36:00+00:00
[2025-11-30T12:35:56.473+0000] {processor.py:183} INFO - Processing /opt/airflow/dags/prediction_dag.py took 0.153 seconds
[2025-11-30T12:36:26.615+0000] {processor.py:161} INFO - Started process (PID=34633) to work on /opt/airflow/dags/prediction_dag.py
[2025-11-30T12:36:26.618+0000] {processor.py:830} INFO - Processing file /opt/airflow/dags/prediction_dag.py for tasks to queue
[2025-11-30T12:36:26.620+0000] {logging_mixin.py:188} INFO - [2025-11-30T12:36:26.619+0000] {dagbag.py:540} INFO - Filling up the DagBag from /opt/airflow/dags/prediction_dag.py
[2025-11-30T12:36:26.658+0000] {processor.py:840} INFO - DAG(s) 'prediction_dag' retrieved from /opt/airflow/dags/prediction_dag.py
[2025-11-30T12:36:26.702+0000] {logging_mixin.py:188} INFO - [2025-11-30T12:36:26.702+0000] {dag.py:3047} INFO - Sync 1 DAGs
[2025-11-30T12:36:26.730+0000] {logging_mixin.py:188} INFO - [2025-11-30T12:36:26.730+0000] {dag.py:3834} INFO - Setting next_dagrun for prediction_dag to 2025-11-30 12:36:00+00:00, run_after=2025-11-30 12:38:00+00:00
[2025-11-30T12:36:26.747+0000] {processor.py:183} INFO - Processing /opt/airflow/dags/prediction_dag.py took 0.146 seconds
[2025-11-30T12:36:57.078+0000] {processor.py:161} INFO - Started process (PID=34651) to work on /opt/airflow/dags/prediction_dag.py
[2025-11-30T12:36:57.082+0000] {processor.py:830} INFO - Processing file /opt/airflow/dags/prediction_dag.py for tasks to queue
[2025-11-30T12:36:57.086+0000] {logging_mixin.py:188} INFO - [2025-11-30T12:36:57.085+0000] {dagbag.py:540} INFO - Filling up the DagBag from /opt/airflow/dags/prediction_dag.py
[2025-11-30T12:36:57.125+0000] {processor.py:840} INFO - DAG(s) 'prediction_dag' retrieved from /opt/airflow/dags/prediction_dag.py
[2025-11-30T12:36:57.169+0000] {logging_mixin.py:188} INFO - [2025-11-30T12:36:57.168+0000] {dag.py:3047} INFO - Sync 1 DAGs
[2025-11-30T12:36:57.199+0000] {logging_mixin.py:188} INFO - [2025-11-30T12:36:57.199+0000] {dag.py:3834} INFO - Setting next_dagrun for prediction_dag to 2025-11-30 12:36:00+00:00, run_after=2025-11-30 12:38:00+00:00
[2025-11-30T12:36:57.221+0000] {processor.py:183} INFO - Processing /opt/airflow/dags/prediction_dag.py took 0.150 seconds
[2025-11-30T12:37:27.771+0000] {processor.py:161} INFO - Started process (PID=34731) to work on /opt/airflow/dags/prediction_dag.py
[2025-11-30T12:37:27.781+0000] {processor.py:830} INFO - Processing file /opt/airflow/dags/prediction_dag.py for tasks to queue
[2025-11-30T12:37:27.790+0000] {logging_mixin.py:188} INFO - [2025-11-30T12:37:27.785+0000] {dagbag.py:540} INFO - Filling up the DagBag from /opt/airflow/dags/prediction_dag.py
[2025-11-30T12:37:27.843+0000] {processor.py:840} INFO - DAG(s) 'prediction_dag' retrieved from /opt/airflow/dags/prediction_dag.py
[2025-11-30T12:37:27.979+0000] {logging_mixin.py:188} INFO - [2025-11-30T12:37:27.979+0000] {dag.py:3047} INFO - Sync 1 DAGs
[2025-11-30T12:37:28.030+0000] {logging_mixin.py:188} INFO - [2025-11-30T12:37:28.030+0000] {dag.py:3834} INFO - Setting next_dagrun for prediction_dag to 2025-11-30 12:36:00+00:00, run_after=2025-11-30 12:38:00+00:00
[2025-11-30T12:37:28.060+0000] {processor.py:183} INFO - Processing /opt/airflow/dags/prediction_dag.py took 0.541 seconds
[2025-11-30T12:37:58.194+0000] {processor.py:161} INFO - Started process (PID=34749) to work on /opt/airflow/dags/prediction_dag.py
[2025-11-30T12:37:58.196+0000] {processor.py:830} INFO - Processing file /opt/airflow/dags/prediction_dag.py for tasks to queue
[2025-11-30T12:37:58.198+0000] {logging_mixin.py:188} INFO - [2025-11-30T12:37:58.197+0000] {dagbag.py:540} INFO - Filling up the DagBag from /opt/airflow/dags/prediction_dag.py
[2025-11-30T12:37:58.231+0000] {processor.py:840} INFO - DAG(s) 'prediction_dag' retrieved from /opt/airflow/dags/prediction_dag.py
[2025-11-30T12:37:58.278+0000] {logging_mixin.py:188} INFO - [2025-11-30T12:37:58.278+0000] {dag.py:3047} INFO - Sync 1 DAGs
[2025-11-30T12:37:58.310+0000] {logging_mixin.py:188} INFO - [2025-11-30T12:37:58.310+0000] {dag.py:3834} INFO - Setting next_dagrun for prediction_dag to 2025-11-30 12:36:00+00:00, run_after=2025-11-30 12:38:00+00:00
[2025-11-30T12:37:58.330+0000] {processor.py:183} INFO - Processing /opt/airflow/dags/prediction_dag.py took 0.151 seconds
[2025-11-30T12:38:28.678+0000] {processor.py:161} INFO - Started process (PID=34835) to work on /opt/airflow/dags/prediction_dag.py
[2025-11-30T12:38:28.682+0000] {processor.py:830} INFO - Processing file /opt/airflow/dags/prediction_dag.py for tasks to queue
[2025-11-30T12:38:28.684+0000] {logging_mixin.py:188} INFO - [2025-11-30T12:38:28.683+0000] {dagbag.py:540} INFO - Filling up the DagBag from /opt/airflow/dags/prediction_dag.py
[2025-11-30T12:38:28.721+0000] {processor.py:840} INFO - DAG(s) 'prediction_dag' retrieved from /opt/airflow/dags/prediction_dag.py
[2025-11-30T12:38:28.784+0000] {logging_mixin.py:188} INFO - [2025-11-30T12:38:28.783+0000] {dag.py:3047} INFO - Sync 1 DAGs
[2025-11-30T12:38:28.819+0000] {logging_mixin.py:188} INFO - [2025-11-30T12:38:28.819+0000] {dag.py:3834} INFO - Setting next_dagrun for prediction_dag to 2025-11-30 12:38:00+00:00, run_after=2025-11-30 12:40:00+00:00
[2025-11-30T12:38:28.836+0000] {processor.py:183} INFO - Processing /opt/airflow/dags/prediction_dag.py took 0.171 seconds
[2025-11-30T12:38:59.069+0000] {processor.py:161} INFO - Started process (PID=34853) to work on /opt/airflow/dags/prediction_dag.py
[2025-11-30T12:38:59.071+0000] {processor.py:830} INFO - Processing file /opt/airflow/dags/prediction_dag.py for tasks to queue
[2025-11-30T12:38:59.073+0000] {logging_mixin.py:188} INFO - [2025-11-30T12:38:59.072+0000] {dagbag.py:540} INFO - Filling up the DagBag from /opt/airflow/dags/prediction_dag.py
[2025-11-30T12:38:59.113+0000] {processor.py:840} INFO - DAG(s) 'prediction_dag' retrieved from /opt/airflow/dags/prediction_dag.py
[2025-11-30T12:38:59.156+0000] {logging_mixin.py:188} INFO - [2025-11-30T12:38:59.156+0000] {dag.py:3047} INFO - Sync 1 DAGs
[2025-11-30T12:38:59.182+0000] {logging_mixin.py:188} INFO - [2025-11-30T12:38:59.182+0000] {dag.py:3834} INFO - Setting next_dagrun for prediction_dag to 2025-11-30 12:38:00+00:00, run_after=2025-11-30 12:40:00+00:00
[2025-11-30T12:38:59.199+0000] {processor.py:183} INFO - Processing /opt/airflow/dags/prediction_dag.py took 0.138 seconds
[2025-11-30T12:39:29.582+0000] {processor.py:161} INFO - Started process (PID=34933) to work on /opt/airflow/dags/prediction_dag.py
[2025-11-30T12:39:29.585+0000] {processor.py:830} INFO - Processing file /opt/airflow/dags/prediction_dag.py for tasks to queue
[2025-11-30T12:39:29.587+0000] {logging_mixin.py:188} INFO - [2025-11-30T12:39:29.587+0000] {dagbag.py:540} INFO - Filling up the DagBag from /opt/airflow/dags/prediction_dag.py
[2025-11-30T12:39:29.630+0000] {processor.py:840} INFO - DAG(s) 'prediction_dag' retrieved from /opt/airflow/dags/prediction_dag.py
[2025-11-30T12:39:29.694+0000] {logging_mixin.py:188} INFO - [2025-11-30T12:39:29.694+0000] {dag.py:3047} INFO - Sync 1 DAGs
[2025-11-30T12:39:29.724+0000] {logging_mixin.py:188} INFO - [2025-11-30T12:39:29.724+0000] {dag.py:3834} INFO - Setting next_dagrun for prediction_dag to 2025-11-30 12:38:00+00:00, run_after=2025-11-30 12:40:00+00:00
[2025-11-30T12:39:29.742+0000] {processor.py:183} INFO - Processing /opt/airflow/dags/prediction_dag.py took 0.172 seconds
[2025-11-30T12:40:00.251+0000] {processor.py:161} INFO - Started process (PID=34951) to work on /opt/airflow/dags/prediction_dag.py
[2025-11-30T12:40:00.254+0000] {processor.py:830} INFO - Processing file /opt/airflow/dags/prediction_dag.py for tasks to queue
[2025-11-30T12:40:00.256+0000] {logging_mixin.py:188} INFO - [2025-11-30T12:40:00.255+0000] {dagbag.py:540} INFO - Filling up the DagBag from /opt/airflow/dags/prediction_dag.py
[2025-11-30T12:40:00.294+0000] {processor.py:840} INFO - DAG(s) 'prediction_dag' retrieved from /opt/airflow/dags/prediction_dag.py
[2025-11-30T12:40:00.334+0000] {logging_mixin.py:188} INFO - [2025-11-30T12:40:00.334+0000] {dag.py:3047} INFO - Sync 1 DAGs
[2025-11-30T12:40:00.358+0000] {logging_mixin.py:188} INFO - [2025-11-30T12:40:00.358+0000] {dag.py:3834} INFO - Setting next_dagrun for prediction_dag to 2025-11-30 12:38:00+00:00, run_after=2025-11-30 12:40:00+00:00
[2025-11-30T12:40:00.372+0000] {processor.py:183} INFO - Processing /opt/airflow/dags/prediction_dag.py took 0.141 seconds
[2025-11-30T12:40:31.019+0000] {processor.py:161} INFO - Started process (PID=35037) to work on /opt/airflow/dags/prediction_dag.py
[2025-11-30T12:40:31.022+0000] {processor.py:830} INFO - Processing file /opt/airflow/dags/prediction_dag.py for tasks to queue
[2025-11-30T12:40:31.023+0000] {logging_mixin.py:188} INFO - [2025-11-30T12:40:31.022+0000] {dagbag.py:540} INFO - Filling up the DagBag from /opt/airflow/dags/prediction_dag.py
[2025-11-30T12:40:31.074+0000] {processor.py:840} INFO - DAG(s) 'prediction_dag' retrieved from /opt/airflow/dags/prediction_dag.py
[2025-11-30T12:40:31.133+0000] {logging_mixin.py:188} INFO - [2025-11-30T12:40:31.132+0000] {dag.py:3047} INFO - Sync 1 DAGs
[2025-11-30T12:40:31.164+0000] {logging_mixin.py:188} INFO - [2025-11-30T12:40:31.163+0000] {dag.py:3834} INFO - Setting next_dagrun for prediction_dag to 2025-11-30 12:40:00+00:00, run_after=2025-11-30 12:42:00+00:00
[2025-11-30T12:40:31.185+0000] {processor.py:183} INFO - Processing /opt/airflow/dags/prediction_dag.py took 0.188 seconds
[2025-11-30T12:41:01.502+0000] {processor.py:161} INFO - Started process (PID=35047) to work on /opt/airflow/dags/prediction_dag.py
[2025-11-30T12:41:01.504+0000] {processor.py:830} INFO - Processing file /opt/airflow/dags/prediction_dag.py for tasks to queue
[2025-11-30T12:41:01.505+0000] {logging_mixin.py:188} INFO - [2025-11-30T12:41:01.504+0000] {dagbag.py:540} INFO - Filling up the DagBag from /opt/airflow/dags/prediction_dag.py
[2025-11-30T12:41:01.519+0000] {processor.py:840} INFO - DAG(s) 'prediction_dag' retrieved from /opt/airflow/dags/prediction_dag.py
[2025-11-30T12:41:01.552+0000] {logging_mixin.py:188} INFO - [2025-11-30T12:41:01.552+0000] {dag.py:3047} INFO - Sync 1 DAGs
[2025-11-30T12:41:01.580+0000] {logging_mixin.py:188} INFO - [2025-11-30T12:41:01.580+0000] {dag.py:3834} INFO - Setting next_dagrun for prediction_dag to 2025-11-30 12:40:00+00:00, run_after=2025-11-30 12:42:00+00:00
[2025-11-30T12:41:01.598+0000] {processor.py:183} INFO - Processing /opt/airflow/dags/prediction_dag.py took 0.102 seconds
[2025-11-30T12:41:31.909+0000] {processor.py:161} INFO - Started process (PID=35122) to work on /opt/airflow/dags/prediction_dag.py
[2025-11-30T12:41:31.912+0000] {processor.py:830} INFO - Processing file /opt/airflow/dags/prediction_dag.py for tasks to queue
[2025-11-30T12:41:31.914+0000] {logging_mixin.py:188} INFO - [2025-11-30T12:41:31.913+0000] {dagbag.py:540} INFO - Filling up the DagBag from /opt/airflow/dags/prediction_dag.py
[2025-11-30T12:41:31.948+0000] {processor.py:840} INFO - DAG(s) 'prediction_dag' retrieved from /opt/airflow/dags/prediction_dag.py
[2025-11-30T12:41:31.990+0000] {logging_mixin.py:188} INFO - [2025-11-30T12:41:31.989+0000] {dag.py:3047} INFO - Sync 1 DAGs
[2025-11-30T12:41:32.020+0000] {logging_mixin.py:188} INFO - [2025-11-30T12:41:32.020+0000] {dag.py:3834} INFO - Setting next_dagrun for prediction_dag to 2025-11-30 12:40:00+00:00, run_after=2025-11-30 12:42:00+00:00
[2025-11-30T12:41:32.036+0000] {processor.py:183} INFO - Processing /opt/airflow/dags/prediction_dag.py took 0.144 seconds
[2025-11-30T12:42:02.152+0000] {processor.py:161} INFO - Started process (PID=35144) to work on /opt/airflow/dags/prediction_dag.py
[2025-11-30T12:42:02.155+0000] {processor.py:830} INFO - Processing file /opt/airflow/dags/prediction_dag.py for tasks to queue
[2025-11-30T12:42:02.156+0000] {logging_mixin.py:188} INFO - [2025-11-30T12:42:02.156+0000] {dagbag.py:540} INFO - Filling up the DagBag from /opt/airflow/dags/prediction_dag.py
[2025-11-30T12:42:02.183+0000] {processor.py:840} INFO - DAG(s) 'prediction_dag' retrieved from /opt/airflow/dags/prediction_dag.py
[2025-11-30T12:42:02.243+0000] {logging_mixin.py:188} INFO - [2025-11-30T12:42:02.243+0000] {dag.py:3047} INFO - Sync 1 DAGs
[2025-11-30T12:42:02.286+0000] {logging_mixin.py:188} INFO - [2025-11-30T12:42:02.286+0000] {dag.py:3834} INFO - Setting next_dagrun for prediction_dag to 2025-11-30 12:42:00+00:00, run_after=2025-11-30 12:44:00+00:00
[2025-11-30T12:42:02.323+0000] {processor.py:183} INFO - Processing /opt/airflow/dags/prediction_dag.py took 0.178 seconds
[2025-11-30T12:42:32.641+0000] {processor.py:161} INFO - Started process (PID=35226) to work on /opt/airflow/dags/prediction_dag.py
[2025-11-30T12:42:32.644+0000] {processor.py:830} INFO - Processing file /opt/airflow/dags/prediction_dag.py for tasks to queue
[2025-11-30T12:42:32.645+0000] {logging_mixin.py:188} INFO - [2025-11-30T12:42:32.645+0000] {dagbag.py:540} INFO - Filling up the DagBag from /opt/airflow/dags/prediction_dag.py
[2025-11-30T12:42:32.675+0000] {processor.py:840} INFO - DAG(s) 'prediction_dag' retrieved from /opt/airflow/dags/prediction_dag.py
[2025-11-30T12:42:32.732+0000] {logging_mixin.py:188} INFO - [2025-11-30T12:42:32.732+0000] {dag.py:3047} INFO - Sync 1 DAGs
[2025-11-30T12:42:32.763+0000] {logging_mixin.py:188} INFO - [2025-11-30T12:42:32.763+0000] {dag.py:3834} INFO - Setting next_dagrun for prediction_dag to 2025-11-30 12:42:00+00:00, run_after=2025-11-30 12:44:00+00:00
[2025-11-30T12:42:32.780+0000] {processor.py:183} INFO - Processing /opt/airflow/dags/prediction_dag.py took 0.153 seconds
[2025-11-30T12:43:03.005+0000] {processor.py:161} INFO - Started process (PID=35253) to work on /opt/airflow/dags/prediction_dag.py
[2025-11-30T12:43:03.008+0000] {processor.py:830} INFO - Processing file /opt/airflow/dags/prediction_dag.py for tasks to queue
[2025-11-30T12:43:03.010+0000] {logging_mixin.py:188} INFO - [2025-11-30T12:43:03.009+0000] {dagbag.py:540} INFO - Filling up the DagBag from /opt/airflow/dags/prediction_dag.py
[2025-11-30T12:43:03.047+0000] {processor.py:840} INFO - DAG(s) 'prediction_dag' retrieved from /opt/airflow/dags/prediction_dag.py
[2025-11-30T12:43:03.127+0000] {logging_mixin.py:188} INFO - [2025-11-30T12:43:03.127+0000] {dag.py:3047} INFO - Sync 1 DAGs
[2025-11-30T12:43:03.166+0000] {logging_mixin.py:188} INFO - [2025-11-30T12:43:03.166+0000] {dag.py:3834} INFO - Setting next_dagrun for prediction_dag to 2025-11-30 12:42:00+00:00, run_after=2025-11-30 12:44:00+00:00
[2025-11-30T12:43:03.215+0000] {processor.py:183} INFO - Processing /opt/airflow/dags/prediction_dag.py took 0.222 seconds
[2025-11-30T12:43:33.722+0000] {processor.py:161} INFO - Started process (PID=35324) to work on /opt/airflow/dags/prediction_dag.py
[2025-11-30T12:43:33.724+0000] {processor.py:830} INFO - Processing file /opt/airflow/dags/prediction_dag.py for tasks to queue
[2025-11-30T12:43:33.726+0000] {logging_mixin.py:188} INFO - [2025-11-30T12:43:33.725+0000] {dagbag.py:540} INFO - Filling up the DagBag from /opt/airflow/dags/prediction_dag.py
[2025-11-30T12:43:33.759+0000] {processor.py:840} INFO - DAG(s) 'prediction_dag' retrieved from /opt/airflow/dags/prediction_dag.py
[2025-11-30T12:43:33.809+0000] {logging_mixin.py:188} INFO - [2025-11-30T12:43:33.809+0000] {dag.py:3047} INFO - Sync 1 DAGs
[2025-11-30T12:43:33.841+0000] {logging_mixin.py:188} INFO - [2025-11-30T12:43:33.841+0000] {dag.py:3834} INFO - Setting next_dagrun for prediction_dag to 2025-11-30 12:42:00+00:00, run_after=2025-11-30 12:44:00+00:00
[2025-11-30T12:43:33.863+0000] {processor.py:183} INFO - Processing /opt/airflow/dags/prediction_dag.py took 0.155 seconds
[2025-11-30T12:44:04.192+0000] {processor.py:161} INFO - Started process (PID=35360) to work on /opt/airflow/dags/prediction_dag.py
[2025-11-30T12:44:04.194+0000] {processor.py:830} INFO - Processing file /opt/airflow/dags/prediction_dag.py for tasks to queue
[2025-11-30T12:44:04.195+0000] {logging_mixin.py:188} INFO - [2025-11-30T12:44:04.195+0000] {dagbag.py:540} INFO - Filling up the DagBag from /opt/airflow/dags/prediction_dag.py
[2025-11-30T12:44:04.219+0000] {processor.py:840} INFO - DAG(s) 'prediction_dag' retrieved from /opt/airflow/dags/prediction_dag.py
[2025-11-30T12:44:04.300+0000] {logging_mixin.py:188} INFO - [2025-11-30T12:44:04.300+0000] {dag.py:3047} INFO - Sync 1 DAGs
[2025-11-30T12:44:04.332+0000] {logging_mixin.py:188} INFO - [2025-11-30T12:44:04.331+0000] {dag.py:3834} INFO - Setting next_dagrun for prediction_dag to 2025-11-30 12:44:00+00:00, run_after=2025-11-30 12:46:00+00:00
[2025-11-30T12:44:04.348+0000] {processor.py:183} INFO - Processing /opt/airflow/dags/prediction_dag.py took 0.160 seconds
[2025-11-30T12:44:34.852+0000] {processor.py:161} INFO - Started process (PID=35428) to work on /opt/airflow/dags/prediction_dag.py
[2025-11-30T12:44:34.854+0000] {processor.py:830} INFO - Processing file /opt/airflow/dags/prediction_dag.py for tasks to queue
[2025-11-30T12:44:34.856+0000] {logging_mixin.py:188} INFO - [2025-11-30T12:44:34.855+0000] {dagbag.py:540} INFO - Filling up the DagBag from /opt/airflow/dags/prediction_dag.py
[2025-11-30T12:44:34.892+0000] {processor.py:840} INFO - DAG(s) 'prediction_dag' retrieved from /opt/airflow/dags/prediction_dag.py
[2025-11-30T12:44:34.938+0000] {logging_mixin.py:188} INFO - [2025-11-30T12:44:34.938+0000] {dag.py:3047} INFO - Sync 1 DAGs
[2025-11-30T12:44:34.965+0000] {logging_mixin.py:188} INFO - [2025-11-30T12:44:34.965+0000] {dag.py:3834} INFO - Setting next_dagrun for prediction_dag to 2025-11-30 12:44:00+00:00, run_after=2025-11-30 12:46:00+00:00
[2025-11-30T12:44:34.982+0000] {processor.py:183} INFO - Processing /opt/airflow/dags/prediction_dag.py took 0.142 seconds
[2025-11-30T12:45:05.282+0000] {processor.py:161} INFO - Started process (PID=35465) to work on /opt/airflow/dags/prediction_dag.py
[2025-11-30T12:45:05.284+0000] {processor.py:830} INFO - Processing file /opt/airflow/dags/prediction_dag.py for tasks to queue
[2025-11-30T12:45:05.285+0000] {logging_mixin.py:188} INFO - [2025-11-30T12:45:05.284+0000] {dagbag.py:540} INFO - Filling up the DagBag from /opt/airflow/dags/prediction_dag.py
[2025-11-30T12:45:05.313+0000] {processor.py:840} INFO - DAG(s) 'prediction_dag' retrieved from /opt/airflow/dags/prediction_dag.py
[2025-11-30T12:45:05.397+0000] {logging_mixin.py:188} INFO - [2025-11-30T12:45:05.396+0000] {dag.py:3047} INFO - Sync 1 DAGs
[2025-11-30T12:45:05.438+0000] {logging_mixin.py:188} INFO - [2025-11-30T12:45:05.438+0000] {dag.py:3834} INFO - Setting next_dagrun for prediction_dag to 2025-11-30 12:44:00+00:00, run_after=2025-11-30 12:46:00+00:00
[2025-11-30T12:45:05.469+0000] {processor.py:183} INFO - Processing /opt/airflow/dags/prediction_dag.py took 0.193 seconds
[2025-11-30T12:45:35.754+0000] {processor.py:161} INFO - Started process (PID=35526) to work on /opt/airflow/dags/prediction_dag.py
[2025-11-30T12:45:35.756+0000] {processor.py:830} INFO - Processing file /opt/airflow/dags/prediction_dag.py for tasks to queue
[2025-11-30T12:45:35.757+0000] {logging_mixin.py:188} INFO - [2025-11-30T12:45:35.757+0000] {dagbag.py:540} INFO - Filling up the DagBag from /opt/airflow/dags/prediction_dag.py
[2025-11-30T12:45:35.792+0000] {processor.py:840} INFO - DAG(s) 'prediction_dag' retrieved from /opt/airflow/dags/prediction_dag.py
[2025-11-30T12:45:35.838+0000] {logging_mixin.py:188} INFO - [2025-11-30T12:45:35.837+0000] {dag.py:3047} INFO - Sync 1 DAGs
[2025-11-30T12:45:35.860+0000] {logging_mixin.py:188} INFO - [2025-11-30T12:45:35.860+0000] {dag.py:3834} INFO - Setting next_dagrun for prediction_dag to 2025-11-30 12:44:00+00:00, run_after=2025-11-30 12:46:00+00:00
[2025-11-30T12:45:35.878+0000] {processor.py:183} INFO - Processing /opt/airflow/dags/prediction_dag.py took 0.142 seconds
[2025-11-30T12:46:06.335+0000] {processor.py:161} INFO - Started process (PID=35569) to work on /opt/airflow/dags/prediction_dag.py
[2025-11-30T12:46:06.338+0000] {processor.py:830} INFO - Processing file /opt/airflow/dags/prediction_dag.py for tasks to queue
[2025-11-30T12:46:06.340+0000] {logging_mixin.py:188} INFO - [2025-11-30T12:46:06.340+0000] {dagbag.py:540} INFO - Filling up the DagBag from /opt/airflow/dags/prediction_dag.py
[2025-11-30T12:46:06.369+0000] {processor.py:840} INFO - DAG(s) 'prediction_dag' retrieved from /opt/airflow/dags/prediction_dag.py
[2025-11-30T12:46:06.415+0000] {logging_mixin.py:188} INFO - [2025-11-30T12:46:06.414+0000] {dag.py:3047} INFO - Sync 1 DAGs
[2025-11-30T12:46:06.450+0000] {logging_mixin.py:188} INFO - [2025-11-30T12:46:06.450+0000] {dag.py:3834} INFO - Setting next_dagrun for prediction_dag to 2025-11-30 12:46:00+00:00, run_after=2025-11-30 12:48:00+00:00
[2025-11-30T12:46:06.466+0000] {processor.py:183} INFO - Processing /opt/airflow/dags/prediction_dag.py took 0.140 seconds
[2025-11-30T12:46:37.161+0000] {processor.py:161} INFO - Started process (PID=35630) to work on /opt/airflow/dags/prediction_dag.py
[2025-11-30T12:46:37.164+0000] {processor.py:830} INFO - Processing file /opt/airflow/dags/prediction_dag.py for tasks to queue
[2025-11-30T12:46:37.166+0000] {logging_mixin.py:188} INFO - [2025-11-30T12:46:37.165+0000] {dagbag.py:540} INFO - Filling up the DagBag from /opt/airflow/dags/prediction_dag.py
[2025-11-30T12:46:37.207+0000] {processor.py:840} INFO - DAG(s) 'prediction_dag' retrieved from /opt/airflow/dags/prediction_dag.py
[2025-11-30T12:46:37.253+0000] {logging_mixin.py:188} INFO - [2025-11-30T12:46:37.252+0000] {dag.py:3047} INFO - Sync 1 DAGs
[2025-11-30T12:46:37.280+0000] {logging_mixin.py:188} INFO - [2025-11-30T12:46:37.280+0000] {dag.py:3834} INFO - Setting next_dagrun for prediction_dag to 2025-11-30 12:46:00+00:00, run_after=2025-11-30 12:48:00+00:00
[2025-11-30T12:46:37.292+0000] {processor.py:183} INFO - Processing /opt/airflow/dags/prediction_dag.py took 0.139 seconds
[2025-11-30T12:47:07.635+0000] {processor.py:161} INFO - Started process (PID=35669) to work on /opt/airflow/dags/prediction_dag.py
[2025-11-30T12:47:07.637+0000] {processor.py:830} INFO - Processing file /opt/airflow/dags/prediction_dag.py for tasks to queue
[2025-11-30T12:47:07.638+0000] {logging_mixin.py:188} INFO - [2025-11-30T12:47:07.638+0000] {dagbag.py:540} INFO - Filling up the DagBag from /opt/airflow/dags/prediction_dag.py
[2025-11-30T12:47:07.662+0000] {processor.py:840} INFO - DAG(s) 'prediction_dag' retrieved from /opt/airflow/dags/prediction_dag.py
[2025-11-30T12:47:07.715+0000] {logging_mixin.py:188} INFO - [2025-11-30T12:47:07.714+0000] {dag.py:3047} INFO - Sync 1 DAGs
[2025-11-30T12:47:07.749+0000] {logging_mixin.py:188} INFO - [2025-11-30T12:47:07.748+0000] {dag.py:3834} INFO - Setting next_dagrun for prediction_dag to 2025-11-30 12:46:00+00:00, run_after=2025-11-30 12:48:00+00:00
[2025-11-30T12:47:07.764+0000] {processor.py:183} INFO - Processing /opt/airflow/dags/prediction_dag.py took 0.140 seconds
[2025-11-30T12:47:38.268+0000] {processor.py:161} INFO - Started process (PID=35728) to work on /opt/airflow/dags/prediction_dag.py
[2025-11-30T12:47:38.270+0000] {processor.py:830} INFO - Processing file /opt/airflow/dags/prediction_dag.py for tasks to queue
[2025-11-30T12:47:38.271+0000] {logging_mixin.py:188} INFO - [2025-11-30T12:47:38.271+0000] {dagbag.py:540} INFO - Filling up the DagBag from /opt/airflow/dags/prediction_dag.py
[2025-11-30T12:47:38.295+0000] {processor.py:840} INFO - DAG(s) 'prediction_dag' retrieved from /opt/airflow/dags/prediction_dag.py
[2025-11-30T12:47:38.326+0000] {logging_mixin.py:188} INFO - [2025-11-30T12:47:38.326+0000] {dag.py:3047} INFO - Sync 1 DAGs
[2025-11-30T12:47:38.352+0000] {logging_mixin.py:188} INFO - [2025-11-30T12:47:38.352+0000] {dag.py:3834} INFO - Setting next_dagrun for prediction_dag to 2025-11-30 12:46:00+00:00, run_after=2025-11-30 12:48:00+00:00
[2025-11-30T12:47:38.363+0000] {processor.py:183} INFO - Processing /opt/airflow/dags/prediction_dag.py took 0.104 seconds
[2025-11-30T12:48:08.773+0000] {processor.py:161} INFO - Started process (PID=35779) to work on /opt/airflow/dags/prediction_dag.py
[2025-11-30T12:48:08.776+0000] {processor.py:830} INFO - Processing file /opt/airflow/dags/prediction_dag.py for tasks to queue
[2025-11-30T12:48:08.779+0000] {logging_mixin.py:188} INFO - [2025-11-30T12:48:08.778+0000] {dagbag.py:540} INFO - Filling up the DagBag from /opt/airflow/dags/prediction_dag.py
[2025-11-30T12:48:08.869+0000] {processor.py:840} INFO - DAG(s) 'prediction_dag' retrieved from /opt/airflow/dags/prediction_dag.py
[2025-11-30T12:48:08.951+0000] {logging_mixin.py:188} INFO - [2025-11-30T12:48:08.951+0000] {dag.py:3047} INFO - Sync 1 DAGs
[2025-11-30T12:48:09.003+0000] {logging_mixin.py:188} INFO - [2025-11-30T12:48:09.003+0000] {dag.py:3834} INFO - Setting next_dagrun for prediction_dag to 2025-11-30 12:48:00+00:00, run_after=2025-11-30 12:50:00+00:00
[2025-11-30T12:48:09.041+0000] {processor.py:183} INFO - Processing /opt/airflow/dags/prediction_dag.py took 0.281 seconds
[2025-11-30T12:48:39.449+0000] {processor.py:161} INFO - Started process (PID=35819) to work on /opt/airflow/dags/prediction_dag.py
[2025-11-30T12:48:39.453+0000] {processor.py:830} INFO - Processing file /opt/airflow/dags/prediction_dag.py for tasks to queue
[2025-11-30T12:48:39.454+0000] {logging_mixin.py:188} INFO - [2025-11-30T12:48:39.454+0000] {dagbag.py:540} INFO - Filling up the DagBag from /opt/airflow/dags/prediction_dag.py
[2025-11-30T12:48:39.495+0000] {processor.py:840} INFO - DAG(s) 'prediction_dag' retrieved from /opt/airflow/dags/prediction_dag.py
[2025-11-30T12:48:39.553+0000] {logging_mixin.py:188} INFO - [2025-11-30T12:48:39.553+0000] {dag.py:3047} INFO - Sync 1 DAGs
[2025-11-30T12:48:39.584+0000] {logging_mixin.py:188} INFO - [2025-11-30T12:48:39.584+0000] {dag.py:3834} INFO - Setting next_dagrun for prediction_dag to 2025-11-30 12:48:00+00:00, run_after=2025-11-30 12:50:00+00:00
[2025-11-30T12:48:39.604+0000] {processor.py:183} INFO - Processing /opt/airflow/dags/prediction_dag.py took 0.170 seconds
[2025-11-30T12:49:09.726+0000] {processor.py:161} INFO - Started process (PID=35896) to work on /opt/airflow/dags/prediction_dag.py
[2025-11-30T12:49:09.728+0000] {processor.py:830} INFO - Processing file /opt/airflow/dags/prediction_dag.py for tasks to queue
[2025-11-30T12:49:09.730+0000] {logging_mixin.py:188} INFO - [2025-11-30T12:49:09.730+0000] {dagbag.py:540} INFO - Filling up the DagBag from /opt/airflow/dags/prediction_dag.py
[2025-11-30T12:49:09.757+0000] {processor.py:840} INFO - DAG(s) 'prediction_dag' retrieved from /opt/airflow/dags/prediction_dag.py
[2025-11-30T12:49:09.813+0000] {logging_mixin.py:188} INFO - [2025-11-30T12:49:09.813+0000] {dag.py:3047} INFO - Sync 1 DAGs
[2025-11-30T12:49:09.847+0000] {logging_mixin.py:188} INFO - [2025-11-30T12:49:09.847+0000] {dag.py:3834} INFO - Setting next_dagrun for prediction_dag to 2025-11-30 12:48:00+00:00, run_after=2025-11-30 12:50:00+00:00
[2025-11-30T12:49:09.865+0000] {processor.py:183} INFO - Processing /opt/airflow/dags/prediction_dag.py took 0.149 seconds
[2025-11-30T12:49:40.225+0000] {processor.py:161} INFO - Started process (PID=35917) to work on /opt/airflow/dags/prediction_dag.py
[2025-11-30T12:49:40.231+0000] {processor.py:830} INFO - Processing file /opt/airflow/dags/prediction_dag.py for tasks to queue
[2025-11-30T12:49:40.233+0000] {logging_mixin.py:188} INFO - [2025-11-30T12:49:40.233+0000] {dagbag.py:540} INFO - Filling up the DagBag from /opt/airflow/dags/prediction_dag.py
[2025-11-30T12:49:40.278+0000] {processor.py:840} INFO - DAG(s) 'prediction_dag' retrieved from /opt/airflow/dags/prediction_dag.py
[2025-11-30T12:49:40.348+0000] {logging_mixin.py:188} INFO - [2025-11-30T12:49:40.348+0000] {dag.py:3047} INFO - Sync 1 DAGs
[2025-11-30T12:49:40.408+0000] {logging_mixin.py:188} INFO - [2025-11-30T12:49:40.408+0000] {dag.py:3834} INFO - Setting next_dagrun for prediction_dag to 2025-11-30 12:48:00+00:00, run_after=2025-11-30 12:50:00+00:00
[2025-11-30T12:49:40.432+0000] {processor.py:183} INFO - Processing /opt/airflow/dags/prediction_dag.py took 0.218 seconds
[2025-11-30T12:50:10.943+0000] {processor.py:161} INFO - Started process (PID=35979) to work on /opt/airflow/dags/prediction_dag.py
[2025-11-30T12:50:10.946+0000] {processor.py:830} INFO - Processing file /opt/airflow/dags/prediction_dag.py for tasks to queue
[2025-11-30T12:50:10.948+0000] {logging_mixin.py:188} INFO - [2025-11-30T12:50:10.948+0000] {dagbag.py:540} INFO - Filling up the DagBag from /opt/airflow/dags/prediction_dag.py
[2025-11-30T12:50:10.973+0000] {processor.py:840} INFO - DAG(s) 'prediction_dag' retrieved from /opt/airflow/dags/prediction_dag.py
[2025-11-30T12:50:11.027+0000] {logging_mixin.py:188} INFO - [2025-11-30T12:50:11.027+0000] {dag.py:3047} INFO - Sync 1 DAGs
[2025-11-30T12:50:11.067+0000] {logging_mixin.py:188} INFO - [2025-11-30T12:50:11.066+0000] {dag.py:3834} INFO - Setting next_dagrun for prediction_dag to 2025-11-30 12:50:00+00:00, run_after=2025-11-30 12:52:00+00:00
[2025-11-30T12:50:11.093+0000] {processor.py:183} INFO - Processing /opt/airflow/dags/prediction_dag.py took 0.158 seconds
[2025-11-30T12:50:41.353+0000] {processor.py:161} INFO - Started process (PID=36021) to work on /opt/airflow/dags/prediction_dag.py
[2025-11-30T12:50:41.356+0000] {processor.py:830} INFO - Processing file /opt/airflow/dags/prediction_dag.py for tasks to queue
[2025-11-30T12:50:41.359+0000] {logging_mixin.py:188} INFO - [2025-11-30T12:50:41.358+0000] {dagbag.py:540} INFO - Filling up the DagBag from /opt/airflow/dags/prediction_dag.py
[2025-11-30T12:50:41.392+0000] {processor.py:840} INFO - DAG(s) 'prediction_dag' retrieved from /opt/airflow/dags/prediction_dag.py
[2025-11-30T12:50:41.441+0000] {logging_mixin.py:188} INFO - [2025-11-30T12:50:41.441+0000] {dag.py:3047} INFO - Sync 1 DAGs
[2025-11-30T12:50:41.476+0000] {logging_mixin.py:188} INFO - [2025-11-30T12:50:41.476+0000] {dag.py:3834} INFO - Setting next_dagrun for prediction_dag to 2025-11-30 12:50:00+00:00, run_after=2025-11-30 12:52:00+00:00
[2025-11-30T12:50:41.492+0000] {processor.py:183} INFO - Processing /opt/airflow/dags/prediction_dag.py took 0.150 seconds
[2025-11-30T12:51:11.735+0000] {processor.py:161} INFO - Started process (PID=36101) to work on /opt/airflow/dags/prediction_dag.py
[2025-11-30T12:51:11.737+0000] {processor.py:830} INFO - Processing file /opt/airflow/dags/prediction_dag.py for tasks to queue
[2025-11-30T12:51:11.738+0000] {logging_mixin.py:188} INFO - [2025-11-30T12:51:11.738+0000] {dagbag.py:540} INFO - Filling up the DagBag from /opt/airflow/dags/prediction_dag.py
[2025-11-30T12:51:11.761+0000] {processor.py:840} INFO - DAG(s) 'prediction_dag' retrieved from /opt/airflow/dags/prediction_dag.py
[2025-11-30T12:51:11.795+0000] {logging_mixin.py:188} INFO - [2025-11-30T12:51:11.795+0000] {dag.py:3047} INFO - Sync 1 DAGs
[2025-11-30T12:51:11.817+0000] {logging_mixin.py:188} INFO - [2025-11-30T12:51:11.817+0000] {dag.py:3834} INFO - Setting next_dagrun for prediction_dag to 2025-11-30 12:50:00+00:00, run_after=2025-11-30 12:52:00+00:00
[2025-11-30T12:51:11.829+0000] {processor.py:183} INFO - Processing /opt/airflow/dags/prediction_dag.py took 0.103 seconds
[2025-11-30T12:51:41.970+0000] {processor.py:161} INFO - Started process (PID=36119) to work on /opt/airflow/dags/prediction_dag.py
[2025-11-30T12:51:41.976+0000] {processor.py:830} INFO - Processing file /opt/airflow/dags/prediction_dag.py for tasks to queue
[2025-11-30T12:51:41.981+0000] {logging_mixin.py:188} INFO - [2025-11-30T12:51:41.980+0000] {dagbag.py:540} INFO - Filling up the DagBag from /opt/airflow/dags/prediction_dag.py
[2025-11-30T12:51:42.015+0000] {processor.py:840} INFO - DAG(s) 'prediction_dag' retrieved from /opt/airflow/dags/prediction_dag.py
[2025-11-30T12:51:42.057+0000] {logging_mixin.py:188} INFO - [2025-11-30T12:51:42.056+0000] {dag.py:3047} INFO - Sync 1 DAGs
[2025-11-30T12:51:42.085+0000] {logging_mixin.py:188} INFO - [2025-11-30T12:51:42.085+0000] {dag.py:3834} INFO - Setting next_dagrun for prediction_dag to 2025-11-30 12:50:00+00:00, run_after=2025-11-30 12:52:00+00:00
[2025-11-30T12:51:42.098+0000] {processor.py:183} INFO - Processing /opt/airflow/dags/prediction_dag.py took 0.136 seconds
[2025-11-30T12:52:12.296+0000] {processor.py:161} INFO - Started process (PID=36205) to work on /opt/airflow/dags/prediction_dag.py
[2025-11-30T12:52:12.306+0000] {processor.py:830} INFO - Processing file /opt/airflow/dags/prediction_dag.py for tasks to queue
[2025-11-30T12:52:12.322+0000] {logging_mixin.py:188} INFO - [2025-11-30T12:52:12.311+0000] {dagbag.py:540} INFO - Filling up the DagBag from /opt/airflow/dags/prediction_dag.py
[2025-11-30T12:52:12.411+0000] {processor.py:840} INFO - DAG(s) 'prediction_dag' retrieved from /opt/airflow/dags/prediction_dag.py
[2025-11-30T12:52:12.479+0000] {logging_mixin.py:188} INFO - [2025-11-30T12:52:12.479+0000] {dag.py:3047} INFO - Sync 1 DAGs
[2025-11-30T12:52:12.537+0000] {logging_mixin.py:188} INFO - [2025-11-30T12:52:12.536+0000] {dag.py:3834} INFO - Setting next_dagrun for prediction_dag to 2025-11-30 12:52:00+00:00, run_after=2025-11-30 12:54:00+00:00
[2025-11-30T12:52:12.571+0000] {processor.py:183} INFO - Processing /opt/airflow/dags/prediction_dag.py took 0.312 seconds
[2025-11-30T12:52:42.989+0000] {processor.py:161} INFO - Started process (PID=36223) to work on /opt/airflow/dags/prediction_dag.py
[2025-11-30T12:52:42.991+0000] {processor.py:830} INFO - Processing file /opt/airflow/dags/prediction_dag.py for tasks to queue
[2025-11-30T12:52:42.993+0000] {logging_mixin.py:188} INFO - [2025-11-30T12:52:42.992+0000] {dagbag.py:540} INFO - Filling up the DagBag from /opt/airflow/dags/prediction_dag.py
[2025-11-30T12:52:43.025+0000] {processor.py:840} INFO - DAG(s) 'prediction_dag' retrieved from /opt/airflow/dags/prediction_dag.py
[2025-11-30T12:52:43.073+0000] {logging_mixin.py:188} INFO - [2025-11-30T12:52:43.073+0000] {dag.py:3047} INFO - Sync 1 DAGs
[2025-11-30T12:52:43.103+0000] {logging_mixin.py:188} INFO - [2025-11-30T12:52:43.102+0000] {dag.py:3834} INFO - Setting next_dagrun for prediction_dag to 2025-11-30 12:52:00+00:00, run_after=2025-11-30 12:54:00+00:00
[2025-11-30T12:52:43.117+0000] {processor.py:183} INFO - Processing /opt/airflow/dags/prediction_dag.py took 0.140 seconds
[2025-11-30T12:53:13.493+0000] {processor.py:161} INFO - Started process (PID=36303) to work on /opt/airflow/dags/prediction_dag.py
[2025-11-30T12:53:13.495+0000] {processor.py:830} INFO - Processing file /opt/airflow/dags/prediction_dag.py for tasks to queue
[2025-11-30T12:53:13.497+0000] {logging_mixin.py:188} INFO - [2025-11-30T12:53:13.496+0000] {dagbag.py:540} INFO - Filling up the DagBag from /opt/airflow/dags/prediction_dag.py
[2025-11-30T12:53:13.532+0000] {processor.py:840} INFO - DAG(s) 'prediction_dag' retrieved from /opt/airflow/dags/prediction_dag.py
[2025-11-30T12:53:13.572+0000] {logging_mixin.py:188} INFO - [2025-11-30T12:53:13.572+0000] {dag.py:3047} INFO - Sync 1 DAGs
[2025-11-30T12:53:13.595+0000] {logging_mixin.py:188} INFO - [2025-11-30T12:53:13.594+0000] {dag.py:3834} INFO - Setting next_dagrun for prediction_dag to 2025-11-30 12:52:00+00:00, run_after=2025-11-30 12:54:00+00:00
[2025-11-30T12:53:13.614+0000] {processor.py:183} INFO - Processing /opt/airflow/dags/prediction_dag.py took 0.136 seconds
[2025-11-30T12:53:44.010+0000] {processor.py:161} INFO - Started process (PID=36321) to work on /opt/airflow/dags/prediction_dag.py
[2025-11-30T12:53:44.013+0000] {processor.py:830} INFO - Processing file /opt/airflow/dags/prediction_dag.py for tasks to queue
[2025-11-30T12:53:44.016+0000] {logging_mixin.py:188} INFO - [2025-11-30T12:53:44.014+0000] {dagbag.py:540} INFO - Filling up the DagBag from /opt/airflow/dags/prediction_dag.py
[2025-11-30T12:53:44.053+0000] {processor.py:840} INFO - DAG(s) 'prediction_dag' retrieved from /opt/airflow/dags/prediction_dag.py
[2025-11-30T12:53:44.099+0000] {logging_mixin.py:188} INFO - [2025-11-30T12:53:44.098+0000] {dag.py:3047} INFO - Sync 1 DAGs
[2025-11-30T12:53:44.129+0000] {logging_mixin.py:188} INFO - [2025-11-30T12:53:44.129+0000] {dag.py:3834} INFO - Setting next_dagrun for prediction_dag to 2025-11-30 12:52:00+00:00, run_after=2025-11-30 12:54:00+00:00
[2025-11-30T12:53:44.143+0000] {processor.py:183} INFO - Processing /opt/airflow/dags/prediction_dag.py took 0.151 seconds
[2025-11-30T12:54:14.206+0000] {processor.py:161} INFO - Started process (PID=36407) to work on /opt/airflow/dags/prediction_dag.py
[2025-11-30T12:54:14.209+0000] {processor.py:830} INFO - Processing file /opt/airflow/dags/prediction_dag.py for tasks to queue
[2025-11-30T12:54:14.210+0000] {logging_mixin.py:188} INFO - [2025-11-30T12:54:14.210+0000] {dagbag.py:540} INFO - Filling up the DagBag from /opt/airflow/dags/prediction_dag.py
[2025-11-30T12:54:14.238+0000] {processor.py:840} INFO - DAG(s) 'prediction_dag' retrieved from /opt/airflow/dags/prediction_dag.py
[2025-11-30T12:54:14.265+0000] {logging_mixin.py:188} INFO - [2025-11-30T12:54:14.265+0000] {dag.py:3047} INFO - Sync 1 DAGs
[2025-11-30T12:54:14.289+0000] {logging_mixin.py:188} INFO - [2025-11-30T12:54:14.288+0000] {dag.py:3834} INFO - Setting next_dagrun for prediction_dag to 2025-11-30 12:54:00+00:00, run_after=2025-11-30 12:56:00+00:00
[2025-11-30T12:54:14.300+0000] {processor.py:183} INFO - Processing /opt/airflow/dags/prediction_dag.py took 0.101 seconds
[2025-11-30T12:54:44.734+0000] {processor.py:161} INFO - Started process (PID=36425) to work on /opt/airflow/dags/prediction_dag.py
[2025-11-30T12:54:44.738+0000] {processor.py:830} INFO - Processing file /opt/airflow/dags/prediction_dag.py for tasks to queue
[2025-11-30T12:54:44.739+0000] {logging_mixin.py:188} INFO - [2025-11-30T12:54:44.738+0000] {dagbag.py:540} INFO - Filling up the DagBag from /opt/airflow/dags/prediction_dag.py
[2025-11-30T12:54:44.769+0000] {processor.py:840} INFO - DAG(s) 'prediction_dag' retrieved from /opt/airflow/dags/prediction_dag.py
[2025-11-30T12:54:44.805+0000] {logging_mixin.py:188} INFO - [2025-11-30T12:54:44.805+0000] {dag.py:3047} INFO - Sync 1 DAGs
[2025-11-30T12:54:44.831+0000] {logging_mixin.py:188} INFO - [2025-11-30T12:54:44.831+0000] {dag.py:3834} INFO - Setting next_dagrun for prediction_dag to 2025-11-30 12:54:00+00:00, run_after=2025-11-30 12:56:00+00:00
[2025-11-30T12:54:44.845+0000] {processor.py:183} INFO - Processing /opt/airflow/dags/prediction_dag.py took 0.120 seconds
[2025-11-30T12:55:14.942+0000] {processor.py:161} INFO - Started process (PID=36505) to work on /opt/airflow/dags/prediction_dag.py
[2025-11-30T12:55:14.945+0000] {processor.py:830} INFO - Processing file /opt/airflow/dags/prediction_dag.py for tasks to queue
[2025-11-30T12:55:14.947+0000] {logging_mixin.py:188} INFO - [2025-11-30T12:55:14.947+0000] {dagbag.py:540} INFO - Filling up the DagBag from /opt/airflow/dags/prediction_dag.py
[2025-11-30T12:55:14.984+0000] {processor.py:840} INFO - DAG(s) 'prediction_dag' retrieved from /opt/airflow/dags/prediction_dag.py
[2025-11-30T12:55:15.033+0000] {logging_mixin.py:188} INFO - [2025-11-30T12:55:15.033+0000] {dag.py:3047} INFO - Sync 1 DAGs
[2025-11-30T12:55:15.062+0000] {logging_mixin.py:188} INFO - [2025-11-30T12:55:15.062+0000] {dag.py:3834} INFO - Setting next_dagrun for prediction_dag to 2025-11-30 12:54:00+00:00, run_after=2025-11-30 12:56:00+00:00
[2025-11-30T12:55:15.081+0000] {processor.py:183} INFO - Processing /opt/airflow/dags/prediction_dag.py took 0.147 seconds
[2025-11-30T12:55:45.882+0000] {processor.py:161} INFO - Started process (PID=36513) to work on /opt/airflow/dags/prediction_dag.py
[2025-11-30T12:55:45.885+0000] {processor.py:830} INFO - Processing file /opt/airflow/dags/prediction_dag.py for tasks to queue
[2025-11-30T12:55:45.888+0000] {logging_mixin.py:188} INFO - [2025-11-30T12:55:45.887+0000] {dagbag.py:540} INFO - Filling up the DagBag from /opt/airflow/dags/prediction_dag.py
[2025-11-30T12:55:46.117+0000] {processor.py:840} INFO - DAG(s) 'prediction_dag' retrieved from /opt/airflow/dags/prediction_dag.py
[2025-11-30T12:55:46.218+0000] {logging_mixin.py:188} INFO - [2025-11-30T12:55:46.218+0000] {dag.py:3047} INFO - Sync 1 DAGs
[2025-11-30T12:55:46.257+0000] {logging_mixin.py:188} INFO - [2025-11-30T12:55:46.257+0000] {dag.py:3834} INFO - Setting next_dagrun for prediction_dag to 2025-11-30 12:54:00+00:00, run_after=2025-11-30 12:56:00+00:00
[2025-11-30T12:55:46.287+0000] {processor.py:183} INFO - Processing /opt/airflow/dags/prediction_dag.py took 0.427 seconds
[2025-11-30T12:56:17.114+0000] {processor.py:161} INFO - Started process (PID=36569) to work on /opt/airflow/dags/prediction_dag.py
[2025-11-30T12:56:17.122+0000] {processor.py:830} INFO - Processing file /opt/airflow/dags/prediction_dag.py for tasks to queue
[2025-11-30T12:56:17.132+0000] {logging_mixin.py:188} INFO - [2025-11-30T12:56:17.127+0000] {dagbag.py:540} INFO - Filling up the DagBag from /opt/airflow/dags/prediction_dag.py
[2025-11-30T12:56:17.208+0000] {processor.py:840} INFO - DAG(s) 'prediction_dag' retrieved from /opt/airflow/dags/prediction_dag.py
[2025-11-30T12:56:17.325+0000] {logging_mixin.py:188} INFO - [2025-11-30T12:56:17.325+0000] {dag.py:3047} INFO - Sync 1 DAGs
[2025-11-30T12:56:17.390+0000] {logging_mixin.py:188} INFO - [2025-11-30T12:56:17.389+0000] {dag.py:3834} INFO - Setting next_dagrun for prediction_dag to 2025-11-30 12:56:00+00:00, run_after=2025-11-30 12:58:00+00:00
[2025-11-30T12:56:17.427+0000] {processor.py:183} INFO - Processing /opt/airflow/dags/prediction_dag.py took 0.326 seconds
[2025-11-30T12:56:47.844+0000] {processor.py:161} INFO - Started process (PID=36614) to work on /opt/airflow/dags/prediction_dag.py
[2025-11-30T12:56:47.847+0000] {processor.py:830} INFO - Processing file /opt/airflow/dags/prediction_dag.py for tasks to queue
[2025-11-30T12:56:47.849+0000] {logging_mixin.py:188} INFO - [2025-11-30T12:56:47.848+0000] {dagbag.py:540} INFO - Filling up the DagBag from /opt/airflow/dags/prediction_dag.py
[2025-11-30T12:56:47.883+0000] {processor.py:840} INFO - DAG(s) 'prediction_dag' retrieved from /opt/airflow/dags/prediction_dag.py
[2025-11-30T12:56:47.932+0000] {logging_mixin.py:188} INFO - [2025-11-30T12:56:47.932+0000] {dag.py:3047} INFO - Sync 1 DAGs
[2025-11-30T12:56:47.964+0000] {logging_mixin.py:188} INFO - [2025-11-30T12:56:47.964+0000] {dag.py:3834} INFO - Setting next_dagrun for prediction_dag to 2025-11-30 12:56:00+00:00, run_after=2025-11-30 12:58:00+00:00
[2025-11-30T12:56:47.981+0000] {processor.py:183} INFO - Processing /opt/airflow/dags/prediction_dag.py took 0.155 seconds
[2025-11-30T12:57:18.385+0000] {processor.py:161} INFO - Started process (PID=36694) to work on /opt/airflow/dags/prediction_dag.py
[2025-11-30T12:57:18.388+0000] {processor.py:830} INFO - Processing file /opt/airflow/dags/prediction_dag.py for tasks to queue
[2025-11-30T12:57:18.390+0000] {logging_mixin.py:188} INFO - [2025-11-30T12:57:18.389+0000] {dagbag.py:540} INFO - Filling up the DagBag from /opt/airflow/dags/prediction_dag.py
[2025-11-30T12:57:18.427+0000] {processor.py:840} INFO - DAG(s) 'prediction_dag' retrieved from /opt/airflow/dags/prediction_dag.py
[2025-11-30T12:57:18.484+0000] {logging_mixin.py:188} INFO - [2025-11-30T12:57:18.484+0000] {dag.py:3047} INFO - Sync 1 DAGs
[2025-11-30T12:57:18.514+0000] {logging_mixin.py:188} INFO - [2025-11-30T12:57:18.514+0000] {dag.py:3834} INFO - Setting next_dagrun for prediction_dag to 2025-11-30 12:56:00+00:00, run_after=2025-11-30 12:58:00+00:00
[2025-11-30T12:57:18.528+0000] {processor.py:183} INFO - Processing /opt/airflow/dags/prediction_dag.py took 0.162 seconds
[2025-11-30T12:57:48.960+0000] {processor.py:161} INFO - Started process (PID=36712) to work on /opt/airflow/dags/prediction_dag.py
[2025-11-30T12:57:48.963+0000] {processor.py:830} INFO - Processing file /opt/airflow/dags/prediction_dag.py for tasks to queue
[2025-11-30T12:57:48.965+0000] {logging_mixin.py:188} INFO - [2025-11-30T12:57:48.964+0000] {dagbag.py:540} INFO - Filling up the DagBag from /opt/airflow/dags/prediction_dag.py
[2025-11-30T12:57:48.993+0000] {processor.py:840} INFO - DAG(s) 'prediction_dag' retrieved from /opt/airflow/dags/prediction_dag.py
[2025-11-30T12:57:49.041+0000] {logging_mixin.py:188} INFO - [2025-11-30T12:57:49.041+0000] {dag.py:3047} INFO - Sync 1 DAGs
[2025-11-30T12:57:49.066+0000] {logging_mixin.py:188} INFO - [2025-11-30T12:57:49.066+0000] {dag.py:3834} INFO - Setting next_dagrun for prediction_dag to 2025-11-30 12:56:00+00:00, run_after=2025-11-30 12:58:00+00:00
[2025-11-30T12:57:49.080+0000] {processor.py:183} INFO - Processing /opt/airflow/dags/prediction_dag.py took 0.132 seconds
[2025-11-30T12:58:19.512+0000] {processor.py:161} INFO - Started process (PID=36798) to work on /opt/airflow/dags/prediction_dag.py
[2025-11-30T12:58:19.515+0000] {processor.py:830} INFO - Processing file /opt/airflow/dags/prediction_dag.py for tasks to queue
[2025-11-30T12:58:19.517+0000] {logging_mixin.py:188} INFO - [2025-11-30T12:58:19.516+0000] {dagbag.py:540} INFO - Filling up the DagBag from /opt/airflow/dags/prediction_dag.py
[2025-11-30T12:58:19.549+0000] {processor.py:840} INFO - DAG(s) 'prediction_dag' retrieved from /opt/airflow/dags/prediction_dag.py
[2025-11-30T12:58:19.597+0000] {logging_mixin.py:188} INFO - [2025-11-30T12:58:19.596+0000] {dag.py:3047} INFO - Sync 1 DAGs
[2025-11-30T12:58:19.621+0000] {logging_mixin.py:188} INFO - [2025-11-30T12:58:19.621+0000] {dag.py:3834} INFO - Setting next_dagrun for prediction_dag to 2025-11-30 12:58:00+00:00, run_after=2025-11-30 13:00:00+00:00
[2025-11-30T12:58:19.634+0000] {processor.py:183} INFO - Processing /opt/airflow/dags/prediction_dag.py took 0.132 seconds
[2025-11-30T12:58:50.040+0000] {processor.py:161} INFO - Started process (PID=36816) to work on /opt/airflow/dags/prediction_dag.py
[2025-11-30T12:58:50.043+0000] {processor.py:830} INFO - Processing file /opt/airflow/dags/prediction_dag.py for tasks to queue
[2025-11-30T12:58:50.044+0000] {logging_mixin.py:188} INFO - [2025-11-30T12:58:50.044+0000] {dagbag.py:540} INFO - Filling up the DagBag from /opt/airflow/dags/prediction_dag.py
[2025-11-30T12:58:50.082+0000] {processor.py:840} INFO - DAG(s) 'prediction_dag' retrieved from /opt/airflow/dags/prediction_dag.py
[2025-11-30T12:58:50.127+0000] {logging_mixin.py:188} INFO - [2025-11-30T12:58:50.127+0000] {dag.py:3047} INFO - Sync 1 DAGs
[2025-11-30T12:58:50.158+0000] {logging_mixin.py:188} INFO - [2025-11-30T12:58:50.158+0000] {dag.py:3834} INFO - Setting next_dagrun for prediction_dag to 2025-11-30 12:58:00+00:00, run_after=2025-11-30 13:00:00+00:00
[2025-11-30T12:58:50.172+0000] {processor.py:183} INFO - Processing /opt/airflow/dags/prediction_dag.py took 0.143 seconds
[2025-11-30T12:59:20.405+0000] {processor.py:161} INFO - Started process (PID=36896) to work on /opt/airflow/dags/prediction_dag.py
[2025-11-30T12:59:20.407+0000] {processor.py:830} INFO - Processing file /opt/airflow/dags/prediction_dag.py for tasks to queue
[2025-11-30T12:59:20.409+0000] {logging_mixin.py:188} INFO - [2025-11-30T12:59:20.408+0000] {dagbag.py:540} INFO - Filling up the DagBag from /opt/airflow/dags/prediction_dag.py
[2025-11-30T12:59:20.439+0000] {processor.py:840} INFO - DAG(s) 'prediction_dag' retrieved from /opt/airflow/dags/prediction_dag.py
[2025-11-30T12:59:20.492+0000] {logging_mixin.py:188} INFO - [2025-11-30T12:59:20.491+0000] {dag.py:3047} INFO - Sync 1 DAGs
[2025-11-30T12:59:20.517+0000] {logging_mixin.py:188} INFO - [2025-11-30T12:59:20.517+0000] {dag.py:3834} INFO - Setting next_dagrun for prediction_dag to 2025-11-30 12:58:00+00:00, run_after=2025-11-30 13:00:00+00:00
[2025-11-30T12:59:20.537+0000] {processor.py:183} INFO - Processing /opt/airflow/dags/prediction_dag.py took 0.149 seconds
[2025-11-30T12:59:50.929+0000] {processor.py:161} INFO - Started process (PID=36914) to work on /opt/airflow/dags/prediction_dag.py
[2025-11-30T12:59:50.933+0000] {processor.py:830} INFO - Processing file /opt/airflow/dags/prediction_dag.py for tasks to queue
[2025-11-30T12:59:50.936+0000] {logging_mixin.py:188} INFO - [2025-11-30T12:59:50.934+0000] {dagbag.py:540} INFO - Filling up the DagBag from /opt/airflow/dags/prediction_dag.py
[2025-11-30T12:59:50.975+0000] {processor.py:840} INFO - DAG(s) 'prediction_dag' retrieved from /opt/airflow/dags/prediction_dag.py
[2025-11-30T12:59:51.025+0000] {logging_mixin.py:188} INFO - [2025-11-30T12:59:51.024+0000] {dag.py:3047} INFO - Sync 1 DAGs
[2025-11-30T12:59:51.048+0000] {logging_mixin.py:188} INFO - [2025-11-30T12:59:51.048+0000] {dag.py:3834} INFO - Setting next_dagrun for prediction_dag to 2025-11-30 12:58:00+00:00, run_after=2025-11-30 13:00:00+00:00
[2025-11-30T12:59:51.069+0000] {processor.py:183} INFO - Processing /opt/airflow/dags/prediction_dag.py took 0.150 seconds
[2025-11-30T13:00:21.875+0000] {processor.py:161} INFO - Started process (PID=37000) to work on /opt/airflow/dags/prediction_dag.py
[2025-11-30T13:00:21.877+0000] {processor.py:830} INFO - Processing file /opt/airflow/dags/prediction_dag.py for tasks to queue
[2025-11-30T13:00:21.879+0000] {logging_mixin.py:188} INFO - [2025-11-30T13:00:21.878+0000] {dagbag.py:540} INFO - Filling up the DagBag from /opt/airflow/dags/prediction_dag.py
[2025-11-30T13:00:21.917+0000] {processor.py:840} INFO - DAG(s) 'prediction_dag' retrieved from /opt/airflow/dags/prediction_dag.py
[2025-11-30T13:00:21.973+0000] {logging_mixin.py:188} INFO - [2025-11-30T13:00:21.973+0000] {dag.py:3047} INFO - Sync 1 DAGs
[2025-11-30T13:00:22.001+0000] {logging_mixin.py:188} INFO - [2025-11-30T13:00:22.001+0000] {dag.py:3834} INFO - Setting next_dagrun for prediction_dag to 2025-11-30 13:00:00+00:00, run_after=2025-11-30 13:02:00+00:00
[2025-11-30T13:00:22.018+0000] {processor.py:183} INFO - Processing /opt/airflow/dags/prediction_dag.py took 0.164 seconds
[2025-11-30T13:00:52.455+0000] {processor.py:161} INFO - Started process (PID=37018) to work on /opt/airflow/dags/prediction_dag.py
[2025-11-30T13:00:52.458+0000] {processor.py:830} INFO - Processing file /opt/airflow/dags/prediction_dag.py for tasks to queue
[2025-11-30T13:00:52.459+0000] {logging_mixin.py:188} INFO - [2025-11-30T13:00:52.458+0000] {dagbag.py:540} INFO - Filling up the DagBag from /opt/airflow/dags/prediction_dag.py
[2025-11-30T13:00:52.493+0000] {processor.py:840} INFO - DAG(s) 'prediction_dag' retrieved from /opt/airflow/dags/prediction_dag.py
[2025-11-30T13:00:52.543+0000] {logging_mixin.py:188} INFO - [2025-11-30T13:00:52.543+0000] {dag.py:3047} INFO - Sync 1 DAGs
[2025-11-30T13:00:52.576+0000] {logging_mixin.py:188} INFO - [2025-11-30T13:00:52.576+0000] {dag.py:3834} INFO - Setting next_dagrun for prediction_dag to 2025-11-30 13:00:00+00:00, run_after=2025-11-30 13:02:00+00:00
[2025-11-30T13:00:52.589+0000] {processor.py:183} INFO - Processing /opt/airflow/dags/prediction_dag.py took 0.145 seconds
[2025-11-30T13:01:23.333+0000] {processor.py:161} INFO - Started process (PID=37098) to work on /opt/airflow/dags/prediction_dag.py
[2025-11-30T13:01:23.337+0000] {processor.py:830} INFO - Processing file /opt/airflow/dags/prediction_dag.py for tasks to queue
[2025-11-30T13:01:23.338+0000] {logging_mixin.py:188} INFO - [2025-11-30T13:01:23.338+0000] {dagbag.py:540} INFO - Filling up the DagBag from /opt/airflow/dags/prediction_dag.py
[2025-11-30T13:01:23.374+0000] {processor.py:840} INFO - DAG(s) 'prediction_dag' retrieved from /opt/airflow/dags/prediction_dag.py
[2025-11-30T13:01:23.414+0000] {logging_mixin.py:188} INFO - [2025-11-30T13:01:23.414+0000] {dag.py:3047} INFO - Sync 1 DAGs
[2025-11-30T13:01:23.441+0000] {logging_mixin.py:188} INFO - [2025-11-30T13:01:23.441+0000] {dag.py:3834} INFO - Setting next_dagrun for prediction_dag to 2025-11-30 13:00:00+00:00, run_after=2025-11-30 13:02:00+00:00
[2025-11-30T13:01:23.453+0000] {processor.py:183} INFO - Processing /opt/airflow/dags/prediction_dag.py took 0.133 seconds
[2025-11-30T13:01:53.772+0000] {processor.py:161} INFO - Started process (PID=37116) to work on /opt/airflow/dags/prediction_dag.py
[2025-11-30T13:01:53.774+0000] {processor.py:830} INFO - Processing file /opt/airflow/dags/prediction_dag.py for tasks to queue
[2025-11-30T13:01:53.775+0000] {logging_mixin.py:188} INFO - [2025-11-30T13:01:53.775+0000] {dagbag.py:540} INFO - Filling up the DagBag from /opt/airflow/dags/prediction_dag.py
[2025-11-30T13:01:53.793+0000] {processor.py:840} INFO - DAG(s) 'prediction_dag' retrieved from /opt/airflow/dags/prediction_dag.py
[2025-11-30T13:01:53.823+0000] {logging_mixin.py:188} INFO - [2025-11-30T13:01:53.823+0000] {dag.py:3047} INFO - Sync 1 DAGs
[2025-11-30T13:01:53.842+0000] {logging_mixin.py:188} INFO - [2025-11-30T13:01:53.842+0000] {dag.py:3834} INFO - Setting next_dagrun for prediction_dag to 2025-11-30 13:00:00+00:00, run_after=2025-11-30 13:02:00+00:00
[2025-11-30T13:01:53.854+0000] {processor.py:183} INFO - Processing /opt/airflow/dags/prediction_dag.py took 0.090 seconds
[2025-11-30T13:02:24.459+0000] {processor.py:161} INFO - Started process (PID=37192) to work on /opt/airflow/dags/prediction_dag.py
[2025-11-30T13:02:24.461+0000] {processor.py:830} INFO - Processing file /opt/airflow/dags/prediction_dag.py for tasks to queue
[2025-11-30T13:02:24.462+0000] {logging_mixin.py:188} INFO - [2025-11-30T13:02:24.461+0000] {dagbag.py:540} INFO - Filling up the DagBag from /opt/airflow/dags/prediction_dag.py
[2025-11-30T13:02:24.500+0000] {processor.py:840} INFO - DAG(s) 'prediction_dag' retrieved from /opt/airflow/dags/prediction_dag.py
[2025-11-30T13:02:24.560+0000] {logging_mixin.py:188} INFO - [2025-11-30T13:02:24.559+0000] {dag.py:3047} INFO - Sync 1 DAGs
[2025-11-30T13:02:24.594+0000] {logging_mixin.py:188} INFO - [2025-11-30T13:02:24.594+0000] {dag.py:3834} INFO - Setting next_dagrun for prediction_dag to 2025-11-30 13:02:00+00:00, run_after=2025-11-30 13:04:00+00:00
[2025-11-30T13:02:24.616+0000] {processor.py:183} INFO - Processing /opt/airflow/dags/prediction_dag.py took 0.163 seconds
[2025-11-30T13:02:55.046+0000] {processor.py:161} INFO - Started process (PID=37207) to work on /opt/airflow/dags/prediction_dag.py
[2025-11-30T13:02:55.051+0000] {processor.py:830} INFO - Processing file /opt/airflow/dags/prediction_dag.py for tasks to queue
[2025-11-30T13:02:55.053+0000] {logging_mixin.py:188} INFO - [2025-11-30T13:02:55.052+0000] {dagbag.py:540} INFO - Filling up the DagBag from /opt/airflow/dags/prediction_dag.py
[2025-11-30T13:02:55.084+0000] {processor.py:840} INFO - DAG(s) 'prediction_dag' retrieved from /opt/airflow/dags/prediction_dag.py
[2025-11-30T13:02:55.128+0000] {logging_mixin.py:188} INFO - [2025-11-30T13:02:55.128+0000] {dag.py:3047} INFO - Sync 1 DAGs
[2025-11-30T13:02:55.152+0000] {logging_mixin.py:188} INFO - [2025-11-30T13:02:55.151+0000] {dag.py:3834} INFO - Setting next_dagrun for prediction_dag to 2025-11-30 13:02:00+00:00, run_after=2025-11-30 13:04:00+00:00
[2025-11-30T13:02:55.168+0000] {processor.py:183} INFO - Processing /opt/airflow/dags/prediction_dag.py took 0.135 seconds
[2025-11-30T13:03:25.538+0000] {processor.py:161} INFO - Started process (PID=37287) to work on /opt/airflow/dags/prediction_dag.py
[2025-11-30T13:03:25.544+0000] {processor.py:830} INFO - Processing file /opt/airflow/dags/prediction_dag.py for tasks to queue
[2025-11-30T13:03:25.546+0000] {logging_mixin.py:188} INFO - [2025-11-30T13:03:25.545+0000] {dagbag.py:540} INFO - Filling up the DagBag from /opt/airflow/dags/prediction_dag.py
[2025-11-30T13:03:25.580+0000] {processor.py:840} INFO - DAG(s) 'prediction_dag' retrieved from /opt/airflow/dags/prediction_dag.py
[2025-11-30T13:03:25.640+0000] {logging_mixin.py:188} INFO - [2025-11-30T13:03:25.640+0000] {dag.py:3047} INFO - Sync 1 DAGs
[2025-11-30T13:03:25.677+0000] {logging_mixin.py:188} INFO - [2025-11-30T13:03:25.677+0000] {dag.py:3834} INFO - Setting next_dagrun for prediction_dag to 2025-11-30 13:02:00+00:00, run_after=2025-11-30 13:04:00+00:00
[2025-11-30T13:03:25.704+0000] {processor.py:183} INFO - Processing /opt/airflow/dags/prediction_dag.py took 0.179 seconds
[2025-11-30T13:03:55.841+0000] {processor.py:161} INFO - Started process (PID=37305) to work on /opt/airflow/dags/prediction_dag.py
[2025-11-30T13:03:55.844+0000] {processor.py:830} INFO - Processing file /opt/airflow/dags/prediction_dag.py for tasks to queue
[2025-11-30T13:03:55.847+0000] {logging_mixin.py:188} INFO - [2025-11-30T13:03:55.845+0000] {dagbag.py:540} INFO - Filling up the DagBag from /opt/airflow/dags/prediction_dag.py
[2025-11-30T13:03:55.897+0000] {processor.py:840} INFO - DAG(s) 'prediction_dag' retrieved from /opt/airflow/dags/prediction_dag.py
[2025-11-30T13:03:55.966+0000] {logging_mixin.py:188} INFO - [2025-11-30T13:03:55.966+0000] {dag.py:3047} INFO - Sync 1 DAGs
[2025-11-30T13:03:56.008+0000] {logging_mixin.py:188} INFO - [2025-11-30T13:03:56.008+0000] {dag.py:3834} INFO - Setting next_dagrun for prediction_dag to 2025-11-30 13:02:00+00:00, run_after=2025-11-30 13:04:00+00:00
[2025-11-30T13:03:56.032+0000] {processor.py:183} INFO - Processing /opt/airflow/dags/prediction_dag.py took 0.205 seconds
[2025-11-30T13:04:26.449+0000] {processor.py:161} INFO - Started process (PID=37391) to work on /opt/airflow/dags/prediction_dag.py
[2025-11-30T13:04:26.455+0000] {processor.py:830} INFO - Processing file /opt/airflow/dags/prediction_dag.py for tasks to queue
[2025-11-30T13:04:26.457+0000] {logging_mixin.py:188} INFO - [2025-11-30T13:04:26.456+0000] {dagbag.py:540} INFO - Filling up the DagBag from /opt/airflow/dags/prediction_dag.py
[2025-11-30T13:04:26.492+0000] {processor.py:840} INFO - DAG(s) 'prediction_dag' retrieved from /opt/airflow/dags/prediction_dag.py
[2025-11-30T13:04:26.551+0000] {logging_mixin.py:188} INFO - [2025-11-30T13:04:26.551+0000] {dag.py:3047} INFO - Sync 1 DAGs
[2025-11-30T13:04:26.582+0000] {logging_mixin.py:188} INFO - [2025-11-30T13:04:26.582+0000] {dag.py:3834} INFO - Setting next_dagrun for prediction_dag to 2025-11-30 13:04:00+00:00, run_after=2025-11-30 13:06:00+00:00
[2025-11-30T13:04:26.598+0000] {processor.py:183} INFO - Processing /opt/airflow/dags/prediction_dag.py took 0.163 seconds
[2025-11-30T13:04:57.069+0000] {processor.py:161} INFO - Started process (PID=37409) to work on /opt/airflow/dags/prediction_dag.py
[2025-11-30T13:04:57.072+0000] {processor.py:830} INFO - Processing file /opt/airflow/dags/prediction_dag.py for tasks to queue
[2025-11-30T13:04:57.073+0000] {logging_mixin.py:188} INFO - [2025-11-30T13:04:57.072+0000] {dagbag.py:540} INFO - Filling up the DagBag from /opt/airflow/dags/prediction_dag.py
[2025-11-30T13:04:57.106+0000] {processor.py:840} INFO - DAG(s) 'prediction_dag' retrieved from /opt/airflow/dags/prediction_dag.py
[2025-11-30T13:04:57.159+0000] {logging_mixin.py:188} INFO - [2025-11-30T13:04:57.159+0000] {dag.py:3047} INFO - Sync 1 DAGs
[2025-11-30T13:04:57.185+0000] {logging_mixin.py:188} INFO - [2025-11-30T13:04:57.185+0000] {dag.py:3834} INFO - Setting next_dagrun for prediction_dag to 2025-11-30 13:04:00+00:00, run_after=2025-11-30 13:06:00+00:00
[2025-11-30T13:04:57.199+0000] {processor.py:183} INFO - Processing /opt/airflow/dags/prediction_dag.py took 0.143 seconds
[2025-11-30T13:05:27.564+0000] {processor.py:161} INFO - Started process (PID=37489) to work on /opt/airflow/dags/prediction_dag.py
[2025-11-30T13:05:27.568+0000] {processor.py:830} INFO - Processing file /opt/airflow/dags/prediction_dag.py for tasks to queue
[2025-11-30T13:05:27.570+0000] {logging_mixin.py:188} INFO - [2025-11-30T13:05:27.569+0000] {dagbag.py:540} INFO - Filling up the DagBag from /opt/airflow/dags/prediction_dag.py
[2025-11-30T13:05:27.601+0000] {processor.py:840} INFO - DAG(s) 'prediction_dag' retrieved from /opt/airflow/dags/prediction_dag.py
[2025-11-30T13:05:27.647+0000] {logging_mixin.py:188} INFO - [2025-11-30T13:05:27.647+0000] {dag.py:3047} INFO - Sync 1 DAGs
[2025-11-30T13:05:27.676+0000] {logging_mixin.py:188} INFO - [2025-11-30T13:05:27.675+0000] {dag.py:3834} INFO - Setting next_dagrun for prediction_dag to 2025-11-30 13:04:00+00:00, run_after=2025-11-30 13:06:00+00:00
[2025-11-30T13:05:27.692+0000] {processor.py:183} INFO - Processing /opt/airflow/dags/prediction_dag.py took 0.143 seconds
[2025-11-30T13:05:58.106+0000] {processor.py:161} INFO - Started process (PID=37507) to work on /opt/airflow/dags/prediction_dag.py
[2025-11-30T13:05:58.110+0000] {processor.py:830} INFO - Processing file /opt/airflow/dags/prediction_dag.py for tasks to queue
[2025-11-30T13:05:58.112+0000] {logging_mixin.py:188} INFO - [2025-11-30T13:05:58.111+0000] {dagbag.py:540} INFO - Filling up the DagBag from /opt/airflow/dags/prediction_dag.py
[2025-11-30T13:05:58.148+0000] {processor.py:840} INFO - DAG(s) 'prediction_dag' retrieved from /opt/airflow/dags/prediction_dag.py
[2025-11-30T13:05:58.196+0000] {logging_mixin.py:188} INFO - [2025-11-30T13:05:58.196+0000] {dag.py:3047} INFO - Sync 1 DAGs
[2025-11-30T13:05:58.235+0000] {logging_mixin.py:188} INFO - [2025-11-30T13:05:58.235+0000] {dag.py:3834} INFO - Setting next_dagrun for prediction_dag to 2025-11-30 13:04:00+00:00, run_after=2025-11-30 13:06:00+00:00
[2025-11-30T13:05:58.264+0000] {processor.py:183} INFO - Processing /opt/airflow/dags/prediction_dag.py took 0.167 seconds
[2025-11-30T13:06:28.768+0000] {processor.py:161} INFO - Started process (PID=37593) to work on /opt/airflow/dags/prediction_dag.py
[2025-11-30T13:06:28.771+0000] {processor.py:830} INFO - Processing file /opt/airflow/dags/prediction_dag.py for tasks to queue
[2025-11-30T13:06:28.773+0000] {logging_mixin.py:188} INFO - [2025-11-30T13:06:28.772+0000] {dagbag.py:540} INFO - Filling up the DagBag from /opt/airflow/dags/prediction_dag.py
[2025-11-30T13:06:28.804+0000] {processor.py:840} INFO - DAG(s) 'prediction_dag' retrieved from /opt/airflow/dags/prediction_dag.py
[2025-11-30T13:06:28.857+0000] {logging_mixin.py:188} INFO - [2025-11-30T13:06:28.856+0000] {dag.py:3047} INFO - Sync 1 DAGs
[2025-11-30T13:06:28.883+0000] {logging_mixin.py:188} INFO - [2025-11-30T13:06:28.883+0000] {dag.py:3834} INFO - Setting next_dagrun for prediction_dag to 2025-11-30 13:06:00+00:00, run_after=2025-11-30 13:08:00+00:00
[2025-11-30T13:06:28.903+0000] {processor.py:183} INFO - Processing /opt/airflow/dags/prediction_dag.py took 0.148 seconds
[2025-11-30T13:06:59.214+0000] {processor.py:161} INFO - Started process (PID=37611) to work on /opt/airflow/dags/prediction_dag.py
[2025-11-30T13:06:59.216+0000] {processor.py:830} INFO - Processing file /opt/airflow/dags/prediction_dag.py for tasks to queue
[2025-11-30T13:06:59.217+0000] {logging_mixin.py:188} INFO - [2025-11-30T13:06:59.217+0000] {dagbag.py:540} INFO - Filling up the DagBag from /opt/airflow/dags/prediction_dag.py
[2025-11-30T13:06:59.251+0000] {processor.py:840} INFO - DAG(s) 'prediction_dag' retrieved from /opt/airflow/dags/prediction_dag.py
[2025-11-30T13:06:59.297+0000] {logging_mixin.py:188} INFO - [2025-11-30T13:06:59.297+0000] {dag.py:3047} INFO - Sync 1 DAGs
[2025-11-30T13:06:59.321+0000] {logging_mixin.py:188} INFO - [2025-11-30T13:06:59.321+0000] {dag.py:3834} INFO - Setting next_dagrun for prediction_dag to 2025-11-30 13:06:00+00:00, run_after=2025-11-30 13:08:00+00:00
[2025-11-30T13:06:59.338+0000] {processor.py:183} INFO - Processing /opt/airflow/dags/prediction_dag.py took 0.132 seconds
[2025-11-30T13:07:29.866+0000] {processor.py:161} INFO - Started process (PID=37691) to work on /opt/airflow/dags/prediction_dag.py
[2025-11-30T13:07:29.872+0000] {processor.py:830} INFO - Processing file /opt/airflow/dags/prediction_dag.py for tasks to queue
[2025-11-30T13:07:29.874+0000] {logging_mixin.py:188} INFO - [2025-11-30T13:07:29.873+0000] {dagbag.py:540} INFO - Filling up the DagBag from /opt/airflow/dags/prediction_dag.py
[2025-11-30T13:07:29.913+0000] {processor.py:840} INFO - DAG(s) 'prediction_dag' retrieved from /opt/airflow/dags/prediction_dag.py
[2025-11-30T13:07:30.190+0000] {logging_mixin.py:188} INFO - [2025-11-30T13:07:30.190+0000] {dag.py:3047} INFO - Sync 1 DAGs
[2025-11-30T13:07:30.247+0000] {logging_mixin.py:188} INFO - [2025-11-30T13:07:30.247+0000] {dag.py:3834} INFO - Setting next_dagrun for prediction_dag to 2025-11-30 13:06:00+00:00, run_after=2025-11-30 13:08:00+00:00
[2025-11-30T13:07:30.270+0000] {processor.py:183} INFO - Processing /opt/airflow/dags/prediction_dag.py took 0.416 seconds
[2025-11-30T13:08:00.516+0000] {processor.py:161} INFO - Started process (PID=37709) to work on /opt/airflow/dags/prediction_dag.py
[2025-11-30T13:08:00.522+0000] {processor.py:830} INFO - Processing file /opt/airflow/dags/prediction_dag.py for tasks to queue
[2025-11-30T13:08:00.525+0000] {logging_mixin.py:188} INFO - [2025-11-30T13:08:00.523+0000] {dagbag.py:540} INFO - Filling up the DagBag from /opt/airflow/dags/prediction_dag.py
[2025-11-30T13:08:00.562+0000] {processor.py:840} INFO - DAG(s) 'prediction_dag' retrieved from /opt/airflow/dags/prediction_dag.py
[2025-11-30T13:08:00.627+0000] {logging_mixin.py:188} INFO - [2025-11-30T13:08:00.627+0000] {dag.py:3047} INFO - Sync 1 DAGs
[2025-11-30T13:08:00.678+0000] {logging_mixin.py:188} INFO - [2025-11-30T13:08:00.678+0000] {dag.py:3834} INFO - Setting next_dagrun for prediction_dag to 2025-11-30 13:08:00+00:00, run_after=2025-11-30 13:10:00+00:00
[2025-11-30T13:08:00.701+0000] {processor.py:183} INFO - Processing /opt/airflow/dags/prediction_dag.py took 0.197 seconds
[2025-11-30T13:08:31.024+0000] {processor.py:161} INFO - Started process (PID=37795) to work on /opt/airflow/dags/prediction_dag.py
[2025-11-30T13:08:31.027+0000] {processor.py:830} INFO - Processing file /opt/airflow/dags/prediction_dag.py for tasks to queue
[2025-11-30T13:08:31.029+0000] {logging_mixin.py:188} INFO - [2025-11-30T13:08:31.028+0000] {dagbag.py:540} INFO - Filling up the DagBag from /opt/airflow/dags/prediction_dag.py
[2025-11-30T13:08:31.052+0000] {processor.py:840} INFO - DAG(s) 'prediction_dag' retrieved from /opt/airflow/dags/prediction_dag.py
[2025-11-30T13:08:31.086+0000] {logging_mixin.py:188} INFO - [2025-11-30T13:08:31.085+0000] {dag.py:3047} INFO - Sync 1 DAGs
[2025-11-30T13:08:31.110+0000] {logging_mixin.py:188} INFO - [2025-11-30T13:08:31.109+0000] {dag.py:3834} INFO - Setting next_dagrun for prediction_dag to 2025-11-30 13:08:00+00:00, run_after=2025-11-30 13:10:00+00:00
[2025-11-30T13:08:31.125+0000] {processor.py:183} INFO - Processing /opt/airflow/dags/prediction_dag.py took 0.109 seconds
[2025-11-30T13:09:01.615+0000] {processor.py:161} INFO - Started process (PID=37804) to work on /opt/airflow/dags/prediction_dag.py
[2025-11-30T13:09:01.617+0000] {processor.py:830} INFO - Processing file /opt/airflow/dags/prediction_dag.py for tasks to queue
[2025-11-30T13:09:01.617+0000] {logging_mixin.py:188} INFO - [2025-11-30T13:09:01.617+0000] {dagbag.py:540} INFO - Filling up the DagBag from /opt/airflow/dags/prediction_dag.py
[2025-11-30T13:09:01.631+0000] {processor.py:840} INFO - DAG(s) 'prediction_dag' retrieved from /opt/airflow/dags/prediction_dag.py
[2025-11-30T13:09:01.670+0000] {logging_mixin.py:188} INFO - [2025-11-30T13:09:01.670+0000] {dag.py:3047} INFO - Sync 1 DAGs
[2025-11-30T13:09:01.693+0000] {logging_mixin.py:188} INFO - [2025-11-30T13:09:01.692+0000] {dag.py:3834} INFO - Setting next_dagrun for prediction_dag to 2025-11-30 13:08:00+00:00, run_after=2025-11-30 13:10:00+00:00
[2025-11-30T13:09:01.706+0000] {processor.py:183} INFO - Processing /opt/airflow/dags/prediction_dag.py took 0.095 seconds
[2025-11-30T13:09:32.042+0000] {processor.py:161} INFO - Started process (PID=37880) to work on /opt/airflow/dags/prediction_dag.py
[2025-11-30T13:09:32.046+0000] {processor.py:830} INFO - Processing file /opt/airflow/dags/prediction_dag.py for tasks to queue
[2025-11-30T13:09:32.050+0000] {logging_mixin.py:188} INFO - [2025-11-30T13:09:32.048+0000] {dagbag.py:540} INFO - Filling up the DagBag from /opt/airflow/dags/prediction_dag.py
[2025-11-30T13:09:32.095+0000] {processor.py:840} INFO - DAG(s) 'prediction_dag' retrieved from /opt/airflow/dags/prediction_dag.py
[2025-11-30T13:09:32.162+0000] {logging_mixin.py:188} INFO - [2025-11-30T13:09:32.162+0000] {dag.py:3047} INFO - Sync 1 DAGs
[2025-11-30T13:09:32.198+0000] {logging_mixin.py:188} INFO - [2025-11-30T13:09:32.197+0000] {dag.py:3834} INFO - Setting next_dagrun for prediction_dag to 2025-11-30 13:08:00+00:00, run_after=2025-11-30 13:10:00+00:00
[2025-11-30T13:09:32.217+0000] {processor.py:183} INFO - Processing /opt/airflow/dags/prediction_dag.py took 0.184 seconds
[2025-11-30T13:10:02.596+0000] {processor.py:161} INFO - Started process (PID=37911) to work on /opt/airflow/dags/prediction_dag.py
[2025-11-30T13:10:02.598+0000] {processor.py:830} INFO - Processing file /opt/airflow/dags/prediction_dag.py for tasks to queue
[2025-11-30T13:10:02.600+0000] {logging_mixin.py:188} INFO - [2025-11-30T13:10:02.599+0000] {dagbag.py:540} INFO - Filling up the DagBag from /opt/airflow/dags/prediction_dag.py
[2025-11-30T13:10:02.625+0000] {processor.py:840} INFO - DAG(s) 'prediction_dag' retrieved from /opt/airflow/dags/prediction_dag.py
[2025-11-30T13:10:02.663+0000] {logging_mixin.py:188} INFO - [2025-11-30T13:10:02.662+0000] {dag.py:3047} INFO - Sync 1 DAGs
[2025-11-30T13:10:02.696+0000] {logging_mixin.py:188} INFO - [2025-11-30T13:10:02.696+0000] {dag.py:3834} INFO - Setting next_dagrun for prediction_dag to 2025-11-30 13:10:00+00:00, run_after=2025-11-30 13:12:00+00:00
[2025-11-30T13:10:02.715+0000] {processor.py:183} INFO - Processing /opt/airflow/dags/prediction_dag.py took 0.125 seconds
[2025-11-30T13:10:33.064+0000] {processor.py:161} INFO - Started process (PID=37984) to work on /opt/airflow/dags/prediction_dag.py
[2025-11-30T13:10:33.070+0000] {processor.py:830} INFO - Processing file /opt/airflow/dags/prediction_dag.py for tasks to queue
[2025-11-30T13:10:33.071+0000] {logging_mixin.py:188} INFO - [2025-11-30T13:10:33.071+0000] {dagbag.py:540} INFO - Filling up the DagBag from /opt/airflow/dags/prediction_dag.py
[2025-11-30T13:10:33.109+0000] {processor.py:840} INFO - DAG(s) 'prediction_dag' retrieved from /opt/airflow/dags/prediction_dag.py
[2025-11-30T13:10:33.169+0000] {logging_mixin.py:188} INFO - [2025-11-30T13:10:33.169+0000] {dag.py:3047} INFO - Sync 1 DAGs
[2025-11-30T13:10:33.201+0000] {logging_mixin.py:188} INFO - [2025-11-30T13:10:33.201+0000] {dag.py:3834} INFO - Setting next_dagrun for prediction_dag to 2025-11-30 13:10:00+00:00, run_after=2025-11-30 13:12:00+00:00
[2025-11-30T13:10:33.218+0000] {processor.py:183} INFO - Processing /opt/airflow/dags/prediction_dag.py took 0.165 seconds
[2025-11-30T13:11:03.638+0000] {processor.py:161} INFO - Started process (PID=38013) to work on /opt/airflow/dags/prediction_dag.py
[2025-11-30T13:11:03.641+0000] {processor.py:830} INFO - Processing file /opt/airflow/dags/prediction_dag.py for tasks to queue
[2025-11-30T13:11:03.645+0000] {logging_mixin.py:188} INFO - [2025-11-30T13:11:03.643+0000] {dagbag.py:540} INFO - Filling up the DagBag from /opt/airflow/dags/prediction_dag.py
[2025-11-30T13:11:03.676+0000] {processor.py:840} INFO - DAG(s) 'prediction_dag' retrieved from /opt/airflow/dags/prediction_dag.py
[2025-11-30T13:11:03.731+0000] {logging_mixin.py:188} INFO - [2025-11-30T13:11:03.731+0000] {dag.py:3047} INFO - Sync 1 DAGs
[2025-11-30T13:11:03.764+0000] {logging_mixin.py:188} INFO - [2025-11-30T13:11:03.764+0000] {dag.py:3834} INFO - Setting next_dagrun for prediction_dag to 2025-11-30 13:10:00+00:00, run_after=2025-11-30 13:12:00+00:00
[2025-11-30T13:11:03.786+0000] {processor.py:183} INFO - Processing /opt/airflow/dags/prediction_dag.py took 0.158 seconds
[2025-11-30T13:11:34.219+0000] {processor.py:161} INFO - Started process (PID=38082) to work on /opt/airflow/dags/prediction_dag.py
[2025-11-30T13:11:34.223+0000] {processor.py:830} INFO - Processing file /opt/airflow/dags/prediction_dag.py for tasks to queue
[2025-11-30T13:11:34.224+0000] {logging_mixin.py:188} INFO - [2025-11-30T13:11:34.223+0000] {dagbag.py:540} INFO - Filling up the DagBag from /opt/airflow/dags/prediction_dag.py
[2025-11-30T13:11:34.271+0000] {processor.py:840} INFO - DAG(s) 'prediction_dag' retrieved from /opt/airflow/dags/prediction_dag.py
[2025-11-30T13:11:34.328+0000] {logging_mixin.py:188} INFO - [2025-11-30T13:11:34.328+0000] {dag.py:3047} INFO - Sync 1 DAGs
[2025-11-30T13:11:34.361+0000] {logging_mixin.py:188} INFO - [2025-11-30T13:11:34.361+0000] {dag.py:3834} INFO - Setting next_dagrun for prediction_dag to 2025-11-30 13:10:00+00:00, run_after=2025-11-30 13:12:00+00:00
[2025-11-30T13:11:34.377+0000] {processor.py:183} INFO - Processing /opt/airflow/dags/prediction_dag.py took 0.170 seconds
[2025-11-30T13:12:04.770+0000] {processor.py:161} INFO - Started process (PID=38125) to work on /opt/airflow/dags/prediction_dag.py
[2025-11-30T13:12:04.773+0000] {processor.py:830} INFO - Processing file /opt/airflow/dags/prediction_dag.py for tasks to queue
[2025-11-30T13:12:04.774+0000] {logging_mixin.py:188} INFO - [2025-11-30T13:12:04.774+0000] {dagbag.py:540} INFO - Filling up the DagBag from /opt/airflow/dags/prediction_dag.py
[2025-11-30T13:12:04.791+0000] {processor.py:840} INFO - DAG(s) 'prediction_dag' retrieved from /opt/airflow/dags/prediction_dag.py
[2025-11-30T13:12:04.821+0000] {logging_mixin.py:188} INFO - [2025-11-30T13:12:04.821+0000] {dag.py:3047} INFO - Sync 1 DAGs
[2025-11-30T13:12:04.840+0000] {logging_mixin.py:188} INFO - [2025-11-30T13:12:04.840+0000] {dag.py:3834} INFO - Setting next_dagrun for prediction_dag to 2025-11-30 13:12:00+00:00, run_after=2025-11-30 13:14:00+00:00
[2025-11-30T13:12:04.853+0000] {processor.py:183} INFO - Processing /opt/airflow/dags/prediction_dag.py took 0.087 seconds
[2025-11-30T13:12:35.158+0000] {processor.py:161} INFO - Started process (PID=38186) to work on /opt/airflow/dags/prediction_dag.py
[2025-11-30T13:12:35.160+0000] {processor.py:830} INFO - Processing file /opt/airflow/dags/prediction_dag.py for tasks to queue
[2025-11-30T13:12:35.162+0000] {logging_mixin.py:188} INFO - [2025-11-30T13:12:35.161+0000] {dagbag.py:540} INFO - Filling up the DagBag from /opt/airflow/dags/prediction_dag.py
[2025-11-30T13:12:35.192+0000] {processor.py:840} INFO - DAG(s) 'prediction_dag' retrieved from /opt/airflow/dags/prediction_dag.py
[2025-11-30T13:12:35.251+0000] {logging_mixin.py:188} INFO - [2025-11-30T13:12:35.250+0000] {dag.py:3047} INFO - Sync 1 DAGs
[2025-11-30T13:12:35.282+0000] {logging_mixin.py:188} INFO - [2025-11-30T13:12:35.281+0000] {dag.py:3834} INFO - Setting next_dagrun for prediction_dag to 2025-11-30 13:12:00+00:00, run_after=2025-11-30 13:14:00+00:00
[2025-11-30T13:12:35.299+0000] {processor.py:183} INFO - Processing /opt/airflow/dags/prediction_dag.py took 0.156 seconds
[2025-11-30T13:13:05.485+0000] {processor.py:161} INFO - Started process (PID=38223) to work on /opt/airflow/dags/prediction_dag.py
[2025-11-30T13:13:05.487+0000] {processor.py:830} INFO - Processing file /opt/airflow/dags/prediction_dag.py for tasks to queue
[2025-11-30T13:13:05.488+0000] {logging_mixin.py:188} INFO - [2025-11-30T13:13:05.488+0000] {dagbag.py:540} INFO - Filling up the DagBag from /opt/airflow/dags/prediction_dag.py
[2025-11-30T13:13:05.511+0000] {processor.py:840} INFO - DAG(s) 'prediction_dag' retrieved from /opt/airflow/dags/prediction_dag.py
[2025-11-30T13:13:05.561+0000] {logging_mixin.py:188} INFO - [2025-11-30T13:13:05.561+0000] {dag.py:3047} INFO - Sync 1 DAGs
[2025-11-30T13:13:05.592+0000] {logging_mixin.py:188} INFO - [2025-11-30T13:13:05.591+0000] {dag.py:3834} INFO - Setting next_dagrun for prediction_dag to 2025-11-30 13:12:00+00:00, run_after=2025-11-30 13:14:00+00:00
[2025-11-30T13:13:05.610+0000] {processor.py:183} INFO - Processing /opt/airflow/dags/prediction_dag.py took 0.133 seconds
[2025-11-30T13:13:36.178+0000] {processor.py:161} INFO - Started process (PID=38284) to work on /opt/airflow/dags/prediction_dag.py
[2025-11-30T13:13:36.182+0000] {processor.py:830} INFO - Processing file /opt/airflow/dags/prediction_dag.py for tasks to queue
[2025-11-30T13:13:36.188+0000] {logging_mixin.py:188} INFO - [2025-11-30T13:13:36.186+0000] {dagbag.py:540} INFO - Filling up the DagBag from /opt/airflow/dags/prediction_dag.py
[2025-11-30T13:13:36.232+0000] {processor.py:840} INFO - DAG(s) 'prediction_dag' retrieved from /opt/airflow/dags/prediction_dag.py
[2025-11-30T13:13:36.285+0000] {logging_mixin.py:188} INFO - [2025-11-30T13:13:36.285+0000] {dag.py:3047} INFO - Sync 1 DAGs
[2025-11-30T13:13:36.326+0000] {logging_mixin.py:188} INFO - [2025-11-30T13:13:36.326+0000] {dag.py:3834} INFO - Setting next_dagrun for prediction_dag to 2025-11-30 13:12:00+00:00, run_after=2025-11-30 13:14:00+00:00
[2025-11-30T13:13:36.342+0000] {processor.py:183} INFO - Processing /opt/airflow/dags/prediction_dag.py took 0.174 seconds
[2025-11-30T13:14:06.572+0000] {processor.py:161} INFO - Started process (PID=38329) to work on /opt/airflow/dags/prediction_dag.py
[2025-11-30T13:14:06.575+0000] {processor.py:830} INFO - Processing file /opt/airflow/dags/prediction_dag.py for tasks to queue
[2025-11-30T13:14:06.576+0000] {logging_mixin.py:188} INFO - [2025-11-30T13:14:06.575+0000] {dagbag.py:540} INFO - Filling up the DagBag from /opt/airflow/dags/prediction_dag.py
[2025-11-30T13:14:06.597+0000] {processor.py:840} INFO - DAG(s) 'prediction_dag' retrieved from /opt/airflow/dags/prediction_dag.py
[2025-11-30T13:14:06.632+0000] {logging_mixin.py:188} INFO - [2025-11-30T13:14:06.632+0000] {dag.py:3047} INFO - Sync 1 DAGs
[2025-11-30T13:14:06.656+0000] {logging_mixin.py:188} INFO - [2025-11-30T13:14:06.656+0000] {dag.py:3834} INFO - Setting next_dagrun for prediction_dag to 2025-11-30 13:14:00+00:00, run_after=2025-11-30 13:16:00+00:00
[2025-11-30T13:14:06.671+0000] {processor.py:183} INFO - Processing /opt/airflow/dags/prediction_dag.py took 0.105 seconds
[2025-11-30T13:14:37.421+0000] {processor.py:161} INFO - Started process (PID=38388) to work on /opt/airflow/dags/prediction_dag.py
[2025-11-30T13:14:37.425+0000] {processor.py:830} INFO - Processing file /opt/airflow/dags/prediction_dag.py for tasks to queue
[2025-11-30T13:14:37.427+0000] {logging_mixin.py:188} INFO - [2025-11-30T13:14:37.426+0000] {dagbag.py:540} INFO - Filling up the DagBag from /opt/airflow/dags/prediction_dag.py
[2025-11-30T13:14:37.470+0000] {processor.py:840} INFO - DAG(s) 'prediction_dag' retrieved from /opt/airflow/dags/prediction_dag.py
[2025-11-30T13:14:37.545+0000] {logging_mixin.py:188} INFO - [2025-11-30T13:14:37.545+0000] {dag.py:3047} INFO - Sync 1 DAGs
[2025-11-30T13:14:37.582+0000] {logging_mixin.py:188} INFO - [2025-11-30T13:14:37.582+0000] {dag.py:3834} INFO - Setting next_dagrun for prediction_dag to 2025-11-30 13:14:00+00:00, run_after=2025-11-30 13:16:00+00:00
[2025-11-30T13:14:37.599+0000] {processor.py:183} INFO - Processing /opt/airflow/dags/prediction_dag.py took 0.204 seconds
[2025-11-30T13:15:07.880+0000] {processor.py:161} INFO - Started process (PID=38438) to work on /opt/airflow/dags/prediction_dag.py
[2025-11-30T13:15:07.882+0000] {processor.py:830} INFO - Processing file /opt/airflow/dags/prediction_dag.py for tasks to queue
[2025-11-30T13:15:07.884+0000] {logging_mixin.py:188} INFO - [2025-11-30T13:15:07.883+0000] {dagbag.py:540} INFO - Filling up the DagBag from /opt/airflow/dags/prediction_dag.py
[2025-11-30T13:15:07.914+0000] {processor.py:840} INFO - DAG(s) 'prediction_dag' retrieved from /opt/airflow/dags/prediction_dag.py
[2025-11-30T13:15:07.955+0000] {logging_mixin.py:188} INFO - [2025-11-30T13:15:07.955+0000] {dag.py:3047} INFO - Sync 1 DAGs
[2025-11-30T13:15:07.984+0000] {logging_mixin.py:188} INFO - [2025-11-30T13:15:07.984+0000] {dag.py:3834} INFO - Setting next_dagrun for prediction_dag to 2025-11-30 13:14:00+00:00, run_after=2025-11-30 13:16:00+00:00
[2025-11-30T13:15:08.006+0000] {processor.py:183} INFO - Processing /opt/airflow/dags/prediction_dag.py took 0.136 seconds
[2025-11-30T13:15:38.496+0000] {processor.py:161} INFO - Started process (PID=38486) to work on /opt/airflow/dags/prediction_dag.py
[2025-11-30T13:15:38.499+0000] {processor.py:830} INFO - Processing file /opt/airflow/dags/prediction_dag.py for tasks to queue
[2025-11-30T13:15:38.501+0000] {logging_mixin.py:188} INFO - [2025-11-30T13:15:38.500+0000] {dagbag.py:540} INFO - Filling up the DagBag from /opt/airflow/dags/prediction_dag.py
[2025-11-30T13:15:38.515+0000] {processor.py:840} INFO - DAG(s) 'prediction_dag' retrieved from /opt/airflow/dags/prediction_dag.py
[2025-11-30T13:15:38.538+0000] {logging_mixin.py:188} INFO - [2025-11-30T13:15:38.538+0000] {dag.py:3047} INFO - Sync 1 DAGs
[2025-11-30T13:15:38.554+0000] {logging_mixin.py:188} INFO - [2025-11-30T13:15:38.554+0000] {dag.py:3834} INFO - Setting next_dagrun for prediction_dag to 2025-11-30 13:14:00+00:00, run_after=2025-11-30 13:16:00+00:00
[2025-11-30T13:15:38.565+0000] {processor.py:183} INFO - Processing /opt/airflow/dags/prediction_dag.py took 0.074 seconds
[2025-11-30T13:16:09.292+0000] {processor.py:161} INFO - Started process (PID=38529) to work on /opt/airflow/dags/prediction_dag.py
[2025-11-30T13:16:09.294+0000] {processor.py:830} INFO - Processing file /opt/airflow/dags/prediction_dag.py for tasks to queue
[2025-11-30T13:16:09.296+0000] {logging_mixin.py:188} INFO - [2025-11-30T13:16:09.295+0000] {dagbag.py:540} INFO - Filling up the DagBag from /opt/airflow/dags/prediction_dag.py
[2025-11-30T13:16:09.339+0000] {processor.py:840} INFO - DAG(s) 'prediction_dag' retrieved from /opt/airflow/dags/prediction_dag.py
[2025-11-30T13:16:09.404+0000] {logging_mixin.py:188} INFO - [2025-11-30T13:16:09.404+0000] {dag.py:3047} INFO - Sync 1 DAGs
[2025-11-30T13:16:09.446+0000] {logging_mixin.py:188} INFO - [2025-11-30T13:16:09.446+0000] {dag.py:3834} INFO - Setting next_dagrun for prediction_dag to 2025-11-30 13:16:00+00:00, run_after=2025-11-30 13:18:00+00:00
[2025-11-30T13:16:09.470+0000] {processor.py:183} INFO - Processing /opt/airflow/dags/prediction_dag.py took 0.189 seconds
[2025-11-30T13:16:39.750+0000] {processor.py:161} INFO - Started process (PID=38577) to work on /opt/airflow/dags/prediction_dag.py
[2025-11-30T13:16:39.753+0000] {processor.py:830} INFO - Processing file /opt/airflow/dags/prediction_dag.py for tasks to queue
[2025-11-30T13:16:39.755+0000] {logging_mixin.py:188} INFO - [2025-11-30T13:16:39.754+0000] {dagbag.py:540} INFO - Filling up the DagBag from /opt/airflow/dags/prediction_dag.py
[2025-11-30T13:16:39.791+0000] {processor.py:840} INFO - DAG(s) 'prediction_dag' retrieved from /opt/airflow/dags/prediction_dag.py
[2025-11-30T13:16:39.850+0000] {logging_mixin.py:188} INFO - [2025-11-30T13:16:39.850+0000] {dag.py:3047} INFO - Sync 1 DAGs
[2025-11-30T13:16:39.888+0000] {logging_mixin.py:188} INFO - [2025-11-30T13:16:39.887+0000] {dag.py:3834} INFO - Setting next_dagrun for prediction_dag to 2025-11-30 13:16:00+00:00, run_after=2025-11-30 13:18:00+00:00
[2025-11-30T13:16:39.910+0000] {processor.py:183} INFO - Processing /opt/airflow/dags/prediction_dag.py took 0.171 seconds
[2025-11-30T13:17:10.459+0000] {processor.py:161} INFO - Started process (PID=38654) to work on /opt/airflow/dags/prediction_dag.py
[2025-11-30T13:17:10.463+0000] {processor.py:830} INFO - Processing file /opt/airflow/dags/prediction_dag.py for tasks to queue
[2025-11-30T13:17:10.464+0000] {logging_mixin.py:188} INFO - [2025-11-30T13:17:10.464+0000] {dagbag.py:540} INFO - Filling up the DagBag from /opt/airflow/dags/prediction_dag.py
[2025-11-30T13:17:10.497+0000] {processor.py:840} INFO - DAG(s) 'prediction_dag' retrieved from /opt/airflow/dags/prediction_dag.py
[2025-11-30T13:17:10.542+0000] {logging_mixin.py:188} INFO - [2025-11-30T13:17:10.542+0000] {dag.py:3047} INFO - Sync 1 DAGs
[2025-11-30T13:17:10.587+0000] {logging_mixin.py:188} INFO - [2025-11-30T13:17:10.587+0000] {dag.py:3834} INFO - Setting next_dagrun for prediction_dag to 2025-11-30 13:16:00+00:00, run_after=2025-11-30 13:18:00+00:00
[2025-11-30T13:17:10.617+0000] {processor.py:183} INFO - Processing /opt/airflow/dags/prediction_dag.py took 0.164 seconds
[2025-11-30T13:17:41.001+0000] {processor.py:161} INFO - Started process (PID=38675) to work on /opt/airflow/dags/prediction_dag.py
[2025-11-30T13:17:41.003+0000] {processor.py:830} INFO - Processing file /opt/airflow/dags/prediction_dag.py for tasks to queue
[2025-11-30T13:17:41.004+0000] {logging_mixin.py:188} INFO - [2025-11-30T13:17:41.004+0000] {dagbag.py:540} INFO - Filling up the DagBag from /opt/airflow/dags/prediction_dag.py
[2025-11-30T13:17:41.041+0000] {processor.py:840} INFO - DAG(s) 'prediction_dag' retrieved from /opt/airflow/dags/prediction_dag.py
[2025-11-30T13:17:41.100+0000] {logging_mixin.py:188} INFO - [2025-11-30T13:17:41.099+0000] {dag.py:3047} INFO - Sync 1 DAGs
[2025-11-30T13:17:41.126+0000] {logging_mixin.py:188} INFO - [2025-11-30T13:17:41.126+0000] {dag.py:3834} INFO - Setting next_dagrun for prediction_dag to 2025-11-30 13:16:00+00:00, run_after=2025-11-30 13:18:00+00:00
[2025-11-30T13:17:41.144+0000] {processor.py:183} INFO - Processing /opt/airflow/dags/prediction_dag.py took 0.156 seconds
[2025-11-30T13:18:11.489+0000] {processor.py:161} INFO - Started process (PID=38737) to work on /opt/airflow/dags/prediction_dag.py
[2025-11-30T13:18:11.492+0000] {processor.py:830} INFO - Processing file /opt/airflow/dags/prediction_dag.py for tasks to queue
[2025-11-30T13:18:11.496+0000] {logging_mixin.py:188} INFO - [2025-11-30T13:18:11.494+0000] {dagbag.py:540} INFO - Filling up the DagBag from /opt/airflow/dags/prediction_dag.py
[2025-11-30T13:18:11.532+0000] {processor.py:840} INFO - DAG(s) 'prediction_dag' retrieved from /opt/airflow/dags/prediction_dag.py
[2025-11-30T13:18:11.640+0000] {logging_mixin.py:188} INFO - [2025-11-30T13:18:11.640+0000] {dag.py:3047} INFO - Sync 1 DAGs
[2025-11-30T13:18:11.678+0000] {logging_mixin.py:188} INFO - [2025-11-30T13:18:11.678+0000] {dag.py:3834} INFO - Setting next_dagrun for prediction_dag to 2025-11-30 13:18:00+00:00, run_after=2025-11-30 13:20:00+00:00
[2025-11-30T13:18:11.694+0000] {processor.py:183} INFO - Processing /opt/airflow/dags/prediction_dag.py took 0.211 seconds
[2025-11-30T13:18:42.187+0000] {processor.py:161} INFO - Started process (PID=38779) to work on /opt/airflow/dags/prediction_dag.py
[2025-11-30T13:18:42.190+0000] {processor.py:830} INFO - Processing file /opt/airflow/dags/prediction_dag.py for tasks to queue
[2025-11-30T13:18:42.194+0000] {logging_mixin.py:188} INFO - [2025-11-30T13:18:42.191+0000] {dagbag.py:540} INFO - Filling up the DagBag from /opt/airflow/dags/prediction_dag.py
[2025-11-30T13:18:42.240+0000] {processor.py:840} INFO - DAG(s) 'prediction_dag' retrieved from /opt/airflow/dags/prediction_dag.py
[2025-11-30T13:18:42.325+0000] {logging_mixin.py:188} INFO - [2025-11-30T13:18:42.325+0000] {dag.py:3047} INFO - Sync 1 DAGs
[2025-11-30T13:18:42.361+0000] {logging_mixin.py:188} INFO - [2025-11-30T13:18:42.361+0000] {dag.py:3834} INFO - Setting next_dagrun for prediction_dag to 2025-11-30 13:18:00+00:00, run_after=2025-11-30 13:20:00+00:00
[2025-11-30T13:18:42.387+0000] {processor.py:183} INFO - Processing /opt/airflow/dags/prediction_dag.py took 0.214 seconds
[2025-11-30T13:19:12.952+0000] {processor.py:161} INFO - Started process (PID=38856) to work on /opt/airflow/dags/prediction_dag.py
[2025-11-30T13:19:12.956+0000] {processor.py:830} INFO - Processing file /opt/airflow/dags/prediction_dag.py for tasks to queue
[2025-11-30T13:19:12.960+0000] {logging_mixin.py:188} INFO - [2025-11-30T13:19:12.958+0000] {dagbag.py:540} INFO - Filling up the DagBag from /opt/airflow/dags/prediction_dag.py
[2025-11-30T13:19:12.999+0000] {processor.py:840} INFO - DAG(s) 'prediction_dag' retrieved from /opt/airflow/dags/prediction_dag.py
[2025-11-30T13:19:13.082+0000] {logging_mixin.py:188} INFO - [2025-11-30T13:19:13.082+0000] {dag.py:3047} INFO - Sync 1 DAGs
[2025-11-30T13:19:13.128+0000] {logging_mixin.py:188} INFO - [2025-11-30T13:19:13.128+0000] {dag.py:3834} INFO - Setting next_dagrun for prediction_dag to 2025-11-30 13:18:00+00:00, run_after=2025-11-30 13:20:00+00:00
[2025-11-30T13:19:13.182+0000] {processor.py:183} INFO - Processing /opt/airflow/dags/prediction_dag.py took 0.237 seconds
[2025-11-30T13:19:43.623+0000] {processor.py:161} INFO - Started process (PID=38877) to work on /opt/airflow/dags/prediction_dag.py
[2025-11-30T13:19:43.628+0000] {processor.py:830} INFO - Processing file /opt/airflow/dags/prediction_dag.py for tasks to queue
[2025-11-30T13:19:43.633+0000] {logging_mixin.py:188} INFO - [2025-11-30T13:19:43.632+0000] {dagbag.py:540} INFO - Filling up the DagBag from /opt/airflow/dags/prediction_dag.py
[2025-11-30T13:19:43.671+0000] {processor.py:840} INFO - DAG(s) 'prediction_dag' retrieved from /opt/airflow/dags/prediction_dag.py
[2025-11-30T13:19:43.734+0000] {logging_mixin.py:188} INFO - [2025-11-30T13:19:43.734+0000] {dag.py:3047} INFO - Sync 1 DAGs
[2025-11-30T13:19:43.759+0000] {logging_mixin.py:188} INFO - [2025-11-30T13:19:43.759+0000] {dag.py:3834} INFO - Setting next_dagrun for prediction_dag to 2025-11-30 13:18:00+00:00, run_after=2025-11-30 13:20:00+00:00
[2025-11-30T13:19:43.779+0000] {processor.py:183} INFO - Processing /opt/airflow/dags/prediction_dag.py took 0.167 seconds
[2025-11-30T13:20:14.838+0000] {processor.py:161} INFO - Started process (PID=38963) to work on /opt/airflow/dags/prediction_dag.py
[2025-11-30T13:20:14.841+0000] {processor.py:830} INFO - Processing file /opt/airflow/dags/prediction_dag.py for tasks to queue
[2025-11-30T13:20:14.844+0000] {logging_mixin.py:188} INFO - [2025-11-30T13:20:14.843+0000] {dagbag.py:540} INFO - Filling up the DagBag from /opt/airflow/dags/prediction_dag.py
[2025-11-30T13:20:14.879+0000] {processor.py:840} INFO - DAG(s) 'prediction_dag' retrieved from /opt/airflow/dags/prediction_dag.py
[2025-11-30T13:20:14.944+0000] {logging_mixin.py:188} INFO - [2025-11-30T13:20:14.943+0000] {dag.py:3047} INFO - Sync 1 DAGs
[2025-11-30T13:20:14.991+0000] {logging_mixin.py:188} INFO - [2025-11-30T13:20:14.991+0000] {dag.py:3834} INFO - Setting next_dagrun for prediction_dag to 2025-11-30 13:20:00+00:00, run_after=2025-11-30 13:22:00+00:00
[2025-11-30T13:20:15.006+0000] {processor.py:183} INFO - Processing /opt/airflow/dags/prediction_dag.py took 0.180 seconds
[2025-11-30T13:20:45.373+0000] {processor.py:161} INFO - Started process (PID=38981) to work on /opt/airflow/dags/prediction_dag.py
[2025-11-30T13:20:45.378+0000] {processor.py:830} INFO - Processing file /opt/airflow/dags/prediction_dag.py for tasks to queue
[2025-11-30T13:20:45.380+0000] {logging_mixin.py:188} INFO - [2025-11-30T13:20:45.379+0000] {dagbag.py:540} INFO - Filling up the DagBag from /opt/airflow/dags/prediction_dag.py
[2025-11-30T13:20:45.420+0000] {processor.py:840} INFO - DAG(s) 'prediction_dag' retrieved from /opt/airflow/dags/prediction_dag.py
[2025-11-30T13:20:45.484+0000] {logging_mixin.py:188} INFO - [2025-11-30T13:20:45.484+0000] {dag.py:3047} INFO - Sync 1 DAGs
[2025-11-30T13:20:45.520+0000] {logging_mixin.py:188} INFO - [2025-11-30T13:20:45.519+0000] {dag.py:3834} INFO - Setting next_dagrun for prediction_dag to 2025-11-30 13:20:00+00:00, run_after=2025-11-30 13:22:00+00:00
[2025-11-30T13:20:45.541+0000] {processor.py:183} INFO - Processing /opt/airflow/dags/prediction_dag.py took 0.185 seconds
[2025-11-30T13:21:15.967+0000] {processor.py:161} INFO - Started process (PID=39061) to work on /opt/airflow/dags/prediction_dag.py
[2025-11-30T13:21:15.969+0000] {processor.py:830} INFO - Processing file /opt/airflow/dags/prediction_dag.py for tasks to queue
[2025-11-30T13:21:15.970+0000] {logging_mixin.py:188} INFO - [2025-11-30T13:21:15.969+0000] {dagbag.py:540} INFO - Filling up the DagBag from /opt/airflow/dags/prediction_dag.py
[2025-11-30T13:21:16.004+0000] {processor.py:840} INFO - DAG(s) 'prediction_dag' retrieved from /opt/airflow/dags/prediction_dag.py
[2025-11-30T13:21:16.046+0000] {logging_mixin.py:188} INFO - [2025-11-30T13:21:16.046+0000] {dag.py:3047} INFO - Sync 1 DAGs
[2025-11-30T13:21:16.077+0000] {logging_mixin.py:188} INFO - [2025-11-30T13:21:16.077+0000] {dag.py:3834} INFO - Setting next_dagrun for prediction_dag to 2025-11-30 13:20:00+00:00, run_after=2025-11-30 13:22:00+00:00
[2025-11-30T13:21:16.090+0000] {processor.py:183} INFO - Processing /opt/airflow/dags/prediction_dag.py took 0.137 seconds
[2025-11-30T13:21:46.439+0000] {processor.py:161} INFO - Started process (PID=39079) to work on /opt/airflow/dags/prediction_dag.py
[2025-11-30T13:21:46.444+0000] {processor.py:830} INFO - Processing file /opt/airflow/dags/prediction_dag.py for tasks to queue
[2025-11-30T13:21:46.449+0000] {logging_mixin.py:188} INFO - [2025-11-30T13:21:46.447+0000] {dagbag.py:540} INFO - Filling up the DagBag from /opt/airflow/dags/prediction_dag.py
[2025-11-30T13:21:46.488+0000] {processor.py:840} INFO - DAG(s) 'prediction_dag' retrieved from /opt/airflow/dags/prediction_dag.py
[2025-11-30T13:21:46.549+0000] {logging_mixin.py:188} INFO - [2025-11-30T13:21:46.549+0000] {dag.py:3047} INFO - Sync 1 DAGs
[2025-11-30T13:21:46.581+0000] {logging_mixin.py:188} INFO - [2025-11-30T13:21:46.581+0000] {dag.py:3834} INFO - Setting next_dagrun for prediction_dag to 2025-11-30 13:20:00+00:00, run_after=2025-11-30 13:22:00+00:00
[2025-11-30T13:21:46.597+0000] {processor.py:183} INFO - Processing /opt/airflow/dags/prediction_dag.py took 0.166 seconds
[2025-11-30T13:22:17.087+0000] {processor.py:161} INFO - Started process (PID=39165) to work on /opt/airflow/dags/prediction_dag.py
[2025-11-30T13:22:17.090+0000] {processor.py:830} INFO - Processing file /opt/airflow/dags/prediction_dag.py for tasks to queue
[2025-11-30T13:22:17.091+0000] {logging_mixin.py:188} INFO - [2025-11-30T13:22:17.090+0000] {dagbag.py:540} INFO - Filling up the DagBag from /opt/airflow/dags/prediction_dag.py
[2025-11-30T13:22:17.121+0000] {processor.py:840} INFO - DAG(s) 'prediction_dag' retrieved from /opt/airflow/dags/prediction_dag.py
[2025-11-30T13:22:17.174+0000] {logging_mixin.py:188} INFO - [2025-11-30T13:22:17.174+0000] {dag.py:3047} INFO - Sync 1 DAGs
[2025-11-30T13:22:17.207+0000] {logging_mixin.py:188} INFO - [2025-11-30T13:22:17.207+0000] {dag.py:3834} INFO - Setting next_dagrun for prediction_dag to 2025-11-30 13:22:00+00:00, run_after=2025-11-30 13:24:00+00:00
[2025-11-30T13:22:17.227+0000] {processor.py:183} INFO - Processing /opt/airflow/dags/prediction_dag.py took 0.147 seconds
[2025-11-30T13:22:47.553+0000] {processor.py:161} INFO - Started process (PID=39174) to work on /opt/airflow/dags/prediction_dag.py
[2025-11-30T13:22:47.556+0000] {processor.py:830} INFO - Processing file /opt/airflow/dags/prediction_dag.py for tasks to queue
[2025-11-30T13:22:47.557+0000] {logging_mixin.py:188} INFO - [2025-11-30T13:22:47.557+0000] {dagbag.py:540} INFO - Filling up the DagBag from /opt/airflow/dags/prediction_dag.py
[2025-11-30T13:22:47.581+0000] {processor.py:840} INFO - DAG(s) 'prediction_dag' retrieved from /opt/airflow/dags/prediction_dag.py
[2025-11-30T13:22:47.636+0000] {logging_mixin.py:188} INFO - [2025-11-30T13:22:47.635+0000] {dag.py:3047} INFO - Sync 1 DAGs
[2025-11-30T13:22:47.661+0000] {logging_mixin.py:188} INFO - [2025-11-30T13:22:47.661+0000] {dag.py:3834} INFO - Setting next_dagrun for prediction_dag to 2025-11-30 13:22:00+00:00, run_after=2025-11-30 13:24:00+00:00
[2025-11-30T13:22:47.679+0000] {processor.py:183} INFO - Processing /opt/airflow/dags/prediction_dag.py took 0.136 seconds
[2025-11-30T13:23:18.133+0000] {processor.py:161} INFO - Started process (PID=39250) to work on /opt/airflow/dags/prediction_dag.py
[2025-11-30T13:23:18.140+0000] {processor.py:830} INFO - Processing file /opt/airflow/dags/prediction_dag.py for tasks to queue
[2025-11-30T13:23:18.141+0000] {logging_mixin.py:188} INFO - [2025-11-30T13:23:18.141+0000] {dagbag.py:540} INFO - Filling up the DagBag from /opt/airflow/dags/prediction_dag.py
[2025-11-30T13:23:18.179+0000] {processor.py:840} INFO - DAG(s) 'prediction_dag' retrieved from /opt/airflow/dags/prediction_dag.py
[2025-11-30T13:23:18.233+0000] {logging_mixin.py:188} INFO - [2025-11-30T13:23:18.233+0000] {dag.py:3047} INFO - Sync 1 DAGs
[2025-11-30T13:23:18.267+0000] {logging_mixin.py:188} INFO - [2025-11-30T13:23:18.267+0000] {dag.py:3834} INFO - Setting next_dagrun for prediction_dag to 2025-11-30 13:22:00+00:00, run_after=2025-11-30 13:24:00+00:00
[2025-11-30T13:23:18.294+0000] {processor.py:183} INFO - Processing /opt/airflow/dags/prediction_dag.py took 0.180 seconds
[2025-11-30T13:23:49.063+0000] {processor.py:161} INFO - Started process (PID=39268) to work on /opt/airflow/dags/prediction_dag.py
[2025-11-30T13:23:49.067+0000] {processor.py:830} INFO - Processing file /opt/airflow/dags/prediction_dag.py for tasks to queue
[2025-11-30T13:23:49.069+0000] {logging_mixin.py:188} INFO - [2025-11-30T13:23:49.068+0000] {dagbag.py:540} INFO - Filling up the DagBag from /opt/airflow/dags/prediction_dag.py
[2025-11-30T13:23:49.099+0000] {processor.py:840} INFO - DAG(s) 'prediction_dag' retrieved from /opt/airflow/dags/prediction_dag.py
[2025-11-30T13:23:49.162+0000] {logging_mixin.py:188} INFO - [2025-11-30T13:23:49.162+0000] {dag.py:3047} INFO - Sync 1 DAGs
[2025-11-30T13:23:49.192+0000] {logging_mixin.py:188} INFO - [2025-11-30T13:23:49.192+0000] {dag.py:3834} INFO - Setting next_dagrun for prediction_dag to 2025-11-30 13:22:00+00:00, run_after=2025-11-30 13:24:00+00:00
[2025-11-30T13:23:49.206+0000] {processor.py:183} INFO - Processing /opt/airflow/dags/prediction_dag.py took 0.160 seconds
[2025-11-30T13:24:21.243+0000] {processor.py:161} INFO - Started process (PID=39354) to work on /opt/airflow/dags/prediction_dag.py
[2025-11-30T13:24:21.357+0000] {processor.py:830} INFO - Processing file /opt/airflow/dags/prediction_dag.py for tasks to queue
[2025-11-30T13:24:21.409+0000] {logging_mixin.py:188} INFO - [2025-11-30T13:24:21.376+0000] {dagbag.py:540} INFO - Filling up the DagBag from /opt/airflow/dags/prediction_dag.py
[2025-11-30T13:24:22.170+0000] {processor.py:840} INFO - DAG(s) 'prediction_dag' retrieved from /opt/airflow/dags/prediction_dag.py
[2025-11-30T13:24:22.377+0000] {logging_mixin.py:188} INFO - [2025-11-30T13:24:22.376+0000] {dag.py:3047} INFO - Sync 1 DAGs
[2025-11-30T13:24:22.459+0000] {logging_mixin.py:188} INFO - [2025-11-30T13:24:22.459+0000] {dag.py:3834} INFO - Setting next_dagrun for prediction_dag to 2025-11-30 13:24:00+00:00, run_after=2025-11-30 13:26:00+00:00
[2025-11-30T13:24:22.505+0000] {processor.py:183} INFO - Processing /opt/airflow/dags/prediction_dag.py took 1.563 seconds
[2025-11-30T13:24:52.994+0000] {processor.py:161} INFO - Started process (PID=39372) to work on /opt/airflow/dags/prediction_dag.py
[2025-11-30T13:24:52.998+0000] {processor.py:830} INFO - Processing file /opt/airflow/dags/prediction_dag.py for tasks to queue
[2025-11-30T13:24:53.000+0000] {logging_mixin.py:188} INFO - [2025-11-30T13:24:53.000+0000] {dagbag.py:540} INFO - Filling up the DagBag from /opt/airflow/dags/prediction_dag.py
[2025-11-30T13:24:53.034+0000] {processor.py:840} INFO - DAG(s) 'prediction_dag' retrieved from /opt/airflow/dags/prediction_dag.py
[2025-11-30T13:24:53.092+0000] {logging_mixin.py:188} INFO - [2025-11-30T13:24:53.092+0000] {dag.py:3047} INFO - Sync 1 DAGs
[2025-11-30T13:24:53.134+0000] {logging_mixin.py:188} INFO - [2025-11-30T13:24:53.133+0000] {dag.py:3834} INFO - Setting next_dagrun for prediction_dag to 2025-11-30 13:24:00+00:00, run_after=2025-11-30 13:26:00+00:00
[2025-11-30T13:24:53.151+0000] {processor.py:183} INFO - Processing /opt/airflow/dags/prediction_dag.py took 0.168 seconds
[2025-11-30T13:25:23.473+0000] {processor.py:161} INFO - Started process (PID=39452) to work on /opt/airflow/dags/prediction_dag.py
[2025-11-30T13:25:23.476+0000] {processor.py:830} INFO - Processing file /opt/airflow/dags/prediction_dag.py for tasks to queue
[2025-11-30T13:25:23.478+0000] {logging_mixin.py:188} INFO - [2025-11-30T13:25:23.477+0000] {dagbag.py:540} INFO - Filling up the DagBag from /opt/airflow/dags/prediction_dag.py
[2025-11-30T13:25:23.509+0000] {processor.py:840} INFO - DAG(s) 'prediction_dag' retrieved from /opt/airflow/dags/prediction_dag.py
[2025-11-30T13:25:23.562+0000] {logging_mixin.py:188} INFO - [2025-11-30T13:25:23.562+0000] {dag.py:3047} INFO - Sync 1 DAGs
[2025-11-30T13:25:23.590+0000] {logging_mixin.py:188} INFO - [2025-11-30T13:25:23.590+0000] {dag.py:3834} INFO - Setting next_dagrun for prediction_dag to 2025-11-30 13:24:00+00:00, run_after=2025-11-30 13:26:00+00:00
[2025-11-30T13:25:23.609+0000] {processor.py:183} INFO - Processing /opt/airflow/dags/prediction_dag.py took 0.151 seconds
[2025-11-30T13:25:54.138+0000] {processor.py:161} INFO - Started process (PID=39470) to work on /opt/airflow/dags/prediction_dag.py
[2025-11-30T13:25:54.141+0000] {processor.py:830} INFO - Processing file /opt/airflow/dags/prediction_dag.py for tasks to queue
[2025-11-30T13:25:54.145+0000] {logging_mixin.py:188} INFO - [2025-11-30T13:25:54.144+0000] {dagbag.py:540} INFO - Filling up the DagBag from /opt/airflow/dags/prediction_dag.py
[2025-11-30T13:25:54.182+0000] {processor.py:840} INFO - DAG(s) 'prediction_dag' retrieved from /opt/airflow/dags/prediction_dag.py
[2025-11-30T13:25:54.249+0000] {logging_mixin.py:188} INFO - [2025-11-30T13:25:54.249+0000] {dag.py:3047} INFO - Sync 1 DAGs
[2025-11-30T13:25:54.278+0000] {logging_mixin.py:188} INFO - [2025-11-30T13:25:54.278+0000] {dag.py:3834} INFO - Setting next_dagrun for prediction_dag to 2025-11-30 13:24:00+00:00, run_after=2025-11-30 13:26:00+00:00
[2025-11-30T13:25:54.297+0000] {processor.py:183} INFO - Processing /opt/airflow/dags/prediction_dag.py took 0.174 seconds
[2025-11-30T13:26:24.443+0000] {processor.py:161} INFO - Started process (PID=39556) to work on /opt/airflow/dags/prediction_dag.py
[2025-11-30T13:26:24.450+0000] {processor.py:830} INFO - Processing file /opt/airflow/dags/prediction_dag.py for tasks to queue
[2025-11-30T13:26:24.453+0000] {logging_mixin.py:188} INFO - [2025-11-30T13:26:24.452+0000] {dagbag.py:540} INFO - Filling up the DagBag from /opt/airflow/dags/prediction_dag.py
[2025-11-30T13:26:24.489+0000] {processor.py:840} INFO - DAG(s) 'prediction_dag' retrieved from /opt/airflow/dags/prediction_dag.py
[2025-11-30T13:26:24.552+0000] {logging_mixin.py:188} INFO - [2025-11-30T13:26:24.551+0000] {dag.py:3047} INFO - Sync 1 DAGs
[2025-11-30T13:26:24.583+0000] {logging_mixin.py:188} INFO - [2025-11-30T13:26:24.582+0000] {dag.py:3834} INFO - Setting next_dagrun for prediction_dag to 2025-11-30 13:26:00+00:00, run_after=2025-11-30 13:28:00+00:00
[2025-11-30T13:26:24.602+0000] {processor.py:183} INFO - Processing /opt/airflow/dags/prediction_dag.py took 0.170 seconds
[2025-11-30T13:26:54.989+0000] {processor.py:161} INFO - Started process (PID=39574) to work on /opt/airflow/dags/prediction_dag.py
[2025-11-30T13:26:54.994+0000] {processor.py:830} INFO - Processing file /opt/airflow/dags/prediction_dag.py for tasks to queue
[2025-11-30T13:26:54.996+0000] {logging_mixin.py:188} INFO - [2025-11-30T13:26:54.995+0000] {dagbag.py:540} INFO - Filling up the DagBag from /opt/airflow/dags/prediction_dag.py
[2025-11-30T13:26:55.034+0000] {processor.py:840} INFO - DAG(s) 'prediction_dag' retrieved from /opt/airflow/dags/prediction_dag.py
[2025-11-30T13:26:55.082+0000] {logging_mixin.py:188} INFO - [2025-11-30T13:26:55.082+0000] {dag.py:3047} INFO - Sync 1 DAGs
[2025-11-30T13:26:55.113+0000] {logging_mixin.py:188} INFO - [2025-11-30T13:26:55.112+0000] {dag.py:3834} INFO - Setting next_dagrun for prediction_dag to 2025-11-30 13:26:00+00:00, run_after=2025-11-30 13:28:00+00:00
[2025-11-30T13:26:55.133+0000] {processor.py:183} INFO - Processing /opt/airflow/dags/prediction_dag.py took 0.159 seconds
[2025-11-30T13:27:25.743+0000] {processor.py:161} INFO - Started process (PID=39654) to work on /opt/airflow/dags/prediction_dag.py
[2025-11-30T13:27:25.745+0000] {processor.py:830} INFO - Processing file /opt/airflow/dags/prediction_dag.py for tasks to queue
[2025-11-30T13:27:25.747+0000] {logging_mixin.py:188} INFO - [2025-11-30T13:27:25.746+0000] {dagbag.py:540} INFO - Filling up the DagBag from /opt/airflow/dags/prediction_dag.py
[2025-11-30T13:27:25.776+0000] {processor.py:840} INFO - DAG(s) 'prediction_dag' retrieved from /opt/airflow/dags/prediction_dag.py
[2025-11-30T13:27:25.823+0000] {logging_mixin.py:188} INFO - [2025-11-30T13:27:25.823+0000] {dag.py:3047} INFO - Sync 1 DAGs
[2025-11-30T13:27:25.851+0000] {logging_mixin.py:188} INFO - [2025-11-30T13:27:25.851+0000] {dag.py:3834} INFO - Setting next_dagrun for prediction_dag to 2025-11-30 13:26:00+00:00, run_after=2025-11-30 13:28:00+00:00
[2025-11-30T13:27:25.868+0000] {processor.py:183} INFO - Processing /opt/airflow/dags/prediction_dag.py took 0.133 seconds
[2025-11-30T13:27:56.270+0000] {processor.py:161} INFO - Started process (PID=39672) to work on /opt/airflow/dags/prediction_dag.py
[2025-11-30T13:27:56.272+0000] {processor.py:830} INFO - Processing file /opt/airflow/dags/prediction_dag.py for tasks to queue
[2025-11-30T13:27:56.273+0000] {logging_mixin.py:188} INFO - [2025-11-30T13:27:56.273+0000] {dagbag.py:540} INFO - Filling up the DagBag from /opt/airflow/dags/prediction_dag.py
[2025-11-30T13:27:56.308+0000] {processor.py:840} INFO - DAG(s) 'prediction_dag' retrieved from /opt/airflow/dags/prediction_dag.py
[2025-11-30T13:27:56.361+0000] {logging_mixin.py:188} INFO - [2025-11-30T13:27:56.361+0000] {dag.py:3047} INFO - Sync 1 DAGs
[2025-11-30T13:27:56.391+0000] {logging_mixin.py:188} INFO - [2025-11-30T13:27:56.391+0000] {dag.py:3834} INFO - Setting next_dagrun for prediction_dag to 2025-11-30 13:26:00+00:00, run_after=2025-11-30 13:28:00+00:00
[2025-11-30T13:27:56.405+0000] {processor.py:183} INFO - Processing /opt/airflow/dags/prediction_dag.py took 0.145 seconds
[2025-11-30T13:28:27.057+0000] {processor.py:161} INFO - Started process (PID=39758) to work on /opt/airflow/dags/prediction_dag.py
[2025-11-30T13:28:27.061+0000] {processor.py:830} INFO - Processing file /opt/airflow/dags/prediction_dag.py for tasks to queue
[2025-11-30T13:28:27.062+0000] {logging_mixin.py:188} INFO - [2025-11-30T13:28:27.062+0000] {dagbag.py:540} INFO - Filling up the DagBag from /opt/airflow/dags/prediction_dag.py
[2025-11-30T13:28:27.094+0000] {processor.py:840} INFO - DAG(s) 'prediction_dag' retrieved from /opt/airflow/dags/prediction_dag.py
[2025-11-30T13:28:27.142+0000] {logging_mixin.py:188} INFO - [2025-11-30T13:28:27.142+0000] {dag.py:3047} INFO - Sync 1 DAGs
[2025-11-30T13:28:27.165+0000] {logging_mixin.py:188} INFO - [2025-11-30T13:28:27.165+0000] {dag.py:3834} INFO - Setting next_dagrun for prediction_dag to 2025-11-30 13:28:00+00:00, run_after=2025-11-30 13:30:00+00:00
[2025-11-30T13:28:27.184+0000] {processor.py:183} INFO - Processing /opt/airflow/dags/prediction_dag.py took 0.134 seconds
[2025-11-30T13:28:57.624+0000] {processor.py:161} INFO - Started process (PID=39767) to work on /opt/airflow/dags/prediction_dag.py
[2025-11-30T13:28:57.627+0000] {processor.py:830} INFO - Processing file /opt/airflow/dags/prediction_dag.py for tasks to queue
[2025-11-30T13:28:57.628+0000] {logging_mixin.py:188} INFO - [2025-11-30T13:28:57.627+0000] {dagbag.py:540} INFO - Filling up the DagBag from /opt/airflow/dags/prediction_dag.py
[2025-11-30T13:28:57.649+0000] {processor.py:840} INFO - DAG(s) 'prediction_dag' retrieved from /opt/airflow/dags/prediction_dag.py
[2025-11-30T13:28:57.693+0000] {logging_mixin.py:188} INFO - [2025-11-30T13:28:57.693+0000] {dag.py:3047} INFO - Sync 1 DAGs
[2025-11-30T13:28:57.715+0000] {logging_mixin.py:188} INFO - [2025-11-30T13:28:57.715+0000] {dag.py:3834} INFO - Setting next_dagrun for prediction_dag to 2025-11-30 13:28:00+00:00, run_after=2025-11-30 13:30:00+00:00
[2025-11-30T13:28:57.731+0000] {processor.py:183} INFO - Processing /opt/airflow/dags/prediction_dag.py took 0.119 seconds
[2025-11-30T13:29:28.167+0000] {processor.py:161} INFO - Started process (PID=39843) to work on /opt/airflow/dags/prediction_dag.py
[2025-11-30T13:29:28.171+0000] {processor.py:830} INFO - Processing file /opt/airflow/dags/prediction_dag.py for tasks to queue
[2025-11-30T13:29:28.172+0000] {logging_mixin.py:188} INFO - [2025-11-30T13:29:28.172+0000] {dagbag.py:540} INFO - Filling up the DagBag from /opt/airflow/dags/prediction_dag.py
[2025-11-30T13:29:28.203+0000] {processor.py:840} INFO - DAG(s) 'prediction_dag' retrieved from /opt/airflow/dags/prediction_dag.py
[2025-11-30T13:29:28.256+0000] {logging_mixin.py:188} INFO - [2025-11-30T13:29:28.255+0000] {dag.py:3047} INFO - Sync 1 DAGs
[2025-11-30T13:29:28.292+0000] {logging_mixin.py:188} INFO - [2025-11-30T13:29:28.291+0000] {dag.py:3834} INFO - Setting next_dagrun for prediction_dag to 2025-11-30 13:28:00+00:00, run_after=2025-11-30 13:30:00+00:00
[2025-11-30T13:29:28.310+0000] {processor.py:183} INFO - Processing /opt/airflow/dags/prediction_dag.py took 0.152 seconds
[2025-11-30T13:29:58.729+0000] {processor.py:161} INFO - Started process (PID=39861) to work on /opt/airflow/dags/prediction_dag.py
[2025-11-30T13:29:58.732+0000] {processor.py:830} INFO - Processing file /opt/airflow/dags/prediction_dag.py for tasks to queue
[2025-11-30T13:29:58.733+0000] {logging_mixin.py:188} INFO - [2025-11-30T13:29:58.732+0000] {dagbag.py:540} INFO - Filling up the DagBag from /opt/airflow/dags/prediction_dag.py
[2025-11-30T13:29:58.773+0000] {processor.py:840} INFO - DAG(s) 'prediction_dag' retrieved from /opt/airflow/dags/prediction_dag.py
[2025-11-30T13:29:58.913+0000] {logging_mixin.py:188} INFO - [2025-11-30T13:29:58.912+0000] {dag.py:3047} INFO - Sync 1 DAGs
[2025-11-30T13:29:58.968+0000] {logging_mixin.py:188} INFO - [2025-11-30T13:29:58.968+0000] {dag.py:3834} INFO - Setting next_dagrun for prediction_dag to 2025-11-30 13:28:00+00:00, run_after=2025-11-30 13:30:00+00:00
[2025-11-30T13:29:58.989+0000] {processor.py:183} INFO - Processing /opt/airflow/dags/prediction_dag.py took 0.270 seconds
[2025-11-30T13:30:29.160+0000] {processor.py:161} INFO - Started process (PID=39947) to work on /opt/airflow/dags/prediction_dag.py
[2025-11-30T13:30:29.163+0000] {processor.py:830} INFO - Processing file /opt/airflow/dags/prediction_dag.py for tasks to queue
[2025-11-30T13:30:29.165+0000] {logging_mixin.py:188} INFO - [2025-11-30T13:30:29.164+0000] {dagbag.py:540} INFO - Filling up the DagBag from /opt/airflow/dags/prediction_dag.py
[2025-11-30T13:30:29.191+0000] {processor.py:840} INFO - DAG(s) 'prediction_dag' retrieved from /opt/airflow/dags/prediction_dag.py
[2025-11-30T13:30:29.240+0000] {logging_mixin.py:188} INFO - [2025-11-30T13:30:29.240+0000] {dag.py:3047} INFO - Sync 1 DAGs
[2025-11-30T13:30:29.266+0000] {logging_mixin.py:188} INFO - [2025-11-30T13:30:29.266+0000] {dag.py:3834} INFO - Setting next_dagrun for prediction_dag to 2025-11-30 13:30:00+00:00, run_after=2025-11-30 13:32:00+00:00
[2025-11-30T13:30:29.284+0000] {processor.py:183} INFO - Processing /opt/airflow/dags/prediction_dag.py took 0.131 seconds
[2025-11-30T13:30:59.688+0000] {processor.py:161} INFO - Started process (PID=39965) to work on /opt/airflow/dags/prediction_dag.py
[2025-11-30T13:30:59.690+0000] {processor.py:830} INFO - Processing file /opt/airflow/dags/prediction_dag.py for tasks to queue
[2025-11-30T13:30:59.692+0000] {logging_mixin.py:188} INFO - [2025-11-30T13:30:59.691+0000] {dagbag.py:540} INFO - Filling up the DagBag from /opt/airflow/dags/prediction_dag.py
[2025-11-30T13:30:59.721+0000] {processor.py:840} INFO - DAG(s) 'prediction_dag' retrieved from /opt/airflow/dags/prediction_dag.py
[2025-11-30T13:30:59.763+0000] {logging_mixin.py:188} INFO - [2025-11-30T13:30:59.763+0000] {dag.py:3047} INFO - Sync 1 DAGs
[2025-11-30T13:30:59.787+0000] {logging_mixin.py:188} INFO - [2025-11-30T13:30:59.787+0000] {dag.py:3834} INFO - Setting next_dagrun for prediction_dag to 2025-11-30 13:30:00+00:00, run_after=2025-11-30 13:32:00+00:00
[2025-11-30T13:30:59.800+0000] {processor.py:183} INFO - Processing /opt/airflow/dags/prediction_dag.py took 0.119 seconds
[2025-11-30T13:31:30.119+0000] {processor.py:161} INFO - Started process (PID=40045) to work on /opt/airflow/dags/prediction_dag.py
[2025-11-30T13:31:30.121+0000] {processor.py:830} INFO - Processing file /opt/airflow/dags/prediction_dag.py for tasks to queue
[2025-11-30T13:31:30.122+0000] {logging_mixin.py:188} INFO - [2025-11-30T13:31:30.122+0000] {dagbag.py:540} INFO - Filling up the DagBag from /opt/airflow/dags/prediction_dag.py
[2025-11-30T13:31:30.151+0000] {processor.py:840} INFO - DAG(s) 'prediction_dag' retrieved from /opt/airflow/dags/prediction_dag.py
[2025-11-30T13:31:30.195+0000] {logging_mixin.py:188} INFO - [2025-11-30T13:31:30.195+0000] {dag.py:3047} INFO - Sync 1 DAGs
[2025-11-30T13:31:30.224+0000] {logging_mixin.py:188} INFO - [2025-11-30T13:31:30.224+0000] {dag.py:3834} INFO - Setting next_dagrun for prediction_dag to 2025-11-30 13:30:00+00:00, run_after=2025-11-30 13:32:00+00:00
[2025-11-30T13:31:30.239+0000] {processor.py:183} INFO - Processing /opt/airflow/dags/prediction_dag.py took 0.127 seconds
[2025-11-30T13:32:00.642+0000] {processor.py:161} INFO - Started process (PID=40065) to work on /opt/airflow/dags/prediction_dag.py
[2025-11-30T13:32:00.645+0000] {processor.py:830} INFO - Processing file /opt/airflow/dags/prediction_dag.py for tasks to queue
[2025-11-30T13:32:00.647+0000] {logging_mixin.py:188} INFO - [2025-11-30T13:32:00.646+0000] {dagbag.py:540} INFO - Filling up the DagBag from /opt/airflow/dags/prediction_dag.py
[2025-11-30T13:32:00.691+0000] {processor.py:840} INFO - DAG(s) 'prediction_dag' retrieved from /opt/airflow/dags/prediction_dag.py
[2025-11-30T13:32:00.757+0000] {logging_mixin.py:188} INFO - [2025-11-30T13:32:00.757+0000] {dag.py:3047} INFO - Sync 1 DAGs
[2025-11-30T13:32:00.789+0000] {logging_mixin.py:188} INFO - [2025-11-30T13:32:00.789+0000] {dag.py:3834} INFO - Setting next_dagrun for prediction_dag to 2025-11-30 13:32:00+00:00, run_after=2025-11-30 13:34:00+00:00
[2025-11-30T13:32:00.811+0000] {processor.py:183} INFO - Processing /opt/airflow/dags/prediction_dag.py took 0.184 seconds
[2025-11-30T13:32:31.113+0000] {processor.py:161} INFO - Started process (PID=40149) to work on /opt/airflow/dags/prediction_dag.py
[2025-11-30T13:32:31.116+0000] {processor.py:830} INFO - Processing file /opt/airflow/dags/prediction_dag.py for tasks to queue
[2025-11-30T13:32:31.119+0000] {logging_mixin.py:188} INFO - [2025-11-30T13:32:31.117+0000] {dagbag.py:540} INFO - Filling up the DagBag from /opt/airflow/dags/prediction_dag.py
[2025-11-30T13:32:31.152+0000] {processor.py:840} INFO - DAG(s) 'prediction_dag' retrieved from /opt/airflow/dags/prediction_dag.py
[2025-11-30T13:32:31.211+0000] {logging_mixin.py:188} INFO - [2025-11-30T13:32:31.211+0000] {dag.py:3047} INFO - Sync 1 DAGs
[2025-11-30T13:32:31.244+0000] {logging_mixin.py:188} INFO - [2025-11-30T13:32:31.244+0000] {dag.py:3834} INFO - Setting next_dagrun for prediction_dag to 2025-11-30 13:32:00+00:00, run_after=2025-11-30 13:34:00+00:00
[2025-11-30T13:32:31.262+0000] {processor.py:183} INFO - Processing /opt/airflow/dags/prediction_dag.py took 0.158 seconds
[2025-11-30T13:33:01.773+0000] {processor.py:161} INFO - Started process (PID=40169) to work on /opt/airflow/dags/prediction_dag.py
[2025-11-30T13:33:01.775+0000] {processor.py:830} INFO - Processing file /opt/airflow/dags/prediction_dag.py for tasks to queue
[2025-11-30T13:33:01.777+0000] {logging_mixin.py:188} INFO - [2025-11-30T13:33:01.776+0000] {dagbag.py:540} INFO - Filling up the DagBag from /opt/airflow/dags/prediction_dag.py
[2025-11-30T13:33:01.799+0000] {processor.py:840} INFO - DAG(s) 'prediction_dag' retrieved from /opt/airflow/dags/prediction_dag.py
[2025-11-30T13:33:01.833+0000] {logging_mixin.py:188} INFO - [2025-11-30T13:33:01.832+0000] {dag.py:3047} INFO - Sync 1 DAGs
[2025-11-30T13:33:01.859+0000] {logging_mixin.py:188} INFO - [2025-11-30T13:33:01.858+0000] {dag.py:3834} INFO - Setting next_dagrun for prediction_dag to 2025-11-30 13:32:00+00:00, run_after=2025-11-30 13:34:00+00:00
[2025-11-30T13:33:01.872+0000] {processor.py:183} INFO - Processing /opt/airflow/dags/prediction_dag.py took 0.104 seconds
[2025-11-30T13:33:32.511+0000] {processor.py:161} INFO - Started process (PID=40247) to work on /opt/airflow/dags/prediction_dag.py
[2025-11-30T13:33:32.514+0000] {processor.py:830} INFO - Processing file /opt/airflow/dags/prediction_dag.py for tasks to queue
[2025-11-30T13:33:32.515+0000] {logging_mixin.py:188} INFO - [2025-11-30T13:33:32.515+0000] {dagbag.py:540} INFO - Filling up the DagBag from /opt/airflow/dags/prediction_dag.py
[2025-11-30T13:33:32.558+0000] {processor.py:840} INFO - DAG(s) 'prediction_dag' retrieved from /opt/airflow/dags/prediction_dag.py
[2025-11-30T13:33:32.605+0000] {logging_mixin.py:188} INFO - [2025-11-30T13:33:32.605+0000] {dag.py:3047} INFO - Sync 1 DAGs
[2025-11-30T13:33:32.631+0000] {logging_mixin.py:188} INFO - [2025-11-30T13:33:32.631+0000] {dag.py:3834} INFO - Setting next_dagrun for prediction_dag to 2025-11-30 13:32:00+00:00, run_after=2025-11-30 13:34:00+00:00
[2025-11-30T13:33:32.649+0000] {processor.py:183} INFO - Processing /opt/airflow/dags/prediction_dag.py took 0.149 seconds
[2025-11-30T13:34:03.017+0000] {processor.py:161} INFO - Started process (PID=40278) to work on /opt/airflow/dags/prediction_dag.py
[2025-11-30T13:34:03.019+0000] {processor.py:830} INFO - Processing file /opt/airflow/dags/prediction_dag.py for tasks to queue
[2025-11-30T13:34:03.020+0000] {logging_mixin.py:188} INFO - [2025-11-30T13:34:03.019+0000] {dagbag.py:540} INFO - Filling up the DagBag from /opt/airflow/dags/prediction_dag.py
[2025-11-30T13:34:03.031+0000] {processor.py:840} INFO - DAG(s) 'prediction_dag' retrieved from /opt/airflow/dags/prediction_dag.py
[2025-11-30T13:34:03.052+0000] {logging_mixin.py:188} INFO - [2025-11-30T13:34:03.052+0000] {dag.py:3047} INFO - Sync 1 DAGs
[2025-11-30T13:34:03.069+0000] {logging_mixin.py:188} INFO - [2025-11-30T13:34:03.069+0000] {dag.py:3834} INFO - Setting next_dagrun for prediction_dag to 2025-11-30 13:34:00+00:00, run_after=2025-11-30 13:36:00+00:00
[2025-11-30T13:34:03.081+0000] {processor.py:183} INFO - Processing /opt/airflow/dags/prediction_dag.py took 0.067 seconds
[2025-11-30T13:34:33.649+0000] {processor.py:161} INFO - Started process (PID=40351) to work on /opt/airflow/dags/prediction_dag.py
[2025-11-30T13:34:33.653+0000] {processor.py:830} INFO - Processing file /opt/airflow/dags/prediction_dag.py for tasks to queue
[2025-11-30T13:34:33.655+0000] {logging_mixin.py:188} INFO - [2025-11-30T13:34:33.654+0000] {dagbag.py:540} INFO - Filling up the DagBag from /opt/airflow/dags/prediction_dag.py
[2025-11-30T13:34:33.694+0000] {processor.py:840} INFO - DAG(s) 'prediction_dag' retrieved from /opt/airflow/dags/prediction_dag.py
[2025-11-30T13:34:33.744+0000] {logging_mixin.py:188} INFO - [2025-11-30T13:34:33.744+0000] {dag.py:3047} INFO - Sync 1 DAGs
[2025-11-30T13:34:33.770+0000] {logging_mixin.py:188} INFO - [2025-11-30T13:34:33.769+0000] {dag.py:3834} INFO - Setting next_dagrun for prediction_dag to 2025-11-30 13:34:00+00:00, run_after=2025-11-30 13:36:00+00:00
[2025-11-30T13:34:33.793+0000] {processor.py:183} INFO - Processing /opt/airflow/dags/prediction_dag.py took 0.158 seconds
[2025-11-30T13:35:03.971+0000] {processor.py:161} INFO - Started process (PID=40379) to work on /opt/airflow/dags/prediction_dag.py
[2025-11-30T13:35:03.977+0000] {processor.py:830} INFO - Processing file /opt/airflow/dags/prediction_dag.py for tasks to queue
[2025-11-30T13:35:03.979+0000] {logging_mixin.py:188} INFO - [2025-11-30T13:35:03.978+0000] {dagbag.py:540} INFO - Filling up the DagBag from /opt/airflow/dags/prediction_dag.py
[2025-11-30T13:35:04.000+0000] {processor.py:840} INFO - DAG(s) 'prediction_dag' retrieved from /opt/airflow/dags/prediction_dag.py
[2025-11-30T13:35:04.031+0000] {logging_mixin.py:188} INFO - [2025-11-30T13:35:04.031+0000] {dag.py:3047} INFO - Sync 1 DAGs
[2025-11-30T13:35:04.049+0000] {logging_mixin.py:188} INFO - [2025-11-30T13:35:04.049+0000] {dag.py:3834} INFO - Setting next_dagrun for prediction_dag to 2025-11-30 13:34:00+00:00, run_after=2025-11-30 13:36:00+00:00
[2025-11-30T13:35:04.063+0000] {processor.py:183} INFO - Processing /opt/airflow/dags/prediction_dag.py took 0.099 seconds
[2025-11-30T13:35:34.240+0000] {processor.py:161} INFO - Started process (PID=40449) to work on /opt/airflow/dags/prediction_dag.py
[2025-11-30T13:35:34.242+0000] {processor.py:830} INFO - Processing file /opt/airflow/dags/prediction_dag.py for tasks to queue
[2025-11-30T13:35:34.244+0000] {logging_mixin.py:188} INFO - [2025-11-30T13:35:34.243+0000] {dagbag.py:540} INFO - Filling up the DagBag from /opt/airflow/dags/prediction_dag.py
[2025-11-30T13:35:34.262+0000] {processor.py:840} INFO - DAG(s) 'prediction_dag' retrieved from /opt/airflow/dags/prediction_dag.py
[2025-11-30T13:35:34.292+0000] {logging_mixin.py:188} INFO - [2025-11-30T13:35:34.292+0000] {dag.py:3047} INFO - Sync 1 DAGs
[2025-11-30T13:35:34.309+0000] {logging_mixin.py:188} INFO - [2025-11-30T13:35:34.309+0000] {dag.py:3834} INFO - Setting next_dagrun for prediction_dag to 2025-11-30 13:34:00+00:00, run_after=2025-11-30 13:36:00+00:00
[2025-11-30T13:35:34.321+0000] {processor.py:183} INFO - Processing /opt/airflow/dags/prediction_dag.py took 0.088 seconds
[2025-11-30T13:36:04.965+0000] {processor.py:161} INFO - Started process (PID=40483) to work on /opt/airflow/dags/prediction_dag.py
[2025-11-30T13:36:04.967+0000] {processor.py:830} INFO - Processing file /opt/airflow/dags/prediction_dag.py for tasks to queue
[2025-11-30T13:36:04.970+0000] {logging_mixin.py:188} INFO - [2025-11-30T13:36:04.969+0000] {dagbag.py:540} INFO - Filling up the DagBag from /opt/airflow/dags/prediction_dag.py
[2025-11-30T13:36:05.024+0000] {processor.py:840} INFO - DAG(s) 'prediction_dag' retrieved from /opt/airflow/dags/prediction_dag.py
[2025-11-30T13:36:05.124+0000] {logging_mixin.py:188} INFO - [2025-11-30T13:36:05.124+0000] {dag.py:3047} INFO - Sync 1 DAGs
[2025-11-30T13:36:05.190+0000] {logging_mixin.py:188} INFO - [2025-11-30T13:36:05.189+0000] {dag.py:3834} INFO - Setting next_dagrun for prediction_dag to 2025-11-30 13:36:00+00:00, run_after=2025-11-30 13:38:00+00:00
[2025-11-30T13:36:05.246+0000] {processor.py:183} INFO - Processing /opt/airflow/dags/prediction_dag.py took 0.295 seconds
[2025-11-30T13:36:35.605+0000] {processor.py:161} INFO - Started process (PID=40540) to work on /opt/airflow/dags/prediction_dag.py
[2025-11-30T13:36:35.608+0000] {processor.py:830} INFO - Processing file /opt/airflow/dags/prediction_dag.py for tasks to queue
[2025-11-30T13:36:35.609+0000] {logging_mixin.py:188} INFO - [2025-11-30T13:36:35.609+0000] {dagbag.py:540} INFO - Filling up the DagBag from /opt/airflow/dags/prediction_dag.py
[2025-11-30T13:36:35.647+0000] {processor.py:840} INFO - DAG(s) 'prediction_dag' retrieved from /opt/airflow/dags/prediction_dag.py
[2025-11-30T13:36:35.690+0000] {logging_mixin.py:188} INFO - [2025-11-30T13:36:35.690+0000] {dag.py:3047} INFO - Sync 1 DAGs
[2025-11-30T13:36:35.718+0000] {logging_mixin.py:188} INFO - [2025-11-30T13:36:35.717+0000] {dag.py:3834} INFO - Setting next_dagrun for prediction_dag to 2025-11-30 13:36:00+00:00, run_after=2025-11-30 13:38:00+00:00
[2025-11-30T13:36:35.733+0000] {processor.py:183} INFO - Processing /opt/airflow/dags/prediction_dag.py took 0.139 seconds
[2025-11-30T13:37:05.953+0000] {processor.py:161} INFO - Started process (PID=40578) to work on /opt/airflow/dags/prediction_dag.py
[2025-11-30T13:37:05.956+0000] {processor.py:830} INFO - Processing file /opt/airflow/dags/prediction_dag.py for tasks to queue
[2025-11-30T13:37:05.957+0000] {logging_mixin.py:188} INFO - [2025-11-30T13:37:05.957+0000] {dagbag.py:540} INFO - Filling up the DagBag from /opt/airflow/dags/prediction_dag.py
[2025-11-30T13:37:05.977+0000] {processor.py:840} INFO - DAG(s) 'prediction_dag' retrieved from /opt/airflow/dags/prediction_dag.py
[2025-11-30T13:37:06.009+0000] {logging_mixin.py:188} INFO - [2025-11-30T13:37:06.009+0000] {dag.py:3047} INFO - Sync 1 DAGs
[2025-11-30T13:37:06.033+0000] {logging_mixin.py:188} INFO - [2025-11-30T13:37:06.033+0000] {dag.py:3834} INFO - Setting next_dagrun for prediction_dag to 2025-11-30 13:36:00+00:00, run_after=2025-11-30 13:38:00+00:00
[2025-11-30T13:37:06.044+0000] {processor.py:183} INFO - Processing /opt/airflow/dags/prediction_dag.py took 0.098 seconds
[2025-11-30T13:37:36.443+0000] {processor.py:161} INFO - Started process (PID=40638) to work on /opt/airflow/dags/prediction_dag.py
[2025-11-30T13:37:36.449+0000] {processor.py:830} INFO - Processing file /opt/airflow/dags/prediction_dag.py for tasks to queue
[2025-11-30T13:37:36.450+0000] {logging_mixin.py:188} INFO - [2025-11-30T13:37:36.449+0000] {dagbag.py:540} INFO - Filling up the DagBag from /opt/airflow/dags/prediction_dag.py
[2025-11-30T13:37:36.484+0000] {processor.py:840} INFO - DAG(s) 'prediction_dag' retrieved from /opt/airflow/dags/prediction_dag.py
[2025-11-30T13:37:36.522+0000] {logging_mixin.py:188} INFO - [2025-11-30T13:37:36.522+0000] {dag.py:3047} INFO - Sync 1 DAGs
[2025-11-30T13:37:36.553+0000] {logging_mixin.py:188} INFO - [2025-11-30T13:37:36.553+0000] {dag.py:3834} INFO - Setting next_dagrun for prediction_dag to 2025-11-30 13:36:00+00:00, run_after=2025-11-30 13:38:00+00:00
[2025-11-30T13:37:36.566+0000] {processor.py:183} INFO - Processing /opt/airflow/dags/prediction_dag.py took 0.136 seconds
[2025-11-30T13:38:07.044+0000] {processor.py:161} INFO - Started process (PID=40682) to work on /opt/airflow/dags/prediction_dag.py
[2025-11-30T13:38:07.046+0000] {processor.py:830} INFO - Processing file /opt/airflow/dags/prediction_dag.py for tasks to queue
[2025-11-30T13:38:07.048+0000] {logging_mixin.py:188} INFO - [2025-11-30T13:38:07.048+0000] {dagbag.py:540} INFO - Filling up the DagBag from /opt/airflow/dags/prediction_dag.py
[2025-11-30T13:38:07.084+0000] {processor.py:840} INFO - DAG(s) 'prediction_dag' retrieved from /opt/airflow/dags/prediction_dag.py
[2025-11-30T13:38:07.120+0000] {logging_mixin.py:188} INFO - [2025-11-30T13:38:07.120+0000] {dag.py:3047} INFO - Sync 1 DAGs
[2025-11-30T13:38:07.154+0000] {logging_mixin.py:188} INFO - [2025-11-30T13:38:07.154+0000] {dag.py:3834} INFO - Setting next_dagrun for prediction_dag to 2025-11-30 13:38:00+00:00, run_after=2025-11-30 13:40:00+00:00
[2025-11-30T13:38:07.170+0000] {processor.py:183} INFO - Processing /opt/airflow/dags/prediction_dag.py took 0.135 seconds
[2025-11-30T13:38:37.341+0000] {processor.py:161} INFO - Started process (PID=40742) to work on /opt/airflow/dags/prediction_dag.py
[2025-11-30T13:38:37.344+0000] {processor.py:830} INFO - Processing file /opt/airflow/dags/prediction_dag.py for tasks to queue
[2025-11-30T13:38:37.345+0000] {logging_mixin.py:188} INFO - [2025-11-30T13:38:37.345+0000] {dagbag.py:540} INFO - Filling up the DagBag from /opt/airflow/dags/prediction_dag.py
[2025-11-30T13:38:37.417+0000] {processor.py:840} INFO - DAG(s) 'prediction_dag' retrieved from /opt/airflow/dags/prediction_dag.py
[2025-11-30T13:38:37.473+0000] {logging_mixin.py:188} INFO - [2025-11-30T13:38:37.473+0000] {dag.py:3047} INFO - Sync 1 DAGs
[2025-11-30T13:38:37.510+0000] {logging_mixin.py:188} INFO - [2025-11-30T13:38:37.510+0000] {dag.py:3834} INFO - Setting next_dagrun for prediction_dag to 2025-11-30 13:38:00+00:00, run_after=2025-11-30 13:40:00+00:00
[2025-11-30T13:38:37.544+0000] {processor.py:183} INFO - Processing /opt/airflow/dags/prediction_dag.py took 0.214 seconds
[2025-11-30T13:39:07.820+0000] {processor.py:161} INFO - Started process (PID=40792) to work on /opt/airflow/dags/prediction_dag.py
[2025-11-30T13:39:07.830+0000] {processor.py:830} INFO - Processing file /opt/airflow/dags/prediction_dag.py for tasks to queue
[2025-11-30T13:39:07.832+0000] {logging_mixin.py:188} INFO - [2025-11-30T13:39:07.832+0000] {dagbag.py:540} INFO - Filling up the DagBag from /opt/airflow/dags/prediction_dag.py
[2025-11-30T13:39:07.883+0000] {processor.py:840} INFO - DAG(s) 'prediction_dag' retrieved from /opt/airflow/dags/prediction_dag.py
[2025-11-30T13:39:07.930+0000] {logging_mixin.py:188} INFO - [2025-11-30T13:39:07.930+0000] {dag.py:3047} INFO - Sync 1 DAGs
[2025-11-30T13:39:07.967+0000] {logging_mixin.py:188} INFO - [2025-11-30T13:39:07.967+0000] {dag.py:3834} INFO - Setting next_dagrun for prediction_dag to 2025-11-30 13:38:00+00:00, run_after=2025-11-30 13:40:00+00:00
[2025-11-30T13:39:07.988+0000] {processor.py:183} INFO - Processing /opt/airflow/dags/prediction_dag.py took 0.175 seconds
[2025-11-30T13:39:38.365+0000] {processor.py:161} INFO - Started process (PID=40840) to work on /opt/airflow/dags/prediction_dag.py
[2025-11-30T13:39:38.368+0000] {processor.py:830} INFO - Processing file /opt/airflow/dags/prediction_dag.py for tasks to queue
[2025-11-30T13:39:38.369+0000] {logging_mixin.py:188} INFO - [2025-11-30T13:39:38.368+0000] {dagbag.py:540} INFO - Filling up the DagBag from /opt/airflow/dags/prediction_dag.py
[2025-11-30T13:39:38.405+0000] {processor.py:840} INFO - DAG(s) 'prediction_dag' retrieved from /opt/airflow/dags/prediction_dag.py
[2025-11-30T13:39:38.453+0000] {logging_mixin.py:188} INFO - [2025-11-30T13:39:38.453+0000] {dag.py:3047} INFO - Sync 1 DAGs
[2025-11-30T13:39:38.484+0000] {logging_mixin.py:188} INFO - [2025-11-30T13:39:38.484+0000] {dag.py:3834} INFO - Setting next_dagrun for prediction_dag to 2025-11-30 13:38:00+00:00, run_after=2025-11-30 13:40:00+00:00
[2025-11-30T13:39:38.499+0000] {processor.py:183} INFO - Processing /opt/airflow/dags/prediction_dag.py took 0.142 seconds
[2025-11-30T13:40:08.593+0000] {processor.py:161} INFO - Started process (PID=40899) to work on /opt/airflow/dags/prediction_dag.py
[2025-11-30T13:40:08.599+0000] {processor.py:830} INFO - Processing file /opt/airflow/dags/prediction_dag.py for tasks to queue
[2025-11-30T13:40:08.602+0000] {logging_mixin.py:188} INFO - [2025-11-30T13:40:08.602+0000] {dagbag.py:540} INFO - Filling up the DagBag from /opt/airflow/dags/prediction_dag.py
[2025-11-30T13:40:08.628+0000] {processor.py:840} INFO - DAG(s) 'prediction_dag' retrieved from /opt/airflow/dags/prediction_dag.py
[2025-11-30T13:40:08.696+0000] {logging_mixin.py:188} INFO - [2025-11-30T13:40:08.696+0000] {dag.py:3047} INFO - Sync 1 DAGs
[2025-11-30T13:40:08.785+0000] {logging_mixin.py:188} INFO - [2025-11-30T13:40:08.784+0000] {dag.py:3834} INFO - Setting next_dagrun for prediction_dag to 2025-11-30 13:40:00+00:00, run_after=2025-11-30 13:42:00+00:00
[2025-11-30T13:40:08.840+0000] {processor.py:183} INFO - Processing /opt/airflow/dags/prediction_dag.py took 0.253 seconds
[2025-11-30T13:40:39.171+0000] {processor.py:161} INFO - Started process (PID=40944) to work on /opt/airflow/dags/prediction_dag.py
[2025-11-30T13:40:39.175+0000] {processor.py:830} INFO - Processing file /opt/airflow/dags/prediction_dag.py for tasks to queue
[2025-11-30T13:40:39.176+0000] {logging_mixin.py:188} INFO - [2025-11-30T13:40:39.176+0000] {dagbag.py:540} INFO - Filling up the DagBag from /opt/airflow/dags/prediction_dag.py
[2025-11-30T13:40:39.209+0000] {processor.py:840} INFO - DAG(s) 'prediction_dag' retrieved from /opt/airflow/dags/prediction_dag.py
[2025-11-30T13:40:39.264+0000] {logging_mixin.py:188} INFO - [2025-11-30T13:40:39.264+0000] {dag.py:3047} INFO - Sync 1 DAGs
[2025-11-30T13:40:39.557+0000] {logging_mixin.py:188} INFO - [2025-11-30T13:40:39.557+0000] {dag.py:3834} INFO - Setting next_dagrun for prediction_dag to 2025-11-30 13:40:00+00:00, run_after=2025-11-30 13:42:00+00:00
[2025-11-30T13:40:39.568+0000] {processor.py:183} INFO - Processing /opt/airflow/dags/prediction_dag.py took 0.409 seconds
[2025-11-30T13:41:09.949+0000] {processor.py:161} INFO - Started process (PID=40971) to work on /opt/airflow/dags/prediction_dag.py
[2025-11-30T13:41:09.953+0000] {processor.py:830} INFO - Processing file /opt/airflow/dags/prediction_dag.py for tasks to queue
[2025-11-30T13:41:09.957+0000] {logging_mixin.py:188} INFO - [2025-11-30T13:41:09.955+0000] {dagbag.py:540} INFO - Filling up the DagBag from /opt/airflow/dags/prediction_dag.py
[2025-11-30T13:41:10.049+0000] {processor.py:840} INFO - DAG(s) 'prediction_dag' retrieved from /opt/airflow/dags/prediction_dag.py
[2025-11-30T13:41:10.121+0000] {logging_mixin.py:188} INFO - [2025-11-30T13:41:10.121+0000] {dag.py:3047} INFO - Sync 1 DAGs
[2025-11-30T13:41:10.167+0000] {logging_mixin.py:188} INFO - [2025-11-30T13:41:10.167+0000] {dag.py:3834} INFO - Setting next_dagrun for prediction_dag to 2025-11-30 13:40:00+00:00, run_after=2025-11-30 13:42:00+00:00
[2025-11-30T13:41:10.193+0000] {processor.py:183} INFO - Processing /opt/airflow/dags/prediction_dag.py took 0.264 seconds
[2025-11-30T13:41:57.787+0000] {processor.py:161} INFO - Started process (PID=41001) to work on /opt/airflow/dags/prediction_dag.py
[2025-11-30T13:41:57.791+0000] {processor.py:830} INFO - Processing file /opt/airflow/dags/prediction_dag.py for tasks to queue
[2025-11-30T13:41:57.792+0000] {logging_mixin.py:188} INFO - [2025-11-30T13:41:57.792+0000] {dagbag.py:540} INFO - Filling up the DagBag from /opt/airflow/dags/prediction_dag.py
[2025-11-30T13:41:57.831+0000] {processor.py:840} INFO - DAG(s) 'prediction_dag' retrieved from /opt/airflow/dags/prediction_dag.py
[2025-11-30T13:41:57.912+0000] {logging_mixin.py:188} INFO - [2025-11-30T13:41:57.912+0000] {dag.py:3047} INFO - Sync 1 DAGs
[2025-11-30T13:41:57.972+0000] {logging_mixin.py:188} INFO - [2025-11-30T13:41:57.971+0000] {dag.py:3834} INFO - Setting next_dagrun for prediction_dag to 2025-11-30 13:40:00+00:00, run_after=2025-11-30 13:42:00+00:00
[2025-11-30T13:41:58.000+0000] {processor.py:183} INFO - Processing /opt/airflow/dags/prediction_dag.py took 0.255 seconds
[2025-11-30T13:42:28.786+0000] {processor.py:161} INFO - Started process (PID=41117) to work on /opt/airflow/dags/prediction_dag.py
[2025-11-30T13:42:28.788+0000] {processor.py:830} INFO - Processing file /opt/airflow/dags/prediction_dag.py for tasks to queue
[2025-11-30T13:42:28.790+0000] {logging_mixin.py:188} INFO - [2025-11-30T13:42:28.789+0000] {dagbag.py:540} INFO - Filling up the DagBag from /opt/airflow/dags/prediction_dag.py
[2025-11-30T13:42:28.825+0000] {processor.py:840} INFO - DAG(s) 'prediction_dag' retrieved from /opt/airflow/dags/prediction_dag.py
[2025-11-30T13:42:28.881+0000] {logging_mixin.py:188} INFO - [2025-11-30T13:42:28.881+0000] {dag.py:3047} INFO - Sync 1 DAGs
[2025-11-30T13:42:29.237+0000] {logging_mixin.py:188} INFO - [2025-11-30T13:42:29.237+0000] {dag.py:3834} INFO - Setting next_dagrun for prediction_dag to 2025-11-30 13:42:00+00:00, run_after=2025-11-30 13:44:00+00:00
[2025-11-30T13:42:29.251+0000] {processor.py:183} INFO - Processing /opt/airflow/dags/prediction_dag.py took 0.474 seconds
[2025-11-30T13:43:26.018+0000] {processor.py:161} INFO - Started process (PID=41139) to work on /opt/airflow/dags/prediction_dag.py
[2025-11-30T13:43:26.021+0000] {processor.py:830} INFO - Processing file /opt/airflow/dags/prediction_dag.py for tasks to queue
[2025-11-30T13:43:26.022+0000] {logging_mixin.py:188} INFO - [2025-11-30T13:43:26.021+0000] {dagbag.py:540} INFO - Filling up the DagBag from /opt/airflow/dags/prediction_dag.py
[2025-11-30T13:43:26.062+0000] {processor.py:840} INFO - DAG(s) 'prediction_dag' retrieved from /opt/airflow/dags/prediction_dag.py
[2025-11-30T13:43:26.127+0000] {logging_mixin.py:188} INFO - [2025-11-30T13:43:26.127+0000] {dag.py:3047} INFO - Sync 1 DAGs
[2025-11-30T13:43:26.172+0000] {logging_mixin.py:188} INFO - [2025-11-30T13:43:26.172+0000] {dag.py:3834} INFO - Setting next_dagrun for prediction_dag to 2025-11-30 13:42:00+00:00, run_after=2025-11-30 13:44:00+00:00
[2025-11-30T13:43:26.195+0000] {processor.py:183} INFO - Processing /opt/airflow/dags/prediction_dag.py took 0.184 seconds
[2025-11-30T13:49:22.961+0000] {processor.py:161} INFO - Started process (PID=41224) to work on /opt/airflow/dags/prediction_dag.py
[2025-11-30T13:49:22.964+0000] {processor.py:830} INFO - Processing file /opt/airflow/dags/prediction_dag.py for tasks to queue
[2025-11-30T13:49:22.971+0000] {logging_mixin.py:188} INFO - [2025-11-30T13:49:22.969+0000] {dagbag.py:540} INFO - Filling up the DagBag from /opt/airflow/dags/prediction_dag.py
[2025-11-30T13:49:23.399+0000] {processor.py:840} INFO - DAG(s) 'prediction_dag' retrieved from /opt/airflow/dags/prediction_dag.py
[2025-11-30T13:49:23.708+0000] {logging_mixin.py:188} INFO - [2025-11-30T13:49:23.705+0000] {dag.py:3047} INFO - Sync 1 DAGs
[2025-11-30T13:49:23.839+0000] {logging_mixin.py:188} INFO - [2025-11-30T13:49:23.838+0000] {dag.py:3834} INFO - Setting next_dagrun for prediction_dag to 2025-11-30 13:48:00+00:00, run_after=2025-11-30 13:50:00+00:00
[2025-11-30T13:49:24.398+0000] {processor.py:183} INFO - Processing /opt/airflow/dags/prediction_dag.py took 1.500 seconds
[2025-11-30T13:49:56.758+0000] {processor.py:161} INFO - Started process (PID=41367) to work on /opt/airflow/dags/prediction_dag.py
[2025-11-30T13:49:56.804+0000] {processor.py:830} INFO - Processing file /opt/airflow/dags/prediction_dag.py for tasks to queue
[2025-11-30T13:49:56.815+0000] {logging_mixin.py:188} INFO - [2025-11-30T13:49:56.811+0000] {dagbag.py:540} INFO - Filling up the DagBag from /opt/airflow/dags/prediction_dag.py
[2025-11-30T13:49:57.326+0000] {processor.py:840} INFO - DAG(s) 'prediction_dag' retrieved from /opt/airflow/dags/prediction_dag.py
[2025-11-30T13:49:57.557+0000] {logging_mixin.py:188} INFO - [2025-11-30T13:49:57.556+0000] {dag.py:3047} INFO - Sync 1 DAGs
[2025-11-30T13:50:06.358+0000] {logging_mixin.py:188} INFO - [2025-11-30T13:50:06.357+0000] {dag.py:3834} INFO - Setting next_dagrun for prediction_dag to 2025-11-30 13:50:00+00:00, run_after=2025-11-30 13:52:00+00:00
[2025-11-30T13:50:06.438+0000] {processor.py:183} INFO - Processing /opt/airflow/dags/prediction_dag.py took 9.857 seconds
[2025-11-30T13:50:37.511+0000] {processor.py:161} INFO - Started process (PID=41459) to work on /opt/airflow/dags/prediction_dag.py
[2025-11-30T13:50:37.518+0000] {processor.py:830} INFO - Processing file /opt/airflow/dags/prediction_dag.py for tasks to queue
[2025-11-30T13:50:37.523+0000] {logging_mixin.py:188} INFO - [2025-11-30T13:50:37.519+0000] {dagbag.py:540} INFO - Filling up the DagBag from /opt/airflow/dags/prediction_dag.py
[2025-11-30T13:50:37.723+0000] {processor.py:840} INFO - DAG(s) 'prediction_dag' retrieved from /opt/airflow/dags/prediction_dag.py
[2025-11-30T13:50:37.973+0000] {logging_mixin.py:188} INFO - [2025-11-30T13:50:37.973+0000] {dag.py:3047} INFO - Sync 1 DAGs
[2025-11-30T13:50:38.053+0000] {logging_mixin.py:188} INFO - [2025-11-30T13:50:38.053+0000] {dag.py:3834} INFO - Setting next_dagrun for prediction_dag to 2025-11-30 13:50:00+00:00, run_after=2025-11-30 13:52:00+00:00
[2025-11-30T13:50:38.096+0000] {processor.py:183} INFO - Processing /opt/airflow/dags/prediction_dag.py took 0.644 seconds
[2025-11-30T13:51:08.809+0000] {processor.py:161} INFO - Started process (PID=41496) to work on /opt/airflow/dags/prediction_dag.py
[2025-11-30T13:51:08.811+0000] {processor.py:830} INFO - Processing file /opt/airflow/dags/prediction_dag.py for tasks to queue
[2025-11-30T13:51:08.812+0000] {logging_mixin.py:188} INFO - [2025-11-30T13:51:08.811+0000] {dagbag.py:540} INFO - Filling up the DagBag from /opt/airflow/dags/prediction_dag.py
[2025-11-30T13:51:08.843+0000] {processor.py:840} INFO - DAG(s) 'prediction_dag' retrieved from /opt/airflow/dags/prediction_dag.py
[2025-11-30T13:51:08.908+0000] {logging_mixin.py:188} INFO - [2025-11-30T13:51:08.908+0000] {dag.py:3047} INFO - Sync 1 DAGs
[2025-11-30T13:51:09.474+0000] {logging_mixin.py:188} INFO - [2025-11-30T13:51:09.473+0000] {dag.py:3834} INFO - Setting next_dagrun for prediction_dag to 2025-11-30 13:50:00+00:00, run_after=2025-11-30 13:52:00+00:00
[2025-11-30T13:51:09.532+0000] {processor.py:183} INFO - Processing /opt/airflow/dags/prediction_dag.py took 0.730 seconds
[2025-11-30T13:51:40.182+0000] {processor.py:161} INFO - Started process (PID=41557) to work on /opt/airflow/dags/prediction_dag.py
[2025-11-30T13:51:40.184+0000] {processor.py:830} INFO - Processing file /opt/airflow/dags/prediction_dag.py for tasks to queue
[2025-11-30T13:51:40.185+0000] {logging_mixin.py:188} INFO - [2025-11-30T13:51:40.185+0000] {dagbag.py:540} INFO - Filling up the DagBag from /opt/airflow/dags/prediction_dag.py
[2025-11-30T13:51:40.224+0000] {processor.py:840} INFO - DAG(s) 'prediction_dag' retrieved from /opt/airflow/dags/prediction_dag.py
[2025-11-30T13:51:40.288+0000] {logging_mixin.py:188} INFO - [2025-11-30T13:51:40.288+0000] {dag.py:3047} INFO - Sync 1 DAGs
[2025-11-30T13:51:40.322+0000] {logging_mixin.py:188} INFO - [2025-11-30T13:51:40.321+0000] {dag.py:3834} INFO - Setting next_dagrun for prediction_dag to 2025-11-30 13:50:00+00:00, run_after=2025-11-30 13:52:00+00:00
[2025-11-30T13:51:40.341+0000] {processor.py:183} INFO - Processing /opt/airflow/dags/prediction_dag.py took 0.169 seconds
[2025-11-30T13:52:10.746+0000] {processor.py:161} INFO - Started process (PID=41616) to work on /opt/airflow/dags/prediction_dag.py
[2025-11-30T13:52:10.747+0000] {processor.py:830} INFO - Processing file /opt/airflow/dags/prediction_dag.py for tasks to queue
[2025-11-30T13:52:10.749+0000] {logging_mixin.py:188} INFO - [2025-11-30T13:52:10.749+0000] {dagbag.py:540} INFO - Filling up the DagBag from /opt/airflow/dags/prediction_dag.py
[2025-11-30T13:52:10.775+0000] {processor.py:840} INFO - DAG(s) 'prediction_dag' retrieved from /opt/airflow/dags/prediction_dag.py
[2025-11-30T13:52:10.832+0000] {logging_mixin.py:188} INFO - [2025-11-30T13:52:10.832+0000] {dag.py:3047} INFO - Sync 1 DAGs
[2025-11-30T13:52:10.874+0000] {logging_mixin.py:188} INFO - [2025-11-30T13:52:10.874+0000] {dag.py:3834} INFO - Setting next_dagrun for prediction_dag to 2025-11-30 13:52:00+00:00, run_after=2025-11-30 13:54:00+00:00
[2025-11-30T13:52:11.307+0000] {processor.py:183} INFO - Processing /opt/airflow/dags/prediction_dag.py took 0.568 seconds
[2025-11-30T13:52:41.751+0000] {processor.py:161} INFO - Started process (PID=41661) to work on /opt/airflow/dags/prediction_dag.py
[2025-11-30T13:52:41.754+0000] {processor.py:830} INFO - Processing file /opt/airflow/dags/prediction_dag.py for tasks to queue
[2025-11-30T13:52:41.756+0000] {logging_mixin.py:188} INFO - [2025-11-30T13:52:41.755+0000] {dagbag.py:540} INFO - Filling up the DagBag from /opt/airflow/dags/prediction_dag.py
[2025-11-30T13:52:41.797+0000] {processor.py:840} INFO - DAG(s) 'prediction_dag' retrieved from /opt/airflow/dags/prediction_dag.py
[2025-11-30T13:52:41.840+0000] {logging_mixin.py:188} INFO - [2025-11-30T13:52:41.839+0000] {dag.py:3047} INFO - Sync 1 DAGs
[2025-11-30T13:52:42.140+0000] {logging_mixin.py:188} INFO - [2025-11-30T13:52:42.140+0000] {dag.py:3834} INFO - Setting next_dagrun for prediction_dag to 2025-11-30 13:52:00+00:00, run_after=2025-11-30 13:54:00+00:00
[2025-11-30T13:52:42.149+0000] {processor.py:183} INFO - Processing /opt/airflow/dags/prediction_dag.py took 0.413 seconds
[2025-11-30T13:53:12.543+0000] {processor.py:161} INFO - Started process (PID=41741) to work on /opt/airflow/dags/prediction_dag.py
[2025-11-30T13:53:12.549+0000] {processor.py:830} INFO - Processing file /opt/airflow/dags/prediction_dag.py for tasks to queue
[2025-11-30T13:53:12.550+0000] {logging_mixin.py:188} INFO - [2025-11-30T13:53:12.550+0000] {dagbag.py:540} INFO - Filling up the DagBag from /opt/airflow/dags/prediction_dag.py
[2025-11-30T13:53:12.586+0000] {processor.py:840} INFO - DAG(s) 'prediction_dag' retrieved from /opt/airflow/dags/prediction_dag.py
[2025-11-30T13:53:12.636+0000] {logging_mixin.py:188} INFO - [2025-11-30T13:53:12.635+0000] {dag.py:3047} INFO - Sync 1 DAGs
[2025-11-30T13:53:12.666+0000] {logging_mixin.py:188} INFO - [2025-11-30T13:53:12.665+0000] {dag.py:3834} INFO - Setting next_dagrun for prediction_dag to 2025-11-30 13:52:00+00:00, run_after=2025-11-30 13:54:00+00:00
[2025-11-30T13:53:12.679+0000] {processor.py:183} INFO - Processing /opt/airflow/dags/prediction_dag.py took 0.148 seconds
[2025-11-30T13:53:42.978+0000] {processor.py:161} INFO - Started process (PID=41759) to work on /opt/airflow/dags/prediction_dag.py
[2025-11-30T13:53:42.982+0000] {processor.py:830} INFO - Processing file /opt/airflow/dags/prediction_dag.py for tasks to queue
[2025-11-30T13:53:42.984+0000] {logging_mixin.py:188} INFO - [2025-11-30T13:53:42.984+0000] {dagbag.py:540} INFO - Filling up the DagBag from /opt/airflow/dags/prediction_dag.py
[2025-11-30T13:53:43.017+0000] {processor.py:840} INFO - DAG(s) 'prediction_dag' retrieved from /opt/airflow/dags/prediction_dag.py
[2025-11-30T13:53:43.066+0000] {logging_mixin.py:188} INFO - [2025-11-30T13:53:43.066+0000] {dag.py:3047} INFO - Sync 1 DAGs
[2025-11-30T13:53:43.354+0000] {logging_mixin.py:188} INFO - [2025-11-30T13:53:43.354+0000] {dag.py:3834} INFO - Setting next_dagrun for prediction_dag to 2025-11-30 13:52:00+00:00, run_after=2025-11-30 13:54:00+00:00
[2025-11-30T13:53:43.369+0000] {processor.py:183} INFO - Processing /opt/airflow/dags/prediction_dag.py took 0.404 seconds
[2025-11-30T13:54:13.780+0000] {processor.py:161} INFO - Started process (PID=41845) to work on /opt/airflow/dags/prediction_dag.py
[2025-11-30T13:54:13.782+0000] {processor.py:830} INFO - Processing file /opt/airflow/dags/prediction_dag.py for tasks to queue
[2025-11-30T13:54:13.785+0000] {logging_mixin.py:188} INFO - [2025-11-30T13:54:13.783+0000] {dagbag.py:540} INFO - Filling up the DagBag from /opt/airflow/dags/prediction_dag.py
[2025-11-30T13:54:13.824+0000] {processor.py:840} INFO - DAG(s) 'prediction_dag' retrieved from /opt/airflow/dags/prediction_dag.py
[2025-11-30T13:54:14.169+0000] {logging_mixin.py:188} INFO - [2025-11-30T13:54:14.169+0000] {dag.py:3047} INFO - Sync 1 DAGs
[2025-11-30T13:54:14.186+0000] {logging_mixin.py:188} INFO - [2025-11-30T13:54:14.186+0000] {dag.py:3834} INFO - Setting next_dagrun for prediction_dag to 2025-11-30 13:54:00+00:00, run_after=2025-11-30 13:56:00+00:00
[2025-11-30T13:54:14.197+0000] {processor.py:183} INFO - Processing /opt/airflow/dags/prediction_dag.py took 0.427 seconds
[2025-11-30T13:54:44.587+0000] {processor.py:161} INFO - Started process (PID=41863) to work on /opt/airflow/dags/prediction_dag.py
[2025-11-30T13:54:44.595+0000] {processor.py:830} INFO - Processing file /opt/airflow/dags/prediction_dag.py for tasks to queue
[2025-11-30T13:54:44.597+0000] {logging_mixin.py:188} INFO - [2025-11-30T13:54:44.596+0000] {dagbag.py:540} INFO - Filling up the DagBag from /opt/airflow/dags/prediction_dag.py
[2025-11-30T13:54:44.634+0000] {processor.py:840} INFO - DAG(s) 'prediction_dag' retrieved from /opt/airflow/dags/prediction_dag.py
[2025-11-30T13:54:44.687+0000] {logging_mixin.py:188} INFO - [2025-11-30T13:54:44.686+0000] {dag.py:3047} INFO - Sync 1 DAGs
[2025-11-30T13:54:44.711+0000] {logging_mixin.py:188} INFO - [2025-11-30T13:54:44.711+0000] {dag.py:3834} INFO - Setting next_dagrun for prediction_dag to 2025-11-30 13:54:00+00:00, run_after=2025-11-30 13:56:00+00:00
[2025-11-30T13:54:44.994+0000] {processor.py:183} INFO - Processing /opt/airflow/dags/prediction_dag.py took 0.417 seconds
[2025-11-30T13:55:16.013+0000] {processor.py:161} INFO - Started process (PID=41943) to work on /opt/airflow/dags/prediction_dag.py
[2025-11-30T13:55:16.015+0000] {processor.py:830} INFO - Processing file /opt/airflow/dags/prediction_dag.py for tasks to queue
[2025-11-30T13:55:16.016+0000] {logging_mixin.py:188} INFO - [2025-11-30T13:55:16.015+0000] {dagbag.py:540} INFO - Filling up the DagBag from /opt/airflow/dags/prediction_dag.py
[2025-11-30T13:55:16.051+0000] {processor.py:840} INFO - DAG(s) 'prediction_dag' retrieved from /opt/airflow/dags/prediction_dag.py
[2025-11-30T13:55:16.365+0000] {logging_mixin.py:188} INFO - [2025-11-30T13:55:16.365+0000] {dag.py:3047} INFO - Sync 1 DAGs
[2025-11-30T13:55:16.386+0000] {logging_mixin.py:188} INFO - [2025-11-30T13:55:16.386+0000] {dag.py:3834} INFO - Setting next_dagrun for prediction_dag to 2025-11-30 13:54:00+00:00, run_after=2025-11-30 13:56:00+00:00
[2025-11-30T13:55:16.418+0000] {processor.py:183} INFO - Processing /opt/airflow/dags/prediction_dag.py took 0.413 seconds
[2025-11-30T13:55:47.033+0000] {processor.py:161} INFO - Started process (PID=41961) to work on /opt/airflow/dags/prediction_dag.py
[2025-11-30T13:55:47.034+0000] {processor.py:830} INFO - Processing file /opt/airflow/dags/prediction_dag.py for tasks to queue
[2025-11-30T13:55:47.035+0000] {logging_mixin.py:188} INFO - [2025-11-30T13:55:47.035+0000] {dagbag.py:540} INFO - Filling up the DagBag from /opt/airflow/dags/prediction_dag.py
[2025-11-30T13:55:47.058+0000] {processor.py:840} INFO - DAG(s) 'prediction_dag' retrieved from /opt/airflow/dags/prediction_dag.py
[2025-11-30T13:55:47.090+0000] {logging_mixin.py:188} INFO - [2025-11-30T13:55:47.090+0000] {dag.py:3047} INFO - Sync 1 DAGs
[2025-11-30T13:55:47.110+0000] {logging_mixin.py:188} INFO - [2025-11-30T13:55:47.110+0000] {dag.py:3834} INFO - Setting next_dagrun for prediction_dag to 2025-11-30 13:54:00+00:00, run_after=2025-11-30 13:56:00+00:00
[2025-11-30T13:55:47.122+0000] {processor.py:183} INFO - Processing /opt/airflow/dags/prediction_dag.py took 0.094 seconds
[2025-11-30T13:56:17.296+0000] {processor.py:161} INFO - Started process (PID=42047) to work on /opt/airflow/dags/prediction_dag.py
[2025-11-30T13:56:17.298+0000] {processor.py:830} INFO - Processing file /opt/airflow/dags/prediction_dag.py for tasks to queue
[2025-11-30T13:56:17.300+0000] {logging_mixin.py:188} INFO - [2025-11-30T13:56:17.299+0000] {dagbag.py:540} INFO - Filling up the DagBag from /opt/airflow/dags/prediction_dag.py
[2025-11-30T13:56:17.329+0000] {processor.py:840} INFO - DAG(s) 'prediction_dag' retrieved from /opt/airflow/dags/prediction_dag.py
[2025-11-30T13:56:17.367+0000] {logging_mixin.py:188} INFO - [2025-11-30T13:56:17.367+0000] {dag.py:3047} INFO - Sync 1 DAGs
[2025-11-30T13:56:17.392+0000] {logging_mixin.py:188} INFO - [2025-11-30T13:56:17.392+0000] {dag.py:3834} INFO - Setting next_dagrun for prediction_dag to 2025-11-30 13:56:00+00:00, run_after=2025-11-30 13:58:00+00:00
[2025-11-30T13:56:17.407+0000] {processor.py:183} INFO - Processing /opt/airflow/dags/prediction_dag.py took 0.120 seconds
[2025-11-30T13:56:47.742+0000] {processor.py:161} INFO - Started process (PID=42065) to work on /opt/airflow/dags/prediction_dag.py
[2025-11-30T13:56:47.744+0000] {processor.py:830} INFO - Processing file /opt/airflow/dags/prediction_dag.py for tasks to queue
[2025-11-30T13:56:47.746+0000] {logging_mixin.py:188} INFO - [2025-11-30T13:56:47.744+0000] {dagbag.py:540} INFO - Filling up the DagBag from /opt/airflow/dags/prediction_dag.py
[2025-11-30T13:56:47.768+0000] {processor.py:840} INFO - DAG(s) 'prediction_dag' retrieved from /opt/airflow/dags/prediction_dag.py
[2025-11-30T13:56:47.810+0000] {logging_mixin.py:188} INFO - [2025-11-30T13:56:47.810+0000] {dag.py:3047} INFO - Sync 1 DAGs
[2025-11-30T13:56:47.840+0000] {logging_mixin.py:188} INFO - [2025-11-30T13:56:47.839+0000] {dag.py:3834} INFO - Setting next_dagrun for prediction_dag to 2025-11-30 13:56:00+00:00, run_after=2025-11-30 13:58:00+00:00
[2025-11-30T13:56:47.853+0000] {processor.py:183} INFO - Processing /opt/airflow/dags/prediction_dag.py took 0.116 seconds
[2025-11-30T13:57:18.641+0000] {processor.py:161} INFO - Started process (PID=42136) to work on /opt/airflow/dags/prediction_dag.py
[2025-11-30T13:57:18.645+0000] {processor.py:830} INFO - Processing file /opt/airflow/dags/prediction_dag.py for tasks to queue
[2025-11-30T13:57:18.648+0000] {logging_mixin.py:188} INFO - [2025-11-30T13:57:18.648+0000] {dagbag.py:540} INFO - Filling up the DagBag from /opt/airflow/dags/prediction_dag.py
[2025-11-30T13:57:18.690+0000] {processor.py:840} INFO - DAG(s) 'prediction_dag' retrieved from /opt/airflow/dags/prediction_dag.py
[2025-11-30T13:57:18.772+0000] {logging_mixin.py:188} INFO - [2025-11-30T13:57:18.771+0000] {dag.py:3047} INFO - Sync 1 DAGs
[2025-11-30T13:57:18.855+0000] {logging_mixin.py:188} INFO - [2025-11-30T13:57:18.854+0000] {dag.py:3834} INFO - Setting next_dagrun for prediction_dag to 2025-11-30 13:56:00+00:00, run_after=2025-11-30 13:58:00+00:00
[2025-11-30T13:57:18.887+0000] {processor.py:183} INFO - Processing /opt/airflow/dags/prediction_dag.py took 0.256 seconds
[2025-11-30T13:57:49.369+0000] {processor.py:161} INFO - Started process (PID=42150) to work on /opt/airflow/dags/prediction_dag.py
[2025-11-30T13:57:49.373+0000] {processor.py:830} INFO - Processing file /opt/airflow/dags/prediction_dag.py for tasks to queue
[2025-11-30T13:57:49.380+0000] {logging_mixin.py:188} INFO - [2025-11-30T13:57:49.377+0000] {dagbag.py:540} INFO - Filling up the DagBag from /opt/airflow/dags/prediction_dag.py
[2025-11-30T13:57:49.415+0000] {processor.py:840} INFO - DAG(s) 'prediction_dag' retrieved from /opt/airflow/dags/prediction_dag.py
[2025-11-30T13:57:49.460+0000] {logging_mixin.py:188} INFO - [2025-11-30T13:57:49.460+0000] {dag.py:3047} INFO - Sync 1 DAGs
[2025-11-30T13:57:49.487+0000] {logging_mixin.py:188} INFO - [2025-11-30T13:57:49.487+0000] {dag.py:3834} INFO - Setting next_dagrun for prediction_dag to 2025-11-30 13:56:00+00:00, run_after=2025-11-30 13:58:00+00:00
[2025-11-30T13:57:49.506+0000] {processor.py:183} INFO - Processing /opt/airflow/dags/prediction_dag.py took 0.149 seconds
[2025-11-30T13:58:20.145+0000] {processor.py:161} INFO - Started process (PID=42236) to work on /opt/airflow/dags/prediction_dag.py
[2025-11-30T13:58:20.148+0000] {processor.py:830} INFO - Processing file /opt/airflow/dags/prediction_dag.py for tasks to queue
[2025-11-30T13:58:20.149+0000] {logging_mixin.py:188} INFO - [2025-11-30T13:58:20.149+0000] {dagbag.py:540} INFO - Filling up the DagBag from /opt/airflow/dags/prediction_dag.py
[2025-11-30T13:58:20.190+0000] {processor.py:840} INFO - DAG(s) 'prediction_dag' retrieved from /opt/airflow/dags/prediction_dag.py
[2025-11-30T13:58:20.270+0000] {logging_mixin.py:188} INFO - [2025-11-30T13:58:20.269+0000] {dag.py:3047} INFO - Sync 1 DAGs
[2025-11-30T13:58:20.306+0000] {logging_mixin.py:188} INFO - [2025-11-30T13:58:20.306+0000] {dag.py:3834} INFO - Setting next_dagrun for prediction_dag to 2025-11-30 13:58:00+00:00, run_after=2025-11-30 14:00:00+00:00
[2025-11-30T13:58:20.321+0000] {processor.py:183} INFO - Processing /opt/airflow/dags/prediction_dag.py took 0.188 seconds
[2025-11-30T13:58:50.462+0000] {processor.py:161} INFO - Started process (PID=42254) to work on /opt/airflow/dags/prediction_dag.py
[2025-11-30T13:58:50.466+0000] {processor.py:830} INFO - Processing file /opt/airflow/dags/prediction_dag.py for tasks to queue
[2025-11-30T13:58:50.471+0000] {logging_mixin.py:188} INFO - [2025-11-30T13:58:50.466+0000] {dagbag.py:540} INFO - Filling up the DagBag from /opt/airflow/dags/prediction_dag.py
[2025-11-30T13:58:50.512+0000] {processor.py:840} INFO - DAG(s) 'prediction_dag' retrieved from /opt/airflow/dags/prediction_dag.py
[2025-11-30T13:58:50.560+0000] {logging_mixin.py:188} INFO - [2025-11-30T13:58:50.559+0000] {dag.py:3047} INFO - Sync 1 DAGs
[2025-11-30T13:58:50.591+0000] {logging_mixin.py:188} INFO - [2025-11-30T13:58:50.591+0000] {dag.py:3834} INFO - Setting next_dagrun for prediction_dag to 2025-11-30 13:58:00+00:00, run_after=2025-11-30 14:00:00+00:00
[2025-11-30T13:58:50.605+0000] {processor.py:183} INFO - Processing /opt/airflow/dags/prediction_dag.py took 0.154 seconds
[2025-11-30T13:59:20.888+0000] {processor.py:161} INFO - Started process (PID=42334) to work on /opt/airflow/dags/prediction_dag.py
[2025-11-30T13:59:20.896+0000] {processor.py:830} INFO - Processing file /opt/airflow/dags/prediction_dag.py for tasks to queue
[2025-11-30T13:59:20.898+0000] {logging_mixin.py:188} INFO - [2025-11-30T13:59:20.898+0000] {dagbag.py:540} INFO - Filling up the DagBag from /opt/airflow/dags/prediction_dag.py
[2025-11-30T13:59:20.929+0000] {processor.py:840} INFO - DAG(s) 'prediction_dag' retrieved from /opt/airflow/dags/prediction_dag.py
[2025-11-30T13:59:20.974+0000] {logging_mixin.py:188} INFO - [2025-11-30T13:59:20.974+0000] {dag.py:3047} INFO - Sync 1 DAGs
[2025-11-30T13:59:21.003+0000] {logging_mixin.py:188} INFO - [2025-11-30T13:59:21.003+0000] {dag.py:3834} INFO - Setting next_dagrun for prediction_dag to 2025-11-30 13:58:00+00:00, run_after=2025-11-30 14:00:00+00:00
[2025-11-30T13:59:21.017+0000] {processor.py:183} INFO - Processing /opt/airflow/dags/prediction_dag.py took 0.137 seconds
[2025-11-30T13:59:51.159+0000] {processor.py:161} INFO - Started process (PID=42352) to work on /opt/airflow/dags/prediction_dag.py
[2025-11-30T13:59:51.166+0000] {processor.py:830} INFO - Processing file /opt/airflow/dags/prediction_dag.py for tasks to queue
[2025-11-30T13:59:51.168+0000] {logging_mixin.py:188} INFO - [2025-11-30T13:59:51.167+0000] {dagbag.py:540} INFO - Filling up the DagBag from /opt/airflow/dags/prediction_dag.py
[2025-11-30T13:59:51.213+0000] {processor.py:840} INFO - DAG(s) 'prediction_dag' retrieved from /opt/airflow/dags/prediction_dag.py
[2025-11-30T13:59:51.271+0000] {logging_mixin.py:188} INFO - [2025-11-30T13:59:51.271+0000] {dag.py:3047} INFO - Sync 1 DAGs
[2025-11-30T13:59:51.304+0000] {logging_mixin.py:188} INFO - [2025-11-30T13:59:51.303+0000] {dag.py:3834} INFO - Setting next_dagrun for prediction_dag to 2025-11-30 13:58:00+00:00, run_after=2025-11-30 14:00:00+00:00
[2025-11-30T13:59:51.320+0000] {processor.py:183} INFO - Processing /opt/airflow/dags/prediction_dag.py took 0.176 seconds
[2025-11-30T14:00:21.822+0000] {processor.py:161} INFO - Started process (PID=42438) to work on /opt/airflow/dags/prediction_dag.py
[2025-11-30T14:00:21.826+0000] {processor.py:830} INFO - Processing file /opt/airflow/dags/prediction_dag.py for tasks to queue
[2025-11-30T14:00:21.828+0000] {logging_mixin.py:188} INFO - [2025-11-30T14:00:21.827+0000] {dagbag.py:540} INFO - Filling up the DagBag from /opt/airflow/dags/prediction_dag.py
[2025-11-30T14:00:21.871+0000] {processor.py:840} INFO - DAG(s) 'prediction_dag' retrieved from /opt/airflow/dags/prediction_dag.py
[2025-11-30T14:00:21.930+0000] {logging_mixin.py:188} INFO - [2025-11-30T14:00:21.930+0000] {dag.py:3047} INFO - Sync 1 DAGs
[2025-11-30T14:00:21.970+0000] {logging_mixin.py:188} INFO - [2025-11-30T14:00:21.969+0000] {dag.py:3834} INFO - Setting next_dagrun for prediction_dag to 2025-11-30 14:00:00+00:00, run_after=2025-11-30 14:02:00+00:00
[2025-11-30T14:00:22.001+0000] {processor.py:183} INFO - Processing /opt/airflow/dags/prediction_dag.py took 0.189 seconds
[2025-11-30T14:00:52.420+0000] {processor.py:161} INFO - Started process (PID=42456) to work on /opt/airflow/dags/prediction_dag.py
[2025-11-30T14:00:52.422+0000] {processor.py:830} INFO - Processing file /opt/airflow/dags/prediction_dag.py for tasks to queue
[2025-11-30T14:00:52.423+0000] {logging_mixin.py:188} INFO - [2025-11-30T14:00:52.423+0000] {dagbag.py:540} INFO - Filling up the DagBag from /opt/airflow/dags/prediction_dag.py
[2025-11-30T14:00:52.473+0000] {processor.py:840} INFO - DAG(s) 'prediction_dag' retrieved from /opt/airflow/dags/prediction_dag.py
[2025-11-30T14:00:52.528+0000] {logging_mixin.py:188} INFO - [2025-11-30T14:00:52.527+0000] {dag.py:3047} INFO - Sync 1 DAGs
[2025-11-30T14:00:52.562+0000] {logging_mixin.py:188} INFO - [2025-11-30T14:00:52.562+0000] {dag.py:3834} INFO - Setting next_dagrun for prediction_dag to 2025-11-30 14:00:00+00:00, run_after=2025-11-30 14:02:00+00:00
[2025-11-30T14:00:52.578+0000] {processor.py:183} INFO - Processing /opt/airflow/dags/prediction_dag.py took 0.166 seconds
[2025-11-30T14:01:23.173+0000] {processor.py:161} INFO - Started process (PID=42536) to work on /opt/airflow/dags/prediction_dag.py
[2025-11-30T14:01:23.175+0000] {processor.py:830} INFO - Processing file /opt/airflow/dags/prediction_dag.py for tasks to queue
[2025-11-30T14:01:23.176+0000] {logging_mixin.py:188} INFO - [2025-11-30T14:01:23.176+0000] {dagbag.py:540} INFO - Filling up the DagBag from /opt/airflow/dags/prediction_dag.py
[2025-11-30T14:01:23.211+0000] {processor.py:840} INFO - DAG(s) 'prediction_dag' retrieved from /opt/airflow/dags/prediction_dag.py
[2025-11-30T14:01:23.264+0000] {logging_mixin.py:188} INFO - [2025-11-30T14:01:23.264+0000] {dag.py:3047} INFO - Sync 1 DAGs
[2025-11-30T14:01:23.297+0000] {logging_mixin.py:188} INFO - [2025-11-30T14:01:23.297+0000] {dag.py:3834} INFO - Setting next_dagrun for prediction_dag to 2025-11-30 14:00:00+00:00, run_after=2025-11-30 14:02:00+00:00
[2025-11-30T14:01:23.315+0000] {processor.py:183} INFO - Processing /opt/airflow/dags/prediction_dag.py took 0.149 seconds
[2025-11-30T14:01:53.423+0000] {processor.py:161} INFO - Started process (PID=42554) to work on /opt/airflow/dags/prediction_dag.py
[2025-11-30T14:01:53.427+0000] {processor.py:830} INFO - Processing file /opt/airflow/dags/prediction_dag.py for tasks to queue
[2025-11-30T14:01:53.429+0000] {logging_mixin.py:188} INFO - [2025-11-30T14:01:53.428+0000] {dagbag.py:540} INFO - Filling up the DagBag from /opt/airflow/dags/prediction_dag.py
[2025-11-30T14:01:53.460+0000] {processor.py:840} INFO - DAG(s) 'prediction_dag' retrieved from /opt/airflow/dags/prediction_dag.py
[2025-11-30T14:01:53.518+0000] {logging_mixin.py:188} INFO - [2025-11-30T14:01:53.517+0000] {dag.py:3047} INFO - Sync 1 DAGs
[2025-11-30T14:01:53.554+0000] {logging_mixin.py:188} INFO - [2025-11-30T14:01:53.554+0000] {dag.py:3834} INFO - Setting next_dagrun for prediction_dag to 2025-11-30 14:00:00+00:00, run_after=2025-11-30 14:02:00+00:00
[2025-11-30T14:01:53.568+0000] {processor.py:183} INFO - Processing /opt/airflow/dags/prediction_dag.py took 0.156 seconds
[2025-11-30T14:02:23.889+0000] {processor.py:161} INFO - Started process (PID=42640) to work on /opt/airflow/dags/prediction_dag.py
[2025-11-30T14:02:23.893+0000] {processor.py:830} INFO - Processing file /opt/airflow/dags/prediction_dag.py for tasks to queue
[2025-11-30T14:02:23.895+0000] {logging_mixin.py:188} INFO - [2025-11-30T14:02:23.894+0000] {dagbag.py:540} INFO - Filling up the DagBag from /opt/airflow/dags/prediction_dag.py
[2025-11-30T14:02:23.935+0000] {processor.py:840} INFO - DAG(s) 'prediction_dag' retrieved from /opt/airflow/dags/prediction_dag.py
[2025-11-30T14:02:23.988+0000] {logging_mixin.py:188} INFO - [2025-11-30T14:02:23.988+0000] {dag.py:3047} INFO - Sync 1 DAGs
[2025-11-30T14:02:24.021+0000] {logging_mixin.py:188} INFO - [2025-11-30T14:02:24.021+0000] {dag.py:3834} INFO - Setting next_dagrun for prediction_dag to 2025-11-30 14:02:00+00:00, run_after=2025-11-30 14:04:00+00:00
[2025-11-30T14:02:24.034+0000] {processor.py:183} INFO - Processing /opt/airflow/dags/prediction_dag.py took 0.158 seconds
[2025-11-30T14:02:54.275+0000] {processor.py:161} INFO - Started process (PID=42658) to work on /opt/airflow/dags/prediction_dag.py
[2025-11-30T14:02:54.277+0000] {processor.py:830} INFO - Processing file /opt/airflow/dags/prediction_dag.py for tasks to queue
[2025-11-30T14:02:54.278+0000] {logging_mixin.py:188} INFO - [2025-11-30T14:02:54.278+0000] {dagbag.py:540} INFO - Filling up the DagBag from /opt/airflow/dags/prediction_dag.py
[2025-11-30T14:02:54.305+0000] {processor.py:840} INFO - DAG(s) 'prediction_dag' retrieved from /opt/airflow/dags/prediction_dag.py
[2025-11-30T14:02:54.364+0000] {logging_mixin.py:188} INFO - [2025-11-30T14:02:54.364+0000] {dag.py:3047} INFO - Sync 1 DAGs
[2025-11-30T14:02:54.390+0000] {logging_mixin.py:188} INFO - [2025-11-30T14:02:54.390+0000] {dag.py:3834} INFO - Setting next_dagrun for prediction_dag to 2025-11-30 14:02:00+00:00, run_after=2025-11-30 14:04:00+00:00
[2025-11-30T14:02:54.404+0000] {processor.py:183} INFO - Processing /opt/airflow/dags/prediction_dag.py took 0.144 seconds
[2025-11-30T14:03:24.873+0000] {processor.py:161} INFO - Started process (PID=42738) to work on /opt/airflow/dags/prediction_dag.py
[2025-11-30T14:03:24.876+0000] {processor.py:830} INFO - Processing file /opt/airflow/dags/prediction_dag.py for tasks to queue
[2025-11-30T14:03:24.877+0000] {logging_mixin.py:188} INFO - [2025-11-30T14:03:24.876+0000] {dagbag.py:540} INFO - Filling up the DagBag from /opt/airflow/dags/prediction_dag.py
[2025-11-30T14:03:24.899+0000] {processor.py:840} INFO - DAG(s) 'prediction_dag' retrieved from /opt/airflow/dags/prediction_dag.py
[2025-11-30T14:03:24.938+0000] {logging_mixin.py:188} INFO - [2025-11-30T14:03:24.938+0000] {dag.py:3047} INFO - Sync 1 DAGs
[2025-11-30T14:03:24.963+0000] {logging_mixin.py:188} INFO - [2025-11-30T14:03:24.963+0000] {dag.py:3834} INFO - Setting next_dagrun for prediction_dag to 2025-11-30 14:02:00+00:00, run_after=2025-11-30 14:04:00+00:00
[2025-11-30T14:03:24.975+0000] {processor.py:183} INFO - Processing /opt/airflow/dags/prediction_dag.py took 0.108 seconds
[2025-11-30T14:03:55.338+0000] {processor.py:161} INFO - Started process (PID=42756) to work on /opt/airflow/dags/prediction_dag.py
[2025-11-30T14:03:55.341+0000] {processor.py:830} INFO - Processing file /opt/airflow/dags/prediction_dag.py for tasks to queue
[2025-11-30T14:03:55.342+0000] {logging_mixin.py:188} INFO - [2025-11-30T14:03:55.341+0000] {dagbag.py:540} INFO - Filling up the DagBag from /opt/airflow/dags/prediction_dag.py
[2025-11-30T14:03:55.374+0000] {processor.py:840} INFO - DAG(s) 'prediction_dag' retrieved from /opt/airflow/dags/prediction_dag.py
[2025-11-30T14:03:55.407+0000] {logging_mixin.py:188} INFO - [2025-11-30T14:03:55.407+0000] {dag.py:3047} INFO - Sync 1 DAGs
[2025-11-30T14:03:55.428+0000] {logging_mixin.py:188} INFO - [2025-11-30T14:03:55.428+0000] {dag.py:3834} INFO - Setting next_dagrun for prediction_dag to 2025-11-30 14:02:00+00:00, run_after=2025-11-30 14:04:00+00:00
[2025-11-30T14:03:55.441+0000] {processor.py:183} INFO - Processing /opt/airflow/dags/prediction_dag.py took 0.110 seconds
[2025-11-30T14:04:25.599+0000] {processor.py:161} INFO - Started process (PID=42842) to work on /opt/airflow/dags/prediction_dag.py
[2025-11-30T14:04:25.601+0000] {processor.py:830} INFO - Processing file /opt/airflow/dags/prediction_dag.py for tasks to queue
[2025-11-30T14:04:25.602+0000] {logging_mixin.py:188} INFO - [2025-11-30T14:04:25.601+0000] {dagbag.py:540} INFO - Filling up the DagBag from /opt/airflow/dags/prediction_dag.py
[2025-11-30T14:04:25.612+0000] {processor.py:840} INFO - DAG(s) 'prediction_dag' retrieved from /opt/airflow/dags/prediction_dag.py
[2025-11-30T14:04:25.630+0000] {logging_mixin.py:188} INFO - [2025-11-30T14:04:25.630+0000] {dag.py:3047} INFO - Sync 1 DAGs
[2025-11-30T14:04:25.645+0000] {logging_mixin.py:188} INFO - [2025-11-30T14:04:25.645+0000] {dag.py:3834} INFO - Setting next_dagrun for prediction_dag to 2025-11-30 14:04:00+00:00, run_after=2025-11-30 14:06:00+00:00
[2025-11-30T14:04:25.653+0000] {processor.py:183} INFO - Processing /opt/airflow/dags/prediction_dag.py took 0.058 seconds
[2025-11-30T14:04:56.106+0000] {processor.py:161} INFO - Started process (PID=42850) to work on /opt/airflow/dags/prediction_dag.py
[2025-11-30T14:04:56.108+0000] {processor.py:830} INFO - Processing file /opt/airflow/dags/prediction_dag.py for tasks to queue
[2025-11-30T14:04:56.109+0000] {logging_mixin.py:188} INFO - [2025-11-30T14:04:56.108+0000] {dagbag.py:540} INFO - Filling up the DagBag from /opt/airflow/dags/prediction_dag.py
[2025-11-30T14:04:56.148+0000] {processor.py:840} INFO - DAG(s) 'prediction_dag' retrieved from /opt/airflow/dags/prediction_dag.py
[2025-11-30T14:04:56.203+0000] {logging_mixin.py:188} INFO - [2025-11-30T14:04:56.203+0000] {dag.py:3047} INFO - Sync 1 DAGs
[2025-11-30T14:04:56.235+0000] {logging_mixin.py:188} INFO - [2025-11-30T14:04:56.235+0000] {dag.py:3834} INFO - Setting next_dagrun for prediction_dag to 2025-11-30 14:04:00+00:00, run_after=2025-11-30 14:06:00+00:00
[2025-11-30T14:04:56.258+0000] {processor.py:183} INFO - Processing /opt/airflow/dags/prediction_dag.py took 0.158 seconds
[2025-11-30T14:05:26.687+0000] {processor.py:161} INFO - Started process (PID=42927) to work on /opt/airflow/dags/prediction_dag.py
[2025-11-30T14:05:26.691+0000] {processor.py:830} INFO - Processing file /opt/airflow/dags/prediction_dag.py for tasks to queue
[2025-11-30T14:05:26.692+0000] {logging_mixin.py:188} INFO - [2025-11-30T14:05:26.692+0000] {dagbag.py:540} INFO - Filling up the DagBag from /opt/airflow/dags/prediction_dag.py
[2025-11-30T14:05:26.725+0000] {processor.py:840} INFO - DAG(s) 'prediction_dag' retrieved from /opt/airflow/dags/prediction_dag.py
[2025-11-30T14:05:26.779+0000] {logging_mixin.py:188} INFO - [2025-11-30T14:05:26.779+0000] {dag.py:3047} INFO - Sync 1 DAGs
[2025-11-30T14:05:26.805+0000] {logging_mixin.py:188} INFO - [2025-11-30T14:05:26.805+0000] {dag.py:3834} INFO - Setting next_dagrun for prediction_dag to 2025-11-30 14:04:00+00:00, run_after=2025-11-30 14:06:00+00:00
[2025-11-30T14:05:26.823+0000] {processor.py:183} INFO - Processing /opt/airflow/dags/prediction_dag.py took 0.154 seconds
[2025-11-30T14:05:57.179+0000] {processor.py:161} INFO - Started process (PID=42945) to work on /opt/airflow/dags/prediction_dag.py
[2025-11-30T14:05:57.186+0000] {processor.py:830} INFO - Processing file /opt/airflow/dags/prediction_dag.py for tasks to queue
[2025-11-30T14:05:57.188+0000] {logging_mixin.py:188} INFO - [2025-11-30T14:05:57.187+0000] {dagbag.py:540} INFO - Filling up the DagBag from /opt/airflow/dags/prediction_dag.py
[2025-11-30T14:05:57.217+0000] {processor.py:840} INFO - DAG(s) 'prediction_dag' retrieved from /opt/airflow/dags/prediction_dag.py
[2025-11-30T14:05:57.269+0000] {logging_mixin.py:188} INFO - [2025-11-30T14:05:57.269+0000] {dag.py:3047} INFO - Sync 1 DAGs
[2025-11-30T14:05:57.299+0000] {logging_mixin.py:188} INFO - [2025-11-30T14:05:57.299+0000] {dag.py:3834} INFO - Setting next_dagrun for prediction_dag to 2025-11-30 14:04:00+00:00, run_after=2025-11-30 14:06:00+00:00
[2025-11-30T14:05:57.312+0000] {processor.py:183} INFO - Processing /opt/airflow/dags/prediction_dag.py took 0.142 seconds
[2025-11-30T14:06:27.574+0000] {processor.py:161} INFO - Started process (PID=43031) to work on /opt/airflow/dags/prediction_dag.py
[2025-11-30T14:06:27.577+0000] {processor.py:830} INFO - Processing file /opt/airflow/dags/prediction_dag.py for tasks to queue
[2025-11-30T14:06:27.579+0000] {logging_mixin.py:188} INFO - [2025-11-30T14:06:27.578+0000] {dagbag.py:540} INFO - Filling up the DagBag from /opt/airflow/dags/prediction_dag.py
[2025-11-30T14:06:27.611+0000] {processor.py:840} INFO - DAG(s) 'prediction_dag' retrieved from /opt/airflow/dags/prediction_dag.py
[2025-11-30T14:06:27.668+0000] {logging_mixin.py:188} INFO - [2025-11-30T14:06:27.668+0000] {dag.py:3047} INFO - Sync 1 DAGs
[2025-11-30T14:06:27.708+0000] {logging_mixin.py:188} INFO - [2025-11-30T14:06:27.708+0000] {dag.py:3834} INFO - Setting next_dagrun for prediction_dag to 2025-11-30 14:06:00+00:00, run_after=2025-11-30 14:08:00+00:00
[2025-11-30T14:06:27.728+0000] {processor.py:183} INFO - Processing /opt/airflow/dags/prediction_dag.py took 0.166 seconds
[2025-11-30T14:06:58.117+0000] {processor.py:161} INFO - Started process (PID=43049) to work on /opt/airflow/dags/prediction_dag.py
[2025-11-30T14:06:58.122+0000] {processor.py:830} INFO - Processing file /opt/airflow/dags/prediction_dag.py for tasks to queue
[2025-11-30T14:06:58.124+0000] {logging_mixin.py:188} INFO - [2025-11-30T14:06:58.123+0000] {dagbag.py:540} INFO - Filling up the DagBag from /opt/airflow/dags/prediction_dag.py
[2025-11-30T14:06:58.159+0000] {processor.py:840} INFO - DAG(s) 'prediction_dag' retrieved from /opt/airflow/dags/prediction_dag.py
[2025-11-30T14:06:58.205+0000] {logging_mixin.py:188} INFO - [2025-11-30T14:06:58.205+0000] {dag.py:3047} INFO - Sync 1 DAGs
[2025-11-30T14:06:58.231+0000] {logging_mixin.py:188} INFO - [2025-11-30T14:06:58.231+0000] {dag.py:3834} INFO - Setting next_dagrun for prediction_dag to 2025-11-30 14:06:00+00:00, run_after=2025-11-30 14:08:00+00:00
[2025-11-30T14:06:58.250+0000] {processor.py:183} INFO - Processing /opt/airflow/dags/prediction_dag.py took 0.152 seconds
[2025-11-30T14:07:28.860+0000] {processor.py:161} INFO - Started process (PID=43129) to work on /opt/airflow/dags/prediction_dag.py
[2025-11-30T14:07:28.863+0000] {processor.py:830} INFO - Processing file /opt/airflow/dags/prediction_dag.py for tasks to queue
[2025-11-30T14:07:28.864+0000] {logging_mixin.py:188} INFO - [2025-11-30T14:07:28.864+0000] {dagbag.py:540} INFO - Filling up the DagBag from /opt/airflow/dags/prediction_dag.py
[2025-11-30T14:07:28.897+0000] {processor.py:840} INFO - DAG(s) 'prediction_dag' retrieved from /opt/airflow/dags/prediction_dag.py
[2025-11-30T14:07:28.951+0000] {logging_mixin.py:188} INFO - [2025-11-30T14:07:28.951+0000] {dag.py:3047} INFO - Sync 1 DAGs
[2025-11-30T14:07:28.976+0000] {logging_mixin.py:188} INFO - [2025-11-30T14:07:28.976+0000] {dag.py:3834} INFO - Setting next_dagrun for prediction_dag to 2025-11-30 14:06:00+00:00, run_after=2025-11-30 14:08:00+00:00
[2025-11-30T14:07:28.996+0000] {processor.py:183} INFO - Processing /opt/airflow/dags/prediction_dag.py took 0.149 seconds
[2025-11-30T14:07:59.431+0000] {processor.py:161} INFO - Started process (PID=43147) to work on /opt/airflow/dags/prediction_dag.py
[2025-11-30T14:07:59.438+0000] {processor.py:830} INFO - Processing file /opt/airflow/dags/prediction_dag.py for tasks to queue
[2025-11-30T14:07:59.440+0000] {logging_mixin.py:188} INFO - [2025-11-30T14:07:59.439+0000] {dagbag.py:540} INFO - Filling up the DagBag from /opt/airflow/dags/prediction_dag.py
[2025-11-30T14:07:59.473+0000] {processor.py:840} INFO - DAG(s) 'prediction_dag' retrieved from /opt/airflow/dags/prediction_dag.py
[2025-11-30T14:07:59.535+0000] {logging_mixin.py:188} INFO - [2025-11-30T14:07:59.535+0000] {dag.py:3047} INFO - Sync 1 DAGs
[2025-11-30T14:07:59.574+0000] {logging_mixin.py:188} INFO - [2025-11-30T14:07:59.573+0000] {dag.py:3834} INFO - Setting next_dagrun for prediction_dag to 2025-11-30 14:06:00+00:00, run_after=2025-11-30 14:08:00+00:00
[2025-11-30T14:07:59.588+0000] {processor.py:183} INFO - Processing /opt/airflow/dags/prediction_dag.py took 0.168 seconds
[2025-11-30T14:08:30.282+0000] {processor.py:161} INFO - Started process (PID=43233) to work on /opt/airflow/dags/prediction_dag.py
[2025-11-30T14:08:30.283+0000] {processor.py:830} INFO - Processing file /opt/airflow/dags/prediction_dag.py for tasks to queue
[2025-11-30T14:08:30.285+0000] {logging_mixin.py:188} INFO - [2025-11-30T14:08:30.284+0000] {dagbag.py:540} INFO - Filling up the DagBag from /opt/airflow/dags/prediction_dag.py
[2025-11-30T14:08:30.314+0000] {processor.py:840} INFO - DAG(s) 'prediction_dag' retrieved from /opt/airflow/dags/prediction_dag.py
[2025-11-30T14:08:30.357+0000] {logging_mixin.py:188} INFO - [2025-11-30T14:08:30.357+0000] {dag.py:3047} INFO - Sync 1 DAGs
[2025-11-30T14:08:30.382+0000] {logging_mixin.py:188} INFO - [2025-11-30T14:08:30.382+0000] {dag.py:3834} INFO - Setting next_dagrun for prediction_dag to 2025-11-30 14:08:00+00:00, run_after=2025-11-30 14:10:00+00:00
[2025-11-30T14:08:30.400+0000] {processor.py:183} INFO - Processing /opt/airflow/dags/prediction_dag.py took 0.128 seconds
[2025-11-30T14:09:00.627+0000] {processor.py:161} INFO - Started process (PID=43251) to work on /opt/airflow/dags/prediction_dag.py
[2025-11-30T14:09:00.629+0000] {processor.py:830} INFO - Processing file /opt/airflow/dags/prediction_dag.py for tasks to queue
[2025-11-30T14:09:00.631+0000] {logging_mixin.py:188} INFO - [2025-11-30T14:09:00.630+0000] {dagbag.py:540} INFO - Filling up the DagBag from /opt/airflow/dags/prediction_dag.py
[2025-11-30T14:09:00.674+0000] {processor.py:840} INFO - DAG(s) 'prediction_dag' retrieved from /opt/airflow/dags/prediction_dag.py
[2025-11-30T14:09:00.737+0000] {logging_mixin.py:188} INFO - [2025-11-30T14:09:00.736+0000] {dag.py:3047} INFO - Sync 1 DAGs
[2025-11-30T14:09:00.775+0000] {logging_mixin.py:188} INFO - [2025-11-30T14:09:00.775+0000] {dag.py:3834} INFO - Setting next_dagrun for prediction_dag to 2025-11-30 14:08:00+00:00, run_after=2025-11-30 14:10:00+00:00
[2025-11-30T14:09:00.797+0000] {processor.py:183} INFO - Processing /opt/airflow/dags/prediction_dag.py took 0.185 seconds
[2025-11-30T14:09:31.276+0000] {processor.py:161} INFO - Started process (PID=43331) to work on /opt/airflow/dags/prediction_dag.py
[2025-11-30T14:09:31.278+0000] {processor.py:830} INFO - Processing file /opt/airflow/dags/prediction_dag.py for tasks to queue
[2025-11-30T14:09:31.279+0000] {logging_mixin.py:188} INFO - [2025-11-30T14:09:31.279+0000] {dagbag.py:540} INFO - Filling up the DagBag from /opt/airflow/dags/prediction_dag.py
[2025-11-30T14:09:31.315+0000] {processor.py:840} INFO - DAG(s) 'prediction_dag' retrieved from /opt/airflow/dags/prediction_dag.py
[2025-11-30T14:09:31.363+0000] {logging_mixin.py:188} INFO - [2025-11-30T14:09:31.363+0000] {dag.py:3047} INFO - Sync 1 DAGs
[2025-11-30T14:09:31.392+0000] {logging_mixin.py:188} INFO - [2025-11-30T14:09:31.392+0000] {dag.py:3834} INFO - Setting next_dagrun for prediction_dag to 2025-11-30 14:08:00+00:00, run_after=2025-11-30 14:10:00+00:00
[2025-11-30T14:09:31.413+0000] {processor.py:183} INFO - Processing /opt/airflow/dags/prediction_dag.py took 0.149 seconds
[2025-11-30T14:10:01.466+0000] {processor.py:161} INFO - Started process (PID=43354) to work on /opt/airflow/dags/prediction_dag.py
[2025-11-30T14:10:01.467+0000] {processor.py:830} INFO - Processing file /opt/airflow/dags/prediction_dag.py for tasks to queue
[2025-11-30T14:10:01.468+0000] {logging_mixin.py:188} INFO - [2025-11-30T14:10:01.468+0000] {dagbag.py:540} INFO - Filling up the DagBag from /opt/airflow/dags/prediction_dag.py
[2025-11-30T14:10:01.485+0000] {processor.py:840} INFO - DAG(s) 'prediction_dag' retrieved from /opt/airflow/dags/prediction_dag.py
[2025-11-30T14:10:01.511+0000] {logging_mixin.py:188} INFO - [2025-11-30T14:10:01.510+0000] {dag.py:3047} INFO - Sync 1 DAGs
[2025-11-30T14:10:01.554+0000] {logging_mixin.py:188} INFO - [2025-11-30T14:10:01.554+0000] {dag.py:3834} INFO - Setting next_dagrun for prediction_dag to 2025-11-30 14:10:00+00:00, run_after=2025-11-30 14:12:00+00:00
[2025-11-30T14:10:01.621+0000] {processor.py:183} INFO - Processing /opt/airflow/dags/prediction_dag.py took 0.159 seconds
[2025-11-30T14:10:32.055+0000] {processor.py:161} INFO - Started process (PID=43435) to work on /opt/airflow/dags/prediction_dag.py
[2025-11-30T14:10:32.058+0000] {processor.py:830} INFO - Processing file /opt/airflow/dags/prediction_dag.py for tasks to queue
[2025-11-30T14:10:32.060+0000] {logging_mixin.py:188} INFO - [2025-11-30T14:10:32.059+0000] {dagbag.py:540} INFO - Filling up the DagBag from /opt/airflow/dags/prediction_dag.py
[2025-11-30T14:10:32.093+0000] {processor.py:840} INFO - DAG(s) 'prediction_dag' retrieved from /opt/airflow/dags/prediction_dag.py
[2025-11-30T14:10:32.145+0000] {logging_mixin.py:188} INFO - [2025-11-30T14:10:32.145+0000] {dag.py:3047} INFO - Sync 1 DAGs
[2025-11-30T14:10:32.177+0000] {logging_mixin.py:188} INFO - [2025-11-30T14:10:32.177+0000] {dag.py:3834} INFO - Setting next_dagrun for prediction_dag to 2025-11-30 14:10:00+00:00, run_after=2025-11-30 14:12:00+00:00
[2025-11-30T14:10:32.191+0000] {processor.py:183} INFO - Processing /opt/airflow/dags/prediction_dag.py took 0.151 seconds
[2025-11-30T14:11:02.304+0000] {processor.py:161} INFO - Started process (PID=43463) to work on /opt/airflow/dags/prediction_dag.py
[2025-11-30T14:11:02.306+0000] {processor.py:830} INFO - Processing file /opt/airflow/dags/prediction_dag.py for tasks to queue
[2025-11-30T14:11:02.307+0000] {logging_mixin.py:188} INFO - [2025-11-30T14:11:02.307+0000] {dagbag.py:540} INFO - Filling up the DagBag from /opt/airflow/dags/prediction_dag.py
[2025-11-30T14:11:02.329+0000] {processor.py:840} INFO - DAG(s) 'prediction_dag' retrieved from /opt/airflow/dags/prediction_dag.py
[2025-11-30T14:11:02.362+0000] {logging_mixin.py:188} INFO - [2025-11-30T14:11:02.362+0000] {dag.py:3047} INFO - Sync 1 DAGs
[2025-11-30T14:11:02.385+0000] {logging_mixin.py:188} INFO - [2025-11-30T14:11:02.385+0000] {dag.py:3834} INFO - Setting next_dagrun for prediction_dag to 2025-11-30 14:10:00+00:00, run_after=2025-11-30 14:12:00+00:00
[2025-11-30T14:11:02.398+0000] {processor.py:183} INFO - Processing /opt/airflow/dags/prediction_dag.py took 0.103 seconds
[2025-11-30T14:11:32.599+0000] {processor.py:161} INFO - Started process (PID=43533) to work on /opt/airflow/dags/prediction_dag.py
[2025-11-30T14:11:32.604+0000] {processor.py:830} INFO - Processing file /opt/airflow/dags/prediction_dag.py for tasks to queue
[2025-11-30T14:11:32.606+0000] {logging_mixin.py:188} INFO - [2025-11-30T14:11:32.605+0000] {dagbag.py:540} INFO - Filling up the DagBag from /opt/airflow/dags/prediction_dag.py
[2025-11-30T14:11:32.637+0000] {processor.py:840} INFO - DAG(s) 'prediction_dag' retrieved from /opt/airflow/dags/prediction_dag.py
[2025-11-30T14:11:32.687+0000] {logging_mixin.py:188} INFO - [2025-11-30T14:11:32.687+0000] {dag.py:3047} INFO - Sync 1 DAGs
[2025-11-30T14:11:32.717+0000] {logging_mixin.py:188} INFO - [2025-11-30T14:11:32.717+0000] {dag.py:3834} INFO - Setting next_dagrun for prediction_dag to 2025-11-30 14:10:00+00:00, run_after=2025-11-30 14:12:00+00:00
[2025-11-30T14:11:32.730+0000] {processor.py:183} INFO - Processing /opt/airflow/dags/prediction_dag.py took 0.142 seconds
[2025-11-30T14:12:03.298+0000] {processor.py:161} INFO - Started process (PID=43561) to work on /opt/airflow/dags/prediction_dag.py
[2025-11-30T14:12:03.299+0000] {processor.py:830} INFO - Processing file /opt/airflow/dags/prediction_dag.py for tasks to queue
[2025-11-30T14:12:03.300+0000] {logging_mixin.py:188} INFO - [2025-11-30T14:12:03.300+0000] {dagbag.py:540} INFO - Filling up the DagBag from /opt/airflow/dags/prediction_dag.py
[2025-11-30T14:12:03.323+0000] {processor.py:840} INFO - DAG(s) 'prediction_dag' retrieved from /opt/airflow/dags/prediction_dag.py
[2025-11-30T14:12:03.356+0000] {logging_mixin.py:188} INFO - [2025-11-30T14:12:03.356+0000] {dag.py:3047} INFO - Sync 1 DAGs
[2025-11-30T14:12:03.385+0000] {logging_mixin.py:188} INFO - [2025-11-30T14:12:03.385+0000] {dag.py:3834} INFO - Setting next_dagrun for prediction_dag to 2025-11-30 14:12:00+00:00, run_after=2025-11-30 14:14:00+00:00
[2025-11-30T14:12:03.401+0000] {processor.py:183} INFO - Processing /opt/airflow/dags/prediction_dag.py took 0.109 seconds
[2025-11-30T14:12:33.978+0000] {processor.py:161} INFO - Started process (PID=43627) to work on /opt/airflow/dags/prediction_dag.py
[2025-11-30T14:12:33.980+0000] {processor.py:830} INFO - Processing file /opt/airflow/dags/prediction_dag.py for tasks to queue
[2025-11-30T14:12:33.981+0000] {logging_mixin.py:188} INFO - [2025-11-30T14:12:33.981+0000] {dagbag.py:540} INFO - Filling up the DagBag from /opt/airflow/dags/prediction_dag.py
[2025-11-30T14:12:34.019+0000] {processor.py:840} INFO - DAG(s) 'prediction_dag' retrieved from /opt/airflow/dags/prediction_dag.py
[2025-11-30T14:12:34.074+0000] {logging_mixin.py:188} INFO - [2025-11-30T14:12:34.074+0000] {dag.py:3047} INFO - Sync 1 DAGs
[2025-11-30T14:12:34.107+0000] {logging_mixin.py:188} INFO - [2025-11-30T14:12:34.107+0000] {dag.py:3834} INFO - Setting next_dagrun for prediction_dag to 2025-11-30 14:12:00+00:00, run_after=2025-11-30 14:14:00+00:00
[2025-11-30T14:12:34.131+0000] {processor.py:183} INFO - Processing /opt/airflow/dags/prediction_dag.py took 0.162 seconds
[2025-11-30T14:23:21.681+0000] {processor.py:161} INFO - Started process (PID=43645) to work on /opt/airflow/dags/prediction_dag.py
[2025-11-30T14:23:21.683+0000] {processor.py:830} INFO - Processing file /opt/airflow/dags/prediction_dag.py for tasks to queue
[2025-11-30T14:23:21.684+0000] {logging_mixin.py:188} INFO - [2025-11-30T14:23:21.683+0000] {dagbag.py:540} INFO - Filling up the DagBag from /opt/airflow/dags/prediction_dag.py
[2025-11-30T14:23:21.737+0000] {processor.py:840} INFO - DAG(s) 'prediction_dag' retrieved from /opt/airflow/dags/prediction_dag.py
[2025-11-30T14:23:21.800+0000] {logging_mixin.py:188} INFO - [2025-11-30T14:23:21.800+0000] {dag.py:3047} INFO - Sync 1 DAGs
[2025-11-30T14:23:21.866+0000] {logging_mixin.py:188} INFO - [2025-11-30T14:23:21.866+0000] {dag.py:3834} INFO - Setting next_dagrun for prediction_dag to 2025-11-30 14:20:00+00:00, run_after=2025-11-30 14:22:00+00:00
[2025-11-30T14:23:21.921+0000] {processor.py:183} INFO - Processing /opt/airflow/dags/prediction_dag.py took 0.247 seconds
[2025-11-30T14:38:49.868+0000] {processor.py:161} INFO - Started process (PID=43805) to work on /opt/airflow/dags/prediction_dag.py
[2025-11-30T14:38:49.894+0000] {processor.py:830} INFO - Processing file /opt/airflow/dags/prediction_dag.py for tasks to queue
[2025-11-30T14:38:49.907+0000] {logging_mixin.py:188} INFO - [2025-11-30T14:38:49.904+0000] {dagbag.py:540} INFO - Filling up the DagBag from /opt/airflow/dags/prediction_dag.py
[2025-11-30T14:38:50.900+0000] {processor.py:840} INFO - DAG(s) 'prediction_dag' retrieved from /opt/airflow/dags/prediction_dag.py
[2025-11-30T14:38:51.162+0000] {logging_mixin.py:188} INFO - [2025-11-30T14:38:51.160+0000] {dag.py:3047} INFO - Sync 1 DAGs
[2025-11-30T14:38:51.290+0000] {logging_mixin.py:188} INFO - [2025-11-30T14:38:51.290+0000] {dag.py:3834} INFO - Setting next_dagrun for prediction_dag to 2025-11-30 14:38:00+00:00, run_after=2025-11-30 14:40:00+00:00
[2025-11-30T14:38:51.358+0000] {processor.py:183} INFO - Processing /opt/airflow/dags/prediction_dag.py took 1.590 seconds
[2025-11-30T14:39:22.420+0000] {processor.py:161} INFO - Started process (PID=43981) to work on /opt/airflow/dags/prediction_dag.py
[2025-11-30T14:39:22.443+0000] {processor.py:830} INFO - Processing file /opt/airflow/dags/prediction_dag.py for tasks to queue
[2025-11-30T14:39:22.446+0000] {logging_mixin.py:188} INFO - [2025-11-30T14:39:22.445+0000] {dagbag.py:540} INFO - Filling up the DagBag from /opt/airflow/dags/prediction_dag.py
[2025-11-30T14:39:22.608+0000] {processor.py:840} INFO - DAG(s) 'prediction_dag' retrieved from /opt/airflow/dags/prediction_dag.py
[2025-11-30T14:39:22.842+0000] {logging_mixin.py:188} INFO - [2025-11-30T14:39:22.841+0000] {dag.py:3047} INFO - Sync 1 DAGs
[2025-11-30T14:39:22.967+0000] {logging_mixin.py:188} INFO - [2025-11-30T14:39:22.964+0000] {dag.py:3834} INFO - Setting next_dagrun for prediction_dag to 2025-11-30 14:38:00+00:00, run_after=2025-11-30 14:40:00+00:00
[2025-11-30T14:39:23.087+0000] {processor.py:183} INFO - Processing /opt/airflow/dags/prediction_dag.py took 0.684 seconds
[2025-11-30T14:39:53.511+0000] {processor.py:161} INFO - Started process (PID=44038) to work on /opt/airflow/dags/prediction_dag.py
[2025-11-30T14:39:53.517+0000] {processor.py:830} INFO - Processing file /opt/airflow/dags/prediction_dag.py for tasks to queue
[2025-11-30T14:39:53.519+0000] {logging_mixin.py:188} INFO - [2025-11-30T14:39:53.518+0000] {dagbag.py:540} INFO - Filling up the DagBag from /opt/airflow/dags/prediction_dag.py
[2025-11-30T14:39:53.555+0000] {processor.py:840} INFO - DAG(s) 'prediction_dag' retrieved from /opt/airflow/dags/prediction_dag.py
[2025-11-30T14:39:53.606+0000] {logging_mixin.py:188} INFO - [2025-11-30T14:39:53.605+0000] {dag.py:3047} INFO - Sync 1 DAGs
[2025-11-30T14:39:53.630+0000] {logging_mixin.py:188} INFO - [2025-11-30T14:39:53.630+0000] {dag.py:3834} INFO - Setting next_dagrun for prediction_dag to 2025-11-30 14:38:00+00:00, run_after=2025-11-30 14:40:00+00:00
[2025-11-30T14:39:53.643+0000] {processor.py:183} INFO - Processing /opt/airflow/dags/prediction_dag.py took 0.144 seconds
[2025-11-30T14:40:23.786+0000] {processor.py:161} INFO - Started process (PID=44124) to work on /opt/airflow/dags/prediction_dag.py
[2025-11-30T14:40:23.792+0000] {processor.py:830} INFO - Processing file /opt/airflow/dags/prediction_dag.py for tasks to queue
[2025-11-30T14:40:23.794+0000] {logging_mixin.py:188} INFO - [2025-11-30T14:40:23.794+0000] {dagbag.py:540} INFO - Filling up the DagBag from /opt/airflow/dags/prediction_dag.py
[2025-11-30T14:40:23.829+0000] {processor.py:840} INFO - DAG(s) 'prediction_dag' retrieved from /opt/airflow/dags/prediction_dag.py
[2025-11-30T14:40:23.887+0000] {logging_mixin.py:188} INFO - [2025-11-30T14:40:23.887+0000] {dag.py:3047} INFO - Sync 1 DAGs
[2025-11-30T14:40:23.923+0000] {logging_mixin.py:188} INFO - [2025-11-30T14:40:23.923+0000] {dag.py:3834} INFO - Setting next_dagrun for prediction_dag to 2025-11-30 14:40:00+00:00, run_after=2025-11-30 14:42:00+00:00
[2025-11-30T14:40:23.937+0000] {processor.py:183} INFO - Processing /opt/airflow/dags/prediction_dag.py took 0.161 seconds
[2025-11-30T14:40:54.157+0000] {processor.py:161} INFO - Started process (PID=44142) to work on /opt/airflow/dags/prediction_dag.py
[2025-11-30T14:40:54.162+0000] {processor.py:830} INFO - Processing file /opt/airflow/dags/prediction_dag.py for tasks to queue
[2025-11-30T14:40:54.168+0000] {logging_mixin.py:188} INFO - [2025-11-30T14:40:54.166+0000] {dagbag.py:540} INFO - Filling up the DagBag from /opt/airflow/dags/prediction_dag.py
[2025-11-30T14:40:54.208+0000] {processor.py:840} INFO - DAG(s) 'prediction_dag' retrieved from /opt/airflow/dags/prediction_dag.py
[2025-11-30T14:40:54.261+0000] {logging_mixin.py:188} INFO - [2025-11-30T14:40:54.261+0000] {dag.py:3047} INFO - Sync 1 DAGs
[2025-11-30T14:40:54.288+0000] {logging_mixin.py:188} INFO - [2025-11-30T14:40:54.288+0000] {dag.py:3834} INFO - Setting next_dagrun for prediction_dag to 2025-11-30 14:40:00+00:00, run_after=2025-11-30 14:42:00+00:00
[2025-11-30T14:40:54.308+0000] {processor.py:183} INFO - Processing /opt/airflow/dags/prediction_dag.py took 0.162 seconds
[2025-11-30T14:41:24.780+0000] {processor.py:161} INFO - Started process (PID=44222) to work on /opt/airflow/dags/prediction_dag.py
[2025-11-30T14:41:24.784+0000] {processor.py:830} INFO - Processing file /opt/airflow/dags/prediction_dag.py for tasks to queue
[2025-11-30T14:41:24.786+0000] {logging_mixin.py:188} INFO - [2025-11-30T14:41:24.785+0000] {dagbag.py:540} INFO - Filling up the DagBag from /opt/airflow/dags/prediction_dag.py
[2025-11-30T14:41:24.824+0000] {processor.py:840} INFO - DAG(s) 'prediction_dag' retrieved from /opt/airflow/dags/prediction_dag.py
[2025-11-30T14:41:24.871+0000] {logging_mixin.py:188} INFO - [2025-11-30T14:41:24.870+0000] {dag.py:3047} INFO - Sync 1 DAGs
[2025-11-30T14:41:24.899+0000] {logging_mixin.py:188} INFO - [2025-11-30T14:41:24.898+0000] {dag.py:3834} INFO - Setting next_dagrun for prediction_dag to 2025-11-30 14:40:00+00:00, run_after=2025-11-30 14:42:00+00:00
[2025-11-30T14:41:24.911+0000] {processor.py:183} INFO - Processing /opt/airflow/dags/prediction_dag.py took 0.148 seconds
[2025-11-30T14:41:55.394+0000] {processor.py:161} INFO - Started process (PID=44240) to work on /opt/airflow/dags/prediction_dag.py
[2025-11-30T14:41:55.399+0000] {processor.py:830} INFO - Processing file /opt/airflow/dags/prediction_dag.py for tasks to queue
[2025-11-30T14:41:55.400+0000] {logging_mixin.py:188} INFO - [2025-11-30T14:41:55.399+0000] {dagbag.py:540} INFO - Filling up the DagBag from /opt/airflow/dags/prediction_dag.py
[2025-11-30T14:41:55.433+0000] {processor.py:840} INFO - DAG(s) 'prediction_dag' retrieved from /opt/airflow/dags/prediction_dag.py
[2025-11-30T14:41:55.470+0000] {logging_mixin.py:188} INFO - [2025-11-30T14:41:55.470+0000] {dag.py:3047} INFO - Sync 1 DAGs
[2025-11-30T14:41:55.500+0000] {logging_mixin.py:188} INFO - [2025-11-30T14:41:55.500+0000] {dag.py:3834} INFO - Setting next_dagrun for prediction_dag to 2025-11-30 14:40:00+00:00, run_after=2025-11-30 14:42:00+00:00
[2025-11-30T14:41:55.514+0000] {processor.py:183} INFO - Processing /opt/airflow/dags/prediction_dag.py took 0.133 seconds
[2025-11-30T14:42:25.885+0000] {processor.py:161} INFO - Started process (PID=44326) to work on /opt/airflow/dags/prediction_dag.py
[2025-11-30T14:42:25.888+0000] {processor.py:830} INFO - Processing file /opt/airflow/dags/prediction_dag.py for tasks to queue
[2025-11-30T14:42:25.890+0000] {logging_mixin.py:188} INFO - [2025-11-30T14:42:25.889+0000] {dagbag.py:540} INFO - Filling up the DagBag from /opt/airflow/dags/prediction_dag.py
[2025-11-30T14:42:25.930+0000] {processor.py:840} INFO - DAG(s) 'prediction_dag' retrieved from /opt/airflow/dags/prediction_dag.py
[2025-11-30T14:42:25.982+0000] {logging_mixin.py:188} INFO - [2025-11-30T14:42:25.981+0000] {dag.py:3047} INFO - Sync 1 DAGs
[2025-11-30T14:42:26.007+0000] {logging_mixin.py:188} INFO - [2025-11-30T14:42:26.007+0000] {dag.py:3834} INFO - Setting next_dagrun for prediction_dag to 2025-11-30 14:42:00+00:00, run_after=2025-11-30 14:44:00+00:00
[2025-11-30T14:42:26.026+0000] {processor.py:183} INFO - Processing /opt/airflow/dags/prediction_dag.py took 0.157 seconds
[2025-11-30T14:42:56.497+0000] {processor.py:161} INFO - Started process (PID=44344) to work on /opt/airflow/dags/prediction_dag.py
[2025-11-30T14:42:56.500+0000] {processor.py:830} INFO - Processing file /opt/airflow/dags/prediction_dag.py for tasks to queue
[2025-11-30T14:42:56.502+0000] {logging_mixin.py:188} INFO - [2025-11-30T14:42:56.501+0000] {dagbag.py:540} INFO - Filling up the DagBag from /opt/airflow/dags/prediction_dag.py
[2025-11-30T14:42:56.540+0000] {processor.py:840} INFO - DAG(s) 'prediction_dag' retrieved from /opt/airflow/dags/prediction_dag.py
[2025-11-30T14:42:56.592+0000] {logging_mixin.py:188} INFO - [2025-11-30T14:42:56.592+0000] {dag.py:3047} INFO - Sync 1 DAGs
[2025-11-30T14:42:56.616+0000] {logging_mixin.py:188} INFO - [2025-11-30T14:42:56.616+0000] {dag.py:3834} INFO - Setting next_dagrun for prediction_dag to 2025-11-30 14:42:00+00:00, run_after=2025-11-30 14:44:00+00:00
[2025-11-30T14:42:56.634+0000] {processor.py:183} INFO - Processing /opt/airflow/dags/prediction_dag.py took 0.154 seconds
[2025-11-30T14:43:26.988+0000] {processor.py:161} INFO - Started process (PID=44424) to work on /opt/airflow/dags/prediction_dag.py
[2025-11-30T14:43:26.990+0000] {processor.py:830} INFO - Processing file /opt/airflow/dags/prediction_dag.py for tasks to queue
[2025-11-30T14:43:26.991+0000] {logging_mixin.py:188} INFO - [2025-11-30T14:43:26.991+0000] {dagbag.py:540} INFO - Filling up the DagBag from /opt/airflow/dags/prediction_dag.py
[2025-11-30T14:43:27.017+0000] {processor.py:840} INFO - DAG(s) 'prediction_dag' retrieved from /opt/airflow/dags/prediction_dag.py
[2025-11-30T14:43:27.058+0000] {logging_mixin.py:188} INFO - [2025-11-30T14:43:27.058+0000] {dag.py:3047} INFO - Sync 1 DAGs
[2025-11-30T14:43:27.085+0000] {logging_mixin.py:188} INFO - [2025-11-30T14:43:27.085+0000] {dag.py:3834} INFO - Setting next_dagrun for prediction_dag to 2025-11-30 14:42:00+00:00, run_after=2025-11-30 14:44:00+00:00
[2025-11-30T14:43:27.097+0000] {processor.py:183} INFO - Processing /opt/airflow/dags/prediction_dag.py took 0.125 seconds
[2025-11-30T14:43:57.151+0000] {processor.py:161} INFO - Started process (PID=44442) to work on /opt/airflow/dags/prediction_dag.py
[2025-11-30T14:43:57.155+0000] {processor.py:830} INFO - Processing file /opt/airflow/dags/prediction_dag.py for tasks to queue
[2025-11-30T14:43:57.157+0000] {logging_mixin.py:188} INFO - [2025-11-30T14:43:57.156+0000] {dagbag.py:540} INFO - Filling up the DagBag from /opt/airflow/dags/prediction_dag.py
[2025-11-30T14:43:57.190+0000] {processor.py:840} INFO - DAG(s) 'prediction_dag' retrieved from /opt/airflow/dags/prediction_dag.py
[2025-11-30T14:43:57.229+0000] {logging_mixin.py:188} INFO - [2025-11-30T14:43:57.229+0000] {dag.py:3047} INFO - Sync 1 DAGs
[2025-11-30T14:43:57.255+0000] {logging_mixin.py:188} INFO - [2025-11-30T14:43:57.255+0000] {dag.py:3834} INFO - Setting next_dagrun for prediction_dag to 2025-11-30 14:42:00+00:00, run_after=2025-11-30 14:44:00+00:00
[2025-11-30T14:43:57.268+0000] {processor.py:183} INFO - Processing /opt/airflow/dags/prediction_dag.py took 0.126 seconds
[2025-11-30T14:44:27.366+0000] {processor.py:161} INFO - Started process (PID=44528) to work on /opt/airflow/dags/prediction_dag.py
[2025-11-30T14:44:27.369+0000] {processor.py:830} INFO - Processing file /opt/airflow/dags/prediction_dag.py for tasks to queue
[2025-11-30T14:44:27.371+0000] {logging_mixin.py:188} INFO - [2025-11-30T14:44:27.370+0000] {dagbag.py:540} INFO - Filling up the DagBag from /opt/airflow/dags/prediction_dag.py
[2025-11-30T14:44:27.407+0000] {processor.py:840} INFO - DAG(s) 'prediction_dag' retrieved from /opt/airflow/dags/prediction_dag.py
[2025-11-30T14:44:27.452+0000] {logging_mixin.py:188} INFO - [2025-11-30T14:44:27.452+0000] {dag.py:3047} INFO - Sync 1 DAGs
[2025-11-30T14:44:27.479+0000] {logging_mixin.py:188} INFO - [2025-11-30T14:44:27.479+0000] {dag.py:3834} INFO - Setting next_dagrun for prediction_dag to 2025-11-30 14:44:00+00:00, run_after=2025-11-30 14:46:00+00:00
[2025-11-30T14:44:27.496+0000] {processor.py:183} INFO - Processing /opt/airflow/dags/prediction_dag.py took 0.145 seconds
[2025-11-30T14:44:57.911+0000] {processor.py:161} INFO - Started process (PID=44546) to work on /opt/airflow/dags/prediction_dag.py
[2025-11-30T14:44:57.914+0000] {processor.py:830} INFO - Processing file /opt/airflow/dags/prediction_dag.py for tasks to queue
[2025-11-30T14:44:57.915+0000] {logging_mixin.py:188} INFO - [2025-11-30T14:44:57.915+0000] {dagbag.py:540} INFO - Filling up the DagBag from /opt/airflow/dags/prediction_dag.py
[2025-11-30T14:44:57.941+0000] {processor.py:840} INFO - DAG(s) 'prediction_dag' retrieved from /opt/airflow/dags/prediction_dag.py
[2025-11-30T14:44:57.968+0000] {logging_mixin.py:188} INFO - [2025-11-30T14:44:57.968+0000] {dag.py:3047} INFO - Sync 1 DAGs
[2025-11-30T14:44:57.985+0000] {logging_mixin.py:188} INFO - [2025-11-30T14:44:57.985+0000] {dag.py:3834} INFO - Setting next_dagrun for prediction_dag to 2025-11-30 14:44:00+00:00, run_after=2025-11-30 14:46:00+00:00
[2025-11-30T14:44:57.996+0000] {processor.py:183} INFO - Processing /opt/airflow/dags/prediction_dag.py took 0.098 seconds
[2025-11-30T14:45:28.181+0000] {processor.py:161} INFO - Started process (PID=44626) to work on /opt/airflow/dags/prediction_dag.py
[2025-11-30T14:45:28.184+0000] {processor.py:830} INFO - Processing file /opt/airflow/dags/prediction_dag.py for tasks to queue
[2025-11-30T14:45:28.185+0000] {logging_mixin.py:188} INFO - [2025-11-30T14:45:28.184+0000] {dagbag.py:540} INFO - Filling up the DagBag from /opt/airflow/dags/prediction_dag.py
[2025-11-30T14:45:28.207+0000] {processor.py:840} INFO - DAG(s) 'prediction_dag' retrieved from /opt/airflow/dags/prediction_dag.py
[2025-11-30T14:45:28.236+0000] {logging_mixin.py:188} INFO - [2025-11-30T14:45:28.236+0000] {dag.py:3047} INFO - Sync 1 DAGs
[2025-11-30T14:45:28.253+0000] {logging_mixin.py:188} INFO - [2025-11-30T14:45:28.253+0000] {dag.py:3834} INFO - Setting next_dagrun for prediction_dag to 2025-11-30 14:44:00+00:00, run_after=2025-11-30 14:46:00+00:00
[2025-11-30T14:45:28.265+0000] {processor.py:183} INFO - Processing /opt/airflow/dags/prediction_dag.py took 0.091 seconds
[2025-11-30T14:45:58.614+0000] {processor.py:161} INFO - Started process (PID=44635) to work on /opt/airflow/dags/prediction_dag.py
[2025-11-30T14:45:58.615+0000] {processor.py:830} INFO - Processing file /opt/airflow/dags/prediction_dag.py for tasks to queue
[2025-11-30T14:45:58.616+0000] {logging_mixin.py:188} INFO - [2025-11-30T14:45:58.615+0000] {dagbag.py:540} INFO - Filling up the DagBag from /opt/airflow/dags/prediction_dag.py
[2025-11-30T14:45:58.629+0000] {processor.py:840} INFO - DAG(s) 'prediction_dag' retrieved from /opt/airflow/dags/prediction_dag.py
[2025-11-30T14:45:58.662+0000] {logging_mixin.py:188} INFO - [2025-11-30T14:45:58.662+0000] {dag.py:3047} INFO - Sync 1 DAGs
[2025-11-30T14:45:58.688+0000] {logging_mixin.py:188} INFO - [2025-11-30T14:45:58.688+0000] {dag.py:3834} INFO - Setting next_dagrun for prediction_dag to 2025-11-30 14:44:00+00:00, run_after=2025-11-30 14:46:00+00:00
[2025-11-30T14:45:58.705+0000] {processor.py:183} INFO - Processing /opt/airflow/dags/prediction_dag.py took 0.097 seconds
[2025-11-30T14:46:28.801+0000] {processor.py:161} INFO - Started process (PID=44717) to work on /opt/airflow/dags/prediction_dag.py
[2025-11-30T14:46:28.804+0000] {processor.py:830} INFO - Processing file /opt/airflow/dags/prediction_dag.py for tasks to queue
[2025-11-30T14:46:28.806+0000] {logging_mixin.py:188} INFO - [2025-11-30T14:46:28.805+0000] {dagbag.py:540} INFO - Filling up the DagBag from /opt/airflow/dags/prediction_dag.py
[2025-11-30T14:46:28.837+0000] {processor.py:840} INFO - DAG(s) 'prediction_dag' retrieved from /opt/airflow/dags/prediction_dag.py
[2025-11-30T14:46:28.878+0000] {logging_mixin.py:188} INFO - [2025-11-30T14:46:28.878+0000] {dag.py:3047} INFO - Sync 1 DAGs
[2025-11-30T14:46:28.903+0000] {logging_mixin.py:188} INFO - [2025-11-30T14:46:28.902+0000] {dag.py:3834} INFO - Setting next_dagrun for prediction_dag to 2025-11-30 14:46:00+00:00, run_after=2025-11-30 14:48:00+00:00
[2025-11-30T14:46:28.919+0000] {processor.py:183} INFO - Processing /opt/airflow/dags/prediction_dag.py took 0.135 seconds
[2025-11-30T14:46:59.358+0000] {processor.py:161} INFO - Started process (PID=44735) to work on /opt/airflow/dags/prediction_dag.py
[2025-11-30T14:46:59.360+0000] {processor.py:830} INFO - Processing file /opt/airflow/dags/prediction_dag.py for tasks to queue
[2025-11-30T14:46:59.361+0000] {logging_mixin.py:188} INFO - [2025-11-30T14:46:59.361+0000] {dagbag.py:540} INFO - Filling up the DagBag from /opt/airflow/dags/prediction_dag.py
[2025-11-30T14:46:59.388+0000] {processor.py:840} INFO - DAG(s) 'prediction_dag' retrieved from /opt/airflow/dags/prediction_dag.py
[2025-11-30T14:46:59.424+0000] {logging_mixin.py:188} INFO - [2025-11-30T14:46:59.424+0000] {dag.py:3047} INFO - Sync 1 DAGs
[2025-11-30T14:46:59.451+0000] {logging_mixin.py:188} INFO - [2025-11-30T14:46:59.450+0000] {dag.py:3834} INFO - Setting next_dagrun for prediction_dag to 2025-11-30 14:46:00+00:00, run_after=2025-11-30 14:48:00+00:00
[2025-11-30T14:46:59.463+0000] {processor.py:183} INFO - Processing /opt/airflow/dags/prediction_dag.py took 0.120 seconds
[2025-11-30T14:47:29.625+0000] {processor.py:161} INFO - Started process (PID=44815) to work on /opt/airflow/dags/prediction_dag.py
[2025-11-30T14:47:29.629+0000] {processor.py:830} INFO - Processing file /opt/airflow/dags/prediction_dag.py for tasks to queue
[2025-11-30T14:47:29.631+0000] {logging_mixin.py:188} INFO - [2025-11-30T14:47:29.630+0000] {dagbag.py:540} INFO - Filling up the DagBag from /opt/airflow/dags/prediction_dag.py
[2025-11-30T14:47:29.661+0000] {processor.py:840} INFO - DAG(s) 'prediction_dag' retrieved from /opt/airflow/dags/prediction_dag.py
[2025-11-30T14:47:29.709+0000] {logging_mixin.py:188} INFO - [2025-11-30T14:47:29.709+0000] {dag.py:3047} INFO - Sync 1 DAGs
[2025-11-30T14:47:29.733+0000] {logging_mixin.py:188} INFO - [2025-11-30T14:47:29.733+0000] {dag.py:3834} INFO - Setting next_dagrun for prediction_dag to 2025-11-30 14:46:00+00:00, run_after=2025-11-30 14:48:00+00:00
[2025-11-30T14:47:29.752+0000] {processor.py:183} INFO - Processing /opt/airflow/dags/prediction_dag.py took 0.142 seconds
[2025-11-30T14:48:00.302+0000] {processor.py:161} INFO - Started process (PID=44833) to work on /opt/airflow/dags/prediction_dag.py
[2025-11-30T14:48:00.306+0000] {processor.py:830} INFO - Processing file /opt/airflow/dags/prediction_dag.py for tasks to queue
[2025-11-30T14:48:00.308+0000] {logging_mixin.py:188} INFO - [2025-11-30T14:48:00.307+0000] {dagbag.py:540} INFO - Filling up the DagBag from /opt/airflow/dags/prediction_dag.py
[2025-11-30T14:48:00.340+0000] {processor.py:840} INFO - DAG(s) 'prediction_dag' retrieved from /opt/airflow/dags/prediction_dag.py
[2025-11-30T14:48:00.414+0000] {logging_mixin.py:188} INFO - [2025-11-30T14:48:00.414+0000] {dag.py:3047} INFO - Sync 1 DAGs
[2025-11-30T14:48:00.462+0000] {logging_mixin.py:188} INFO - [2025-11-30T14:48:00.462+0000] {dag.py:3834} INFO - Setting next_dagrun for prediction_dag to 2025-11-30 14:48:00+00:00, run_after=2025-11-30 14:50:00+00:00
[2025-11-30T14:48:00.487+0000] {processor.py:183} INFO - Processing /opt/airflow/dags/prediction_dag.py took 0.202 seconds
[2025-11-30T14:48:30.893+0000] {processor.py:161} INFO - Started process (PID=44919) to work on /opt/airflow/dags/prediction_dag.py
[2025-11-30T14:48:30.897+0000] {processor.py:830} INFO - Processing file /opt/airflow/dags/prediction_dag.py for tasks to queue
[2025-11-30T14:48:30.898+0000] {logging_mixin.py:188} INFO - [2025-11-30T14:48:30.898+0000] {dagbag.py:540} INFO - Filling up the DagBag from /opt/airflow/dags/prediction_dag.py
[2025-11-30T14:48:30.927+0000] {processor.py:840} INFO - DAG(s) 'prediction_dag' retrieved from /opt/airflow/dags/prediction_dag.py
[2025-11-30T14:48:30.978+0000] {logging_mixin.py:188} INFO - [2025-11-30T14:48:30.977+0000] {dag.py:3047} INFO - Sync 1 DAGs
[2025-11-30T14:48:31.007+0000] {logging_mixin.py:188} INFO - [2025-11-30T14:48:31.007+0000] {dag.py:3834} INFO - Setting next_dagrun for prediction_dag to 2025-11-30 14:48:00+00:00, run_after=2025-11-30 14:50:00+00:00
[2025-11-30T14:48:31.024+0000] {processor.py:183} INFO - Processing /opt/airflow/dags/prediction_dag.py took 0.148 seconds
[2025-11-30T14:49:01.385+0000] {processor.py:161} INFO - Started process (PID=44938) to work on /opt/airflow/dags/prediction_dag.py
[2025-11-30T14:49:01.387+0000] {processor.py:830} INFO - Processing file /opt/airflow/dags/prediction_dag.py for tasks to queue
[2025-11-30T14:49:01.388+0000] {logging_mixin.py:188} INFO - [2025-11-30T14:49:01.387+0000] {dagbag.py:540} INFO - Filling up the DagBag from /opt/airflow/dags/prediction_dag.py
[2025-11-30T14:49:01.419+0000] {processor.py:840} INFO - DAG(s) 'prediction_dag' retrieved from /opt/airflow/dags/prediction_dag.py
[2025-11-30T14:49:01.474+0000] {logging_mixin.py:188} INFO - [2025-11-30T14:49:01.474+0000] {dag.py:3047} INFO - Sync 1 DAGs
[2025-11-30T14:49:01.508+0000] {logging_mixin.py:188} INFO - [2025-11-30T14:49:01.508+0000] {dag.py:3834} INFO - Setting next_dagrun for prediction_dag to 2025-11-30 14:48:00+00:00, run_after=2025-11-30 14:50:00+00:00
[2025-11-30T14:49:01.525+0000] {processor.py:183} INFO - Processing /opt/airflow/dags/prediction_dag.py took 0.152 seconds
[2025-11-30T14:49:31.695+0000] {processor.py:161} INFO - Started process (PID=45017) to work on /opt/airflow/dags/prediction_dag.py
[2025-11-30T14:49:31.698+0000] {processor.py:830} INFO - Processing file /opt/airflow/dags/prediction_dag.py for tasks to queue
[2025-11-30T14:49:31.703+0000] {logging_mixin.py:188} INFO - [2025-11-30T14:49:31.702+0000] {dagbag.py:540} INFO - Filling up the DagBag from /opt/airflow/dags/prediction_dag.py
[2025-11-30T14:49:31.732+0000] {processor.py:840} INFO - DAG(s) 'prediction_dag' retrieved from /opt/airflow/dags/prediction_dag.py
[2025-11-30T14:49:31.783+0000] {logging_mixin.py:188} INFO - [2025-11-30T14:49:31.783+0000] {dag.py:3047} INFO - Sync 1 DAGs
[2025-11-30T14:49:31.813+0000] {logging_mixin.py:188} INFO - [2025-11-30T14:49:31.813+0000] {dag.py:3834} INFO - Setting next_dagrun for prediction_dag to 2025-11-30 14:48:00+00:00, run_after=2025-11-30 14:50:00+00:00
[2025-11-30T14:49:31.826+0000] {processor.py:183} INFO - Processing /opt/airflow/dags/prediction_dag.py took 0.139 seconds
[2025-11-30T14:50:02.071+0000] {processor.py:161} INFO - Started process (PID=45048) to work on /opt/airflow/dags/prediction_dag.py
[2025-11-30T14:50:02.072+0000] {processor.py:830} INFO - Processing file /opt/airflow/dags/prediction_dag.py for tasks to queue
[2025-11-30T14:50:02.073+0000] {logging_mixin.py:188} INFO - [2025-11-30T14:50:02.073+0000] {dagbag.py:540} INFO - Filling up the DagBag from /opt/airflow/dags/prediction_dag.py
[2025-11-30T14:50:02.092+0000] {processor.py:840} INFO - DAG(s) 'prediction_dag' retrieved from /opt/airflow/dags/prediction_dag.py
[2025-11-30T14:50:02.123+0000] {logging_mixin.py:188} INFO - [2025-11-30T14:50:02.123+0000] {dag.py:3047} INFO - Sync 1 DAGs
[2025-11-30T14:50:02.144+0000] {logging_mixin.py:188} INFO - [2025-11-30T14:50:02.144+0000] {dag.py:3834} INFO - Setting next_dagrun for prediction_dag to 2025-11-30 14:50:00+00:00, run_after=2025-11-30 14:52:00+00:00
[2025-11-30T14:50:02.157+0000] {processor.py:183} INFO - Processing /opt/airflow/dags/prediction_dag.py took 0.090 seconds
[2025-11-30T14:50:32.543+0000] {processor.py:161} INFO - Started process (PID=45121) to work on /opt/airflow/dags/prediction_dag.py
[2025-11-30T14:50:32.546+0000] {processor.py:830} INFO - Processing file /opt/airflow/dags/prediction_dag.py for tasks to queue
[2025-11-30T14:50:32.547+0000] {logging_mixin.py:188} INFO - [2025-11-30T14:50:32.547+0000] {dagbag.py:540} INFO - Filling up the DagBag from /opt/airflow/dags/prediction_dag.py
[2025-11-30T14:50:32.579+0000] {processor.py:840} INFO - DAG(s) 'prediction_dag' retrieved from /opt/airflow/dags/prediction_dag.py
[2025-11-30T14:50:32.620+0000] {logging_mixin.py:188} INFO - [2025-11-30T14:50:32.619+0000] {dag.py:3047} INFO - Sync 1 DAGs
[2025-11-30T14:50:32.646+0000] {logging_mixin.py:188} INFO - [2025-11-30T14:50:32.646+0000] {dag.py:3834} INFO - Setting next_dagrun for prediction_dag to 2025-11-30 14:50:00+00:00, run_after=2025-11-30 14:52:00+00:00
[2025-11-30T14:50:32.660+0000] {processor.py:183} INFO - Processing /opt/airflow/dags/prediction_dag.py took 0.135 seconds
[2025-11-30T14:51:02.707+0000] {processor.py:161} INFO - Started process (PID=45150) to work on /opt/airflow/dags/prediction_dag.py
[2025-11-30T14:51:02.708+0000] {processor.py:830} INFO - Processing file /opt/airflow/dags/prediction_dag.py for tasks to queue
[2025-11-30T14:51:02.709+0000] {logging_mixin.py:188} INFO - [2025-11-30T14:51:02.709+0000] {dagbag.py:540} INFO - Filling up the DagBag from /opt/airflow/dags/prediction_dag.py
[2025-11-30T14:51:02.721+0000] {processor.py:840} INFO - DAG(s) 'prediction_dag' retrieved from /opt/airflow/dags/prediction_dag.py
[2025-11-30T14:51:02.740+0000] {logging_mixin.py:188} INFO - [2025-11-30T14:51:02.740+0000] {dag.py:3047} INFO - Sync 1 DAGs
[2025-11-30T14:51:02.756+0000] {logging_mixin.py:188} INFO - [2025-11-30T14:51:02.756+0000] {dag.py:3834} INFO - Setting next_dagrun for prediction_dag to 2025-11-30 14:50:00+00:00, run_after=2025-11-30 14:52:00+00:00
[2025-11-30T14:51:02.766+0000] {processor.py:183} INFO - Processing /opt/airflow/dags/prediction_dag.py took 0.062 seconds
[2025-11-30T14:51:33.125+0000] {processor.py:161} INFO - Started process (PID=45219) to work on /opt/airflow/dags/prediction_dag.py
[2025-11-30T14:51:33.129+0000] {processor.py:830} INFO - Processing file /opt/airflow/dags/prediction_dag.py for tasks to queue
[2025-11-30T14:51:33.130+0000] {logging_mixin.py:188} INFO - [2025-11-30T14:51:33.129+0000] {dagbag.py:540} INFO - Filling up the DagBag from /opt/airflow/dags/prediction_dag.py
[2025-11-30T14:51:33.162+0000] {processor.py:840} INFO - DAG(s) 'prediction_dag' retrieved from /opt/airflow/dags/prediction_dag.py
[2025-11-30T14:51:33.198+0000] {logging_mixin.py:188} INFO - [2025-11-30T14:51:33.198+0000] {dag.py:3047} INFO - Sync 1 DAGs
[2025-11-30T14:51:33.218+0000] {logging_mixin.py:188} INFO - [2025-11-30T14:51:33.218+0000] {dag.py:3834} INFO - Setting next_dagrun for prediction_dag to 2025-11-30 14:50:00+00:00, run_after=2025-11-30 14:52:00+00:00
[2025-11-30T14:51:33.230+0000] {processor.py:183} INFO - Processing /opt/airflow/dags/prediction_dag.py took 0.115 seconds
[2025-11-30T14:52:03.541+0000] {processor.py:161} INFO - Started process (PID=45254) to work on /opt/airflow/dags/prediction_dag.py
[2025-11-30T14:52:03.543+0000] {processor.py:830} INFO - Processing file /opt/airflow/dags/prediction_dag.py for tasks to queue
[2025-11-30T14:52:03.543+0000] {logging_mixin.py:188} INFO - [2025-11-30T14:52:03.543+0000] {dagbag.py:540} INFO - Filling up the DagBag from /opt/airflow/dags/prediction_dag.py
[2025-11-30T14:52:03.558+0000] {processor.py:840} INFO - DAG(s) 'prediction_dag' retrieved from /opt/airflow/dags/prediction_dag.py
[2025-11-30T14:52:03.583+0000] {logging_mixin.py:188} INFO - [2025-11-30T14:52:03.583+0000] {dag.py:3047} INFO - Sync 1 DAGs
[2025-11-30T14:52:03.604+0000] {logging_mixin.py:188} INFO - [2025-11-30T14:52:03.604+0000] {dag.py:3834} INFO - Setting next_dagrun for prediction_dag to 2025-11-30 14:52:00+00:00, run_after=2025-11-30 14:54:00+00:00
[2025-11-30T14:52:03.616+0000] {processor.py:183} INFO - Processing /opt/airflow/dags/prediction_dag.py took 0.080 seconds
[2025-11-30T14:52:33.775+0000] {processor.py:161} INFO - Started process (PID=45323) to work on /opt/airflow/dags/prediction_dag.py
[2025-11-30T14:52:33.778+0000] {processor.py:830} INFO - Processing file /opt/airflow/dags/prediction_dag.py for tasks to queue
[2025-11-30T14:52:33.780+0000] {logging_mixin.py:188} INFO - [2025-11-30T14:52:33.779+0000] {dagbag.py:540} INFO - Filling up the DagBag from /opt/airflow/dags/prediction_dag.py
[2025-11-30T14:52:33.815+0000] {processor.py:840} INFO - DAG(s) 'prediction_dag' retrieved from /opt/airflow/dags/prediction_dag.py
[2025-11-30T14:52:33.867+0000] {logging_mixin.py:188} INFO - [2025-11-30T14:52:33.867+0000] {dag.py:3047} INFO - Sync 1 DAGs
[2025-11-30T14:52:33.892+0000] {logging_mixin.py:188} INFO - [2025-11-30T14:52:33.892+0000] {dag.py:3834} INFO - Setting next_dagrun for prediction_dag to 2025-11-30 14:52:00+00:00, run_after=2025-11-30 14:54:00+00:00
[2025-11-30T14:52:33.910+0000] {processor.py:183} INFO - Processing /opt/airflow/dags/prediction_dag.py took 0.148 seconds
[2025-11-30T14:53:04.256+0000] {processor.py:161} INFO - Started process (PID=45361) to work on /opt/airflow/dags/prediction_dag.py
[2025-11-30T14:53:04.258+0000] {processor.py:830} INFO - Processing file /opt/airflow/dags/prediction_dag.py for tasks to queue
[2025-11-30T14:53:04.258+0000] {logging_mixin.py:188} INFO - [2025-11-30T14:53:04.258+0000] {dagbag.py:540} INFO - Filling up the DagBag from /opt/airflow/dags/prediction_dag.py
[2025-11-30T14:53:04.268+0000] {processor.py:840} INFO - DAG(s) 'prediction_dag' retrieved from /opt/airflow/dags/prediction_dag.py
[2025-11-30T14:53:04.288+0000] {logging_mixin.py:188} INFO - [2025-11-30T14:53:04.288+0000] {dag.py:3047} INFO - Sync 1 DAGs
[2025-11-30T14:53:04.302+0000] {logging_mixin.py:188} INFO - [2025-11-30T14:53:04.302+0000] {dag.py:3834} INFO - Setting next_dagrun for prediction_dag to 2025-11-30 14:52:00+00:00, run_after=2025-11-30 14:54:00+00:00
[2025-11-30T14:53:04.312+0000] {processor.py:183} INFO - Processing /opt/airflow/dags/prediction_dag.py took 0.058 seconds
[2025-11-30T14:53:34.741+0000] {processor.py:161} INFO - Started process (PID=45421) to work on /opt/airflow/dags/prediction_dag.py
[2025-11-30T14:53:34.744+0000] {processor.py:830} INFO - Processing file /opt/airflow/dags/prediction_dag.py for tasks to queue
[2025-11-30T14:53:34.746+0000] {logging_mixin.py:188} INFO - [2025-11-30T14:53:34.745+0000] {dagbag.py:540} INFO - Filling up the DagBag from /opt/airflow/dags/prediction_dag.py
[2025-11-30T14:53:34.767+0000] {processor.py:840} INFO - DAG(s) 'prediction_dag' retrieved from /opt/airflow/dags/prediction_dag.py
[2025-11-30T14:53:34.792+0000] {logging_mixin.py:188} INFO - [2025-11-30T14:53:34.792+0000] {dag.py:3047} INFO - Sync 1 DAGs
[2025-11-30T14:53:34.809+0000] {logging_mixin.py:188} INFO - [2025-11-30T14:53:34.809+0000] {dag.py:3834} INFO - Setting next_dagrun for prediction_dag to 2025-11-30 14:52:00+00:00, run_after=2025-11-30 14:54:00+00:00
[2025-11-30T14:53:34.819+0000] {processor.py:183} INFO - Processing /opt/airflow/dags/prediction_dag.py took 0.087 seconds
[2025-11-30T14:54:05.144+0000] {processor.py:161} INFO - Started process (PID=45465) to work on /opt/airflow/dags/prediction_dag.py
[2025-11-30T14:54:05.148+0000] {processor.py:830} INFO - Processing file /opt/airflow/dags/prediction_dag.py for tasks to queue
[2025-11-30T14:54:05.149+0000] {logging_mixin.py:188} INFO - [2025-11-30T14:54:05.149+0000] {dagbag.py:540} INFO - Filling up the DagBag from /opt/airflow/dags/prediction_dag.py
[2025-11-30T14:54:05.169+0000] {processor.py:840} INFO - DAG(s) 'prediction_dag' retrieved from /opt/airflow/dags/prediction_dag.py
[2025-11-30T14:54:05.196+0000] {logging_mixin.py:188} INFO - [2025-11-30T14:54:05.196+0000] {dag.py:3047} INFO - Sync 1 DAGs
[2025-11-30T14:54:05.221+0000] {logging_mixin.py:188} INFO - [2025-11-30T14:54:05.220+0000] {dag.py:3834} INFO - Setting next_dagrun for prediction_dag to 2025-11-30 14:54:00+00:00, run_after=2025-11-30 14:56:00+00:00
[2025-11-30T14:54:05.252+0000] {processor.py:183} INFO - Processing /opt/airflow/dags/prediction_dag.py took 0.112 seconds
[2025-11-30T14:54:35.598+0000] {processor.py:161} INFO - Started process (PID=45525) to work on /opt/airflow/dags/prediction_dag.py
[2025-11-30T14:54:35.600+0000] {processor.py:830} INFO - Processing file /opt/airflow/dags/prediction_dag.py for tasks to queue
[2025-11-30T14:54:35.601+0000] {logging_mixin.py:188} INFO - [2025-11-30T14:54:35.601+0000] {dagbag.py:540} INFO - Filling up the DagBag from /opt/airflow/dags/prediction_dag.py
[2025-11-30T14:54:35.619+0000] {processor.py:840} INFO - DAG(s) 'prediction_dag' retrieved from /opt/airflow/dags/prediction_dag.py
[2025-11-30T14:54:35.650+0000] {logging_mixin.py:188} INFO - [2025-11-30T14:54:35.650+0000] {dag.py:3047} INFO - Sync 1 DAGs
[2025-11-30T14:54:35.665+0000] {logging_mixin.py:188} INFO - [2025-11-30T14:54:35.665+0000] {dag.py:3834} INFO - Setting next_dagrun for prediction_dag to 2025-11-30 14:54:00+00:00, run_after=2025-11-30 14:56:00+00:00
[2025-11-30T14:54:35.675+0000] {processor.py:183} INFO - Processing /opt/airflow/dags/prediction_dag.py took 0.085 seconds
[2025-11-30T15:09:48.201+0000] {processor.py:161} INFO - Started process (PID=45535) to work on /opt/airflow/dags/prediction_dag.py
[2025-11-30T15:09:48.206+0000] {processor.py:830} INFO - Processing file /opt/airflow/dags/prediction_dag.py for tasks to queue
[2025-11-30T15:09:48.212+0000] {logging_mixin.py:188} INFO - [2025-11-30T15:09:48.210+0000] {dagbag.py:540} INFO - Filling up the DagBag from /opt/airflow/dags/prediction_dag.py
[2025-11-30T15:09:48.778+0000] {processor.py:840} INFO - DAG(s) 'prediction_dag' retrieved from /opt/airflow/dags/prediction_dag.py
[2025-11-30T15:09:50.137+0000] {logging_mixin.py:188} INFO - [2025-11-30T15:09:50.136+0000] {dag.py:3047} INFO - Sync 1 DAGs
[2025-11-30T15:09:50.634+0000] {logging_mixin.py:188} INFO - [2025-11-30T15:09:50.634+0000] {dag.py:3834} INFO - Setting next_dagrun for prediction_dag to 2025-11-30 15:08:00+00:00, run_after=2025-11-30 15:10:00+00:00
[2025-11-30T15:09:51.028+0000] {processor.py:183} INFO - Processing /opt/airflow/dags/prediction_dag.py took 2.870 seconds
[2025-11-30T15:10:21.994+0000] {processor.py:161} INFO - Started process (PID=45713) to work on /opt/airflow/dags/prediction_dag.py
[2025-11-30T15:10:22.002+0000] {processor.py:830} INFO - Processing file /opt/airflow/dags/prediction_dag.py for tasks to queue
[2025-11-30T15:10:22.004+0000] {logging_mixin.py:188} INFO - [2025-11-30T15:10:22.003+0000] {dagbag.py:540} INFO - Filling up the DagBag from /opt/airflow/dags/prediction_dag.py
[2025-11-30T15:10:22.109+0000] {processor.py:840} INFO - DAG(s) 'prediction_dag' retrieved from /opt/airflow/dags/prediction_dag.py
[2025-11-30T15:10:22.265+0000] {logging_mixin.py:188} INFO - [2025-11-30T15:10:22.264+0000] {dag.py:3047} INFO - Sync 1 DAGs
[2025-11-30T15:10:22.353+0000] {logging_mixin.py:188} INFO - [2025-11-30T15:10:22.353+0000] {dag.py:3834} INFO - Setting next_dagrun for prediction_dag to 2025-11-30 15:10:00+00:00, run_after=2025-11-30 15:12:00+00:00
[2025-11-30T15:10:22.432+0000] {processor.py:183} INFO - Processing /opt/airflow/dags/prediction_dag.py took 0.467 seconds
[2025-11-30T15:10:53.166+0000] {processor.py:161} INFO - Started process (PID=45770) to work on /opt/airflow/dags/prediction_dag.py
[2025-11-30T15:10:53.169+0000] {processor.py:830} INFO - Processing file /opt/airflow/dags/prediction_dag.py for tasks to queue
[2025-11-30T15:10:53.172+0000] {logging_mixin.py:188} INFO - [2025-11-30T15:10:53.171+0000] {dagbag.py:540} INFO - Filling up the DagBag from /opt/airflow/dags/prediction_dag.py
[2025-11-30T15:10:53.206+0000] {processor.py:840} INFO - DAG(s) 'prediction_dag' retrieved from /opt/airflow/dags/prediction_dag.py
[2025-11-30T15:10:53.256+0000] {logging_mixin.py:188} INFO - [2025-11-30T15:10:53.256+0000] {dag.py:3047} INFO - Sync 1 DAGs
[2025-11-30T15:10:53.281+0000] {logging_mixin.py:188} INFO - [2025-11-30T15:10:53.280+0000] {dag.py:3834} INFO - Setting next_dagrun for prediction_dag to 2025-11-30 15:10:00+00:00, run_after=2025-11-30 15:12:00+00:00
[2025-11-30T15:10:53.294+0000] {processor.py:183} INFO - Processing /opt/airflow/dags/prediction_dag.py took 0.141 seconds
[2025-11-30T15:11:23.717+0000] {processor.py:161} INFO - Started process (PID=45850) to work on /opt/airflow/dags/prediction_dag.py
[2025-11-30T15:11:23.719+0000] {processor.py:830} INFO - Processing file /opt/airflow/dags/prediction_dag.py for tasks to queue
[2025-11-30T15:11:23.720+0000] {logging_mixin.py:188} INFO - [2025-11-30T15:11:23.720+0000] {dagbag.py:540} INFO - Filling up the DagBag from /opt/airflow/dags/prediction_dag.py
[2025-11-30T15:11:23.759+0000] {processor.py:840} INFO - DAG(s) 'prediction_dag' retrieved from /opt/airflow/dags/prediction_dag.py
[2025-11-30T15:11:23.805+0000] {logging_mixin.py:188} INFO - [2025-11-30T15:11:23.805+0000] {dag.py:3047} INFO - Sync 1 DAGs
[2025-11-30T15:11:23.832+0000] {logging_mixin.py:188} INFO - [2025-11-30T15:11:23.832+0000] {dag.py:3834} INFO - Setting next_dagrun for prediction_dag to 2025-11-30 15:10:00+00:00, run_after=2025-11-30 15:12:00+00:00
[2025-11-30T15:11:23.844+0000] {processor.py:183} INFO - Processing /opt/airflow/dags/prediction_dag.py took 0.149 seconds
[2025-11-30T15:11:54.275+0000] {processor.py:161} INFO - Started process (PID=45868) to work on /opt/airflow/dags/prediction_dag.py
[2025-11-30T15:11:54.278+0000] {processor.py:830} INFO - Processing file /opt/airflow/dags/prediction_dag.py for tasks to queue
[2025-11-30T15:11:54.280+0000] {logging_mixin.py:188} INFO - [2025-11-30T15:11:54.279+0000] {dagbag.py:540} INFO - Filling up the DagBag from /opt/airflow/dags/prediction_dag.py
[2025-11-30T15:11:54.314+0000] {processor.py:840} INFO - DAG(s) 'prediction_dag' retrieved from /opt/airflow/dags/prediction_dag.py
[2025-11-30T15:11:54.353+0000] {logging_mixin.py:188} INFO - [2025-11-30T15:11:54.353+0000] {dag.py:3047} INFO - Sync 1 DAGs
[2025-11-30T15:11:54.378+0000] {logging_mixin.py:188} INFO - [2025-11-30T15:11:54.378+0000] {dag.py:3834} INFO - Setting next_dagrun for prediction_dag to 2025-11-30 15:10:00+00:00, run_after=2025-11-30 15:12:00+00:00
[2025-11-30T15:11:54.390+0000] {processor.py:183} INFO - Processing /opt/airflow/dags/prediction_dag.py took 0.125 seconds
[2025-11-30T15:12:49.982+0000] {processor.py:161} INFO - Started process (PID=45907) to work on /opt/airflow/dags/prediction_dag.py
[2025-11-30T15:12:49.985+0000] {processor.py:830} INFO - Processing file /opt/airflow/dags/prediction_dag.py for tasks to queue
[2025-11-30T15:12:49.993+0000] {logging_mixin.py:188} INFO - [2025-11-30T15:12:49.992+0000] {dagbag.py:540} INFO - Filling up the DagBag from /opt/airflow/dags/prediction_dag.py
[2025-11-30T15:12:50.099+0000] {processor.py:840} INFO - DAG(s) 'prediction_dag' retrieved from /opt/airflow/dags/prediction_dag.py
[2025-11-30T15:12:50.453+0000] {logging_mixin.py:188} INFO - [2025-11-30T15:12:50.452+0000] {dag.py:3047} INFO - Sync 1 DAGs
[2025-11-30T15:12:50.539+0000] {logging_mixin.py:188} INFO - [2025-11-30T15:12:50.538+0000] {dag.py:3834} INFO - Setting next_dagrun for prediction_dag to 2025-11-30 15:12:00+00:00, run_after=2025-11-30 15:14:00+00:00
[2025-11-30T15:12:50.590+0000] {processor.py:183} INFO - Processing /opt/airflow/dags/prediction_dag.py took 0.626 seconds
[2025-11-30T15:13:20.983+0000] {processor.py:161} INFO - Started process (PID=46033) to work on /opt/airflow/dags/prediction_dag.py
[2025-11-30T15:13:20.986+0000] {processor.py:830} INFO - Processing file /opt/airflow/dags/prediction_dag.py for tasks to queue
[2025-11-30T15:13:20.988+0000] {logging_mixin.py:188} INFO - [2025-11-30T15:13:20.988+0000] {dagbag.py:540} INFO - Filling up the DagBag from /opt/airflow/dags/prediction_dag.py
[2025-11-30T15:13:21.046+0000] {processor.py:840} INFO - DAG(s) 'prediction_dag' retrieved from /opt/airflow/dags/prediction_dag.py
[2025-11-30T15:13:21.106+0000] {logging_mixin.py:188} INFO - [2025-11-30T15:13:21.106+0000] {dag.py:3047} INFO - Sync 1 DAGs
[2025-11-30T15:13:21.155+0000] {logging_mixin.py:188} INFO - [2025-11-30T15:13:21.155+0000] {dag.py:3834} INFO - Setting next_dagrun for prediction_dag to 2025-11-30 15:12:00+00:00, run_after=2025-11-30 15:14:00+00:00
[2025-11-30T15:13:21.199+0000] {processor.py:183} INFO - Processing /opt/airflow/dags/prediction_dag.py took 0.233 seconds
[2025-11-30T15:13:51.650+0000] {processor.py:161} INFO - Started process (PID=46054) to work on /opt/airflow/dags/prediction_dag.py
[2025-11-30T15:13:51.652+0000] {processor.py:830} INFO - Processing file /opt/airflow/dags/prediction_dag.py for tasks to queue
[2025-11-30T15:13:51.654+0000] {logging_mixin.py:188} INFO - [2025-11-30T15:13:51.653+0000] {dagbag.py:540} INFO - Filling up the DagBag from /opt/airflow/dags/prediction_dag.py
[2025-11-30T15:13:51.708+0000] {processor.py:840} INFO - DAG(s) 'prediction_dag' retrieved from /opt/airflow/dags/prediction_dag.py
[2025-11-30T15:13:51.758+0000] {logging_mixin.py:188} INFO - [2025-11-30T15:13:51.758+0000] {dag.py:3047} INFO - Sync 1 DAGs
[2025-11-30T15:13:51.787+0000] {logging_mixin.py:188} INFO - [2025-11-30T15:13:51.787+0000] {dag.py:3834} INFO - Setting next_dagrun for prediction_dag to 2025-11-30 15:12:00+00:00, run_after=2025-11-30 15:14:00+00:00
[2025-11-30T15:13:51.802+0000] {processor.py:183} INFO - Processing /opt/airflow/dags/prediction_dag.py took 0.165 seconds
[2025-11-30T15:14:22.209+0000] {processor.py:161} INFO - Started process (PID=46140) to work on /opt/airflow/dags/prediction_dag.py
[2025-11-30T15:14:22.214+0000] {processor.py:830} INFO - Processing file /opt/airflow/dags/prediction_dag.py for tasks to queue
[2025-11-30T15:14:22.215+0000] {logging_mixin.py:188} INFO - [2025-11-30T15:14:22.215+0000] {dagbag.py:540} INFO - Filling up the DagBag from /opt/airflow/dags/prediction_dag.py
[2025-11-30T15:14:22.246+0000] {processor.py:840} INFO - DAG(s) 'prediction_dag' retrieved from /opt/airflow/dags/prediction_dag.py
[2025-11-30T15:14:22.298+0000] {logging_mixin.py:188} INFO - [2025-11-30T15:14:22.297+0000] {dag.py:3047} INFO - Sync 1 DAGs
[2025-11-30T15:14:22.324+0000] {logging_mixin.py:188} INFO - [2025-11-30T15:14:22.324+0000] {dag.py:3834} INFO - Setting next_dagrun for prediction_dag to 2025-11-30 15:14:00+00:00, run_after=2025-11-30 15:16:00+00:00
[2025-11-30T15:14:22.343+0000] {processor.py:183} INFO - Processing /opt/airflow/dags/prediction_dag.py took 0.148 seconds
[2025-11-30T15:14:52.640+0000] {processor.py:161} INFO - Started process (PID=46158) to work on /opt/airflow/dags/prediction_dag.py
[2025-11-30T15:14:52.642+0000] {processor.py:830} INFO - Processing file /opt/airflow/dags/prediction_dag.py for tasks to queue
[2025-11-30T15:14:52.646+0000] {logging_mixin.py:188} INFO - [2025-11-30T15:14:52.643+0000] {dagbag.py:540} INFO - Filling up the DagBag from /opt/airflow/dags/prediction_dag.py
[2025-11-30T15:14:52.676+0000] {processor.py:840} INFO - DAG(s) 'prediction_dag' retrieved from /opt/airflow/dags/prediction_dag.py
[2025-11-30T15:14:52.731+0000] {logging_mixin.py:188} INFO - [2025-11-30T15:14:52.730+0000] {dag.py:3047} INFO - Sync 1 DAGs
[2025-11-30T15:14:52.756+0000] {logging_mixin.py:188} INFO - [2025-11-30T15:14:52.755+0000] {dag.py:3834} INFO - Setting next_dagrun for prediction_dag to 2025-11-30 15:14:00+00:00, run_after=2025-11-30 15:16:00+00:00
[2025-11-30T15:14:52.777+0000] {processor.py:183} INFO - Processing /opt/airflow/dags/prediction_dag.py took 0.145 seconds
[2025-11-30T15:15:23.168+0000] {processor.py:161} INFO - Started process (PID=46238) to work on /opt/airflow/dags/prediction_dag.py
[2025-11-30T15:15:23.171+0000] {processor.py:830} INFO - Processing file /opt/airflow/dags/prediction_dag.py for tasks to queue
[2025-11-30T15:15:23.173+0000] {logging_mixin.py:188} INFO - [2025-11-30T15:15:23.172+0000] {dagbag.py:540} INFO - Filling up the DagBag from /opt/airflow/dags/prediction_dag.py
[2025-11-30T15:15:23.209+0000] {processor.py:840} INFO - DAG(s) 'prediction_dag' retrieved from /opt/airflow/dags/prediction_dag.py
[2025-11-30T15:15:23.265+0000] {logging_mixin.py:188} INFO - [2025-11-30T15:15:23.265+0000] {dag.py:3047} INFO - Sync 1 DAGs
[2025-11-30T15:15:23.294+0000] {logging_mixin.py:188} INFO - [2025-11-30T15:15:23.294+0000] {dag.py:3834} INFO - Setting next_dagrun for prediction_dag to 2025-11-30 15:14:00+00:00, run_after=2025-11-30 15:16:00+00:00
[2025-11-30T15:15:23.312+0000] {processor.py:183} INFO - Processing /opt/airflow/dags/prediction_dag.py took 0.160 seconds
[2025-11-30T15:15:53.592+0000] {processor.py:161} INFO - Started process (PID=46256) to work on /opt/airflow/dags/prediction_dag.py
[2025-11-30T15:15:53.596+0000] {processor.py:830} INFO - Processing file /opt/airflow/dags/prediction_dag.py for tasks to queue
[2025-11-30T15:15:53.598+0000] {logging_mixin.py:188} INFO - [2025-11-30T15:15:53.597+0000] {dagbag.py:540} INFO - Filling up the DagBag from /opt/airflow/dags/prediction_dag.py
[2025-11-30T15:15:53.637+0000] {processor.py:840} INFO - DAG(s) 'prediction_dag' retrieved from /opt/airflow/dags/prediction_dag.py
[2025-11-30T15:15:53.677+0000] {logging_mixin.py:188} INFO - [2025-11-30T15:15:53.677+0000] {dag.py:3047} INFO - Sync 1 DAGs
[2025-11-30T15:15:53.707+0000] {logging_mixin.py:188} INFO - [2025-11-30T15:15:53.706+0000] {dag.py:3834} INFO - Setting next_dagrun for prediction_dag to 2025-11-30 15:14:00+00:00, run_after=2025-11-30 15:16:00+00:00
[2025-11-30T15:15:53.721+0000] {processor.py:183} INFO - Processing /opt/airflow/dags/prediction_dag.py took 0.139 seconds
[2025-11-30T15:16:23.843+0000] {processor.py:161} INFO - Started process (PID=46342) to work on /opt/airflow/dags/prediction_dag.py
[2025-11-30T15:16:23.845+0000] {processor.py:830} INFO - Processing file /opt/airflow/dags/prediction_dag.py for tasks to queue
[2025-11-30T15:16:23.847+0000] {logging_mixin.py:188} INFO - [2025-11-30T15:16:23.847+0000] {dagbag.py:540} INFO - Filling up the DagBag from /opt/airflow/dags/prediction_dag.py
[2025-11-30T15:16:23.888+0000] {processor.py:840} INFO - DAG(s) 'prediction_dag' retrieved from /opt/airflow/dags/prediction_dag.py
[2025-11-30T15:16:23.941+0000] {logging_mixin.py:188} INFO - [2025-11-30T15:16:23.941+0000] {dag.py:3047} INFO - Sync 1 DAGs
[2025-11-30T15:16:23.965+0000] {logging_mixin.py:188} INFO - [2025-11-30T15:16:23.965+0000] {dag.py:3834} INFO - Setting next_dagrun for prediction_dag to 2025-11-30 15:16:00+00:00, run_after=2025-11-30 15:18:00+00:00
[2025-11-30T15:16:23.986+0000] {processor.py:183} INFO - Processing /opt/airflow/dags/prediction_dag.py took 0.153 seconds
[2025-11-30T15:16:54.266+0000] {processor.py:161} INFO - Started process (PID=46360) to work on /opt/airflow/dags/prediction_dag.py
[2025-11-30T15:16:54.269+0000] {processor.py:830} INFO - Processing file /opt/airflow/dags/prediction_dag.py for tasks to queue
[2025-11-30T15:16:54.271+0000] {logging_mixin.py:188} INFO - [2025-11-30T15:16:54.270+0000] {dagbag.py:540} INFO - Filling up the DagBag from /opt/airflow/dags/prediction_dag.py
[2025-11-30T15:16:54.305+0000] {processor.py:840} INFO - DAG(s) 'prediction_dag' retrieved from /opt/airflow/dags/prediction_dag.py
[2025-11-30T15:16:54.358+0000] {logging_mixin.py:188} INFO - [2025-11-30T15:16:54.358+0000] {dag.py:3047} INFO - Sync 1 DAGs
[2025-11-30T15:16:54.383+0000] {logging_mixin.py:188} INFO - [2025-11-30T15:16:54.383+0000] {dag.py:3834} INFO - Setting next_dagrun for prediction_dag to 2025-11-30 15:16:00+00:00, run_after=2025-11-30 15:18:00+00:00
[2025-11-30T15:16:54.404+0000] {processor.py:183} INFO - Processing /opt/airflow/dags/prediction_dag.py took 0.152 seconds
[2025-11-30T15:17:24.574+0000] {processor.py:161} INFO - Started process (PID=46440) to work on /opt/airflow/dags/prediction_dag.py
[2025-11-30T15:17:24.577+0000] {processor.py:830} INFO - Processing file /opt/airflow/dags/prediction_dag.py for tasks to queue
[2025-11-30T15:17:24.579+0000] {logging_mixin.py:188} INFO - [2025-11-30T15:17:24.578+0000] {dagbag.py:540} INFO - Filling up the DagBag from /opt/airflow/dags/prediction_dag.py
[2025-11-30T15:17:24.618+0000] {processor.py:840} INFO - DAG(s) 'prediction_dag' retrieved from /opt/airflow/dags/prediction_dag.py
[2025-11-30T15:17:24.666+0000] {logging_mixin.py:188} INFO - [2025-11-30T15:17:24.666+0000] {dag.py:3047} INFO - Sync 1 DAGs
[2025-11-30T15:17:24.689+0000] {logging_mixin.py:188} INFO - [2025-11-30T15:17:24.689+0000] {dag.py:3834} INFO - Setting next_dagrun for prediction_dag to 2025-11-30 15:16:00+00:00, run_after=2025-11-30 15:18:00+00:00
[2025-11-30T15:17:24.708+0000] {processor.py:183} INFO - Processing /opt/airflow/dags/prediction_dag.py took 0.151 seconds
[2025-11-30T15:17:55.211+0000] {processor.py:161} INFO - Started process (PID=46458) to work on /opt/airflow/dags/prediction_dag.py
[2025-11-30T15:17:55.214+0000] {processor.py:830} INFO - Processing file /opt/airflow/dags/prediction_dag.py for tasks to queue
[2025-11-30T15:17:55.215+0000] {logging_mixin.py:188} INFO - [2025-11-30T15:17:55.215+0000] {dagbag.py:540} INFO - Filling up the DagBag from /opt/airflow/dags/prediction_dag.py
[2025-11-30T15:17:55.249+0000] {processor.py:840} INFO - DAG(s) 'prediction_dag' retrieved from /opt/airflow/dags/prediction_dag.py
[2025-11-30T15:17:55.302+0000] {logging_mixin.py:188} INFO - [2025-11-30T15:17:55.302+0000] {dag.py:3047} INFO - Sync 1 DAGs
[2025-11-30T15:17:55.336+0000] {logging_mixin.py:188} INFO - [2025-11-30T15:17:55.336+0000] {dag.py:3834} INFO - Setting next_dagrun for prediction_dag to 2025-11-30 15:16:00+00:00, run_after=2025-11-30 15:18:00+00:00
[2025-11-30T15:17:55.353+0000] {processor.py:183} INFO - Processing /opt/airflow/dags/prediction_dag.py took 0.150 seconds
[2025-11-30T15:18:25.689+0000] {processor.py:161} INFO - Started process (PID=46544) to work on /opt/airflow/dags/prediction_dag.py
[2025-11-30T15:18:25.691+0000] {processor.py:830} INFO - Processing file /opt/airflow/dags/prediction_dag.py for tasks to queue
[2025-11-30T15:18:25.693+0000] {logging_mixin.py:188} INFO - [2025-11-30T15:18:25.692+0000] {dagbag.py:540} INFO - Filling up the DagBag from /opt/airflow/dags/prediction_dag.py
[2025-11-30T15:18:25.729+0000] {processor.py:840} INFO - DAG(s) 'prediction_dag' retrieved from /opt/airflow/dags/prediction_dag.py
[2025-11-30T15:18:25.785+0000] {logging_mixin.py:188} INFO - [2025-11-30T15:18:25.785+0000] {dag.py:3047} INFO - Sync 1 DAGs
[2025-11-30T15:18:25.817+0000] {logging_mixin.py:188} INFO - [2025-11-30T15:18:25.817+0000] {dag.py:3834} INFO - Setting next_dagrun for prediction_dag to 2025-11-30 15:18:00+00:00, run_after=2025-11-30 15:20:00+00:00
[2025-11-30T15:18:25.831+0000] {processor.py:183} INFO - Processing /opt/airflow/dags/prediction_dag.py took 0.157 seconds
[2025-11-30T15:18:55.992+0000] {processor.py:161} INFO - Started process (PID=46562) to work on /opt/airflow/dags/prediction_dag.py
[2025-11-30T15:18:55.995+0000] {processor.py:830} INFO - Processing file /opt/airflow/dags/prediction_dag.py for tasks to queue
[2025-11-30T15:18:55.996+0000] {logging_mixin.py:188} INFO - [2025-11-30T15:18:55.995+0000] {dagbag.py:540} INFO - Filling up the DagBag from /opt/airflow/dags/prediction_dag.py
[2025-11-30T15:18:56.025+0000] {processor.py:840} INFO - DAG(s) 'prediction_dag' retrieved from /opt/airflow/dags/prediction_dag.py
[2025-11-30T15:18:56.073+0000] {logging_mixin.py:188} INFO - [2025-11-30T15:18:56.073+0000] {dag.py:3047} INFO - Sync 1 DAGs
[2025-11-30T15:18:56.098+0000] {logging_mixin.py:188} INFO - [2025-11-30T15:18:56.098+0000] {dag.py:3834} INFO - Setting next_dagrun for prediction_dag to 2025-11-30 15:18:00+00:00, run_after=2025-11-30 15:20:00+00:00
[2025-11-30T15:18:56.111+0000] {processor.py:183} INFO - Processing /opt/airflow/dags/prediction_dag.py took 0.131 seconds
[2025-11-30T15:19:26.248+0000] {processor.py:161} INFO - Started process (PID=46642) to work on /opt/airflow/dags/prediction_dag.py
[2025-11-30T15:19:26.251+0000] {processor.py:830} INFO - Processing file /opt/airflow/dags/prediction_dag.py for tasks to queue
[2025-11-30T15:19:26.253+0000] {logging_mixin.py:188} INFO - [2025-11-30T15:19:26.251+0000] {dagbag.py:540} INFO - Filling up the DagBag from /opt/airflow/dags/prediction_dag.py
[2025-11-30T15:19:26.290+0000] {processor.py:840} INFO - DAG(s) 'prediction_dag' retrieved from /opt/airflow/dags/prediction_dag.py
[2025-11-30T15:19:26.336+0000] {logging_mixin.py:188} INFO - [2025-11-30T15:19:26.335+0000] {dag.py:3047} INFO - Sync 1 DAGs
[2025-11-30T15:19:26.361+0000] {logging_mixin.py:188} INFO - [2025-11-30T15:19:26.361+0000] {dag.py:3834} INFO - Setting next_dagrun for prediction_dag to 2025-11-30 15:18:00+00:00, run_after=2025-11-30 15:20:00+00:00
[2025-11-30T15:19:26.372+0000] {processor.py:183} INFO - Processing /opt/airflow/dags/prediction_dag.py took 0.134 seconds
[2025-11-30T15:19:56.778+0000] {processor.py:161} INFO - Started process (PID=46660) to work on /opt/airflow/dags/prediction_dag.py
[2025-11-30T15:19:56.780+0000] {processor.py:830} INFO - Processing file /opt/airflow/dags/prediction_dag.py for tasks to queue
[2025-11-30T15:19:56.781+0000] {logging_mixin.py:188} INFO - [2025-11-30T15:19:56.781+0000] {dagbag.py:540} INFO - Filling up the DagBag from /opt/airflow/dags/prediction_dag.py
[2025-11-30T15:19:56.817+0000] {processor.py:840} INFO - DAG(s) 'prediction_dag' retrieved from /opt/airflow/dags/prediction_dag.py
[2025-11-30T15:19:56.850+0000] {logging_mixin.py:188} INFO - [2025-11-30T15:19:56.850+0000] {dag.py:3047} INFO - Sync 1 DAGs
[2025-11-30T15:19:56.872+0000] {logging_mixin.py:188} INFO - [2025-11-30T15:19:56.871+0000] {dag.py:3834} INFO - Setting next_dagrun for prediction_dag to 2025-11-30 15:18:00+00:00, run_after=2025-11-30 15:20:00+00:00
[2025-11-30T15:19:56.885+0000] {processor.py:183} INFO - Processing /opt/airflow/dags/prediction_dag.py took 0.115 seconds
[2025-11-30T15:20:26.982+0000] {processor.py:161} INFO - Started process (PID=46746) to work on /opt/airflow/dags/prediction_dag.py
[2025-11-30T15:20:26.983+0000] {processor.py:830} INFO - Processing file /opt/airflow/dags/prediction_dag.py for tasks to queue
[2025-11-30T15:20:26.984+0000] {logging_mixin.py:188} INFO - [2025-11-30T15:20:26.984+0000] {dagbag.py:540} INFO - Filling up the DagBag from /opt/airflow/dags/prediction_dag.py
[2025-11-30T15:20:26.994+0000] {processor.py:840} INFO - DAG(s) 'prediction_dag' retrieved from /opt/airflow/dags/prediction_dag.py
[2025-11-30T15:20:27.013+0000] {logging_mixin.py:188} INFO - [2025-11-30T15:20:27.012+0000] {dag.py:3047} INFO - Sync 1 DAGs
[2025-11-30T15:20:27.032+0000] {logging_mixin.py:188} INFO - [2025-11-30T15:20:27.032+0000] {dag.py:3834} INFO - Setting next_dagrun for prediction_dag to 2025-11-30 15:20:00+00:00, run_after=2025-11-30 15:22:00+00:00
[2025-11-30T15:20:27.042+0000] {processor.py:183} INFO - Processing /opt/airflow/dags/prediction_dag.py took 0.063 seconds
[2025-11-30T15:20:57.481+0000] {processor.py:161} INFO - Started process (PID=46754) to work on /opt/airflow/dags/prediction_dag.py
[2025-11-30T15:20:57.483+0000] {processor.py:830} INFO - Processing file /opt/airflow/dags/prediction_dag.py for tasks to queue
[2025-11-30T15:20:57.484+0000] {logging_mixin.py:188} INFO - [2025-11-30T15:20:57.483+0000] {dagbag.py:540} INFO - Filling up the DagBag from /opt/airflow/dags/prediction_dag.py
[2025-11-30T15:20:57.520+0000] {processor.py:840} INFO - DAG(s) 'prediction_dag' retrieved from /opt/airflow/dags/prediction_dag.py
[2025-11-30T15:20:57.573+0000] {logging_mixin.py:188} INFO - [2025-11-30T15:20:57.572+0000] {dag.py:3047} INFO - Sync 1 DAGs
[2025-11-30T15:20:57.610+0000] {logging_mixin.py:188} INFO - [2025-11-30T15:20:57.610+0000] {dag.py:3834} INFO - Setting next_dagrun for prediction_dag to 2025-11-30 15:20:00+00:00, run_after=2025-11-30 15:22:00+00:00
[2025-11-30T15:20:57.632+0000] {processor.py:183} INFO - Processing /opt/airflow/dags/prediction_dag.py took 0.156 seconds
[2025-11-30T15:21:28.027+0000] {processor.py:161} INFO - Started process (PID=46831) to work on /opt/airflow/dags/prediction_dag.py
[2025-11-30T15:21:28.031+0000] {processor.py:830} INFO - Processing file /opt/airflow/dags/prediction_dag.py for tasks to queue
[2025-11-30T15:21:28.032+0000] {logging_mixin.py:188} INFO - [2025-11-30T15:21:28.031+0000] {dagbag.py:540} INFO - Filling up the DagBag from /opt/airflow/dags/prediction_dag.py
[2025-11-30T15:21:28.059+0000] {processor.py:840} INFO - DAG(s) 'prediction_dag' retrieved from /opt/airflow/dags/prediction_dag.py
[2025-11-30T15:21:28.100+0000] {logging_mixin.py:188} INFO - [2025-11-30T15:21:28.100+0000] {dag.py:3047} INFO - Sync 1 DAGs
[2025-11-30T15:21:28.126+0000] {logging_mixin.py:188} INFO - [2025-11-30T15:21:28.126+0000] {dag.py:3834} INFO - Setting next_dagrun for prediction_dag to 2025-11-30 15:20:00+00:00, run_after=2025-11-30 15:22:00+00:00
[2025-11-30T15:21:28.143+0000] {processor.py:183} INFO - Processing /opt/airflow/dags/prediction_dag.py took 0.131 seconds
[2025-11-30T15:21:58.242+0000] {processor.py:161} INFO - Started process (PID=46849) to work on /opt/airflow/dags/prediction_dag.py
[2025-11-30T15:21:58.247+0000] {processor.py:830} INFO - Processing file /opt/airflow/dags/prediction_dag.py for tasks to queue
[2025-11-30T15:21:58.248+0000] {logging_mixin.py:188} INFO - [2025-11-30T15:21:58.248+0000] {dagbag.py:540} INFO - Filling up the DagBag from /opt/airflow/dags/prediction_dag.py
[2025-11-30T15:21:58.298+0000] {processor.py:840} INFO - DAG(s) 'prediction_dag' retrieved from /opt/airflow/dags/prediction_dag.py
[2025-11-30T15:21:58.350+0000] {logging_mixin.py:188} INFO - [2025-11-30T15:21:58.350+0000] {dag.py:3047} INFO - Sync 1 DAGs
[2025-11-30T15:21:58.374+0000] {logging_mixin.py:188} INFO - [2025-11-30T15:21:58.374+0000] {dag.py:3834} INFO - Setting next_dagrun for prediction_dag to 2025-11-30 15:20:00+00:00, run_after=2025-11-30 15:22:00+00:00
[2025-11-30T15:21:58.395+0000] {processor.py:183} INFO - Processing /opt/airflow/dags/prediction_dag.py took 0.168 seconds
[2025-11-30T15:22:28.792+0000] {processor.py:161} INFO - Started process (PID=46935) to work on /opt/airflow/dags/prediction_dag.py
[2025-11-30T15:22:28.795+0000] {processor.py:830} INFO - Processing file /opt/airflow/dags/prediction_dag.py for tasks to queue
[2025-11-30T15:22:28.796+0000] {logging_mixin.py:188} INFO - [2025-11-30T15:22:28.795+0000] {dagbag.py:540} INFO - Filling up the DagBag from /opt/airflow/dags/prediction_dag.py
[2025-11-30T15:22:28.824+0000] {processor.py:840} INFO - DAG(s) 'prediction_dag' retrieved from /opt/airflow/dags/prediction_dag.py
[2025-11-30T15:22:28.867+0000] {logging_mixin.py:188} INFO - [2025-11-30T15:22:28.867+0000] {dag.py:3047} INFO - Sync 1 DAGs
[2025-11-30T15:22:28.894+0000] {logging_mixin.py:188} INFO - [2025-11-30T15:22:28.894+0000] {dag.py:3834} INFO - Setting next_dagrun for prediction_dag to 2025-11-30 15:22:00+00:00, run_after=2025-11-30 15:24:00+00:00
[2025-11-30T15:22:28.907+0000] {processor.py:183} INFO - Processing /opt/airflow/dags/prediction_dag.py took 0.130 seconds
[2025-11-30T15:22:59.288+0000] {processor.py:161} INFO - Started process (PID=46953) to work on /opt/airflow/dags/prediction_dag.py
[2025-11-30T15:22:59.291+0000] {processor.py:830} INFO - Processing file /opt/airflow/dags/prediction_dag.py for tasks to queue
[2025-11-30T15:22:59.292+0000] {logging_mixin.py:188} INFO - [2025-11-30T15:22:59.292+0000] {dagbag.py:540} INFO - Filling up the DagBag from /opt/airflow/dags/prediction_dag.py
[2025-11-30T15:22:59.328+0000] {processor.py:840} INFO - DAG(s) 'prediction_dag' retrieved from /opt/airflow/dags/prediction_dag.py
[2025-11-30T15:22:59.379+0000] {logging_mixin.py:188} INFO - [2025-11-30T15:22:59.378+0000] {dag.py:3047} INFO - Sync 1 DAGs
[2025-11-30T15:22:59.406+0000] {logging_mixin.py:188} INFO - [2025-11-30T15:22:59.405+0000] {dag.py:3834} INFO - Setting next_dagrun for prediction_dag to 2025-11-30 15:22:00+00:00, run_after=2025-11-30 15:24:00+00:00
[2025-11-30T15:22:59.421+0000] {processor.py:183} INFO - Processing /opt/airflow/dags/prediction_dag.py took 0.146 seconds
[2025-11-30T15:23:29.905+0000] {processor.py:161} INFO - Started process (PID=47033) to work on /opt/airflow/dags/prediction_dag.py
[2025-11-30T15:23:29.908+0000] {processor.py:830} INFO - Processing file /opt/airflow/dags/prediction_dag.py for tasks to queue
[2025-11-30T15:23:29.909+0000] {logging_mixin.py:188} INFO - [2025-11-30T15:23:29.909+0000] {dagbag.py:540} INFO - Filling up the DagBag from /opt/airflow/dags/prediction_dag.py
[2025-11-30T15:23:29.938+0000] {processor.py:840} INFO - DAG(s) 'prediction_dag' retrieved from /opt/airflow/dags/prediction_dag.py
[2025-11-30T15:23:29.981+0000] {logging_mixin.py:188} INFO - [2025-11-30T15:23:29.980+0000] {dag.py:3047} INFO - Sync 1 DAGs
[2025-11-30T15:23:30.005+0000] {logging_mixin.py:188} INFO - [2025-11-30T15:23:30.005+0000] {dag.py:3834} INFO - Setting next_dagrun for prediction_dag to 2025-11-30 15:22:00+00:00, run_after=2025-11-30 15:24:00+00:00
[2025-11-30T15:23:30.022+0000] {processor.py:183} INFO - Processing /opt/airflow/dags/prediction_dag.py took 0.124 seconds
[2025-11-30T15:24:00.141+0000] {processor.py:161} INFO - Started process (PID=47051) to work on /opt/airflow/dags/prediction_dag.py
[2025-11-30T15:24:00.143+0000] {processor.py:830} INFO - Processing file /opt/airflow/dags/prediction_dag.py for tasks to queue
[2025-11-30T15:24:00.145+0000] {logging_mixin.py:188} INFO - [2025-11-30T15:24:00.144+0000] {dagbag.py:540} INFO - Filling up the DagBag from /opt/airflow/dags/prediction_dag.py
[2025-11-30T15:24:00.179+0000] {processor.py:840} INFO - DAG(s) 'prediction_dag' retrieved from /opt/airflow/dags/prediction_dag.py
[2025-11-30T15:24:00.228+0000] {logging_mixin.py:188} INFO - [2025-11-30T15:24:00.227+0000] {dag.py:3047} INFO - Sync 1 DAGs
[2025-11-30T15:24:00.296+0000] {logging_mixin.py:188} INFO - [2025-11-30T15:24:00.296+0000] {dag.py:3834} INFO - Setting next_dagrun for prediction_dag to 2025-11-30 15:24:00+00:00, run_after=2025-11-30 15:26:00+00:00
[2025-11-30T15:24:00.322+0000] {processor.py:183} INFO - Processing /opt/airflow/dags/prediction_dag.py took 0.194 seconds
[2025-11-30T15:24:48.829+0000] {processor.py:161} INFO - Started process (PID=47142) to work on /opt/airflow/dags/prediction_dag.py
[2025-11-30T15:24:48.832+0000] {processor.py:830} INFO - Processing file /opt/airflow/dags/prediction_dag.py for tasks to queue
[2025-11-30T15:24:48.837+0000] {logging_mixin.py:188} INFO - [2025-11-30T15:24:48.834+0000] {dagbag.py:540} INFO - Filling up the DagBag from /opt/airflow/dags/prediction_dag.py
[2025-11-30T15:24:48.865+0000] {processor.py:840} INFO - DAG(s) 'prediction_dag' retrieved from /opt/airflow/dags/prediction_dag.py
[2025-11-30T15:24:48.912+0000] {logging_mixin.py:188} INFO - [2025-11-30T15:24:48.912+0000] {dag.py:3047} INFO - Sync 1 DAGs
[2025-11-30T15:24:48.944+0000] {logging_mixin.py:188} INFO - [2025-11-30T15:24:48.944+0000] {dag.py:3834} INFO - Setting next_dagrun for prediction_dag to 2025-11-30 15:24:00+00:00, run_after=2025-11-30 15:26:00+00:00
[2025-11-30T15:24:48.959+0000] {processor.py:183} INFO - Processing /opt/airflow/dags/prediction_dag.py took 0.137 seconds
[2025-11-30T15:25:19.383+0000] {processor.py:161} INFO - Started process (PID=47219) to work on /opt/airflow/dags/prediction_dag.py
[2025-11-30T15:25:19.386+0000] {processor.py:830} INFO - Processing file /opt/airflow/dags/prediction_dag.py for tasks to queue
[2025-11-30T15:25:19.387+0000] {logging_mixin.py:188} INFO - [2025-11-30T15:25:19.386+0000] {dagbag.py:540} INFO - Filling up the DagBag from /opt/airflow/dags/prediction_dag.py
[2025-11-30T15:25:19.422+0000] {processor.py:840} INFO - DAG(s) 'prediction_dag' retrieved from /opt/airflow/dags/prediction_dag.py
[2025-11-30T15:25:19.470+0000] {logging_mixin.py:188} INFO - [2025-11-30T15:25:19.469+0000] {dag.py:3047} INFO - Sync 1 DAGs
[2025-11-30T15:25:19.502+0000] {logging_mixin.py:188} INFO - [2025-11-30T15:25:19.502+0000] {dag.py:3834} INFO - Setting next_dagrun for prediction_dag to 2025-11-30 15:24:00+00:00, run_after=2025-11-30 15:26:00+00:00
[2025-11-30T15:25:19.521+0000] {processor.py:183} INFO - Processing /opt/airflow/dags/prediction_dag.py took 0.147 seconds
[2025-11-30T15:26:57.799+0000] {processor.py:161} INFO - Started process (PID=47240) to work on /opt/airflow/dags/prediction_dag.py
[2025-11-30T15:26:57.803+0000] {processor.py:830} INFO - Processing file /opt/airflow/dags/prediction_dag.py for tasks to queue
[2025-11-30T15:26:57.808+0000] {logging_mixin.py:188} INFO - [2025-11-30T15:26:57.806+0000] {dagbag.py:540} INFO - Filling up the DagBag from /opt/airflow/dags/prediction_dag.py
[2025-11-30T15:26:57.859+0000] {processor.py:840} INFO - DAG(s) 'prediction_dag' retrieved from /opt/airflow/dags/prediction_dag.py
[2025-11-30T15:26:57.923+0000] {logging_mixin.py:188} INFO - [2025-11-30T15:26:57.922+0000] {dag.py:3047} INFO - Sync 1 DAGs
[2025-11-30T15:26:57.964+0000] {logging_mixin.py:188} INFO - [2025-11-30T15:26:57.964+0000] {dag.py:3834} INFO - Setting next_dagrun for prediction_dag to 2025-11-30 15:24:00+00:00, run_after=2025-11-30 15:26:00+00:00
[2025-11-30T15:26:57.984+0000] {processor.py:183} INFO - Processing /opt/airflow/dags/prediction_dag.py took 0.204 seconds
[2025-11-30T15:27:28.909+0000] {processor.py:161} INFO - Started process (PID=47387) to work on /opt/airflow/dags/prediction_dag.py
[2025-11-30T15:27:28.914+0000] {processor.py:830} INFO - Processing file /opt/airflow/dags/prediction_dag.py for tasks to queue
[2025-11-30T15:27:28.915+0000] {logging_mixin.py:188} INFO - [2025-11-30T15:27:28.915+0000] {dagbag.py:540} INFO - Filling up the DagBag from /opt/airflow/dags/prediction_dag.py
[2025-11-30T15:27:28.948+0000] {processor.py:840} INFO - DAG(s) 'prediction_dag' retrieved from /opt/airflow/dags/prediction_dag.py
[2025-11-30T15:27:29.002+0000] {logging_mixin.py:188} INFO - [2025-11-30T15:27:29.001+0000] {dag.py:3047} INFO - Sync 1 DAGs
[2025-11-30T15:27:29.032+0000] {logging_mixin.py:188} INFO - [2025-11-30T15:27:29.032+0000] {dag.py:3834} INFO - Setting next_dagrun for prediction_dag to 2025-11-30 15:26:00+00:00, run_after=2025-11-30 15:28:00+00:00
[2025-11-30T15:27:29.046+0000] {processor.py:183} INFO - Processing /opt/airflow/dags/prediction_dag.py took 0.147 seconds
[2025-11-30T15:27:59.251+0000] {processor.py:161} INFO - Started process (PID=47405) to work on /opt/airflow/dags/prediction_dag.py
[2025-11-30T15:27:59.257+0000] {processor.py:830} INFO - Processing file /opt/airflow/dags/prediction_dag.py for tasks to queue
[2025-11-30T15:27:59.259+0000] {logging_mixin.py:188} INFO - [2025-11-30T15:27:59.258+0000] {dagbag.py:540} INFO - Filling up the DagBag from /opt/airflow/dags/prediction_dag.py
[2025-11-30T15:27:59.293+0000] {processor.py:840} INFO - DAG(s) 'prediction_dag' retrieved from /opt/airflow/dags/prediction_dag.py
[2025-11-30T15:27:59.346+0000] {logging_mixin.py:188} INFO - [2025-11-30T15:27:59.345+0000] {dag.py:3047} INFO - Sync 1 DAGs
[2025-11-30T15:27:59.371+0000] {logging_mixin.py:188} INFO - [2025-11-30T15:27:59.371+0000] {dag.py:3834} INFO - Setting next_dagrun for prediction_dag to 2025-11-30 15:26:00+00:00, run_after=2025-11-30 15:28:00+00:00
[2025-11-30T15:27:59.385+0000] {processor.py:183} INFO - Processing /opt/airflow/dags/prediction_dag.py took 0.145 seconds
[2025-11-30T15:28:30.471+0000] {processor.py:161} INFO - Started process (PID=47491) to work on /opt/airflow/dags/prediction_dag.py
[2025-11-30T15:28:30.473+0000] {processor.py:830} INFO - Processing file /opt/airflow/dags/prediction_dag.py for tasks to queue
[2025-11-30T15:28:30.475+0000] {logging_mixin.py:188} INFO - [2025-11-30T15:28:30.474+0000] {dagbag.py:540} INFO - Filling up the DagBag from /opt/airflow/dags/prediction_dag.py
[2025-11-30T15:28:30.511+0000] {processor.py:840} INFO - DAG(s) 'prediction_dag' retrieved from /opt/airflow/dags/prediction_dag.py
[2025-11-30T15:28:30.564+0000] {logging_mixin.py:188} INFO - [2025-11-30T15:28:30.563+0000] {dag.py:3047} INFO - Sync 1 DAGs
[2025-11-30T15:28:30.593+0000] {logging_mixin.py:188} INFO - [2025-11-30T15:28:30.593+0000] {dag.py:3834} INFO - Setting next_dagrun for prediction_dag to 2025-11-30 15:28:00+00:00, run_after=2025-11-30 15:30:00+00:00
[2025-11-30T15:28:30.613+0000] {processor.py:183} INFO - Processing /opt/airflow/dags/prediction_dag.py took 0.155 seconds
[2025-11-30T15:29:00.724+0000] {processor.py:161} INFO - Started process (PID=47509) to work on /opt/airflow/dags/prediction_dag.py
[2025-11-30T15:29:00.728+0000] {processor.py:830} INFO - Processing file /opt/airflow/dags/prediction_dag.py for tasks to queue
[2025-11-30T15:29:00.732+0000] {logging_mixin.py:188} INFO - [2025-11-30T15:29:00.731+0000] {dagbag.py:540} INFO - Filling up the DagBag from /opt/airflow/dags/prediction_dag.py
[2025-11-30T15:29:00.768+0000] {processor.py:840} INFO - DAG(s) 'prediction_dag' retrieved from /opt/airflow/dags/prediction_dag.py
[2025-11-30T15:29:00.828+0000] {logging_mixin.py:188} INFO - [2025-11-30T15:29:00.827+0000] {dag.py:3047} INFO - Sync 1 DAGs
[2025-11-30T15:29:00.864+0000] {logging_mixin.py:188} INFO - [2025-11-30T15:29:00.863+0000] {dag.py:3834} INFO - Setting next_dagrun for prediction_dag to 2025-11-30 15:28:00+00:00, run_after=2025-11-30 15:30:00+00:00
[2025-11-30T15:29:00.888+0000] {processor.py:183} INFO - Processing /opt/airflow/dags/prediction_dag.py took 0.176 seconds
[2025-11-30T15:29:31.306+0000] {processor.py:161} INFO - Started process (PID=47589) to work on /opt/airflow/dags/prediction_dag.py
[2025-11-30T15:29:31.309+0000] {processor.py:830} INFO - Processing file /opt/airflow/dags/prediction_dag.py for tasks to queue
[2025-11-30T15:29:31.310+0000] {logging_mixin.py:188} INFO - [2025-11-30T15:29:31.310+0000] {dagbag.py:540} INFO - Filling up the DagBag from /opt/airflow/dags/prediction_dag.py
[2025-11-30T15:29:31.340+0000] {processor.py:840} INFO - DAG(s) 'prediction_dag' retrieved from /opt/airflow/dags/prediction_dag.py
[2025-11-30T15:29:31.395+0000] {logging_mixin.py:188} INFO - [2025-11-30T15:29:31.394+0000] {dag.py:3047} INFO - Sync 1 DAGs
[2025-11-30T15:29:31.422+0000] {logging_mixin.py:188} INFO - [2025-11-30T15:29:31.422+0000] {dag.py:3834} INFO - Setting next_dagrun for prediction_dag to 2025-11-30 15:28:00+00:00, run_after=2025-11-30 15:30:00+00:00
[2025-11-30T15:29:31.436+0000] {processor.py:183} INFO - Processing /opt/airflow/dags/prediction_dag.py took 0.159 seconds
[2025-11-30T15:30:01.809+0000] {processor.py:161} INFO - Started process (PID=47612) to work on /opt/airflow/dags/prediction_dag.py
[2025-11-30T15:30:01.812+0000] {processor.py:830} INFO - Processing file /opt/airflow/dags/prediction_dag.py for tasks to queue
[2025-11-30T15:30:01.814+0000] {logging_mixin.py:188} INFO - [2025-11-30T15:30:01.813+0000] {dagbag.py:540} INFO - Filling up the DagBag from /opt/airflow/dags/prediction_dag.py
[2025-11-30T15:30:01.853+0000] {processor.py:840} INFO - DAG(s) 'prediction_dag' retrieved from /opt/airflow/dags/prediction_dag.py
[2025-11-30T15:30:01.902+0000] {logging_mixin.py:188} INFO - [2025-11-30T15:30:01.902+0000] {dag.py:3047} INFO - Sync 1 DAGs
[2025-11-30T15:30:01.973+0000] {logging_mixin.py:188} INFO - [2025-11-30T15:30:01.972+0000] {dag.py:3834} INFO - Setting next_dagrun for prediction_dag to 2025-11-30 15:30:00+00:00, run_after=2025-11-30 15:32:00+00:00
[2025-11-30T15:30:02.015+0000] {processor.py:183} INFO - Processing /opt/airflow/dags/prediction_dag.py took 0.217 seconds
[2025-11-30T15:30:32.338+0000] {processor.py:161} INFO - Started process (PID=47693) to work on /opt/airflow/dags/prediction_dag.py
[2025-11-30T15:30:32.341+0000] {processor.py:830} INFO - Processing file /opt/airflow/dags/prediction_dag.py for tasks to queue
[2025-11-30T15:30:32.342+0000] {logging_mixin.py:188} INFO - [2025-11-30T15:30:32.342+0000] {dagbag.py:540} INFO - Filling up the DagBag from /opt/airflow/dags/prediction_dag.py
[2025-11-30T15:30:32.389+0000] {processor.py:840} INFO - DAG(s) 'prediction_dag' retrieved from /opt/airflow/dags/prediction_dag.py
[2025-11-30T15:30:32.454+0000] {logging_mixin.py:188} INFO - [2025-11-30T15:30:32.454+0000] {dag.py:3047} INFO - Sync 1 DAGs
[2025-11-30T15:30:32.487+0000] {logging_mixin.py:188} INFO - [2025-11-30T15:30:32.487+0000] {dag.py:3834} INFO - Setting next_dagrun for prediction_dag to 2025-11-30 15:30:00+00:00, run_after=2025-11-30 15:32:00+00:00
[2025-11-30T15:30:32.502+0000] {processor.py:183} INFO - Processing /opt/airflow/dags/prediction_dag.py took 0.177 seconds
[2025-11-30T15:31:02.877+0000] {processor.py:161} INFO - Started process (PID=47721) to work on /opt/airflow/dags/prediction_dag.py
[2025-11-30T15:31:02.879+0000] {processor.py:830} INFO - Processing file /opt/airflow/dags/prediction_dag.py for tasks to queue
[2025-11-30T15:31:02.880+0000] {logging_mixin.py:188} INFO - [2025-11-30T15:31:02.879+0000] {dagbag.py:540} INFO - Filling up the DagBag from /opt/airflow/dags/prediction_dag.py
[2025-11-30T15:31:02.897+0000] {processor.py:840} INFO - DAG(s) 'prediction_dag' retrieved from /opt/airflow/dags/prediction_dag.py
[2025-11-30T15:31:02.927+0000] {logging_mixin.py:188} INFO - [2025-11-30T15:31:02.927+0000] {dag.py:3047} INFO - Sync 1 DAGs
[2025-11-30T15:31:02.946+0000] {logging_mixin.py:188} INFO - [2025-11-30T15:31:02.945+0000] {dag.py:3834} INFO - Setting next_dagrun for prediction_dag to 2025-11-30 15:30:00+00:00, run_after=2025-11-30 15:32:00+00:00
[2025-11-30T15:31:02.959+0000] {processor.py:183} INFO - Processing /opt/airflow/dags/prediction_dag.py took 0.090 seconds
[2025-11-30T15:31:33.061+0000] {processor.py:161} INFO - Started process (PID=47791) to work on /opt/airflow/dags/prediction_dag.py
[2025-11-30T15:31:33.064+0000] {processor.py:830} INFO - Processing file /opt/airflow/dags/prediction_dag.py for tasks to queue
[2025-11-30T15:31:33.068+0000] {logging_mixin.py:188} INFO - [2025-11-30T15:31:33.066+0000] {dagbag.py:540} INFO - Filling up the DagBag from /opt/airflow/dags/prediction_dag.py
[2025-11-30T15:31:33.099+0000] {processor.py:840} INFO - DAG(s) 'prediction_dag' retrieved from /opt/airflow/dags/prediction_dag.py
[2025-11-30T15:31:33.141+0000] {logging_mixin.py:188} INFO - [2025-11-30T15:31:33.141+0000] {dag.py:3047} INFO - Sync 1 DAGs
[2025-11-30T15:31:33.170+0000] {logging_mixin.py:188} INFO - [2025-11-30T15:31:33.170+0000] {dag.py:3834} INFO - Setting next_dagrun for prediction_dag to 2025-11-30 15:30:00+00:00, run_after=2025-11-30 15:32:00+00:00
[2025-11-30T15:31:33.183+0000] {processor.py:183} INFO - Processing /opt/airflow/dags/prediction_dag.py took 0.140 seconds
[2025-11-30T15:32:03.524+0000] {processor.py:161} INFO - Started process (PID=47825) to work on /opt/airflow/dags/prediction_dag.py
[2025-11-30T15:32:03.525+0000] {processor.py:830} INFO - Processing file /opt/airflow/dags/prediction_dag.py for tasks to queue
[2025-11-30T15:32:03.528+0000] {logging_mixin.py:188} INFO - [2025-11-30T15:32:03.527+0000] {dagbag.py:540} INFO - Filling up the DagBag from /opt/airflow/dags/prediction_dag.py
[2025-11-30T15:32:03.550+0000] {processor.py:840} INFO - DAG(s) 'prediction_dag' retrieved from /opt/airflow/dags/prediction_dag.py
[2025-11-30T15:32:03.588+0000] {logging_mixin.py:188} INFO - [2025-11-30T15:32:03.588+0000] {dag.py:3047} INFO - Sync 1 DAGs
[2025-11-30T15:32:03.615+0000] {logging_mixin.py:188} INFO - [2025-11-30T15:32:03.615+0000] {dag.py:3834} INFO - Setting next_dagrun for prediction_dag to 2025-11-30 15:32:00+00:00, run_after=2025-11-30 15:34:00+00:00
[2025-11-30T15:32:03.631+0000] {processor.py:183} INFO - Processing /opt/airflow/dags/prediction_dag.py took 0.118 seconds
[2025-11-30T15:32:34.050+0000] {processor.py:161} INFO - Started process (PID=47893) to work on /opt/airflow/dags/prediction_dag.py
[2025-11-30T15:32:34.053+0000] {processor.py:830} INFO - Processing file /opt/airflow/dags/prediction_dag.py for tasks to queue
[2025-11-30T15:32:34.059+0000] {logging_mixin.py:188} INFO - [2025-11-30T15:32:34.055+0000] {dagbag.py:540} INFO - Filling up the DagBag from /opt/airflow/dags/prediction_dag.py
[2025-11-30T15:32:34.089+0000] {processor.py:840} INFO - DAG(s) 'prediction_dag' retrieved from /opt/airflow/dags/prediction_dag.py
[2025-11-30T15:32:34.206+0000] {logging_mixin.py:188} INFO - [2025-11-30T15:32:34.206+0000] {dag.py:3047} INFO - Sync 1 DAGs
[2025-11-30T15:32:34.235+0000] {logging_mixin.py:188} INFO - [2025-11-30T15:32:34.235+0000] {dag.py:3834} INFO - Setting next_dagrun for prediction_dag to 2025-11-30 15:32:00+00:00, run_after=2025-11-30 15:34:00+00:00
[2025-11-30T15:32:34.253+0000] {processor.py:183} INFO - Processing /opt/airflow/dags/prediction_dag.py took 0.217 seconds
[2025-11-30T15:33:04.649+0000] {processor.py:161} INFO - Started process (PID=47914) to work on /opt/airflow/dags/prediction_dag.py
[2025-11-30T15:33:04.653+0000] {processor.py:830} INFO - Processing file /opt/airflow/dags/prediction_dag.py for tasks to queue
[2025-11-30T15:33:04.655+0000] {logging_mixin.py:188} INFO - [2025-11-30T15:33:04.655+0000] {dagbag.py:540} INFO - Filling up the DagBag from /opt/airflow/dags/prediction_dag.py
[2025-11-30T15:33:04.690+0000] {processor.py:840} INFO - DAG(s) 'prediction_dag' retrieved from /opt/airflow/dags/prediction_dag.py
[2025-11-30T15:33:04.742+0000] {logging_mixin.py:188} INFO - [2025-11-30T15:33:04.742+0000] {dag.py:3047} INFO - Sync 1 DAGs
[2025-11-30T15:33:04.773+0000] {logging_mixin.py:188} INFO - [2025-11-30T15:33:04.773+0000] {dag.py:3834} INFO - Setting next_dagrun for prediction_dag to 2025-11-30 15:32:00+00:00, run_after=2025-11-30 15:34:00+00:00
[2025-11-30T15:33:04.794+0000] {processor.py:183} INFO - Processing /opt/airflow/dags/prediction_dag.py took 0.154 seconds
[2025-11-30T15:33:35.316+0000] {processor.py:161} INFO - Started process (PID=47980) to work on /opt/airflow/dags/prediction_dag.py
[2025-11-30T15:33:35.319+0000] {processor.py:830} INFO - Processing file /opt/airflow/dags/prediction_dag.py for tasks to queue
[2025-11-30T15:33:35.322+0000] {logging_mixin.py:188} INFO - [2025-11-30T15:33:35.321+0000] {dagbag.py:540} INFO - Filling up the DagBag from /opt/airflow/dags/prediction_dag.py
[2025-11-30T15:33:35.365+0000] {processor.py:840} INFO - DAG(s) 'prediction_dag' retrieved from /opt/airflow/dags/prediction_dag.py
[2025-11-30T15:33:35.463+0000] {logging_mixin.py:188} INFO - [2025-11-30T15:33:35.463+0000] {dag.py:3047} INFO - Sync 1 DAGs
[2025-11-30T15:33:35.497+0000] {logging_mixin.py:188} INFO - [2025-11-30T15:33:35.497+0000] {dag.py:3834} INFO - Setting next_dagrun for prediction_dag to 2025-11-30 15:32:00+00:00, run_after=2025-11-30 15:34:00+00:00
[2025-11-30T15:33:35.519+0000] {processor.py:183} INFO - Processing /opt/airflow/dags/prediction_dag.py took 0.217 seconds
[2025-11-30T15:34:05.632+0000] {processor.py:161} INFO - Started process (PID=48015) to work on /opt/airflow/dags/prediction_dag.py
[2025-11-30T15:34:05.634+0000] {processor.py:830} INFO - Processing file /opt/airflow/dags/prediction_dag.py for tasks to queue
[2025-11-30T15:34:05.635+0000] {logging_mixin.py:188} INFO - [2025-11-30T15:34:05.634+0000] {dagbag.py:540} INFO - Filling up the DagBag from /opt/airflow/dags/prediction_dag.py
[2025-11-30T15:34:05.656+0000] {processor.py:840} INFO - DAG(s) 'prediction_dag' retrieved from /opt/airflow/dags/prediction_dag.py
[2025-11-30T15:34:05.700+0000] {logging_mixin.py:188} INFO - [2025-11-30T15:34:05.700+0000] {dag.py:3047} INFO - Sync 1 DAGs
[2025-11-30T15:34:05.729+0000] {logging_mixin.py:188} INFO - [2025-11-30T15:34:05.729+0000] {dag.py:3834} INFO - Setting next_dagrun for prediction_dag to 2025-11-30 15:34:00+00:00, run_after=2025-11-30 15:36:00+00:00
[2025-11-30T15:34:05.748+0000] {processor.py:183} INFO - Processing /opt/airflow/dags/prediction_dag.py took 0.126 seconds
[2025-11-30T15:34:35.939+0000] {processor.py:161} INFO - Started process (PID=48084) to work on /opt/airflow/dags/prediction_dag.py
[2025-11-30T15:34:35.941+0000] {processor.py:830} INFO - Processing file /opt/airflow/dags/prediction_dag.py for tasks to queue
[2025-11-30T15:34:35.942+0000] {logging_mixin.py:188} INFO - [2025-11-30T15:34:35.942+0000] {dagbag.py:540} INFO - Filling up the DagBag from /opt/airflow/dags/prediction_dag.py
[2025-11-30T15:34:35.974+0000] {processor.py:840} INFO - DAG(s) 'prediction_dag' retrieved from /opt/airflow/dags/prediction_dag.py
[2025-11-30T15:34:36.017+0000] {logging_mixin.py:188} INFO - [2025-11-30T15:34:36.017+0000] {dag.py:3047} INFO - Sync 1 DAGs
[2025-11-30T15:34:36.048+0000] {logging_mixin.py:188} INFO - [2025-11-30T15:34:36.048+0000] {dag.py:3834} INFO - Setting next_dagrun for prediction_dag to 2025-11-30 15:34:00+00:00, run_after=2025-11-30 15:36:00+00:00
[2025-11-30T15:34:36.062+0000] {processor.py:183} INFO - Processing /opt/airflow/dags/prediction_dag.py took 0.135 seconds
[2025-11-30T15:35:06.740+0000] {processor.py:161} INFO - Started process (PID=48121) to work on /opt/airflow/dags/prediction_dag.py
[2025-11-30T15:35:06.742+0000] {processor.py:830} INFO - Processing file /opt/airflow/dags/prediction_dag.py for tasks to queue
[2025-11-30T15:35:06.743+0000] {logging_mixin.py:188} INFO - [2025-11-30T15:35:06.743+0000] {dagbag.py:540} INFO - Filling up the DagBag from /opt/airflow/dags/prediction_dag.py
[2025-11-30T15:35:06.773+0000] {processor.py:840} INFO - DAG(s) 'prediction_dag' retrieved from /opt/airflow/dags/prediction_dag.py
[2025-11-30T15:35:06.821+0000] {logging_mixin.py:188} INFO - [2025-11-30T15:35:06.821+0000] {dag.py:3047} INFO - Sync 1 DAGs
[2025-11-30T15:35:06.847+0000] {logging_mixin.py:188} INFO - [2025-11-30T15:35:06.847+0000] {dag.py:3834} INFO - Setting next_dagrun for prediction_dag to 2025-11-30 15:34:00+00:00, run_after=2025-11-30 15:36:00+00:00
[2025-11-30T15:35:06.863+0000] {processor.py:183} INFO - Processing /opt/airflow/dags/prediction_dag.py took 0.131 seconds
[2025-11-30T15:35:37.130+0000] {processor.py:161} INFO - Started process (PID=48182) to work on /opt/airflow/dags/prediction_dag.py
[2025-11-30T15:35:37.132+0000] {processor.py:830} INFO - Processing file /opt/airflow/dags/prediction_dag.py for tasks to queue
[2025-11-30T15:35:37.133+0000] {logging_mixin.py:188} INFO - [2025-11-30T15:35:37.133+0000] {dagbag.py:540} INFO - Filling up the DagBag from /opt/airflow/dags/prediction_dag.py
[2025-11-30T15:35:37.173+0000] {processor.py:840} INFO - DAG(s) 'prediction_dag' retrieved from /opt/airflow/dags/prediction_dag.py
[2025-11-30T15:35:37.231+0000] {logging_mixin.py:188} INFO - [2025-11-30T15:35:37.231+0000] {dag.py:3047} INFO - Sync 1 DAGs
[2025-11-30T15:35:37.262+0000] {logging_mixin.py:188} INFO - [2025-11-30T15:35:37.262+0000] {dag.py:3834} INFO - Setting next_dagrun for prediction_dag to 2025-11-30 15:34:00+00:00, run_after=2025-11-30 15:36:00+00:00
[2025-11-30T15:35:37.275+0000] {processor.py:183} INFO - Processing /opt/airflow/dags/prediction_dag.py took 0.156 seconds
[2025-11-30T15:36:08.140+0000] {processor.py:161} INFO - Started process (PID=48226) to work on /opt/airflow/dags/prediction_dag.py
[2025-11-30T15:36:08.142+0000] {processor.py:830} INFO - Processing file /opt/airflow/dags/prediction_dag.py for tasks to queue
[2025-11-30T15:36:08.143+0000] {logging_mixin.py:188} INFO - [2025-11-30T15:36:08.142+0000] {dagbag.py:540} INFO - Filling up the DagBag from /opt/airflow/dags/prediction_dag.py
[2025-11-30T15:36:08.158+0000] {processor.py:840} INFO - DAG(s) 'prediction_dag' retrieved from /opt/airflow/dags/prediction_dag.py
[2025-11-30T15:36:08.184+0000] {logging_mixin.py:188} INFO - [2025-11-30T15:36:08.184+0000] {dag.py:3047} INFO - Sync 1 DAGs
[2025-11-30T15:36:08.200+0000] {logging_mixin.py:188} INFO - [2025-11-30T15:36:08.200+0000] {dag.py:3834} INFO - Setting next_dagrun for prediction_dag to 2025-11-30 15:36:00+00:00, run_after=2025-11-30 15:38:00+00:00
[2025-11-30T15:36:08.213+0000] {processor.py:183} INFO - Processing /opt/airflow/dags/prediction_dag.py took 0.079 seconds
[2025-11-30T15:36:38.456+0000] {processor.py:161} INFO - Started process (PID=48286) to work on /opt/airflow/dags/prediction_dag.py
[2025-11-30T15:36:38.458+0000] {processor.py:830} INFO - Processing file /opt/airflow/dags/prediction_dag.py for tasks to queue
[2025-11-30T15:36:38.460+0000] {logging_mixin.py:188} INFO - [2025-11-30T15:36:38.459+0000] {dagbag.py:540} INFO - Filling up the DagBag from /opt/airflow/dags/prediction_dag.py
[2025-11-30T15:36:38.494+0000] {processor.py:840} INFO - DAG(s) 'prediction_dag' retrieved from /opt/airflow/dags/prediction_dag.py
[2025-11-30T15:36:38.539+0000] {logging_mixin.py:188} INFO - [2025-11-30T15:36:38.539+0000] {dag.py:3047} INFO - Sync 1 DAGs
[2025-11-30T15:36:38.570+0000] {logging_mixin.py:188} INFO - [2025-11-30T15:36:38.570+0000] {dag.py:3834} INFO - Setting next_dagrun for prediction_dag to 2025-11-30 15:36:00+00:00, run_after=2025-11-30 15:38:00+00:00
[2025-11-30T15:36:38.584+0000] {processor.py:183} INFO - Processing /opt/airflow/dags/prediction_dag.py took 0.137 seconds
[2025-11-30T15:37:09.282+0000] {processor.py:161} INFO - Started process (PID=48326) to work on /opt/airflow/dags/prediction_dag.py
[2025-11-30T15:37:09.284+0000] {processor.py:830} INFO - Processing file /opt/airflow/dags/prediction_dag.py for tasks to queue
[2025-11-30T15:37:09.286+0000] {logging_mixin.py:188} INFO - [2025-11-30T15:37:09.286+0000] {dagbag.py:540} INFO - Filling up the DagBag from /opt/airflow/dags/prediction_dag.py
[2025-11-30T15:37:09.304+0000] {processor.py:840} INFO - DAG(s) 'prediction_dag' retrieved from /opt/airflow/dags/prediction_dag.py
[2025-11-30T15:37:09.342+0000] {logging_mixin.py:188} INFO - [2025-11-30T15:37:09.341+0000] {dag.py:3047} INFO - Sync 1 DAGs
[2025-11-30T15:37:09.365+0000] {logging_mixin.py:188} INFO - [2025-11-30T15:37:09.365+0000] {dag.py:3834} INFO - Setting next_dagrun for prediction_dag to 2025-11-30 15:36:00+00:00, run_after=2025-11-30 15:38:00+00:00
[2025-11-30T15:37:09.377+0000] {processor.py:183} INFO - Processing /opt/airflow/dags/prediction_dag.py took 0.100 seconds
[2025-11-30T15:37:39.842+0000] {processor.py:161} INFO - Started process (PID=48384) to work on /opt/airflow/dags/prediction_dag.py
[2025-11-30T15:37:39.843+0000] {processor.py:830} INFO - Processing file /opt/airflow/dags/prediction_dag.py for tasks to queue
[2025-11-30T15:37:39.845+0000] {logging_mixin.py:188} INFO - [2025-11-30T15:37:39.844+0000] {dagbag.py:540} INFO - Filling up the DagBag from /opt/airflow/dags/prediction_dag.py
[2025-11-30T15:37:39.870+0000] {processor.py:840} INFO - DAG(s) 'prediction_dag' retrieved from /opt/airflow/dags/prediction_dag.py
[2025-11-30T15:37:39.926+0000] {logging_mixin.py:188} INFO - [2025-11-30T15:37:39.925+0000] {dag.py:3047} INFO - Sync 1 DAGs
[2025-11-30T15:37:39.950+0000] {logging_mixin.py:188} INFO - [2025-11-30T15:37:39.950+0000] {dag.py:3834} INFO - Setting next_dagrun for prediction_dag to 2025-11-30 15:36:00+00:00, run_after=2025-11-30 15:38:00+00:00
[2025-11-30T15:37:39.967+0000] {processor.py:183} INFO - Processing /opt/airflow/dags/prediction_dag.py took 0.131 seconds
[2025-11-30T15:38:10.302+0000] {processor.py:161} INFO - Started process (PID=48446) to work on /opt/airflow/dags/prediction_dag.py
[2025-11-30T15:38:10.311+0000] {processor.py:830} INFO - Processing file /opt/airflow/dags/prediction_dag.py for tasks to queue
[2025-11-30T15:38:10.313+0000] {logging_mixin.py:188} INFO - [2025-11-30T15:38:10.313+0000] {dagbag.py:540} INFO - Filling up the DagBag from /opt/airflow/dags/prediction_dag.py
[2025-11-30T15:38:10.371+0000] {processor.py:840} INFO - DAG(s) 'prediction_dag' retrieved from /opt/airflow/dags/prediction_dag.py
[2025-11-30T15:38:10.488+0000] {logging_mixin.py:188} INFO - [2025-11-30T15:38:10.488+0000] {dag.py:3047} INFO - Sync 1 DAGs
[2025-11-30T15:38:10.536+0000] {logging_mixin.py:188} INFO - [2025-11-30T15:38:10.536+0000] {dag.py:3834} INFO - Setting next_dagrun for prediction_dag to 2025-11-30 15:38:00+00:00, run_after=2025-11-30 15:40:00+00:00
[2025-11-30T15:38:10.584+0000] {processor.py:183} INFO - Processing /opt/airflow/dags/prediction_dag.py took 0.290 seconds
[2025-11-30T15:38:41.009+0000] {processor.py:161} INFO - Started process (PID=48486) to work on /opt/airflow/dags/prediction_dag.py
[2025-11-30T15:38:41.011+0000] {processor.py:830} INFO - Processing file /opt/airflow/dags/prediction_dag.py for tasks to queue
[2025-11-30T15:38:41.012+0000] {logging_mixin.py:188} INFO - [2025-11-30T15:38:41.012+0000] {dagbag.py:540} INFO - Filling up the DagBag from /opt/airflow/dags/prediction_dag.py
[2025-11-30T15:38:41.031+0000] {processor.py:840} INFO - DAG(s) 'prediction_dag' retrieved from /opt/airflow/dags/prediction_dag.py
[2025-11-30T15:38:41.063+0000] {logging_mixin.py:188} INFO - [2025-11-30T15:38:41.063+0000] {dag.py:3047} INFO - Sync 1 DAGs
[2025-11-30T15:38:41.087+0000] {logging_mixin.py:188} INFO - [2025-11-30T15:38:41.087+0000] {dag.py:3834} INFO - Setting next_dagrun for prediction_dag to 2025-11-30 15:38:00+00:00, run_after=2025-11-30 15:40:00+00:00
[2025-11-30T15:38:41.108+0000] {processor.py:183} INFO - Processing /opt/airflow/dags/prediction_dag.py took 0.102 seconds
[2025-11-30T15:39:11.583+0000] {processor.py:161} INFO - Started process (PID=48555) to work on /opt/airflow/dags/prediction_dag.py
[2025-11-30T15:39:11.585+0000] {processor.py:830} INFO - Processing file /opt/airflow/dags/prediction_dag.py for tasks to queue
[2025-11-30T15:39:11.587+0000] {logging_mixin.py:188} INFO - [2025-11-30T15:39:11.587+0000] {dagbag.py:540} INFO - Filling up the DagBag from /opt/airflow/dags/prediction_dag.py
[2025-11-30T15:39:11.626+0000] {processor.py:840} INFO - DAG(s) 'prediction_dag' retrieved from /opt/airflow/dags/prediction_dag.py
[2025-11-30T15:39:11.713+0000] {logging_mixin.py:188} INFO - [2025-11-30T15:39:11.712+0000] {dag.py:3047} INFO - Sync 1 DAGs
[2025-11-30T15:39:11.790+0000] {logging_mixin.py:188} INFO - [2025-11-30T15:39:11.789+0000] {dag.py:3834} INFO - Setting next_dagrun for prediction_dag to 2025-11-30 15:38:00+00:00, run_after=2025-11-30 15:40:00+00:00
[2025-11-30T15:39:11.884+0000] {processor.py:183} INFO - Processing /opt/airflow/dags/prediction_dag.py took 0.307 seconds
[2025-11-30T15:39:42.321+0000] {processor.py:161} INFO - Started process (PID=48573) to work on /opt/airflow/dags/prediction_dag.py
[2025-11-30T15:39:42.325+0000] {processor.py:830} INFO - Processing file /opt/airflow/dags/prediction_dag.py for tasks to queue
[2025-11-30T15:39:42.327+0000] {logging_mixin.py:188} INFO - [2025-11-30T15:39:42.326+0000] {dagbag.py:540} INFO - Filling up the DagBag from /opt/airflow/dags/prediction_dag.py
[2025-11-30T15:39:42.369+0000] {processor.py:840} INFO - DAG(s) 'prediction_dag' retrieved from /opt/airflow/dags/prediction_dag.py
[2025-11-30T15:39:42.415+0000] {logging_mixin.py:188} INFO - [2025-11-30T15:39:42.415+0000] {dag.py:3047} INFO - Sync 1 DAGs
[2025-11-30T15:39:42.442+0000] {logging_mixin.py:188} INFO - [2025-11-30T15:39:42.441+0000] {dag.py:3834} INFO - Setting next_dagrun for prediction_dag to 2025-11-30 15:38:00+00:00, run_after=2025-11-30 15:40:00+00:00
[2025-11-30T15:39:42.454+0000] {processor.py:183} INFO - Processing /opt/airflow/dags/prediction_dag.py took 0.144 seconds
[2025-11-30T15:40:12.747+0000] {processor.py:161} INFO - Started process (PID=48659) to work on /opt/airflow/dags/prediction_dag.py
[2025-11-30T15:40:12.752+0000] {processor.py:830} INFO - Processing file /opt/airflow/dags/prediction_dag.py for tasks to queue
[2025-11-30T15:40:12.758+0000] {logging_mixin.py:188} INFO - [2025-11-30T15:40:12.756+0000] {dagbag.py:540} INFO - Filling up the DagBag from /opt/airflow/dags/prediction_dag.py
[2025-11-30T15:40:12.837+0000] {processor.py:840} INFO - DAG(s) 'prediction_dag' retrieved from /opt/airflow/dags/prediction_dag.py
[2025-11-30T15:40:12.902+0000] {logging_mixin.py:188} INFO - [2025-11-30T15:40:12.901+0000] {dag.py:3047} INFO - Sync 1 DAGs
[2025-11-30T15:40:12.926+0000] {logging_mixin.py:188} INFO - [2025-11-30T15:40:12.926+0000] {dag.py:3834} INFO - Setting next_dagrun for prediction_dag to 2025-11-30 15:40:00+00:00, run_after=2025-11-30 15:42:00+00:00
[2025-11-30T15:40:12.946+0000] {processor.py:183} INFO - Processing /opt/airflow/dags/prediction_dag.py took 0.205 seconds
[2025-11-30T15:40:43.289+0000] {processor.py:161} INFO - Started process (PID=48677) to work on /opt/airflow/dags/prediction_dag.py
[2025-11-30T15:40:43.291+0000] {processor.py:830} INFO - Processing file /opt/airflow/dags/prediction_dag.py for tasks to queue
[2025-11-30T15:40:43.292+0000] {logging_mixin.py:188} INFO - [2025-11-30T15:40:43.292+0000] {dagbag.py:540} INFO - Filling up the DagBag from /opt/airflow/dags/prediction_dag.py
[2025-11-30T15:40:43.320+0000] {processor.py:840} INFO - DAG(s) 'prediction_dag' retrieved from /opt/airflow/dags/prediction_dag.py
[2025-11-30T15:40:43.370+0000] {logging_mixin.py:188} INFO - [2025-11-30T15:40:43.369+0000] {dag.py:3047} INFO - Sync 1 DAGs
[2025-11-30T15:40:43.399+0000] {logging_mixin.py:188} INFO - [2025-11-30T15:40:43.399+0000] {dag.py:3834} INFO - Setting next_dagrun for prediction_dag to 2025-11-30 15:40:00+00:00, run_after=2025-11-30 15:42:00+00:00
[2025-11-30T15:40:43.412+0000] {processor.py:183} INFO - Processing /opt/airflow/dags/prediction_dag.py took 0.135 seconds
[2025-11-30T15:41:13.767+0000] {processor.py:161} INFO - Started process (PID=48757) to work on /opt/airflow/dags/prediction_dag.py
[2025-11-30T15:41:13.770+0000] {processor.py:830} INFO - Processing file /opt/airflow/dags/prediction_dag.py for tasks to queue
[2025-11-30T15:41:13.772+0000] {logging_mixin.py:188} INFO - [2025-11-30T15:41:13.771+0000] {dagbag.py:540} INFO - Filling up the DagBag from /opt/airflow/dags/prediction_dag.py
[2025-11-30T15:41:13.815+0000] {processor.py:840} INFO - DAG(s) 'prediction_dag' retrieved from /opt/airflow/dags/prediction_dag.py
[2025-11-30T15:41:13.861+0000] {logging_mixin.py:188} INFO - [2025-11-30T15:41:13.861+0000] {dag.py:3047} INFO - Sync 1 DAGs
[2025-11-30T15:41:13.886+0000] {logging_mixin.py:188} INFO - [2025-11-30T15:41:13.886+0000] {dag.py:3834} INFO - Setting next_dagrun for prediction_dag to 2025-11-30 15:40:00+00:00, run_after=2025-11-30 15:42:00+00:00
[2025-11-30T15:41:13.901+0000] {processor.py:183} INFO - Processing /opt/airflow/dags/prediction_dag.py took 0.150 seconds
[2025-11-30T15:41:44.042+0000] {processor.py:161} INFO - Started process (PID=48775) to work on /opt/airflow/dags/prediction_dag.py
[2025-11-30T15:41:44.045+0000] {processor.py:830} INFO - Processing file /opt/airflow/dags/prediction_dag.py for tasks to queue
[2025-11-30T15:41:44.049+0000] {logging_mixin.py:188} INFO - [2025-11-30T15:41:44.047+0000] {dagbag.py:540} INFO - Filling up the DagBag from /opt/airflow/dags/prediction_dag.py
[2025-11-30T15:41:44.081+0000] {processor.py:840} INFO - DAG(s) 'prediction_dag' retrieved from /opt/airflow/dags/prediction_dag.py
[2025-11-30T15:41:44.132+0000] {logging_mixin.py:188} INFO - [2025-11-30T15:41:44.132+0000] {dag.py:3047} INFO - Sync 1 DAGs
[2025-11-30T15:41:44.160+0000] {logging_mixin.py:188} INFO - [2025-11-30T15:41:44.160+0000] {dag.py:3834} INFO - Setting next_dagrun for prediction_dag to 2025-11-30 15:40:00+00:00, run_after=2025-11-30 15:42:00+00:00
[2025-11-30T15:41:44.174+0000] {processor.py:183} INFO - Processing /opt/airflow/dags/prediction_dag.py took 0.144 seconds
[2025-11-30T15:42:14.313+0000] {processor.py:161} INFO - Started process (PID=48861) to work on /opt/airflow/dags/prediction_dag.py
[2025-11-30T15:42:14.316+0000] {processor.py:830} INFO - Processing file /opt/airflow/dags/prediction_dag.py for tasks to queue
[2025-11-30T15:42:14.318+0000] {logging_mixin.py:188} INFO - [2025-11-30T15:42:14.317+0000] {dagbag.py:540} INFO - Filling up the DagBag from /opt/airflow/dags/prediction_dag.py
[2025-11-30T15:42:14.355+0000] {processor.py:840} INFO - DAG(s) 'prediction_dag' retrieved from /opt/airflow/dags/prediction_dag.py
[2025-11-30T15:42:14.415+0000] {logging_mixin.py:188} INFO - [2025-11-30T15:42:14.415+0000] {dag.py:3047} INFO - Sync 1 DAGs
[2025-11-30T15:42:14.444+0000] {logging_mixin.py:188} INFO - [2025-11-30T15:42:14.444+0000] {dag.py:3834} INFO - Setting next_dagrun for prediction_dag to 2025-11-30 15:42:00+00:00, run_after=2025-11-30 15:44:00+00:00
[2025-11-30T15:42:14.463+0000] {processor.py:183} INFO - Processing /opt/airflow/dags/prediction_dag.py took 0.165 seconds
[2025-11-30T15:42:45.040+0000] {processor.py:161} INFO - Started process (PID=48879) to work on /opt/airflow/dags/prediction_dag.py
[2025-11-30T15:42:45.042+0000] {processor.py:830} INFO - Processing file /opt/airflow/dags/prediction_dag.py for tasks to queue
[2025-11-30T15:42:45.044+0000] {logging_mixin.py:188} INFO - [2025-11-30T15:42:45.043+0000] {dagbag.py:540} INFO - Filling up the DagBag from /opt/airflow/dags/prediction_dag.py
[2025-11-30T15:42:45.084+0000] {processor.py:840} INFO - DAG(s) 'prediction_dag' retrieved from /opt/airflow/dags/prediction_dag.py
[2025-11-30T15:42:45.131+0000] {logging_mixin.py:188} INFO - [2025-11-30T15:42:45.131+0000] {dag.py:3047} INFO - Sync 1 DAGs
[2025-11-30T15:42:45.162+0000] {logging_mixin.py:188} INFO - [2025-11-30T15:42:45.162+0000] {dag.py:3834} INFO - Setting next_dagrun for prediction_dag to 2025-11-30 15:42:00+00:00, run_after=2025-11-30 15:44:00+00:00
[2025-11-30T15:42:45.182+0000] {processor.py:183} INFO - Processing /opt/airflow/dags/prediction_dag.py took 0.151 seconds
[2025-11-30T15:43:15.492+0000] {processor.py:161} INFO - Started process (PID=48959) to work on /opt/airflow/dags/prediction_dag.py
[2025-11-30T15:43:15.495+0000] {processor.py:830} INFO - Processing file /opt/airflow/dags/prediction_dag.py for tasks to queue
[2025-11-30T15:43:15.496+0000] {logging_mixin.py:188} INFO - [2025-11-30T15:43:15.495+0000] {dagbag.py:540} INFO - Filling up the DagBag from /opt/airflow/dags/prediction_dag.py
[2025-11-30T15:43:15.521+0000] {processor.py:840} INFO - DAG(s) 'prediction_dag' retrieved from /opt/airflow/dags/prediction_dag.py
[2025-11-30T15:43:15.556+0000] {logging_mixin.py:188} INFO - [2025-11-30T15:43:15.555+0000] {dag.py:3047} INFO - Sync 1 DAGs
[2025-11-30T15:43:15.580+0000] {logging_mixin.py:188} INFO - [2025-11-30T15:43:15.580+0000] {dag.py:3834} INFO - Setting next_dagrun for prediction_dag to 2025-11-30 15:42:00+00:00, run_after=2025-11-30 15:44:00+00:00
[2025-11-30T15:43:15.593+0000] {processor.py:183} INFO - Processing /opt/airflow/dags/prediction_dag.py took 0.111 seconds
[2025-11-30T15:43:46.099+0000] {processor.py:161} INFO - Started process (PID=48977) to work on /opt/airflow/dags/prediction_dag.py
[2025-11-30T15:43:46.102+0000] {processor.py:830} INFO - Processing file /opt/airflow/dags/prediction_dag.py for tasks to queue
[2025-11-30T15:43:46.104+0000] {logging_mixin.py:188} INFO - [2025-11-30T15:43:46.103+0000] {dagbag.py:540} INFO - Filling up the DagBag from /opt/airflow/dags/prediction_dag.py
[2025-11-30T15:43:46.143+0000] {processor.py:840} INFO - DAG(s) 'prediction_dag' retrieved from /opt/airflow/dags/prediction_dag.py
[2025-11-30T15:43:46.192+0000] {logging_mixin.py:188} INFO - [2025-11-30T15:43:46.192+0000] {dag.py:3047} INFO - Sync 1 DAGs
[2025-11-30T15:43:46.220+0000] {logging_mixin.py:188} INFO - [2025-11-30T15:43:46.220+0000] {dag.py:3834} INFO - Setting next_dagrun for prediction_dag to 2025-11-30 15:42:00+00:00, run_after=2025-11-30 15:44:00+00:00
[2025-11-30T15:43:46.234+0000] {processor.py:183} INFO - Processing /opt/airflow/dags/prediction_dag.py took 0.143 seconds
[2025-11-30T15:44:16.583+0000] {processor.py:161} INFO - Started process (PID=49063) to work on /opt/airflow/dags/prediction_dag.py
[2025-11-30T15:44:16.585+0000] {processor.py:830} INFO - Processing file /opt/airflow/dags/prediction_dag.py for tasks to queue
[2025-11-30T15:44:16.586+0000] {logging_mixin.py:188} INFO - [2025-11-30T15:44:16.586+0000] {dagbag.py:540} INFO - Filling up the DagBag from /opt/airflow/dags/prediction_dag.py
[2025-11-30T15:44:16.616+0000] {processor.py:840} INFO - DAG(s) 'prediction_dag' retrieved from /opt/airflow/dags/prediction_dag.py
[2025-11-30T15:44:16.665+0000] {logging_mixin.py:188} INFO - [2025-11-30T15:44:16.665+0000] {dag.py:3047} INFO - Sync 1 DAGs
[2025-11-30T15:44:16.690+0000] {logging_mixin.py:188} INFO - [2025-11-30T15:44:16.690+0000] {dag.py:3834} INFO - Setting next_dagrun for prediction_dag to 2025-11-30 15:44:00+00:00, run_after=2025-11-30 15:46:00+00:00
[2025-11-30T15:44:16.706+0000] {processor.py:183} INFO - Processing /opt/airflow/dags/prediction_dag.py took 0.131 seconds
[2025-11-30T15:44:47.074+0000] {processor.py:161} INFO - Started process (PID=49081) to work on /opt/airflow/dags/prediction_dag.py
[2025-11-30T15:44:47.076+0000] {processor.py:830} INFO - Processing file /opt/airflow/dags/prediction_dag.py for tasks to queue
[2025-11-30T15:44:47.078+0000] {logging_mixin.py:188} INFO - [2025-11-30T15:44:47.077+0000] {dagbag.py:540} INFO - Filling up the DagBag from /opt/airflow/dags/prediction_dag.py
[2025-11-30T15:44:47.108+0000] {processor.py:840} INFO - DAG(s) 'prediction_dag' retrieved from /opt/airflow/dags/prediction_dag.py
[2025-11-30T15:44:47.159+0000] {logging_mixin.py:188} INFO - [2025-11-30T15:44:47.159+0000] {dag.py:3047} INFO - Sync 1 DAGs
[2025-11-30T15:44:47.194+0000] {logging_mixin.py:188} INFO - [2025-11-30T15:44:47.194+0000] {dag.py:3834} INFO - Setting next_dagrun for prediction_dag to 2025-11-30 15:44:00+00:00, run_after=2025-11-30 15:46:00+00:00
[2025-11-30T15:44:47.211+0000] {processor.py:183} INFO - Processing /opt/airflow/dags/prediction_dag.py took 0.144 seconds
[2025-11-30T15:45:18.019+0000] {processor.py:161} INFO - Started process (PID=49161) to work on /opt/airflow/dags/prediction_dag.py
[2025-11-30T15:45:18.021+0000] {processor.py:830} INFO - Processing file /opt/airflow/dags/prediction_dag.py for tasks to queue
[2025-11-30T15:45:18.023+0000] {logging_mixin.py:188} INFO - [2025-11-30T15:45:18.022+0000] {dagbag.py:540} INFO - Filling up the DagBag from /opt/airflow/dags/prediction_dag.py
[2025-11-30T15:45:18.060+0000] {processor.py:840} INFO - DAG(s) 'prediction_dag' retrieved from /opt/airflow/dags/prediction_dag.py
[2025-11-30T15:45:18.116+0000] {logging_mixin.py:188} INFO - [2025-11-30T15:45:18.116+0000] {dag.py:3047} INFO - Sync 1 DAGs
[2025-11-30T15:45:18.143+0000] {logging_mixin.py:188} INFO - [2025-11-30T15:45:18.143+0000] {dag.py:3834} INFO - Setting next_dagrun for prediction_dag to 2025-11-30 15:44:00+00:00, run_after=2025-11-30 15:46:00+00:00
[2025-11-30T15:45:18.163+0000] {processor.py:183} INFO - Processing /opt/airflow/dags/prediction_dag.py took 0.161 seconds
[2025-11-30T15:45:48.275+0000] {processor.py:161} INFO - Started process (PID=49179) to work on /opt/airflow/dags/prediction_dag.py
[2025-11-30T15:45:48.277+0000] {processor.py:830} INFO - Processing file /opt/airflow/dags/prediction_dag.py for tasks to queue
[2025-11-30T15:45:48.278+0000] {logging_mixin.py:188} INFO - [2025-11-30T15:45:48.278+0000] {dagbag.py:540} INFO - Filling up the DagBag from /opt/airflow/dags/prediction_dag.py
[2025-11-30T15:45:48.302+0000] {processor.py:840} INFO - DAG(s) 'prediction_dag' retrieved from /opt/airflow/dags/prediction_dag.py
[2025-11-30T15:45:48.337+0000] {logging_mixin.py:188} INFO - [2025-11-30T15:45:48.337+0000] {dag.py:3047} INFO - Sync 1 DAGs
[2025-11-30T15:45:48.366+0000] {logging_mixin.py:188} INFO - [2025-11-30T15:45:48.366+0000] {dag.py:3834} INFO - Setting next_dagrun for prediction_dag to 2025-11-30 15:44:00+00:00, run_after=2025-11-30 15:46:00+00:00
[2025-11-30T15:45:48.378+0000] {processor.py:183} INFO - Processing /opt/airflow/dags/prediction_dag.py took 0.114 seconds
[2025-11-30T15:46:18.811+0000] {processor.py:161} INFO - Started process (PID=49256) to work on /opt/airflow/dags/prediction_dag.py
[2025-11-30T15:46:18.813+0000] {processor.py:830} INFO - Processing file /opt/airflow/dags/prediction_dag.py for tasks to queue
[2025-11-30T15:46:18.813+0000] {logging_mixin.py:188} INFO - [2025-11-30T15:46:18.813+0000] {dagbag.py:540} INFO - Filling up the DagBag from /opt/airflow/dags/prediction_dag.py
[2025-11-30T15:46:18.829+0000] {processor.py:840} INFO - DAG(s) 'prediction_dag' retrieved from /opt/airflow/dags/prediction_dag.py
[2025-11-30T15:46:18.863+0000] {logging_mixin.py:188} INFO - [2025-11-30T15:46:18.863+0000] {dag.py:3047} INFO - Sync 1 DAGs
[2025-11-30T15:46:18.883+0000] {logging_mixin.py:188} INFO - [2025-11-30T15:46:18.883+0000] {dag.py:3834} INFO - Setting next_dagrun for prediction_dag to 2025-11-30 15:46:00+00:00, run_after=2025-11-30 15:48:00+00:00
[2025-11-30T15:46:18.896+0000] {processor.py:183} INFO - Processing /opt/airflow/dags/prediction_dag.py took 0.088 seconds
[2025-11-30T15:46:49.447+0000] {processor.py:161} INFO - Started process (PID=49270) to work on /opt/airflow/dags/prediction_dag.py
[2025-11-30T15:46:49.449+0000] {processor.py:830} INFO - Processing file /opt/airflow/dags/prediction_dag.py for tasks to queue
[2025-11-30T15:46:49.453+0000] {logging_mixin.py:188} INFO - [2025-11-30T15:46:49.452+0000] {dagbag.py:540} INFO - Filling up the DagBag from /opt/airflow/dags/prediction_dag.py
[2025-11-30T15:46:49.484+0000] {processor.py:840} INFO - DAG(s) 'prediction_dag' retrieved from /opt/airflow/dags/prediction_dag.py
[2025-11-30T15:46:49.534+0000] {logging_mixin.py:188} INFO - [2025-11-30T15:46:49.533+0000] {dag.py:3047} INFO - Sync 1 DAGs
[2025-11-30T15:46:49.561+0000] {logging_mixin.py:188} INFO - [2025-11-30T15:46:49.561+0000] {dag.py:3834} INFO - Setting next_dagrun for prediction_dag to 2025-11-30 15:46:00+00:00, run_after=2025-11-30 15:48:00+00:00
[2025-11-30T15:46:49.575+0000] {processor.py:183} INFO - Processing /opt/airflow/dags/prediction_dag.py took 0.139 seconds
[2025-11-30T15:47:19.967+0000] {processor.py:161} INFO - Started process (PID=49350) to work on /opt/airflow/dags/prediction_dag.py
[2025-11-30T15:47:19.969+0000] {processor.py:830} INFO - Processing file /opt/airflow/dags/prediction_dag.py for tasks to queue
[2025-11-30T15:47:19.971+0000] {logging_mixin.py:188} INFO - [2025-11-30T15:47:19.970+0000] {dagbag.py:540} INFO - Filling up the DagBag from /opt/airflow/dags/prediction_dag.py
[2025-11-30T15:47:20.006+0000] {processor.py:840} INFO - DAG(s) 'prediction_dag' retrieved from /opt/airflow/dags/prediction_dag.py
[2025-11-30T15:47:20.066+0000] {logging_mixin.py:188} INFO - [2025-11-30T15:47:20.065+0000] {dag.py:3047} INFO - Sync 1 DAGs
[2025-11-30T15:47:20.096+0000] {logging_mixin.py:188} INFO - [2025-11-30T15:47:20.096+0000] {dag.py:3834} INFO - Setting next_dagrun for prediction_dag to 2025-11-30 15:46:00+00:00, run_after=2025-11-30 15:48:00+00:00
[2025-11-30T15:47:20.110+0000] {processor.py:183} INFO - Processing /opt/airflow/dags/prediction_dag.py took 0.150 seconds
[2025-11-30T15:47:50.623+0000] {processor.py:161} INFO - Started process (PID=49368) to work on /opt/airflow/dags/prediction_dag.py
[2025-11-30T15:47:50.625+0000] {processor.py:830} INFO - Processing file /opt/airflow/dags/prediction_dag.py for tasks to queue
[2025-11-30T15:47:50.627+0000] {logging_mixin.py:188} INFO - [2025-11-30T15:47:50.626+0000] {dagbag.py:540} INFO - Filling up the DagBag from /opt/airflow/dags/prediction_dag.py
[2025-11-30T15:47:50.665+0000] {processor.py:840} INFO - DAG(s) 'prediction_dag' retrieved from /opt/airflow/dags/prediction_dag.py
[2025-11-30T15:47:50.717+0000] {logging_mixin.py:188} INFO - [2025-11-30T15:47:50.717+0000] {dag.py:3047} INFO - Sync 1 DAGs
[2025-11-30T15:47:50.748+0000] {logging_mixin.py:188} INFO - [2025-11-30T15:47:50.748+0000] {dag.py:3834} INFO - Setting next_dagrun for prediction_dag to 2025-11-30 15:46:00+00:00, run_after=2025-11-30 15:48:00+00:00
[2025-11-30T15:47:50.765+0000] {processor.py:183} INFO - Processing /opt/airflow/dags/prediction_dag.py took 0.148 seconds
[2025-11-30T15:48:20.991+0000] {processor.py:161} INFO - Started process (PID=49454) to work on /opt/airflow/dags/prediction_dag.py
[2025-11-30T15:48:20.993+0000] {processor.py:830} INFO - Processing file /opt/airflow/dags/prediction_dag.py for tasks to queue
[2025-11-30T15:48:20.995+0000] {logging_mixin.py:188} INFO - [2025-11-30T15:48:20.994+0000] {dagbag.py:540} INFO - Filling up the DagBag from /opt/airflow/dags/prediction_dag.py
[2025-11-30T15:48:21.028+0000] {processor.py:840} INFO - DAG(s) 'prediction_dag' retrieved from /opt/airflow/dags/prediction_dag.py
[2025-11-30T15:48:21.085+0000] {logging_mixin.py:188} INFO - [2025-11-30T15:48:21.085+0000] {dag.py:3047} INFO - Sync 1 DAGs
[2025-11-30T15:48:21.110+0000] {logging_mixin.py:188} INFO - [2025-11-30T15:48:21.110+0000] {dag.py:3834} INFO - Setting next_dagrun for prediction_dag to 2025-11-30 15:48:00+00:00, run_after=2025-11-30 15:50:00+00:00
[2025-11-30T15:48:21.122+0000] {processor.py:183} INFO - Processing /opt/airflow/dags/prediction_dag.py took 0.142 seconds
[2025-11-30T15:48:51.620+0000] {processor.py:161} INFO - Started process (PID=49472) to work on /opt/airflow/dags/prediction_dag.py
[2025-11-30T15:48:51.624+0000] {processor.py:830} INFO - Processing file /opt/airflow/dags/prediction_dag.py for tasks to queue
[2025-11-30T15:48:51.629+0000] {logging_mixin.py:188} INFO - [2025-11-30T15:48:51.627+0000] {dagbag.py:540} INFO - Filling up the DagBag from /opt/airflow/dags/prediction_dag.py
[2025-11-30T15:48:51.665+0000] {processor.py:840} INFO - DAG(s) 'prediction_dag' retrieved from /opt/airflow/dags/prediction_dag.py
[2025-11-30T15:48:51.714+0000] {logging_mixin.py:188} INFO - [2025-11-30T15:48:51.714+0000] {dag.py:3047} INFO - Sync 1 DAGs
[2025-11-30T15:48:51.745+0000] {logging_mixin.py:188} INFO - [2025-11-30T15:48:51.745+0000] {dag.py:3834} INFO - Setting next_dagrun for prediction_dag to 2025-11-30 15:48:00+00:00, run_after=2025-11-30 15:50:00+00:00
[2025-11-30T15:48:51.769+0000] {processor.py:183} INFO - Processing /opt/airflow/dags/prediction_dag.py took 0.159 seconds
[2025-11-30T15:49:22.282+0000] {processor.py:161} INFO - Started process (PID=49552) to work on /opt/airflow/dags/prediction_dag.py
[2025-11-30T15:49:22.284+0000] {processor.py:830} INFO - Processing file /opt/airflow/dags/prediction_dag.py for tasks to queue
[2025-11-30T15:49:22.286+0000] {logging_mixin.py:188} INFO - [2025-11-30T15:49:22.285+0000] {dagbag.py:540} INFO - Filling up the DagBag from /opt/airflow/dags/prediction_dag.py
[2025-11-30T15:49:22.319+0000] {processor.py:840} INFO - DAG(s) 'prediction_dag' retrieved from /opt/airflow/dags/prediction_dag.py
[2025-11-30T15:49:22.370+0000] {logging_mixin.py:188} INFO - [2025-11-30T15:49:22.369+0000] {dag.py:3047} INFO - Sync 1 DAGs
[2025-11-30T15:49:22.402+0000] {logging_mixin.py:188} INFO - [2025-11-30T15:49:22.402+0000] {dag.py:3834} INFO - Setting next_dagrun for prediction_dag to 2025-11-30 15:48:00+00:00, run_after=2025-11-30 15:50:00+00:00
[2025-11-30T15:49:22.419+0000] {processor.py:183} INFO - Processing /opt/airflow/dags/prediction_dag.py took 0.155 seconds
[2025-11-30T15:49:52.915+0000] {processor.py:161} INFO - Started process (PID=49570) to work on /opt/airflow/dags/prediction_dag.py
[2025-11-30T15:49:52.917+0000] {processor.py:830} INFO - Processing file /opt/airflow/dags/prediction_dag.py for tasks to queue
[2025-11-30T15:49:52.918+0000] {logging_mixin.py:188} INFO - [2025-11-30T15:49:52.918+0000] {dagbag.py:540} INFO - Filling up the DagBag from /opt/airflow/dags/prediction_dag.py
[2025-11-30T15:49:52.945+0000] {processor.py:840} INFO - DAG(s) 'prediction_dag' retrieved from /opt/airflow/dags/prediction_dag.py
[2025-11-30T15:49:53.004+0000] {logging_mixin.py:188} INFO - [2025-11-30T15:49:53.004+0000] {dag.py:3047} INFO - Sync 1 DAGs
[2025-11-30T15:49:53.034+0000] {logging_mixin.py:188} INFO - [2025-11-30T15:49:53.034+0000] {dag.py:3834} INFO - Setting next_dagrun for prediction_dag to 2025-11-30 15:48:00+00:00, run_after=2025-11-30 15:50:00+00:00
[2025-11-30T15:49:53.048+0000] {processor.py:183} INFO - Processing /opt/airflow/dags/prediction_dag.py took 0.145 seconds
[2025-11-30T15:50:23.376+0000] {processor.py:161} INFO - Started process (PID=49656) to work on /opt/airflow/dags/prediction_dag.py
[2025-11-30T15:50:23.378+0000] {processor.py:830} INFO - Processing file /opt/airflow/dags/prediction_dag.py for tasks to queue
[2025-11-30T15:50:23.380+0000] {logging_mixin.py:188} INFO - [2025-11-30T15:50:23.379+0000] {dagbag.py:540} INFO - Filling up the DagBag from /opt/airflow/dags/prediction_dag.py
[2025-11-30T15:50:23.421+0000] {processor.py:840} INFO - DAG(s) 'prediction_dag' retrieved from /opt/airflow/dags/prediction_dag.py
[2025-11-30T15:50:23.469+0000] {logging_mixin.py:188} INFO - [2025-11-30T15:50:23.469+0000] {dag.py:3047} INFO - Sync 1 DAGs
[2025-11-30T15:50:23.500+0000] {logging_mixin.py:188} INFO - [2025-11-30T15:50:23.499+0000] {dag.py:3834} INFO - Setting next_dagrun for prediction_dag to 2025-11-30 15:50:00+00:00, run_after=2025-11-30 15:52:00+00:00
[2025-11-30T15:50:23.512+0000] {processor.py:183} INFO - Processing /opt/airflow/dags/prediction_dag.py took 0.150 seconds
[2025-11-30T15:50:53.910+0000] {processor.py:161} INFO - Started process (PID=49674) to work on /opt/airflow/dags/prediction_dag.py
[2025-11-30T15:50:53.915+0000] {processor.py:830} INFO - Processing file /opt/airflow/dags/prediction_dag.py for tasks to queue
[2025-11-30T15:50:53.921+0000] {logging_mixin.py:188} INFO - [2025-11-30T15:50:53.919+0000] {dagbag.py:540} INFO - Filling up the DagBag from /opt/airflow/dags/prediction_dag.py
[2025-11-30T15:50:53.950+0000] {processor.py:840} INFO - DAG(s) 'prediction_dag' retrieved from /opt/airflow/dags/prediction_dag.py
[2025-11-30T15:50:54.003+0000] {logging_mixin.py:188} INFO - [2025-11-30T15:50:54.003+0000] {dag.py:3047} INFO - Sync 1 DAGs
[2025-11-30T15:50:54.027+0000] {logging_mixin.py:188} INFO - [2025-11-30T15:50:54.027+0000] {dag.py:3834} INFO - Setting next_dagrun for prediction_dag to 2025-11-30 15:50:00+00:00, run_after=2025-11-30 15:52:00+00:00
[2025-11-30T15:50:54.043+0000] {processor.py:183} INFO - Processing /opt/airflow/dags/prediction_dag.py took 0.144 seconds
[2025-11-30T15:51:24.135+0000] {processor.py:161} INFO - Started process (PID=49754) to work on /opt/airflow/dags/prediction_dag.py
[2025-11-30T15:51:24.138+0000] {processor.py:830} INFO - Processing file /opt/airflow/dags/prediction_dag.py for tasks to queue
[2025-11-30T15:51:24.140+0000] {logging_mixin.py:188} INFO - [2025-11-30T15:51:24.139+0000] {dagbag.py:540} INFO - Filling up the DagBag from /opt/airflow/dags/prediction_dag.py
[2025-11-30T15:51:24.181+0000] {processor.py:840} INFO - DAG(s) 'prediction_dag' retrieved from /opt/airflow/dags/prediction_dag.py
[2025-11-30T15:51:24.225+0000] {logging_mixin.py:188} INFO - [2025-11-30T15:51:24.225+0000] {dag.py:3047} INFO - Sync 1 DAGs
[2025-11-30T15:51:24.252+0000] {logging_mixin.py:188} INFO - [2025-11-30T15:51:24.252+0000] {dag.py:3834} INFO - Setting next_dagrun for prediction_dag to 2025-11-30 15:50:00+00:00, run_after=2025-11-30 15:52:00+00:00
[2025-11-30T15:51:24.269+0000] {processor.py:183} INFO - Processing /opt/airflow/dags/prediction_dag.py took 0.149 seconds
[2025-11-30T15:51:54.423+0000] {processor.py:161} INFO - Started process (PID=49772) to work on /opt/airflow/dags/prediction_dag.py
[2025-11-30T15:51:54.427+0000] {processor.py:830} INFO - Processing file /opt/airflow/dags/prediction_dag.py for tasks to queue
[2025-11-30T15:51:54.428+0000] {logging_mixin.py:188} INFO - [2025-11-30T15:51:54.428+0000] {dagbag.py:540} INFO - Filling up the DagBag from /opt/airflow/dags/prediction_dag.py
[2025-11-30T15:51:54.469+0000] {processor.py:840} INFO - DAG(s) 'prediction_dag' retrieved from /opt/airflow/dags/prediction_dag.py
[2025-11-30T15:51:54.507+0000] {logging_mixin.py:188} INFO - [2025-11-30T15:51:54.507+0000] {dag.py:3047} INFO - Sync 1 DAGs
[2025-11-30T15:51:54.532+0000] {logging_mixin.py:188} INFO - [2025-11-30T15:51:54.532+0000] {dag.py:3834} INFO - Setting next_dagrun for prediction_dag to 2025-11-30 15:50:00+00:00, run_after=2025-11-30 15:52:00+00:00
[2025-11-30T15:51:54.545+0000] {processor.py:183} INFO - Processing /opt/airflow/dags/prediction_dag.py took 0.129 seconds
[2025-11-30T15:52:24.944+0000] {processor.py:161} INFO - Started process (PID=49858) to work on /opt/airflow/dags/prediction_dag.py
[2025-11-30T15:52:24.948+0000] {processor.py:830} INFO - Processing file /opt/airflow/dags/prediction_dag.py for tasks to queue
[2025-11-30T15:52:24.949+0000] {logging_mixin.py:188} INFO - [2025-11-30T15:52:24.948+0000] {dagbag.py:540} INFO - Filling up the DagBag from /opt/airflow/dags/prediction_dag.py
[2025-11-30T15:52:24.983+0000] {processor.py:840} INFO - DAG(s) 'prediction_dag' retrieved from /opt/airflow/dags/prediction_dag.py
[2025-11-30T15:52:25.032+0000] {logging_mixin.py:188} INFO - [2025-11-30T15:52:25.032+0000] {dag.py:3047} INFO - Sync 1 DAGs
[2025-11-30T15:52:25.061+0000] {logging_mixin.py:188} INFO - [2025-11-30T15:52:25.061+0000] {dag.py:3834} INFO - Setting next_dagrun for prediction_dag to 2025-11-30 15:52:00+00:00, run_after=2025-11-30 15:54:00+00:00
[2025-11-30T15:52:25.075+0000] {processor.py:183} INFO - Processing /opt/airflow/dags/prediction_dag.py took 0.141 seconds
[2025-11-30T15:52:55.538+0000] {processor.py:161} INFO - Started process (PID=49876) to work on /opt/airflow/dags/prediction_dag.py
[2025-11-30T15:52:55.544+0000] {processor.py:830} INFO - Processing file /opt/airflow/dags/prediction_dag.py for tasks to queue
[2025-11-30T15:52:55.546+0000] {logging_mixin.py:188} INFO - [2025-11-30T15:52:55.545+0000] {dagbag.py:540} INFO - Filling up the DagBag from /opt/airflow/dags/prediction_dag.py
[2025-11-30T15:52:55.590+0000] {processor.py:840} INFO - DAG(s) 'prediction_dag' retrieved from /opt/airflow/dags/prediction_dag.py
[2025-11-30T15:52:55.640+0000] {logging_mixin.py:188} INFO - [2025-11-30T15:52:55.640+0000] {dag.py:3047} INFO - Sync 1 DAGs
[2025-11-30T15:52:55.672+0000] {logging_mixin.py:188} INFO - [2025-11-30T15:52:55.671+0000] {dag.py:3834} INFO - Setting next_dagrun for prediction_dag to 2025-11-30 15:52:00+00:00, run_after=2025-11-30 15:54:00+00:00
[2025-11-30T15:52:55.686+0000] {processor.py:183} INFO - Processing /opt/airflow/dags/prediction_dag.py took 0.160 seconds
[2025-11-30T15:53:25.830+0000] {processor.py:161} INFO - Started process (PID=49956) to work on /opt/airflow/dags/prediction_dag.py
[2025-11-30T15:53:25.835+0000] {processor.py:830} INFO - Processing file /opt/airflow/dags/prediction_dag.py for tasks to queue
[2025-11-30T15:53:25.836+0000] {logging_mixin.py:188} INFO - [2025-11-30T15:53:25.836+0000] {dagbag.py:540} INFO - Filling up the DagBag from /opt/airflow/dags/prediction_dag.py
[2025-11-30T15:53:25.872+0000] {processor.py:840} INFO - DAG(s) 'prediction_dag' retrieved from /opt/airflow/dags/prediction_dag.py
[2025-11-30T15:53:25.923+0000] {logging_mixin.py:188} INFO - [2025-11-30T15:53:25.923+0000] {dag.py:3047} INFO - Sync 1 DAGs
[2025-11-30T15:53:25.950+0000] {logging_mixin.py:188} INFO - [2025-11-30T15:53:25.950+0000] {dag.py:3834} INFO - Setting next_dagrun for prediction_dag to 2025-11-30 15:52:00+00:00, run_after=2025-11-30 15:54:00+00:00
[2025-11-30T15:53:25.963+0000] {processor.py:183} INFO - Processing /opt/airflow/dags/prediction_dag.py took 0.147 seconds
[2025-11-30T15:53:56.297+0000] {processor.py:161} INFO - Started process (PID=49974) to work on /opt/airflow/dags/prediction_dag.py
[2025-11-30T15:53:56.299+0000] {processor.py:830} INFO - Processing file /opt/airflow/dags/prediction_dag.py for tasks to queue
[2025-11-30T15:53:56.300+0000] {logging_mixin.py:188} INFO - [2025-11-30T15:53:56.299+0000] {dagbag.py:540} INFO - Filling up the DagBag from /opt/airflow/dags/prediction_dag.py
[2025-11-30T15:53:56.315+0000] {processor.py:840} INFO - DAG(s) 'prediction_dag' retrieved from /opt/airflow/dags/prediction_dag.py
[2025-11-30T15:53:56.343+0000] {logging_mixin.py:188} INFO - [2025-11-30T15:53:56.343+0000] {dag.py:3047} INFO - Sync 1 DAGs
[2025-11-30T15:53:56.361+0000] {logging_mixin.py:188} INFO - [2025-11-30T15:53:56.361+0000] {dag.py:3834} INFO - Setting next_dagrun for prediction_dag to 2025-11-30 15:52:00+00:00, run_after=2025-11-30 15:54:00+00:00
[2025-11-30T15:53:56.373+0000] {processor.py:183} INFO - Processing /opt/airflow/dags/prediction_dag.py took 0.081 seconds
[2025-11-30T15:54:26.798+0000] {processor.py:161} INFO - Started process (PID=50051) to work on /opt/airflow/dags/prediction_dag.py
[2025-11-30T15:54:26.801+0000] {processor.py:830} INFO - Processing file /opt/airflow/dags/prediction_dag.py for tasks to queue
[2025-11-30T15:54:26.804+0000] {logging_mixin.py:188} INFO - [2025-11-30T15:54:26.803+0000] {dagbag.py:540} INFO - Filling up the DagBag from /opt/airflow/dags/prediction_dag.py
[2025-11-30T15:54:26.874+0000] {processor.py:840} INFO - DAG(s) 'prediction_dag' retrieved from /opt/airflow/dags/prediction_dag.py
[2025-11-30T15:54:26.924+0000] {logging_mixin.py:188} INFO - [2025-11-30T15:54:26.924+0000] {dag.py:3047} INFO - Sync 1 DAGs
[2025-11-30T15:54:26.950+0000] {logging_mixin.py:188} INFO - [2025-11-30T15:54:26.949+0000] {dag.py:3834} INFO - Setting next_dagrun for prediction_dag to 2025-11-30 15:54:00+00:00, run_after=2025-11-30 15:56:00+00:00
[2025-11-30T15:54:26.972+0000] {processor.py:183} INFO - Processing /opt/airflow/dags/prediction_dag.py took 0.188 seconds
[2025-11-30T15:54:57.484+0000] {processor.py:161} INFO - Started process (PID=50065) to work on /opt/airflow/dags/prediction_dag.py
[2025-11-30T15:54:57.486+0000] {processor.py:830} INFO - Processing file /opt/airflow/dags/prediction_dag.py for tasks to queue
[2025-11-30T15:54:57.487+0000] {logging_mixin.py:188} INFO - [2025-11-30T15:54:57.487+0000] {dagbag.py:540} INFO - Filling up the DagBag from /opt/airflow/dags/prediction_dag.py
[2025-11-30T15:54:57.519+0000] {processor.py:840} INFO - DAG(s) 'prediction_dag' retrieved from /opt/airflow/dags/prediction_dag.py
[2025-11-30T15:54:57.566+0000] {logging_mixin.py:188} INFO - [2025-11-30T15:54:57.565+0000] {dag.py:3047} INFO - Sync 1 DAGs
[2025-11-30T15:54:57.595+0000] {logging_mixin.py:188} INFO - [2025-11-30T15:54:57.595+0000] {dag.py:3834} INFO - Setting next_dagrun for prediction_dag to 2025-11-30 15:54:00+00:00, run_after=2025-11-30 15:56:00+00:00
[2025-11-30T15:54:57.609+0000] {processor.py:183} INFO - Processing /opt/airflow/dags/prediction_dag.py took 0.139 seconds
[2025-11-30T15:55:27.956+0000] {processor.py:161} INFO - Started process (PID=50145) to work on /opt/airflow/dags/prediction_dag.py
[2025-11-30T15:55:27.962+0000] {processor.py:830} INFO - Processing file /opt/airflow/dags/prediction_dag.py for tasks to queue
[2025-11-30T15:55:27.964+0000] {logging_mixin.py:188} INFO - [2025-11-30T15:55:27.963+0000] {dagbag.py:540} INFO - Filling up the DagBag from /opt/airflow/dags/prediction_dag.py
[2025-11-30T15:55:28.000+0000] {processor.py:840} INFO - DAG(s) 'prediction_dag' retrieved from /opt/airflow/dags/prediction_dag.py
[2025-11-30T15:55:28.051+0000] {logging_mixin.py:188} INFO - [2025-11-30T15:55:28.051+0000] {dag.py:3047} INFO - Sync 1 DAGs
[2025-11-30T15:55:28.083+0000] {logging_mixin.py:188} INFO - [2025-11-30T15:55:28.083+0000] {dag.py:3834} INFO - Setting next_dagrun for prediction_dag to 2025-11-30 15:54:00+00:00, run_after=2025-11-30 15:56:00+00:00
[2025-11-30T15:55:28.098+0000] {processor.py:183} INFO - Processing /opt/airflow/dags/prediction_dag.py took 0.150 seconds
[2025-11-30T15:55:58.367+0000] {processor.py:161} INFO - Started process (PID=50163) to work on /opt/airflow/dags/prediction_dag.py
[2025-11-30T15:55:58.370+0000] {processor.py:830} INFO - Processing file /opt/airflow/dags/prediction_dag.py for tasks to queue
[2025-11-30T15:55:58.371+0000] {logging_mixin.py:188} INFO - [2025-11-30T15:55:58.370+0000] {dagbag.py:540} INFO - Filling up the DagBag from /opt/airflow/dags/prediction_dag.py
[2025-11-30T15:55:58.411+0000] {processor.py:840} INFO - DAG(s) 'prediction_dag' retrieved from /opt/airflow/dags/prediction_dag.py
[2025-11-30T15:55:58.464+0000] {logging_mixin.py:188} INFO - [2025-11-30T15:55:58.464+0000] {dag.py:3047} INFO - Sync 1 DAGs
[2025-11-30T15:55:58.506+0000] {logging_mixin.py:188} INFO - [2025-11-30T15:55:58.506+0000] {dag.py:3834} INFO - Setting next_dagrun for prediction_dag to 2025-11-30 15:54:00+00:00, run_after=2025-11-30 15:56:00+00:00
[2025-11-30T15:55:58.522+0000] {processor.py:183} INFO - Processing /opt/airflow/dags/prediction_dag.py took 0.167 seconds
[2025-11-30T15:56:28.808+0000] {processor.py:161} INFO - Started process (PID=50249) to work on /opt/airflow/dags/prediction_dag.py
[2025-11-30T15:56:28.812+0000] {processor.py:830} INFO - Processing file /opt/airflow/dags/prediction_dag.py for tasks to queue
[2025-11-30T15:56:28.815+0000] {logging_mixin.py:188} INFO - [2025-11-30T15:56:28.814+0000] {dagbag.py:540} INFO - Filling up the DagBag from /opt/airflow/dags/prediction_dag.py
[2025-11-30T15:56:28.848+0000] {processor.py:840} INFO - DAG(s) 'prediction_dag' retrieved from /opt/airflow/dags/prediction_dag.py
[2025-11-30T15:56:28.903+0000] {logging_mixin.py:188} INFO - [2025-11-30T15:56:28.902+0000] {dag.py:3047} INFO - Sync 1 DAGs
[2025-11-30T15:56:28.929+0000] {logging_mixin.py:188} INFO - [2025-11-30T15:56:28.929+0000] {dag.py:3834} INFO - Setting next_dagrun for prediction_dag to 2025-11-30 15:56:00+00:00, run_after=2025-11-30 15:58:00+00:00
[2025-11-30T15:56:28.946+0000] {processor.py:183} INFO - Processing /opt/airflow/dags/prediction_dag.py took 0.150 seconds
[2025-11-30T15:56:59.077+0000] {processor.py:161} INFO - Started process (PID=50267) to work on /opt/airflow/dags/prediction_dag.py
[2025-11-30T15:56:59.081+0000] {processor.py:830} INFO - Processing file /opt/airflow/dags/prediction_dag.py for tasks to queue
[2025-11-30T15:56:59.089+0000] {logging_mixin.py:188} INFO - [2025-11-30T15:56:59.088+0000] {dagbag.py:540} INFO - Filling up the DagBag from /opt/airflow/dags/prediction_dag.py
[2025-11-30T15:56:59.130+0000] {processor.py:840} INFO - DAG(s) 'prediction_dag' retrieved from /opt/airflow/dags/prediction_dag.py
[2025-11-30T15:56:59.187+0000] {logging_mixin.py:188} INFO - [2025-11-30T15:56:59.187+0000] {dag.py:3047} INFO - Sync 1 DAGs
[2025-11-30T15:56:59.217+0000] {logging_mixin.py:188} INFO - [2025-11-30T15:56:59.217+0000] {dag.py:3834} INFO - Setting next_dagrun for prediction_dag to 2025-11-30 15:56:00+00:00, run_after=2025-11-30 15:58:00+00:00
[2025-11-30T15:56:59.236+0000] {processor.py:183} INFO - Processing /opt/airflow/dags/prediction_dag.py took 0.173 seconds
[2025-11-30T15:57:29.876+0000] {processor.py:161} INFO - Started process (PID=50347) to work on /opt/airflow/dags/prediction_dag.py
[2025-11-30T15:57:29.879+0000] {processor.py:830} INFO - Processing file /opt/airflow/dags/prediction_dag.py for tasks to queue
[2025-11-30T15:57:29.880+0000] {logging_mixin.py:188} INFO - [2025-11-30T15:57:29.880+0000] {dagbag.py:540} INFO - Filling up the DagBag from /opt/airflow/dags/prediction_dag.py
[2025-11-30T15:57:29.939+0000] {processor.py:840} INFO - DAG(s) 'prediction_dag' retrieved from /opt/airflow/dags/prediction_dag.py
[2025-11-30T15:57:30.017+0000] {logging_mixin.py:188} INFO - [2025-11-30T15:57:30.016+0000] {dag.py:3047} INFO - Sync 1 DAGs
[2025-11-30T15:57:30.055+0000] {logging_mixin.py:188} INFO - [2025-11-30T15:57:30.054+0000] {dag.py:3834} INFO - Setting next_dagrun for prediction_dag to 2025-11-30 15:56:00+00:00, run_after=2025-11-30 15:58:00+00:00
[2025-11-30T15:57:30.073+0000] {processor.py:183} INFO - Processing /opt/airflow/dags/prediction_dag.py took 0.219 seconds
[2025-11-30T15:58:00.522+0000] {processor.py:161} INFO - Started process (PID=50367) to work on /opt/airflow/dags/prediction_dag.py
[2025-11-30T15:58:00.527+0000] {processor.py:830} INFO - Processing file /opt/airflow/dags/prediction_dag.py for tasks to queue
[2025-11-30T15:58:00.532+0000] {logging_mixin.py:188} INFO - [2025-11-30T15:58:00.530+0000] {dagbag.py:540} INFO - Filling up the DagBag from /opt/airflow/dags/prediction_dag.py
[2025-11-30T15:58:00.734+0000] {processor.py:840} INFO - DAG(s) 'prediction_dag' retrieved from /opt/airflow/dags/prediction_dag.py
[2025-11-30T15:58:00.807+0000] {logging_mixin.py:188} INFO - [2025-11-30T15:58:00.806+0000] {dag.py:3047} INFO - Sync 1 DAGs
[2025-11-30T15:58:00.852+0000] {logging_mixin.py:188} INFO - [2025-11-30T15:58:00.851+0000] {dag.py:3834} INFO - Setting next_dagrun for prediction_dag to 2025-11-30 15:58:00+00:00, run_after=2025-11-30 16:00:00+00:00
[2025-11-30T15:58:00.874+0000] {processor.py:183} INFO - Processing /opt/airflow/dags/prediction_dag.py took 0.368 seconds
[2025-11-30T15:58:31.280+0000] {processor.py:161} INFO - Started process (PID=50451) to work on /opt/airflow/dags/prediction_dag.py
[2025-11-30T15:58:31.282+0000] {processor.py:830} INFO - Processing file /opt/airflow/dags/prediction_dag.py for tasks to queue
[2025-11-30T15:58:31.284+0000] {logging_mixin.py:188} INFO - [2025-11-30T15:58:31.283+0000] {dagbag.py:540} INFO - Filling up the DagBag from /opt/airflow/dags/prediction_dag.py
[2025-11-30T15:58:31.313+0000] {processor.py:840} INFO - DAG(s) 'prediction_dag' retrieved from /opt/airflow/dags/prediction_dag.py
[2025-11-30T15:58:31.358+0000] {logging_mixin.py:188} INFO - [2025-11-30T15:58:31.358+0000] {dag.py:3047} INFO - Sync 1 DAGs
[2025-11-30T15:58:31.387+0000] {logging_mixin.py:188} INFO - [2025-11-30T15:58:31.387+0000] {dag.py:3834} INFO - Setting next_dagrun for prediction_dag to 2025-11-30 15:58:00+00:00, run_after=2025-11-30 16:00:00+00:00
[2025-11-30T15:58:31.400+0000] {processor.py:183} INFO - Processing /opt/airflow/dags/prediction_dag.py took 0.132 seconds
[2025-11-30T15:59:01.907+0000] {processor.py:161} INFO - Started process (PID=50471) to work on /opt/airflow/dags/prediction_dag.py
[2025-11-30T15:59:01.909+0000] {processor.py:830} INFO - Processing file /opt/airflow/dags/prediction_dag.py for tasks to queue
[2025-11-30T15:59:01.910+0000] {logging_mixin.py:188} INFO - [2025-11-30T15:59:01.909+0000] {dagbag.py:540} INFO - Filling up the DagBag from /opt/airflow/dags/prediction_dag.py
[2025-11-30T15:59:01.927+0000] {processor.py:840} INFO - DAG(s) 'prediction_dag' retrieved from /opt/airflow/dags/prediction_dag.py
[2025-11-30T15:59:01.960+0000] {logging_mixin.py:188} INFO - [2025-11-30T15:59:01.960+0000] {dag.py:3047} INFO - Sync 1 DAGs
[2025-11-30T15:59:01.981+0000] {logging_mixin.py:188} INFO - [2025-11-30T15:59:01.980+0000] {dag.py:3834} INFO - Setting next_dagrun for prediction_dag to 2025-11-30 15:58:00+00:00, run_after=2025-11-30 16:00:00+00:00
[2025-11-30T15:59:01.994+0000] {processor.py:183} INFO - Processing /opt/airflow/dags/prediction_dag.py took 0.091 seconds
[2025-11-30T15:59:32.565+0000] {processor.py:161} INFO - Started process (PID=50549) to work on /opt/airflow/dags/prediction_dag.py
[2025-11-30T15:59:32.569+0000] {processor.py:830} INFO - Processing file /opt/airflow/dags/prediction_dag.py for tasks to queue
[2025-11-30T15:59:32.572+0000] {logging_mixin.py:188} INFO - [2025-11-30T15:59:32.572+0000] {dagbag.py:540} INFO - Filling up the DagBag from /opt/airflow/dags/prediction_dag.py
[2025-11-30T15:59:32.620+0000] {processor.py:840} INFO - DAG(s) 'prediction_dag' retrieved from /opt/airflow/dags/prediction_dag.py
[2025-11-30T15:59:32.679+0000] {logging_mixin.py:188} INFO - [2025-11-30T15:59:32.679+0000] {dag.py:3047} INFO - Sync 1 DAGs
[2025-11-30T15:59:32.712+0000] {logging_mixin.py:188} INFO - [2025-11-30T15:59:32.712+0000] {dag.py:3834} INFO - Setting next_dagrun for prediction_dag to 2025-11-30 15:58:00+00:00, run_after=2025-11-30 16:00:00+00:00
[2025-11-30T15:59:32.729+0000] {processor.py:183} INFO - Processing /opt/airflow/dags/prediction_dag.py took 0.181 seconds
[2025-11-30T16:00:03.127+0000] {processor.py:161} INFO - Started process (PID=50581) to work on /opt/airflow/dags/prediction_dag.py
[2025-11-30T16:00:03.129+0000] {processor.py:830} INFO - Processing file /opt/airflow/dags/prediction_dag.py for tasks to queue
[2025-11-30T16:00:03.130+0000] {logging_mixin.py:188} INFO - [2025-11-30T16:00:03.129+0000] {dagbag.py:540} INFO - Filling up the DagBag from /opt/airflow/dags/prediction_dag.py
[2025-11-30T16:00:03.148+0000] {processor.py:840} INFO - DAG(s) 'prediction_dag' retrieved from /opt/airflow/dags/prediction_dag.py
[2025-11-30T16:00:03.193+0000] {logging_mixin.py:188} INFO - [2025-11-30T16:00:03.193+0000] {dag.py:3047} INFO - Sync 1 DAGs
[2025-11-30T16:00:03.230+0000] {logging_mixin.py:188} INFO - [2025-11-30T16:00:03.230+0000] {dag.py:3834} INFO - Setting next_dagrun for prediction_dag to 2025-11-30 16:00:00+00:00, run_after=2025-11-30 16:02:00+00:00
[2025-11-30T16:00:03.249+0000] {processor.py:183} INFO - Processing /opt/airflow/dags/prediction_dag.py took 0.131 seconds
[2025-11-30T16:00:33.408+0000] {processor.py:161} INFO - Started process (PID=50653) to work on /opt/airflow/dags/prediction_dag.py
[2025-11-30T16:00:33.410+0000] {processor.py:830} INFO - Processing file /opt/airflow/dags/prediction_dag.py for tasks to queue
[2025-11-30T16:00:33.412+0000] {logging_mixin.py:188} INFO - [2025-11-30T16:00:33.411+0000] {dagbag.py:540} INFO - Filling up the DagBag from /opt/airflow/dags/prediction_dag.py
[2025-11-30T16:00:33.441+0000] {processor.py:840} INFO - DAG(s) 'prediction_dag' retrieved from /opt/airflow/dags/prediction_dag.py
[2025-11-30T16:00:33.494+0000] {logging_mixin.py:188} INFO - [2025-11-30T16:00:33.494+0000] {dag.py:3047} INFO - Sync 1 DAGs
[2025-11-30T16:00:33.523+0000] {logging_mixin.py:188} INFO - [2025-11-30T16:00:33.523+0000] {dag.py:3834} INFO - Setting next_dagrun for prediction_dag to 2025-11-30 16:00:00+00:00, run_after=2025-11-30 16:02:00+00:00
[2025-11-30T16:00:33.539+0000] {processor.py:183} INFO - Processing /opt/airflow/dags/prediction_dag.py took 0.144 seconds
[2025-11-30T16:01:03.694+0000] {processor.py:161} INFO - Started process (PID=50680) to work on /opt/airflow/dags/prediction_dag.py
[2025-11-30T16:01:03.696+0000] {processor.py:830} INFO - Processing file /opt/airflow/dags/prediction_dag.py for tasks to queue
[2025-11-30T16:01:03.697+0000] {logging_mixin.py:188} INFO - [2025-11-30T16:01:03.696+0000] {dagbag.py:540} INFO - Filling up the DagBag from /opt/airflow/dags/prediction_dag.py
[2025-11-30T16:01:03.718+0000] {processor.py:840} INFO - DAG(s) 'prediction_dag' retrieved from /opt/airflow/dags/prediction_dag.py
[2025-11-30T16:01:03.767+0000] {logging_mixin.py:188} INFO - [2025-11-30T16:01:03.766+0000] {dag.py:3047} INFO - Sync 1 DAGs
[2025-11-30T16:01:03.796+0000] {logging_mixin.py:188} INFO - [2025-11-30T16:01:03.796+0000] {dag.py:3834} INFO - Setting next_dagrun for prediction_dag to 2025-11-30 16:00:00+00:00, run_after=2025-11-30 16:02:00+00:00
[2025-11-30T16:01:03.822+0000] {processor.py:183} INFO - Processing /opt/airflow/dags/prediction_dag.py took 0.133 seconds
[2025-11-30T16:01:34.309+0000] {processor.py:161} INFO - Started process (PID=50741) to work on /opt/airflow/dags/prediction_dag.py
[2025-11-30T16:01:34.311+0000] {processor.py:830} INFO - Processing file /opt/airflow/dags/prediction_dag.py for tasks to queue
[2025-11-30T16:01:34.312+0000] {logging_mixin.py:188} INFO - [2025-11-30T16:01:34.312+0000] {dagbag.py:540} INFO - Filling up the DagBag from /opt/airflow/dags/prediction_dag.py
[2025-11-30T16:01:34.351+0000] {processor.py:840} INFO - DAG(s) 'prediction_dag' retrieved from /opt/airflow/dags/prediction_dag.py
[2025-11-30T16:01:34.410+0000] {logging_mixin.py:188} INFO - [2025-11-30T16:01:34.409+0000] {dag.py:3047} INFO - Sync 1 DAGs
[2025-11-30T16:01:34.447+0000] {logging_mixin.py:188} INFO - [2025-11-30T16:01:34.446+0000] {dag.py:3834} INFO - Setting next_dagrun for prediction_dag to 2025-11-30 16:00:00+00:00, run_after=2025-11-30 16:02:00+00:00
[2025-11-30T16:01:34.486+0000] {processor.py:183} INFO - Processing /opt/airflow/dags/prediction_dag.py took 0.185 seconds
[2025-11-30T16:02:04.822+0000] {processor.py:161} INFO - Started process (PID=50774) to work on /opt/airflow/dags/prediction_dag.py
[2025-11-30T16:02:04.825+0000] {processor.py:830} INFO - Processing file /opt/airflow/dags/prediction_dag.py for tasks to queue
[2025-11-30T16:02:04.826+0000] {logging_mixin.py:188} INFO - [2025-11-30T16:02:04.826+0000] {dagbag.py:540} INFO - Filling up the DagBag from /opt/airflow/dags/prediction_dag.py
[2025-11-30T16:02:04.852+0000] {processor.py:840} INFO - DAG(s) 'prediction_dag' retrieved from /opt/airflow/dags/prediction_dag.py
[2025-11-30T16:02:04.890+0000] {logging_mixin.py:188} INFO - [2025-11-30T16:02:04.890+0000] {dag.py:3047} INFO - Sync 1 DAGs
[2025-11-30T16:02:04.913+0000] {logging_mixin.py:188} INFO - [2025-11-30T16:02:04.913+0000] {dag.py:3834} INFO - Setting next_dagrun for prediction_dag to 2025-11-30 16:02:00+00:00, run_after=2025-11-30 16:04:00+00:00
[2025-11-30T16:02:04.930+0000] {processor.py:183} INFO - Processing /opt/airflow/dags/prediction_dag.py took 0.118 seconds
[2025-11-30T16:02:35.216+0000] {processor.py:161} INFO - Started process (PID=50842) to work on /opt/airflow/dags/prediction_dag.py
[2025-11-30T16:02:35.219+0000] {processor.py:830} INFO - Processing file /opt/airflow/dags/prediction_dag.py for tasks to queue
[2025-11-30T16:02:35.220+0000] {logging_mixin.py:188} INFO - [2025-11-30T16:02:35.220+0000] {dagbag.py:540} INFO - Filling up the DagBag from /opt/airflow/dags/prediction_dag.py
[2025-11-30T16:02:35.251+0000] {processor.py:840} INFO - DAG(s) 'prediction_dag' retrieved from /opt/airflow/dags/prediction_dag.py
[2025-11-30T16:02:35.295+0000] {logging_mixin.py:188} INFO - [2025-11-30T16:02:35.295+0000] {dag.py:3047} INFO - Sync 1 DAGs
[2025-11-30T16:02:35.324+0000] {logging_mixin.py:188} INFO - [2025-11-30T16:02:35.323+0000] {dag.py:3834} INFO - Setting next_dagrun for prediction_dag to 2025-11-30 16:02:00+00:00, run_after=2025-11-30 16:04:00+00:00
[2025-11-30T16:02:35.339+0000] {processor.py:183} INFO - Processing /opt/airflow/dags/prediction_dag.py took 0.130 seconds
[2025-11-30T16:03:05.611+0000] {processor.py:161} INFO - Started process (PID=50871) to work on /opt/airflow/dags/prediction_dag.py
[2025-11-30T16:03:05.614+0000] {processor.py:830} INFO - Processing file /opt/airflow/dags/prediction_dag.py for tasks to queue
[2025-11-30T16:03:05.616+0000] {logging_mixin.py:188} INFO - [2025-11-30T16:03:05.615+0000] {dagbag.py:540} INFO - Filling up the DagBag from /opt/airflow/dags/prediction_dag.py
[2025-11-30T16:03:05.655+0000] {processor.py:840} INFO - DAG(s) 'prediction_dag' retrieved from /opt/airflow/dags/prediction_dag.py
[2025-11-30T16:03:05.712+0000] {logging_mixin.py:188} INFO - [2025-11-30T16:03:05.711+0000] {dag.py:3047} INFO - Sync 1 DAGs
[2025-11-30T16:03:05.745+0000] {logging_mixin.py:188} INFO - [2025-11-30T16:03:05.745+0000] {dag.py:3834} INFO - Setting next_dagrun for prediction_dag to 2025-11-30 16:02:00+00:00, run_after=2025-11-30 16:04:00+00:00
[2025-11-30T16:03:05.763+0000] {processor.py:183} INFO - Processing /opt/airflow/dags/prediction_dag.py took 0.162 seconds
[2025-11-30T16:03:36.174+0000] {processor.py:161} INFO - Started process (PID=50940) to work on /opt/airflow/dags/prediction_dag.py
[2025-11-30T16:03:36.178+0000] {processor.py:830} INFO - Processing file /opt/airflow/dags/prediction_dag.py for tasks to queue
[2025-11-30T16:03:36.186+0000] {logging_mixin.py:188} INFO - [2025-11-30T16:03:36.184+0000] {dagbag.py:540} INFO - Filling up the DagBag from /opt/airflow/dags/prediction_dag.py
[2025-11-30T16:03:36.223+0000] {processor.py:840} INFO - DAG(s) 'prediction_dag' retrieved from /opt/airflow/dags/prediction_dag.py
[2025-11-30T16:03:36.282+0000] {logging_mixin.py:188} INFO - [2025-11-30T16:03:36.282+0000] {dag.py:3047} INFO - Sync 1 DAGs
[2025-11-30T16:03:36.325+0000] {logging_mixin.py:188} INFO - [2025-11-30T16:03:36.325+0000] {dag.py:3834} INFO - Setting next_dagrun for prediction_dag to 2025-11-30 16:02:00+00:00, run_after=2025-11-30 16:04:00+00:00
[2025-11-30T16:03:36.347+0000] {processor.py:183} INFO - Processing /opt/airflow/dags/prediction_dag.py took 0.190 seconds
[2025-11-30T16:04:06.520+0000] {processor.py:161} INFO - Started process (PID=50983) to work on /opt/airflow/dags/prediction_dag.py
[2025-11-30T16:04:06.523+0000] {processor.py:830} INFO - Processing file /opt/airflow/dags/prediction_dag.py for tasks to queue
[2025-11-30T16:04:06.524+0000] {logging_mixin.py:188} INFO - [2025-11-30T16:04:06.524+0000] {dagbag.py:540} INFO - Filling up the DagBag from /opt/airflow/dags/prediction_dag.py
[2025-11-30T16:04:06.548+0000] {processor.py:840} INFO - DAG(s) 'prediction_dag' retrieved from /opt/airflow/dags/prediction_dag.py
[2025-11-30T16:04:06.589+0000] {logging_mixin.py:188} INFO - [2025-11-30T16:04:06.589+0000] {dag.py:3047} INFO - Sync 1 DAGs
[2025-11-30T16:04:06.615+0000] {logging_mixin.py:188} INFO - [2025-11-30T16:04:06.615+0000] {dag.py:3834} INFO - Setting next_dagrun for prediction_dag to 2025-11-30 16:04:00+00:00, run_after=2025-11-30 16:06:00+00:00
[2025-11-30T16:04:06.627+0000] {processor.py:183} INFO - Processing /opt/airflow/dags/prediction_dag.py took 0.114 seconds
[2025-11-30T16:04:37.099+0000] {processor.py:161} INFO - Started process (PID=51044) to work on /opt/airflow/dags/prediction_dag.py
[2025-11-30T16:04:37.102+0000] {processor.py:830} INFO - Processing file /opt/airflow/dags/prediction_dag.py for tasks to queue
[2025-11-30T16:04:37.103+0000] {logging_mixin.py:188} INFO - [2025-11-30T16:04:37.103+0000] {dagbag.py:540} INFO - Filling up the DagBag from /opt/airflow/dags/prediction_dag.py
[2025-11-30T16:04:37.140+0000] {processor.py:840} INFO - DAG(s) 'prediction_dag' retrieved from /opt/airflow/dags/prediction_dag.py
[2025-11-30T16:04:37.193+0000] {logging_mixin.py:188} INFO - [2025-11-30T16:04:37.193+0000] {dag.py:3047} INFO - Sync 1 DAGs
[2025-11-30T16:04:37.224+0000] {logging_mixin.py:188} INFO - [2025-11-30T16:04:37.224+0000] {dag.py:3834} INFO - Setting next_dagrun for prediction_dag to 2025-11-30 16:04:00+00:00, run_after=2025-11-30 16:06:00+00:00
[2025-11-30T16:04:37.241+0000] {processor.py:183} INFO - Processing /opt/airflow/dags/prediction_dag.py took 0.152 seconds
[2025-11-30T16:05:07.525+0000] {processor.py:161} INFO - Started process (PID=51083) to work on /opt/airflow/dags/prediction_dag.py
[2025-11-30T16:05:07.527+0000] {processor.py:830} INFO - Processing file /opt/airflow/dags/prediction_dag.py for tasks to queue
[2025-11-30T16:05:07.528+0000] {logging_mixin.py:188} INFO - [2025-11-30T16:05:07.528+0000] {dagbag.py:540} INFO - Filling up the DagBag from /opt/airflow/dags/prediction_dag.py
[2025-11-30T16:05:07.541+0000] {processor.py:840} INFO - DAG(s) 'prediction_dag' retrieved from /opt/airflow/dags/prediction_dag.py
[2025-11-30T16:05:07.568+0000] {logging_mixin.py:188} INFO - [2025-11-30T16:05:07.567+0000] {dag.py:3047} INFO - Sync 1 DAGs
[2025-11-30T16:05:07.587+0000] {logging_mixin.py:188} INFO - [2025-11-30T16:05:07.587+0000] {dag.py:3834} INFO - Setting next_dagrun for prediction_dag to 2025-11-30 16:04:00+00:00, run_after=2025-11-30 16:06:00+00:00
[2025-11-30T16:05:07.608+0000] {processor.py:183} INFO - Processing /opt/airflow/dags/prediction_dag.py took 0.087 seconds
[2025-11-30T16:05:37.853+0000] {processor.py:161} INFO - Started process (PID=51142) to work on /opt/airflow/dags/prediction_dag.py
[2025-11-30T16:05:37.856+0000] {processor.py:830} INFO - Processing file /opt/airflow/dags/prediction_dag.py for tasks to queue
[2025-11-30T16:05:37.858+0000] {logging_mixin.py:188} INFO - [2025-11-30T16:05:37.857+0000] {dagbag.py:540} INFO - Filling up the DagBag from /opt/airflow/dags/prediction_dag.py
[2025-11-30T16:05:37.887+0000] {processor.py:840} INFO - DAG(s) 'prediction_dag' retrieved from /opt/airflow/dags/prediction_dag.py
[2025-11-30T16:05:37.931+0000] {logging_mixin.py:188} INFO - [2025-11-30T16:05:37.931+0000] {dag.py:3047} INFO - Sync 1 DAGs
[2025-11-30T16:05:37.962+0000] {logging_mixin.py:188} INFO - [2025-11-30T16:05:37.962+0000] {dag.py:3834} INFO - Setting next_dagrun for prediction_dag to 2025-11-30 16:04:00+00:00, run_after=2025-11-30 16:06:00+00:00
[2025-11-30T16:05:37.977+0000] {processor.py:183} INFO - Processing /opt/airflow/dags/prediction_dag.py took 0.134 seconds
[2025-11-30T16:06:08.201+0000] {processor.py:161} INFO - Started process (PID=51187) to work on /opt/airflow/dags/prediction_dag.py
[2025-11-30T16:06:08.204+0000] {processor.py:830} INFO - Processing file /opt/airflow/dags/prediction_dag.py for tasks to queue
[2025-11-30T16:06:08.205+0000] {logging_mixin.py:188} INFO - [2025-11-30T16:06:08.205+0000] {dagbag.py:540} INFO - Filling up the DagBag from /opt/airflow/dags/prediction_dag.py
[2025-11-30T16:06:08.222+0000] {processor.py:840} INFO - DAG(s) 'prediction_dag' retrieved from /opt/airflow/dags/prediction_dag.py
[2025-11-30T16:06:08.252+0000] {logging_mixin.py:188} INFO - [2025-11-30T16:06:08.251+0000] {dag.py:3047} INFO - Sync 1 DAGs
[2025-11-30T16:06:08.278+0000] {logging_mixin.py:188} INFO - [2025-11-30T16:06:08.278+0000] {dag.py:3834} INFO - Setting next_dagrun for prediction_dag to 2025-11-30 16:06:00+00:00, run_after=2025-11-30 16:08:00+00:00
[2025-11-30T16:06:08.294+0000] {processor.py:183} INFO - Processing /opt/airflow/dags/prediction_dag.py took 0.100 seconds
[2025-11-30T16:06:38.694+0000] {processor.py:161} INFO - Started process (PID=51246) to work on /opt/airflow/dags/prediction_dag.py
[2025-11-30T16:06:38.698+0000] {processor.py:830} INFO - Processing file /opt/airflow/dags/prediction_dag.py for tasks to queue
[2025-11-30T16:06:38.700+0000] {logging_mixin.py:188} INFO - [2025-11-30T16:06:38.699+0000] {dagbag.py:540} INFO - Filling up the DagBag from /opt/airflow/dags/prediction_dag.py
[2025-11-30T16:06:38.738+0000] {processor.py:840} INFO - DAG(s) 'prediction_dag' retrieved from /opt/airflow/dags/prediction_dag.py
[2025-11-30T16:06:38.803+0000] {logging_mixin.py:188} INFO - [2025-11-30T16:06:38.803+0000] {dag.py:3047} INFO - Sync 1 DAGs
[2025-11-30T16:06:38.833+0000] {logging_mixin.py:188} INFO - [2025-11-30T16:06:38.833+0000] {dag.py:3834} INFO - Setting next_dagrun for prediction_dag to 2025-11-30 16:06:00+00:00, run_after=2025-11-30 16:08:00+00:00
[2025-11-30T16:06:38.849+0000] {processor.py:183} INFO - Processing /opt/airflow/dags/prediction_dag.py took 0.166 seconds
[2025-11-30T16:07:09.171+0000] {processor.py:161} INFO - Started process (PID=51293) to work on /opt/airflow/dags/prediction_dag.py
[2025-11-30T16:07:09.173+0000] {processor.py:830} INFO - Processing file /opt/airflow/dags/prediction_dag.py for tasks to queue
[2025-11-30T16:07:09.174+0000] {logging_mixin.py:188} INFO - [2025-11-30T16:07:09.174+0000] {dagbag.py:540} INFO - Filling up the DagBag from /opt/airflow/dags/prediction_dag.py
[2025-11-30T16:07:09.205+0000] {processor.py:840} INFO - DAG(s) 'prediction_dag' retrieved from /opt/airflow/dags/prediction_dag.py
[2025-11-30T16:07:09.267+0000] {logging_mixin.py:188} INFO - [2025-11-30T16:07:09.267+0000] {dag.py:3047} INFO - Sync 1 DAGs
[2025-11-30T16:07:09.294+0000] {logging_mixin.py:188} INFO - [2025-11-30T16:07:09.294+0000] {dag.py:3834} INFO - Setting next_dagrun for prediction_dag to 2025-11-30 16:06:00+00:00, run_after=2025-11-30 16:08:00+00:00
[2025-11-30T16:07:09.309+0000] {processor.py:183} INFO - Processing /opt/airflow/dags/prediction_dag.py took 0.148 seconds
[2025-11-30T16:07:39.902+0000] {processor.py:161} INFO - Started process (PID=51344) to work on /opt/airflow/dags/prediction_dag.py
[2025-11-30T16:07:39.903+0000] {processor.py:830} INFO - Processing file /opt/airflow/dags/prediction_dag.py for tasks to queue
[2025-11-30T16:07:39.904+0000] {logging_mixin.py:188} INFO - [2025-11-30T16:07:39.904+0000] {dagbag.py:540} INFO - Filling up the DagBag from /opt/airflow/dags/prediction_dag.py
[2025-11-30T16:07:39.927+0000] {processor.py:840} INFO - DAG(s) 'prediction_dag' retrieved from /opt/airflow/dags/prediction_dag.py
[2025-11-30T16:07:39.963+0000] {logging_mixin.py:188} INFO - [2025-11-30T16:07:39.962+0000] {dag.py:3047} INFO - Sync 1 DAGs
[2025-11-30T16:07:39.987+0000] {logging_mixin.py:188} INFO - [2025-11-30T16:07:39.986+0000] {dag.py:3834} INFO - Setting next_dagrun for prediction_dag to 2025-11-30 16:06:00+00:00, run_after=2025-11-30 16:08:00+00:00
[2025-11-30T16:07:39.997+0000] {processor.py:183} INFO - Processing /opt/airflow/dags/prediction_dag.py took 0.105 seconds
[2025-11-30T16:08:10.240+0000] {processor.py:161} INFO - Started process (PID=51400) to work on /opt/airflow/dags/prediction_dag.py
[2025-11-30T16:08:10.245+0000] {processor.py:830} INFO - Processing file /opt/airflow/dags/prediction_dag.py for tasks to queue
[2025-11-30T16:08:10.248+0000] {logging_mixin.py:188} INFO - [2025-11-30T16:08:10.247+0000] {dagbag.py:540} INFO - Filling up the DagBag from /opt/airflow/dags/prediction_dag.py
[2025-11-30T16:08:10.317+0000] {processor.py:840} INFO - DAG(s) 'prediction_dag' retrieved from /opt/airflow/dags/prediction_dag.py
[2025-11-30T16:08:10.389+0000] {logging_mixin.py:188} INFO - [2025-11-30T16:08:10.389+0000] {dag.py:3047} INFO - Sync 1 DAGs
[2025-11-30T16:08:10.440+0000] {logging_mixin.py:188} INFO - [2025-11-30T16:08:10.440+0000] {dag.py:3834} INFO - Setting next_dagrun for prediction_dag to 2025-11-30 16:08:00+00:00, run_after=2025-11-30 16:10:00+00:00
[2025-11-30T16:08:10.471+0000] {processor.py:183} INFO - Processing /opt/airflow/dags/prediction_dag.py took 0.244 seconds
[2025-11-30T16:08:40.868+0000] {processor.py:161} INFO - Started process (PID=51439) to work on /opt/airflow/dags/prediction_dag.py
[2025-11-30T16:08:40.869+0000] {processor.py:830} INFO - Processing file /opt/airflow/dags/prediction_dag.py for tasks to queue
[2025-11-30T16:08:40.870+0000] {logging_mixin.py:188} INFO - [2025-11-30T16:08:40.870+0000] {dagbag.py:540} INFO - Filling up the DagBag from /opt/airflow/dags/prediction_dag.py
[2025-11-30T16:08:40.884+0000] {processor.py:840} INFO - DAG(s) 'prediction_dag' retrieved from /opt/airflow/dags/prediction_dag.py
[2025-11-30T16:08:40.914+0000] {logging_mixin.py:188} INFO - [2025-11-30T16:08:40.914+0000] {dag.py:3047} INFO - Sync 1 DAGs
[2025-11-30T16:08:40.934+0000] {logging_mixin.py:188} INFO - [2025-11-30T16:08:40.933+0000] {dag.py:3834} INFO - Setting next_dagrun for prediction_dag to 2025-11-30 16:08:00+00:00, run_after=2025-11-30 16:10:00+00:00
[2025-11-30T16:08:40.947+0000] {processor.py:183} INFO - Processing /opt/airflow/dags/prediction_dag.py took 0.082 seconds
[2025-11-30T16:09:11.202+0000] {processor.py:161} INFO - Started process (PID=51488) to work on /opt/airflow/dags/prediction_dag.py
[2025-11-30T16:09:11.205+0000] {processor.py:830} INFO - Processing file /opt/airflow/dags/prediction_dag.py for tasks to queue
[2025-11-30T16:09:11.209+0000] {logging_mixin.py:188} INFO - [2025-11-30T16:09:11.207+0000] {dagbag.py:540} INFO - Filling up the DagBag from /opt/airflow/dags/prediction_dag.py
[2025-11-30T16:09:11.246+0000] {processor.py:840} INFO - DAG(s) 'prediction_dag' retrieved from /opt/airflow/dags/prediction_dag.py
[2025-11-30T16:09:11.351+0000] {logging_mixin.py:188} INFO - [2025-11-30T16:09:11.349+0000] {dag.py:3047} INFO - Sync 1 DAGs
[2025-11-30T16:09:11.444+0000] {logging_mixin.py:188} INFO - [2025-11-30T16:09:11.444+0000] {dag.py:3834} INFO - Setting next_dagrun for prediction_dag to 2025-11-30 16:08:00+00:00, run_after=2025-11-30 16:10:00+00:00
[2025-11-30T16:09:11.473+0000] {processor.py:183} INFO - Processing /opt/airflow/dags/prediction_dag.py took 0.282 seconds
[2025-11-30T16:09:41.733+0000] {processor.py:161} INFO - Started process (PID=51533) to work on /opt/airflow/dags/prediction_dag.py
[2025-11-30T16:09:41.737+0000] {processor.py:830} INFO - Processing file /opt/airflow/dags/prediction_dag.py for tasks to queue
[2025-11-30T16:09:41.739+0000] {logging_mixin.py:188} INFO - [2025-11-30T16:09:41.738+0000] {dagbag.py:540} INFO - Filling up the DagBag from /opt/airflow/dags/prediction_dag.py
[2025-11-30T16:09:41.785+0000] {processor.py:840} INFO - DAG(s) 'prediction_dag' retrieved from /opt/airflow/dags/prediction_dag.py
[2025-11-30T16:09:41.851+0000] {logging_mixin.py:188} INFO - [2025-11-30T16:09:41.851+0000] {dag.py:3047} INFO - Sync 1 DAGs
[2025-11-30T16:09:41.894+0000] {logging_mixin.py:188} INFO - [2025-11-30T16:09:41.894+0000] {dag.py:3834} INFO - Setting next_dagrun for prediction_dag to 2025-11-30 16:08:00+00:00, run_after=2025-11-30 16:10:00+00:00
[2025-11-30T16:09:41.916+0000] {processor.py:183} INFO - Processing /opt/airflow/dags/prediction_dag.py took 0.199 seconds
[2025-11-30T16:10:12.566+0000] {processor.py:161} INFO - Started process (PID=51592) to work on /opt/airflow/dags/prediction_dag.py
[2025-11-30T16:10:12.568+0000] {processor.py:830} INFO - Processing file /opt/airflow/dags/prediction_dag.py for tasks to queue
[2025-11-30T16:10:12.569+0000] {logging_mixin.py:188} INFO - [2025-11-30T16:10:12.569+0000] {dagbag.py:540} INFO - Filling up the DagBag from /opt/airflow/dags/prediction_dag.py
[2025-11-30T16:10:12.613+0000] {processor.py:840} INFO - DAG(s) 'prediction_dag' retrieved from /opt/airflow/dags/prediction_dag.py
[2025-11-30T16:10:12.699+0000] {logging_mixin.py:188} INFO - [2025-11-30T16:10:12.699+0000] {dag.py:3047} INFO - Sync 1 DAGs
[2025-11-30T16:10:12.776+0000] {logging_mixin.py:188} INFO - [2025-11-30T16:10:12.776+0000] {dag.py:3834} INFO - Setting next_dagrun for prediction_dag to 2025-11-30 16:10:00+00:00, run_after=2025-11-30 16:12:00+00:00
[2025-11-30T16:10:12.804+0000] {processor.py:183} INFO - Processing /opt/airflow/dags/prediction_dag.py took 0.248 seconds
[2025-11-30T16:10:42.978+0000] {processor.py:161} INFO - Started process (PID=51637) to work on /opt/airflow/dags/prediction_dag.py
[2025-11-30T16:10:42.980+0000] {processor.py:830} INFO - Processing file /opt/airflow/dags/prediction_dag.py for tasks to queue
[2025-11-30T16:10:42.981+0000] {logging_mixin.py:188} INFO - [2025-11-30T16:10:42.981+0000] {dagbag.py:540} INFO - Filling up the DagBag from /opt/airflow/dags/prediction_dag.py
[2025-11-30T16:10:43.013+0000] {processor.py:840} INFO - DAG(s) 'prediction_dag' retrieved from /opt/airflow/dags/prediction_dag.py
[2025-11-30T16:10:43.091+0000] {logging_mixin.py:188} INFO - [2025-11-30T16:10:43.089+0000] {dag.py:3047} INFO - Sync 1 DAGs
[2025-11-30T16:10:43.144+0000] {logging_mixin.py:188} INFO - [2025-11-30T16:10:43.144+0000] {dag.py:3834} INFO - Setting next_dagrun for prediction_dag to 2025-11-30 16:10:00+00:00, run_after=2025-11-30 16:12:00+00:00
[2025-11-30T16:10:43.179+0000] {processor.py:183} INFO - Processing /opt/airflow/dags/prediction_dag.py took 0.213 seconds
[2025-11-30T16:11:13.989+0000] {processor.py:161} INFO - Started process (PID=51714) to work on /opt/airflow/dags/prediction_dag.py
[2025-11-30T16:11:14.000+0000] {processor.py:830} INFO - Processing file /opt/airflow/dags/prediction_dag.py for tasks to queue
[2025-11-30T16:11:14.004+0000] {logging_mixin.py:188} INFO - [2025-11-30T16:11:14.002+0000] {dagbag.py:540} INFO - Filling up the DagBag from /opt/airflow/dags/prediction_dag.py
[2025-11-30T16:11:14.107+0000] {processor.py:840} INFO - DAG(s) 'prediction_dag' retrieved from /opt/airflow/dags/prediction_dag.py
[2025-11-30T16:11:14.274+0000] {logging_mixin.py:188} INFO - [2025-11-30T16:11:14.274+0000] {dag.py:3047} INFO - Sync 1 DAGs
[2025-11-30T16:11:14.342+0000] {logging_mixin.py:188} INFO - [2025-11-30T16:11:14.342+0000] {dag.py:3834} INFO - Setting next_dagrun for prediction_dag to 2025-11-30 16:10:00+00:00, run_after=2025-11-30 16:12:00+00:00
[2025-11-30T16:11:14.366+0000] {processor.py:183} INFO - Processing /opt/airflow/dags/prediction_dag.py took 0.437 seconds
[2025-11-30T16:11:44.673+0000] {processor.py:161} INFO - Started process (PID=51735) to work on /opt/airflow/dags/prediction_dag.py
[2025-11-30T16:11:44.676+0000] {processor.py:830} INFO - Processing file /opt/airflow/dags/prediction_dag.py for tasks to queue
[2025-11-30T16:11:44.678+0000] {logging_mixin.py:188} INFO - [2025-11-30T16:11:44.677+0000] {dagbag.py:540} INFO - Filling up the DagBag from /opt/airflow/dags/prediction_dag.py
[2025-11-30T16:11:44.734+0000] {processor.py:840} INFO - DAG(s) 'prediction_dag' retrieved from /opt/airflow/dags/prediction_dag.py
[2025-11-30T16:11:44.769+0000] {logging_mixin.py:188} INFO - [2025-11-30T16:11:44.769+0000] {dag.py:3047} INFO - Sync 1 DAGs
[2025-11-30T16:11:44.792+0000] {logging_mixin.py:188} INFO - [2025-11-30T16:11:44.791+0000] {dag.py:3834} INFO - Setting next_dagrun for prediction_dag to 2025-11-30 16:10:00+00:00, run_after=2025-11-30 16:12:00+00:00
[2025-11-30T16:11:44.805+0000] {processor.py:183} INFO - Processing /opt/airflow/dags/prediction_dag.py took 0.140 seconds
[2025-11-30T16:12:15.110+0000] {processor.py:161} INFO - Started process (PID=51821) to work on /opt/airflow/dags/prediction_dag.py
[2025-11-30T16:12:15.112+0000] {processor.py:830} INFO - Processing file /opt/airflow/dags/prediction_dag.py for tasks to queue
[2025-11-30T16:12:15.113+0000] {logging_mixin.py:188} INFO - [2025-11-30T16:12:15.113+0000] {dagbag.py:540} INFO - Filling up the DagBag from /opt/airflow/dags/prediction_dag.py
[2025-11-30T16:12:15.138+0000] {processor.py:840} INFO - DAG(s) 'prediction_dag' retrieved from /opt/airflow/dags/prediction_dag.py
[2025-11-30T16:12:15.199+0000] {logging_mixin.py:188} INFO - [2025-11-30T16:12:15.199+0000] {dag.py:3047} INFO - Sync 1 DAGs
[2025-11-30T16:12:15.232+0000] {logging_mixin.py:188} INFO - [2025-11-30T16:12:15.232+0000] {dag.py:3834} INFO - Setting next_dagrun for prediction_dag to 2025-11-30 16:12:00+00:00, run_after=2025-11-30 16:14:00+00:00
[2025-11-30T16:12:15.252+0000] {processor.py:183} INFO - Processing /opt/airflow/dags/prediction_dag.py took 0.149 seconds
[2025-11-30T16:12:45.382+0000] {processor.py:161} INFO - Started process (PID=51839) to work on /opt/airflow/dags/prediction_dag.py
[2025-11-30T16:12:45.387+0000] {processor.py:830} INFO - Processing file /opt/airflow/dags/prediction_dag.py for tasks to queue
[2025-11-30T16:12:45.389+0000] {logging_mixin.py:188} INFO - [2025-11-30T16:12:45.388+0000] {dagbag.py:540} INFO - Filling up the DagBag from /opt/airflow/dags/prediction_dag.py
[2025-11-30T16:12:45.429+0000] {processor.py:840} INFO - DAG(s) 'prediction_dag' retrieved from /opt/airflow/dags/prediction_dag.py
[2025-11-30T16:12:45.498+0000] {logging_mixin.py:188} INFO - [2025-11-30T16:12:45.497+0000] {dag.py:3047} INFO - Sync 1 DAGs
[2025-11-30T16:12:45.528+0000] {logging_mixin.py:188} INFO - [2025-11-30T16:12:45.527+0000] {dag.py:3834} INFO - Setting next_dagrun for prediction_dag to 2025-11-30 16:12:00+00:00, run_after=2025-11-30 16:14:00+00:00
[2025-11-30T16:12:45.554+0000] {processor.py:183} INFO - Processing /opt/airflow/dags/prediction_dag.py took 0.186 seconds
[2025-11-30T16:13:15.659+0000] {processor.py:161} INFO - Started process (PID=51919) to work on /opt/airflow/dags/prediction_dag.py
[2025-11-30T16:13:15.661+0000] {processor.py:830} INFO - Processing file /opt/airflow/dags/prediction_dag.py for tasks to queue
[2025-11-30T16:13:15.663+0000] {logging_mixin.py:188} INFO - [2025-11-30T16:13:15.662+0000] {dagbag.py:540} INFO - Filling up the DagBag from /opt/airflow/dags/prediction_dag.py
[2025-11-30T16:13:15.702+0000] {processor.py:840} INFO - DAG(s) 'prediction_dag' retrieved from /opt/airflow/dags/prediction_dag.py
[2025-11-30T16:13:15.752+0000] {logging_mixin.py:188} INFO - [2025-11-30T16:13:15.751+0000] {dag.py:3047} INFO - Sync 1 DAGs
[2025-11-30T16:13:15.781+0000] {logging_mixin.py:188} INFO - [2025-11-30T16:13:15.781+0000] {dag.py:3834} INFO - Setting next_dagrun for prediction_dag to 2025-11-30 16:12:00+00:00, run_after=2025-11-30 16:14:00+00:00
[2025-11-30T16:13:15.795+0000] {processor.py:183} INFO - Processing /opt/airflow/dags/prediction_dag.py took 0.146 seconds
[2025-11-30T16:13:45.955+0000] {processor.py:161} INFO - Started process (PID=51937) to work on /opt/airflow/dags/prediction_dag.py
[2025-11-30T16:13:45.958+0000] {processor.py:830} INFO - Processing file /opt/airflow/dags/prediction_dag.py for tasks to queue
[2025-11-30T16:13:45.960+0000] {logging_mixin.py:188} INFO - [2025-11-30T16:13:45.959+0000] {dagbag.py:540} INFO - Filling up the DagBag from /opt/airflow/dags/prediction_dag.py
[2025-11-30T16:13:45.990+0000] {processor.py:840} INFO - DAG(s) 'prediction_dag' retrieved from /opt/airflow/dags/prediction_dag.py
[2025-11-30T16:13:46.043+0000] {logging_mixin.py:188} INFO - [2025-11-30T16:13:46.042+0000] {dag.py:3047} INFO - Sync 1 DAGs
[2025-11-30T16:13:46.073+0000] {logging_mixin.py:188} INFO - [2025-11-30T16:13:46.072+0000] {dag.py:3834} INFO - Setting next_dagrun for prediction_dag to 2025-11-30 16:12:00+00:00, run_after=2025-11-30 16:14:00+00:00
[2025-11-30T16:13:46.088+0000] {processor.py:183} INFO - Processing /opt/airflow/dags/prediction_dag.py took 0.142 seconds
[2025-11-30T16:14:16.703+0000] {processor.py:161} INFO - Started process (PID=52023) to work on /opt/airflow/dags/prediction_dag.py
[2025-11-30T16:14:16.705+0000] {processor.py:830} INFO - Processing file /opt/airflow/dags/prediction_dag.py for tasks to queue
[2025-11-30T16:14:16.706+0000] {logging_mixin.py:188} INFO - [2025-11-30T16:14:16.705+0000] {dagbag.py:540} INFO - Filling up the DagBag from /opt/airflow/dags/prediction_dag.py
[2025-11-30T16:14:16.724+0000] {processor.py:840} INFO - DAG(s) 'prediction_dag' retrieved from /opt/airflow/dags/prediction_dag.py
[2025-11-30T16:14:16.765+0000] {logging_mixin.py:188} INFO - [2025-11-30T16:14:16.765+0000] {dag.py:3047} INFO - Sync 1 DAGs
[2025-11-30T16:14:16.787+0000] {logging_mixin.py:188} INFO - [2025-11-30T16:14:16.786+0000] {dag.py:3834} INFO - Setting next_dagrun for prediction_dag to 2025-11-30 16:14:00+00:00, run_after=2025-11-30 16:16:00+00:00
[2025-11-30T16:14:16.798+0000] {processor.py:183} INFO - Processing /opt/airflow/dags/prediction_dag.py took 0.105 seconds
[2025-11-30T16:14:47.186+0000] {processor.py:161} INFO - Started process (PID=52041) to work on /opt/airflow/dags/prediction_dag.py
[2025-11-30T16:14:47.188+0000] {processor.py:830} INFO - Processing file /opt/airflow/dags/prediction_dag.py for tasks to queue
[2025-11-30T16:14:47.189+0000] {logging_mixin.py:188} INFO - [2025-11-30T16:14:47.189+0000] {dagbag.py:540} INFO - Filling up the DagBag from /opt/airflow/dags/prediction_dag.py
[2025-11-30T16:14:47.210+0000] {processor.py:840} INFO - DAG(s) 'prediction_dag' retrieved from /opt/airflow/dags/prediction_dag.py
[2025-11-30T16:14:47.238+0000] {logging_mixin.py:188} INFO - [2025-11-30T16:14:47.238+0000] {dag.py:3047} INFO - Sync 1 DAGs
[2025-11-30T16:14:47.263+0000] {logging_mixin.py:188} INFO - [2025-11-30T16:14:47.263+0000] {dag.py:3834} INFO - Setting next_dagrun for prediction_dag to 2025-11-30 16:14:00+00:00, run_after=2025-11-30 16:16:00+00:00
[2025-11-30T16:14:47.273+0000] {processor.py:183} INFO - Processing /opt/airflow/dags/prediction_dag.py took 0.093 seconds
[2025-11-30T16:15:17.831+0000] {processor.py:161} INFO - Started process (PID=52112) to work on /opt/airflow/dags/prediction_dag.py
[2025-11-30T16:15:17.833+0000] {processor.py:830} INFO - Processing file /opt/airflow/dags/prediction_dag.py for tasks to queue
[2025-11-30T16:15:17.834+0000] {logging_mixin.py:188} INFO - [2025-11-30T16:15:17.834+0000] {dagbag.py:540} INFO - Filling up the DagBag from /opt/airflow/dags/prediction_dag.py
[2025-11-30T16:15:17.851+0000] {processor.py:840} INFO - DAG(s) 'prediction_dag' retrieved from /opt/airflow/dags/prediction_dag.py
[2025-11-30T16:15:17.893+0000] {logging_mixin.py:188} INFO - [2025-11-30T16:15:17.893+0000] {dag.py:3047} INFO - Sync 1 DAGs
[2025-11-30T16:15:17.929+0000] {logging_mixin.py:188} INFO - [2025-11-30T16:15:17.928+0000] {dag.py:3834} INFO - Setting next_dagrun for prediction_dag to 2025-11-30 16:14:00+00:00, run_after=2025-11-30 16:16:00+00:00
[2025-11-30T16:15:17.946+0000] {processor.py:183} INFO - Processing /opt/airflow/dags/prediction_dag.py took 0.122 seconds
[2025-11-30T16:15:48.463+0000] {processor.py:161} INFO - Started process (PID=52126) to work on /opt/airflow/dags/prediction_dag.py
[2025-11-30T16:15:48.466+0000] {processor.py:830} INFO - Processing file /opt/airflow/dags/prediction_dag.py for tasks to queue
[2025-11-30T16:15:48.468+0000] {logging_mixin.py:188} INFO - [2025-11-30T16:15:48.467+0000] {dagbag.py:540} INFO - Filling up the DagBag from /opt/airflow/dags/prediction_dag.py
[2025-11-30T16:15:48.529+0000] {processor.py:840} INFO - DAG(s) 'prediction_dag' retrieved from /opt/airflow/dags/prediction_dag.py
[2025-11-30T16:15:48.642+0000] {logging_mixin.py:188} INFO - [2025-11-30T16:15:48.642+0000] {dag.py:3047} INFO - Sync 1 DAGs
[2025-11-30T16:15:48.685+0000] {logging_mixin.py:188} INFO - [2025-11-30T16:15:48.685+0000] {dag.py:3834} INFO - Setting next_dagrun for prediction_dag to 2025-11-30 16:14:00+00:00, run_after=2025-11-30 16:16:00+00:00
[2025-11-30T16:15:48.718+0000] {processor.py:183} INFO - Processing /opt/airflow/dags/prediction_dag.py took 0.270 seconds
[2025-11-30T16:16:19.325+0000] {processor.py:161} INFO - Started process (PID=52212) to work on /opt/airflow/dags/prediction_dag.py
[2025-11-30T16:16:19.327+0000] {processor.py:830} INFO - Processing file /opt/airflow/dags/prediction_dag.py for tasks to queue
[2025-11-30T16:16:19.329+0000] {logging_mixin.py:188} INFO - [2025-11-30T16:16:19.328+0000] {dagbag.py:540} INFO - Filling up the DagBag from /opt/airflow/dags/prediction_dag.py
[2025-11-30T16:16:19.363+0000] {processor.py:840} INFO - DAG(s) 'prediction_dag' retrieved from /opt/airflow/dags/prediction_dag.py
[2025-11-30T16:16:19.409+0000] {logging_mixin.py:188} INFO - [2025-11-30T16:16:19.409+0000] {dag.py:3047} INFO - Sync 1 DAGs
[2025-11-30T16:16:19.440+0000] {logging_mixin.py:188} INFO - [2025-11-30T16:16:19.440+0000] {dag.py:3834} INFO - Setting next_dagrun for prediction_dag to 2025-11-30 16:16:00+00:00, run_after=2025-11-30 16:18:00+00:00
[2025-11-30T16:16:19.453+0000] {processor.py:183} INFO - Processing /opt/airflow/dags/prediction_dag.py took 0.139 seconds
[2025-11-30T16:16:49.759+0000] {processor.py:161} INFO - Started process (PID=52230) to work on /opt/airflow/dags/prediction_dag.py
[2025-11-30T16:16:49.761+0000] {processor.py:830} INFO - Processing file /opt/airflow/dags/prediction_dag.py for tasks to queue
[2025-11-30T16:16:49.762+0000] {logging_mixin.py:188} INFO - [2025-11-30T16:16:49.762+0000] {dagbag.py:540} INFO - Filling up the DagBag from /opt/airflow/dags/prediction_dag.py
[2025-11-30T16:16:49.800+0000] {processor.py:840} INFO - DAG(s) 'prediction_dag' retrieved from /opt/airflow/dags/prediction_dag.py
[2025-11-30T16:16:49.851+0000] {logging_mixin.py:188} INFO - [2025-11-30T16:16:49.851+0000] {dag.py:3047} INFO - Sync 1 DAGs
[2025-11-30T16:16:49.882+0000] {logging_mixin.py:188} INFO - [2025-11-30T16:16:49.882+0000] {dag.py:3834} INFO - Setting next_dagrun for prediction_dag to 2025-11-30 16:16:00+00:00, run_after=2025-11-30 16:18:00+00:00
[2025-11-30T16:16:49.901+0000] {processor.py:183} INFO - Processing /opt/airflow/dags/prediction_dag.py took 0.152 seconds
[2025-11-30T16:17:20.036+0000] {processor.py:161} INFO - Started process (PID=52310) to work on /opt/airflow/dags/prediction_dag.py
[2025-11-30T16:17:20.038+0000] {processor.py:830} INFO - Processing file /opt/airflow/dags/prediction_dag.py for tasks to queue
[2025-11-30T16:17:20.039+0000] {logging_mixin.py:188} INFO - [2025-11-30T16:17:20.039+0000] {dagbag.py:540} INFO - Filling up the DagBag from /opt/airflow/dags/prediction_dag.py
[2025-11-30T16:17:20.072+0000] {processor.py:840} INFO - DAG(s) 'prediction_dag' retrieved from /opt/airflow/dags/prediction_dag.py
[2025-11-30T16:17:20.120+0000] {logging_mixin.py:188} INFO - [2025-11-30T16:17:20.119+0000] {dag.py:3047} INFO - Sync 1 DAGs
[2025-11-30T16:17:20.153+0000] {logging_mixin.py:188} INFO - [2025-11-30T16:17:20.153+0000] {dag.py:3834} INFO - Setting next_dagrun for prediction_dag to 2025-11-30 16:16:00+00:00, run_after=2025-11-30 16:18:00+00:00
[2025-11-30T16:17:20.167+0000] {processor.py:183} INFO - Processing /opt/airflow/dags/prediction_dag.py took 0.142 seconds
[2025-11-30T16:17:50.408+0000] {processor.py:161} INFO - Started process (PID=52328) to work on /opt/airflow/dags/prediction_dag.py
[2025-11-30T16:17:50.410+0000] {processor.py:830} INFO - Processing file /opt/airflow/dags/prediction_dag.py for tasks to queue
[2025-11-30T16:17:50.412+0000] {logging_mixin.py:188} INFO - [2025-11-30T16:17:50.411+0000] {dagbag.py:540} INFO - Filling up the DagBag from /opt/airflow/dags/prediction_dag.py
[2025-11-30T16:17:50.447+0000] {processor.py:840} INFO - DAG(s) 'prediction_dag' retrieved from /opt/airflow/dags/prediction_dag.py
[2025-11-30T16:17:50.501+0000] {logging_mixin.py:188} INFO - [2025-11-30T16:17:50.500+0000] {dag.py:3047} INFO - Sync 1 DAGs
[2025-11-30T16:17:50.532+0000] {logging_mixin.py:188} INFO - [2025-11-30T16:17:50.532+0000] {dag.py:3834} INFO - Setting next_dagrun for prediction_dag to 2025-11-30 16:16:00+00:00, run_after=2025-11-30 16:18:00+00:00
[2025-11-30T16:17:50.554+0000] {processor.py:183} INFO - Processing /opt/airflow/dags/prediction_dag.py took 0.158 seconds
[2025-11-30T16:18:20.954+0000] {processor.py:161} INFO - Started process (PID=52414) to work on /opt/airflow/dags/prediction_dag.py
[2025-11-30T16:18:20.957+0000] {processor.py:830} INFO - Processing file /opt/airflow/dags/prediction_dag.py for tasks to queue
[2025-11-30T16:18:20.958+0000] {logging_mixin.py:188} INFO - [2025-11-30T16:18:20.958+0000] {dagbag.py:540} INFO - Filling up the DagBag from /opt/airflow/dags/prediction_dag.py
[2025-11-30T16:18:20.996+0000] {processor.py:840} INFO - DAG(s) 'prediction_dag' retrieved from /opt/airflow/dags/prediction_dag.py
[2025-11-30T16:18:21.051+0000] {logging_mixin.py:188} INFO - [2025-11-30T16:18:21.051+0000] {dag.py:3047} INFO - Sync 1 DAGs
[2025-11-30T16:18:21.082+0000] {logging_mixin.py:188} INFO - [2025-11-30T16:18:21.082+0000] {dag.py:3834} INFO - Setting next_dagrun for prediction_dag to 2025-11-30 16:18:00+00:00, run_after=2025-11-30 16:20:00+00:00
[2025-11-30T16:18:21.097+0000] {processor.py:183} INFO - Processing /opt/airflow/dags/prediction_dag.py took 0.154 seconds
[2025-11-30T16:18:51.606+0000] {processor.py:161} INFO - Started process (PID=52432) to work on /opt/airflow/dags/prediction_dag.py
[2025-11-30T16:18:51.609+0000] {processor.py:830} INFO - Processing file /opt/airflow/dags/prediction_dag.py for tasks to queue
[2025-11-30T16:18:51.610+0000] {logging_mixin.py:188} INFO - [2025-11-30T16:18:51.610+0000] {dagbag.py:540} INFO - Filling up the DagBag from /opt/airflow/dags/prediction_dag.py
[2025-11-30T16:18:51.648+0000] {processor.py:840} INFO - DAG(s) 'prediction_dag' retrieved from /opt/airflow/dags/prediction_dag.py
[2025-11-30T16:18:51.704+0000] {logging_mixin.py:188} INFO - [2025-11-30T16:18:51.704+0000] {dag.py:3047} INFO - Sync 1 DAGs
[2025-11-30T16:18:51.733+0000] {logging_mixin.py:188} INFO - [2025-11-30T16:18:51.732+0000] {dag.py:3834} INFO - Setting next_dagrun for prediction_dag to 2025-11-30 16:18:00+00:00, run_after=2025-11-30 16:20:00+00:00
[2025-11-30T16:18:51.749+0000] {processor.py:183} INFO - Processing /opt/airflow/dags/prediction_dag.py took 0.155 seconds
[2025-11-30T16:19:22.158+0000] {processor.py:161} INFO - Started process (PID=52512) to work on /opt/airflow/dags/prediction_dag.py
[2025-11-30T16:19:22.160+0000] {processor.py:830} INFO - Processing file /opt/airflow/dags/prediction_dag.py for tasks to queue
[2025-11-30T16:19:22.161+0000] {logging_mixin.py:188} INFO - [2025-11-30T16:19:22.161+0000] {dagbag.py:540} INFO - Filling up the DagBag from /opt/airflow/dags/prediction_dag.py
[2025-11-30T16:19:22.198+0000] {processor.py:840} INFO - DAG(s) 'prediction_dag' retrieved from /opt/airflow/dags/prediction_dag.py
[2025-11-30T16:19:22.247+0000] {logging_mixin.py:188} INFO - [2025-11-30T16:19:22.247+0000] {dag.py:3047} INFO - Sync 1 DAGs
[2025-11-30T16:19:22.277+0000] {logging_mixin.py:188} INFO - [2025-11-30T16:19:22.277+0000] {dag.py:3834} INFO - Setting next_dagrun for prediction_dag to 2025-11-30 16:18:00+00:00, run_after=2025-11-30 16:20:00+00:00
[2025-11-30T16:19:22.291+0000] {processor.py:183} INFO - Processing /opt/airflow/dags/prediction_dag.py took 0.142 seconds
[2025-11-30T16:19:52.395+0000] {processor.py:161} INFO - Started process (PID=52530) to work on /opt/airflow/dags/prediction_dag.py
[2025-11-30T16:19:52.399+0000] {processor.py:830} INFO - Processing file /opt/airflow/dags/prediction_dag.py for tasks to queue
[2025-11-30T16:19:52.401+0000] {logging_mixin.py:188} INFO - [2025-11-30T16:19:52.400+0000] {dagbag.py:540} INFO - Filling up the DagBag from /opt/airflow/dags/prediction_dag.py
[2025-11-30T16:19:52.435+0000] {processor.py:840} INFO - DAG(s) 'prediction_dag' retrieved from /opt/airflow/dags/prediction_dag.py
[2025-11-30T16:19:52.492+0000] {logging_mixin.py:188} INFO - [2025-11-30T16:19:52.492+0000] {dag.py:3047} INFO - Sync 1 DAGs
[2025-11-30T16:19:52.522+0000] {logging_mixin.py:188} INFO - [2025-11-30T16:19:52.522+0000] {dag.py:3834} INFO - Setting next_dagrun for prediction_dag to 2025-11-30 16:18:00+00:00, run_after=2025-11-30 16:20:00+00:00
[2025-11-30T16:19:52.535+0000] {processor.py:183} INFO - Processing /opt/airflow/dags/prediction_dag.py took 0.148 seconds
[2025-11-30T16:20:22.905+0000] {processor.py:161} INFO - Started process (PID=52616) to work on /opt/airflow/dags/prediction_dag.py
[2025-11-30T16:20:22.908+0000] {processor.py:830} INFO - Processing file /opt/airflow/dags/prediction_dag.py for tasks to queue
[2025-11-30T16:20:22.909+0000] {logging_mixin.py:188} INFO - [2025-11-30T16:20:22.909+0000] {dagbag.py:540} INFO - Filling up the DagBag from /opt/airflow/dags/prediction_dag.py
[2025-11-30T16:20:22.943+0000] {processor.py:840} INFO - DAG(s) 'prediction_dag' retrieved from /opt/airflow/dags/prediction_dag.py
[2025-11-30T16:20:22.997+0000] {logging_mixin.py:188} INFO - [2025-11-30T16:20:22.997+0000] {dag.py:3047} INFO - Sync 1 DAGs
[2025-11-30T16:20:23.028+0000] {logging_mixin.py:188} INFO - [2025-11-30T16:20:23.028+0000] {dag.py:3834} INFO - Setting next_dagrun for prediction_dag to 2025-11-30 16:20:00+00:00, run_after=2025-11-30 16:22:00+00:00
[2025-11-30T16:20:23.042+0000] {processor.py:183} INFO - Processing /opt/airflow/dags/prediction_dag.py took 0.150 seconds
[2025-11-30T16:20:53.296+0000] {processor.py:161} INFO - Started process (PID=52634) to work on /opt/airflow/dags/prediction_dag.py
[2025-11-30T16:20:53.299+0000] {processor.py:830} INFO - Processing file /opt/airflow/dags/prediction_dag.py for tasks to queue
[2025-11-30T16:20:53.301+0000] {logging_mixin.py:188} INFO - [2025-11-30T16:20:53.300+0000] {dagbag.py:540} INFO - Filling up the DagBag from /opt/airflow/dags/prediction_dag.py
[2025-11-30T16:20:53.332+0000] {processor.py:840} INFO - DAG(s) 'prediction_dag' retrieved from /opt/airflow/dags/prediction_dag.py
[2025-11-30T16:20:53.384+0000] {logging_mixin.py:188} INFO - [2025-11-30T16:20:53.384+0000] {dag.py:3047} INFO - Sync 1 DAGs
[2025-11-30T16:20:53.410+0000] {logging_mixin.py:188} INFO - [2025-11-30T16:20:53.410+0000] {dag.py:3834} INFO - Setting next_dagrun for prediction_dag to 2025-11-30 16:20:00+00:00, run_after=2025-11-30 16:22:00+00:00
[2025-11-30T16:20:53.424+0000] {processor.py:183} INFO - Processing /opt/airflow/dags/prediction_dag.py took 0.147 seconds
[2025-11-30T16:21:23.886+0000] {processor.py:161} INFO - Started process (PID=52714) to work on /opt/airflow/dags/prediction_dag.py
[2025-11-30T16:21:23.890+0000] {processor.py:830} INFO - Processing file /opt/airflow/dags/prediction_dag.py for tasks to queue
[2025-11-30T16:21:23.891+0000] {logging_mixin.py:188} INFO - [2025-11-30T16:21:23.891+0000] {dagbag.py:540} INFO - Filling up the DagBag from /opt/airflow/dags/prediction_dag.py
[2025-11-30T16:21:23.921+0000] {processor.py:840} INFO - DAG(s) 'prediction_dag' retrieved from /opt/airflow/dags/prediction_dag.py
[2025-11-30T16:21:23.964+0000] {logging_mixin.py:188} INFO - [2025-11-30T16:21:23.963+0000] {dag.py:3047} INFO - Sync 1 DAGs
[2025-11-30T16:21:23.986+0000] {logging_mixin.py:188} INFO - [2025-11-30T16:21:23.986+0000] {dag.py:3834} INFO - Setting next_dagrun for prediction_dag to 2025-11-30 16:20:00+00:00, run_after=2025-11-30 16:22:00+00:00
[2025-11-30T16:21:23.999+0000] {processor.py:183} INFO - Processing /opt/airflow/dags/prediction_dag.py took 0.127 seconds
[2025-11-30T16:21:54.370+0000] {processor.py:161} INFO - Started process (PID=52732) to work on /opt/airflow/dags/prediction_dag.py
[2025-11-30T16:21:54.373+0000] {processor.py:830} INFO - Processing file /opt/airflow/dags/prediction_dag.py for tasks to queue
[2025-11-30T16:21:54.374+0000] {logging_mixin.py:188} INFO - [2025-11-30T16:21:54.374+0000] {dagbag.py:540} INFO - Filling up the DagBag from /opt/airflow/dags/prediction_dag.py
[2025-11-30T16:21:54.409+0000] {processor.py:840} INFO - DAG(s) 'prediction_dag' retrieved from /opt/airflow/dags/prediction_dag.py
[2025-11-30T16:21:54.465+0000] {logging_mixin.py:188} INFO - [2025-11-30T16:21:54.465+0000] {dag.py:3047} INFO - Sync 1 DAGs
[2025-11-30T16:21:54.492+0000] {logging_mixin.py:188} INFO - [2025-11-30T16:21:54.491+0000] {dag.py:3834} INFO - Setting next_dagrun for prediction_dag to 2025-11-30 16:20:00+00:00, run_after=2025-11-30 16:22:00+00:00
[2025-11-30T16:21:54.510+0000] {processor.py:183} INFO - Processing /opt/airflow/dags/prediction_dag.py took 0.153 seconds
[2025-11-30T16:22:24.741+0000] {processor.py:161} INFO - Started process (PID=52818) to work on /opt/airflow/dags/prediction_dag.py
[2025-11-30T16:22:24.743+0000] {processor.py:830} INFO - Processing file /opt/airflow/dags/prediction_dag.py for tasks to queue
[2025-11-30T16:22:24.744+0000] {logging_mixin.py:188} INFO - [2025-11-30T16:22:24.744+0000] {dagbag.py:540} INFO - Filling up the DagBag from /opt/airflow/dags/prediction_dag.py
[2025-11-30T16:22:24.776+0000] {processor.py:840} INFO - DAG(s) 'prediction_dag' retrieved from /opt/airflow/dags/prediction_dag.py
[2025-11-30T16:22:24.834+0000] {logging_mixin.py:188} INFO - [2025-11-30T16:22:24.833+0000] {dag.py:3047} INFO - Sync 1 DAGs
[2025-11-30T16:22:24.858+0000] {logging_mixin.py:188} INFO - [2025-11-30T16:22:24.858+0000] {dag.py:3834} INFO - Setting next_dagrun for prediction_dag to 2025-11-30 16:22:00+00:00, run_after=2025-11-30 16:24:00+00:00
[2025-11-30T16:22:24.872+0000] {processor.py:183} INFO - Processing /opt/airflow/dags/prediction_dag.py took 0.139 seconds
[2025-11-30T16:22:55.093+0000] {processor.py:161} INFO - Started process (PID=52836) to work on /opt/airflow/dags/prediction_dag.py
[2025-11-30T16:22:55.095+0000] {processor.py:830} INFO - Processing file /opt/airflow/dags/prediction_dag.py for tasks to queue
[2025-11-30T16:22:55.095+0000] {logging_mixin.py:188} INFO - [2025-11-30T16:22:55.095+0000] {dagbag.py:540} INFO - Filling up the DagBag from /opt/airflow/dags/prediction_dag.py
[2025-11-30T16:22:55.107+0000] {processor.py:840} INFO - DAG(s) 'prediction_dag' retrieved from /opt/airflow/dags/prediction_dag.py
[2025-11-30T16:22:55.127+0000] {logging_mixin.py:188} INFO - [2025-11-30T16:22:55.127+0000] {dag.py:3047} INFO - Sync 1 DAGs
[2025-11-30T16:22:55.142+0000] {logging_mixin.py:188} INFO - [2025-11-30T16:22:55.142+0000] {dag.py:3834} INFO - Setting next_dagrun for prediction_dag to 2025-11-30 16:22:00+00:00, run_after=2025-11-30 16:24:00+00:00
[2025-11-30T16:22:55.151+0000] {processor.py:183} INFO - Processing /opt/airflow/dags/prediction_dag.py took 0.061 seconds
[2025-11-30T16:23:25.659+0000] {processor.py:161} INFO - Started process (PID=52906) to work on /opt/airflow/dags/prediction_dag.py
[2025-11-30T16:23:25.661+0000] {processor.py:830} INFO - Processing file /opt/airflow/dags/prediction_dag.py for tasks to queue
[2025-11-30T16:23:25.662+0000] {logging_mixin.py:188} INFO - [2025-11-30T16:23:25.661+0000] {dagbag.py:540} INFO - Filling up the DagBag from /opt/airflow/dags/prediction_dag.py
[2025-11-30T16:23:25.696+0000] {processor.py:840} INFO - DAG(s) 'prediction_dag' retrieved from /opt/airflow/dags/prediction_dag.py
[2025-11-30T16:23:25.749+0000] {logging_mixin.py:188} INFO - [2025-11-30T16:23:25.749+0000] {dag.py:3047} INFO - Sync 1 DAGs
[2025-11-30T16:23:25.783+0000] {logging_mixin.py:188} INFO - [2025-11-30T16:23:25.783+0000] {dag.py:3834} INFO - Setting next_dagrun for prediction_dag to 2025-11-30 16:22:00+00:00, run_after=2025-11-30 16:24:00+00:00
[2025-11-30T16:23:25.806+0000] {processor.py:183} INFO - Processing /opt/airflow/dags/prediction_dag.py took 0.153 seconds
[2025-11-30T16:23:55.989+0000] {processor.py:161} INFO - Started process (PID=52921) to work on /opt/airflow/dags/prediction_dag.py
[2025-11-30T16:23:55.994+0000] {processor.py:830} INFO - Processing file /opt/airflow/dags/prediction_dag.py for tasks to queue
[2025-11-30T16:23:55.996+0000] {logging_mixin.py:188} INFO - [2025-11-30T16:23:55.995+0000] {dagbag.py:540} INFO - Filling up the DagBag from /opt/airflow/dags/prediction_dag.py
[2025-11-30T16:23:56.032+0000] {processor.py:840} INFO - DAG(s) 'prediction_dag' retrieved from /opt/airflow/dags/prediction_dag.py
[2025-11-30T16:23:56.076+0000] {logging_mixin.py:188} INFO - [2025-11-30T16:23:56.076+0000] {dag.py:3047} INFO - Sync 1 DAGs
[2025-11-30T16:23:56.107+0000] {logging_mixin.py:188} INFO - [2025-11-30T16:23:56.107+0000] {dag.py:3834} INFO - Setting next_dagrun for prediction_dag to 2025-11-30 16:22:00+00:00, run_after=2025-11-30 16:24:00+00:00
[2025-11-30T16:23:56.119+0000] {processor.py:183} INFO - Processing /opt/airflow/dags/prediction_dag.py took 0.143 seconds
[2025-11-30T16:24:26.453+0000] {processor.py:161} INFO - Started process (PID=53007) to work on /opt/airflow/dags/prediction_dag.py
[2025-11-30T16:24:26.456+0000] {processor.py:830} INFO - Processing file /opt/airflow/dags/prediction_dag.py for tasks to queue
[2025-11-30T16:24:26.457+0000] {logging_mixin.py:188} INFO - [2025-11-30T16:24:26.457+0000] {dagbag.py:540} INFO - Filling up the DagBag from /opt/airflow/dags/prediction_dag.py
[2025-11-30T16:24:26.486+0000] {processor.py:840} INFO - DAG(s) 'prediction_dag' retrieved from /opt/airflow/dags/prediction_dag.py
[2025-11-30T16:24:26.528+0000] {logging_mixin.py:188} INFO - [2025-11-30T16:24:26.528+0000] {dag.py:3047} INFO - Sync 1 DAGs
[2025-11-30T16:24:26.556+0000] {logging_mixin.py:188} INFO - [2025-11-30T16:24:26.556+0000] {dag.py:3834} INFO - Setting next_dagrun for prediction_dag to 2025-11-30 16:24:00+00:00, run_after=2025-11-30 16:26:00+00:00
[2025-11-30T16:24:26.571+0000] {processor.py:183} INFO - Processing /opt/airflow/dags/prediction_dag.py took 0.130 seconds
[2025-11-30T16:24:56.774+0000] {processor.py:161} INFO - Started process (PID=53025) to work on /opt/airflow/dags/prediction_dag.py
[2025-11-30T16:24:56.777+0000] {processor.py:830} INFO - Processing file /opt/airflow/dags/prediction_dag.py for tasks to queue
[2025-11-30T16:24:56.779+0000] {logging_mixin.py:188} INFO - [2025-11-30T16:24:56.778+0000] {dagbag.py:540} INFO - Filling up the DagBag from /opt/airflow/dags/prediction_dag.py
[2025-11-30T16:24:56.813+0000] {processor.py:840} INFO - DAG(s) 'prediction_dag' retrieved from /opt/airflow/dags/prediction_dag.py
[2025-11-30T16:24:56.861+0000] {logging_mixin.py:188} INFO - [2025-11-30T16:24:56.861+0000] {dag.py:3047} INFO - Sync 1 DAGs
[2025-11-30T16:24:56.894+0000] {logging_mixin.py:188} INFO - [2025-11-30T16:24:56.894+0000] {dag.py:3834} INFO - Setting next_dagrun for prediction_dag to 2025-11-30 16:24:00+00:00, run_after=2025-11-30 16:26:00+00:00
[2025-11-30T16:24:56.912+0000] {processor.py:183} INFO - Processing /opt/airflow/dags/prediction_dag.py took 0.148 seconds
[2025-11-30T16:25:27.198+0000] {processor.py:161} INFO - Started process (PID=53105) to work on /opt/airflow/dags/prediction_dag.py
[2025-11-30T16:25:27.201+0000] {processor.py:830} INFO - Processing file /opt/airflow/dags/prediction_dag.py for tasks to queue
[2025-11-30T16:25:27.204+0000] {logging_mixin.py:188} INFO - [2025-11-30T16:25:27.203+0000] {dagbag.py:540} INFO - Filling up the DagBag from /opt/airflow/dags/prediction_dag.py
[2025-11-30T16:25:27.240+0000] {processor.py:840} INFO - DAG(s) 'prediction_dag' retrieved from /opt/airflow/dags/prediction_dag.py
[2025-11-30T16:25:27.286+0000] {logging_mixin.py:188} INFO - [2025-11-30T16:25:27.286+0000] {dag.py:3047} INFO - Sync 1 DAGs
[2025-11-30T16:25:27.320+0000] {logging_mixin.py:188} INFO - [2025-11-30T16:25:27.320+0000] {dag.py:3834} INFO - Setting next_dagrun for prediction_dag to 2025-11-30 16:24:00+00:00, run_after=2025-11-30 16:26:00+00:00
[2025-11-30T16:25:27.339+0000] {processor.py:183} INFO - Processing /opt/airflow/dags/prediction_dag.py took 0.163 seconds
[2025-11-30T16:25:57.671+0000] {processor.py:161} INFO - Started process (PID=53123) to work on /opt/airflow/dags/prediction_dag.py
[2025-11-30T16:25:57.674+0000] {processor.py:830} INFO - Processing file /opt/airflow/dags/prediction_dag.py for tasks to queue
[2025-11-30T16:25:57.675+0000] {logging_mixin.py:188} INFO - [2025-11-30T16:25:57.674+0000] {dagbag.py:540} INFO - Filling up the DagBag from /opt/airflow/dags/prediction_dag.py
[2025-11-30T16:25:57.705+0000] {processor.py:840} INFO - DAG(s) 'prediction_dag' retrieved from /opt/airflow/dags/prediction_dag.py
[2025-11-30T16:25:57.747+0000] {logging_mixin.py:188} INFO - [2025-11-30T16:25:57.747+0000] {dag.py:3047} INFO - Sync 1 DAGs
[2025-11-30T16:25:57.785+0000] {logging_mixin.py:188} INFO - [2025-11-30T16:25:57.785+0000] {dag.py:3834} INFO - Setting next_dagrun for prediction_dag to 2025-11-30 16:24:00+00:00, run_after=2025-11-30 16:26:00+00:00
[2025-11-30T16:25:57.802+0000] {processor.py:183} INFO - Processing /opt/airflow/dags/prediction_dag.py took 0.140 seconds
[2025-11-30T16:26:28.132+0000] {processor.py:161} INFO - Started process (PID=53209) to work on /opt/airflow/dags/prediction_dag.py
[2025-11-30T16:26:28.138+0000] {processor.py:830} INFO - Processing file /opt/airflow/dags/prediction_dag.py for tasks to queue
[2025-11-30T16:26:28.139+0000] {logging_mixin.py:188} INFO - [2025-11-30T16:26:28.139+0000] {dagbag.py:540} INFO - Filling up the DagBag from /opt/airflow/dags/prediction_dag.py
[2025-11-30T16:26:28.171+0000] {processor.py:840} INFO - DAG(s) 'prediction_dag' retrieved from /opt/airflow/dags/prediction_dag.py
[2025-11-30T16:26:28.225+0000] {logging_mixin.py:188} INFO - [2025-11-30T16:26:28.225+0000] {dag.py:3047} INFO - Sync 1 DAGs
[2025-11-30T16:26:28.256+0000] {logging_mixin.py:188} INFO - [2025-11-30T16:26:28.256+0000] {dag.py:3834} INFO - Setting next_dagrun for prediction_dag to 2025-11-30 16:26:00+00:00, run_after=2025-11-30 16:28:00+00:00
[2025-11-30T16:26:28.270+0000] {processor.py:183} INFO - Processing /opt/airflow/dags/prediction_dag.py took 0.149 seconds
[2025-11-30T16:26:58.867+0000] {processor.py:161} INFO - Started process (PID=53227) to work on /opt/airflow/dags/prediction_dag.py
[2025-11-30T16:26:58.869+0000] {processor.py:830} INFO - Processing file /opt/airflow/dags/prediction_dag.py for tasks to queue
[2025-11-30T16:26:58.870+0000] {logging_mixin.py:188} INFO - [2025-11-30T16:26:58.869+0000] {dagbag.py:540} INFO - Filling up the DagBag from /opt/airflow/dags/prediction_dag.py
[2025-11-30T16:26:58.902+0000] {processor.py:840} INFO - DAG(s) 'prediction_dag' retrieved from /opt/airflow/dags/prediction_dag.py
[2025-11-30T16:26:58.956+0000] {logging_mixin.py:188} INFO - [2025-11-30T16:26:58.956+0000] {dag.py:3047} INFO - Sync 1 DAGs
[2025-11-30T16:26:58.984+0000] {logging_mixin.py:188} INFO - [2025-11-30T16:26:58.984+0000] {dag.py:3834} INFO - Setting next_dagrun for prediction_dag to 2025-11-30 16:26:00+00:00, run_after=2025-11-30 16:28:00+00:00
[2025-11-30T16:26:59.001+0000] {processor.py:183} INFO - Processing /opt/airflow/dags/prediction_dag.py took 0.143 seconds
[2025-11-30T16:27:29.440+0000] {processor.py:161} INFO - Started process (PID=53307) to work on /opt/airflow/dags/prediction_dag.py
[2025-11-30T16:27:29.442+0000] {processor.py:830} INFO - Processing file /opt/airflow/dags/prediction_dag.py for tasks to queue
[2025-11-30T16:27:29.444+0000] {logging_mixin.py:188} INFO - [2025-11-30T16:27:29.443+0000] {dagbag.py:540} INFO - Filling up the DagBag from /opt/airflow/dags/prediction_dag.py
[2025-11-30T16:27:29.475+0000] {processor.py:840} INFO - DAG(s) 'prediction_dag' retrieved from /opt/airflow/dags/prediction_dag.py
[2025-11-30T16:27:29.536+0000] {logging_mixin.py:188} INFO - [2025-11-30T16:27:29.536+0000] {dag.py:3047} INFO - Sync 1 DAGs
[2025-11-30T16:27:29.567+0000] {logging_mixin.py:188} INFO - [2025-11-30T16:27:29.567+0000] {dag.py:3834} INFO - Setting next_dagrun for prediction_dag to 2025-11-30 16:26:00+00:00, run_after=2025-11-30 16:28:00+00:00
[2025-11-30T16:27:29.581+0000] {processor.py:183} INFO - Processing /opt/airflow/dags/prediction_dag.py took 0.153 seconds
[2025-11-30T16:27:59.837+0000] {processor.py:161} INFO - Started process (PID=53325) to work on /opt/airflow/dags/prediction_dag.py
[2025-11-30T16:27:59.843+0000] {processor.py:830} INFO - Processing file /opt/airflow/dags/prediction_dag.py for tasks to queue
[2025-11-30T16:27:59.845+0000] {logging_mixin.py:188} INFO - [2025-11-30T16:27:59.844+0000] {dagbag.py:540} INFO - Filling up the DagBag from /opt/airflow/dags/prediction_dag.py
[2025-11-30T16:27:59.896+0000] {processor.py:840} INFO - DAG(s) 'prediction_dag' retrieved from /opt/airflow/dags/prediction_dag.py
[2025-11-30T16:27:59.947+0000] {logging_mixin.py:188} INFO - [2025-11-30T16:27:59.947+0000] {dag.py:3047} INFO - Sync 1 DAGs
[2025-11-30T16:27:59.980+0000] {logging_mixin.py:188} INFO - [2025-11-30T16:27:59.980+0000] {dag.py:3834} INFO - Setting next_dagrun for prediction_dag to 2025-11-30 16:26:00+00:00, run_after=2025-11-30 16:28:00+00:00
[2025-11-30T16:27:59.994+0000] {processor.py:183} INFO - Processing /opt/airflow/dags/prediction_dag.py took 0.181 seconds
[2025-11-30T16:28:30.093+0000] {processor.py:161} INFO - Started process (PID=53411) to work on /opt/airflow/dags/prediction_dag.py
[2025-11-30T16:28:30.096+0000] {processor.py:830} INFO - Processing file /opt/airflow/dags/prediction_dag.py for tasks to queue
[2025-11-30T16:28:30.097+0000] {logging_mixin.py:188} INFO - [2025-11-30T16:28:30.097+0000] {dagbag.py:540} INFO - Filling up the DagBag from /opt/airflow/dags/prediction_dag.py
[2025-11-30T16:28:30.140+0000] {processor.py:840} INFO - DAG(s) 'prediction_dag' retrieved from /opt/airflow/dags/prediction_dag.py
[2025-11-30T16:28:30.214+0000] {logging_mixin.py:188} INFO - [2025-11-30T16:28:30.214+0000] {dag.py:3047} INFO - Sync 1 DAGs
[2025-11-30T16:28:30.247+0000] {logging_mixin.py:188} INFO - [2025-11-30T16:28:30.247+0000] {dag.py:3834} INFO - Setting next_dagrun for prediction_dag to 2025-11-30 16:28:00+00:00, run_after=2025-11-30 16:30:00+00:00
[2025-11-30T16:28:30.263+0000] {processor.py:183} INFO - Processing /opt/airflow/dags/prediction_dag.py took 0.185 seconds
[2025-11-30T16:29:00.681+0000] {processor.py:161} INFO - Started process (PID=53429) to work on /opt/airflow/dags/prediction_dag.py
[2025-11-30T16:29:00.685+0000] {processor.py:830} INFO - Processing file /opt/airflow/dags/prediction_dag.py for tasks to queue
[2025-11-30T16:29:00.686+0000] {logging_mixin.py:188} INFO - [2025-11-30T16:29:00.686+0000] {dagbag.py:540} INFO - Filling up the DagBag from /opt/airflow/dags/prediction_dag.py
[2025-11-30T16:29:00.735+0000] {processor.py:840} INFO - DAG(s) 'prediction_dag' retrieved from /opt/airflow/dags/prediction_dag.py
[2025-11-30T16:29:00.821+0000] {logging_mixin.py:188} INFO - [2025-11-30T16:29:00.820+0000] {dag.py:3047} INFO - Sync 1 DAGs
[2025-11-30T16:29:00.897+0000] {logging_mixin.py:188} INFO - [2025-11-30T16:29:00.897+0000] {dag.py:3834} INFO - Setting next_dagrun for prediction_dag to 2025-11-30 16:28:00+00:00, run_after=2025-11-30 16:30:00+00:00
[2025-11-30T16:29:00.913+0000] {processor.py:183} INFO - Processing /opt/airflow/dags/prediction_dag.py took 0.244 seconds
[2025-11-30T16:29:31.117+0000] {processor.py:161} INFO - Started process (PID=53509) to work on /opt/airflow/dags/prediction_dag.py
[2025-11-30T16:29:31.119+0000] {processor.py:830} INFO - Processing file /opt/airflow/dags/prediction_dag.py for tasks to queue
[2025-11-30T16:29:31.120+0000] {logging_mixin.py:188} INFO - [2025-11-30T16:29:31.120+0000] {dagbag.py:540} INFO - Filling up the DagBag from /opt/airflow/dags/prediction_dag.py
[2025-11-30T16:29:31.157+0000] {processor.py:840} INFO - DAG(s) 'prediction_dag' retrieved from /opt/airflow/dags/prediction_dag.py
[2025-11-30T16:29:31.213+0000] {logging_mixin.py:188} INFO - [2025-11-30T16:29:31.212+0000] {dag.py:3047} INFO - Sync 1 DAGs
[2025-11-30T16:29:31.242+0000] {logging_mixin.py:188} INFO - [2025-11-30T16:29:31.242+0000] {dag.py:3834} INFO - Setting next_dagrun for prediction_dag to 2025-11-30 16:28:00+00:00, run_after=2025-11-30 16:30:00+00:00
[2025-11-30T16:29:31.257+0000] {processor.py:183} INFO - Processing /opt/airflow/dags/prediction_dag.py took 0.153 seconds
[2025-11-30T16:30:01.355+0000] {processor.py:161} INFO - Started process (PID=53531) to work on /opt/airflow/dags/prediction_dag.py
[2025-11-30T16:30:01.357+0000] {processor.py:830} INFO - Processing file /opt/airflow/dags/prediction_dag.py for tasks to queue
[2025-11-30T16:30:01.357+0000] {logging_mixin.py:188} INFO - [2025-11-30T16:30:01.357+0000] {dagbag.py:540} INFO - Filling up the DagBag from /opt/airflow/dags/prediction_dag.py
[2025-11-30T16:30:01.374+0000] {processor.py:840} INFO - DAG(s) 'prediction_dag' retrieved from /opt/airflow/dags/prediction_dag.py
[2025-11-30T16:30:01.414+0000] {logging_mixin.py:188} INFO - [2025-11-30T16:30:01.413+0000] {dag.py:3047} INFO - Sync 1 DAGs
[2025-11-30T16:30:01.453+0000] {logging_mixin.py:188} INFO - [2025-11-30T16:30:01.453+0000] {dag.py:3834} INFO - Setting next_dagrun for prediction_dag to 2025-11-30 16:30:00+00:00, run_after=2025-11-30 16:32:00+00:00
[2025-11-30T16:30:01.473+0000] {processor.py:183} INFO - Processing /opt/airflow/dags/prediction_dag.py took 0.125 seconds
[2025-11-30T16:30:31.631+0000] {processor.py:161} INFO - Started process (PID=53613) to work on /opt/airflow/dags/prediction_dag.py
[2025-11-30T16:30:31.634+0000] {processor.py:830} INFO - Processing file /opt/airflow/dags/prediction_dag.py for tasks to queue
[2025-11-30T16:30:31.635+0000] {logging_mixin.py:188} INFO - [2025-11-30T16:30:31.634+0000] {dagbag.py:540} INFO - Filling up the DagBag from /opt/airflow/dags/prediction_dag.py
[2025-11-30T16:30:31.655+0000] {processor.py:840} INFO - DAG(s) 'prediction_dag' retrieved from /opt/airflow/dags/prediction_dag.py
[2025-11-30T16:30:31.693+0000] {logging_mixin.py:188} INFO - [2025-11-30T16:30:31.692+0000] {dag.py:3047} INFO - Sync 1 DAGs
[2025-11-30T16:30:31.713+0000] {logging_mixin.py:188} INFO - [2025-11-30T16:30:31.713+0000] {dag.py:3834} INFO - Setting next_dagrun for prediction_dag to 2025-11-30 16:30:00+00:00, run_after=2025-11-30 16:32:00+00:00
[2025-11-30T16:30:31.724+0000] {processor.py:183} INFO - Processing /opt/airflow/dags/prediction_dag.py took 0.102 seconds
[2025-11-30T16:31:02.011+0000] {processor.py:161} INFO - Started process (PID=53624) to work on /opt/airflow/dags/prediction_dag.py
[2025-11-30T16:31:02.013+0000] {processor.py:830} INFO - Processing file /opt/airflow/dags/prediction_dag.py for tasks to queue
[2025-11-30T16:31:02.014+0000] {logging_mixin.py:188} INFO - [2025-11-30T16:31:02.013+0000] {dagbag.py:540} INFO - Filling up the DagBag from /opt/airflow/dags/prediction_dag.py
[2025-11-30T16:31:02.029+0000] {processor.py:840} INFO - DAG(s) 'prediction_dag' retrieved from /opt/airflow/dags/prediction_dag.py
[2025-11-30T16:31:02.057+0000] {logging_mixin.py:188} INFO - [2025-11-30T16:31:02.057+0000] {dag.py:3047} INFO - Sync 1 DAGs
[2025-11-30T16:31:02.078+0000] {logging_mixin.py:188} INFO - [2025-11-30T16:31:02.078+0000] {dag.py:3834} INFO - Setting next_dagrun for prediction_dag to 2025-11-30 16:30:00+00:00, run_after=2025-11-30 16:32:00+00:00
[2025-11-30T16:31:02.093+0000] {processor.py:183} INFO - Processing /opt/airflow/dags/prediction_dag.py took 0.085 seconds
[2025-11-30T16:31:32.686+0000] {processor.py:161} INFO - Started process (PID=53698) to work on /opt/airflow/dags/prediction_dag.py
[2025-11-30T16:31:32.689+0000] {processor.py:830} INFO - Processing file /opt/airflow/dags/prediction_dag.py for tasks to queue
[2025-11-30T16:31:32.691+0000] {logging_mixin.py:188} INFO - [2025-11-30T16:31:32.690+0000] {dagbag.py:540} INFO - Filling up the DagBag from /opt/airflow/dags/prediction_dag.py
[2025-11-30T16:31:32.745+0000] {processor.py:840} INFO - DAG(s) 'prediction_dag' retrieved from /opt/airflow/dags/prediction_dag.py
[2025-11-30T16:31:32.914+0000] {logging_mixin.py:188} INFO - [2025-11-30T16:31:32.913+0000] {dag.py:3047} INFO - Sync 1 DAGs
[2025-11-30T16:31:32.998+0000] {logging_mixin.py:188} INFO - [2025-11-30T16:31:32.997+0000] {dag.py:3834} INFO - Setting next_dagrun for prediction_dag to 2025-11-30 16:30:00+00:00, run_after=2025-11-30 16:32:00+00:00
[2025-11-30T16:31:33.030+0000] {processor.py:183} INFO - Processing /opt/airflow/dags/prediction_dag.py took 0.362 seconds
[2025-11-30T16:32:03.191+0000] {processor.py:161} INFO - Started process (PID=53729) to work on /opt/airflow/dags/prediction_dag.py
[2025-11-30T16:32:03.192+0000] {processor.py:830} INFO - Processing file /opt/airflow/dags/prediction_dag.py for tasks to queue
[2025-11-30T16:32:03.194+0000] {logging_mixin.py:188} INFO - [2025-11-30T16:32:03.193+0000] {dagbag.py:540} INFO - Filling up the DagBag from /opt/airflow/dags/prediction_dag.py
[2025-11-30T16:32:03.236+0000] {processor.py:840} INFO - DAG(s) 'prediction_dag' retrieved from /opt/airflow/dags/prediction_dag.py
[2025-11-30T16:32:03.342+0000] {logging_mixin.py:188} INFO - [2025-11-30T16:32:03.341+0000] {dag.py:3047} INFO - Sync 1 DAGs
[2025-11-30T16:32:03.400+0000] {logging_mixin.py:188} INFO - [2025-11-30T16:32:03.400+0000] {dag.py:3834} INFO - Setting next_dagrun for prediction_dag to 2025-11-30 16:32:00+00:00, run_after=2025-11-30 16:34:00+00:00
[2025-11-30T16:32:03.431+0000] {processor.py:183} INFO - Processing /opt/airflow/dags/prediction_dag.py took 0.253 seconds
[2025-11-30T16:32:33.562+0000] {processor.py:161} INFO - Started process (PID=53802) to work on /opt/airflow/dags/prediction_dag.py
[2025-11-30T16:32:33.565+0000] {processor.py:830} INFO - Processing file /opt/airflow/dags/prediction_dag.py for tasks to queue
[2025-11-30T16:32:33.567+0000] {logging_mixin.py:188} INFO - [2025-11-30T16:32:33.566+0000] {dagbag.py:540} INFO - Filling up the DagBag from /opt/airflow/dags/prediction_dag.py
[2025-11-30T16:32:33.607+0000] {processor.py:840} INFO - DAG(s) 'prediction_dag' retrieved from /opt/airflow/dags/prediction_dag.py
[2025-11-30T16:32:33.677+0000] {logging_mixin.py:188} INFO - [2025-11-30T16:32:33.677+0000] {dag.py:3047} INFO - Sync 1 DAGs
[2025-11-30T16:32:33.721+0000] {logging_mixin.py:188} INFO - [2025-11-30T16:32:33.721+0000] {dag.py:3834} INFO - Setting next_dagrun for prediction_dag to 2025-11-30 16:32:00+00:00, run_after=2025-11-30 16:34:00+00:00
[2025-11-30T16:32:33.738+0000] {processor.py:183} INFO - Processing /opt/airflow/dags/prediction_dag.py took 0.190 seconds
[2025-11-30T16:33:04.096+0000] {processor.py:161} INFO - Started process (PID=53830) to work on /opt/airflow/dags/prediction_dag.py
[2025-11-30T16:33:04.098+0000] {processor.py:830} INFO - Processing file /opt/airflow/dags/prediction_dag.py for tasks to queue
[2025-11-30T16:33:04.099+0000] {logging_mixin.py:188} INFO - [2025-11-30T16:33:04.099+0000] {dagbag.py:540} INFO - Filling up the DagBag from /opt/airflow/dags/prediction_dag.py
[2025-11-30T16:33:04.127+0000] {processor.py:840} INFO - DAG(s) 'prediction_dag' retrieved from /opt/airflow/dags/prediction_dag.py
[2025-11-30T16:33:04.165+0000] {logging_mixin.py:188} INFO - [2025-11-30T16:33:04.164+0000] {dag.py:3047} INFO - Sync 1 DAGs
[2025-11-30T16:33:04.194+0000] {logging_mixin.py:188} INFO - [2025-11-30T16:33:04.194+0000] {dag.py:3834} INFO - Setting next_dagrun for prediction_dag to 2025-11-30 16:32:00+00:00, run_after=2025-11-30 16:34:00+00:00
[2025-11-30T16:33:04.208+0000] {processor.py:183} INFO - Processing /opt/airflow/dags/prediction_dag.py took 0.118 seconds
[2025-11-30T16:33:34.714+0000] {processor.py:161} INFO - Started process (PID=53900) to work on /opt/airflow/dags/prediction_dag.py
[2025-11-30T16:33:34.717+0000] {processor.py:830} INFO - Processing file /opt/airflow/dags/prediction_dag.py for tasks to queue
[2025-11-30T16:33:34.720+0000] {logging_mixin.py:188} INFO - [2025-11-30T16:33:34.719+0000] {dagbag.py:540} INFO - Filling up the DagBag from /opt/airflow/dags/prediction_dag.py
[2025-11-30T16:33:34.763+0000] {processor.py:840} INFO - DAG(s) 'prediction_dag' retrieved from /opt/airflow/dags/prediction_dag.py
[2025-11-30T16:33:34.816+0000] {logging_mixin.py:188} INFO - [2025-11-30T16:33:34.816+0000] {dag.py:3047} INFO - Sync 1 DAGs
[2025-11-30T16:33:34.846+0000] {logging_mixin.py:188} INFO - [2025-11-30T16:33:34.846+0000] {dag.py:3834} INFO - Setting next_dagrun for prediction_dag to 2025-11-30 16:32:00+00:00, run_after=2025-11-30 16:34:00+00:00
[2025-11-30T16:33:34.863+0000] {processor.py:183} INFO - Processing /opt/airflow/dags/prediction_dag.py took 0.164 seconds
[2025-11-30T16:34:05.197+0000] {processor.py:161} INFO - Started process (PID=53943) to work on /opt/airflow/dags/prediction_dag.py
[2025-11-30T16:34:05.199+0000] {processor.py:830} INFO - Processing file /opt/airflow/dags/prediction_dag.py for tasks to queue
[2025-11-30T16:34:05.200+0000] {logging_mixin.py:188} INFO - [2025-11-30T16:34:05.200+0000] {dagbag.py:540} INFO - Filling up the DagBag from /opt/airflow/dags/prediction_dag.py
[2025-11-30T16:34:05.218+0000] {processor.py:840} INFO - DAG(s) 'prediction_dag' retrieved from /opt/airflow/dags/prediction_dag.py
[2025-11-30T16:34:05.285+0000] {logging_mixin.py:188} INFO - [2025-11-30T16:34:05.285+0000] {dag.py:3047} INFO - Sync 1 DAGs
[2025-11-30T16:34:05.309+0000] {logging_mixin.py:188} INFO - [2025-11-30T16:34:05.309+0000] {dag.py:3834} INFO - Setting next_dagrun for prediction_dag to 2025-11-30 16:34:00+00:00, run_after=2025-11-30 16:36:00+00:00
[2025-11-30T16:34:05.323+0000] {processor.py:183} INFO - Processing /opt/airflow/dags/prediction_dag.py took 0.137 seconds
[2025-11-30T16:34:35.561+0000] {processor.py:161} INFO - Started process (PID=54004) to work on /opt/airflow/dags/prediction_dag.py
[2025-11-30T16:34:35.564+0000] {processor.py:830} INFO - Processing file /opt/airflow/dags/prediction_dag.py for tasks to queue
[2025-11-30T16:34:35.566+0000] {logging_mixin.py:188} INFO - [2025-11-30T16:34:35.566+0000] {dagbag.py:540} INFO - Filling up the DagBag from /opt/airflow/dags/prediction_dag.py
[2025-11-30T16:34:35.604+0000] {processor.py:840} INFO - DAG(s) 'prediction_dag' retrieved from /opt/airflow/dags/prediction_dag.py
[2025-11-30T16:34:35.678+0000] {logging_mixin.py:188} INFO - [2025-11-30T16:34:35.678+0000] {dag.py:3047} INFO - Sync 1 DAGs
[2025-11-30T16:34:35.709+0000] {logging_mixin.py:188} INFO - [2025-11-30T16:34:35.709+0000] {dag.py:3834} INFO - Setting next_dagrun for prediction_dag to 2025-11-30 16:34:00+00:00, run_after=2025-11-30 16:36:00+00:00
[2025-11-30T16:34:35.723+0000] {processor.py:183} INFO - Processing /opt/airflow/dags/prediction_dag.py took 0.178 seconds
[2025-11-30T16:35:06.425+0000] {processor.py:161} INFO - Started process (PID=54034) to work on /opt/airflow/dags/prediction_dag.py
[2025-11-30T16:35:06.430+0000] {processor.py:830} INFO - Processing file /opt/airflow/dags/prediction_dag.py for tasks to queue
[2025-11-30T16:35:06.431+0000] {logging_mixin.py:188} INFO - [2025-11-30T16:35:06.431+0000] {dagbag.py:540} INFO - Filling up the DagBag from /opt/airflow/dags/prediction_dag.py
[2025-11-30T16:35:06.457+0000] {processor.py:840} INFO - DAG(s) 'prediction_dag' retrieved from /opt/airflow/dags/prediction_dag.py
[2025-11-30T16:35:06.566+0000] {logging_mixin.py:188} INFO - [2025-11-30T16:35:06.566+0000] {dag.py:3047} INFO - Sync 1 DAGs
[2025-11-30T16:35:06.598+0000] {logging_mixin.py:188} INFO - [2025-11-30T16:35:06.598+0000] {dag.py:3834} INFO - Setting next_dagrun for prediction_dag to 2025-11-30 16:34:00+00:00, run_after=2025-11-30 16:36:00+00:00
[2025-11-30T16:35:06.621+0000] {processor.py:183} INFO - Processing /opt/airflow/dags/prediction_dag.py took 0.203 seconds
[2025-11-30T16:35:37.100+0000] {processor.py:161} INFO - Started process (PID=54102) to work on /opt/airflow/dags/prediction_dag.py
[2025-11-30T16:35:37.104+0000] {processor.py:830} INFO - Processing file /opt/airflow/dags/prediction_dag.py for tasks to queue
[2025-11-30T16:35:37.105+0000] {logging_mixin.py:188} INFO - [2025-11-30T16:35:37.105+0000] {dagbag.py:540} INFO - Filling up the DagBag from /opt/airflow/dags/prediction_dag.py
[2025-11-30T16:35:37.138+0000] {processor.py:840} INFO - DAG(s) 'prediction_dag' retrieved from /opt/airflow/dags/prediction_dag.py
[2025-11-30T16:35:37.195+0000] {logging_mixin.py:188} INFO - [2025-11-30T16:35:37.195+0000] {dag.py:3047} INFO - Sync 1 DAGs
[2025-11-30T16:35:37.226+0000] {logging_mixin.py:188} INFO - [2025-11-30T16:35:37.225+0000] {dag.py:3834} INFO - Setting next_dagrun for prediction_dag to 2025-11-30 16:34:00+00:00, run_after=2025-11-30 16:36:00+00:00
[2025-11-30T16:35:37.245+0000] {processor.py:183} INFO - Processing /opt/airflow/dags/prediction_dag.py took 0.155 seconds
[2025-11-30T16:36:07.729+0000] {processor.py:161} INFO - Started process (PID=54148) to work on /opt/airflow/dags/prediction_dag.py
[2025-11-30T16:36:07.731+0000] {processor.py:830} INFO - Processing file /opt/airflow/dags/prediction_dag.py for tasks to queue
[2025-11-30T16:36:07.732+0000] {logging_mixin.py:188} INFO - [2025-11-30T16:36:07.731+0000] {dagbag.py:540} INFO - Filling up the DagBag from /opt/airflow/dags/prediction_dag.py
[2025-11-30T16:36:07.757+0000] {processor.py:840} INFO - DAG(s) 'prediction_dag' retrieved from /opt/airflow/dags/prediction_dag.py
[2025-11-30T16:36:07.816+0000] {logging_mixin.py:188} INFO - [2025-11-30T16:36:07.816+0000] {dag.py:3047} INFO - Sync 1 DAGs
[2025-11-30T16:36:07.847+0000] {logging_mixin.py:188} INFO - [2025-11-30T16:36:07.846+0000] {dag.py:3834} INFO - Setting next_dagrun for prediction_dag to 2025-11-30 16:36:00+00:00, run_after=2025-11-30 16:38:00+00:00
[2025-11-30T16:36:07.883+0000] {processor.py:183} INFO - Processing /opt/airflow/dags/prediction_dag.py took 0.160 seconds
[2025-11-30T16:36:38.510+0000] {processor.py:161} INFO - Started process (PID=54206) to work on /opt/airflow/dags/prediction_dag.py
[2025-11-30T16:36:38.512+0000] {processor.py:830} INFO - Processing file /opt/airflow/dags/prediction_dag.py for tasks to queue
[2025-11-30T16:36:38.514+0000] {logging_mixin.py:188} INFO - [2025-11-30T16:36:38.513+0000] {dagbag.py:540} INFO - Filling up the DagBag from /opt/airflow/dags/prediction_dag.py
[2025-11-30T16:36:38.537+0000] {processor.py:840} INFO - DAG(s) 'prediction_dag' retrieved from /opt/airflow/dags/prediction_dag.py
[2025-11-30T16:36:38.585+0000] {logging_mixin.py:188} INFO - [2025-11-30T16:36:38.584+0000] {dag.py:3047} INFO - Sync 1 DAGs
[2025-11-30T16:36:38.610+0000] {logging_mixin.py:188} INFO - [2025-11-30T16:36:38.610+0000] {dag.py:3834} INFO - Setting next_dagrun for prediction_dag to 2025-11-30 16:36:00+00:00, run_after=2025-11-30 16:38:00+00:00
[2025-11-30T16:36:38.622+0000] {processor.py:183} INFO - Processing /opt/airflow/dags/prediction_dag.py took 0.121 seconds
[2025-11-30T16:37:08.718+0000] {processor.py:161} INFO - Started process (PID=54256) to work on /opt/airflow/dags/prediction_dag.py
[2025-11-30T16:37:08.721+0000] {processor.py:830} INFO - Processing file /opt/airflow/dags/prediction_dag.py for tasks to queue
[2025-11-30T16:37:08.722+0000] {logging_mixin.py:188} INFO - [2025-11-30T16:37:08.722+0000] {dagbag.py:540} INFO - Filling up the DagBag from /opt/airflow/dags/prediction_dag.py
[2025-11-30T16:37:08.741+0000] {processor.py:840} INFO - DAG(s) 'prediction_dag' retrieved from /opt/airflow/dags/prediction_dag.py
[2025-11-30T16:37:08.769+0000] {logging_mixin.py:188} INFO - [2025-11-30T16:37:08.769+0000] {dag.py:3047} INFO - Sync 1 DAGs
[2025-11-30T16:37:08.787+0000] {logging_mixin.py:188} INFO - [2025-11-30T16:37:08.787+0000] {dag.py:3834} INFO - Setting next_dagrun for prediction_dag to 2025-11-30 16:36:00+00:00, run_after=2025-11-30 16:38:00+00:00
[2025-11-30T16:37:08.798+0000] {processor.py:183} INFO - Processing /opt/airflow/dags/prediction_dag.py took 0.085 seconds
[2025-11-30T16:37:39.464+0000] {processor.py:161} INFO - Started process (PID=54294) to work on /opt/airflow/dags/prediction_dag.py
[2025-11-30T16:37:39.466+0000] {processor.py:830} INFO - Processing file /opt/airflow/dags/prediction_dag.py for tasks to queue
[2025-11-30T16:37:39.467+0000] {logging_mixin.py:188} INFO - [2025-11-30T16:37:39.467+0000] {dagbag.py:540} INFO - Filling up the DagBag from /opt/airflow/dags/prediction_dag.py
[2025-11-30T16:37:39.489+0000] {processor.py:840} INFO - DAG(s) 'prediction_dag' retrieved from /opt/airflow/dags/prediction_dag.py
[2025-11-30T16:37:39.528+0000] {logging_mixin.py:188} INFO - [2025-11-30T16:37:39.528+0000] {dag.py:3047} INFO - Sync 1 DAGs
[2025-11-30T16:37:39.553+0000] {logging_mixin.py:188} INFO - [2025-11-30T16:37:39.553+0000] {dag.py:3834} INFO - Setting next_dagrun for prediction_dag to 2025-11-30 16:36:00+00:00, run_after=2025-11-30 16:38:00+00:00
[2025-11-30T16:37:39.568+0000] {processor.py:183} INFO - Processing /opt/airflow/dags/prediction_dag.py took 0.109 seconds
[2025-11-30T16:38:09.982+0000] {processor.py:161} INFO - Started process (PID=54353) to work on /opt/airflow/dags/prediction_dag.py
[2025-11-30T16:38:09.984+0000] {processor.py:830} INFO - Processing file /opt/airflow/dags/prediction_dag.py for tasks to queue
[2025-11-30T16:38:09.985+0000] {logging_mixin.py:188} INFO - [2025-11-30T16:38:09.985+0000] {dagbag.py:540} INFO - Filling up the DagBag from /opt/airflow/dags/prediction_dag.py
[2025-11-30T16:38:10.018+0000] {processor.py:840} INFO - DAG(s) 'prediction_dag' retrieved from /opt/airflow/dags/prediction_dag.py
[2025-11-30T16:38:10.097+0000] {logging_mixin.py:188} INFO - [2025-11-30T16:38:10.097+0000] {dag.py:3047} INFO - Sync 1 DAGs
[2025-11-30T16:38:10.143+0000] {logging_mixin.py:188} INFO - [2025-11-30T16:38:10.142+0000] {dag.py:3834} INFO - Setting next_dagrun for prediction_dag to 2025-11-30 16:38:00+00:00, run_after=2025-11-30 16:40:00+00:00
[2025-11-30T16:38:10.193+0000] {processor.py:183} INFO - Processing /opt/airflow/dags/prediction_dag.py took 0.217 seconds
[2025-11-30T16:38:40.644+0000] {processor.py:161} INFO - Started process (PID=54395) to work on /opt/airflow/dags/prediction_dag.py
[2025-11-30T16:38:40.647+0000] {processor.py:830} INFO - Processing file /opt/airflow/dags/prediction_dag.py for tasks to queue
[2025-11-30T16:38:40.648+0000] {logging_mixin.py:188} INFO - [2025-11-30T16:38:40.648+0000] {dagbag.py:540} INFO - Filling up the DagBag from /opt/airflow/dags/prediction_dag.py
[2025-11-30T16:38:40.680+0000] {processor.py:840} INFO - DAG(s) 'prediction_dag' retrieved from /opt/airflow/dags/prediction_dag.py
[2025-11-30T16:38:40.732+0000] {logging_mixin.py:188} INFO - [2025-11-30T16:38:40.732+0000] {dag.py:3047} INFO - Sync 1 DAGs
[2025-11-30T16:38:40.757+0000] {logging_mixin.py:188} INFO - [2025-11-30T16:38:40.757+0000] {dag.py:3834} INFO - Setting next_dagrun for prediction_dag to 2025-11-30 16:38:00+00:00, run_after=2025-11-30 16:40:00+00:00
[2025-11-30T16:38:40.775+0000] {processor.py:183} INFO - Processing /opt/airflow/dags/prediction_dag.py took 0.143 seconds
[2025-11-30T16:39:11.064+0000] {processor.py:161} INFO - Started process (PID=54472) to work on /opt/airflow/dags/prediction_dag.py
[2025-11-30T16:39:11.068+0000] {processor.py:830} INFO - Processing file /opt/airflow/dags/prediction_dag.py for tasks to queue
[2025-11-30T16:39:11.070+0000] {logging_mixin.py:188} INFO - [2025-11-30T16:39:11.069+0000] {dagbag.py:540} INFO - Filling up the DagBag from /opt/airflow/dags/prediction_dag.py
[2025-11-30T16:39:11.108+0000] {processor.py:840} INFO - DAG(s) 'prediction_dag' retrieved from /opt/airflow/dags/prediction_dag.py
[2025-11-30T16:39:11.207+0000] {logging_mixin.py:188} INFO - [2025-11-30T16:39:11.207+0000] {dag.py:3047} INFO - Sync 1 DAGs
[2025-11-30T16:39:11.245+0000] {logging_mixin.py:188} INFO - [2025-11-30T16:39:11.244+0000] {dag.py:3834} INFO - Setting next_dagrun for prediction_dag to 2025-11-30 16:38:00+00:00, run_after=2025-11-30 16:40:00+00:00
[2025-11-30T16:39:11.289+0000] {processor.py:183} INFO - Processing /opt/airflow/dags/prediction_dag.py took 0.234 seconds
[2025-11-30T16:39:41.409+0000] {processor.py:161} INFO - Started process (PID=54493) to work on /opt/airflow/dags/prediction_dag.py
[2025-11-30T16:39:41.412+0000] {processor.py:830} INFO - Processing file /opt/airflow/dags/prediction_dag.py for tasks to queue
[2025-11-30T16:39:41.418+0000] {logging_mixin.py:188} INFO - [2025-11-30T16:39:41.415+0000] {dagbag.py:540} INFO - Filling up the DagBag from /opt/airflow/dags/prediction_dag.py
[2025-11-30T16:39:41.452+0000] {processor.py:840} INFO - DAG(s) 'prediction_dag' retrieved from /opt/airflow/dags/prediction_dag.py
[2025-11-30T16:39:41.508+0000] {logging_mixin.py:188} INFO - [2025-11-30T16:39:41.508+0000] {dag.py:3047} INFO - Sync 1 DAGs
[2025-11-30T16:39:41.540+0000] {logging_mixin.py:188} INFO - [2025-11-30T16:39:41.540+0000] {dag.py:3834} INFO - Setting next_dagrun for prediction_dag to 2025-11-30 16:38:00+00:00, run_after=2025-11-30 16:40:00+00:00
[2025-11-30T16:39:41.554+0000] {processor.py:183} INFO - Processing /opt/airflow/dags/prediction_dag.py took 0.155 seconds
[2025-11-30T16:40:11.837+0000] {processor.py:161} INFO - Started process (PID=54579) to work on /opt/airflow/dags/prediction_dag.py
[2025-11-30T16:40:11.839+0000] {processor.py:830} INFO - Processing file /opt/airflow/dags/prediction_dag.py for tasks to queue
[2025-11-30T16:40:11.841+0000] {logging_mixin.py:188} INFO - [2025-11-30T16:40:11.841+0000] {dagbag.py:540} INFO - Filling up the DagBag from /opt/airflow/dags/prediction_dag.py
[2025-11-30T16:40:11.873+0000] {processor.py:840} INFO - DAG(s) 'prediction_dag' retrieved from /opt/airflow/dags/prediction_dag.py
[2025-11-30T16:40:11.910+0000] {logging_mixin.py:188} INFO - [2025-11-30T16:40:11.909+0000] {dag.py:3047} INFO - Sync 1 DAGs
[2025-11-30T16:40:11.937+0000] {logging_mixin.py:188} INFO - [2025-11-30T16:40:11.937+0000] {dag.py:3834} INFO - Setting next_dagrun for prediction_dag to 2025-11-30 16:40:00+00:00, run_after=2025-11-30 16:42:00+00:00
[2025-11-30T16:40:11.961+0000] {processor.py:183} INFO - Processing /opt/airflow/dags/prediction_dag.py took 0.128 seconds
[2025-11-30T16:40:42.127+0000] {processor.py:161} INFO - Started process (PID=54597) to work on /opt/airflow/dags/prediction_dag.py
[2025-11-30T16:40:42.131+0000] {processor.py:830} INFO - Processing file /opt/airflow/dags/prediction_dag.py for tasks to queue
[2025-11-30T16:40:42.133+0000] {logging_mixin.py:188} INFO - [2025-11-30T16:40:42.132+0000] {dagbag.py:540} INFO - Filling up the DagBag from /opt/airflow/dags/prediction_dag.py
[2025-11-30T16:40:42.184+0000] {processor.py:840} INFO - DAG(s) 'prediction_dag' retrieved from /opt/airflow/dags/prediction_dag.py
[2025-11-30T16:40:42.236+0000] {logging_mixin.py:188} INFO - [2025-11-30T16:40:42.236+0000] {dag.py:3047} INFO - Sync 1 DAGs
[2025-11-30T16:40:42.269+0000] {logging_mixin.py:188} INFO - [2025-11-30T16:40:42.269+0000] {dag.py:3834} INFO - Setting next_dagrun for prediction_dag to 2025-11-30 16:40:00+00:00, run_after=2025-11-30 16:42:00+00:00
[2025-11-30T16:40:42.289+0000] {processor.py:183} INFO - Processing /opt/airflow/dags/prediction_dag.py took 0.178 seconds
[2025-11-30T16:41:12.481+0000] {processor.py:161} INFO - Started process (PID=54677) to work on /opt/airflow/dags/prediction_dag.py
[2025-11-30T16:41:12.484+0000] {processor.py:830} INFO - Processing file /opt/airflow/dags/prediction_dag.py for tasks to queue
[2025-11-30T16:41:12.485+0000] {logging_mixin.py:188} INFO - [2025-11-30T16:41:12.484+0000] {dagbag.py:540} INFO - Filling up the DagBag from /opt/airflow/dags/prediction_dag.py
[2025-11-30T16:41:12.519+0000] {processor.py:840} INFO - DAG(s) 'prediction_dag' retrieved from /opt/airflow/dags/prediction_dag.py
[2025-11-30T16:41:12.560+0000] {logging_mixin.py:188} INFO - [2025-11-30T16:41:12.560+0000] {dag.py:3047} INFO - Sync 1 DAGs
[2025-11-30T16:41:12.582+0000] {logging_mixin.py:188} INFO - [2025-11-30T16:41:12.582+0000] {dag.py:3834} INFO - Setting next_dagrun for prediction_dag to 2025-11-30 16:40:00+00:00, run_after=2025-11-30 16:42:00+00:00
[2025-11-30T16:41:12.596+0000] {processor.py:183} INFO - Processing /opt/airflow/dags/prediction_dag.py took 0.125 seconds
[2025-11-30T16:41:42.769+0000] {processor.py:161} INFO - Started process (PID=54695) to work on /opt/airflow/dags/prediction_dag.py
[2025-11-30T16:41:42.773+0000] {processor.py:830} INFO - Processing file /opt/airflow/dags/prediction_dag.py for tasks to queue
[2025-11-30T16:41:42.774+0000] {logging_mixin.py:188} INFO - [2025-11-30T16:41:42.773+0000] {dagbag.py:540} INFO - Filling up the DagBag from /opt/airflow/dags/prediction_dag.py
[2025-11-30T16:41:42.803+0000] {processor.py:840} INFO - DAG(s) 'prediction_dag' retrieved from /opt/airflow/dags/prediction_dag.py
[2025-11-30T16:41:42.862+0000] {logging_mixin.py:188} INFO - [2025-11-30T16:41:42.862+0000] {dag.py:3047} INFO - Sync 1 DAGs
[2025-11-30T16:41:42.893+0000] {logging_mixin.py:188} INFO - [2025-11-30T16:41:42.892+0000] {dag.py:3834} INFO - Setting next_dagrun for prediction_dag to 2025-11-30 16:40:00+00:00, run_after=2025-11-30 16:42:00+00:00
[2025-11-30T16:41:42.908+0000] {processor.py:183} INFO - Processing /opt/airflow/dags/prediction_dag.py took 0.154 seconds
[2025-11-30T16:42:13.149+0000] {processor.py:161} INFO - Started process (PID=54781) to work on /opt/airflow/dags/prediction_dag.py
[2025-11-30T16:42:13.152+0000] {processor.py:830} INFO - Processing file /opt/airflow/dags/prediction_dag.py for tasks to queue
[2025-11-30T16:42:13.153+0000] {logging_mixin.py:188} INFO - [2025-11-30T16:42:13.152+0000] {dagbag.py:540} INFO - Filling up the DagBag from /opt/airflow/dags/prediction_dag.py
[2025-11-30T16:42:13.187+0000] {processor.py:840} INFO - DAG(s) 'prediction_dag' retrieved from /opt/airflow/dags/prediction_dag.py
[2025-11-30T16:42:13.223+0000] {logging_mixin.py:188} INFO - [2025-11-30T16:42:13.223+0000] {dag.py:3047} INFO - Sync 1 DAGs
[2025-11-30T16:42:13.254+0000] {logging_mixin.py:188} INFO - [2025-11-30T16:42:13.254+0000] {dag.py:3834} INFO - Setting next_dagrun for prediction_dag to 2025-11-30 16:42:00+00:00, run_after=2025-11-30 16:44:00+00:00
[2025-11-30T16:42:13.266+0000] {processor.py:183} INFO - Processing /opt/airflow/dags/prediction_dag.py took 0.127 seconds
[2025-11-30T16:42:43.750+0000] {processor.py:161} INFO - Started process (PID=54799) to work on /opt/airflow/dags/prediction_dag.py
[2025-11-30T16:42:43.756+0000] {processor.py:830} INFO - Processing file /opt/airflow/dags/prediction_dag.py for tasks to queue
[2025-11-30T16:42:43.758+0000] {logging_mixin.py:188} INFO - [2025-11-30T16:42:43.758+0000] {dagbag.py:540} INFO - Filling up the DagBag from /opt/airflow/dags/prediction_dag.py
[2025-11-30T16:42:43.789+0000] {processor.py:840} INFO - DAG(s) 'prediction_dag' retrieved from /opt/airflow/dags/prediction_dag.py
[2025-11-30T16:42:43.842+0000] {logging_mixin.py:188} INFO - [2025-11-30T16:42:43.842+0000] {dag.py:3047} INFO - Sync 1 DAGs
[2025-11-30T16:42:43.867+0000] {logging_mixin.py:188} INFO - [2025-11-30T16:42:43.867+0000] {dag.py:3834} INFO - Setting next_dagrun for prediction_dag to 2025-11-30 16:42:00+00:00, run_after=2025-11-30 16:44:00+00:00
[2025-11-30T16:42:43.889+0000] {processor.py:183} INFO - Processing /opt/airflow/dags/prediction_dag.py took 0.147 seconds
[2025-11-30T16:43:14.236+0000] {processor.py:161} INFO - Started process (PID=54879) to work on /opt/airflow/dags/prediction_dag.py
[2025-11-30T16:43:14.239+0000] {processor.py:830} INFO - Processing file /opt/airflow/dags/prediction_dag.py for tasks to queue
[2025-11-30T16:43:14.240+0000] {logging_mixin.py:188} INFO - [2025-11-30T16:43:14.239+0000] {dagbag.py:540} INFO - Filling up the DagBag from /opt/airflow/dags/prediction_dag.py
[2025-11-30T16:43:14.267+0000] {processor.py:840} INFO - DAG(s) 'prediction_dag' retrieved from /opt/airflow/dags/prediction_dag.py
[2025-11-30T16:43:14.315+0000] {logging_mixin.py:188} INFO - [2025-11-30T16:43:14.315+0000] {dag.py:3047} INFO - Sync 1 DAGs
[2025-11-30T16:43:14.340+0000] {logging_mixin.py:188} INFO - [2025-11-30T16:43:14.340+0000] {dag.py:3834} INFO - Setting next_dagrun for prediction_dag to 2025-11-30 16:42:00+00:00, run_after=2025-11-30 16:44:00+00:00
[2025-11-30T16:43:14.356+0000] {processor.py:183} INFO - Processing /opt/airflow/dags/prediction_dag.py took 0.131 seconds
[2025-11-30T16:43:44.752+0000] {processor.py:161} INFO - Started process (PID=54897) to work on /opt/airflow/dags/prediction_dag.py
[2025-11-30T16:43:44.757+0000] {processor.py:830} INFO - Processing file /opt/airflow/dags/prediction_dag.py for tasks to queue
[2025-11-30T16:43:44.761+0000] {logging_mixin.py:188} INFO - [2025-11-30T16:43:44.760+0000] {dagbag.py:540} INFO - Filling up the DagBag from /opt/airflow/dags/prediction_dag.py
[2025-11-30T16:43:44.803+0000] {processor.py:840} INFO - DAG(s) 'prediction_dag' retrieved from /opt/airflow/dags/prediction_dag.py
[2025-11-30T16:43:44.872+0000] {logging_mixin.py:188} INFO - [2025-11-30T16:43:44.872+0000] {dag.py:3047} INFO - Sync 1 DAGs
[2025-11-30T16:43:44.908+0000] {logging_mixin.py:188} INFO - [2025-11-30T16:43:44.907+0000] {dag.py:3834} INFO - Setting next_dagrun for prediction_dag to 2025-11-30 16:42:00+00:00, run_after=2025-11-30 16:44:00+00:00
[2025-11-30T16:43:44.922+0000] {processor.py:183} INFO - Processing /opt/airflow/dags/prediction_dag.py took 0.188 seconds
[2025-11-30T16:44:15.145+0000] {processor.py:161} INFO - Started process (PID=54983) to work on /opt/airflow/dags/prediction_dag.py
[2025-11-30T16:44:15.148+0000] {processor.py:830} INFO - Processing file /opt/airflow/dags/prediction_dag.py for tasks to queue
[2025-11-30T16:44:15.150+0000] {logging_mixin.py:188} INFO - [2025-11-30T16:44:15.149+0000] {dagbag.py:540} INFO - Filling up the DagBag from /opt/airflow/dags/prediction_dag.py
[2025-11-30T16:44:15.196+0000] {processor.py:840} INFO - DAG(s) 'prediction_dag' retrieved from /opt/airflow/dags/prediction_dag.py
[2025-11-30T16:44:15.337+0000] {logging_mixin.py:188} INFO - [2025-11-30T16:44:15.336+0000] {dag.py:3047} INFO - Sync 1 DAGs
[2025-11-30T16:44:15.372+0000] {logging_mixin.py:188} INFO - [2025-11-30T16:44:15.372+0000] {dag.py:3834} INFO - Setting next_dagrun for prediction_dag to 2025-11-30 16:44:00+00:00, run_after=2025-11-30 16:46:00+00:00
[2025-11-30T16:44:15.391+0000] {processor.py:183} INFO - Processing /opt/airflow/dags/prediction_dag.py took 0.261 seconds
[2025-11-30T16:44:45.717+0000] {processor.py:161} INFO - Started process (PID=55001) to work on /opt/airflow/dags/prediction_dag.py
[2025-11-30T16:44:45.719+0000] {processor.py:830} INFO - Processing file /opt/airflow/dags/prediction_dag.py for tasks to queue
[2025-11-30T16:44:45.720+0000] {logging_mixin.py:188} INFO - [2025-11-30T16:44:45.719+0000] {dagbag.py:540} INFO - Filling up the DagBag from /opt/airflow/dags/prediction_dag.py
[2025-11-30T16:44:45.750+0000] {processor.py:840} INFO - DAG(s) 'prediction_dag' retrieved from /opt/airflow/dags/prediction_dag.py
[2025-11-30T16:44:45.808+0000] {logging_mixin.py:188} INFO - [2025-11-30T16:44:45.807+0000] {dag.py:3047} INFO - Sync 1 DAGs
[2025-11-30T16:44:45.840+0000] {logging_mixin.py:188} INFO - [2025-11-30T16:44:45.840+0000] {dag.py:3834} INFO - Setting next_dagrun for prediction_dag to 2025-11-30 16:44:00+00:00, run_after=2025-11-30 16:46:00+00:00
[2025-11-30T16:44:45.857+0000] {processor.py:183} INFO - Processing /opt/airflow/dags/prediction_dag.py took 0.154 seconds
[2025-11-30T16:45:16.671+0000] {processor.py:161} INFO - Started process (PID=55071) to work on /opt/airflow/dags/prediction_dag.py
[2025-11-30T16:45:16.674+0000] {processor.py:830} INFO - Processing file /opt/airflow/dags/prediction_dag.py for tasks to queue
[2025-11-30T16:45:16.676+0000] {logging_mixin.py:188} INFO - [2025-11-30T16:45:16.675+0000] {dagbag.py:540} INFO - Filling up the DagBag from /opt/airflow/dags/prediction_dag.py
[2025-11-30T16:45:16.706+0000] {processor.py:840} INFO - DAG(s) 'prediction_dag' retrieved from /opt/airflow/dags/prediction_dag.py
[2025-11-30T16:45:16.750+0000] {logging_mixin.py:188} INFO - [2025-11-30T16:45:16.750+0000] {dag.py:3047} INFO - Sync 1 DAGs
[2025-11-30T16:45:16.781+0000] {logging_mixin.py:188} INFO - [2025-11-30T16:45:16.781+0000] {dag.py:3834} INFO - Setting next_dagrun for prediction_dag to 2025-11-30 16:44:00+00:00, run_after=2025-11-30 16:46:00+00:00
[2025-11-30T16:45:16.802+0000] {processor.py:183} INFO - Processing /opt/airflow/dags/prediction_dag.py took 0.142 seconds
[2025-11-30T16:45:47.434+0000] {processor.py:161} INFO - Started process (PID=55086) to work on /opt/airflow/dags/prediction_dag.py
[2025-11-30T16:45:47.436+0000] {processor.py:830} INFO - Processing file /opt/airflow/dags/prediction_dag.py for tasks to queue
[2025-11-30T16:45:47.441+0000] {logging_mixin.py:188} INFO - [2025-11-30T16:45:47.438+0000] {dagbag.py:540} INFO - Filling up the DagBag from /opt/airflow/dags/prediction_dag.py
[2025-11-30T16:45:47.491+0000] {processor.py:840} INFO - DAG(s) 'prediction_dag' retrieved from /opt/airflow/dags/prediction_dag.py
[2025-11-30T16:45:47.605+0000] {logging_mixin.py:188} INFO - [2025-11-30T16:45:47.604+0000] {dag.py:3047} INFO - Sync 1 DAGs
[2025-11-30T16:45:47.754+0000] {logging_mixin.py:188} INFO - [2025-11-30T16:45:47.753+0000] {dag.py:3834} INFO - Setting next_dagrun for prediction_dag to 2025-11-30 16:44:00+00:00, run_after=2025-11-30 16:46:00+00:00
[2025-11-30T16:45:47.809+0000] {processor.py:183} INFO - Processing /opt/airflow/dags/prediction_dag.py took 0.386 seconds
[2025-11-30T16:46:17.999+0000] {processor.py:161} INFO - Started process (PID=55172) to work on /opt/airflow/dags/prediction_dag.py
[2025-11-30T16:46:18.002+0000] {processor.py:830} INFO - Processing file /opt/airflow/dags/prediction_dag.py for tasks to queue
[2025-11-30T16:46:18.003+0000] {logging_mixin.py:188} INFO - [2025-11-30T16:46:18.002+0000] {dagbag.py:540} INFO - Filling up the DagBag from /opt/airflow/dags/prediction_dag.py
[2025-11-30T16:46:18.029+0000] {processor.py:840} INFO - DAG(s) 'prediction_dag' retrieved from /opt/airflow/dags/prediction_dag.py
[2025-11-30T16:46:18.073+0000] {logging_mixin.py:188} INFO - [2025-11-30T16:46:18.073+0000] {dag.py:3047} INFO - Sync 1 DAGs
[2025-11-30T16:46:18.104+0000] {logging_mixin.py:188} INFO - [2025-11-30T16:46:18.104+0000] {dag.py:3834} INFO - Setting next_dagrun for prediction_dag to 2025-11-30 16:46:00+00:00, run_after=2025-11-30 16:48:00+00:00
[2025-11-30T16:46:18.117+0000] {processor.py:183} INFO - Processing /opt/airflow/dags/prediction_dag.py took 0.130 seconds
[2025-11-30T16:46:48.464+0000] {processor.py:161} INFO - Started process (PID=55190) to work on /opt/airflow/dags/prediction_dag.py
[2025-11-30T16:46:48.465+0000] {processor.py:830} INFO - Processing file /opt/airflow/dags/prediction_dag.py for tasks to queue
[2025-11-30T16:46:48.466+0000] {logging_mixin.py:188} INFO - [2025-11-30T16:46:48.466+0000] {dagbag.py:540} INFO - Filling up the DagBag from /opt/airflow/dags/prediction_dag.py
[2025-11-30T16:46:48.485+0000] {processor.py:840} INFO - DAG(s) 'prediction_dag' retrieved from /opt/airflow/dags/prediction_dag.py
[2025-11-30T16:46:48.510+0000] {logging_mixin.py:188} INFO - [2025-11-30T16:46:48.510+0000] {dag.py:3047} INFO - Sync 1 DAGs
[2025-11-30T16:46:48.530+0000] {logging_mixin.py:188} INFO - [2025-11-30T16:46:48.530+0000] {dag.py:3834} INFO - Setting next_dagrun for prediction_dag to 2025-11-30 16:46:00+00:00, run_after=2025-11-30 16:48:00+00:00
[2025-11-30T16:46:48.654+0000] {processor.py:183} INFO - Processing /opt/airflow/dags/prediction_dag.py took 0.196 seconds
[2025-11-30T16:47:18.956+0000] {processor.py:161} INFO - Started process (PID=55270) to work on /opt/airflow/dags/prediction_dag.py
[2025-11-30T16:47:18.959+0000] {processor.py:830} INFO - Processing file /opt/airflow/dags/prediction_dag.py for tasks to queue
[2025-11-30T16:47:18.960+0000] {logging_mixin.py:188} INFO - [2025-11-30T16:47:18.959+0000] {dagbag.py:540} INFO - Filling up the DagBag from /opt/airflow/dags/prediction_dag.py
[2025-11-30T16:47:18.979+0000] {processor.py:840} INFO - DAG(s) 'prediction_dag' retrieved from /opt/airflow/dags/prediction_dag.py
[2025-11-30T16:47:19.005+0000] {logging_mixin.py:188} INFO - [2025-11-30T16:47:19.005+0000] {dag.py:3047} INFO - Sync 1 DAGs
[2025-11-30T16:47:19.024+0000] {logging_mixin.py:188} INFO - [2025-11-30T16:47:19.024+0000] {dag.py:3834} INFO - Setting next_dagrun for prediction_dag to 2025-11-30 16:46:00+00:00, run_after=2025-11-30 16:48:00+00:00
[2025-11-30T16:47:19.035+0000] {processor.py:183} INFO - Processing /opt/airflow/dags/prediction_dag.py took 0.084 seconds
[2025-11-30T16:47:49.395+0000] {processor.py:161} INFO - Started process (PID=55288) to work on /opt/airflow/dags/prediction_dag.py
[2025-11-30T16:47:49.396+0000] {processor.py:830} INFO - Processing file /opt/airflow/dags/prediction_dag.py for tasks to queue
[2025-11-30T16:47:49.397+0000] {logging_mixin.py:188} INFO - [2025-11-30T16:47:49.397+0000] {dagbag.py:540} INFO - Filling up the DagBag from /opt/airflow/dags/prediction_dag.py
[2025-11-30T16:47:49.415+0000] {processor.py:840} INFO - DAG(s) 'prediction_dag' retrieved from /opt/airflow/dags/prediction_dag.py
[2025-11-30T16:47:49.443+0000] {logging_mixin.py:188} INFO - [2025-11-30T16:47:49.443+0000] {dag.py:3047} INFO - Sync 1 DAGs
[2025-11-30T16:47:49.459+0000] {logging_mixin.py:188} INFO - [2025-11-30T16:47:49.459+0000] {dag.py:3834} INFO - Setting next_dagrun for prediction_dag to 2025-11-30 16:46:00+00:00, run_after=2025-11-30 16:48:00+00:00
[2025-11-30T16:47:49.469+0000] {processor.py:183} INFO - Processing /opt/airflow/dags/prediction_dag.py took 0.080 seconds
[2025-11-30T16:48:19.792+0000] {processor.py:161} INFO - Started process (PID=55374) to work on /opt/airflow/dags/prediction_dag.py
[2025-11-30T16:48:19.795+0000] {processor.py:830} INFO - Processing file /opt/airflow/dags/prediction_dag.py for tasks to queue
[2025-11-30T16:48:19.796+0000] {logging_mixin.py:188} INFO - [2025-11-30T16:48:19.795+0000] {dagbag.py:540} INFO - Filling up the DagBag from /opt/airflow/dags/prediction_dag.py
[2025-11-30T16:48:19.813+0000] {processor.py:840} INFO - DAG(s) 'prediction_dag' retrieved from /opt/airflow/dags/prediction_dag.py
[2025-11-30T16:48:19.842+0000] {logging_mixin.py:188} INFO - [2025-11-30T16:48:19.842+0000] {dag.py:3047} INFO - Sync 1 DAGs
[2025-11-30T16:48:19.983+0000] {logging_mixin.py:188} INFO - [2025-11-30T16:48:19.983+0000] {dag.py:3834} INFO - Setting next_dagrun for prediction_dag to 2025-11-30 16:48:00+00:00, run_after=2025-11-30 16:50:00+00:00
[2025-11-30T16:48:19.992+0000] {processor.py:183} INFO - Processing /opt/airflow/dags/prediction_dag.py took 0.207 seconds
[2025-11-30T16:48:50.303+0000] {processor.py:161} INFO - Started process (PID=55392) to work on /opt/airflow/dags/prediction_dag.py
[2025-11-30T16:48:50.305+0000] {processor.py:830} INFO - Processing file /opt/airflow/dags/prediction_dag.py for tasks to queue
[2025-11-30T16:48:50.306+0000] {logging_mixin.py:188} INFO - [2025-11-30T16:48:50.305+0000] {dagbag.py:540} INFO - Filling up the DagBag from /opt/airflow/dags/prediction_dag.py
[2025-11-30T16:48:50.328+0000] {processor.py:840} INFO - DAG(s) 'prediction_dag' retrieved from /opt/airflow/dags/prediction_dag.py
[2025-11-30T16:48:50.353+0000] {logging_mixin.py:188} INFO - [2025-11-30T16:48:50.353+0000] {dag.py:3047} INFO - Sync 1 DAGs
[2025-11-30T16:48:50.369+0000] {logging_mixin.py:188} INFO - [2025-11-30T16:48:50.369+0000] {dag.py:3834} INFO - Setting next_dagrun for prediction_dag to 2025-11-30 16:48:00+00:00, run_after=2025-11-30 16:50:00+00:00
[2025-11-30T16:48:50.379+0000] {processor.py:183} INFO - Processing /opt/airflow/dags/prediction_dag.py took 0.083 seconds
[2025-11-30T16:49:20.691+0000] {processor.py:161} INFO - Started process (PID=55472) to work on /opt/airflow/dags/prediction_dag.py
[2025-11-30T16:49:20.693+0000] {processor.py:830} INFO - Processing file /opt/airflow/dags/prediction_dag.py for tasks to queue
[2025-11-30T16:49:20.694+0000] {logging_mixin.py:188} INFO - [2025-11-30T16:49:20.694+0000] {dagbag.py:540} INFO - Filling up the DagBag from /opt/airflow/dags/prediction_dag.py
[2025-11-30T16:49:20.714+0000] {processor.py:840} INFO - DAG(s) 'prediction_dag' retrieved from /opt/airflow/dags/prediction_dag.py
[2025-11-30T16:49:20.742+0000] {logging_mixin.py:188} INFO - [2025-11-30T16:49:20.742+0000] {dag.py:3047} INFO - Sync 1 DAGs
[2025-11-30T16:49:20.759+0000] {logging_mixin.py:188} INFO - [2025-11-30T16:49:20.759+0000] {dag.py:3834} INFO - Setting next_dagrun for prediction_dag to 2025-11-30 16:48:00+00:00, run_after=2025-11-30 16:50:00+00:00
[2025-11-30T16:49:20.771+0000] {processor.py:183} INFO - Processing /opt/airflow/dags/prediction_dag.py took 0.086 seconds
[2025-11-30T16:49:51.437+0000] {processor.py:161} INFO - Started process (PID=55490) to work on /opt/airflow/dags/prediction_dag.py
[2025-11-30T16:49:51.440+0000] {processor.py:830} INFO - Processing file /opt/airflow/dags/prediction_dag.py for tasks to queue
[2025-11-30T16:49:51.442+0000] {logging_mixin.py:188} INFO - [2025-11-30T16:49:51.441+0000] {dagbag.py:540} INFO - Filling up the DagBag from /opt/airflow/dags/prediction_dag.py
[2025-11-30T16:49:51.473+0000] {processor.py:840} INFO - DAG(s) 'prediction_dag' retrieved from /opt/airflow/dags/prediction_dag.py
[2025-11-30T16:49:51.531+0000] {logging_mixin.py:188} INFO - [2025-11-30T16:49:51.530+0000] {dag.py:3047} INFO - Sync 1 DAGs
[2025-11-30T16:49:51.893+0000] {logging_mixin.py:188} INFO - [2025-11-30T16:49:51.893+0000] {dag.py:3834} INFO - Setting next_dagrun for prediction_dag to 2025-11-30 16:48:00+00:00, run_after=2025-11-30 16:50:00+00:00
[2025-11-30T16:49:51.907+0000] {processor.py:183} INFO - Processing /opt/airflow/dags/prediction_dag.py took 0.480 seconds
[2025-11-30T17:01:40.188+0000] {processor.py:161} INFO - Started process (PID=55499) to work on /opt/airflow/dags/prediction_dag.py
[2025-11-30T17:01:40.190+0000] {processor.py:830} INFO - Processing file /opt/airflow/dags/prediction_dag.py for tasks to queue
[2025-11-30T17:01:40.191+0000] {logging_mixin.py:188} INFO - [2025-11-30T17:01:40.191+0000] {dagbag.py:540} INFO - Filling up the DagBag from /opt/airflow/dags/prediction_dag.py
[2025-11-30T17:01:40.225+0000] {processor.py:840} INFO - DAG(s) 'prediction_dag' retrieved from /opt/airflow/dags/prediction_dag.py
[2025-11-30T17:01:40.288+0000] {logging_mixin.py:188} INFO - [2025-11-30T17:01:40.288+0000] {dag.py:3047} INFO - Sync 1 DAGs
[2025-11-30T17:01:40.324+0000] {logging_mixin.py:188} INFO - [2025-11-30T17:01:40.324+0000] {dag.py:3834} INFO - Setting next_dagrun for prediction_dag to 2025-11-30 16:58:00+00:00, run_after=2025-11-30 17:00:00+00:00
[2025-11-30T17:01:40.341+0000] {processor.py:183} INFO - Processing /opt/airflow/dags/prediction_dag.py took 0.162 seconds
[2025-11-30T18:11:00.778+0000] {processor.py:161} INFO - Started process (PID=55647) to work on /opt/airflow/dags/prediction_dag.py
[2025-11-30T18:11:00.782+0000] {processor.py:830} INFO - Processing file /opt/airflow/dags/prediction_dag.py for tasks to queue
[2025-11-30T18:11:00.790+0000] {logging_mixin.py:188} INFO - [2025-11-30T18:11:00.789+0000] {dagbag.py:540} INFO - Filling up the DagBag from /opt/airflow/dags/prediction_dag.py
[2025-11-30T18:11:01.083+0000] {processor.py:840} INFO - DAG(s) 'prediction_dag' retrieved from /opt/airflow/dags/prediction_dag.py
[2025-11-30T18:11:01.612+0000] {logging_mixin.py:188} INFO - [2025-11-30T18:11:01.610+0000] {dag.py:3047} INFO - Sync 1 DAGs
[2025-11-30T18:11:01.894+0000] {logging_mixin.py:188} INFO - [2025-11-30T18:11:01.893+0000] {dag.py:3834} INFO - Setting next_dagrun for prediction_dag to 2025-11-30 18:10:00+00:00, run_after=2025-11-30 18:12:00+00:00
[2025-11-30T18:11:04.005+0000] {processor.py:183} INFO - Processing /opt/airflow/dags/prediction_dag.py took 3.257 seconds
[2025-11-30T18:11:34.439+0000] {processor.py:161} INFO - Started process (PID=55738) to work on /opt/airflow/dags/prediction_dag.py
[2025-11-30T18:11:34.448+0000] {processor.py:830} INFO - Processing file /opt/airflow/dags/prediction_dag.py for tasks to queue
[2025-11-30T18:11:34.452+0000] {logging_mixin.py:188} INFO - [2025-11-30T18:11:34.451+0000] {dagbag.py:540} INFO - Filling up the DagBag from /opt/airflow/dags/prediction_dag.py
[2025-11-30T18:11:34.590+0000] {processor.py:840} INFO - DAG(s) 'prediction_dag' retrieved from /opt/airflow/dags/prediction_dag.py
[2025-11-30T18:11:35.010+0000] {logging_mixin.py:188} INFO - [2025-11-30T18:11:35.007+0000] {dag.py:3047} INFO - Sync 1 DAGs
[2025-11-30T18:11:37.058+0000] {logging_mixin.py:188} INFO - [2025-11-30T18:11:37.057+0000] {dag.py:3834} INFO - Setting next_dagrun for prediction_dag to 2025-11-30 18:10:00+00:00, run_after=2025-11-30 18:12:00+00:00
[2025-11-30T18:11:37.142+0000] {processor.py:183} INFO - Processing /opt/airflow/dags/prediction_dag.py took 2.733 seconds
[2025-11-30T18:12:08.097+0000] {processor.py:161} INFO - Started process (PID=55882) to work on /opt/airflow/dags/prediction_dag.py
[2025-11-30T18:12:08.114+0000] {processor.py:830} INFO - Processing file /opt/airflow/dags/prediction_dag.py for tasks to queue
[2025-11-30T18:12:08.135+0000] {logging_mixin.py:188} INFO - [2025-11-30T18:12:08.125+0000] {dagbag.py:540} INFO - Filling up the DagBag from /opt/airflow/dags/prediction_dag.py
[2025-11-30T18:12:10.424+0000] {processor.py:840} INFO - DAG(s) 'prediction_dag' retrieved from /opt/airflow/dags/prediction_dag.py
[2025-11-30T18:12:10.687+0000] {logging_mixin.py:188} INFO - [2025-11-30T18:12:10.686+0000] {dag.py:3047} INFO - Sync 1 DAGs
[2025-11-30T18:12:10.773+0000] {logging_mixin.py:188} INFO - [2025-11-30T18:12:10.773+0000] {dag.py:3834} INFO - Setting next_dagrun for prediction_dag to 2025-11-30 18:12:00+00:00, run_after=2025-11-30 18:14:00+00:00
[2025-11-30T18:12:10.863+0000] {processor.py:183} INFO - Processing /opt/airflow/dags/prediction_dag.py took 2.812 seconds
[2025-11-30T18:12:41.579+0000] {processor.py:161} INFO - Started process (PID=55961) to work on /opt/airflow/dags/prediction_dag.py
[2025-11-30T18:12:41.584+0000] {processor.py:830} INFO - Processing file /opt/airflow/dags/prediction_dag.py for tasks to queue
[2025-11-30T18:12:41.586+0000] {logging_mixin.py:188} INFO - [2025-11-30T18:12:41.585+0000] {dagbag.py:540} INFO - Filling up the DagBag from /opt/airflow/dags/prediction_dag.py
[2025-11-30T18:12:41.616+0000] {processor.py:840} INFO - DAG(s) 'prediction_dag' retrieved from /opt/airflow/dags/prediction_dag.py
[2025-11-30T18:12:41.686+0000] {logging_mixin.py:188} INFO - [2025-11-30T18:12:41.686+0000] {dag.py:3047} INFO - Sync 1 DAGs
[2025-11-30T18:12:41.725+0000] {logging_mixin.py:188} INFO - [2025-11-30T18:12:41.725+0000] {dag.py:3834} INFO - Setting next_dagrun for prediction_dag to 2025-11-30 18:12:00+00:00, run_after=2025-11-30 18:14:00+00:00
[2025-11-30T18:12:41.755+0000] {processor.py:183} INFO - Processing /opt/airflow/dags/prediction_dag.py took 0.185 seconds
[2025-11-30T18:13:12.781+0000] {processor.py:161} INFO - Started process (PID=56034) to work on /opt/airflow/dags/prediction_dag.py
[2025-11-30T18:13:12.784+0000] {processor.py:830} INFO - Processing file /opt/airflow/dags/prediction_dag.py for tasks to queue
[2025-11-30T18:13:12.787+0000] {logging_mixin.py:188} INFO - [2025-11-30T18:13:12.786+0000] {dagbag.py:540} INFO - Filling up the DagBag from /opt/airflow/dags/prediction_dag.py
[2025-11-30T18:13:12.816+0000] {processor.py:840} INFO - DAG(s) 'prediction_dag' retrieved from /opt/airflow/dags/prediction_dag.py
[2025-11-30T18:13:12.883+0000] {logging_mixin.py:188} INFO - [2025-11-30T18:13:12.882+0000] {dag.py:3047} INFO - Sync 1 DAGs
[2025-11-30T18:13:12.921+0000] {logging_mixin.py:188} INFO - [2025-11-30T18:13:12.921+0000] {dag.py:3834} INFO - Setting next_dagrun for prediction_dag to 2025-11-30 18:12:00+00:00, run_after=2025-11-30 18:14:00+00:00
[2025-11-30T18:13:12.962+0000] {processor.py:183} INFO - Processing /opt/airflow/dags/prediction_dag.py took 0.186 seconds
[2025-11-30T18:13:43.434+0000] {processor.py:161} INFO - Started process (PID=56055) to work on /opt/airflow/dags/prediction_dag.py
[2025-11-30T18:13:43.439+0000] {processor.py:830} INFO - Processing file /opt/airflow/dags/prediction_dag.py for tasks to queue
[2025-11-30T18:13:43.441+0000] {logging_mixin.py:188} INFO - [2025-11-30T18:13:43.440+0000] {dagbag.py:540} INFO - Filling up the DagBag from /opt/airflow/dags/prediction_dag.py
[2025-11-30T18:13:43.479+0000] {processor.py:840} INFO - DAG(s) 'prediction_dag' retrieved from /opt/airflow/dags/prediction_dag.py
[2025-11-30T18:13:43.547+0000] {logging_mixin.py:188} INFO - [2025-11-30T18:13:43.546+0000] {dag.py:3047} INFO - Sync 1 DAGs
[2025-11-30T18:13:43.582+0000] {logging_mixin.py:188} INFO - [2025-11-30T18:13:43.582+0000] {dag.py:3834} INFO - Setting next_dagrun for prediction_dag to 2025-11-30 18:12:00+00:00, run_after=2025-11-30 18:14:00+00:00
[2025-11-30T18:13:43.603+0000] {processor.py:183} INFO - Processing /opt/airflow/dags/prediction_dag.py took 0.182 seconds
[2025-11-30T18:14:13.697+0000] {processor.py:161} INFO - Started process (PID=56141) to work on /opt/airflow/dags/prediction_dag.py
[2025-11-30T18:14:13.700+0000] {processor.py:830} INFO - Processing file /opt/airflow/dags/prediction_dag.py for tasks to queue
[2025-11-30T18:14:13.701+0000] {logging_mixin.py:188} INFO - [2025-11-30T18:14:13.701+0000] {dagbag.py:540} INFO - Filling up the DagBag from /opt/airflow/dags/prediction_dag.py
[2025-11-30T18:14:13.730+0000] {processor.py:840} INFO - DAG(s) 'prediction_dag' retrieved from /opt/airflow/dags/prediction_dag.py
[2025-11-30T18:14:13.781+0000] {logging_mixin.py:188} INFO - [2025-11-30T18:14:13.781+0000] {dag.py:3047} INFO - Sync 1 DAGs
[2025-11-30T18:14:13.812+0000] {logging_mixin.py:188} INFO - [2025-11-30T18:14:13.812+0000] {dag.py:3834} INFO - Setting next_dagrun for prediction_dag to 2025-11-30 18:14:00+00:00, run_after=2025-11-30 18:16:00+00:00
[2025-11-30T18:14:13.829+0000] {processor.py:183} INFO - Processing /opt/airflow/dags/prediction_dag.py took 0.156 seconds
[2025-11-30T18:14:44.271+0000] {processor.py:161} INFO - Started process (PID=56159) to work on /opt/airflow/dags/prediction_dag.py
[2025-11-30T18:14:44.274+0000] {processor.py:830} INFO - Processing file /opt/airflow/dags/prediction_dag.py for tasks to queue
[2025-11-30T18:14:44.275+0000] {logging_mixin.py:188} INFO - [2025-11-30T18:14:44.275+0000] {dagbag.py:540} INFO - Filling up the DagBag from /opt/airflow/dags/prediction_dag.py
[2025-11-30T18:14:44.310+0000] {processor.py:840} INFO - DAG(s) 'prediction_dag' retrieved from /opt/airflow/dags/prediction_dag.py
[2025-11-30T18:14:44.350+0000] {logging_mixin.py:188} INFO - [2025-11-30T18:14:44.350+0000] {dag.py:3047} INFO - Sync 1 DAGs
[2025-11-30T18:14:44.375+0000] {logging_mixin.py:188} INFO - [2025-11-30T18:14:44.375+0000] {dag.py:3834} INFO - Setting next_dagrun for prediction_dag to 2025-11-30 18:14:00+00:00, run_after=2025-11-30 18:16:00+00:00
[2025-11-30T18:14:44.388+0000] {processor.py:183} INFO - Processing /opt/airflow/dags/prediction_dag.py took 0.124 seconds
[2025-11-30T18:15:14.709+0000] {processor.py:161} INFO - Started process (PID=56239) to work on /opt/airflow/dags/prediction_dag.py
[2025-11-30T18:15:14.713+0000] {processor.py:830} INFO - Processing file /opt/airflow/dags/prediction_dag.py for tasks to queue
[2025-11-30T18:15:14.719+0000] {logging_mixin.py:188} INFO - [2025-11-30T18:15:14.717+0000] {dagbag.py:540} INFO - Filling up the DagBag from /opt/airflow/dags/prediction_dag.py
[2025-11-30T18:15:14.754+0000] {processor.py:840} INFO - DAG(s) 'prediction_dag' retrieved from /opt/airflow/dags/prediction_dag.py
[2025-11-30T18:15:14.806+0000] {logging_mixin.py:188} INFO - [2025-11-30T18:15:14.806+0000] {dag.py:3047} INFO - Sync 1 DAGs
[2025-11-30T18:15:14.836+0000] {logging_mixin.py:188} INFO - [2025-11-30T18:15:14.836+0000] {dag.py:3834} INFO - Setting next_dagrun for prediction_dag to 2025-11-30 18:14:00+00:00, run_after=2025-11-30 18:16:00+00:00
[2025-11-30T18:15:14.850+0000] {processor.py:183} INFO - Processing /opt/airflow/dags/prediction_dag.py took 0.154 seconds
[2025-11-30T18:15:45.271+0000] {processor.py:161} INFO - Started process (PID=56257) to work on /opt/airflow/dags/prediction_dag.py
[2025-11-30T18:15:45.273+0000] {processor.py:830} INFO - Processing file /opt/airflow/dags/prediction_dag.py for tasks to queue
[2025-11-30T18:15:45.275+0000] {logging_mixin.py:188} INFO - [2025-11-30T18:15:45.274+0000] {dagbag.py:540} INFO - Filling up the DagBag from /opt/airflow/dags/prediction_dag.py
[2025-11-30T18:15:45.304+0000] {processor.py:840} INFO - DAG(s) 'prediction_dag' retrieved from /opt/airflow/dags/prediction_dag.py
[2025-11-30T18:15:45.341+0000] {logging_mixin.py:188} INFO - [2025-11-30T18:15:45.341+0000] {dag.py:3047} INFO - Sync 1 DAGs
[2025-11-30T18:15:45.361+0000] {logging_mixin.py:188} INFO - [2025-11-30T18:15:45.360+0000] {dag.py:3834} INFO - Setting next_dagrun for prediction_dag to 2025-11-30 18:14:00+00:00, run_after=2025-11-30 18:16:00+00:00
[2025-11-30T18:15:45.377+0000] {processor.py:183} INFO - Processing /opt/airflow/dags/prediction_dag.py took 0.113 seconds
[2025-11-30T18:16:15.774+0000] {processor.py:161} INFO - Started process (PID=56343) to work on /opt/airflow/dags/prediction_dag.py
[2025-11-30T18:16:15.777+0000] {processor.py:830} INFO - Processing file /opt/airflow/dags/prediction_dag.py for tasks to queue
[2025-11-30T18:16:15.778+0000] {logging_mixin.py:188} INFO - [2025-11-30T18:16:15.778+0000] {dagbag.py:540} INFO - Filling up the DagBag from /opt/airflow/dags/prediction_dag.py
[2025-11-30T18:16:15.808+0000] {processor.py:840} INFO - DAG(s) 'prediction_dag' retrieved from /opt/airflow/dags/prediction_dag.py
[2025-11-30T18:16:15.861+0000] {logging_mixin.py:188} INFO - [2025-11-30T18:16:15.861+0000] {dag.py:3047} INFO - Sync 1 DAGs
[2025-11-30T18:16:15.889+0000] {logging_mixin.py:188} INFO - [2025-11-30T18:16:15.889+0000] {dag.py:3834} INFO - Setting next_dagrun for prediction_dag to 2025-11-30 18:16:00+00:00, run_after=2025-11-30 18:18:00+00:00
[2025-11-30T18:16:15.906+0000] {processor.py:183} INFO - Processing /opt/airflow/dags/prediction_dag.py took 0.152 seconds
[2025-11-30T18:16:46.300+0000] {processor.py:161} INFO - Started process (PID=56361) to work on /opt/airflow/dags/prediction_dag.py
[2025-11-30T18:16:46.302+0000] {processor.py:830} INFO - Processing file /opt/airflow/dags/prediction_dag.py for tasks to queue
[2025-11-30T18:16:46.304+0000] {logging_mixin.py:188} INFO - [2025-11-30T18:16:46.303+0000] {dagbag.py:540} INFO - Filling up the DagBag from /opt/airflow/dags/prediction_dag.py
[2025-11-30T18:16:46.330+0000] {processor.py:840} INFO - DAG(s) 'prediction_dag' retrieved from /opt/airflow/dags/prediction_dag.py
[2025-11-30T18:16:46.366+0000] {logging_mixin.py:188} INFO - [2025-11-30T18:16:46.365+0000] {dag.py:3047} INFO - Sync 1 DAGs
[2025-11-30T18:16:46.385+0000] {logging_mixin.py:188} INFO - [2025-11-30T18:16:46.385+0000] {dag.py:3834} INFO - Setting next_dagrun for prediction_dag to 2025-11-30 18:16:00+00:00, run_after=2025-11-30 18:18:00+00:00
[2025-11-30T18:16:46.401+0000] {processor.py:183} INFO - Processing /opt/airflow/dags/prediction_dag.py took 0.108 seconds
[2025-11-30T18:17:16.547+0000] {processor.py:161} INFO - Started process (PID=56441) to work on /opt/airflow/dags/prediction_dag.py
[2025-11-30T18:17:16.551+0000] {processor.py:830} INFO - Processing file /opt/airflow/dags/prediction_dag.py for tasks to queue
[2025-11-30T18:17:16.552+0000] {logging_mixin.py:188} INFO - [2025-11-30T18:17:16.552+0000] {dagbag.py:540} INFO - Filling up the DagBag from /opt/airflow/dags/prediction_dag.py
[2025-11-30T18:17:16.599+0000] {processor.py:840} INFO - DAG(s) 'prediction_dag' retrieved from /opt/airflow/dags/prediction_dag.py
[2025-11-30T18:17:16.643+0000] {logging_mixin.py:188} INFO - [2025-11-30T18:17:16.642+0000] {dag.py:3047} INFO - Sync 1 DAGs
[2025-11-30T18:17:16.668+0000] {logging_mixin.py:188} INFO - [2025-11-30T18:17:16.668+0000] {dag.py:3834} INFO - Setting next_dagrun for prediction_dag to 2025-11-30 18:16:00+00:00, run_after=2025-11-30 18:18:00+00:00
[2025-11-30T18:17:16.684+0000] {processor.py:183} INFO - Processing /opt/airflow/dags/prediction_dag.py took 0.148 seconds
[2025-11-30T18:17:47.034+0000] {processor.py:161} INFO - Started process (PID=56459) to work on /opt/airflow/dags/prediction_dag.py
[2025-11-30T18:17:47.037+0000] {processor.py:830} INFO - Processing file /opt/airflow/dags/prediction_dag.py for tasks to queue
[2025-11-30T18:17:47.038+0000] {logging_mixin.py:188} INFO - [2025-11-30T18:17:47.038+0000] {dagbag.py:540} INFO - Filling up the DagBag from /opt/airflow/dags/prediction_dag.py
[2025-11-30T18:17:47.060+0000] {processor.py:840} INFO - DAG(s) 'prediction_dag' retrieved from /opt/airflow/dags/prediction_dag.py
[2025-11-30T18:17:47.092+0000] {logging_mixin.py:188} INFO - [2025-11-30T18:17:47.092+0000] {dag.py:3047} INFO - Sync 1 DAGs
[2025-11-30T18:17:47.110+0000] {logging_mixin.py:188} INFO - [2025-11-30T18:17:47.110+0000] {dag.py:3834} INFO - Setting next_dagrun for prediction_dag to 2025-11-30 18:16:00+00:00, run_after=2025-11-30 18:18:00+00:00
[2025-11-30T18:17:47.121+0000] {processor.py:183} INFO - Processing /opt/airflow/dags/prediction_dag.py took 0.096 seconds
[2025-11-30T18:18:17.454+0000] {processor.py:161} INFO - Started process (PID=56545) to work on /opt/airflow/dags/prediction_dag.py
[2025-11-30T18:18:17.462+0000] {processor.py:830} INFO - Processing file /opt/airflow/dags/prediction_dag.py for tasks to queue
[2025-11-30T18:18:17.464+0000] {logging_mixin.py:188} INFO - [2025-11-30T18:18:17.463+0000] {dagbag.py:540} INFO - Filling up the DagBag from /opt/airflow/dags/prediction_dag.py
[2025-11-30T18:18:17.494+0000] {processor.py:840} INFO - DAG(s) 'prediction_dag' retrieved from /opt/airflow/dags/prediction_dag.py
[2025-11-30T18:18:17.549+0000] {logging_mixin.py:188} INFO - [2025-11-30T18:18:17.549+0000] {dag.py:3047} INFO - Sync 1 DAGs
[2025-11-30T18:18:17.599+0000] {logging_mixin.py:188} INFO - [2025-11-30T18:18:17.598+0000] {dag.py:3834} INFO - Setting next_dagrun for prediction_dag to 2025-11-30 18:18:00+00:00, run_after=2025-11-30 18:20:00+00:00
[2025-11-30T18:18:17.626+0000] {processor.py:183} INFO - Processing /opt/airflow/dags/prediction_dag.py took 0.185 seconds
[2025-11-30T18:18:47.777+0000] {processor.py:161} INFO - Started process (PID=56563) to work on /opt/airflow/dags/prediction_dag.py
[2025-11-30T18:18:47.780+0000] {processor.py:830} INFO - Processing file /opt/airflow/dags/prediction_dag.py for tasks to queue
[2025-11-30T18:18:47.782+0000] {logging_mixin.py:188} INFO - [2025-11-30T18:18:47.782+0000] {dagbag.py:540} INFO - Filling up the DagBag from /opt/airflow/dags/prediction_dag.py
[2025-11-30T18:18:47.819+0000] {processor.py:840} INFO - DAG(s) 'prediction_dag' retrieved from /opt/airflow/dags/prediction_dag.py
[2025-11-30T18:18:47.872+0000] {logging_mixin.py:188} INFO - [2025-11-30T18:18:47.871+0000] {dag.py:3047} INFO - Sync 1 DAGs
[2025-11-30T18:18:47.903+0000] {logging_mixin.py:188} INFO - [2025-11-30T18:18:47.902+0000] {dag.py:3834} INFO - Setting next_dagrun for prediction_dag to 2025-11-30 18:18:00+00:00, run_after=2025-11-30 18:20:00+00:00
[2025-11-30T18:18:47.917+0000] {processor.py:183} INFO - Processing /opt/airflow/dags/prediction_dag.py took 0.154 seconds
[2025-11-30T18:19:18.014+0000] {processor.py:161} INFO - Started process (PID=56643) to work on /opt/airflow/dags/prediction_dag.py
[2025-11-30T18:19:18.017+0000] {processor.py:830} INFO - Processing file /opt/airflow/dags/prediction_dag.py for tasks to queue
[2025-11-30T18:19:18.018+0000] {logging_mixin.py:188} INFO - [2025-11-30T18:19:18.017+0000] {dagbag.py:540} INFO - Filling up the DagBag from /opt/airflow/dags/prediction_dag.py
[2025-11-30T18:19:18.051+0000] {processor.py:840} INFO - DAG(s) 'prediction_dag' retrieved from /opt/airflow/dags/prediction_dag.py
[2025-11-30T18:19:18.099+0000] {logging_mixin.py:188} INFO - [2025-11-30T18:19:18.099+0000] {dag.py:3047} INFO - Sync 1 DAGs
[2025-11-30T18:19:18.129+0000] {logging_mixin.py:188} INFO - [2025-11-30T18:19:18.129+0000] {dag.py:3834} INFO - Setting next_dagrun for prediction_dag to 2025-11-30 18:18:00+00:00, run_after=2025-11-30 18:20:00+00:00
[2025-11-30T18:19:18.147+0000] {processor.py:183} INFO - Processing /opt/airflow/dags/prediction_dag.py took 0.146 seconds
[2025-11-30T18:21:18.060+0000] {processor.py:161} INFO - Started process (PID=56652) to work on /opt/airflow/dags/prediction_dag.py
[2025-11-30T18:21:18.063+0000] {processor.py:830} INFO - Processing file /opt/airflow/dags/prediction_dag.py for tasks to queue
[2025-11-30T18:21:18.064+0000] {logging_mixin.py:188} INFO - [2025-11-30T18:21:18.064+0000] {dagbag.py:540} INFO - Filling up the DagBag from /opt/airflow/dags/prediction_dag.py
[2025-11-30T18:21:18.099+0000] {processor.py:840} INFO - DAG(s) 'prediction_dag' retrieved from /opt/airflow/dags/prediction_dag.py
[2025-11-30T18:21:18.154+0000] {logging_mixin.py:188} INFO - [2025-11-30T18:21:18.154+0000] {dag.py:3047} INFO - Sync 1 DAGs
[2025-11-30T18:21:18.190+0000] {logging_mixin.py:188} INFO - [2025-11-30T18:21:18.190+0000] {dag.py:3834} INFO - Setting next_dagrun for prediction_dag to 2025-11-30 18:20:00+00:00, run_after=2025-11-30 18:22:00+00:00
[2025-11-30T18:21:18.226+0000] {processor.py:183} INFO - Processing /opt/airflow/dags/prediction_dag.py took 0.175 seconds
[2025-11-30T18:21:48.621+0000] {processor.py:161} INFO - Started process (PID=56798) to work on /opt/airflow/dags/prediction_dag.py
[2025-11-30T18:21:48.625+0000] {processor.py:830} INFO - Processing file /opt/airflow/dags/prediction_dag.py for tasks to queue
[2025-11-30T18:21:48.632+0000] {logging_mixin.py:188} INFO - [2025-11-30T18:21:48.629+0000] {dagbag.py:540} INFO - Filling up the DagBag from /opt/airflow/dags/prediction_dag.py
[2025-11-30T18:21:48.660+0000] {processor.py:840} INFO - DAG(s) 'prediction_dag' retrieved from /opt/airflow/dags/prediction_dag.py
[2025-11-30T18:21:48.705+0000] {logging_mixin.py:188} INFO - [2025-11-30T18:21:48.705+0000] {dag.py:3047} INFO - Sync 1 DAGs
[2025-11-30T18:21:48.730+0000] {logging_mixin.py:188} INFO - [2025-11-30T18:21:48.730+0000] {dag.py:3834} INFO - Setting next_dagrun for prediction_dag to 2025-11-30 18:20:00+00:00, run_after=2025-11-30 18:22:00+00:00
[2025-11-30T18:21:48.746+0000] {processor.py:183} INFO - Processing /opt/airflow/dags/prediction_dag.py took 0.134 seconds
[2025-11-30T18:22:18.902+0000] {processor.py:161} INFO - Started process (PID=56884) to work on /opt/airflow/dags/prediction_dag.py
[2025-11-30T18:22:18.905+0000] {processor.py:830} INFO - Processing file /opt/airflow/dags/prediction_dag.py for tasks to queue
[2025-11-30T18:22:18.906+0000] {logging_mixin.py:188} INFO - [2025-11-30T18:22:18.906+0000] {dagbag.py:540} INFO - Filling up the DagBag from /opt/airflow/dags/prediction_dag.py
[2025-11-30T18:22:18.941+0000] {processor.py:840} INFO - DAG(s) 'prediction_dag' retrieved from /opt/airflow/dags/prediction_dag.py
[2025-11-30T18:22:18.997+0000] {logging_mixin.py:188} INFO - [2025-11-30T18:22:18.997+0000] {dag.py:3047} INFO - Sync 1 DAGs
[2025-11-30T18:22:19.026+0000] {logging_mixin.py:188} INFO - [2025-11-30T18:22:19.026+0000] {dag.py:3834} INFO - Setting next_dagrun for prediction_dag to 2025-11-30 18:22:00+00:00, run_after=2025-11-30 18:24:00+00:00
[2025-11-30T18:22:19.042+0000] {processor.py:183} INFO - Processing /opt/airflow/dags/prediction_dag.py took 0.154 seconds
[2025-11-30T18:22:49.192+0000] {processor.py:161} INFO - Started process (PID=56902) to work on /opt/airflow/dags/prediction_dag.py
[2025-11-30T18:22:49.200+0000] {processor.py:830} INFO - Processing file /opt/airflow/dags/prediction_dag.py for tasks to queue
[2025-11-30T18:22:49.201+0000] {logging_mixin.py:188} INFO - [2025-11-30T18:22:49.200+0000] {dagbag.py:540} INFO - Filling up the DagBag from /opt/airflow/dags/prediction_dag.py
[2025-11-30T18:22:49.237+0000] {processor.py:840} INFO - DAG(s) 'prediction_dag' retrieved from /opt/airflow/dags/prediction_dag.py
[2025-11-30T18:22:49.292+0000] {logging_mixin.py:188} INFO - [2025-11-30T18:22:49.292+0000] {dag.py:3047} INFO - Sync 1 DAGs
[2025-11-30T18:22:49.319+0000] {logging_mixin.py:188} INFO - [2025-11-30T18:22:49.319+0000] {dag.py:3834} INFO - Setting next_dagrun for prediction_dag to 2025-11-30 18:22:00+00:00, run_after=2025-11-30 18:24:00+00:00
[2025-11-30T18:22:49.336+0000] {processor.py:183} INFO - Processing /opt/airflow/dags/prediction_dag.py took 0.151 seconds
[2025-11-30T18:23:19.462+0000] {processor.py:161} INFO - Started process (PID=56982) to work on /opt/airflow/dags/prediction_dag.py
[2025-11-30T18:23:19.470+0000] {processor.py:830} INFO - Processing file /opt/airflow/dags/prediction_dag.py for tasks to queue
[2025-11-30T18:23:19.471+0000] {logging_mixin.py:188} INFO - [2025-11-30T18:23:19.471+0000] {dagbag.py:540} INFO - Filling up the DagBag from /opt/airflow/dags/prediction_dag.py
[2025-11-30T18:23:19.506+0000] {processor.py:840} INFO - DAG(s) 'prediction_dag' retrieved from /opt/airflow/dags/prediction_dag.py
[2025-11-30T18:23:19.547+0000] {logging_mixin.py:188} INFO - [2025-11-30T18:23:19.547+0000] {dag.py:3047} INFO - Sync 1 DAGs
[2025-11-30T18:23:19.575+0000] {logging_mixin.py:188} INFO - [2025-11-30T18:23:19.574+0000] {dag.py:3834} INFO - Setting next_dagrun for prediction_dag to 2025-11-30 18:22:00+00:00, run_after=2025-11-30 18:24:00+00:00
[2025-11-30T18:23:19.588+0000] {processor.py:183} INFO - Processing /opt/airflow/dags/prediction_dag.py took 0.137 seconds
[2025-11-30T18:23:49.959+0000] {processor.py:161} INFO - Started process (PID=57000) to work on /opt/airflow/dags/prediction_dag.py
[2025-11-30T18:23:49.962+0000] {processor.py:830} INFO - Processing file /opt/airflow/dags/prediction_dag.py for tasks to queue
[2025-11-30T18:23:49.964+0000] {logging_mixin.py:188} INFO - [2025-11-30T18:23:49.963+0000] {dagbag.py:540} INFO - Filling up the DagBag from /opt/airflow/dags/prediction_dag.py
[2025-11-30T18:23:50.003+0000] {processor.py:840} INFO - DAG(s) 'prediction_dag' retrieved from /opt/airflow/dags/prediction_dag.py
[2025-11-30T18:23:50.055+0000] {logging_mixin.py:188} INFO - [2025-11-30T18:23:50.055+0000] {dag.py:3047} INFO - Sync 1 DAGs
[2025-11-30T18:23:50.086+0000] {logging_mixin.py:188} INFO - [2025-11-30T18:23:50.085+0000] {dag.py:3834} INFO - Setting next_dagrun for prediction_dag to 2025-11-30 18:22:00+00:00, run_after=2025-11-30 18:24:00+00:00
[2025-11-30T18:23:50.100+0000] {processor.py:183} INFO - Processing /opt/airflow/dags/prediction_dag.py took 0.156 seconds
[2025-11-30T18:24:20.556+0000] {processor.py:161} INFO - Started process (PID=57086) to work on /opt/airflow/dags/prediction_dag.py
[2025-11-30T18:24:20.560+0000] {processor.py:830} INFO - Processing file /opt/airflow/dags/prediction_dag.py for tasks to queue
[2025-11-30T18:24:20.562+0000] {logging_mixin.py:188} INFO - [2025-11-30T18:24:20.561+0000] {dagbag.py:540} INFO - Filling up the DagBag from /opt/airflow/dags/prediction_dag.py
[2025-11-30T18:24:20.600+0000] {processor.py:840} INFO - DAG(s) 'prediction_dag' retrieved from /opt/airflow/dags/prediction_dag.py
[2025-11-30T18:24:20.654+0000] {logging_mixin.py:188} INFO - [2025-11-30T18:24:20.654+0000] {dag.py:3047} INFO - Sync 1 DAGs
[2025-11-30T18:24:20.683+0000] {logging_mixin.py:188} INFO - [2025-11-30T18:24:20.683+0000] {dag.py:3834} INFO - Setting next_dagrun for prediction_dag to 2025-11-30 18:24:00+00:00, run_after=2025-11-30 18:26:00+00:00
[2025-11-30T18:24:20.702+0000] {processor.py:183} INFO - Processing /opt/airflow/dags/prediction_dag.py took 0.157 seconds
[2025-11-30T18:24:50.803+0000] {processor.py:161} INFO - Started process (PID=57104) to work on /opt/airflow/dags/prediction_dag.py
[2025-11-30T18:24:50.807+0000] {processor.py:830} INFO - Processing file /opt/airflow/dags/prediction_dag.py for tasks to queue
[2025-11-30T18:24:50.809+0000] {logging_mixin.py:188} INFO - [2025-11-30T18:24:50.808+0000] {dagbag.py:540} INFO - Filling up the DagBag from /opt/airflow/dags/prediction_dag.py
[2025-11-30T18:24:50.842+0000] {processor.py:840} INFO - DAG(s) 'prediction_dag' retrieved from /opt/airflow/dags/prediction_dag.py
[2025-11-30T18:24:50.889+0000] {logging_mixin.py:188} INFO - [2025-11-30T18:24:50.889+0000] {dag.py:3047} INFO - Sync 1 DAGs
[2025-11-30T18:24:50.919+0000] {logging_mixin.py:188} INFO - [2025-11-30T18:24:50.919+0000] {dag.py:3834} INFO - Setting next_dagrun for prediction_dag to 2025-11-30 18:24:00+00:00, run_after=2025-11-30 18:26:00+00:00
[2025-11-30T18:24:50.939+0000] {processor.py:183} INFO - Processing /opt/airflow/dags/prediction_dag.py took 0.147 seconds
[2025-11-30T18:25:21.058+0000] {processor.py:161} INFO - Started process (PID=57184) to work on /opt/airflow/dags/prediction_dag.py
[2025-11-30T18:25:21.061+0000] {processor.py:830} INFO - Processing file /opt/airflow/dags/prediction_dag.py for tasks to queue
[2025-11-30T18:25:21.063+0000] {logging_mixin.py:188} INFO - [2025-11-30T18:25:21.062+0000] {dagbag.py:540} INFO - Filling up the DagBag from /opt/airflow/dags/prediction_dag.py
[2025-11-30T18:25:21.103+0000] {processor.py:840} INFO - DAG(s) 'prediction_dag' retrieved from /opt/airflow/dags/prediction_dag.py
[2025-11-30T18:25:21.165+0000] {logging_mixin.py:188} INFO - [2025-11-30T18:25:21.165+0000] {dag.py:3047} INFO - Sync 1 DAGs
[2025-11-30T18:25:21.202+0000] {logging_mixin.py:188} INFO - [2025-11-30T18:25:21.202+0000] {dag.py:3834} INFO - Setting next_dagrun for prediction_dag to 2025-11-30 18:24:00+00:00, run_after=2025-11-30 18:26:00+00:00
[2025-11-30T18:25:21.214+0000] {processor.py:183} INFO - Processing /opt/airflow/dags/prediction_dag.py took 0.171 seconds
[2025-11-30T18:25:51.603+0000] {processor.py:161} INFO - Started process (PID=57202) to work on /opt/airflow/dags/prediction_dag.py
[2025-11-30T18:25:51.606+0000] {processor.py:830} INFO - Processing file /opt/airflow/dags/prediction_dag.py for tasks to queue
[2025-11-30T18:25:51.607+0000] {logging_mixin.py:188} INFO - [2025-11-30T18:25:51.607+0000] {dagbag.py:540} INFO - Filling up the DagBag from /opt/airflow/dags/prediction_dag.py
[2025-11-30T18:25:51.627+0000] {processor.py:840} INFO - DAG(s) 'prediction_dag' retrieved from /opt/airflow/dags/prediction_dag.py
[2025-11-30T18:25:51.658+0000] {logging_mixin.py:188} INFO - [2025-11-30T18:25:51.658+0000] {dag.py:3047} INFO - Sync 1 DAGs
[2025-11-30T18:25:51.676+0000] {logging_mixin.py:188} INFO - [2025-11-30T18:25:51.676+0000] {dag.py:3834} INFO - Setting next_dagrun for prediction_dag to 2025-11-30 18:24:00+00:00, run_after=2025-11-30 18:26:00+00:00
[2025-11-30T18:25:51.687+0000] {processor.py:183} INFO - Processing /opt/airflow/dags/prediction_dag.py took 0.091 seconds
[2025-11-30T18:26:21.868+0000] {processor.py:161} INFO - Started process (PID=57288) to work on /opt/airflow/dags/prediction_dag.py
[2025-11-30T18:26:21.871+0000] {processor.py:830} INFO - Processing file /opt/airflow/dags/prediction_dag.py for tasks to queue
[2025-11-30T18:26:21.873+0000] {logging_mixin.py:188} INFO - [2025-11-30T18:26:21.872+0000] {dagbag.py:540} INFO - Filling up the DagBag from /opt/airflow/dags/prediction_dag.py
[2025-11-30T18:26:21.910+0000] {processor.py:840} INFO - DAG(s) 'prediction_dag' retrieved from /opt/airflow/dags/prediction_dag.py
[2025-11-30T18:26:21.964+0000] {logging_mixin.py:188} INFO - [2025-11-30T18:26:21.964+0000] {dag.py:3047} INFO - Sync 1 DAGs
[2025-11-30T18:26:21.993+0000] {logging_mixin.py:188} INFO - [2025-11-30T18:26:21.993+0000] {dag.py:3834} INFO - Setting next_dagrun for prediction_dag to 2025-11-30 18:26:00+00:00, run_after=2025-11-30 18:28:00+00:00
[2025-11-30T18:26:22.007+0000] {processor.py:183} INFO - Processing /opt/airflow/dags/prediction_dag.py took 0.149 seconds
[2025-11-30T18:26:52.159+0000] {processor.py:161} INFO - Started process (PID=57306) to work on /opt/airflow/dags/prediction_dag.py
[2025-11-30T18:26:52.162+0000] {processor.py:830} INFO - Processing file /opt/airflow/dags/prediction_dag.py for tasks to queue
[2025-11-30T18:26:52.164+0000] {logging_mixin.py:188} INFO - [2025-11-30T18:26:52.163+0000] {dagbag.py:540} INFO - Filling up the DagBag from /opt/airflow/dags/prediction_dag.py
[2025-11-30T18:26:52.196+0000] {processor.py:840} INFO - DAG(s) 'prediction_dag' retrieved from /opt/airflow/dags/prediction_dag.py
[2025-11-30T18:26:52.230+0000] {logging_mixin.py:188} INFO - [2025-11-30T18:26:52.230+0000] {dag.py:3047} INFO - Sync 1 DAGs
[2025-11-30T18:26:52.256+0000] {logging_mixin.py:188} INFO - [2025-11-30T18:26:52.256+0000] {dag.py:3834} INFO - Setting next_dagrun for prediction_dag to 2025-11-30 18:26:00+00:00, run_after=2025-11-30 18:28:00+00:00
[2025-11-30T18:26:52.267+0000] {processor.py:183} INFO - Processing /opt/airflow/dags/prediction_dag.py took 0.117 seconds
[2025-11-30T18:27:22.553+0000] {processor.py:161} INFO - Started process (PID=57386) to work on /opt/airflow/dags/prediction_dag.py
[2025-11-30T18:27:22.555+0000] {processor.py:830} INFO - Processing file /opt/airflow/dags/prediction_dag.py for tasks to queue
[2025-11-30T18:27:22.556+0000] {logging_mixin.py:188} INFO - [2025-11-30T18:27:22.556+0000] {dagbag.py:540} INFO - Filling up the DagBag from /opt/airflow/dags/prediction_dag.py
[2025-11-30T18:27:22.583+0000] {processor.py:840} INFO - DAG(s) 'prediction_dag' retrieved from /opt/airflow/dags/prediction_dag.py
[2025-11-30T18:27:22.619+0000] {logging_mixin.py:188} INFO - [2025-11-30T18:27:22.619+0000] {dag.py:3047} INFO - Sync 1 DAGs
[2025-11-30T18:27:22.646+0000] {logging_mixin.py:188} INFO - [2025-11-30T18:27:22.646+0000] {dag.py:3834} INFO - Setting next_dagrun for prediction_dag to 2025-11-30 18:26:00+00:00, run_after=2025-11-30 18:28:00+00:00
[2025-11-30T18:27:22.659+0000] {processor.py:183} INFO - Processing /opt/airflow/dags/prediction_dag.py took 0.113 seconds
[2025-11-30T18:27:53.049+0000] {processor.py:161} INFO - Started process (PID=57404) to work on /opt/airflow/dags/prediction_dag.py
[2025-11-30T18:27:53.051+0000] {processor.py:830} INFO - Processing file /opt/airflow/dags/prediction_dag.py for tasks to queue
[2025-11-30T18:27:53.053+0000] {logging_mixin.py:188} INFO - [2025-11-30T18:27:53.052+0000] {dagbag.py:540} INFO - Filling up the DagBag from /opt/airflow/dags/prediction_dag.py
[2025-11-30T18:27:53.076+0000] {processor.py:840} INFO - DAG(s) 'prediction_dag' retrieved from /opt/airflow/dags/prediction_dag.py
[2025-11-30T18:27:53.106+0000] {logging_mixin.py:188} INFO - [2025-11-30T18:27:53.106+0000] {dag.py:3047} INFO - Sync 1 DAGs
[2025-11-30T18:27:53.125+0000] {logging_mixin.py:188} INFO - [2025-11-30T18:27:53.125+0000] {dag.py:3834} INFO - Setting next_dagrun for prediction_dag to 2025-11-30 18:26:00+00:00, run_after=2025-11-30 18:28:00+00:00
[2025-11-30T18:27:53.136+0000] {processor.py:183} INFO - Processing /opt/airflow/dags/prediction_dag.py took 0.095 seconds
[2025-11-30T18:28:23.425+0000] {processor.py:161} INFO - Started process (PID=57490) to work on /opt/airflow/dags/prediction_dag.py
[2025-11-30T18:28:23.427+0000] {processor.py:830} INFO - Processing file /opt/airflow/dags/prediction_dag.py for tasks to queue
[2025-11-30T18:28:23.429+0000] {logging_mixin.py:188} INFO - [2025-11-30T18:28:23.428+0000] {dagbag.py:540} INFO - Filling up the DagBag from /opt/airflow/dags/prediction_dag.py
[2025-11-30T18:28:23.452+0000] {processor.py:840} INFO - DAG(s) 'prediction_dag' retrieved from /opt/airflow/dags/prediction_dag.py
[2025-11-30T18:28:23.479+0000] {logging_mixin.py:188} INFO - [2025-11-30T18:28:23.478+0000] {dag.py:3047} INFO - Sync 1 DAGs
[2025-11-30T18:28:23.495+0000] {logging_mixin.py:188} INFO - [2025-11-30T18:28:23.495+0000] {dag.py:3834} INFO - Setting next_dagrun for prediction_dag to 2025-11-30 18:28:00+00:00, run_after=2025-11-30 18:30:00+00:00
[2025-11-30T18:28:23.506+0000] {processor.py:183} INFO - Processing /opt/airflow/dags/prediction_dag.py took 0.089 seconds
[2025-11-30T18:28:53.842+0000] {processor.py:161} INFO - Started process (PID=57499) to work on /opt/airflow/dags/prediction_dag.py
[2025-11-30T18:28:53.844+0000] {processor.py:830} INFO - Processing file /opt/airflow/dags/prediction_dag.py for tasks to queue
[2025-11-30T18:28:53.845+0000] {logging_mixin.py:188} INFO - [2025-11-30T18:28:53.845+0000] {dagbag.py:540} INFO - Filling up the DagBag from /opt/airflow/dags/prediction_dag.py
[2025-11-30T18:28:53.864+0000] {processor.py:840} INFO - DAG(s) 'prediction_dag' retrieved from /opt/airflow/dags/prediction_dag.py
[2025-11-30T18:28:53.928+0000] {logging_mixin.py:188} INFO - [2025-11-30T18:28:53.927+0000] {dag.py:3047} INFO - Sync 1 DAGs
[2025-11-30T18:28:53.955+0000] {logging_mixin.py:188} INFO - [2025-11-30T18:28:53.955+0000] {dag.py:3834} INFO - Setting next_dagrun for prediction_dag to 2025-11-30 18:28:00+00:00, run_after=2025-11-30 18:30:00+00:00
[2025-11-30T18:28:53.970+0000] {processor.py:183} INFO - Processing /opt/airflow/dags/prediction_dag.py took 0.132 seconds
[2025-11-30T18:29:24.352+0000] {processor.py:161} INFO - Started process (PID=57575) to work on /opt/airflow/dags/prediction_dag.py
[2025-11-30T18:29:24.355+0000] {processor.py:830} INFO - Processing file /opt/airflow/dags/prediction_dag.py for tasks to queue
[2025-11-30T18:29:24.356+0000] {logging_mixin.py:188} INFO - [2025-11-30T18:29:24.356+0000] {dagbag.py:540} INFO - Filling up the DagBag from /opt/airflow/dags/prediction_dag.py
[2025-11-30T18:29:24.396+0000] {processor.py:840} INFO - DAG(s) 'prediction_dag' retrieved from /opt/airflow/dags/prediction_dag.py
[2025-11-30T18:29:24.450+0000] {logging_mixin.py:188} INFO - [2025-11-30T18:29:24.450+0000] {dag.py:3047} INFO - Sync 1 DAGs
[2025-11-30T18:29:24.475+0000] {logging_mixin.py:188} INFO - [2025-11-30T18:29:24.475+0000] {dag.py:3834} INFO - Setting next_dagrun for prediction_dag to 2025-11-30 18:28:00+00:00, run_after=2025-11-30 18:30:00+00:00
[2025-11-30T18:29:24.492+0000] {processor.py:183} INFO - Processing /opt/airflow/dags/prediction_dag.py took 0.154 seconds
[2025-11-30T18:29:54.904+0000] {processor.py:161} INFO - Started process (PID=57593) to work on /opt/airflow/dags/prediction_dag.py
[2025-11-30T18:29:54.907+0000] {processor.py:830} INFO - Processing file /opt/airflow/dags/prediction_dag.py for tasks to queue
[2025-11-30T18:29:54.908+0000] {logging_mixin.py:188} INFO - [2025-11-30T18:29:54.908+0000] {dagbag.py:540} INFO - Filling up the DagBag from /opt/airflow/dags/prediction_dag.py
[2025-11-30T18:29:54.939+0000] {processor.py:840} INFO - DAG(s) 'prediction_dag' retrieved from /opt/airflow/dags/prediction_dag.py
[2025-11-30T18:29:54.989+0000] {logging_mixin.py:188} INFO - [2025-11-30T18:29:54.989+0000] {dag.py:3047} INFO - Sync 1 DAGs
[2025-11-30T18:29:55.019+0000] {logging_mixin.py:188} INFO - [2025-11-30T18:29:55.018+0000] {dag.py:3834} INFO - Setting next_dagrun for prediction_dag to 2025-11-30 18:28:00+00:00, run_after=2025-11-30 18:30:00+00:00
[2025-11-30T18:29:55.037+0000] {processor.py:183} INFO - Processing /opt/airflow/dags/prediction_dag.py took 0.143 seconds
[2025-11-30T18:30:25.625+0000] {processor.py:161} INFO - Started process (PID=57679) to work on /opt/airflow/dags/prediction_dag.py
[2025-11-30T18:30:25.630+0000] {processor.py:830} INFO - Processing file /opt/airflow/dags/prediction_dag.py for tasks to queue
[2025-11-30T18:30:25.633+0000] {logging_mixin.py:188} INFO - [2025-11-30T18:30:25.631+0000] {dagbag.py:540} INFO - Filling up the DagBag from /opt/airflow/dags/prediction_dag.py
[2025-11-30T18:30:25.694+0000] {processor.py:840} INFO - DAG(s) 'prediction_dag' retrieved from /opt/airflow/dags/prediction_dag.py
[2025-11-30T18:30:25.774+0000] {logging_mixin.py:188} INFO - [2025-11-30T18:30:25.774+0000] {dag.py:3047} INFO - Sync 1 DAGs
[2025-11-30T18:30:25.822+0000] {logging_mixin.py:188} INFO - [2025-11-30T18:30:25.822+0000] {dag.py:3834} INFO - Setting next_dagrun for prediction_dag to 2025-11-30 18:30:00+00:00, run_after=2025-11-30 18:32:00+00:00
[2025-11-30T18:30:25.849+0000] {processor.py:183} INFO - Processing /opt/airflow/dags/prediction_dag.py took 0.241 seconds
[2025-11-30T18:31:28.599+0000] {processor.py:161} INFO - Started process (PID=57701) to work on /opt/airflow/dags/prediction_dag.py
[2025-11-30T18:31:28.603+0000] {processor.py:830} INFO - Processing file /opt/airflow/dags/prediction_dag.py for tasks to queue
[2025-11-30T18:31:28.606+0000] {logging_mixin.py:188} INFO - [2025-11-30T18:31:28.604+0000] {dagbag.py:540} INFO - Filling up the DagBag from /opt/airflow/dags/prediction_dag.py
[2025-11-30T18:31:28.644+0000] {processor.py:840} INFO - DAG(s) 'prediction_dag' retrieved from /opt/airflow/dags/prediction_dag.py
[2025-11-30T18:31:28.710+0000] {logging_mixin.py:188} INFO - [2025-11-30T18:31:28.710+0000] {dag.py:3047} INFO - Sync 1 DAGs
[2025-11-30T18:31:28.760+0000] {logging_mixin.py:188} INFO - [2025-11-30T18:31:28.760+0000] {dag.py:3834} INFO - Setting next_dagrun for prediction_dag to 2025-11-30 18:30:00+00:00, run_after=2025-11-30 18:32:00+00:00
[2025-11-30T18:31:28.783+0000] {processor.py:183} INFO - Processing /opt/airflow/dags/prediction_dag.py took 0.193 seconds
[2025-11-30T18:31:59.269+0000] {processor.py:161} INFO - Started process (PID=57777) to work on /opt/airflow/dags/prediction_dag.py
[2025-11-30T18:31:59.274+0000] {processor.py:830} INFO - Processing file /opt/airflow/dags/prediction_dag.py for tasks to queue
[2025-11-30T18:31:59.275+0000] {logging_mixin.py:188} INFO - [2025-11-30T18:31:59.275+0000] {dagbag.py:540} INFO - Filling up the DagBag from /opt/airflow/dags/prediction_dag.py
[2025-11-30T18:31:59.322+0000] {processor.py:840} INFO - DAG(s) 'prediction_dag' retrieved from /opt/airflow/dags/prediction_dag.py
[2025-11-30T18:31:59.379+0000] {logging_mixin.py:188} INFO - [2025-11-30T18:31:59.379+0000] {dag.py:3047} INFO - Sync 1 DAGs
[2025-11-30T18:31:59.406+0000] {logging_mixin.py:188} INFO - [2025-11-30T18:31:59.406+0000] {dag.py:3834} INFO - Setting next_dagrun for prediction_dag to 2025-11-30 18:30:00+00:00, run_after=2025-11-30 18:32:00+00:00
[2025-11-30T18:31:59.424+0000] {processor.py:183} INFO - Processing /opt/airflow/dags/prediction_dag.py took 0.171 seconds
[2025-11-30T18:32:29.843+0000] {processor.py:161} INFO - Started process (PID=57863) to work on /opt/airflow/dags/prediction_dag.py
[2025-11-30T18:32:29.847+0000] {processor.py:830} INFO - Processing file /opt/airflow/dags/prediction_dag.py for tasks to queue
[2025-11-30T18:32:29.851+0000] {logging_mixin.py:188} INFO - [2025-11-30T18:32:29.850+0000] {dagbag.py:540} INFO - Filling up the DagBag from /opt/airflow/dags/prediction_dag.py
[2025-11-30T18:32:29.885+0000] {processor.py:840} INFO - DAG(s) 'prediction_dag' retrieved from /opt/airflow/dags/prediction_dag.py
[2025-11-30T18:32:29.927+0000] {logging_mixin.py:188} INFO - [2025-11-30T18:32:29.927+0000] {dag.py:3047} INFO - Sync 1 DAGs
[2025-11-30T18:32:29.952+0000] {logging_mixin.py:188} INFO - [2025-11-30T18:32:29.952+0000] {dag.py:3834} INFO - Setting next_dagrun for prediction_dag to 2025-11-30 18:32:00+00:00, run_after=2025-11-30 18:34:00+00:00
[2025-11-30T18:32:29.971+0000] {processor.py:183} INFO - Processing /opt/airflow/dags/prediction_dag.py took 0.139 seconds
[2025-11-30T18:33:00.065+0000] {processor.py:161} INFO - Started process (PID=57881) to work on /opt/airflow/dags/prediction_dag.py
[2025-11-30T18:33:00.068+0000] {processor.py:830} INFO - Processing file /opt/airflow/dags/prediction_dag.py for tasks to queue
[2025-11-30T18:33:00.069+0000] {logging_mixin.py:188} INFO - [2025-11-30T18:33:00.069+0000] {dagbag.py:540} INFO - Filling up the DagBag from /opt/airflow/dags/prediction_dag.py
[2025-11-30T18:33:00.101+0000] {processor.py:840} INFO - DAG(s) 'prediction_dag' retrieved from /opt/airflow/dags/prediction_dag.py
[2025-11-30T18:33:00.151+0000] {logging_mixin.py:188} INFO - [2025-11-30T18:33:00.151+0000] {dag.py:3047} INFO - Sync 1 DAGs
[2025-11-30T18:33:00.192+0000] {logging_mixin.py:188} INFO - [2025-11-30T18:33:00.192+0000] {dag.py:3834} INFO - Setting next_dagrun for prediction_dag to 2025-11-30 18:32:00+00:00, run_after=2025-11-30 18:34:00+00:00
[2025-11-30T18:33:00.210+0000] {processor.py:183} INFO - Processing /opt/airflow/dags/prediction_dag.py took 0.159 seconds
[2025-11-30T18:33:30.611+0000] {processor.py:161} INFO - Started process (PID=57961) to work on /opt/airflow/dags/prediction_dag.py
[2025-11-30T18:33:30.613+0000] {processor.py:830} INFO - Processing file /opt/airflow/dags/prediction_dag.py for tasks to queue
[2025-11-30T18:33:30.615+0000] {logging_mixin.py:188} INFO - [2025-11-30T18:33:30.614+0000] {dagbag.py:540} INFO - Filling up the DagBag from /opt/airflow/dags/prediction_dag.py
[2025-11-30T18:33:30.647+0000] {processor.py:840} INFO - DAG(s) 'prediction_dag' retrieved from /opt/airflow/dags/prediction_dag.py
[2025-11-30T18:33:30.685+0000] {logging_mixin.py:188} INFO - [2025-11-30T18:33:30.685+0000] {dag.py:3047} INFO - Sync 1 DAGs
[2025-11-30T18:33:30.712+0000] {logging_mixin.py:188} INFO - [2025-11-30T18:33:30.712+0000] {dag.py:3834} INFO - Setting next_dagrun for prediction_dag to 2025-11-30 18:32:00+00:00, run_after=2025-11-30 18:34:00+00:00
[2025-11-30T18:33:30.727+0000] {processor.py:183} INFO - Processing /opt/airflow/dags/prediction_dag.py took 0.130 seconds
[2025-11-30T18:34:01.282+0000] {processor.py:161} INFO - Started process (PID=57981) to work on /opt/airflow/dags/prediction_dag.py
[2025-11-30T18:34:01.291+0000] {processor.py:830} INFO - Processing file /opt/airflow/dags/prediction_dag.py for tasks to queue
[2025-11-30T18:34:01.295+0000] {logging_mixin.py:188} INFO - [2025-11-30T18:34:01.294+0000] {dagbag.py:540} INFO - Filling up the DagBag from /opt/airflow/dags/prediction_dag.py
[2025-11-30T18:34:01.364+0000] {processor.py:840} INFO - DAG(s) 'prediction_dag' retrieved from /opt/airflow/dags/prediction_dag.py
[2025-11-30T18:34:01.504+0000] {logging_mixin.py:188} INFO - [2025-11-30T18:34:01.504+0000] {dag.py:3047} INFO - Sync 1 DAGs
[2025-11-30T18:34:01.594+0000] {logging_mixin.py:188} INFO - [2025-11-30T18:34:01.593+0000] {dag.py:3834} INFO - Setting next_dagrun for prediction_dag to 2025-11-30 18:34:00+00:00, run_after=2025-11-30 18:36:00+00:00
[2025-11-30T18:34:01.645+0000] {processor.py:183} INFO - Processing /opt/airflow/dags/prediction_dag.py took 0.396 seconds
[2025-11-30T18:34:32.043+0000] {processor.py:161} INFO - Started process (PID=58065) to work on /opt/airflow/dags/prediction_dag.py
[2025-11-30T18:34:32.046+0000] {processor.py:830} INFO - Processing file /opt/airflow/dags/prediction_dag.py for tasks to queue
[2025-11-30T18:34:32.052+0000] {logging_mixin.py:188} INFO - [2025-11-30T18:34:32.051+0000] {dagbag.py:540} INFO - Filling up the DagBag from /opt/airflow/dags/prediction_dag.py
[2025-11-30T18:34:32.082+0000] {processor.py:840} INFO - DAG(s) 'prediction_dag' retrieved from /opt/airflow/dags/prediction_dag.py
[2025-11-30T18:34:32.137+0000] {logging_mixin.py:188} INFO - [2025-11-30T18:34:32.137+0000] {dag.py:3047} INFO - Sync 1 DAGs
[2025-11-30T18:34:32.168+0000] {logging_mixin.py:188} INFO - [2025-11-30T18:34:32.168+0000] {dag.py:3834} INFO - Setting next_dagrun for prediction_dag to 2025-11-30 18:34:00+00:00, run_after=2025-11-30 18:36:00+00:00
[2025-11-30T18:34:32.185+0000] {processor.py:183} INFO - Processing /opt/airflow/dags/prediction_dag.py took 0.153 seconds
[2025-11-30T18:35:02.457+0000] {processor.py:161} INFO - Started process (PID=58093) to work on /opt/airflow/dags/prediction_dag.py
[2025-11-30T18:35:02.459+0000] {processor.py:830} INFO - Processing file /opt/airflow/dags/prediction_dag.py for tasks to queue
[2025-11-30T18:35:02.459+0000] {logging_mixin.py:188} INFO - [2025-11-30T18:35:02.459+0000] {dagbag.py:540} INFO - Filling up the DagBag from /opt/airflow/dags/prediction_dag.py
[2025-11-30T18:35:02.475+0000] {processor.py:840} INFO - DAG(s) 'prediction_dag' retrieved from /opt/airflow/dags/prediction_dag.py
[2025-11-30T18:35:02.498+0000] {logging_mixin.py:188} INFO - [2025-11-30T18:35:02.498+0000] {dag.py:3047} INFO - Sync 1 DAGs
[2025-11-30T18:35:02.516+0000] {logging_mixin.py:188} INFO - [2025-11-30T18:35:02.516+0000] {dag.py:3834} INFO - Setting next_dagrun for prediction_dag to 2025-11-30 18:34:00+00:00, run_after=2025-11-30 18:36:00+00:00
[2025-11-30T18:35:02.532+0000] {processor.py:183} INFO - Processing /opt/airflow/dags/prediction_dag.py took 0.082 seconds
[2025-11-30T18:35:32.839+0000] {processor.py:161} INFO - Started process (PID=58163) to work on /opt/airflow/dags/prediction_dag.py
[2025-11-30T18:35:32.842+0000] {processor.py:830} INFO - Processing file /opt/airflow/dags/prediction_dag.py for tasks to queue
[2025-11-30T18:35:32.843+0000] {logging_mixin.py:188} INFO - [2025-11-30T18:35:32.843+0000] {dagbag.py:540} INFO - Filling up the DagBag from /opt/airflow/dags/prediction_dag.py
[2025-11-30T18:35:32.863+0000] {processor.py:840} INFO - DAG(s) 'prediction_dag' retrieved from /opt/airflow/dags/prediction_dag.py
[2025-11-30T18:35:32.889+0000] {logging_mixin.py:188} INFO - [2025-11-30T18:35:32.889+0000] {dag.py:3047} INFO - Sync 1 DAGs
[2025-11-30T18:35:32.906+0000] {logging_mixin.py:188} INFO - [2025-11-30T18:35:32.906+0000] {dag.py:3834} INFO - Setting next_dagrun for prediction_dag to 2025-11-30 18:34:00+00:00, run_after=2025-11-30 18:36:00+00:00
[2025-11-30T18:35:32.916+0000] {processor.py:183} INFO - Processing /opt/airflow/dags/prediction_dag.py took 0.086 seconds
[2025-11-30T18:36:03.329+0000] {processor.py:161} INFO - Started process (PID=58197) to work on /opt/airflow/dags/prediction_dag.py
[2025-11-30T18:36:03.332+0000] {processor.py:830} INFO - Processing file /opt/airflow/dags/prediction_dag.py for tasks to queue
[2025-11-30T18:36:03.333+0000] {logging_mixin.py:188} INFO - [2025-11-30T18:36:03.332+0000] {dagbag.py:540} INFO - Filling up the DagBag from /opt/airflow/dags/prediction_dag.py
[2025-11-30T18:36:03.347+0000] {processor.py:840} INFO - DAG(s) 'prediction_dag' retrieved from /opt/airflow/dags/prediction_dag.py
[2025-11-30T18:36:03.372+0000] {logging_mixin.py:188} INFO - [2025-11-30T18:36:03.372+0000] {dag.py:3047} INFO - Sync 1 DAGs
[2025-11-30T18:36:03.387+0000] {logging_mixin.py:188} INFO - [2025-11-30T18:36:03.387+0000] {dag.py:3834} INFO - Setting next_dagrun for prediction_dag to 2025-11-30 18:36:00+00:00, run_after=2025-11-30 18:38:00+00:00
[2025-11-30T18:36:03.397+0000] {processor.py:183} INFO - Processing /opt/airflow/dags/prediction_dag.py took 0.073 seconds
[2025-11-30T18:36:33.657+0000] {processor.py:161} INFO - Started process (PID=58267) to work on /opt/airflow/dags/prediction_dag.py
[2025-11-30T18:36:33.660+0000] {processor.py:830} INFO - Processing file /opt/airflow/dags/prediction_dag.py for tasks to queue
[2025-11-30T18:36:33.662+0000] {logging_mixin.py:188} INFO - [2025-11-30T18:36:33.661+0000] {dagbag.py:540} INFO - Filling up the DagBag from /opt/airflow/dags/prediction_dag.py
[2025-11-30T18:36:33.692+0000] {processor.py:840} INFO - DAG(s) 'prediction_dag' retrieved from /opt/airflow/dags/prediction_dag.py
[2025-11-30T18:36:33.732+0000] {logging_mixin.py:188} INFO - [2025-11-30T18:36:33.732+0000] {dag.py:3047} INFO - Sync 1 DAGs
[2025-11-30T18:36:33.760+0000] {logging_mixin.py:188} INFO - [2025-11-30T18:36:33.760+0000] {dag.py:3834} INFO - Setting next_dagrun for prediction_dag to 2025-11-30 18:36:00+00:00, run_after=2025-11-30 18:38:00+00:00
[2025-11-30T18:36:33.774+0000] {processor.py:183} INFO - Processing /opt/airflow/dags/prediction_dag.py took 0.130 seconds
[2025-11-30T18:37:04.066+0000] {processor.py:161} INFO - Started process (PID=58304) to work on /opt/airflow/dags/prediction_dag.py
[2025-11-30T18:37:04.067+0000] {processor.py:830} INFO - Processing file /opt/airflow/dags/prediction_dag.py for tasks to queue
[2025-11-30T18:37:04.068+0000] {logging_mixin.py:188} INFO - [2025-11-30T18:37:04.067+0000] {dagbag.py:540} INFO - Filling up the DagBag from /opt/airflow/dags/prediction_dag.py
[2025-11-30T18:37:04.081+0000] {processor.py:840} INFO - DAG(s) 'prediction_dag' retrieved from /opt/airflow/dags/prediction_dag.py
[2025-11-30T18:37:04.103+0000] {logging_mixin.py:188} INFO - [2025-11-30T18:37:04.103+0000] {dag.py:3047} INFO - Sync 1 DAGs
[2025-11-30T18:37:04.122+0000] {logging_mixin.py:188} INFO - [2025-11-30T18:37:04.122+0000] {dag.py:3834} INFO - Setting next_dagrun for prediction_dag to 2025-11-30 18:36:00+00:00, run_after=2025-11-30 18:38:00+00:00
[2025-11-30T18:37:04.146+0000] {processor.py:183} INFO - Processing /opt/airflow/dags/prediction_dag.py took 0.083 seconds
[2025-11-30T18:37:34.469+0000] {processor.py:161} INFO - Started process (PID=58365) to work on /opt/airflow/dags/prediction_dag.py
[2025-11-30T18:37:34.472+0000] {processor.py:830} INFO - Processing file /opt/airflow/dags/prediction_dag.py for tasks to queue
[2025-11-30T18:37:34.474+0000] {logging_mixin.py:188} INFO - [2025-11-30T18:37:34.473+0000] {dagbag.py:540} INFO - Filling up the DagBag from /opt/airflow/dags/prediction_dag.py
[2025-11-30T18:37:34.489+0000] {processor.py:840} INFO - DAG(s) 'prediction_dag' retrieved from /opt/airflow/dags/prediction_dag.py
[2025-11-30T18:37:34.516+0000] {logging_mixin.py:188} INFO - [2025-11-30T18:37:34.516+0000] {dag.py:3047} INFO - Sync 1 DAGs
[2025-11-30T18:37:34.531+0000] {logging_mixin.py:188} INFO - [2025-11-30T18:37:34.531+0000] {dag.py:3834} INFO - Setting next_dagrun for prediction_dag to 2025-11-30 18:36:00+00:00, run_after=2025-11-30 18:38:00+00:00
[2025-11-30T18:37:34.541+0000] {processor.py:183} INFO - Processing /opt/airflow/dags/prediction_dag.py took 0.077 seconds
[2025-11-30T18:38:04.831+0000] {processor.py:161} INFO - Started process (PID=58408) to work on /opt/airflow/dags/prediction_dag.py
[2025-11-30T18:38:04.832+0000] {processor.py:830} INFO - Processing file /opt/airflow/dags/prediction_dag.py for tasks to queue
[2025-11-30T18:38:04.833+0000] {logging_mixin.py:188} INFO - [2025-11-30T18:38:04.833+0000] {dagbag.py:540} INFO - Filling up the DagBag from /opt/airflow/dags/prediction_dag.py
[2025-11-30T18:38:04.845+0000] {processor.py:840} INFO - DAG(s) 'prediction_dag' retrieved from /opt/airflow/dags/prediction_dag.py
[2025-11-30T18:38:04.872+0000] {logging_mixin.py:188} INFO - [2025-11-30T18:38:04.872+0000] {dag.py:3047} INFO - Sync 1 DAGs
[2025-11-30T18:38:04.887+0000] {logging_mixin.py:188} INFO - [2025-11-30T18:38:04.887+0000] {dag.py:3834} INFO - Setting next_dagrun for prediction_dag to 2025-11-30 18:38:00+00:00, run_after=2025-11-30 18:40:00+00:00
[2025-11-30T18:38:04.899+0000] {processor.py:183} INFO - Processing /opt/airflow/dags/prediction_dag.py took 0.071 seconds
[2025-11-30T18:38:34.932+0000] {processor.py:161} INFO - Started process (PID=58469) to work on /opt/airflow/dags/prediction_dag.py
[2025-11-30T18:38:34.933+0000] {processor.py:830} INFO - Processing file /opt/airflow/dags/prediction_dag.py for tasks to queue
[2025-11-30T18:38:34.934+0000] {logging_mixin.py:188} INFO - [2025-11-30T18:38:34.934+0000] {dagbag.py:540} INFO - Filling up the DagBag from /opt/airflow/dags/prediction_dag.py
[2025-11-30T18:38:34.942+0000] {processor.py:840} INFO - DAG(s) 'prediction_dag' retrieved from /opt/airflow/dags/prediction_dag.py
[2025-11-30T18:38:34.958+0000] {logging_mixin.py:188} INFO - [2025-11-30T18:38:34.958+0000] {dag.py:3047} INFO - Sync 1 DAGs
[2025-11-30T18:38:34.972+0000] {logging_mixin.py:188} INFO - [2025-11-30T18:38:34.972+0000] {dag.py:3834} INFO - Setting next_dagrun for prediction_dag to 2025-11-30 18:38:00+00:00, run_after=2025-11-30 18:40:00+00:00
[2025-11-30T18:38:34.980+0000] {processor.py:183} INFO - Processing /opt/airflow/dags/prediction_dag.py took 0.050 seconds
[2025-11-30T18:39:05.409+0000] {processor.py:161} INFO - Started process (PID=58488) to work on /opt/airflow/dags/prediction_dag.py
[2025-11-30T18:39:05.411+0000] {processor.py:830} INFO - Processing file /opt/airflow/dags/prediction_dag.py for tasks to queue
[2025-11-30T18:39:05.413+0000] {logging_mixin.py:188} INFO - [2025-11-30T18:39:05.412+0000] {dagbag.py:540} INFO - Filling up the DagBag from /opt/airflow/dags/prediction_dag.py
[2025-11-30T18:39:05.440+0000] {processor.py:840} INFO - DAG(s) 'prediction_dag' retrieved from /opt/airflow/dags/prediction_dag.py
[2025-11-30T18:39:05.490+0000] {logging_mixin.py:188} INFO - [2025-11-30T18:39:05.490+0000] {dag.py:3047} INFO - Sync 1 DAGs
[2025-11-30T18:39:05.533+0000] {logging_mixin.py:188} INFO - [2025-11-30T18:39:05.533+0000] {dag.py:3834} INFO - Setting next_dagrun for prediction_dag to 2025-11-30 18:38:00+00:00, run_after=2025-11-30 18:40:00+00:00
[2025-11-30T18:39:05.560+0000] {processor.py:183} INFO - Processing /opt/airflow/dags/prediction_dag.py took 0.156 seconds
[2025-11-30T18:39:35.930+0000] {processor.py:161} INFO - Started process (PID=58554) to work on /opt/airflow/dags/prediction_dag.py
[2025-11-30T18:39:35.933+0000] {processor.py:830} INFO - Processing file /opt/airflow/dags/prediction_dag.py for tasks to queue
[2025-11-30T18:39:35.935+0000] {logging_mixin.py:188} INFO - [2025-11-30T18:39:35.934+0000] {dagbag.py:540} INFO - Filling up the DagBag from /opt/airflow/dags/prediction_dag.py
[2025-11-30T18:39:35.966+0000] {processor.py:840} INFO - DAG(s) 'prediction_dag' retrieved from /opt/airflow/dags/prediction_dag.py
[2025-11-30T18:39:36.013+0000] {logging_mixin.py:188} INFO - [2025-11-30T18:39:36.013+0000] {dag.py:3047} INFO - Sync 1 DAGs
[2025-11-30T18:39:36.042+0000] {logging_mixin.py:188} INFO - [2025-11-30T18:39:36.042+0000] {dag.py:3834} INFO - Setting next_dagrun for prediction_dag to 2025-11-30 18:38:00+00:00, run_after=2025-11-30 18:40:00+00:00
[2025-11-30T18:39:36.057+0000] {processor.py:183} INFO - Processing /opt/airflow/dags/prediction_dag.py took 0.138 seconds
[2025-11-30T18:40:06.301+0000] {processor.py:161} INFO - Started process (PID=58599) to work on /opt/airflow/dags/prediction_dag.py
[2025-11-30T18:40:06.303+0000] {processor.py:830} INFO - Processing file /opt/airflow/dags/prediction_dag.py for tasks to queue
[2025-11-30T18:40:06.304+0000] {logging_mixin.py:188} INFO - [2025-11-30T18:40:06.304+0000] {dagbag.py:540} INFO - Filling up the DagBag from /opt/airflow/dags/prediction_dag.py
[2025-11-30T18:40:06.332+0000] {processor.py:840} INFO - DAG(s) 'prediction_dag' retrieved from /opt/airflow/dags/prediction_dag.py
[2025-11-30T18:40:06.365+0000] {logging_mixin.py:188} INFO - [2025-11-30T18:40:06.365+0000] {dag.py:3047} INFO - Sync 1 DAGs
[2025-11-30T18:40:06.384+0000] {logging_mixin.py:188} INFO - [2025-11-30T18:40:06.384+0000] {dag.py:3834} INFO - Setting next_dagrun for prediction_dag to 2025-11-30 18:40:00+00:00, run_after=2025-11-30 18:42:00+00:00
[2025-11-30T18:40:06.401+0000] {processor.py:183} INFO - Processing /opt/airflow/dags/prediction_dag.py took 0.105 seconds
[2025-11-30T18:40:36.852+0000] {processor.py:161} INFO - Started process (PID=58658) to work on /opt/airflow/dags/prediction_dag.py
[2025-11-30T18:40:36.855+0000] {processor.py:830} INFO - Processing file /opt/airflow/dags/prediction_dag.py for tasks to queue
[2025-11-30T18:40:36.857+0000] {logging_mixin.py:188} INFO - [2025-11-30T18:40:36.856+0000] {dagbag.py:540} INFO - Filling up the DagBag from /opt/airflow/dags/prediction_dag.py
[2025-11-30T18:40:36.889+0000] {processor.py:840} INFO - DAG(s) 'prediction_dag' retrieved from /opt/airflow/dags/prediction_dag.py
[2025-11-30T18:40:36.926+0000] {logging_mixin.py:188} INFO - [2025-11-30T18:40:36.926+0000] {dag.py:3047} INFO - Sync 1 DAGs
[2025-11-30T18:40:36.952+0000] {logging_mixin.py:188} INFO - [2025-11-30T18:40:36.952+0000] {dag.py:3834} INFO - Setting next_dagrun for prediction_dag to 2025-11-30 18:40:00+00:00, run_after=2025-11-30 18:42:00+00:00
[2025-11-30T18:40:36.970+0000] {processor.py:183} INFO - Processing /opt/airflow/dags/prediction_dag.py took 0.126 seconds
[2025-11-30T18:41:07.321+0000] {processor.py:161} INFO - Started process (PID=58706) to work on /opt/airflow/dags/prediction_dag.py
[2025-11-30T18:41:07.323+0000] {processor.py:830} INFO - Processing file /opt/airflow/dags/prediction_dag.py for tasks to queue
[2025-11-30T18:41:07.323+0000] {logging_mixin.py:188} INFO - [2025-11-30T18:41:07.323+0000] {dagbag.py:540} INFO - Filling up the DagBag from /opt/airflow/dags/prediction_dag.py
[2025-11-30T18:41:07.342+0000] {processor.py:840} INFO - DAG(s) 'prediction_dag' retrieved from /opt/airflow/dags/prediction_dag.py
[2025-11-30T18:41:07.374+0000] {logging_mixin.py:188} INFO - [2025-11-30T18:41:07.374+0000] {dag.py:3047} INFO - Sync 1 DAGs
[2025-11-30T18:41:07.399+0000] {logging_mixin.py:188} INFO - [2025-11-30T18:41:07.398+0000] {dag.py:3834} INFO - Setting next_dagrun for prediction_dag to 2025-11-30 18:40:00+00:00, run_after=2025-11-30 18:42:00+00:00
[2025-11-30T18:41:07.414+0000] {processor.py:183} INFO - Processing /opt/airflow/dags/prediction_dag.py took 0.098 seconds
[2025-11-30T18:41:37.629+0000] {processor.py:161} INFO - Started process (PID=58756) to work on /opt/airflow/dags/prediction_dag.py
[2025-11-30T18:41:37.634+0000] {processor.py:830} INFO - Processing file /opt/airflow/dags/prediction_dag.py for tasks to queue
[2025-11-30T18:41:37.635+0000] {logging_mixin.py:188} INFO - [2025-11-30T18:41:37.635+0000] {dagbag.py:540} INFO - Filling up the DagBag from /opt/airflow/dags/prediction_dag.py
[2025-11-30T18:41:37.672+0000] {processor.py:840} INFO - DAG(s) 'prediction_dag' retrieved from /opt/airflow/dags/prediction_dag.py
[2025-11-30T18:41:37.729+0000] {logging_mixin.py:188} INFO - [2025-11-30T18:41:37.729+0000] {dag.py:3047} INFO - Sync 1 DAGs
[2025-11-30T18:41:37.760+0000] {logging_mixin.py:188} INFO - [2025-11-30T18:41:37.760+0000] {dag.py:3834} INFO - Setting next_dagrun for prediction_dag to 2025-11-30 18:40:00+00:00, run_after=2025-11-30 18:42:00+00:00
[2025-11-30T18:41:37.772+0000] {processor.py:183} INFO - Processing /opt/airflow/dags/prediction_dag.py took 0.154 seconds
[2025-11-30T18:42:07.941+0000] {processor.py:161} INFO - Started process (PID=58801) to work on /opt/airflow/dags/prediction_dag.py
[2025-11-30T18:42:07.945+0000] {processor.py:830} INFO - Processing file /opt/airflow/dags/prediction_dag.py for tasks to queue
[2025-11-30T18:42:07.946+0000] {logging_mixin.py:188} INFO - [2025-11-30T18:42:07.946+0000] {dagbag.py:540} INFO - Filling up the DagBag from /opt/airflow/dags/prediction_dag.py
[2025-11-30T18:42:07.967+0000] {processor.py:840} INFO - DAG(s) 'prediction_dag' retrieved from /opt/airflow/dags/prediction_dag.py
[2025-11-30T18:42:08.003+0000] {logging_mixin.py:188} INFO - [2025-11-30T18:42:08.002+0000] {dag.py:3047} INFO - Sync 1 DAGs
[2025-11-30T18:42:08.026+0000] {logging_mixin.py:188} INFO - [2025-11-30T18:42:08.026+0000] {dag.py:3834} INFO - Setting next_dagrun for prediction_dag to 2025-11-30 18:42:00+00:00, run_after=2025-11-30 18:44:00+00:00
[2025-11-30T18:42:08.043+0000] {processor.py:183} INFO - Processing /opt/airflow/dags/prediction_dag.py took 0.108 seconds
[2025-11-30T18:42:38.471+0000] {processor.py:161} INFO - Started process (PID=58860) to work on /opt/airflow/dags/prediction_dag.py
[2025-11-30T18:42:38.474+0000] {processor.py:830} INFO - Processing file /opt/airflow/dags/prediction_dag.py for tasks to queue
[2025-11-30T18:42:38.476+0000] {logging_mixin.py:188} INFO - [2025-11-30T18:42:38.475+0000] {dagbag.py:540} INFO - Filling up the DagBag from /opt/airflow/dags/prediction_dag.py
[2025-11-30T18:42:38.523+0000] {processor.py:840} INFO - DAG(s) 'prediction_dag' retrieved from /opt/airflow/dags/prediction_dag.py
[2025-11-30T18:42:38.569+0000] {logging_mixin.py:188} INFO - [2025-11-30T18:42:38.569+0000] {dag.py:3047} INFO - Sync 1 DAGs
[2025-11-30T18:42:38.593+0000] {logging_mixin.py:188} INFO - [2025-11-30T18:42:38.593+0000] {dag.py:3834} INFO - Setting next_dagrun for prediction_dag to 2025-11-30 18:42:00+00:00, run_after=2025-11-30 18:44:00+00:00
[2025-11-30T18:42:38.608+0000] {processor.py:183} INFO - Processing /opt/airflow/dags/prediction_dag.py took 0.148 seconds
[2025-11-30T18:43:08.937+0000] {processor.py:161} INFO - Started process (PID=58916) to work on /opt/airflow/dags/prediction_dag.py
[2025-11-30T18:43:08.939+0000] {processor.py:830} INFO - Processing file /opt/airflow/dags/prediction_dag.py for tasks to queue
[2025-11-30T18:43:08.939+0000] {logging_mixin.py:188} INFO - [2025-11-30T18:43:08.939+0000] {dagbag.py:540} INFO - Filling up the DagBag from /opt/airflow/dags/prediction_dag.py
[2025-11-30T18:43:08.959+0000] {processor.py:840} INFO - DAG(s) 'prediction_dag' retrieved from /opt/airflow/dags/prediction_dag.py
[2025-11-30T18:43:08.987+0000] {logging_mixin.py:188} INFO - [2025-11-30T18:43:08.986+0000] {dag.py:3047} INFO - Sync 1 DAGs
[2025-11-30T18:43:09.006+0000] {logging_mixin.py:188} INFO - [2025-11-30T18:43:09.006+0000] {dag.py:3834} INFO - Setting next_dagrun for prediction_dag to 2025-11-30 18:42:00+00:00, run_after=2025-11-30 18:44:00+00:00
[2025-11-30T18:43:09.019+0000] {processor.py:183} INFO - Processing /opt/airflow/dags/prediction_dag.py took 0.086 seconds
[2025-11-30T18:43:39.136+0000] {processor.py:161} INFO - Started process (PID=58958) to work on /opt/airflow/dags/prediction_dag.py
[2025-11-30T18:43:39.139+0000] {processor.py:830} INFO - Processing file /opt/airflow/dags/prediction_dag.py for tasks to queue
[2025-11-30T18:43:39.140+0000] {logging_mixin.py:188} INFO - [2025-11-30T18:43:39.140+0000] {dagbag.py:540} INFO - Filling up the DagBag from /opt/airflow/dags/prediction_dag.py
[2025-11-30T18:43:39.180+0000] {processor.py:840} INFO - DAG(s) 'prediction_dag' retrieved from /opt/airflow/dags/prediction_dag.py
[2025-11-30T18:43:39.228+0000] {logging_mixin.py:188} INFO - [2025-11-30T18:43:39.228+0000] {dag.py:3047} INFO - Sync 1 DAGs
[2025-11-30T18:43:39.252+0000] {logging_mixin.py:188} INFO - [2025-11-30T18:43:39.252+0000] {dag.py:3834} INFO - Setting next_dagrun for prediction_dag to 2025-11-30 18:42:00+00:00, run_after=2025-11-30 18:44:00+00:00
[2025-11-30T18:43:39.265+0000] {processor.py:183} INFO - Processing /opt/airflow/dags/prediction_dag.py took 0.146 seconds
[2025-11-30T18:44:09.333+0000] {processor.py:161} INFO - Started process (PID=59041) to work on /opt/airflow/dags/prediction_dag.py
[2025-11-30T18:44:09.339+0000] {processor.py:830} INFO - Processing file /opt/airflow/dags/prediction_dag.py for tasks to queue
[2025-11-30T18:44:09.341+0000] {logging_mixin.py:188} INFO - [2025-11-30T18:44:09.340+0000] {dagbag.py:540} INFO - Filling up the DagBag from /opt/airflow/dags/prediction_dag.py
[2025-11-30T18:44:09.362+0000] {processor.py:840} INFO - DAG(s) 'prediction_dag' retrieved from /opt/airflow/dags/prediction_dag.py
[2025-11-30T18:44:09.449+0000] {logging_mixin.py:188} INFO - [2025-11-30T18:44:09.449+0000] {dag.py:3047} INFO - Sync 1 DAGs
[2025-11-30T18:44:09.504+0000] {logging_mixin.py:188} INFO - [2025-11-30T18:44:09.504+0000] {dag.py:3834} INFO - Setting next_dagrun for prediction_dag to 2025-11-30 18:44:00+00:00, run_after=2025-11-30 18:46:00+00:00
[2025-11-30T18:44:09.528+0000] {processor.py:183} INFO - Processing /opt/airflow/dags/prediction_dag.py took 0.208 seconds
[2025-11-30T18:44:39.837+0000] {processor.py:161} INFO - Started process (PID=59062) to work on /opt/airflow/dags/prediction_dag.py
[2025-11-30T18:44:39.839+0000] {processor.py:830} INFO - Processing file /opt/airflow/dags/prediction_dag.py for tasks to queue
[2025-11-30T18:44:39.841+0000] {logging_mixin.py:188} INFO - [2025-11-30T18:44:39.840+0000] {dagbag.py:540} INFO - Filling up the DagBag from /opt/airflow/dags/prediction_dag.py
[2025-11-30T18:44:39.873+0000] {processor.py:840} INFO - DAG(s) 'prediction_dag' retrieved from /opt/airflow/dags/prediction_dag.py
[2025-11-30T18:44:39.921+0000] {logging_mixin.py:188} INFO - [2025-11-30T18:44:39.920+0000] {dag.py:3047} INFO - Sync 1 DAGs
[2025-11-30T18:44:39.943+0000] {logging_mixin.py:188} INFO - [2025-11-30T18:44:39.942+0000] {dag.py:3834} INFO - Setting next_dagrun for prediction_dag to 2025-11-30 18:44:00+00:00, run_after=2025-11-30 18:46:00+00:00
[2025-11-30T18:44:39.959+0000] {processor.py:183} INFO - Processing /opt/airflow/dags/prediction_dag.py took 0.129 seconds
[2025-11-30T18:45:10.259+0000] {processor.py:161} INFO - Started process (PID=59142) to work on /opt/airflow/dags/prediction_dag.py
[2025-11-30T18:45:10.267+0000] {processor.py:830} INFO - Processing file /opt/airflow/dags/prediction_dag.py for tasks to queue
[2025-11-30T18:45:10.271+0000] {logging_mixin.py:188} INFO - [2025-11-30T18:45:10.270+0000] {dagbag.py:540} INFO - Filling up the DagBag from /opt/airflow/dags/prediction_dag.py
[2025-11-30T18:45:10.304+0000] {processor.py:840} INFO - DAG(s) 'prediction_dag' retrieved from /opt/airflow/dags/prediction_dag.py
[2025-11-30T18:45:10.346+0000] {logging_mixin.py:188} INFO - [2025-11-30T18:45:10.346+0000] {dag.py:3047} INFO - Sync 1 DAGs
[2025-11-30T18:45:10.367+0000] {logging_mixin.py:188} INFO - [2025-11-30T18:45:10.366+0000] {dag.py:3834} INFO - Setting next_dagrun for prediction_dag to 2025-11-30 18:44:00+00:00, run_after=2025-11-30 18:46:00+00:00
[2025-11-30T18:45:10.378+0000] {processor.py:183} INFO - Processing /opt/airflow/dags/prediction_dag.py took 0.128 seconds
[2025-11-30T18:45:40.717+0000] {processor.py:161} INFO - Started process (PID=59160) to work on /opt/airflow/dags/prediction_dag.py
[2025-11-30T18:45:40.720+0000] {processor.py:830} INFO - Processing file /opt/airflow/dags/prediction_dag.py for tasks to queue
[2025-11-30T18:45:40.722+0000] {logging_mixin.py:188} INFO - [2025-11-30T18:45:40.721+0000] {dagbag.py:540} INFO - Filling up the DagBag from /opt/airflow/dags/prediction_dag.py
[2025-11-30T18:45:40.741+0000] {processor.py:840} INFO - DAG(s) 'prediction_dag' retrieved from /opt/airflow/dags/prediction_dag.py
[2025-11-30T18:45:40.765+0000] {logging_mixin.py:188} INFO - [2025-11-30T18:45:40.765+0000] {dag.py:3047} INFO - Sync 1 DAGs
[2025-11-30T18:45:40.782+0000] {logging_mixin.py:188} INFO - [2025-11-30T18:45:40.782+0000] {dag.py:3834} INFO - Setting next_dagrun for prediction_dag to 2025-11-30 18:44:00+00:00, run_after=2025-11-30 18:46:00+00:00
[2025-11-30T18:45:40.792+0000] {processor.py:183} INFO - Processing /opt/airflow/dags/prediction_dag.py took 0.085 seconds
[2025-11-30T18:46:11.033+0000] {processor.py:161} INFO - Started process (PID=59246) to work on /opt/airflow/dags/prediction_dag.py
[2025-11-30T18:46:11.035+0000] {processor.py:830} INFO - Processing file /opt/airflow/dags/prediction_dag.py for tasks to queue
[2025-11-30T18:46:11.036+0000] {logging_mixin.py:188} INFO - [2025-11-30T18:46:11.035+0000] {dagbag.py:540} INFO - Filling up the DagBag from /opt/airflow/dags/prediction_dag.py
[2025-11-30T18:46:11.056+0000] {processor.py:840} INFO - DAG(s) 'prediction_dag' retrieved from /opt/airflow/dags/prediction_dag.py
[2025-11-30T18:46:11.096+0000] {logging_mixin.py:188} INFO - [2025-11-30T18:46:11.096+0000] {dag.py:3047} INFO - Sync 1 DAGs
[2025-11-30T18:46:11.117+0000] {logging_mixin.py:188} INFO - [2025-11-30T18:46:11.117+0000] {dag.py:3834} INFO - Setting next_dagrun for prediction_dag to 2025-11-30 18:46:00+00:00, run_after=2025-11-30 18:48:00+00:00
[2025-11-30T18:46:11.131+0000] {processor.py:183} INFO - Processing /opt/airflow/dags/prediction_dag.py took 0.108 seconds
[2025-11-30T18:46:41.386+0000] {processor.py:161} INFO - Started process (PID=59255) to work on /opt/airflow/dags/prediction_dag.py
[2025-11-30T18:46:41.388+0000] {processor.py:830} INFO - Processing file /opt/airflow/dags/prediction_dag.py for tasks to queue
[2025-11-30T18:46:41.389+0000] {logging_mixin.py:188} INFO - [2025-11-30T18:46:41.388+0000] {dagbag.py:540} INFO - Filling up the DagBag from /opt/airflow/dags/prediction_dag.py
[2025-11-30T18:46:41.406+0000] {processor.py:840} INFO - DAG(s) 'prediction_dag' retrieved from /opt/airflow/dags/prediction_dag.py
[2025-11-30T18:46:41.439+0000] {logging_mixin.py:188} INFO - [2025-11-30T18:46:41.438+0000] {dag.py:3047} INFO - Sync 1 DAGs
[2025-11-30T18:46:41.488+0000] {logging_mixin.py:188} INFO - [2025-11-30T18:46:41.488+0000] {dag.py:3834} INFO - Setting next_dagrun for prediction_dag to 2025-11-30 18:46:00+00:00, run_after=2025-11-30 18:48:00+00:00
[2025-11-30T18:46:41.524+0000] {processor.py:183} INFO - Processing /opt/airflow/dags/prediction_dag.py took 0.144 seconds
[2025-11-30T18:47:11.952+0000] {processor.py:161} INFO - Started process (PID=59307) to work on /opt/airflow/dags/prediction_dag.py
[2025-11-30T18:47:11.954+0000] {processor.py:830} INFO - Processing file /opt/airflow/dags/prediction_dag.py for tasks to queue
[2025-11-30T18:47:11.958+0000] {logging_mixin.py:188} INFO - [2025-11-30T18:47:11.956+0000] {dagbag.py:540} INFO - Filling up the DagBag from /opt/airflow/dags/prediction_dag.py
[2025-11-30T18:47:11.984+0000] {processor.py:840} INFO - DAG(s) 'prediction_dag' retrieved from /opt/airflow/dags/prediction_dag.py
[2025-11-30T18:47:12.042+0000] {logging_mixin.py:188} INFO - [2025-11-30T18:47:12.042+0000] {dag.py:3047} INFO - Sync 1 DAGs
[2025-11-30T18:47:12.113+0000] {logging_mixin.py:188} INFO - [2025-11-30T18:47:12.113+0000] {dag.py:3834} INFO - Setting next_dagrun for prediction_dag to 2025-11-30 18:46:00+00:00, run_after=2025-11-30 18:48:00+00:00
[2025-11-30T18:47:12.153+0000] {processor.py:183} INFO - Processing /opt/airflow/dags/prediction_dag.py took 0.207 seconds
[2025-11-30T18:47:42.549+0000] {processor.py:161} INFO - Started process (PID=59349) to work on /opt/airflow/dags/prediction_dag.py
[2025-11-30T18:47:42.553+0000] {processor.py:830} INFO - Processing file /opt/airflow/dags/prediction_dag.py for tasks to queue
[2025-11-30T18:47:42.555+0000] {logging_mixin.py:188} INFO - [2025-11-30T18:47:42.554+0000] {dagbag.py:540} INFO - Filling up the DagBag from /opt/airflow/dags/prediction_dag.py
[2025-11-30T18:47:42.595+0000] {processor.py:840} INFO - DAG(s) 'prediction_dag' retrieved from /opt/airflow/dags/prediction_dag.py
[2025-11-30T18:47:42.639+0000] {logging_mixin.py:188} INFO - [2025-11-30T18:47:42.639+0000] {dag.py:3047} INFO - Sync 1 DAGs
[2025-11-30T18:47:42.666+0000] {logging_mixin.py:188} INFO - [2025-11-30T18:47:42.666+0000] {dag.py:3834} INFO - Setting next_dagrun for prediction_dag to 2025-11-30 18:46:00+00:00, run_after=2025-11-30 18:48:00+00:00
[2025-11-30T18:47:42.680+0000] {processor.py:183} INFO - Processing /opt/airflow/dags/prediction_dag.py took 0.143 seconds
[2025-11-30T18:48:13.068+0000] {processor.py:161} INFO - Started process (PID=59435) to work on /opt/airflow/dags/prediction_dag.py
[2025-11-30T18:48:13.070+0000] {processor.py:830} INFO - Processing file /opt/airflow/dags/prediction_dag.py for tasks to queue
[2025-11-30T18:48:13.073+0000] {logging_mixin.py:188} INFO - [2025-11-30T18:48:13.071+0000] {dagbag.py:540} INFO - Filling up the DagBag from /opt/airflow/dags/prediction_dag.py
[2025-11-30T18:48:13.125+0000] {processor.py:840} INFO - DAG(s) 'prediction_dag' retrieved from /opt/airflow/dags/prediction_dag.py
[2025-11-30T18:48:13.187+0000] {logging_mixin.py:188} INFO - [2025-11-30T18:48:13.186+0000] {dag.py:3047} INFO - Sync 1 DAGs
[2025-11-30T18:48:13.218+0000] {logging_mixin.py:188} INFO - [2025-11-30T18:48:13.218+0000] {dag.py:3834} INFO - Setting next_dagrun for prediction_dag to 2025-11-30 18:48:00+00:00, run_after=2025-11-30 18:50:00+00:00
[2025-11-30T18:48:13.239+0000] {processor.py:183} INFO - Processing /opt/airflow/dags/prediction_dag.py took 0.186 seconds
[2025-11-30T18:48:43.613+0000] {processor.py:161} INFO - Started process (PID=59453) to work on /opt/airflow/dags/prediction_dag.py
[2025-11-30T18:48:43.617+0000] {processor.py:830} INFO - Processing file /opt/airflow/dags/prediction_dag.py for tasks to queue
[2025-11-30T18:48:43.619+0000] {logging_mixin.py:188} INFO - [2025-11-30T18:48:43.618+0000] {dagbag.py:540} INFO - Filling up the DagBag from /opt/airflow/dags/prediction_dag.py
[2025-11-30T18:48:43.659+0000] {processor.py:840} INFO - DAG(s) 'prediction_dag' retrieved from /opt/airflow/dags/prediction_dag.py
[2025-11-30T18:48:43.703+0000] {logging_mixin.py:188} INFO - [2025-11-30T18:48:43.703+0000] {dag.py:3047} INFO - Sync 1 DAGs
[2025-11-30T18:48:43.733+0000] {logging_mixin.py:188} INFO - [2025-11-30T18:48:43.733+0000] {dag.py:3834} INFO - Setting next_dagrun for prediction_dag to 2025-11-30 18:48:00+00:00, run_after=2025-11-30 18:50:00+00:00
[2025-11-30T18:48:43.746+0000] {processor.py:183} INFO - Processing /opt/airflow/dags/prediction_dag.py took 0.144 seconds
[2025-11-30T18:49:14.057+0000] {processor.py:161} INFO - Started process (PID=59533) to work on /opt/airflow/dags/prediction_dag.py
[2025-11-30T18:49:14.060+0000] {processor.py:830} INFO - Processing file /opt/airflow/dags/prediction_dag.py for tasks to queue
[2025-11-30T18:49:14.069+0000] {logging_mixin.py:188} INFO - [2025-11-30T18:49:14.065+0000] {dagbag.py:540} INFO - Filling up the DagBag from /opt/airflow/dags/prediction_dag.py
[2025-11-30T18:49:14.106+0000] {processor.py:840} INFO - DAG(s) 'prediction_dag' retrieved from /opt/airflow/dags/prediction_dag.py
[2025-11-30T18:49:14.159+0000] {logging_mixin.py:188} INFO - [2025-11-30T18:49:14.159+0000] {dag.py:3047} INFO - Sync 1 DAGs
[2025-11-30T18:49:14.188+0000] {logging_mixin.py:188} INFO - [2025-11-30T18:49:14.187+0000] {dag.py:3834} INFO - Setting next_dagrun for prediction_dag to 2025-11-30 18:48:00+00:00, run_after=2025-11-30 18:50:00+00:00
[2025-11-30T18:49:14.201+0000] {processor.py:183} INFO - Processing /opt/airflow/dags/prediction_dag.py took 0.161 seconds
[2025-11-30T18:49:44.592+0000] {processor.py:161} INFO - Started process (PID=59551) to work on /opt/airflow/dags/prediction_dag.py
[2025-11-30T18:49:44.596+0000] {processor.py:830} INFO - Processing file /opt/airflow/dags/prediction_dag.py for tasks to queue
[2025-11-30T18:49:44.598+0000] {logging_mixin.py:188} INFO - [2025-11-30T18:49:44.597+0000] {dagbag.py:540} INFO - Filling up the DagBag from /opt/airflow/dags/prediction_dag.py
[2025-11-30T18:49:44.634+0000] {processor.py:840} INFO - DAG(s) 'prediction_dag' retrieved from /opt/airflow/dags/prediction_dag.py
[2025-11-30T18:49:44.678+0000] {logging_mixin.py:188} INFO - [2025-11-30T18:49:44.678+0000] {dag.py:3047} INFO - Sync 1 DAGs
[2025-11-30T18:49:44.705+0000] {logging_mixin.py:188} INFO - [2025-11-30T18:49:44.705+0000] {dag.py:3834} INFO - Setting next_dagrun for prediction_dag to 2025-11-30 18:48:00+00:00, run_after=2025-11-30 18:50:00+00:00
[2025-11-30T18:49:44.718+0000] {processor.py:183} INFO - Processing /opt/airflow/dags/prediction_dag.py took 0.137 seconds
[2025-11-30T18:50:15.043+0000] {processor.py:161} INFO - Started process (PID=59637) to work on /opt/airflow/dags/prediction_dag.py
[2025-11-30T18:50:15.046+0000] {processor.py:830} INFO - Processing file /opt/airflow/dags/prediction_dag.py for tasks to queue
[2025-11-30T18:50:15.048+0000] {logging_mixin.py:188} INFO - [2025-11-30T18:50:15.047+0000] {dagbag.py:540} INFO - Filling up the DagBag from /opt/airflow/dags/prediction_dag.py
[2025-11-30T18:50:15.084+0000] {processor.py:840} INFO - DAG(s) 'prediction_dag' retrieved from /opt/airflow/dags/prediction_dag.py
[2025-11-30T18:50:15.130+0000] {logging_mixin.py:188} INFO - [2025-11-30T18:50:15.130+0000] {dag.py:3047} INFO - Sync 1 DAGs
[2025-11-30T18:50:15.157+0000] {logging_mixin.py:188} INFO - [2025-11-30T18:50:15.157+0000] {dag.py:3834} INFO - Setting next_dagrun for prediction_dag to 2025-11-30 18:50:00+00:00, run_after=2025-11-30 18:52:00+00:00
[2025-11-30T18:50:15.170+0000] {processor.py:183} INFO - Processing /opt/airflow/dags/prediction_dag.py took 0.144 seconds
[2025-11-30T18:50:45.255+0000] {processor.py:161} INFO - Started process (PID=59655) to work on /opt/airflow/dags/prediction_dag.py
[2025-11-30T18:50:45.258+0000] {processor.py:830} INFO - Processing file /opt/airflow/dags/prediction_dag.py for tasks to queue
[2025-11-30T18:50:45.259+0000] {logging_mixin.py:188} INFO - [2025-11-30T18:50:45.259+0000] {dagbag.py:540} INFO - Filling up the DagBag from /opt/airflow/dags/prediction_dag.py
[2025-11-30T18:50:45.290+0000] {processor.py:840} INFO - DAG(s) 'prediction_dag' retrieved from /opt/airflow/dags/prediction_dag.py
[2025-11-30T18:50:45.333+0000] {logging_mixin.py:188} INFO - [2025-11-30T18:50:45.332+0000] {dag.py:3047} INFO - Sync 1 DAGs
[2025-11-30T18:50:45.358+0000] {logging_mixin.py:188} INFO - [2025-11-30T18:50:45.358+0000] {dag.py:3834} INFO - Setting next_dagrun for prediction_dag to 2025-11-30 18:50:00+00:00, run_after=2025-11-30 18:52:00+00:00
[2025-11-30T18:50:45.372+0000] {processor.py:183} INFO - Processing /opt/airflow/dags/prediction_dag.py took 0.136 seconds
[2025-11-30T18:51:15.693+0000] {processor.py:161} INFO - Started process (PID=59735) to work on /opt/airflow/dags/prediction_dag.py
[2025-11-30T18:51:15.696+0000] {processor.py:830} INFO - Processing file /opt/airflow/dags/prediction_dag.py for tasks to queue
[2025-11-30T18:51:15.697+0000] {logging_mixin.py:188} INFO - [2025-11-30T18:51:15.696+0000] {dagbag.py:540} INFO - Filling up the DagBag from /opt/airflow/dags/prediction_dag.py
[2025-11-30T18:51:15.735+0000] {processor.py:840} INFO - DAG(s) 'prediction_dag' retrieved from /opt/airflow/dags/prediction_dag.py
[2025-11-30T18:51:15.777+0000] {logging_mixin.py:188} INFO - [2025-11-30T18:51:15.776+0000] {dag.py:3047} INFO - Sync 1 DAGs
[2025-11-30T18:51:15.804+0000] {logging_mixin.py:188} INFO - [2025-11-30T18:51:15.804+0000] {dag.py:3834} INFO - Setting next_dagrun for prediction_dag to 2025-11-30 18:50:00+00:00, run_after=2025-11-30 18:52:00+00:00
[2025-11-30T18:51:15.817+0000] {processor.py:183} INFO - Processing /opt/airflow/dags/prediction_dag.py took 0.133 seconds
[2025-11-30T18:51:46.051+0000] {processor.py:161} INFO - Started process (PID=59753) to work on /opt/airflow/dags/prediction_dag.py
[2025-11-30T18:51:46.053+0000] {processor.py:830} INFO - Processing file /opt/airflow/dags/prediction_dag.py for tasks to queue
[2025-11-30T18:51:46.054+0000] {logging_mixin.py:188} INFO - [2025-11-30T18:51:46.054+0000] {dagbag.py:540} INFO - Filling up the DagBag from /opt/airflow/dags/prediction_dag.py
[2025-11-30T18:51:46.074+0000] {processor.py:840} INFO - DAG(s) 'prediction_dag' retrieved from /opt/airflow/dags/prediction_dag.py
[2025-11-30T18:51:46.098+0000] {logging_mixin.py:188} INFO - [2025-11-30T18:51:46.098+0000] {dag.py:3047} INFO - Sync 1 DAGs
[2025-11-30T18:51:46.115+0000] {logging_mixin.py:188} INFO - [2025-11-30T18:51:46.115+0000] {dag.py:3834} INFO - Setting next_dagrun for prediction_dag to 2025-11-30 18:50:00+00:00, run_after=2025-11-30 18:52:00+00:00
[2025-11-30T18:51:46.126+0000] {processor.py:183} INFO - Processing /opt/airflow/dags/prediction_dag.py took 0.080 seconds
[2025-11-30T18:52:16.448+0000] {processor.py:161} INFO - Started process (PID=59839) to work on /opt/airflow/dags/prediction_dag.py
[2025-11-30T18:52:16.455+0000] {processor.py:830} INFO - Processing file /opt/airflow/dags/prediction_dag.py for tasks to queue
[2025-11-30T18:52:16.456+0000] {logging_mixin.py:188} INFO - [2025-11-30T18:52:16.456+0000] {dagbag.py:540} INFO - Filling up the DagBag from /opt/airflow/dags/prediction_dag.py
[2025-11-30T18:52:16.491+0000] {processor.py:840} INFO - DAG(s) 'prediction_dag' retrieved from /opt/airflow/dags/prediction_dag.py
[2025-11-30T18:52:16.528+0000] {logging_mixin.py:188} INFO - [2025-11-30T18:52:16.528+0000] {dag.py:3047} INFO - Sync 1 DAGs
[2025-11-30T18:52:16.552+0000] {logging_mixin.py:188} INFO - [2025-11-30T18:52:16.552+0000] {dag.py:3834} INFO - Setting next_dagrun for prediction_dag to 2025-11-30 18:52:00+00:00, run_after=2025-11-30 18:54:00+00:00
[2025-11-30T18:52:16.564+0000] {processor.py:183} INFO - Processing /opt/airflow/dags/prediction_dag.py took 0.125 seconds
[2025-11-30T18:52:46.634+0000] {processor.py:161} INFO - Started process (PID=59857) to work on /opt/airflow/dags/prediction_dag.py
[2025-11-30T18:52:46.638+0000] {processor.py:830} INFO - Processing file /opt/airflow/dags/prediction_dag.py for tasks to queue
[2025-11-30T18:52:46.639+0000] {logging_mixin.py:188} INFO - [2025-11-30T18:52:46.639+0000] {dagbag.py:540} INFO - Filling up the DagBag from /opt/airflow/dags/prediction_dag.py
[2025-11-30T18:52:46.659+0000] {processor.py:840} INFO - DAG(s) 'prediction_dag' retrieved from /opt/airflow/dags/prediction_dag.py
[2025-11-30T18:52:46.684+0000] {logging_mixin.py:188} INFO - [2025-11-30T18:52:46.683+0000] {dag.py:3047} INFO - Sync 1 DAGs
[2025-11-30T18:52:46.700+0000] {logging_mixin.py:188} INFO - [2025-11-30T18:52:46.700+0000] {dag.py:3834} INFO - Setting next_dagrun for prediction_dag to 2025-11-30 18:52:00+00:00, run_after=2025-11-30 18:54:00+00:00
[2025-11-30T18:52:46.711+0000] {processor.py:183} INFO - Processing /opt/airflow/dags/prediction_dag.py took 0.087 seconds
[2025-11-30T18:53:17.605+0000] {processor.py:161} INFO - Started process (PID=59934) to work on /opt/airflow/dags/prediction_dag.py
[2025-11-30T18:53:17.608+0000] {processor.py:830} INFO - Processing file /opt/airflow/dags/prediction_dag.py for tasks to queue
[2025-11-30T18:53:17.610+0000] {logging_mixin.py:188} INFO - [2025-11-30T18:53:17.609+0000] {dagbag.py:540} INFO - Filling up the DagBag from /opt/airflow/dags/prediction_dag.py
[2025-11-30T18:53:17.684+0000] {processor.py:840} INFO - DAG(s) 'prediction_dag' retrieved from /opt/airflow/dags/prediction_dag.py
[2025-11-30T18:53:17.810+0000] {logging_mixin.py:188} INFO - [2025-11-30T18:53:17.810+0000] {dag.py:3047} INFO - Sync 1 DAGs
[2025-11-30T18:53:17.858+0000] {logging_mixin.py:188} INFO - [2025-11-30T18:53:17.857+0000] {dag.py:3834} INFO - Setting next_dagrun for prediction_dag to 2025-11-30 18:52:00+00:00, run_after=2025-11-30 18:54:00+00:00
[2025-11-30T18:53:17.915+0000] {processor.py:183} INFO - Processing /opt/airflow/dags/prediction_dag.py took 0.328 seconds
[2025-11-30T18:53:48.279+0000] {processor.py:161} INFO - Started process (PID=59955) to work on /opt/airflow/dags/prediction_dag.py
[2025-11-30T18:53:48.282+0000] {processor.py:830} INFO - Processing file /opt/airflow/dags/prediction_dag.py for tasks to queue
[2025-11-30T18:53:48.284+0000] {logging_mixin.py:188} INFO - [2025-11-30T18:53:48.283+0000] {dagbag.py:540} INFO - Filling up the DagBag from /opt/airflow/dags/prediction_dag.py
[2025-11-30T18:53:48.313+0000] {processor.py:840} INFO - DAG(s) 'prediction_dag' retrieved from /opt/airflow/dags/prediction_dag.py
[2025-11-30T18:53:48.358+0000] {logging_mixin.py:188} INFO - [2025-11-30T18:53:48.358+0000] {dag.py:3047} INFO - Sync 1 DAGs
[2025-11-30T18:53:48.380+0000] {logging_mixin.py:188} INFO - [2025-11-30T18:53:48.380+0000] {dag.py:3834} INFO - Setting next_dagrun for prediction_dag to 2025-11-30 18:52:00+00:00, run_after=2025-11-30 18:54:00+00:00
[2025-11-30T18:53:48.393+0000] {processor.py:183} INFO - Processing /opt/airflow/dags/prediction_dag.py took 0.124 seconds
[2025-11-30T18:54:18.719+0000] {processor.py:161} INFO - Started process (PID=60041) to work on /opt/airflow/dags/prediction_dag.py
[2025-11-30T18:54:18.722+0000] {processor.py:830} INFO - Processing file /opt/airflow/dags/prediction_dag.py for tasks to queue
[2025-11-30T18:54:18.723+0000] {logging_mixin.py:188} INFO - [2025-11-30T18:54:18.723+0000] {dagbag.py:540} INFO - Filling up the DagBag from /opt/airflow/dags/prediction_dag.py
[2025-11-30T18:54:18.744+0000] {processor.py:840} INFO - DAG(s) 'prediction_dag' retrieved from /opt/airflow/dags/prediction_dag.py
[2025-11-30T18:54:18.769+0000] {logging_mixin.py:188} INFO - [2025-11-30T18:54:18.769+0000] {dag.py:3047} INFO - Sync 1 DAGs
[2025-11-30T18:54:18.786+0000] {logging_mixin.py:188} INFO - [2025-11-30T18:54:18.786+0000] {dag.py:3834} INFO - Setting next_dagrun for prediction_dag to 2025-11-30 18:54:00+00:00, run_after=2025-11-30 18:56:00+00:00
[2025-11-30T18:54:18.796+0000] {processor.py:183} INFO - Processing /opt/airflow/dags/prediction_dag.py took 0.088 seconds
[2025-11-30T18:54:49.105+0000] {processor.py:161} INFO - Started process (PID=60059) to work on /opt/airflow/dags/prediction_dag.py
[2025-11-30T18:54:49.106+0000] {processor.py:830} INFO - Processing file /opt/airflow/dags/prediction_dag.py for tasks to queue
[2025-11-30T18:54:49.107+0000] {logging_mixin.py:188} INFO - [2025-11-30T18:54:49.107+0000] {dagbag.py:540} INFO - Filling up the DagBag from /opt/airflow/dags/prediction_dag.py
[2025-11-30T18:54:49.122+0000] {processor.py:840} INFO - DAG(s) 'prediction_dag' retrieved from /opt/airflow/dags/prediction_dag.py
[2025-11-30T18:54:49.155+0000] {logging_mixin.py:188} INFO - [2025-11-30T18:54:49.155+0000] {dag.py:3047} INFO - Sync 1 DAGs
[2025-11-30T18:54:49.172+0000] {logging_mixin.py:188} INFO - [2025-11-30T18:54:49.171+0000] {dag.py:3834} INFO - Setting next_dagrun for prediction_dag to 2025-11-30 18:54:00+00:00, run_after=2025-11-30 18:56:00+00:00
[2025-11-30T18:54:49.181+0000] {processor.py:183} INFO - Processing /opt/airflow/dags/prediction_dag.py took 0.082 seconds
[2025-11-30T18:55:19.500+0000] {processor.py:161} INFO - Started process (PID=60129) to work on /opt/airflow/dags/prediction_dag.py
[2025-11-30T18:55:19.507+0000] {processor.py:830} INFO - Processing file /opt/airflow/dags/prediction_dag.py for tasks to queue
[2025-11-30T18:55:19.508+0000] {logging_mixin.py:188} INFO - [2025-11-30T18:55:19.508+0000] {dagbag.py:540} INFO - Filling up the DagBag from /opt/airflow/dags/prediction_dag.py
[2025-11-30T18:55:19.546+0000] {processor.py:840} INFO - DAG(s) 'prediction_dag' retrieved from /opt/airflow/dags/prediction_dag.py
[2025-11-30T18:55:19.597+0000] {logging_mixin.py:188} INFO - [2025-11-30T18:55:19.597+0000] {dag.py:3047} INFO - Sync 1 DAGs
[2025-11-30T18:55:19.629+0000] {logging_mixin.py:188} INFO - [2025-11-30T18:55:19.629+0000] {dag.py:3834} INFO - Setting next_dagrun for prediction_dag to 2025-11-30 18:54:00+00:00, run_after=2025-11-30 18:56:00+00:00
[2025-11-30T18:55:19.646+0000] {processor.py:183} INFO - Processing /opt/airflow/dags/prediction_dag.py took 0.155 seconds
[2025-11-30T18:55:50.056+0000] {processor.py:161} INFO - Started process (PID=60144) to work on /opt/airflow/dags/prediction_dag.py
[2025-11-30T18:55:50.059+0000] {processor.py:830} INFO - Processing file /opt/airflow/dags/prediction_dag.py for tasks to queue
[2025-11-30T18:55:50.060+0000] {logging_mixin.py:188} INFO - [2025-11-30T18:55:50.060+0000] {dagbag.py:540} INFO - Filling up the DagBag from /opt/airflow/dags/prediction_dag.py
[2025-11-30T18:55:50.096+0000] {processor.py:840} INFO - DAG(s) 'prediction_dag' retrieved from /opt/airflow/dags/prediction_dag.py
[2025-11-30T18:55:50.148+0000] {logging_mixin.py:188} INFO - [2025-11-30T18:55:50.147+0000] {dag.py:3047} INFO - Sync 1 DAGs
[2025-11-30T18:55:50.172+0000] {logging_mixin.py:188} INFO - [2025-11-30T18:55:50.172+0000] {dag.py:3834} INFO - Setting next_dagrun for prediction_dag to 2025-11-30 18:54:00+00:00, run_after=2025-11-30 18:56:00+00:00
[2025-11-30T18:55:50.190+0000] {processor.py:183} INFO - Processing /opt/airflow/dags/prediction_dag.py took 0.145 seconds
[2025-11-30T18:56:20.580+0000] {processor.py:161} INFO - Started process (PID=60230) to work on /opt/airflow/dags/prediction_dag.py
[2025-11-30T18:56:20.583+0000] {processor.py:830} INFO - Processing file /opt/airflow/dags/prediction_dag.py for tasks to queue
[2025-11-30T18:56:20.584+0000] {logging_mixin.py:188} INFO - [2025-11-30T18:56:20.584+0000] {dagbag.py:540} INFO - Filling up the DagBag from /opt/airflow/dags/prediction_dag.py
[2025-11-30T18:56:20.619+0000] {processor.py:840} INFO - DAG(s) 'prediction_dag' retrieved from /opt/airflow/dags/prediction_dag.py
[2025-11-30T18:56:20.675+0000] {logging_mixin.py:188} INFO - [2025-11-30T18:56:20.674+0000] {dag.py:3047} INFO - Sync 1 DAGs
[2025-11-30T18:56:20.699+0000] {logging_mixin.py:188} INFO - [2025-11-30T18:56:20.699+0000] {dag.py:3834} INFO - Setting next_dagrun for prediction_dag to 2025-11-30 18:56:00+00:00, run_after=2025-11-30 18:58:00+00:00
[2025-11-30T18:56:20.717+0000] {processor.py:183} INFO - Processing /opt/airflow/dags/prediction_dag.py took 0.153 seconds
[2025-11-30T18:56:51.128+0000] {processor.py:161} INFO - Started process (PID=60248) to work on /opt/airflow/dags/prediction_dag.py
[2025-11-30T18:56:51.132+0000] {processor.py:830} INFO - Processing file /opt/airflow/dags/prediction_dag.py for tasks to queue
[2025-11-30T18:56:51.133+0000] {logging_mixin.py:188} INFO - [2025-11-30T18:56:51.132+0000] {dagbag.py:540} INFO - Filling up the DagBag from /opt/airflow/dags/prediction_dag.py
[2025-11-30T18:56:51.169+0000] {processor.py:840} INFO - DAG(s) 'prediction_dag' retrieved from /opt/airflow/dags/prediction_dag.py
[2025-11-30T18:56:51.213+0000] {logging_mixin.py:188} INFO - [2025-11-30T18:56:51.212+0000] {dag.py:3047} INFO - Sync 1 DAGs
[2025-11-30T18:56:51.241+0000] {logging_mixin.py:188} INFO - [2025-11-30T18:56:51.240+0000] {dag.py:3834} INFO - Setting next_dagrun for prediction_dag to 2025-11-30 18:56:00+00:00, run_after=2025-11-30 18:58:00+00:00
[2025-11-30T18:56:51.255+0000] {processor.py:183} INFO - Processing /opt/airflow/dags/prediction_dag.py took 0.139 seconds
[2025-11-30T18:57:21.659+0000] {processor.py:161} INFO - Started process (PID=60328) to work on /opt/airflow/dags/prediction_dag.py
[2025-11-30T18:57:21.662+0000] {processor.py:830} INFO - Processing file /opt/airflow/dags/prediction_dag.py for tasks to queue
[2025-11-30T18:57:21.664+0000] {logging_mixin.py:188} INFO - [2025-11-30T18:57:21.663+0000] {dagbag.py:540} INFO - Filling up the DagBag from /opt/airflow/dags/prediction_dag.py
[2025-11-30T18:57:21.697+0000] {processor.py:840} INFO - DAG(s) 'prediction_dag' retrieved from /opt/airflow/dags/prediction_dag.py
[2025-11-30T18:57:21.741+0000] {logging_mixin.py:188} INFO - [2025-11-30T18:57:21.741+0000] {dag.py:3047} INFO - Sync 1 DAGs
[2025-11-30T18:57:21.772+0000] {logging_mixin.py:188} INFO - [2025-11-30T18:57:21.772+0000] {dag.py:3834} INFO - Setting next_dagrun for prediction_dag to 2025-11-30 18:56:00+00:00, run_after=2025-11-30 18:58:00+00:00
[2025-11-30T18:57:21.786+0000] {processor.py:183} INFO - Processing /opt/airflow/dags/prediction_dag.py took 0.138 seconds
[2025-11-30T18:57:52.181+0000] {processor.py:161} INFO - Started process (PID=60346) to work on /opt/airflow/dags/prediction_dag.py
[2025-11-30T18:57:52.184+0000] {processor.py:830} INFO - Processing file /opt/airflow/dags/prediction_dag.py for tasks to queue
[2025-11-30T18:57:52.186+0000] {logging_mixin.py:188} INFO - [2025-11-30T18:57:52.185+0000] {dagbag.py:540} INFO - Filling up the DagBag from /opt/airflow/dags/prediction_dag.py
[2025-11-30T18:57:52.224+0000] {processor.py:840} INFO - DAG(s) 'prediction_dag' retrieved from /opt/airflow/dags/prediction_dag.py
[2025-11-30T18:57:52.267+0000] {logging_mixin.py:188} INFO - [2025-11-30T18:57:52.267+0000] {dag.py:3047} INFO - Sync 1 DAGs
[2025-11-30T18:57:52.295+0000] {logging_mixin.py:188} INFO - [2025-11-30T18:57:52.295+0000] {dag.py:3834} INFO - Setting next_dagrun for prediction_dag to 2025-11-30 18:56:00+00:00, run_after=2025-11-30 18:58:00+00:00
[2025-11-30T18:57:52.308+0000] {processor.py:183} INFO - Processing /opt/airflow/dags/prediction_dag.py took 0.135 seconds
[2025-11-30T18:58:22.712+0000] {processor.py:161} INFO - Started process (PID=60432) to work on /opt/airflow/dags/prediction_dag.py
[2025-11-30T18:58:22.715+0000] {processor.py:830} INFO - Processing file /opt/airflow/dags/prediction_dag.py for tasks to queue
[2025-11-30T18:58:22.717+0000] {logging_mixin.py:188} INFO - [2025-11-30T18:58:22.716+0000] {dagbag.py:540} INFO - Filling up the DagBag from /opt/airflow/dags/prediction_dag.py
[2025-11-30T18:58:22.748+0000] {processor.py:840} INFO - DAG(s) 'prediction_dag' retrieved from /opt/airflow/dags/prediction_dag.py
[2025-11-30T18:58:22.856+0000] {logging_mixin.py:188} INFO - [2025-11-30T18:58:22.856+0000] {dag.py:3047} INFO - Sync 1 DAGs
[2025-11-30T18:58:22.886+0000] {logging_mixin.py:188} INFO - [2025-11-30T18:58:22.886+0000] {dag.py:3834} INFO - Setting next_dagrun for prediction_dag to 2025-11-30 18:58:00+00:00, run_after=2025-11-30 19:00:00+00:00
[2025-11-30T18:58:22.901+0000] {processor.py:183} INFO - Processing /opt/airflow/dags/prediction_dag.py took 0.197 seconds
[2025-11-30T18:58:53.104+0000] {processor.py:161} INFO - Started process (PID=60450) to work on /opt/airflow/dags/prediction_dag.py
[2025-11-30T18:58:53.110+0000] {processor.py:830} INFO - Processing file /opt/airflow/dags/prediction_dag.py for tasks to queue
[2025-11-30T18:58:53.111+0000] {logging_mixin.py:188} INFO - [2025-11-30T18:58:53.110+0000] {dagbag.py:540} INFO - Filling up the DagBag from /opt/airflow/dags/prediction_dag.py
[2025-11-30T18:58:53.139+0000] {processor.py:840} INFO - DAG(s) 'prediction_dag' retrieved from /opt/airflow/dags/prediction_dag.py
[2025-11-30T18:58:53.196+0000] {logging_mixin.py:188} INFO - [2025-11-30T18:58:53.195+0000] {dag.py:3047} INFO - Sync 1 DAGs
[2025-11-30T18:58:53.220+0000] {logging_mixin.py:188} INFO - [2025-11-30T18:58:53.220+0000] {dag.py:3834} INFO - Setting next_dagrun for prediction_dag to 2025-11-30 18:58:00+00:00, run_after=2025-11-30 19:00:00+00:00
[2025-11-30T18:58:53.239+0000] {processor.py:183} INFO - Processing /opt/airflow/dags/prediction_dag.py took 0.151 seconds
[2025-11-30T18:59:23.330+0000] {processor.py:161} INFO - Started process (PID=60530) to work on /opt/airflow/dags/prediction_dag.py
[2025-11-30T18:59:23.334+0000] {processor.py:830} INFO - Processing file /opt/airflow/dags/prediction_dag.py for tasks to queue
[2025-11-30T18:59:23.336+0000] {logging_mixin.py:188} INFO - [2025-11-30T18:59:23.335+0000] {dagbag.py:540} INFO - Filling up the DagBag from /opt/airflow/dags/prediction_dag.py
[2025-11-30T18:59:23.373+0000] {processor.py:840} INFO - DAG(s) 'prediction_dag' retrieved from /opt/airflow/dags/prediction_dag.py
[2025-11-30T18:59:23.418+0000] {logging_mixin.py:188} INFO - [2025-11-30T18:59:23.418+0000] {dag.py:3047} INFO - Sync 1 DAGs
[2025-11-30T18:59:23.446+0000] {logging_mixin.py:188} INFO - [2025-11-30T18:59:23.446+0000] {dag.py:3834} INFO - Setting next_dagrun for prediction_dag to 2025-11-30 18:58:00+00:00, run_after=2025-11-30 19:00:00+00:00
[2025-11-30T18:59:23.465+0000] {processor.py:183} INFO - Processing /opt/airflow/dags/prediction_dag.py took 0.153 seconds
[2025-11-30T18:59:53.876+0000] {processor.py:161} INFO - Started process (PID=60548) to work on /opt/airflow/dags/prediction_dag.py
[2025-11-30T18:59:53.879+0000] {processor.py:830} INFO - Processing file /opt/airflow/dags/prediction_dag.py for tasks to queue
[2025-11-30T18:59:53.880+0000] {logging_mixin.py:188} INFO - [2025-11-30T18:59:53.880+0000] {dagbag.py:540} INFO - Filling up the DagBag from /opt/airflow/dags/prediction_dag.py
[2025-11-30T18:59:53.916+0000] {processor.py:840} INFO - DAG(s) 'prediction_dag' retrieved from /opt/airflow/dags/prediction_dag.py
[2025-11-30T18:59:53.960+0000] {logging_mixin.py:188} INFO - [2025-11-30T18:59:53.960+0000] {dag.py:3047} INFO - Sync 1 DAGs
[2025-11-30T18:59:53.985+0000] {logging_mixin.py:188} INFO - [2025-11-30T18:59:53.985+0000] {dag.py:3834} INFO - Setting next_dagrun for prediction_dag to 2025-11-30 18:58:00+00:00, run_after=2025-11-30 19:00:00+00:00
[2025-11-30T18:59:54.003+0000] {processor.py:183} INFO - Processing /opt/airflow/dags/prediction_dag.py took 0.140 seconds
[2025-11-30T19:00:24.362+0000] {processor.py:161} INFO - Started process (PID=60634) to work on /opt/airflow/dags/prediction_dag.py
[2025-11-30T19:00:24.364+0000] {processor.py:830} INFO - Processing file /opt/airflow/dags/prediction_dag.py for tasks to queue
[2025-11-30T19:00:24.369+0000] {logging_mixin.py:188} INFO - [2025-11-30T19:00:24.365+0000] {dagbag.py:540} INFO - Filling up the DagBag from /opt/airflow/dags/prediction_dag.py
[2025-11-30T19:00:24.405+0000] {processor.py:840} INFO - DAG(s) 'prediction_dag' retrieved from /opt/airflow/dags/prediction_dag.py
[2025-11-30T19:00:24.455+0000] {logging_mixin.py:188} INFO - [2025-11-30T19:00:24.455+0000] {dag.py:3047} INFO - Sync 1 DAGs
[2025-11-30T19:00:24.483+0000] {logging_mixin.py:188} INFO - [2025-11-30T19:00:24.483+0000] {dag.py:3834} INFO - Setting next_dagrun for prediction_dag to 2025-11-30 19:00:00+00:00, run_after=2025-11-30 19:02:00+00:00
[2025-11-30T19:00:24.497+0000] {processor.py:183} INFO - Processing /opt/airflow/dags/prediction_dag.py took 0.158 seconds
[2025-11-30T19:00:54.894+0000] {processor.py:161} INFO - Started process (PID=60652) to work on /opt/airflow/dags/prediction_dag.py
[2025-11-30T19:00:54.899+0000] {processor.py:830} INFO - Processing file /opt/airflow/dags/prediction_dag.py for tasks to queue
[2025-11-30T19:00:54.901+0000] {logging_mixin.py:188} INFO - [2025-11-30T19:00:54.900+0000] {dagbag.py:540} INFO - Filling up the DagBag from /opt/airflow/dags/prediction_dag.py
[2025-11-30T19:00:54.936+0000] {processor.py:840} INFO - DAG(s) 'prediction_dag' retrieved from /opt/airflow/dags/prediction_dag.py
[2025-11-30T19:00:54.991+0000] {logging_mixin.py:188} INFO - [2025-11-30T19:00:54.990+0000] {dag.py:3047} INFO - Sync 1 DAGs
[2025-11-30T19:00:55.020+0000] {logging_mixin.py:188} INFO - [2025-11-30T19:00:55.020+0000] {dag.py:3834} INFO - Setting next_dagrun for prediction_dag to 2025-11-30 19:00:00+00:00, run_after=2025-11-30 19:02:00+00:00
[2025-11-30T19:00:55.038+0000] {processor.py:183} INFO - Processing /opt/airflow/dags/prediction_dag.py took 0.158 seconds
[2025-11-30T19:01:25.340+0000] {processor.py:161} INFO - Started process (PID=60732) to work on /opt/airflow/dags/prediction_dag.py
[2025-11-30T19:01:25.344+0000] {processor.py:830} INFO - Processing file /opt/airflow/dags/prediction_dag.py for tasks to queue
[2025-11-30T19:01:25.345+0000] {logging_mixin.py:188} INFO - [2025-11-30T19:01:25.345+0000] {dagbag.py:540} INFO - Filling up the DagBag from /opt/airflow/dags/prediction_dag.py
[2025-11-30T19:01:25.380+0000] {processor.py:840} INFO - DAG(s) 'prediction_dag' retrieved from /opt/airflow/dags/prediction_dag.py
[2025-11-30T19:01:25.420+0000] {logging_mixin.py:188} INFO - [2025-11-30T19:01:25.420+0000] {dag.py:3047} INFO - Sync 1 DAGs
[2025-11-30T19:01:25.448+0000] {logging_mixin.py:188} INFO - [2025-11-30T19:01:25.448+0000] {dag.py:3834} INFO - Setting next_dagrun for prediction_dag to 2025-11-30 19:00:00+00:00, run_after=2025-11-30 19:02:00+00:00
[2025-11-30T19:01:25.461+0000] {processor.py:183} INFO - Processing /opt/airflow/dags/prediction_dag.py took 0.130 seconds
[2025-11-30T19:01:55.845+0000] {processor.py:161} INFO - Started process (PID=60750) to work on /opt/airflow/dags/prediction_dag.py
[2025-11-30T19:01:55.848+0000] {processor.py:830} INFO - Processing file /opt/airflow/dags/prediction_dag.py for tasks to queue
[2025-11-30T19:01:55.850+0000] {logging_mixin.py:188} INFO - [2025-11-30T19:01:55.849+0000] {dagbag.py:540} INFO - Filling up the DagBag from /opt/airflow/dags/prediction_dag.py
[2025-11-30T19:01:55.887+0000] {processor.py:840} INFO - DAG(s) 'prediction_dag' retrieved from /opt/airflow/dags/prediction_dag.py
[2025-11-30T19:01:55.934+0000] {logging_mixin.py:188} INFO - [2025-11-30T19:01:55.933+0000] {dag.py:3047} INFO - Sync 1 DAGs
[2025-11-30T19:01:55.961+0000] {logging_mixin.py:188} INFO - [2025-11-30T19:01:55.961+0000] {dag.py:3834} INFO - Setting next_dagrun for prediction_dag to 2025-11-30 19:00:00+00:00, run_after=2025-11-30 19:02:00+00:00
[2025-11-30T19:01:55.975+0000] {processor.py:183} INFO - Processing /opt/airflow/dags/prediction_dag.py took 0.147 seconds
[2025-11-30T19:02:26.295+0000] {processor.py:161} INFO - Started process (PID=60836) to work on /opt/airflow/dags/prediction_dag.py
[2025-11-30T19:02:26.298+0000] {processor.py:830} INFO - Processing file /opt/airflow/dags/prediction_dag.py for tasks to queue
[2025-11-30T19:02:26.299+0000] {logging_mixin.py:188} INFO - [2025-11-30T19:02:26.299+0000] {dagbag.py:540} INFO - Filling up the DagBag from /opt/airflow/dags/prediction_dag.py
[2025-11-30T19:02:26.323+0000] {processor.py:840} INFO - DAG(s) 'prediction_dag' retrieved from /opt/airflow/dags/prediction_dag.py
[2025-11-30T19:02:26.351+0000] {logging_mixin.py:188} INFO - [2025-11-30T19:02:26.351+0000] {dag.py:3047} INFO - Sync 1 DAGs
[2025-11-30T19:02:26.369+0000] {logging_mixin.py:188} INFO - [2025-11-30T19:02:26.369+0000] {dag.py:3834} INFO - Setting next_dagrun for prediction_dag to 2025-11-30 19:02:00+00:00, run_after=2025-11-30 19:04:00+00:00
[2025-11-30T19:02:26.379+0000] {processor.py:183} INFO - Processing /opt/airflow/dags/prediction_dag.py took 0.094 seconds
[2025-11-30T19:02:56.770+0000] {processor.py:161} INFO - Started process (PID=60854) to work on /opt/airflow/dags/prediction_dag.py
[2025-11-30T19:02:56.773+0000] {processor.py:830} INFO - Processing file /opt/airflow/dags/prediction_dag.py for tasks to queue
[2025-11-30T19:02:56.775+0000] {logging_mixin.py:188} INFO - [2025-11-30T19:02:56.774+0000] {dagbag.py:540} INFO - Filling up the DagBag from /opt/airflow/dags/prediction_dag.py
[2025-11-30T19:02:56.811+0000] {processor.py:840} INFO - DAG(s) 'prediction_dag' retrieved from /opt/airflow/dags/prediction_dag.py
[2025-11-30T19:02:56.848+0000] {logging_mixin.py:188} INFO - [2025-11-30T19:02:56.848+0000] {dag.py:3047} INFO - Sync 1 DAGs
[2025-11-30T19:02:56.872+0000] {logging_mixin.py:188} INFO - [2025-11-30T19:02:56.872+0000] {dag.py:3834} INFO - Setting next_dagrun for prediction_dag to 2025-11-30 19:02:00+00:00, run_after=2025-11-30 19:04:00+00:00
[2025-11-30T19:02:56.888+0000] {processor.py:183} INFO - Processing /opt/airflow/dags/prediction_dag.py took 0.131 seconds
[2025-11-30T19:03:27.190+0000] {processor.py:161} INFO - Started process (PID=60934) to work on /opt/airflow/dags/prediction_dag.py
[2025-11-30T19:03:27.193+0000] {processor.py:830} INFO - Processing file /opt/airflow/dags/prediction_dag.py for tasks to queue
[2025-11-30T19:03:27.198+0000] {logging_mixin.py:188} INFO - [2025-11-30T19:03:27.195+0000] {dagbag.py:540} INFO - Filling up the DagBag from /opt/airflow/dags/prediction_dag.py
[2025-11-30T19:03:27.215+0000] {processor.py:840} INFO - DAG(s) 'prediction_dag' retrieved from /opt/airflow/dags/prediction_dag.py
[2025-11-30T19:03:27.246+0000] {logging_mixin.py:188} INFO - [2025-11-30T19:03:27.246+0000] {dag.py:3047} INFO - Sync 1 DAGs
[2025-11-30T19:03:27.262+0000] {logging_mixin.py:188} INFO - [2025-11-30T19:03:27.262+0000] {dag.py:3834} INFO - Setting next_dagrun for prediction_dag to 2025-11-30 19:02:00+00:00, run_after=2025-11-30 19:04:00+00:00
[2025-11-30T19:03:27.271+0000] {processor.py:183} INFO - Processing /opt/airflow/dags/prediction_dag.py took 0.087 seconds
[2025-11-30T19:03:57.647+0000] {processor.py:161} INFO - Started process (PID=60952) to work on /opt/airflow/dags/prediction_dag.py
[2025-11-30T19:03:57.650+0000] {processor.py:830} INFO - Processing file /opt/airflow/dags/prediction_dag.py for tasks to queue
[2025-11-30T19:03:57.651+0000] {logging_mixin.py:188} INFO - [2025-11-30T19:03:57.650+0000] {dagbag.py:540} INFO - Filling up the DagBag from /opt/airflow/dags/prediction_dag.py
[2025-11-30T19:03:57.666+0000] {processor.py:840} INFO - DAG(s) 'prediction_dag' retrieved from /opt/airflow/dags/prediction_dag.py
[2025-11-30T19:03:57.695+0000] {logging_mixin.py:188} INFO - [2025-11-30T19:03:57.694+0000] {dag.py:3047} INFO - Sync 1 DAGs
[2025-11-30T19:03:57.709+0000] {logging_mixin.py:188} INFO - [2025-11-30T19:03:57.709+0000] {dag.py:3834} INFO - Setting next_dagrun for prediction_dag to 2025-11-30 19:02:00+00:00, run_after=2025-11-30 19:04:00+00:00
[2025-11-30T19:03:57.718+0000] {processor.py:183} INFO - Processing /opt/airflow/dags/prediction_dag.py took 0.077 seconds
[2025-11-30T19:04:28.147+0000] {processor.py:161} INFO - Started process (PID=61028) to work on /opt/airflow/dags/prediction_dag.py
[2025-11-30T19:04:28.150+0000] {processor.py:830} INFO - Processing file /opt/airflow/dags/prediction_dag.py for tasks to queue
[2025-11-30T19:04:28.151+0000] {logging_mixin.py:188} INFO - [2025-11-30T19:04:28.150+0000] {dagbag.py:540} INFO - Filling up the DagBag from /opt/airflow/dags/prediction_dag.py
[2025-11-30T19:04:28.186+0000] {processor.py:840} INFO - DAG(s) 'prediction_dag' retrieved from /opt/airflow/dags/prediction_dag.py
[2025-11-30T19:04:28.244+0000] {logging_mixin.py:188} INFO - [2025-11-30T19:04:28.244+0000] {dag.py:3047} INFO - Sync 1 DAGs
[2025-11-30T19:04:28.274+0000] {logging_mixin.py:188} INFO - [2025-11-30T19:04:28.274+0000] {dag.py:3834} INFO - Setting next_dagrun for prediction_dag to 2025-11-30 19:04:00+00:00, run_after=2025-11-30 19:06:00+00:00
[2025-11-30T19:04:28.293+0000] {processor.py:183} INFO - Processing /opt/airflow/dags/prediction_dag.py took 0.154 seconds
[2025-11-30T19:04:58.707+0000] {processor.py:161} INFO - Started process (PID=61043) to work on /opt/airflow/dags/prediction_dag.py
[2025-11-30T19:04:58.709+0000] {processor.py:830} INFO - Processing file /opt/airflow/dags/prediction_dag.py for tasks to queue
[2025-11-30T19:04:58.710+0000] {logging_mixin.py:188} INFO - [2025-11-30T19:04:58.709+0000] {dagbag.py:540} INFO - Filling up the DagBag from /opt/airflow/dags/prediction_dag.py
[2025-11-30T19:04:58.739+0000] {processor.py:840} INFO - DAG(s) 'prediction_dag' retrieved from /opt/airflow/dags/prediction_dag.py
[2025-11-30T19:04:58.786+0000] {logging_mixin.py:188} INFO - [2025-11-30T19:04:58.786+0000] {dag.py:3047} INFO - Sync 1 DAGs
[2025-11-30T19:04:58.822+0000] {logging_mixin.py:188} INFO - [2025-11-30T19:04:58.822+0000] {dag.py:3834} INFO - Setting next_dagrun for prediction_dag to 2025-11-30 19:04:00+00:00, run_after=2025-11-30 19:06:00+00:00
[2025-11-30T19:04:58.839+0000] {processor.py:183} INFO - Processing /opt/airflow/dags/prediction_dag.py took 0.141 seconds
[2025-11-30T19:05:29.071+0000] {processor.py:161} INFO - Started process (PID=61123) to work on /opt/airflow/dags/prediction_dag.py
[2025-11-30T19:05:29.076+0000] {processor.py:830} INFO - Processing file /opt/airflow/dags/prediction_dag.py for tasks to queue
[2025-11-30T19:05:29.078+0000] {logging_mixin.py:188} INFO - [2025-11-30T19:05:29.077+0000] {dagbag.py:540} INFO - Filling up the DagBag from /opt/airflow/dags/prediction_dag.py
[2025-11-30T19:05:29.108+0000] {processor.py:840} INFO - DAG(s) 'prediction_dag' retrieved from /opt/airflow/dags/prediction_dag.py
[2025-11-30T19:05:29.157+0000] {logging_mixin.py:188} INFO - [2025-11-30T19:05:29.157+0000] {dag.py:3047} INFO - Sync 1 DAGs
[2025-11-30T19:05:29.184+0000] {logging_mixin.py:188} INFO - [2025-11-30T19:05:29.184+0000] {dag.py:3834} INFO - Setting next_dagrun for prediction_dag to 2025-11-30 19:04:00+00:00, run_after=2025-11-30 19:06:00+00:00
[2025-11-30T19:05:29.197+0000] {processor.py:183} INFO - Processing /opt/airflow/dags/prediction_dag.py took 0.132 seconds
[2025-11-30T19:05:59.293+0000] {processor.py:161} INFO - Started process (PID=61141) to work on /opt/airflow/dags/prediction_dag.py
[2025-11-30T19:05:59.296+0000] {processor.py:830} INFO - Processing file /opt/airflow/dags/prediction_dag.py for tasks to queue
[2025-11-30T19:05:59.298+0000] {logging_mixin.py:188} INFO - [2025-11-30T19:05:59.297+0000] {dagbag.py:540} INFO - Filling up the DagBag from /opt/airflow/dags/prediction_dag.py
[2025-11-30T19:05:59.327+0000] {processor.py:840} INFO - DAG(s) 'prediction_dag' retrieved from /opt/airflow/dags/prediction_dag.py
[2025-11-30T19:05:59.372+0000] {logging_mixin.py:188} INFO - [2025-11-30T19:05:59.372+0000] {dag.py:3047} INFO - Sync 1 DAGs
[2025-11-30T19:05:59.398+0000] {logging_mixin.py:188} INFO - [2025-11-30T19:05:59.397+0000] {dag.py:3834} INFO - Setting next_dagrun for prediction_dag to 2025-11-30 19:04:00+00:00, run_after=2025-11-30 19:06:00+00:00
[2025-11-30T19:05:59.415+0000] {processor.py:183} INFO - Processing /opt/airflow/dags/prediction_dag.py took 0.132 seconds
[2025-11-30T19:06:29.770+0000] {processor.py:161} INFO - Started process (PID=61227) to work on /opt/airflow/dags/prediction_dag.py
[2025-11-30T19:06:29.774+0000] {processor.py:830} INFO - Processing file /opt/airflow/dags/prediction_dag.py for tasks to queue
[2025-11-30T19:06:29.775+0000] {logging_mixin.py:188} INFO - [2025-11-30T19:06:29.775+0000] {dagbag.py:540} INFO - Filling up the DagBag from /opt/airflow/dags/prediction_dag.py
[2025-11-30T19:06:29.819+0000] {processor.py:840} INFO - DAG(s) 'prediction_dag' retrieved from /opt/airflow/dags/prediction_dag.py
[2025-11-30T19:06:29.862+0000] {logging_mixin.py:188} INFO - [2025-11-30T19:06:29.862+0000] {dag.py:3047} INFO - Sync 1 DAGs
[2025-11-30T19:06:29.891+0000] {logging_mixin.py:188} INFO - [2025-11-30T19:06:29.891+0000] {dag.py:3834} INFO - Setting next_dagrun for prediction_dag to 2025-11-30 19:06:00+00:00, run_after=2025-11-30 19:08:00+00:00
[2025-11-30T19:06:29.908+0000] {processor.py:183} INFO - Processing /opt/airflow/dags/prediction_dag.py took 0.155 seconds
[2025-11-30T19:07:00.297+0000] {processor.py:161} INFO - Started process (PID=61245) to work on /opt/airflow/dags/prediction_dag.py
[2025-11-30T19:07:00.303+0000] {processor.py:830} INFO - Processing file /opt/airflow/dags/prediction_dag.py for tasks to queue
[2025-11-30T19:07:00.305+0000] {logging_mixin.py:188} INFO - [2025-11-30T19:07:00.304+0000] {dagbag.py:540} INFO - Filling up the DagBag from /opt/airflow/dags/prediction_dag.py
[2025-11-30T19:07:00.341+0000] {processor.py:840} INFO - DAG(s) 'prediction_dag' retrieved from /opt/airflow/dags/prediction_dag.py
[2025-11-30T19:07:00.390+0000] {logging_mixin.py:188} INFO - [2025-11-30T19:07:00.390+0000] {dag.py:3047} INFO - Sync 1 DAGs
[2025-11-30T19:07:00.419+0000] {logging_mixin.py:188} INFO - [2025-11-30T19:07:00.418+0000] {dag.py:3834} INFO - Setting next_dagrun for prediction_dag to 2025-11-30 19:06:00+00:00, run_after=2025-11-30 19:08:00+00:00
[2025-11-30T19:07:00.433+0000] {processor.py:183} INFO - Processing /opt/airflow/dags/prediction_dag.py took 0.147 seconds
[2025-11-30T19:07:30.842+0000] {processor.py:161} INFO - Started process (PID=61325) to work on /opt/airflow/dags/prediction_dag.py
[2025-11-30T19:07:30.846+0000] {processor.py:830} INFO - Processing file /opt/airflow/dags/prediction_dag.py for tasks to queue
[2025-11-30T19:07:30.848+0000] {logging_mixin.py:188} INFO - [2025-11-30T19:07:30.847+0000] {dagbag.py:540} INFO - Filling up the DagBag from /opt/airflow/dags/prediction_dag.py
[2025-11-30T19:07:30.878+0000] {processor.py:840} INFO - DAG(s) 'prediction_dag' retrieved from /opt/airflow/dags/prediction_dag.py
[2025-11-30T19:07:30.919+0000] {logging_mixin.py:188} INFO - [2025-11-30T19:07:30.919+0000] {dag.py:3047} INFO - Sync 1 DAGs
[2025-11-30T19:07:30.945+0000] {logging_mixin.py:188} INFO - [2025-11-30T19:07:30.945+0000] {dag.py:3834} INFO - Setting next_dagrun for prediction_dag to 2025-11-30 19:06:00+00:00, run_after=2025-11-30 19:08:00+00:00
[2025-11-30T19:07:30.961+0000] {processor.py:183} INFO - Processing /opt/airflow/dags/prediction_dag.py took 0.129 seconds
[2025-11-30T19:08:01.336+0000] {processor.py:161} INFO - Started process (PID=61345) to work on /opt/airflow/dags/prediction_dag.py
[2025-11-30T19:08:01.338+0000] {processor.py:830} INFO - Processing file /opt/airflow/dags/prediction_dag.py for tasks to queue
[2025-11-30T19:08:01.339+0000] {logging_mixin.py:188} INFO - [2025-11-30T19:08:01.339+0000] {dagbag.py:540} INFO - Filling up the DagBag from /opt/airflow/dags/prediction_dag.py
[2025-11-30T19:08:01.381+0000] {processor.py:840} INFO - DAG(s) 'prediction_dag' retrieved from /opt/airflow/dags/prediction_dag.py
[2025-11-30T19:08:01.439+0000] {logging_mixin.py:188} INFO - [2025-11-30T19:08:01.439+0000] {dag.py:3047} INFO - Sync 1 DAGs
[2025-11-30T19:08:01.478+0000] {logging_mixin.py:188} INFO - [2025-11-30T19:08:01.477+0000] {dag.py:3834} INFO - Setting next_dagrun for prediction_dag to 2025-11-30 19:08:00+00:00, run_after=2025-11-30 19:10:00+00:00
[2025-11-30T19:08:01.504+0000] {processor.py:183} INFO - Processing /opt/airflow/dags/prediction_dag.py took 0.175 seconds
[2025-11-30T19:08:31.599+0000] {processor.py:161} INFO - Started process (PID=61429) to work on /opt/airflow/dags/prediction_dag.py
[2025-11-30T19:08:31.601+0000] {processor.py:830} INFO - Processing file /opt/airflow/dags/prediction_dag.py for tasks to queue
[2025-11-30T19:08:31.603+0000] {logging_mixin.py:188} INFO - [2025-11-30T19:08:31.602+0000] {dagbag.py:540} INFO - Filling up the DagBag from /opt/airflow/dags/prediction_dag.py
[2025-11-30T19:08:31.634+0000] {processor.py:840} INFO - DAG(s) 'prediction_dag' retrieved from /opt/airflow/dags/prediction_dag.py
[2025-11-30T19:08:31.685+0000] {logging_mixin.py:188} INFO - [2025-11-30T19:08:31.685+0000] {dag.py:3047} INFO - Sync 1 DAGs
[2025-11-30T19:08:31.717+0000] {logging_mixin.py:188} INFO - [2025-11-30T19:08:31.717+0000] {dag.py:3834} INFO - Setting next_dagrun for prediction_dag to 2025-11-30 19:08:00+00:00, run_after=2025-11-30 19:10:00+00:00
[2025-11-30T19:08:31.731+0000] {processor.py:183} INFO - Processing /opt/airflow/dags/prediction_dag.py took 0.145 seconds
[2025-11-30T19:09:02.071+0000] {processor.py:161} INFO - Started process (PID=61456) to work on /opt/airflow/dags/prediction_dag.py
[2025-11-30T19:09:02.075+0000] {processor.py:830} INFO - Processing file /opt/airflow/dags/prediction_dag.py for tasks to queue
[2025-11-30T19:09:02.076+0000] {logging_mixin.py:188} INFO - [2025-11-30T19:09:02.076+0000] {dagbag.py:540} INFO - Filling up the DagBag from /opt/airflow/dags/prediction_dag.py
[2025-11-30T19:09:02.096+0000] {processor.py:840} INFO - DAG(s) 'prediction_dag' retrieved from /opt/airflow/dags/prediction_dag.py
[2025-11-30T19:09:02.142+0000] {logging_mixin.py:188} INFO - [2025-11-30T19:09:02.142+0000] {dag.py:3047} INFO - Sync 1 DAGs
[2025-11-30T19:09:02.165+0000] {logging_mixin.py:188} INFO - [2025-11-30T19:09:02.165+0000] {dag.py:3834} INFO - Setting next_dagrun for prediction_dag to 2025-11-30 19:08:00+00:00, run_after=2025-11-30 19:10:00+00:00
[2025-11-30T19:09:02.179+0000] {processor.py:183} INFO - Processing /opt/airflow/dags/prediction_dag.py took 0.114 seconds
[2025-11-30T19:09:32.441+0000] {processor.py:161} INFO - Started process (PID=61527) to work on /opt/airflow/dags/prediction_dag.py
[2025-11-30T19:09:32.442+0000] {processor.py:830} INFO - Processing file /opt/airflow/dags/prediction_dag.py for tasks to queue
[2025-11-30T19:09:32.443+0000] {logging_mixin.py:188} INFO - [2025-11-30T19:09:32.443+0000] {dagbag.py:540} INFO - Filling up the DagBag from /opt/airflow/dags/prediction_dag.py
[2025-11-30T19:09:32.465+0000] {processor.py:840} INFO - DAG(s) 'prediction_dag' retrieved from /opt/airflow/dags/prediction_dag.py
[2025-11-30T19:09:32.499+0000] {logging_mixin.py:188} INFO - [2025-11-30T19:09:32.499+0000] {dag.py:3047} INFO - Sync 1 DAGs
[2025-11-30T19:09:32.527+0000] {logging_mixin.py:188} INFO - [2025-11-30T19:09:32.527+0000] {dag.py:3834} INFO - Setting next_dagrun for prediction_dag to 2025-11-30 19:08:00+00:00, run_after=2025-11-30 19:10:00+00:00
[2025-11-30T19:09:32.542+0000] {processor.py:183} INFO - Processing /opt/airflow/dags/prediction_dag.py took 0.106 seconds
[2025-11-30T19:10:02.935+0000] {processor.py:161} INFO - Started process (PID=61560) to work on /opt/airflow/dags/prediction_dag.py
[2025-11-30T19:10:02.939+0000] {processor.py:830} INFO - Processing file /opt/airflow/dags/prediction_dag.py for tasks to queue
[2025-11-30T19:10:02.941+0000] {logging_mixin.py:188} INFO - [2025-11-30T19:10:02.940+0000] {dagbag.py:540} INFO - Filling up the DagBag from /opt/airflow/dags/prediction_dag.py
[2025-11-30T19:10:02.974+0000] {processor.py:840} INFO - DAG(s) 'prediction_dag' retrieved from /opt/airflow/dags/prediction_dag.py
[2025-11-30T19:10:03.019+0000] {logging_mixin.py:188} INFO - [2025-11-30T19:10:03.018+0000] {dag.py:3047} INFO - Sync 1 DAGs
[2025-11-30T19:10:03.049+0000] {logging_mixin.py:188} INFO - [2025-11-30T19:10:03.049+0000] {dag.py:3834} INFO - Setting next_dagrun for prediction_dag to 2025-11-30 19:10:00+00:00, run_after=2025-11-30 19:12:00+00:00
[2025-11-30T19:10:03.069+0000] {processor.py:183} INFO - Processing /opt/airflow/dags/prediction_dag.py took 0.142 seconds
[2025-11-30T19:10:33.175+0000] {processor.py:161} INFO - Started process (PID=61631) to work on /opt/airflow/dags/prediction_dag.py
[2025-11-30T19:10:33.179+0000] {processor.py:830} INFO - Processing file /opt/airflow/dags/prediction_dag.py for tasks to queue
[2025-11-30T19:10:33.181+0000] {logging_mixin.py:188} INFO - [2025-11-30T19:10:33.180+0000] {dagbag.py:540} INFO - Filling up the DagBag from /opt/airflow/dags/prediction_dag.py
[2025-11-30T19:10:33.213+0000] {processor.py:840} INFO - DAG(s) 'prediction_dag' retrieved from /opt/airflow/dags/prediction_dag.py
[2025-11-30T19:10:33.266+0000] {logging_mixin.py:188} INFO - [2025-11-30T19:10:33.266+0000] {dag.py:3047} INFO - Sync 1 DAGs
[2025-11-30T19:10:33.293+0000] {logging_mixin.py:188} INFO - [2025-11-30T19:10:33.293+0000] {dag.py:3834} INFO - Setting next_dagrun for prediction_dag to 2025-11-30 19:10:00+00:00, run_after=2025-11-30 19:12:00+00:00
[2025-11-30T19:10:33.309+0000] {processor.py:183} INFO - Processing /opt/airflow/dags/prediction_dag.py took 0.153 seconds
[2025-11-30T19:11:03.626+0000] {processor.py:161} INFO - Started process (PID=61668) to work on /opt/airflow/dags/prediction_dag.py
[2025-11-30T19:11:03.628+0000] {processor.py:830} INFO - Processing file /opt/airflow/dags/prediction_dag.py for tasks to queue
[2025-11-30T19:11:03.629+0000] {logging_mixin.py:188} INFO - [2025-11-30T19:11:03.629+0000] {dagbag.py:540} INFO - Filling up the DagBag from /opt/airflow/dags/prediction_dag.py
[2025-11-30T19:11:03.653+0000] {processor.py:840} INFO - DAG(s) 'prediction_dag' retrieved from /opt/airflow/dags/prediction_dag.py
[2025-11-30T19:11:03.690+0000] {logging_mixin.py:188} INFO - [2025-11-30T19:11:03.689+0000] {dag.py:3047} INFO - Sync 1 DAGs
[2025-11-30T19:11:03.711+0000] {logging_mixin.py:188} INFO - [2025-11-30T19:11:03.711+0000] {dag.py:3834} INFO - Setting next_dagrun for prediction_dag to 2025-11-30 19:10:00+00:00, run_after=2025-11-30 19:12:00+00:00
[2025-11-30T19:11:03.728+0000] {processor.py:183} INFO - Processing /opt/airflow/dags/prediction_dag.py took 0.106 seconds
[2025-11-30T19:11:33.838+0000] {processor.py:161} INFO - Started process (PID=61729) to work on /opt/airflow/dags/prediction_dag.py
[2025-11-30T19:11:33.841+0000] {processor.py:830} INFO - Processing file /opt/airflow/dags/prediction_dag.py for tasks to queue
[2025-11-30T19:11:33.843+0000] {logging_mixin.py:188} INFO - [2025-11-30T19:11:33.842+0000] {dagbag.py:540} INFO - Filling up the DagBag from /opt/airflow/dags/prediction_dag.py
[2025-11-30T19:11:33.867+0000] {processor.py:840} INFO - DAG(s) 'prediction_dag' retrieved from /opt/airflow/dags/prediction_dag.py
[2025-11-30T19:11:33.897+0000] {logging_mixin.py:188} INFO - [2025-11-30T19:11:33.896+0000] {dag.py:3047} INFO - Sync 1 DAGs
[2025-11-30T19:11:33.916+0000] {logging_mixin.py:188} INFO - [2025-11-30T19:11:33.915+0000] {dag.py:3834} INFO - Setting next_dagrun for prediction_dag to 2025-11-30 19:10:00+00:00, run_after=2025-11-30 19:12:00+00:00
[2025-11-30T19:11:33.928+0000] {processor.py:183} INFO - Processing /opt/airflow/dags/prediction_dag.py took 0.098 seconds
[2025-11-30T19:12:04.173+0000] {processor.py:161} INFO - Started process (PID=61764) to work on /opt/airflow/dags/prediction_dag.py
[2025-11-30T19:12:04.175+0000] {processor.py:830} INFO - Processing file /opt/airflow/dags/prediction_dag.py for tasks to queue
[2025-11-30T19:12:04.176+0000] {logging_mixin.py:188} INFO - [2025-11-30T19:12:04.176+0000] {dagbag.py:540} INFO - Filling up the DagBag from /opt/airflow/dags/prediction_dag.py
[2025-11-30T19:12:04.195+0000] {processor.py:840} INFO - DAG(s) 'prediction_dag' retrieved from /opt/airflow/dags/prediction_dag.py
[2025-11-30T19:12:04.223+0000] {logging_mixin.py:188} INFO - [2025-11-30T19:12:04.223+0000] {dag.py:3047} INFO - Sync 1 DAGs
[2025-11-30T19:12:04.243+0000] {logging_mixin.py:188} INFO - [2025-11-30T19:12:04.242+0000] {dag.py:3834} INFO - Setting next_dagrun for prediction_dag to 2025-11-30 19:12:00+00:00, run_after=2025-11-30 19:14:00+00:00
[2025-11-30T19:12:04.255+0000] {processor.py:183} INFO - Processing /opt/airflow/dags/prediction_dag.py took 0.085 seconds
[2025-11-30T19:12:34.692+0000] {processor.py:161} INFO - Started process (PID=61824) to work on /opt/airflow/dags/prediction_dag.py
[2025-11-30T19:12:34.693+0000] {processor.py:830} INFO - Processing file /opt/airflow/dags/prediction_dag.py for tasks to queue
[2025-11-30T19:12:34.694+0000] {logging_mixin.py:188} INFO - [2025-11-30T19:12:34.694+0000] {dagbag.py:540} INFO - Filling up the DagBag from /opt/airflow/dags/prediction_dag.py
[2025-11-30T19:12:34.706+0000] {processor.py:840} INFO - DAG(s) 'prediction_dag' retrieved from /opt/airflow/dags/prediction_dag.py
[2025-11-30T19:12:34.765+0000] {logging_mixin.py:188} INFO - [2025-11-30T19:12:34.765+0000] {dag.py:3047} INFO - Sync 1 DAGs
[2025-11-30T19:12:34.824+0000] {logging_mixin.py:188} INFO - [2025-11-30T19:12:34.823+0000] {dag.py:3834} INFO - Setting next_dagrun for prediction_dag to 2025-11-30 19:12:00+00:00, run_after=2025-11-30 19:14:00+00:00
[2025-11-30T19:12:34.844+0000] {processor.py:183} INFO - Processing /opt/airflow/dags/prediction_dag.py took 0.156 seconds
[2025-11-30T19:13:05.149+0000] {processor.py:161} INFO - Started process (PID=61860) to work on /opt/airflow/dags/prediction_dag.py
[2025-11-30T19:13:05.151+0000] {processor.py:830} INFO - Processing file /opt/airflow/dags/prediction_dag.py for tasks to queue
[2025-11-30T19:13:05.151+0000] {logging_mixin.py:188} INFO - [2025-11-30T19:13:05.151+0000] {dagbag.py:540} INFO - Filling up the DagBag from /opt/airflow/dags/prediction_dag.py
[2025-11-30T19:13:05.173+0000] {processor.py:840} INFO - DAG(s) 'prediction_dag' retrieved from /opt/airflow/dags/prediction_dag.py
[2025-11-30T19:13:05.201+0000] {logging_mixin.py:188} INFO - [2025-11-30T19:13:05.201+0000] {dag.py:3047} INFO - Sync 1 DAGs
[2025-11-30T19:13:05.238+0000] {logging_mixin.py:188} INFO - [2025-11-30T19:13:05.238+0000] {dag.py:3834} INFO - Setting next_dagrun for prediction_dag to 2025-11-30 19:12:00+00:00, run_after=2025-11-30 19:14:00+00:00
[2025-11-30T19:13:05.270+0000] {processor.py:183} INFO - Processing /opt/airflow/dags/prediction_dag.py took 0.124 seconds
[2025-11-30T19:13:35.635+0000] {processor.py:161} INFO - Started process (PID=61918) to work on /opt/airflow/dags/prediction_dag.py
[2025-11-30T19:13:35.639+0000] {processor.py:830} INFO - Processing file /opt/airflow/dags/prediction_dag.py for tasks to queue
[2025-11-30T19:13:35.640+0000] {logging_mixin.py:188} INFO - [2025-11-30T19:13:35.640+0000] {dagbag.py:540} INFO - Filling up the DagBag from /opt/airflow/dags/prediction_dag.py
[2025-11-30T19:13:35.674+0000] {processor.py:840} INFO - DAG(s) 'prediction_dag' retrieved from /opt/airflow/dags/prediction_dag.py
[2025-11-30T19:13:35.726+0000] {logging_mixin.py:188} INFO - [2025-11-30T19:13:35.726+0000] {dag.py:3047} INFO - Sync 1 DAGs
[2025-11-30T19:13:35.756+0000] {logging_mixin.py:188} INFO - [2025-11-30T19:13:35.756+0000] {dag.py:3834} INFO - Setting next_dagrun for prediction_dag to 2025-11-30 19:12:00+00:00, run_after=2025-11-30 19:14:00+00:00
[2025-11-30T19:13:35.771+0000] {processor.py:183} INFO - Processing /opt/airflow/dags/prediction_dag.py took 0.149 seconds
[2025-11-30T19:14:06.102+0000] {processor.py:161} INFO - Started process (PID=61971) to work on /opt/airflow/dags/prediction_dag.py
[2025-11-30T19:14:06.104+0000] {processor.py:830} INFO - Processing file /opt/airflow/dags/prediction_dag.py for tasks to queue
[2025-11-30T19:14:06.104+0000] {logging_mixin.py:188} INFO - [2025-11-30T19:14:06.104+0000] {dagbag.py:540} INFO - Filling up the DagBag from /opt/airflow/dags/prediction_dag.py
[2025-11-30T19:14:06.117+0000] {processor.py:840} INFO - DAG(s) 'prediction_dag' retrieved from /opt/airflow/dags/prediction_dag.py
[2025-11-30T19:14:06.144+0000] {logging_mixin.py:188} INFO - [2025-11-30T19:14:06.144+0000] {dag.py:3047} INFO - Sync 1 DAGs
[2025-11-30T19:14:06.160+0000] {logging_mixin.py:188} INFO - [2025-11-30T19:14:06.160+0000] {dag.py:3834} INFO - Setting next_dagrun for prediction_dag to 2025-11-30 19:14:00+00:00, run_after=2025-11-30 19:16:00+00:00
[2025-11-30T19:14:06.171+0000] {processor.py:183} INFO - Processing /opt/airflow/dags/prediction_dag.py took 0.073 seconds
[2025-11-30T19:14:36.409+0000] {processor.py:161} INFO - Started process (PID=62022) to work on /opt/airflow/dags/prediction_dag.py
[2025-11-30T19:14:36.412+0000] {processor.py:830} INFO - Processing file /opt/airflow/dags/prediction_dag.py for tasks to queue
[2025-11-30T19:14:36.413+0000] {logging_mixin.py:188} INFO - [2025-11-30T19:14:36.413+0000] {dagbag.py:540} INFO - Filling up the DagBag from /opt/airflow/dags/prediction_dag.py
[2025-11-30T19:14:36.451+0000] {processor.py:840} INFO - DAG(s) 'prediction_dag' retrieved from /opt/airflow/dags/prediction_dag.py
[2025-11-30T19:14:36.497+0000] {logging_mixin.py:188} INFO - [2025-11-30T19:14:36.497+0000] {dag.py:3047} INFO - Sync 1 DAGs
[2025-11-30T19:14:36.524+0000] {logging_mixin.py:188} INFO - [2025-11-30T19:14:36.524+0000] {dag.py:3834} INFO - Setting next_dagrun for prediction_dag to 2025-11-30 19:14:00+00:00, run_after=2025-11-30 19:16:00+00:00
[2025-11-30T19:14:36.539+0000] {processor.py:183} INFO - Processing /opt/airflow/dags/prediction_dag.py took 0.140 seconds
[2025-11-30T19:15:06.849+0000] {processor.py:161} INFO - Started process (PID=62069) to work on /opt/airflow/dags/prediction_dag.py
[2025-11-30T19:15:06.851+0000] {processor.py:830} INFO - Processing file /opt/airflow/dags/prediction_dag.py for tasks to queue
[2025-11-30T19:15:06.852+0000] {logging_mixin.py:188} INFO - [2025-11-30T19:15:06.852+0000] {dagbag.py:540} INFO - Filling up the DagBag from /opt/airflow/dags/prediction_dag.py
[2025-11-30T19:15:06.871+0000] {processor.py:840} INFO - DAG(s) 'prediction_dag' retrieved from /opt/airflow/dags/prediction_dag.py
[2025-11-30T19:15:06.902+0000] {logging_mixin.py:188} INFO - [2025-11-30T19:15:06.902+0000] {dag.py:3047} INFO - Sync 1 DAGs
[2025-11-30T19:15:06.920+0000] {logging_mixin.py:188} INFO - [2025-11-30T19:15:06.920+0000] {dag.py:3834} INFO - Setting next_dagrun for prediction_dag to 2025-11-30 19:14:00+00:00, run_after=2025-11-30 19:16:00+00:00
[2025-11-30T19:15:06.934+0000] {processor.py:183} INFO - Processing /opt/airflow/dags/prediction_dag.py took 0.093 seconds
[2025-11-30T19:15:37.142+0000] {processor.py:161} INFO - Started process (PID=62120) to work on /opt/airflow/dags/prediction_dag.py
[2025-11-30T19:15:37.146+0000] {processor.py:830} INFO - Processing file /opt/airflow/dags/prediction_dag.py for tasks to queue
[2025-11-30T19:15:37.148+0000] {logging_mixin.py:188} INFO - [2025-11-30T19:15:37.147+0000] {dagbag.py:540} INFO - Filling up the DagBag from /opt/airflow/dags/prediction_dag.py
[2025-11-30T19:15:37.184+0000] {processor.py:840} INFO - DAG(s) 'prediction_dag' retrieved from /opt/airflow/dags/prediction_dag.py
[2025-11-30T19:15:37.244+0000] {logging_mixin.py:188} INFO - [2025-11-30T19:15:37.243+0000] {dag.py:3047} INFO - Sync 1 DAGs
[2025-11-30T19:15:37.275+0000] {logging_mixin.py:188} INFO - [2025-11-30T19:15:37.275+0000] {dag.py:3834} INFO - Setting next_dagrun for prediction_dag to 2025-11-30 19:14:00+00:00, run_after=2025-11-30 19:16:00+00:00
[2025-11-30T19:15:37.289+0000] {processor.py:183} INFO - Processing /opt/airflow/dags/prediction_dag.py took 0.159 seconds
[2025-11-30T19:16:07.476+0000] {processor.py:161} INFO - Started process (PID=62176) to work on /opt/airflow/dags/prediction_dag.py
[2025-11-30T19:16:07.478+0000] {processor.py:830} INFO - Processing file /opt/airflow/dags/prediction_dag.py for tasks to queue
[2025-11-30T19:16:07.479+0000] {logging_mixin.py:188} INFO - [2025-11-30T19:16:07.479+0000] {dagbag.py:540} INFO - Filling up the DagBag from /opt/airflow/dags/prediction_dag.py
[2025-11-30T19:16:07.508+0000] {processor.py:840} INFO - DAG(s) 'prediction_dag' retrieved from /opt/airflow/dags/prediction_dag.py
[2025-11-30T19:16:07.534+0000] {logging_mixin.py:188} INFO - [2025-11-30T19:16:07.534+0000] {dag.py:3047} INFO - Sync 1 DAGs
[2025-11-30T19:16:07.551+0000] {logging_mixin.py:188} INFO - [2025-11-30T19:16:07.551+0000] {dag.py:3834} INFO - Setting next_dagrun for prediction_dag to 2025-11-30 19:16:00+00:00, run_after=2025-11-30 19:18:00+00:00
[2025-11-30T19:16:07.565+0000] {processor.py:183} INFO - Processing /opt/airflow/dags/prediction_dag.py took 0.095 seconds
[2025-11-30T19:16:38.032+0000] {processor.py:161} INFO - Started process (PID=62224) to work on /opt/airflow/dags/prediction_dag.py
[2025-11-30T19:16:38.034+0000] {processor.py:830} INFO - Processing file /opt/airflow/dags/prediction_dag.py for tasks to queue
[2025-11-30T19:16:38.036+0000] {logging_mixin.py:188} INFO - [2025-11-30T19:16:38.035+0000] {dagbag.py:540} INFO - Filling up the DagBag from /opt/airflow/dags/prediction_dag.py
[2025-11-30T19:16:38.067+0000] {processor.py:840} INFO - DAG(s) 'prediction_dag' retrieved from /opt/airflow/dags/prediction_dag.py
[2025-11-30T19:16:38.117+0000] {logging_mixin.py:188} INFO - [2025-11-30T19:16:38.116+0000] {dag.py:3047} INFO - Sync 1 DAGs
[2025-11-30T19:16:38.145+0000] {logging_mixin.py:188} INFO - [2025-11-30T19:16:38.145+0000] {dag.py:3834} INFO - Setting next_dagrun for prediction_dag to 2025-11-30 19:16:00+00:00, run_after=2025-11-30 19:18:00+00:00
[2025-11-30T19:16:38.159+0000] {processor.py:183} INFO - Processing /opt/airflow/dags/prediction_dag.py took 0.139 seconds
[2025-11-30T19:17:08.457+0000] {processor.py:161} INFO - Started process (PID=62280) to work on /opt/airflow/dags/prediction_dag.py
[2025-11-30T19:17:08.459+0000] {processor.py:830} INFO - Processing file /opt/airflow/dags/prediction_dag.py for tasks to queue
[2025-11-30T19:17:08.461+0000] {logging_mixin.py:188} INFO - [2025-11-30T19:17:08.460+0000] {dagbag.py:540} INFO - Filling up the DagBag from /opt/airflow/dags/prediction_dag.py
[2025-11-30T19:17:08.480+0000] {processor.py:840} INFO - DAG(s) 'prediction_dag' retrieved from /opt/airflow/dags/prediction_dag.py
[2025-11-30T19:17:08.520+0000] {logging_mixin.py:188} INFO - [2025-11-30T19:17:08.520+0000] {dag.py:3047} INFO - Sync 1 DAGs
[2025-11-30T19:17:08.543+0000] {logging_mixin.py:188} INFO - [2025-11-30T19:17:08.543+0000] {dag.py:3834} INFO - Setting next_dagrun for prediction_dag to 2025-11-30 19:16:00+00:00, run_after=2025-11-30 19:18:00+00:00
[2025-11-30T19:17:08.559+0000] {processor.py:183} INFO - Processing /opt/airflow/dags/prediction_dag.py took 0.106 seconds
[2025-11-30T19:17:38.918+0000] {processor.py:161} INFO - Started process (PID=62322) to work on /opt/airflow/dags/prediction_dag.py
[2025-11-30T19:17:38.920+0000] {processor.py:830} INFO - Processing file /opt/airflow/dags/prediction_dag.py for tasks to queue
[2025-11-30T19:17:38.922+0000] {logging_mixin.py:188} INFO - [2025-11-30T19:17:38.921+0000] {dagbag.py:540} INFO - Filling up the DagBag from /opt/airflow/dags/prediction_dag.py
[2025-11-30T19:17:38.949+0000] {processor.py:840} INFO - DAG(s) 'prediction_dag' retrieved from /opt/airflow/dags/prediction_dag.py
[2025-11-30T19:17:38.992+0000] {logging_mixin.py:188} INFO - [2025-11-30T19:17:38.992+0000] {dag.py:3047} INFO - Sync 1 DAGs
[2025-11-30T19:17:39.016+0000] {logging_mixin.py:188} INFO - [2025-11-30T19:17:39.015+0000] {dag.py:3834} INFO - Setting next_dagrun for prediction_dag to 2025-11-30 19:16:00+00:00, run_after=2025-11-30 19:18:00+00:00
[2025-11-30T19:17:39.028+0000] {processor.py:183} INFO - Processing /opt/airflow/dags/prediction_dag.py took 0.121 seconds
[2025-11-30T19:18:09.526+0000] {processor.py:161} INFO - Started process (PID=62384) to work on /opt/airflow/dags/prediction_dag.py
[2025-11-30T19:18:09.529+0000] {processor.py:830} INFO - Processing file /opt/airflow/dags/prediction_dag.py for tasks to queue
[2025-11-30T19:18:09.539+0000] {logging_mixin.py:188} INFO - [2025-11-30T19:18:09.533+0000] {dagbag.py:540} INFO - Filling up the DagBag from /opt/airflow/dags/prediction_dag.py
[2025-11-30T19:18:09.598+0000] {processor.py:840} INFO - DAG(s) 'prediction_dag' retrieved from /opt/airflow/dags/prediction_dag.py
[2025-11-30T19:18:09.673+0000] {logging_mixin.py:188} INFO - [2025-11-30T19:18:09.673+0000] {dag.py:3047} INFO - Sync 1 DAGs
[2025-11-30T19:18:09.713+0000] {logging_mixin.py:188} INFO - [2025-11-30T19:18:09.713+0000] {dag.py:3834} INFO - Setting next_dagrun for prediction_dag to 2025-11-30 19:18:00+00:00, run_after=2025-11-30 19:20:00+00:00
[2025-11-30T19:18:09.738+0000] {processor.py:183} INFO - Processing /opt/airflow/dags/prediction_dag.py took 0.227 seconds
[2025-11-30T19:18:39.903+0000] {processor.py:161} INFO - Started process (PID=62426) to work on /opt/airflow/dags/prediction_dag.py
[2025-11-30T19:18:39.905+0000] {processor.py:830} INFO - Processing file /opt/airflow/dags/prediction_dag.py for tasks to queue
[2025-11-30T19:18:39.909+0000] {logging_mixin.py:188} INFO - [2025-11-30T19:18:39.907+0000] {dagbag.py:540} INFO - Filling up the DagBag from /opt/airflow/dags/prediction_dag.py
[2025-11-30T19:18:39.933+0000] {processor.py:840} INFO - DAG(s) 'prediction_dag' retrieved from /opt/airflow/dags/prediction_dag.py
[2025-11-30T19:18:39.969+0000] {logging_mixin.py:188} INFO - [2025-11-30T19:18:39.969+0000] {dag.py:3047} INFO - Sync 1 DAGs
[2025-11-30T19:18:39.989+0000] {logging_mixin.py:188} INFO - [2025-11-30T19:18:39.989+0000] {dag.py:3834} INFO - Setting next_dagrun for prediction_dag to 2025-11-30 19:18:00+00:00, run_after=2025-11-30 19:20:00+00:00
[2025-11-30T19:18:40.006+0000] {processor.py:183} INFO - Processing /opt/airflow/dags/prediction_dag.py took 0.111 seconds
[2025-11-30T19:19:10.155+0000] {processor.py:161} INFO - Started process (PID=62479) to work on /opt/airflow/dags/prediction_dag.py
[2025-11-30T19:19:10.157+0000] {processor.py:830} INFO - Processing file /opt/airflow/dags/prediction_dag.py for tasks to queue
[2025-11-30T19:19:10.160+0000] {logging_mixin.py:188} INFO - [2025-11-30T19:19:10.158+0000] {dagbag.py:540} INFO - Filling up the DagBag from /opt/airflow/dags/prediction_dag.py
[2025-11-30T19:19:10.186+0000] {processor.py:840} INFO - DAG(s) 'prediction_dag' retrieved from /opt/airflow/dags/prediction_dag.py
[2025-11-30T19:19:10.230+0000] {logging_mixin.py:188} INFO - [2025-11-30T19:19:10.229+0000] {dag.py:3047} INFO - Sync 1 DAGs
[2025-11-30T19:19:10.254+0000] {logging_mixin.py:188} INFO - [2025-11-30T19:19:10.253+0000] {dag.py:3834} INFO - Setting next_dagrun for prediction_dag to 2025-11-30 19:18:00+00:00, run_after=2025-11-30 19:20:00+00:00
[2025-11-30T19:19:10.272+0000] {processor.py:183} INFO - Processing /opt/airflow/dags/prediction_dag.py took 0.123 seconds
[2025-11-30T19:19:40.577+0000] {processor.py:161} INFO - Started process (PID=62524) to work on /opt/airflow/dags/prediction_dag.py
[2025-11-30T19:19:40.580+0000] {processor.py:830} INFO - Processing file /opt/airflow/dags/prediction_dag.py for tasks to queue
[2025-11-30T19:19:40.582+0000] {logging_mixin.py:188} INFO - [2025-11-30T19:19:40.581+0000] {dagbag.py:540} INFO - Filling up the DagBag from /opt/airflow/dags/prediction_dag.py
[2025-11-30T19:19:40.605+0000] {processor.py:840} INFO - DAG(s) 'prediction_dag' retrieved from /opt/airflow/dags/prediction_dag.py
[2025-11-30T19:19:40.644+0000] {logging_mixin.py:188} INFO - [2025-11-30T19:19:40.643+0000] {dag.py:3047} INFO - Sync 1 DAGs
[2025-11-30T19:19:40.679+0000] {logging_mixin.py:188} INFO - [2025-11-30T19:19:40.679+0000] {dag.py:3834} INFO - Setting next_dagrun for prediction_dag to 2025-11-30 19:18:00+00:00, run_after=2025-11-30 19:20:00+00:00
[2025-11-30T19:19:40.690+0000] {processor.py:183} INFO - Processing /opt/airflow/dags/prediction_dag.py took 0.122 seconds
[2025-11-30T19:20:10.944+0000] {processor.py:161} INFO - Started process (PID=62610) to work on /opt/airflow/dags/prediction_dag.py
[2025-11-30T19:20:10.946+0000] {processor.py:830} INFO - Processing file /opt/airflow/dags/prediction_dag.py for tasks to queue
[2025-11-30T19:20:10.947+0000] {logging_mixin.py:188} INFO - [2025-11-30T19:20:10.947+0000] {dagbag.py:540} INFO - Filling up the DagBag from /opt/airflow/dags/prediction_dag.py
[2025-11-30T19:20:10.969+0000] {processor.py:840} INFO - DAG(s) 'prediction_dag' retrieved from /opt/airflow/dags/prediction_dag.py
[2025-11-30T19:20:11.003+0000] {logging_mixin.py:188} INFO - [2025-11-30T19:20:11.003+0000] {dag.py:3047} INFO - Sync 1 DAGs
[2025-11-30T19:20:11.023+0000] {logging_mixin.py:188} INFO - [2025-11-30T19:20:11.023+0000] {dag.py:3834} INFO - Setting next_dagrun for prediction_dag to 2025-11-30 19:20:00+00:00, run_after=2025-11-30 19:22:00+00:00
[2025-11-30T19:20:11.036+0000] {processor.py:183} INFO - Processing /opt/airflow/dags/prediction_dag.py took 0.098 seconds
[2025-11-30T19:20:41.371+0000] {processor.py:161} INFO - Started process (PID=62618) to work on /opt/airflow/dags/prediction_dag.py
[2025-11-30T19:20:41.372+0000] {processor.py:830} INFO - Processing file /opt/airflow/dags/prediction_dag.py for tasks to queue
[2025-11-30T19:20:41.374+0000] {logging_mixin.py:188} INFO - [2025-11-30T19:20:41.373+0000] {dagbag.py:540} INFO - Filling up the DagBag from /opt/airflow/dags/prediction_dag.py
[2025-11-30T19:20:41.412+0000] {processor.py:840} INFO - DAG(s) 'prediction_dag' retrieved from /opt/airflow/dags/prediction_dag.py
[2025-11-30T19:20:41.455+0000] {logging_mixin.py:188} INFO - [2025-11-30T19:20:41.455+0000] {dag.py:3047} INFO - Sync 1 DAGs
[2025-11-30T19:20:41.485+0000] {logging_mixin.py:188} INFO - [2025-11-30T19:20:41.485+0000] {dag.py:3834} INFO - Setting next_dagrun for prediction_dag to 2025-11-30 19:20:00+00:00, run_after=2025-11-30 19:22:00+00:00
[2025-11-30T19:20:41.502+0000] {processor.py:183} INFO - Processing /opt/airflow/dags/prediction_dag.py took 0.136 seconds
[2025-11-30T19:21:11.566+0000] {processor.py:161} INFO - Started process (PID=62695) to work on /opt/airflow/dags/prediction_dag.py
[2025-11-30T19:21:11.568+0000] {processor.py:830} INFO - Processing file /opt/airflow/dags/prediction_dag.py for tasks to queue
[2025-11-30T19:21:11.569+0000] {logging_mixin.py:188} INFO - [2025-11-30T19:21:11.569+0000] {dagbag.py:540} INFO - Filling up the DagBag from /opt/airflow/dags/prediction_dag.py
[2025-11-30T19:21:11.608+0000] {processor.py:840} INFO - DAG(s) 'prediction_dag' retrieved from /opt/airflow/dags/prediction_dag.py
[2025-11-30T19:21:11.656+0000] {logging_mixin.py:188} INFO - [2025-11-30T19:21:11.656+0000] {dag.py:3047} INFO - Sync 1 DAGs
[2025-11-30T19:21:11.680+0000] {logging_mixin.py:188} INFO - [2025-11-30T19:21:11.680+0000] {dag.py:3834} INFO - Setting next_dagrun for prediction_dag to 2025-11-30 19:20:00+00:00, run_after=2025-11-30 19:22:00+00:00
[2025-11-30T19:21:11.699+0000] {processor.py:183} INFO - Processing /opt/airflow/dags/prediction_dag.py took 0.145 seconds
[2025-11-30T19:21:42.127+0000] {processor.py:161} INFO - Started process (PID=62713) to work on /opt/airflow/dags/prediction_dag.py
[2025-11-30T19:21:42.131+0000] {processor.py:830} INFO - Processing file /opt/airflow/dags/prediction_dag.py for tasks to queue
[2025-11-30T19:21:42.133+0000] {logging_mixin.py:188} INFO - [2025-11-30T19:21:42.132+0000] {dagbag.py:540} INFO - Filling up the DagBag from /opt/airflow/dags/prediction_dag.py
[2025-11-30T19:21:42.164+0000] {processor.py:840} INFO - DAG(s) 'prediction_dag' retrieved from /opt/airflow/dags/prediction_dag.py
[2025-11-30T19:21:42.217+0000] {logging_mixin.py:188} INFO - [2025-11-30T19:21:42.216+0000] {dag.py:3047} INFO - Sync 1 DAGs
[2025-11-30T19:21:42.246+0000] {logging_mixin.py:188} INFO - [2025-11-30T19:21:42.245+0000] {dag.py:3834} INFO - Setting next_dagrun for prediction_dag to 2025-11-30 19:20:00+00:00, run_after=2025-11-30 19:22:00+00:00
[2025-11-30T19:21:42.259+0000] {processor.py:183} INFO - Processing /opt/airflow/dags/prediction_dag.py took 0.152 seconds
[2025-11-30T19:22:12.579+0000] {processor.py:161} INFO - Started process (PID=62799) to work on /opt/airflow/dags/prediction_dag.py
[2025-11-30T19:22:12.582+0000] {processor.py:830} INFO - Processing file /opt/airflow/dags/prediction_dag.py for tasks to queue
[2025-11-30T19:22:12.583+0000] {logging_mixin.py:188} INFO - [2025-11-30T19:22:12.583+0000] {dagbag.py:540} INFO - Filling up the DagBag from /opt/airflow/dags/prediction_dag.py
[2025-11-30T19:22:12.612+0000] {processor.py:840} INFO - DAG(s) 'prediction_dag' retrieved from /opt/airflow/dags/prediction_dag.py
[2025-11-30T19:22:12.657+0000] {logging_mixin.py:188} INFO - [2025-11-30T19:22:12.657+0000] {dag.py:3047} INFO - Sync 1 DAGs
[2025-11-30T19:22:12.685+0000] {logging_mixin.py:188} INFO - [2025-11-30T19:22:12.684+0000] {dag.py:3834} INFO - Setting next_dagrun for prediction_dag to 2025-11-30 19:22:00+00:00, run_after=2025-11-30 19:24:00+00:00
[2025-11-30T19:22:12.697+0000] {processor.py:183} INFO - Processing /opt/airflow/dags/prediction_dag.py took 0.127 seconds
[2025-11-30T19:22:42.806+0000] {processor.py:161} INFO - Started process (PID=62817) to work on /opt/airflow/dags/prediction_dag.py
[2025-11-30T19:22:42.810+0000] {processor.py:830} INFO - Processing file /opt/airflow/dags/prediction_dag.py for tasks to queue
[2025-11-30T19:22:42.813+0000] {logging_mixin.py:188} INFO - [2025-11-30T19:22:42.812+0000] {dagbag.py:540} INFO - Filling up the DagBag from /opt/airflow/dags/prediction_dag.py
[2025-11-30T19:22:42.836+0000] {processor.py:840} INFO - DAG(s) 'prediction_dag' retrieved from /opt/airflow/dags/prediction_dag.py
[2025-11-30T19:22:42.882+0000] {logging_mixin.py:188} INFO - [2025-11-30T19:22:42.882+0000] {dag.py:3047} INFO - Sync 1 DAGs
[2025-11-30T19:22:42.905+0000] {logging_mixin.py:188} INFO - [2025-11-30T19:22:42.905+0000] {dag.py:3834} INFO - Setting next_dagrun for prediction_dag to 2025-11-30 19:22:00+00:00, run_after=2025-11-30 19:24:00+00:00
[2025-11-30T19:22:42.920+0000] {processor.py:183} INFO - Processing /opt/airflow/dags/prediction_dag.py took 0.129 seconds
[2025-11-30T19:23:13.233+0000] {processor.py:161} INFO - Started process (PID=62897) to work on /opt/airflow/dags/prediction_dag.py
[2025-11-30T19:23:13.235+0000] {processor.py:830} INFO - Processing file /opt/airflow/dags/prediction_dag.py for tasks to queue
[2025-11-30T19:23:13.236+0000] {logging_mixin.py:188} INFO - [2025-11-30T19:23:13.235+0000] {dagbag.py:540} INFO - Filling up the DagBag from /opt/airflow/dags/prediction_dag.py
[2025-11-30T19:23:13.259+0000] {processor.py:840} INFO - DAG(s) 'prediction_dag' retrieved from /opt/airflow/dags/prediction_dag.py
[2025-11-30T19:23:13.299+0000] {logging_mixin.py:188} INFO - [2025-11-30T19:23:13.299+0000] {dag.py:3047} INFO - Sync 1 DAGs
[2025-11-30T19:23:13.323+0000] {logging_mixin.py:188} INFO - [2025-11-30T19:23:13.323+0000] {dag.py:3834} INFO - Setting next_dagrun for prediction_dag to 2025-11-30 19:22:00+00:00, run_after=2025-11-30 19:24:00+00:00
[2025-11-30T19:23:13.338+0000] {processor.py:183} INFO - Processing /opt/airflow/dags/prediction_dag.py took 0.112 seconds
[2025-11-30T19:23:43.682+0000] {processor.py:161} INFO - Started process (PID=62915) to work on /opt/airflow/dags/prediction_dag.py
[2025-11-30T19:23:43.685+0000] {processor.py:830} INFO - Processing file /opt/airflow/dags/prediction_dag.py for tasks to queue
[2025-11-30T19:23:43.687+0000] {logging_mixin.py:188} INFO - [2025-11-30T19:23:43.686+0000] {dagbag.py:540} INFO - Filling up the DagBag from /opt/airflow/dags/prediction_dag.py
[2025-11-30T19:23:43.725+0000] {processor.py:840} INFO - DAG(s) 'prediction_dag' retrieved from /opt/airflow/dags/prediction_dag.py
[2025-11-30T19:23:43.776+0000] {logging_mixin.py:188} INFO - [2025-11-30T19:23:43.776+0000] {dag.py:3047} INFO - Sync 1 DAGs
[2025-11-30T19:23:43.804+0000] {logging_mixin.py:188} INFO - [2025-11-30T19:23:43.803+0000] {dag.py:3834} INFO - Setting next_dagrun for prediction_dag to 2025-11-30 19:22:00+00:00, run_after=2025-11-30 19:24:00+00:00
[2025-11-30T19:23:43.818+0000] {processor.py:183} INFO - Processing /opt/airflow/dags/prediction_dag.py took 0.152 seconds
[2025-11-30T19:24:13.924+0000] {processor.py:161} INFO - Started process (PID=63001) to work on /opt/airflow/dags/prediction_dag.py
[2025-11-30T19:24:13.926+0000] {processor.py:830} INFO - Processing file /opt/airflow/dags/prediction_dag.py for tasks to queue
[2025-11-30T19:24:13.928+0000] {logging_mixin.py:188} INFO - [2025-11-30T19:24:13.927+0000] {dagbag.py:540} INFO - Filling up the DagBag from /opt/airflow/dags/prediction_dag.py
[2025-11-30T19:24:13.960+0000] {processor.py:840} INFO - DAG(s) 'prediction_dag' retrieved from /opt/airflow/dags/prediction_dag.py
[2025-11-30T19:24:14.010+0000] {logging_mixin.py:188} INFO - [2025-11-30T19:24:14.010+0000] {dag.py:3047} INFO - Sync 1 DAGs
[2025-11-30T19:24:14.034+0000] {logging_mixin.py:188} INFO - [2025-11-30T19:24:14.034+0000] {dag.py:3834} INFO - Setting next_dagrun for prediction_dag to 2025-11-30 19:24:00+00:00, run_after=2025-11-30 19:26:00+00:00
[2025-11-30T19:24:14.047+0000] {processor.py:183} INFO - Processing /opt/airflow/dags/prediction_dag.py took 0.138 seconds
[2025-11-30T19:24:44.368+0000] {processor.py:161} INFO - Started process (PID=63019) to work on /opt/airflow/dags/prediction_dag.py
[2025-11-30T19:24:44.371+0000] {processor.py:830} INFO - Processing file /opt/airflow/dags/prediction_dag.py for tasks to queue
[2025-11-30T19:24:44.372+0000] {logging_mixin.py:188} INFO - [2025-11-30T19:24:44.371+0000] {dagbag.py:540} INFO - Filling up the DagBag from /opt/airflow/dags/prediction_dag.py
[2025-11-30T19:24:44.402+0000] {processor.py:840} INFO - DAG(s) 'prediction_dag' retrieved from /opt/airflow/dags/prediction_dag.py
[2025-11-30T19:24:44.440+0000] {logging_mixin.py:188} INFO - [2025-11-30T19:24:44.440+0000] {dag.py:3047} INFO - Sync 1 DAGs
[2025-11-30T19:24:44.468+0000] {logging_mixin.py:188} INFO - [2025-11-30T19:24:44.468+0000] {dag.py:3834} INFO - Setting next_dagrun for prediction_dag to 2025-11-30 19:24:00+00:00, run_after=2025-11-30 19:26:00+00:00
[2025-11-30T19:24:44.482+0000] {processor.py:183} INFO - Processing /opt/airflow/dags/prediction_dag.py took 0.130 seconds
[2025-11-30T19:25:14.950+0000] {processor.py:161} INFO - Started process (PID=63099) to work on /opt/airflow/dags/prediction_dag.py
[2025-11-30T19:25:14.952+0000] {processor.py:830} INFO - Processing file /opt/airflow/dags/prediction_dag.py for tasks to queue
[2025-11-30T19:25:14.953+0000] {logging_mixin.py:188} INFO - [2025-11-30T19:25:14.953+0000] {dagbag.py:540} INFO - Filling up the DagBag from /opt/airflow/dags/prediction_dag.py
[2025-11-30T19:25:14.997+0000] {processor.py:840} INFO - DAG(s) 'prediction_dag' retrieved from /opt/airflow/dags/prediction_dag.py
[2025-11-30T19:25:15.063+0000] {logging_mixin.py:188} INFO - [2025-11-30T19:25:15.063+0000] {dag.py:3047} INFO - Sync 1 DAGs
[2025-11-30T19:25:15.101+0000] {logging_mixin.py:188} INFO - [2025-11-30T19:25:15.101+0000] {dag.py:3834} INFO - Setting next_dagrun for prediction_dag to 2025-11-30 19:24:00+00:00, run_after=2025-11-30 19:26:00+00:00
[2025-11-30T19:25:15.120+0000] {processor.py:183} INFO - Processing /opt/airflow/dags/prediction_dag.py took 0.180 seconds
[2025-11-30T19:25:45.530+0000] {processor.py:161} INFO - Started process (PID=63117) to work on /opt/airflow/dags/prediction_dag.py
[2025-11-30T19:25:45.532+0000] {processor.py:830} INFO - Processing file /opt/airflow/dags/prediction_dag.py for tasks to queue
[2025-11-30T19:25:45.536+0000] {logging_mixin.py:188} INFO - [2025-11-30T19:25:45.533+0000] {dagbag.py:540} INFO - Filling up the DagBag from /opt/airflow/dags/prediction_dag.py
[2025-11-30T19:25:45.573+0000] {processor.py:840} INFO - DAG(s) 'prediction_dag' retrieved from /opt/airflow/dags/prediction_dag.py
[2025-11-30T19:25:45.601+0000] {logging_mixin.py:188} INFO - [2025-11-30T19:25:45.601+0000] {dag.py:3047} INFO - Sync 1 DAGs
[2025-11-30T19:25:45.629+0000] {logging_mixin.py:188} INFO - [2025-11-30T19:25:45.629+0000] {dag.py:3834} INFO - Setting next_dagrun for prediction_dag to 2025-11-30 19:24:00+00:00, run_after=2025-11-30 19:26:00+00:00
[2025-11-30T19:25:45.641+0000] {processor.py:183} INFO - Processing /opt/airflow/dags/prediction_dag.py took 0.122 seconds
[2025-11-30T19:26:15.949+0000] {processor.py:161} INFO - Started process (PID=63203) to work on /opt/airflow/dags/prediction_dag.py
[2025-11-30T19:26:15.951+0000] {processor.py:830} INFO - Processing file /opt/airflow/dags/prediction_dag.py for tasks to queue
[2025-11-30T19:26:15.952+0000] {logging_mixin.py:188} INFO - [2025-11-30T19:26:15.952+0000] {dagbag.py:540} INFO - Filling up the DagBag from /opt/airflow/dags/prediction_dag.py
[2025-11-30T19:26:15.977+0000] {processor.py:840} INFO - DAG(s) 'prediction_dag' retrieved from /opt/airflow/dags/prediction_dag.py
[2025-11-30T19:26:16.015+0000] {logging_mixin.py:188} INFO - [2025-11-30T19:26:16.014+0000] {dag.py:3047} INFO - Sync 1 DAGs
[2025-11-30T19:26:16.034+0000] {logging_mixin.py:188} INFO - [2025-11-30T19:26:16.034+0000] {dag.py:3834} INFO - Setting next_dagrun for prediction_dag to 2025-11-30 19:26:00+00:00, run_after=2025-11-30 19:28:00+00:00
[2025-11-30T19:26:16.050+0000] {processor.py:183} INFO - Processing /opt/airflow/dags/prediction_dag.py took 0.109 seconds
[2025-11-30T19:26:46.358+0000] {processor.py:161} INFO - Started process (PID=63221) to work on /opt/airflow/dags/prediction_dag.py
[2025-11-30T19:26:46.360+0000] {processor.py:830} INFO - Processing file /opt/airflow/dags/prediction_dag.py for tasks to queue
[2025-11-30T19:26:46.361+0000] {logging_mixin.py:188} INFO - [2025-11-30T19:26:46.361+0000] {dagbag.py:540} INFO - Filling up the DagBag from /opt/airflow/dags/prediction_dag.py
[2025-11-30T19:26:46.385+0000] {processor.py:840} INFO - DAG(s) 'prediction_dag' retrieved from /opt/airflow/dags/prediction_dag.py
[2025-11-30T19:26:46.414+0000] {logging_mixin.py:188} INFO - [2025-11-30T19:26:46.414+0000] {dag.py:3047} INFO - Sync 1 DAGs
[2025-11-30T19:26:46.430+0000] {logging_mixin.py:188} INFO - [2025-11-30T19:26:46.430+0000] {dag.py:3834} INFO - Setting next_dagrun for prediction_dag to 2025-11-30 19:26:00+00:00, run_after=2025-11-30 19:28:00+00:00
[2025-11-30T19:26:46.440+0000] {processor.py:183} INFO - Processing /opt/airflow/dags/prediction_dag.py took 0.088 seconds
[2025-11-30T19:27:16.734+0000] {processor.py:161} INFO - Started process (PID=63301) to work on /opt/airflow/dags/prediction_dag.py
[2025-11-30T19:27:16.737+0000] {processor.py:830} INFO - Processing file /opt/airflow/dags/prediction_dag.py for tasks to queue
[2025-11-30T19:27:16.738+0000] {logging_mixin.py:188} INFO - [2025-11-30T19:27:16.737+0000] {dagbag.py:540} INFO - Filling up the DagBag from /opt/airflow/dags/prediction_dag.py
[2025-11-30T19:27:16.758+0000] {processor.py:840} INFO - DAG(s) 'prediction_dag' retrieved from /opt/airflow/dags/prediction_dag.py
[2025-11-30T19:27:16.785+0000] {logging_mixin.py:188} INFO - [2025-11-30T19:27:16.785+0000] {dag.py:3047} INFO - Sync 1 DAGs
[2025-11-30T19:27:16.808+0000] {logging_mixin.py:188} INFO - [2025-11-30T19:27:16.807+0000] {dag.py:3834} INFO - Setting next_dagrun for prediction_dag to 2025-11-30 19:26:00+00:00, run_after=2025-11-30 19:28:00+00:00
[2025-11-30T19:27:16.823+0000] {processor.py:183} INFO - Processing /opt/airflow/dags/prediction_dag.py took 0.094 seconds
[2025-11-30T19:27:47.170+0000] {processor.py:161} INFO - Started process (PID=63319) to work on /opt/airflow/dags/prediction_dag.py
[2025-11-30T19:27:47.172+0000] {processor.py:830} INFO - Processing file /opt/airflow/dags/prediction_dag.py for tasks to queue
[2025-11-30T19:27:47.173+0000] {logging_mixin.py:188} INFO - [2025-11-30T19:27:47.173+0000] {dagbag.py:540} INFO - Filling up the DagBag from /opt/airflow/dags/prediction_dag.py
[2025-11-30T19:27:47.190+0000] {processor.py:840} INFO - DAG(s) 'prediction_dag' retrieved from /opt/airflow/dags/prediction_dag.py
[2025-11-30T19:27:47.218+0000] {logging_mixin.py:188} INFO - [2025-11-30T19:27:47.218+0000] {dag.py:3047} INFO - Sync 1 DAGs
[2025-11-30T19:27:47.238+0000] {logging_mixin.py:188} INFO - [2025-11-30T19:27:47.237+0000] {dag.py:3834} INFO - Setting next_dagrun for prediction_dag to 2025-11-30 19:26:00+00:00, run_after=2025-11-30 19:28:00+00:00
[2025-11-30T19:27:47.248+0000] {processor.py:183} INFO - Processing /opt/airflow/dags/prediction_dag.py took 0.085 seconds
[2025-11-30T19:28:17.486+0000] {processor.py:161} INFO - Started process (PID=63405) to work on /opt/airflow/dags/prediction_dag.py
[2025-11-30T19:28:17.487+0000] {processor.py:830} INFO - Processing file /opt/airflow/dags/prediction_dag.py for tasks to queue
[2025-11-30T19:28:17.487+0000] {logging_mixin.py:188} INFO - [2025-11-30T19:28:17.487+0000] {dagbag.py:540} INFO - Filling up the DagBag from /opt/airflow/dags/prediction_dag.py
[2025-11-30T19:28:17.497+0000] {processor.py:840} INFO - DAG(s) 'prediction_dag' retrieved from /opt/airflow/dags/prediction_dag.py
[2025-11-30T19:28:17.523+0000] {logging_mixin.py:188} INFO - [2025-11-30T19:28:17.523+0000] {dag.py:3047} INFO - Sync 1 DAGs
[2025-11-30T19:28:17.537+0000] {logging_mixin.py:188} INFO - [2025-11-30T19:28:17.537+0000] {dag.py:3834} INFO - Setting next_dagrun for prediction_dag to 2025-11-30 19:28:00+00:00, run_after=2025-11-30 19:30:00+00:00
[2025-11-30T19:28:17.547+0000] {processor.py:183} INFO - Processing /opt/airflow/dags/prediction_dag.py took 0.065 seconds
[2025-11-30T19:28:47.911+0000] {processor.py:161} INFO - Started process (PID=63413) to work on /opt/airflow/dags/prediction_dag.py
[2025-11-30T19:28:47.913+0000] {processor.py:830} INFO - Processing file /opt/airflow/dags/prediction_dag.py for tasks to queue
[2025-11-30T19:28:47.913+0000] {logging_mixin.py:188} INFO - [2025-11-30T19:28:47.913+0000] {dagbag.py:540} INFO - Filling up the DagBag from /opt/airflow/dags/prediction_dag.py
[2025-11-30T19:28:47.951+0000] {processor.py:840} INFO - DAG(s) 'prediction_dag' retrieved from /opt/airflow/dags/prediction_dag.py
[2025-11-30T19:28:48.008+0000] {logging_mixin.py:188} INFO - [2025-11-30T19:28:48.008+0000] {dag.py:3047} INFO - Sync 1 DAGs
[2025-11-30T19:28:48.044+0000] {logging_mixin.py:188} INFO - [2025-11-30T19:28:48.044+0000] {dag.py:3834} INFO - Setting next_dagrun for prediction_dag to 2025-11-30 19:28:00+00:00, run_after=2025-11-30 19:30:00+00:00
[2025-11-30T19:28:48.065+0000] {processor.py:183} INFO - Processing /opt/airflow/dags/prediction_dag.py took 0.159 seconds
[2025-11-30T19:29:18.461+0000] {processor.py:161} INFO - Started process (PID=63490) to work on /opt/airflow/dags/prediction_dag.py
[2025-11-30T19:29:18.464+0000] {processor.py:830} INFO - Processing file /opt/airflow/dags/prediction_dag.py for tasks to queue
[2025-11-30T19:29:18.465+0000] {logging_mixin.py:188} INFO - [2025-11-30T19:29:18.465+0000] {dagbag.py:540} INFO - Filling up the DagBag from /opt/airflow/dags/prediction_dag.py
[2025-11-30T19:29:18.503+0000] {processor.py:840} INFO - DAG(s) 'prediction_dag' retrieved from /opt/airflow/dags/prediction_dag.py
[2025-11-30T19:29:18.553+0000] {logging_mixin.py:188} INFO - [2025-11-30T19:29:18.553+0000] {dag.py:3047} INFO - Sync 1 DAGs
[2025-11-30T19:29:18.580+0000] {logging_mixin.py:188} INFO - [2025-11-30T19:29:18.580+0000] {dag.py:3834} INFO - Setting next_dagrun for prediction_dag to 2025-11-30 19:28:00+00:00, run_after=2025-11-30 19:30:00+00:00
[2025-11-30T19:29:18.599+0000] {processor.py:183} INFO - Processing /opt/airflow/dags/prediction_dag.py took 0.148 seconds
[2025-11-30T19:29:48.800+0000] {processor.py:161} INFO - Started process (PID=63508) to work on /opt/airflow/dags/prediction_dag.py
[2025-11-30T19:29:48.805+0000] {processor.py:830} INFO - Processing file /opt/airflow/dags/prediction_dag.py for tasks to queue
[2025-11-30T19:29:48.807+0000] {logging_mixin.py:188} INFO - [2025-11-30T19:29:48.806+0000] {dagbag.py:540} INFO - Filling up the DagBag from /opt/airflow/dags/prediction_dag.py
[2025-11-30T19:29:48.835+0000] {processor.py:840} INFO - DAG(s) 'prediction_dag' retrieved from /opt/airflow/dags/prediction_dag.py
[2025-11-30T19:29:48.876+0000] {logging_mixin.py:188} INFO - [2025-11-30T19:29:48.876+0000] {dag.py:3047} INFO - Sync 1 DAGs
[2025-11-30T19:29:48.907+0000] {logging_mixin.py:188} INFO - [2025-11-30T19:29:48.907+0000] {dag.py:3834} INFO - Setting next_dagrun for prediction_dag to 2025-11-30 19:28:00+00:00, run_after=2025-11-30 19:30:00+00:00
[2025-11-30T19:29:48.920+0000] {processor.py:183} INFO - Processing /opt/airflow/dags/prediction_dag.py took 0.134 seconds
[2025-11-30T19:30:19.279+0000] {processor.py:161} INFO - Started process (PID=63594) to work on /opt/airflow/dags/prediction_dag.py
[2025-11-30T19:30:19.283+0000] {processor.py:830} INFO - Processing file /opt/airflow/dags/prediction_dag.py for tasks to queue
[2025-11-30T19:30:19.284+0000] {logging_mixin.py:188} INFO - [2025-11-30T19:30:19.284+0000] {dagbag.py:540} INFO - Filling up the DagBag from /opt/airflow/dags/prediction_dag.py
[2025-11-30T19:30:19.326+0000] {processor.py:840} INFO - DAG(s) 'prediction_dag' retrieved from /opt/airflow/dags/prediction_dag.py
[2025-11-30T19:30:19.376+0000] {logging_mixin.py:188} INFO - [2025-11-30T19:30:19.376+0000] {dag.py:3047} INFO - Sync 1 DAGs
[2025-11-30T19:30:19.399+0000] {logging_mixin.py:188} INFO - [2025-11-30T19:30:19.399+0000] {dag.py:3834} INFO - Setting next_dagrun for prediction_dag to 2025-11-30 19:30:00+00:00, run_after=2025-11-30 19:32:00+00:00
[2025-11-30T19:30:19.419+0000] {processor.py:183} INFO - Processing /opt/airflow/dags/prediction_dag.py took 0.159 seconds
[2025-11-30T19:30:49.827+0000] {processor.py:161} INFO - Started process (PID=63612) to work on /opt/airflow/dags/prediction_dag.py
[2025-11-30T19:30:49.830+0000] {processor.py:830} INFO - Processing file /opt/airflow/dags/prediction_dag.py for tasks to queue
[2025-11-30T19:30:49.831+0000] {logging_mixin.py:188} INFO - [2025-11-30T19:30:49.831+0000] {dagbag.py:540} INFO - Filling up the DagBag from /opt/airflow/dags/prediction_dag.py
[2025-11-30T19:30:49.858+0000] {processor.py:840} INFO - DAG(s) 'prediction_dag' retrieved from /opt/airflow/dags/prediction_dag.py
[2025-11-30T19:30:49.894+0000] {logging_mixin.py:188} INFO - [2025-11-30T19:30:49.894+0000] {dag.py:3047} INFO - Sync 1 DAGs
[2025-11-30T19:30:49.917+0000] {logging_mixin.py:188} INFO - [2025-11-30T19:30:49.917+0000] {dag.py:3834} INFO - Setting next_dagrun for prediction_dag to 2025-11-30 19:30:00+00:00, run_after=2025-11-30 19:32:00+00:00
[2025-11-30T19:30:49.935+0000] {processor.py:183} INFO - Processing /opt/airflow/dags/prediction_dag.py took 0.125 seconds
[2025-11-30T19:31:20.089+0000] {processor.py:161} INFO - Started process (PID=63692) to work on /opt/airflow/dags/prediction_dag.py
[2025-11-30T19:31:20.092+0000] {processor.py:830} INFO - Processing file /opt/airflow/dags/prediction_dag.py for tasks to queue
[2025-11-30T19:31:20.094+0000] {logging_mixin.py:188} INFO - [2025-11-30T19:31:20.093+0000] {dagbag.py:540} INFO - Filling up the DagBag from /opt/airflow/dags/prediction_dag.py
[2025-11-30T19:31:20.132+0000] {processor.py:840} INFO - DAG(s) 'prediction_dag' retrieved from /opt/airflow/dags/prediction_dag.py
[2025-11-30T19:31:20.178+0000] {logging_mixin.py:188} INFO - [2025-11-30T19:31:20.178+0000] {dag.py:3047} INFO - Sync 1 DAGs
[2025-11-30T19:31:20.203+0000] {logging_mixin.py:188} INFO - [2025-11-30T19:31:20.203+0000] {dag.py:3834} INFO - Setting next_dagrun for prediction_dag to 2025-11-30 19:30:00+00:00, run_after=2025-11-30 19:32:00+00:00
[2025-11-30T19:31:20.222+0000] {processor.py:183} INFO - Processing /opt/airflow/dags/prediction_dag.py took 0.146 seconds
[2025-11-30T19:31:50.655+0000] {processor.py:161} INFO - Started process (PID=63710) to work on /opt/airflow/dags/prediction_dag.py
[2025-11-30T19:31:50.657+0000] {processor.py:830} INFO - Processing file /opt/airflow/dags/prediction_dag.py for tasks to queue
[2025-11-30T19:31:50.659+0000] {logging_mixin.py:188} INFO - [2025-11-30T19:31:50.658+0000] {dagbag.py:540} INFO - Filling up the DagBag from /opt/airflow/dags/prediction_dag.py
[2025-11-30T19:31:50.686+0000] {processor.py:840} INFO - DAG(s) 'prediction_dag' retrieved from /opt/airflow/dags/prediction_dag.py
[2025-11-30T19:31:50.729+0000] {logging_mixin.py:188} INFO - [2025-11-30T19:31:50.729+0000] {dag.py:3047} INFO - Sync 1 DAGs
[2025-11-30T19:31:50.750+0000] {logging_mixin.py:188} INFO - [2025-11-30T19:31:50.750+0000] {dag.py:3834} INFO - Setting next_dagrun for prediction_dag to 2025-11-30 19:30:00+00:00, run_after=2025-11-30 19:32:00+00:00
[2025-11-30T19:31:50.769+0000] {processor.py:183} INFO - Processing /opt/airflow/dags/prediction_dag.py took 0.129 seconds
[2025-11-30T19:32:21.147+0000] {processor.py:161} INFO - Started process (PID=63796) to work on /opt/airflow/dags/prediction_dag.py
[2025-11-30T19:32:21.150+0000] {processor.py:830} INFO - Processing file /opt/airflow/dags/prediction_dag.py for tasks to queue
[2025-11-30T19:32:21.152+0000] {logging_mixin.py:188} INFO - [2025-11-30T19:32:21.150+0000] {dagbag.py:540} INFO - Filling up the DagBag from /opt/airflow/dags/prediction_dag.py
[2025-11-30T19:32:21.203+0000] {processor.py:840} INFO - DAG(s) 'prediction_dag' retrieved from /opt/airflow/dags/prediction_dag.py
[2025-11-30T19:32:21.257+0000] {logging_mixin.py:188} INFO - [2025-11-30T19:32:21.256+0000] {dag.py:3047} INFO - Sync 1 DAGs
[2025-11-30T19:32:21.286+0000] {logging_mixin.py:188} INFO - [2025-11-30T19:32:21.286+0000] {dag.py:3834} INFO - Setting next_dagrun for prediction_dag to 2025-11-30 19:32:00+00:00, run_after=2025-11-30 19:34:00+00:00
[2025-11-30T19:32:21.300+0000] {processor.py:183} INFO - Processing /opt/airflow/dags/prediction_dag.py took 0.167 seconds
[2025-11-30T19:32:51.475+0000] {processor.py:161} INFO - Started process (PID=63814) to work on /opt/airflow/dags/prediction_dag.py
[2025-11-30T19:32:51.478+0000] {processor.py:830} INFO - Processing file /opt/airflow/dags/prediction_dag.py for tasks to queue
[2025-11-30T19:32:51.480+0000] {logging_mixin.py:188} INFO - [2025-11-30T19:32:51.479+0000] {dagbag.py:540} INFO - Filling up the DagBag from /opt/airflow/dags/prediction_dag.py
[2025-11-30T19:32:51.514+0000] {processor.py:840} INFO - DAG(s) 'prediction_dag' retrieved from /opt/airflow/dags/prediction_dag.py
[2025-11-30T19:32:51.548+0000] {logging_mixin.py:188} INFO - [2025-11-30T19:32:51.548+0000] {dag.py:3047} INFO - Sync 1 DAGs
[2025-11-30T19:32:51.575+0000] {logging_mixin.py:188} INFO - [2025-11-30T19:32:51.575+0000] {dag.py:3834} INFO - Setting next_dagrun for prediction_dag to 2025-11-30 19:32:00+00:00, run_after=2025-11-30 19:34:00+00:00
[2025-11-30T19:32:51.591+0000] {processor.py:183} INFO - Processing /opt/airflow/dags/prediction_dag.py took 0.128 seconds
[2025-11-30T19:33:21.960+0000] {processor.py:161} INFO - Started process (PID=63894) to work on /opt/airflow/dags/prediction_dag.py
[2025-11-30T19:33:21.965+0000] {processor.py:830} INFO - Processing file /opt/airflow/dags/prediction_dag.py for tasks to queue
[2025-11-30T19:33:21.968+0000] {logging_mixin.py:188} INFO - [2025-11-30T19:33:21.967+0000] {dagbag.py:540} INFO - Filling up the DagBag from /opt/airflow/dags/prediction_dag.py
[2025-11-30T19:33:22.003+0000] {processor.py:840} INFO - DAG(s) 'prediction_dag' retrieved from /opt/airflow/dags/prediction_dag.py
[2025-11-30T19:33:22.050+0000] {logging_mixin.py:188} INFO - [2025-11-30T19:33:22.049+0000] {dag.py:3047} INFO - Sync 1 DAGs
[2025-11-30T19:33:22.077+0000] {logging_mixin.py:188} INFO - [2025-11-30T19:33:22.077+0000] {dag.py:3834} INFO - Setting next_dagrun for prediction_dag to 2025-11-30 19:32:00+00:00, run_after=2025-11-30 19:34:00+00:00
[2025-11-30T19:33:22.091+0000] {processor.py:183} INFO - Processing /opt/airflow/dags/prediction_dag.py took 0.140 seconds
[2025-11-30T19:33:52.427+0000] {processor.py:161} INFO - Started process (PID=63912) to work on /opt/airflow/dags/prediction_dag.py
[2025-11-30T19:33:52.431+0000] {processor.py:830} INFO - Processing file /opt/airflow/dags/prediction_dag.py for tasks to queue
[2025-11-30T19:33:52.433+0000] {logging_mixin.py:188} INFO - [2025-11-30T19:33:52.432+0000] {dagbag.py:540} INFO - Filling up the DagBag from /opt/airflow/dags/prediction_dag.py
[2025-11-30T19:33:52.472+0000] {processor.py:840} INFO - DAG(s) 'prediction_dag' retrieved from /opt/airflow/dags/prediction_dag.py
[2025-11-30T19:33:52.514+0000] {logging_mixin.py:188} INFO - [2025-11-30T19:33:52.514+0000] {dag.py:3047} INFO - Sync 1 DAGs
[2025-11-30T19:33:52.544+0000] {logging_mixin.py:188} INFO - [2025-11-30T19:33:52.544+0000] {dag.py:3834} INFO - Setting next_dagrun for prediction_dag to 2025-11-30 19:32:00+00:00, run_after=2025-11-30 19:34:00+00:00
[2025-11-30T19:33:52.557+0000] {processor.py:183} INFO - Processing /opt/airflow/dags/prediction_dag.py took 0.148 seconds
[2025-11-30T19:34:22.935+0000] {processor.py:161} INFO - Started process (PID=63998) to work on /opt/airflow/dags/prediction_dag.py
[2025-11-30T19:34:22.937+0000] {processor.py:830} INFO - Processing file /opt/airflow/dags/prediction_dag.py for tasks to queue
[2025-11-30T19:34:22.938+0000] {logging_mixin.py:188} INFO - [2025-11-30T19:34:22.938+0000] {dagbag.py:540} INFO - Filling up the DagBag from /opt/airflow/dags/prediction_dag.py
[2025-11-30T19:34:22.978+0000] {processor.py:840} INFO - DAG(s) 'prediction_dag' retrieved from /opt/airflow/dags/prediction_dag.py
[2025-11-30T19:34:23.036+0000] {logging_mixin.py:188} INFO - [2025-11-30T19:34:23.035+0000] {dag.py:3047} INFO - Sync 1 DAGs
[2025-11-30T19:34:23.072+0000] {logging_mixin.py:188} INFO - [2025-11-30T19:34:23.072+0000] {dag.py:3834} INFO - Setting next_dagrun for prediction_dag to 2025-11-30 19:34:00+00:00, run_after=2025-11-30 19:36:00+00:00
[2025-11-30T19:34:23.091+0000] {processor.py:183} INFO - Processing /opt/airflow/dags/prediction_dag.py took 0.164 seconds
[2025-11-30T19:34:53.803+0000] {processor.py:161} INFO - Started process (PID=64016) to work on /opt/airflow/dags/prediction_dag.py
[2025-11-30T19:34:53.805+0000] {processor.py:830} INFO - Processing file /opt/airflow/dags/prediction_dag.py for tasks to queue
[2025-11-30T19:34:53.807+0000] {logging_mixin.py:188} INFO - [2025-11-30T19:34:53.806+0000] {dagbag.py:540} INFO - Filling up the DagBag from /opt/airflow/dags/prediction_dag.py
[2025-11-30T19:34:53.838+0000] {processor.py:840} INFO - DAG(s) 'prediction_dag' retrieved from /opt/airflow/dags/prediction_dag.py
[2025-11-30T19:34:53.883+0000] {logging_mixin.py:188} INFO - [2025-11-30T19:34:53.883+0000] {dag.py:3047} INFO - Sync 1 DAGs
[2025-11-30T19:34:53.911+0000] {logging_mixin.py:188} INFO - [2025-11-30T19:34:53.911+0000] {dag.py:3834} INFO - Setting next_dagrun for prediction_dag to 2025-11-30 19:34:00+00:00, run_after=2025-11-30 19:36:00+00:00
[2025-11-30T19:34:53.924+0000] {processor.py:183} INFO - Processing /opt/airflow/dags/prediction_dag.py took 0.133 seconds
[2025-11-30T19:35:24.006+0000] {processor.py:161} INFO - Started process (PID=64096) to work on /opt/airflow/dags/prediction_dag.py
[2025-11-30T19:35:24.009+0000] {processor.py:830} INFO - Processing file /opt/airflow/dags/prediction_dag.py for tasks to queue
[2025-11-30T19:35:24.010+0000] {logging_mixin.py:188} INFO - [2025-11-30T19:35:24.010+0000] {dagbag.py:540} INFO - Filling up the DagBag from /opt/airflow/dags/prediction_dag.py
[2025-11-30T19:35:24.037+0000] {processor.py:840} INFO - DAG(s) 'prediction_dag' retrieved from /opt/airflow/dags/prediction_dag.py
[2025-11-30T19:35:24.067+0000] {logging_mixin.py:188} INFO - [2025-11-30T19:35:24.067+0000] {dag.py:3047} INFO - Sync 1 DAGs
[2025-11-30T19:35:24.093+0000] {logging_mixin.py:188} INFO - [2025-11-30T19:35:24.092+0000] {dag.py:3834} INFO - Setting next_dagrun for prediction_dag to 2025-11-30 19:34:00+00:00, run_after=2025-11-30 19:36:00+00:00
[2025-11-30T19:35:24.104+0000] {processor.py:183} INFO - Processing /opt/airflow/dags/prediction_dag.py took 0.112 seconds
[2025-11-30T19:35:54.431+0000] {processor.py:161} INFO - Started process (PID=64114) to work on /opt/airflow/dags/prediction_dag.py
[2025-11-30T19:35:54.433+0000] {processor.py:830} INFO - Processing file /opt/airflow/dags/prediction_dag.py for tasks to queue
[2025-11-30T19:35:54.435+0000] {logging_mixin.py:188} INFO - [2025-11-30T19:35:54.434+0000] {dagbag.py:540} INFO - Filling up the DagBag from /opt/airflow/dags/prediction_dag.py
[2025-11-30T19:35:54.453+0000] {processor.py:840} INFO - DAG(s) 'prediction_dag' retrieved from /opt/airflow/dags/prediction_dag.py
[2025-11-30T19:35:54.486+0000] {logging_mixin.py:188} INFO - [2025-11-30T19:35:54.486+0000] {dag.py:3047} INFO - Sync 1 DAGs
[2025-11-30T19:35:54.501+0000] {logging_mixin.py:188} INFO - [2025-11-30T19:35:54.501+0000] {dag.py:3834} INFO - Setting next_dagrun for prediction_dag to 2025-11-30 19:34:00+00:00, run_after=2025-11-30 19:36:00+00:00
[2025-11-30T19:35:54.511+0000] {processor.py:183} INFO - Processing /opt/airflow/dags/prediction_dag.py took 0.085 seconds
[2025-11-30T19:36:24.565+0000] {processor.py:161} INFO - Started process (PID=64200) to work on /opt/airflow/dags/prediction_dag.py
[2025-11-30T19:36:24.566+0000] {processor.py:830} INFO - Processing file /opt/airflow/dags/prediction_dag.py for tasks to queue
[2025-11-30T19:36:24.567+0000] {logging_mixin.py:188} INFO - [2025-11-30T19:36:24.567+0000] {dagbag.py:540} INFO - Filling up the DagBag from /opt/airflow/dags/prediction_dag.py
[2025-11-30T19:36:24.575+0000] {processor.py:840} INFO - DAG(s) 'prediction_dag' retrieved from /opt/airflow/dags/prediction_dag.py
[2025-11-30T19:36:24.594+0000] {logging_mixin.py:188} INFO - [2025-11-30T19:36:24.594+0000] {dag.py:3047} INFO - Sync 1 DAGs
[2025-11-30T19:36:24.607+0000] {logging_mixin.py:188} INFO - [2025-11-30T19:36:24.607+0000] {dag.py:3834} INFO - Setting next_dagrun for prediction_dag to 2025-11-30 19:36:00+00:00, run_after=2025-11-30 19:38:00+00:00
[2025-11-30T19:36:24.616+0000] {processor.py:183} INFO - Processing /opt/airflow/dags/prediction_dag.py took 0.053 seconds
[2025-11-30T19:36:54.945+0000] {processor.py:161} INFO - Started process (PID=64208) to work on /opt/airflow/dags/prediction_dag.py
[2025-11-30T19:36:54.947+0000] {processor.py:830} INFO - Processing file /opt/airflow/dags/prediction_dag.py for tasks to queue
[2025-11-30T19:36:54.950+0000] {logging_mixin.py:188} INFO - [2025-11-30T19:36:54.949+0000] {dagbag.py:540} INFO - Filling up the DagBag from /opt/airflow/dags/prediction_dag.py
[2025-11-30T19:36:54.983+0000] {processor.py:840} INFO - DAG(s) 'prediction_dag' retrieved from /opt/airflow/dags/prediction_dag.py
[2025-11-30T19:36:55.036+0000] {logging_mixin.py:188} INFO - [2025-11-30T19:36:55.036+0000] {dag.py:3047} INFO - Sync 1 DAGs
[2025-11-30T19:36:55.069+0000] {logging_mixin.py:188} INFO - [2025-11-30T19:36:55.069+0000] {dag.py:3834} INFO - Setting next_dagrun for prediction_dag to 2025-11-30 19:36:00+00:00, run_after=2025-11-30 19:38:00+00:00
[2025-11-30T19:36:55.084+0000] {processor.py:183} INFO - Processing /opt/airflow/dags/prediction_dag.py took 0.147 seconds
[2025-11-30T19:37:25.426+0000] {processor.py:161} INFO - Started process (PID=64285) to work on /opt/airflow/dags/prediction_dag.py
[2025-11-30T19:37:25.428+0000] {processor.py:830} INFO - Processing file /opt/airflow/dags/prediction_dag.py for tasks to queue
[2025-11-30T19:37:25.429+0000] {logging_mixin.py:188} INFO - [2025-11-30T19:37:25.428+0000] {dagbag.py:540} INFO - Filling up the DagBag from /opt/airflow/dags/prediction_dag.py
[2025-11-30T19:37:25.468+0000] {processor.py:840} INFO - DAG(s) 'prediction_dag' retrieved from /opt/airflow/dags/prediction_dag.py
[2025-11-30T19:37:25.513+0000] {logging_mixin.py:188} INFO - [2025-11-30T19:37:25.513+0000] {dag.py:3047} INFO - Sync 1 DAGs
[2025-11-30T19:37:25.542+0000] {logging_mixin.py:188} INFO - [2025-11-30T19:37:25.542+0000] {dag.py:3834} INFO - Setting next_dagrun for prediction_dag to 2025-11-30 19:36:00+00:00, run_after=2025-11-30 19:38:00+00:00
[2025-11-30T19:37:25.555+0000] {processor.py:183} INFO - Processing /opt/airflow/dags/prediction_dag.py took 0.139 seconds
[2025-11-30T19:37:55.961+0000] {processor.py:161} INFO - Started process (PID=64303) to work on /opt/airflow/dags/prediction_dag.py
[2025-11-30T19:37:55.963+0000] {processor.py:830} INFO - Processing file /opt/airflow/dags/prediction_dag.py for tasks to queue
[2025-11-30T19:37:55.964+0000] {logging_mixin.py:188} INFO - [2025-11-30T19:37:55.964+0000] {dagbag.py:540} INFO - Filling up the DagBag from /opt/airflow/dags/prediction_dag.py
[2025-11-30T19:37:55.995+0000] {processor.py:840} INFO - DAG(s) 'prediction_dag' retrieved from /opt/airflow/dags/prediction_dag.py
[2025-11-30T19:37:56.041+0000] {logging_mixin.py:188} INFO - [2025-11-30T19:37:56.041+0000] {dag.py:3047} INFO - Sync 1 DAGs
[2025-11-30T19:37:56.069+0000] {logging_mixin.py:188} INFO - [2025-11-30T19:37:56.069+0000] {dag.py:3834} INFO - Setting next_dagrun for prediction_dag to 2025-11-30 19:36:00+00:00, run_after=2025-11-30 19:38:00+00:00
[2025-11-30T19:37:56.083+0000] {processor.py:183} INFO - Processing /opt/airflow/dags/prediction_dag.py took 0.135 seconds
[2025-11-30T19:38:26.262+0000] {processor.py:161} INFO - Started process (PID=64389) to work on /opt/airflow/dags/prediction_dag.py
[2025-11-30T19:38:26.264+0000] {processor.py:830} INFO - Processing file /opt/airflow/dags/prediction_dag.py for tasks to queue
[2025-11-30T19:38:26.266+0000] {logging_mixin.py:188} INFO - [2025-11-30T19:38:26.265+0000] {dagbag.py:540} INFO - Filling up the DagBag from /opt/airflow/dags/prediction_dag.py
[2025-11-30T19:38:26.301+0000] {processor.py:840} INFO - DAG(s) 'prediction_dag' retrieved from /opt/airflow/dags/prediction_dag.py
[2025-11-30T19:38:26.346+0000] {logging_mixin.py:188} INFO - [2025-11-30T19:38:26.346+0000] {dag.py:3047} INFO - Sync 1 DAGs
[2025-11-30T19:38:26.374+0000] {logging_mixin.py:188} INFO - [2025-11-30T19:38:26.374+0000] {dag.py:3834} INFO - Setting next_dagrun for prediction_dag to 2025-11-30 19:38:00+00:00, run_after=2025-11-30 19:40:00+00:00
[2025-11-30T19:38:26.388+0000] {processor.py:183} INFO - Processing /opt/airflow/dags/prediction_dag.py took 0.141 seconds
[2025-11-30T19:38:56.524+0000] {processor.py:161} INFO - Started process (PID=64407) to work on /opt/airflow/dags/prediction_dag.py
[2025-11-30T19:38:56.527+0000] {processor.py:830} INFO - Processing file /opt/airflow/dags/prediction_dag.py for tasks to queue
[2025-11-30T19:38:56.528+0000] {logging_mixin.py:188} INFO - [2025-11-30T19:38:56.528+0000] {dagbag.py:540} INFO - Filling up the DagBag from /opt/airflow/dags/prediction_dag.py
[2025-11-30T19:38:56.553+0000] {processor.py:840} INFO - DAG(s) 'prediction_dag' retrieved from /opt/airflow/dags/prediction_dag.py
[2025-11-30T19:38:56.604+0000] {logging_mixin.py:188} INFO - [2025-11-30T19:38:56.604+0000] {dag.py:3047} INFO - Sync 1 DAGs
[2025-11-30T19:38:56.629+0000] {logging_mixin.py:188} INFO - [2025-11-30T19:38:56.629+0000] {dag.py:3834} INFO - Setting next_dagrun for prediction_dag to 2025-11-30 19:38:00+00:00, run_after=2025-11-30 19:40:00+00:00
[2025-11-30T19:38:56.645+0000] {processor.py:183} INFO - Processing /opt/airflow/dags/prediction_dag.py took 0.135 seconds
[2025-11-30T19:39:27.022+0000] {processor.py:161} INFO - Started process (PID=64487) to work on /opt/airflow/dags/prediction_dag.py
[2025-11-30T19:39:27.024+0000] {processor.py:830} INFO - Processing file /opt/airflow/dags/prediction_dag.py for tasks to queue
[2025-11-30T19:39:27.026+0000] {logging_mixin.py:188} INFO - [2025-11-30T19:39:27.025+0000] {dagbag.py:540} INFO - Filling up the DagBag from /opt/airflow/dags/prediction_dag.py
[2025-11-30T19:39:27.057+0000] {processor.py:840} INFO - DAG(s) 'prediction_dag' retrieved from /opt/airflow/dags/prediction_dag.py
[2025-11-30T19:39:27.106+0000] {logging_mixin.py:188} INFO - [2025-11-30T19:39:27.106+0000] {dag.py:3047} INFO - Sync 1 DAGs
[2025-11-30T19:39:27.134+0000] {logging_mixin.py:188} INFO - [2025-11-30T19:39:27.134+0000] {dag.py:3834} INFO - Setting next_dagrun for prediction_dag to 2025-11-30 19:38:00+00:00, run_after=2025-11-30 19:40:00+00:00
[2025-11-30T19:39:27.147+0000] {processor.py:183} INFO - Processing /opt/airflow/dags/prediction_dag.py took 0.149 seconds
[2025-11-30T19:39:57.505+0000] {processor.py:161} INFO - Started process (PID=64505) to work on /opt/airflow/dags/prediction_dag.py
[2025-11-30T19:39:57.507+0000] {processor.py:830} INFO - Processing file /opt/airflow/dags/prediction_dag.py for tasks to queue
[2025-11-30T19:39:57.509+0000] {logging_mixin.py:188} INFO - [2025-11-30T19:39:57.508+0000] {dagbag.py:540} INFO - Filling up the DagBag from /opt/airflow/dags/prediction_dag.py
[2025-11-30T19:39:57.545+0000] {processor.py:840} INFO - DAG(s) 'prediction_dag' retrieved from /opt/airflow/dags/prediction_dag.py
[2025-11-30T19:39:57.597+0000] {logging_mixin.py:188} INFO - [2025-11-30T19:39:57.596+0000] {dag.py:3047} INFO - Sync 1 DAGs
[2025-11-30T19:39:57.626+0000] {logging_mixin.py:188} INFO - [2025-11-30T19:39:57.626+0000] {dag.py:3834} INFO - Setting next_dagrun for prediction_dag to 2025-11-30 19:38:00+00:00, run_after=2025-11-30 19:40:00+00:00
[2025-11-30T19:39:57.641+0000] {processor.py:183} INFO - Processing /opt/airflow/dags/prediction_dag.py took 0.143 seconds
[2025-11-30T19:40:28.513+0000] {processor.py:161} INFO - Started process (PID=64591) to work on /opt/airflow/dags/prediction_dag.py
[2025-11-30T19:40:28.516+0000] {processor.py:830} INFO - Processing file /opt/airflow/dags/prediction_dag.py for tasks to queue
[2025-11-30T19:40:28.517+0000] {logging_mixin.py:188} INFO - [2025-11-30T19:40:28.517+0000] {dagbag.py:540} INFO - Filling up the DagBag from /opt/airflow/dags/prediction_dag.py
[2025-11-30T19:40:28.547+0000] {processor.py:840} INFO - DAG(s) 'prediction_dag' retrieved from /opt/airflow/dags/prediction_dag.py
[2025-11-30T19:40:28.600+0000] {logging_mixin.py:188} INFO - [2025-11-30T19:40:28.600+0000] {dag.py:3047} INFO - Sync 1 DAGs
[2025-11-30T19:40:28.628+0000] {logging_mixin.py:188} INFO - [2025-11-30T19:40:28.628+0000] {dag.py:3834} INFO - Setting next_dagrun for prediction_dag to 2025-11-30 19:40:00+00:00, run_after=2025-11-30 19:42:00+00:00
[2025-11-30T19:40:28.645+0000] {processor.py:183} INFO - Processing /opt/airflow/dags/prediction_dag.py took 0.140 seconds
[2025-11-30T19:43:12.567+0000] {processor.py:161} INFO - Started process (PID=64604) to work on /opt/airflow/dags/prediction_dag.py
[2025-11-30T19:43:12.569+0000] {processor.py:830} INFO - Processing file /opt/airflow/dags/prediction_dag.py for tasks to queue
[2025-11-30T19:43:12.570+0000] {logging_mixin.py:188} INFO - [2025-11-30T19:43:12.570+0000] {dagbag.py:540} INFO - Filling up the DagBag from /opt/airflow/dags/prediction_dag.py
[2025-11-30T19:43:12.595+0000] {processor.py:840} INFO - DAG(s) 'prediction_dag' retrieved from /opt/airflow/dags/prediction_dag.py
[2025-11-30T19:43:12.630+0000] {logging_mixin.py:188} INFO - [2025-11-30T19:43:12.629+0000] {dag.py:3047} INFO - Sync 1 DAGs
[2025-11-30T19:43:12.744+0000] {logging_mixin.py:188} INFO - [2025-11-30T19:43:12.744+0000] {dag.py:3834} INFO - Setting next_dagrun for prediction_dag to 2025-11-30 19:42:00+00:00, run_after=2025-11-30 19:44:00+00:00
[2025-11-30T19:43:12.778+0000] {processor.py:183} INFO - Processing /opt/airflow/dags/prediction_dag.py took 0.214 seconds
[2025-11-30T19:43:43.038+0000] {processor.py:161} INFO - Started process (PID=64739) to work on /opt/airflow/dags/prediction_dag.py
[2025-11-30T19:43:43.039+0000] {processor.py:830} INFO - Processing file /opt/airflow/dags/prediction_dag.py for tasks to queue
[2025-11-30T19:43:43.040+0000] {logging_mixin.py:188} INFO - [2025-11-30T19:43:43.040+0000] {dagbag.py:540} INFO - Filling up the DagBag from /opt/airflow/dags/prediction_dag.py
[2025-11-30T19:43:43.080+0000] {processor.py:840} INFO - DAG(s) 'prediction_dag' retrieved from /opt/airflow/dags/prediction_dag.py
[2025-11-30T19:43:43.147+0000] {logging_mixin.py:188} INFO - [2025-11-30T19:43:43.147+0000] {dag.py:3047} INFO - Sync 1 DAGs
[2025-11-30T19:43:43.177+0000] {logging_mixin.py:188} INFO - [2025-11-30T19:43:43.177+0000] {dag.py:3834} INFO - Setting next_dagrun for prediction_dag to 2025-11-30 19:42:00+00:00, run_after=2025-11-30 19:44:00+00:00
[2025-11-30T19:43:43.195+0000] {processor.py:183} INFO - Processing /opt/airflow/dags/prediction_dag.py took 0.165 seconds
[2025-11-30T19:44:13.529+0000] {processor.py:161} INFO - Started process (PID=64822) to work on /opt/airflow/dags/prediction_dag.py
[2025-11-30T19:44:13.532+0000] {processor.py:830} INFO - Processing file /opt/airflow/dags/prediction_dag.py for tasks to queue
[2025-11-30T19:44:13.534+0000] {logging_mixin.py:188} INFO - [2025-11-30T19:44:13.533+0000] {dagbag.py:540} INFO - Filling up the DagBag from /opt/airflow/dags/prediction_dag.py
[2025-11-30T19:44:13.561+0000] {processor.py:840} INFO - DAG(s) 'prediction_dag' retrieved from /opt/airflow/dags/prediction_dag.py
[2025-11-30T19:44:13.607+0000] {logging_mixin.py:188} INFO - [2025-11-30T19:44:13.607+0000] {dag.py:3047} INFO - Sync 1 DAGs
[2025-11-30T19:44:13.631+0000] {logging_mixin.py:188} INFO - [2025-11-30T19:44:13.630+0000] {dag.py:3834} INFO - Setting next_dagrun for prediction_dag to 2025-11-30 19:44:00+00:00, run_after=2025-11-30 19:46:00+00:00
[2025-11-30T19:44:13.648+0000] {processor.py:183} INFO - Processing /opt/airflow/dags/prediction_dag.py took 0.128 seconds
[2025-11-30T19:44:44.031+0000] {processor.py:161} INFO - Started process (PID=64840) to work on /opt/airflow/dags/prediction_dag.py
[2025-11-30T19:44:44.035+0000] {processor.py:830} INFO - Processing file /opt/airflow/dags/prediction_dag.py for tasks to queue
[2025-11-30T19:44:44.036+0000] {logging_mixin.py:188} INFO - [2025-11-30T19:44:44.036+0000] {dagbag.py:540} INFO - Filling up the DagBag from /opt/airflow/dags/prediction_dag.py
[2025-11-30T19:44:44.081+0000] {processor.py:840} INFO - DAG(s) 'prediction_dag' retrieved from /opt/airflow/dags/prediction_dag.py
[2025-11-30T19:44:44.133+0000] {logging_mixin.py:188} INFO - [2025-11-30T19:44:44.133+0000] {dag.py:3047} INFO - Sync 1 DAGs
[2025-11-30T19:44:44.163+0000] {logging_mixin.py:188} INFO - [2025-11-30T19:44:44.163+0000] {dag.py:3834} INFO - Setting next_dagrun for prediction_dag to 2025-11-30 19:44:00+00:00, run_after=2025-11-30 19:46:00+00:00
[2025-11-30T19:44:44.176+0000] {processor.py:183} INFO - Processing /opt/airflow/dags/prediction_dag.py took 0.158 seconds
[2025-11-30T19:45:14.516+0000] {processor.py:161} INFO - Started process (PID=64920) to work on /opt/airflow/dags/prediction_dag.py
[2025-11-30T19:45:14.518+0000] {processor.py:830} INFO - Processing file /opt/airflow/dags/prediction_dag.py for tasks to queue
[2025-11-30T19:45:14.519+0000] {logging_mixin.py:188} INFO - [2025-11-30T19:45:14.519+0000] {dagbag.py:540} INFO - Filling up the DagBag from /opt/airflow/dags/prediction_dag.py
[2025-11-30T19:45:14.548+0000] {processor.py:840} INFO - DAG(s) 'prediction_dag' retrieved from /opt/airflow/dags/prediction_dag.py
[2025-11-30T19:45:14.583+0000] {logging_mixin.py:188} INFO - [2025-11-30T19:45:14.583+0000] {dag.py:3047} INFO - Sync 1 DAGs
[2025-11-30T19:45:14.610+0000] {logging_mixin.py:188} INFO - [2025-11-30T19:45:14.609+0000] {dag.py:3834} INFO - Setting next_dagrun for prediction_dag to 2025-11-30 19:44:00+00:00, run_after=2025-11-30 19:46:00+00:00
[2025-11-30T19:45:14.622+0000] {processor.py:183} INFO - Processing /opt/airflow/dags/prediction_dag.py took 0.117 seconds
[2025-11-30T19:45:45.025+0000] {processor.py:161} INFO - Started process (PID=64938) to work on /opt/airflow/dags/prediction_dag.py
[2025-11-30T19:45:45.030+0000] {processor.py:830} INFO - Processing file /opt/airflow/dags/prediction_dag.py for tasks to queue
[2025-11-30T19:45:45.032+0000] {logging_mixin.py:188} INFO - [2025-11-30T19:45:45.031+0000] {dagbag.py:540} INFO - Filling up the DagBag from /opt/airflow/dags/prediction_dag.py
[2025-11-30T19:45:45.076+0000] {processor.py:840} INFO - DAG(s) 'prediction_dag' retrieved from /opt/airflow/dags/prediction_dag.py
[2025-11-30T19:45:45.120+0000] {logging_mixin.py:188} INFO - [2025-11-30T19:45:45.120+0000] {dag.py:3047} INFO - Sync 1 DAGs
[2025-11-30T19:45:45.149+0000] {logging_mixin.py:188} INFO - [2025-11-30T19:45:45.149+0000] {dag.py:3834} INFO - Setting next_dagrun for prediction_dag to 2025-11-30 19:44:00+00:00, run_after=2025-11-30 19:46:00+00:00
[2025-11-30T19:45:45.167+0000] {processor.py:183} INFO - Processing /opt/airflow/dags/prediction_dag.py took 0.160 seconds
[2025-11-30T19:46:15.522+0000] {processor.py:161} INFO - Started process (PID=65024) to work on /opt/airflow/dags/prediction_dag.py
[2025-11-30T19:46:15.525+0000] {processor.py:830} INFO - Processing file /opt/airflow/dags/prediction_dag.py for tasks to queue
[2025-11-30T19:46:15.527+0000] {logging_mixin.py:188} INFO - [2025-11-30T19:46:15.526+0000] {dagbag.py:540} INFO - Filling up the DagBag from /opt/airflow/dags/prediction_dag.py
[2025-11-30T19:46:15.559+0000] {processor.py:840} INFO - DAG(s) 'prediction_dag' retrieved from /opt/airflow/dags/prediction_dag.py
[2025-11-30T19:46:15.605+0000] {logging_mixin.py:188} INFO - [2025-11-30T19:46:15.605+0000] {dag.py:3047} INFO - Sync 1 DAGs
[2025-11-30T19:46:15.627+0000] {logging_mixin.py:188} INFO - [2025-11-30T19:46:15.627+0000] {dag.py:3834} INFO - Setting next_dagrun for prediction_dag to 2025-11-30 19:46:00+00:00, run_after=2025-11-30 19:48:00+00:00
[2025-11-30T19:46:15.640+0000] {processor.py:183} INFO - Processing /opt/airflow/dags/prediction_dag.py took 0.132 seconds
[2025-11-30T19:46:46.010+0000] {processor.py:161} INFO - Started process (PID=65042) to work on /opt/airflow/dags/prediction_dag.py
[2025-11-30T19:46:46.012+0000] {processor.py:830} INFO - Processing file /opt/airflow/dags/prediction_dag.py for tasks to queue
[2025-11-30T19:46:46.013+0000] {logging_mixin.py:188} INFO - [2025-11-30T19:46:46.013+0000] {dagbag.py:540} INFO - Filling up the DagBag from /opt/airflow/dags/prediction_dag.py
[2025-11-30T19:46:46.039+0000] {processor.py:840} INFO - DAG(s) 'prediction_dag' retrieved from /opt/airflow/dags/prediction_dag.py
[2025-11-30T19:46:46.072+0000] {logging_mixin.py:188} INFO - [2025-11-30T19:46:46.072+0000] {dag.py:3047} INFO - Sync 1 DAGs
[2025-11-30T19:46:46.101+0000] {logging_mixin.py:188} INFO - [2025-11-30T19:46:46.101+0000] {dag.py:3834} INFO - Setting next_dagrun for prediction_dag to 2025-11-30 19:46:00+00:00, run_after=2025-11-30 19:48:00+00:00
[2025-11-30T19:46:46.115+0000] {processor.py:183} INFO - Processing /opt/airflow/dags/prediction_dag.py took 0.119 seconds
[2025-11-30T19:47:16.456+0000] {processor.py:161} INFO - Started process (PID=65122) to work on /opt/airflow/dags/prediction_dag.py
[2025-11-30T19:47:16.459+0000] {processor.py:830} INFO - Processing file /opt/airflow/dags/prediction_dag.py for tasks to queue
[2025-11-30T19:47:16.460+0000] {logging_mixin.py:188} INFO - [2025-11-30T19:47:16.460+0000] {dagbag.py:540} INFO - Filling up the DagBag from /opt/airflow/dags/prediction_dag.py
[2025-11-30T19:47:16.492+0000] {processor.py:840} INFO - DAG(s) 'prediction_dag' retrieved from /opt/airflow/dags/prediction_dag.py
[2025-11-30T19:47:16.538+0000] {logging_mixin.py:188} INFO - [2025-11-30T19:47:16.538+0000] {dag.py:3047} INFO - Sync 1 DAGs
[2025-11-30T19:47:16.565+0000] {logging_mixin.py:188} INFO - [2025-11-30T19:47:16.565+0000] {dag.py:3834} INFO - Setting next_dagrun for prediction_dag to 2025-11-30 19:46:00+00:00, run_after=2025-11-30 19:48:00+00:00
[2025-11-30T19:47:16.583+0000] {processor.py:183} INFO - Processing /opt/airflow/dags/prediction_dag.py took 0.144 seconds
[2025-11-30T19:47:46.954+0000] {processor.py:161} INFO - Started process (PID=65140) to work on /opt/airflow/dags/prediction_dag.py
[2025-11-30T19:47:46.957+0000] {processor.py:830} INFO - Processing file /opt/airflow/dags/prediction_dag.py for tasks to queue
[2025-11-30T19:47:46.959+0000] {logging_mixin.py:188} INFO - [2025-11-30T19:47:46.958+0000] {dagbag.py:540} INFO - Filling up the DagBag from /opt/airflow/dags/prediction_dag.py
[2025-11-30T19:47:47.001+0000] {processor.py:840} INFO - DAG(s) 'prediction_dag' retrieved from /opt/airflow/dags/prediction_dag.py
[2025-11-30T19:47:47.039+0000] {logging_mixin.py:188} INFO - [2025-11-30T19:47:47.039+0000] {dag.py:3047} INFO - Sync 1 DAGs
[2025-11-30T19:47:47.068+0000] {logging_mixin.py:188} INFO - [2025-11-30T19:47:47.068+0000] {dag.py:3834} INFO - Setting next_dagrun for prediction_dag to 2025-11-30 19:46:00+00:00, run_after=2025-11-30 19:48:00+00:00
[2025-11-30T19:47:47.085+0000] {processor.py:183} INFO - Processing /opt/airflow/dags/prediction_dag.py took 0.142 seconds
[2025-11-30T19:48:17.378+0000] {processor.py:161} INFO - Started process (PID=65226) to work on /opt/airflow/dags/prediction_dag.py
[2025-11-30T19:48:17.381+0000] {processor.py:830} INFO - Processing file /opt/airflow/dags/prediction_dag.py for tasks to queue
[2025-11-30T19:48:17.382+0000] {logging_mixin.py:188} INFO - [2025-11-30T19:48:17.382+0000] {dagbag.py:540} INFO - Filling up the DagBag from /opt/airflow/dags/prediction_dag.py
[2025-11-30T19:48:17.416+0000] {processor.py:840} INFO - DAG(s) 'prediction_dag' retrieved from /opt/airflow/dags/prediction_dag.py
[2025-11-30T19:48:17.459+0000] {logging_mixin.py:188} INFO - [2025-11-30T19:48:17.459+0000] {dag.py:3047} INFO - Sync 1 DAGs
[2025-11-30T19:48:17.488+0000] {logging_mixin.py:188} INFO - [2025-11-30T19:48:17.488+0000] {dag.py:3834} INFO - Setting next_dagrun for prediction_dag to 2025-11-30 19:48:00+00:00, run_after=2025-11-30 19:50:00+00:00
[2025-11-30T19:48:17.501+0000] {processor.py:183} INFO - Processing /opt/airflow/dags/prediction_dag.py took 0.136 seconds
[2025-11-30T19:48:47.883+0000] {processor.py:161} INFO - Started process (PID=65244) to work on /opt/airflow/dags/prediction_dag.py
[2025-11-30T19:48:47.887+0000] {processor.py:830} INFO - Processing file /opt/airflow/dags/prediction_dag.py for tasks to queue
[2025-11-30T19:48:47.888+0000] {logging_mixin.py:188} INFO - [2025-11-30T19:48:47.887+0000] {dagbag.py:540} INFO - Filling up the DagBag from /opt/airflow/dags/prediction_dag.py
[2025-11-30T19:48:47.930+0000] {processor.py:840} INFO - DAG(s) 'prediction_dag' retrieved from /opt/airflow/dags/prediction_dag.py
[2025-11-30T19:48:47.975+0000] {logging_mixin.py:188} INFO - [2025-11-30T19:48:47.975+0000] {dag.py:3047} INFO - Sync 1 DAGs
[2025-11-30T19:48:47.999+0000] {logging_mixin.py:188} INFO - [2025-11-30T19:48:47.999+0000] {dag.py:3834} INFO - Setting next_dagrun for prediction_dag to 2025-11-30 19:48:00+00:00, run_after=2025-11-30 19:50:00+00:00
[2025-11-30T19:48:48.017+0000] {processor.py:183} INFO - Processing /opt/airflow/dags/prediction_dag.py took 0.149 seconds
[2025-11-30T19:49:18.381+0000] {processor.py:161} INFO - Started process (PID=65324) to work on /opt/airflow/dags/prediction_dag.py
[2025-11-30T19:49:18.384+0000] {processor.py:830} INFO - Processing file /opt/airflow/dags/prediction_dag.py for tasks to queue
[2025-11-30T19:49:18.386+0000] {logging_mixin.py:188} INFO - [2025-11-30T19:49:18.386+0000] {dagbag.py:540} INFO - Filling up the DagBag from /opt/airflow/dags/prediction_dag.py
[2025-11-30T19:49:18.443+0000] {processor.py:840} INFO - DAG(s) 'prediction_dag' retrieved from /opt/airflow/dags/prediction_dag.py
[2025-11-30T19:49:18.533+0000] {logging_mixin.py:188} INFO - [2025-11-30T19:49:18.532+0000] {dag.py:3047} INFO - Sync 1 DAGs
[2025-11-30T19:49:18.564+0000] {logging_mixin.py:188} INFO - [2025-11-30T19:49:18.564+0000] {dag.py:3834} INFO - Setting next_dagrun for prediction_dag to 2025-11-30 19:48:00+00:00, run_after=2025-11-30 19:50:00+00:00
[2025-11-30T19:49:18.581+0000] {processor.py:183} INFO - Processing /opt/airflow/dags/prediction_dag.py took 0.216 seconds
[2025-11-30T19:49:49.037+0000] {processor.py:161} INFO - Started process (PID=65342) to work on /opt/airflow/dags/prediction_dag.py
[2025-11-30T19:49:49.041+0000] {processor.py:830} INFO - Processing file /opt/airflow/dags/prediction_dag.py for tasks to queue
[2025-11-30T19:49:49.043+0000] {logging_mixin.py:188} INFO - [2025-11-30T19:49:49.042+0000] {dagbag.py:540} INFO - Filling up the DagBag from /opt/airflow/dags/prediction_dag.py
[2025-11-30T19:49:49.086+0000] {processor.py:840} INFO - DAG(s) 'prediction_dag' retrieved from /opt/airflow/dags/prediction_dag.py
[2025-11-30T19:49:49.144+0000] {logging_mixin.py:188} INFO - [2025-11-30T19:49:49.143+0000] {dag.py:3047} INFO - Sync 1 DAGs
[2025-11-30T19:49:49.185+0000] {logging_mixin.py:188} INFO - [2025-11-30T19:49:49.184+0000] {dag.py:3834} INFO - Setting next_dagrun for prediction_dag to 2025-11-30 19:48:00+00:00, run_after=2025-11-30 19:50:00+00:00
[2025-11-30T19:49:49.205+0000] {processor.py:183} INFO - Processing /opt/airflow/dags/prediction_dag.py took 0.182 seconds
[2025-11-30T20:42:31.152+0000] {processor.py:161} INFO - Started process (PID=65419) to work on /opt/airflow/dags/prediction_dag.py
[2025-11-30T20:42:31.156+0000] {processor.py:830} INFO - Processing file /opt/airflow/dags/prediction_dag.py for tasks to queue
[2025-11-30T20:42:31.161+0000] {logging_mixin.py:188} INFO - [2025-11-30T20:42:31.159+0000] {dagbag.py:540} INFO - Filling up the DagBag from /opt/airflow/dags/prediction_dag.py
[2025-11-30T20:42:31.380+0000] {processor.py:840} INFO - DAG(s) 'prediction_dag' retrieved from /opt/airflow/dags/prediction_dag.py
[2025-11-30T20:42:31.852+0000] {logging_mixin.py:188} INFO - [2025-11-30T20:42:31.851+0000] {dag.py:3047} INFO - Sync 1 DAGs
[2025-11-30T20:42:32.043+0000] {logging_mixin.py:188} INFO - [2025-11-30T20:42:32.042+0000] {dag.py:3834} INFO - Setting next_dagrun for prediction_dag to 2025-11-30 20:42:00+00:00, run_after=2025-11-30 20:44:00+00:00
[2025-11-30T20:42:32.264+0000] {processor.py:183} INFO - Processing /opt/airflow/dags/prediction_dag.py took 1.147 seconds
[2025-11-30T20:45:34.845+0000] {processor.py:161} INFO - Started process (PID=65520) to work on /opt/airflow/dags/prediction_dag.py
[2025-11-30T20:45:34.860+0000] {processor.py:830} INFO - Processing file /opt/airflow/dags/prediction_dag.py for tasks to queue
[2025-11-30T20:45:34.875+0000] {logging_mixin.py:188} INFO - [2025-11-30T20:45:34.870+0000] {dagbag.py:540} INFO - Filling up the DagBag from /opt/airflow/dags/prediction_dag.py
[2025-11-30T20:45:35.133+0000] {processor.py:840} INFO - DAG(s) 'prediction_dag' retrieved from /opt/airflow/dags/prediction_dag.py
[2025-11-30T20:45:35.485+0000] {logging_mixin.py:188} INFO - [2025-11-30T20:45:35.482+0000] {dag.py:3047} INFO - Sync 1 DAGs
[2025-11-30T20:45:35.893+0000] {logging_mixin.py:188} INFO - [2025-11-30T20:45:35.887+0000] {dag.py:3834} INFO - Setting next_dagrun for prediction_dag to 2025-11-30 20:44:00+00:00, run_after=2025-11-30 20:46:00+00:00
[2025-11-30T20:45:36.077+0000] {processor.py:183} INFO - Processing /opt/airflow/dags/prediction_dag.py took 1.281 seconds
[2025-11-30T20:46:06.814+0000] {processor.py:161} INFO - Started process (PID=65615) to work on /opt/airflow/dags/prediction_dag.py
[2025-11-30T20:46:06.816+0000] {processor.py:830} INFO - Processing file /opt/airflow/dags/prediction_dag.py for tasks to queue
[2025-11-30T20:46:06.821+0000] {logging_mixin.py:188} INFO - [2025-11-30T20:46:06.819+0000] {dagbag.py:540} INFO - Filling up the DagBag from /opt/airflow/dags/prediction_dag.py
[2025-11-30T20:46:06.897+0000] {processor.py:840} INFO - DAG(s) 'prediction_dag' retrieved from /opt/airflow/dags/prediction_dag.py
[2025-11-30T20:46:07.057+0000] {logging_mixin.py:188} INFO - [2025-11-30T20:46:07.056+0000] {dag.py:3047} INFO - Sync 1 DAGs
[2025-11-30T20:46:07.156+0000] {logging_mixin.py:188} INFO - [2025-11-30T20:46:07.155+0000] {dag.py:3834} INFO - Setting next_dagrun for prediction_dag to 2025-11-30 20:46:00+00:00, run_after=2025-11-30 20:48:00+00:00
[2025-11-30T20:46:07.228+0000] {processor.py:183} INFO - Processing /opt/airflow/dags/prediction_dag.py took 0.434 seconds
[2025-11-30T20:46:38.109+0000] {processor.py:161} INFO - Started process (PID=65796) to work on /opt/airflow/dags/prediction_dag.py
[2025-11-30T20:46:38.112+0000] {processor.py:830} INFO - Processing file /opt/airflow/dags/prediction_dag.py for tasks to queue
[2025-11-30T20:46:38.115+0000] {logging_mixin.py:188} INFO - [2025-11-30T20:46:38.114+0000] {dagbag.py:540} INFO - Filling up the DagBag from /opt/airflow/dags/prediction_dag.py
[2025-11-30T20:46:38.158+0000] {processor.py:840} INFO - DAG(s) 'prediction_dag' retrieved from /opt/airflow/dags/prediction_dag.py
[2025-11-30T20:46:38.217+0000] {logging_mixin.py:188} INFO - [2025-11-30T20:46:38.217+0000] {dag.py:3047} INFO - Sync 1 DAGs
[2025-11-30T20:46:38.247+0000] {logging_mixin.py:188} INFO - [2025-11-30T20:46:38.247+0000] {dag.py:3834} INFO - Setting next_dagrun for prediction_dag to 2025-11-30 20:46:00+00:00, run_after=2025-11-30 20:48:00+00:00
[2025-11-30T20:46:38.264+0000] {processor.py:183} INFO - Processing /opt/airflow/dags/prediction_dag.py took 0.164 seconds
[2025-11-30T21:27:12.116+0000] {processor.py:161} INFO - Started process (PID=65823) to work on /opt/airflow/dags/prediction_dag.py
[2025-11-30T21:27:12.122+0000] {processor.py:830} INFO - Processing file /opt/airflow/dags/prediction_dag.py for tasks to queue
[2025-11-30T21:27:12.129+0000] {logging_mixin.py:188} INFO - [2025-11-30T21:27:12.126+0000] {dagbag.py:540} INFO - Filling up the DagBag from /opt/airflow/dags/prediction_dag.py
[2025-11-30T21:27:12.192+0000] {processor.py:840} INFO - DAG(s) 'prediction_dag' retrieved from /opt/airflow/dags/prediction_dag.py
[2025-11-30T21:27:12.309+0000] {logging_mixin.py:188} INFO - [2025-11-30T21:27:12.309+0000] {dag.py:3047} INFO - Sync 1 DAGs
[2025-11-30T21:27:12.391+0000] {logging_mixin.py:188} INFO - [2025-11-30T21:27:12.391+0000] {dag.py:3834} INFO - Setting next_dagrun for prediction_dag to 2025-11-30 21:26:00+00:00, run_after=2025-11-30 21:28:00+00:00
[2025-11-30T21:27:12.457+0000] {processor.py:183} INFO - Processing /opt/airflow/dags/prediction_dag.py took 0.346 seconds
[2025-11-30T21:27:42.870+0000] {processor.py:161} INFO - Started process (PID=66021) to work on /opt/airflow/dags/prediction_dag.py
[2025-11-30T21:27:42.873+0000] {processor.py:830} INFO - Processing file /opt/airflow/dags/prediction_dag.py for tasks to queue
[2025-11-30T21:27:42.874+0000] {logging_mixin.py:188} INFO - [2025-11-30T21:27:42.874+0000] {dagbag.py:540} INFO - Filling up the DagBag from /opt/airflow/dags/prediction_dag.py
[2025-11-30T21:27:42.907+0000] {processor.py:840} INFO - DAG(s) 'prediction_dag' retrieved from /opt/airflow/dags/prediction_dag.py
[2025-11-30T21:27:42.949+0000] {logging_mixin.py:188} INFO - [2025-11-30T21:27:42.949+0000] {dag.py:3047} INFO - Sync 1 DAGs
[2025-11-30T21:27:42.979+0000] {logging_mixin.py:188} INFO - [2025-11-30T21:27:42.979+0000] {dag.py:3834} INFO - Setting next_dagrun for prediction_dag to 2025-11-30 21:26:00+00:00, run_after=2025-11-30 21:28:00+00:00
[2025-11-30T21:27:42.993+0000] {processor.py:183} INFO - Processing /opt/airflow/dags/prediction_dag.py took 0.137 seconds
[2025-11-30T21:28:13.113+0000] {processor.py:161} INFO - Started process (PID=66107) to work on /opt/airflow/dags/prediction_dag.py
[2025-11-30T21:28:13.115+0000] {processor.py:830} INFO - Processing file /opt/airflow/dags/prediction_dag.py for tasks to queue
[2025-11-30T21:28:13.117+0000] {logging_mixin.py:188} INFO - [2025-11-30T21:28:13.116+0000] {dagbag.py:540} INFO - Filling up the DagBag from /opt/airflow/dags/prediction_dag.py
[2025-11-30T21:28:13.143+0000] {processor.py:840} INFO - DAG(s) 'prediction_dag' retrieved from /opt/airflow/dags/prediction_dag.py
[2025-11-30T21:28:13.193+0000] {logging_mixin.py:188} INFO - [2025-11-30T21:28:13.193+0000] {dag.py:3047} INFO - Sync 1 DAGs
[2025-11-30T21:28:13.229+0000] {logging_mixin.py:188} INFO - [2025-11-30T21:28:13.229+0000] {dag.py:3834} INFO - Setting next_dagrun for prediction_dag to 2025-11-30 21:28:00+00:00, run_after=2025-11-30 21:30:00+00:00
[2025-11-30T21:28:13.248+0000] {processor.py:183} INFO - Processing /opt/airflow/dags/prediction_dag.py took 0.142 seconds
[2025-11-30T21:28:43.437+0000] {processor.py:161} INFO - Started process (PID=66125) to work on /opt/airflow/dags/prediction_dag.py
[2025-11-30T21:28:43.442+0000] {processor.py:830} INFO - Processing file /opt/airflow/dags/prediction_dag.py for tasks to queue
[2025-11-30T21:28:43.443+0000] {logging_mixin.py:188} INFO - [2025-11-30T21:28:43.443+0000] {dagbag.py:540} INFO - Filling up the DagBag from /opt/airflow/dags/prediction_dag.py
[2025-11-30T21:28:43.474+0000] {processor.py:840} INFO - DAG(s) 'prediction_dag' retrieved from /opt/airflow/dags/prediction_dag.py
[2025-11-30T21:28:43.517+0000] {logging_mixin.py:188} INFO - [2025-11-30T21:28:43.516+0000] {dag.py:3047} INFO - Sync 1 DAGs
[2025-11-30T21:28:43.542+0000] {logging_mixin.py:188} INFO - [2025-11-30T21:28:43.542+0000] {dag.py:3834} INFO - Setting next_dagrun for prediction_dag to 2025-11-30 21:28:00+00:00, run_after=2025-11-30 21:30:00+00:00
[2025-11-30T21:28:43.560+0000] {processor.py:183} INFO - Processing /opt/airflow/dags/prediction_dag.py took 0.136 seconds
[2025-11-30T21:29:13.868+0000] {processor.py:161} INFO - Started process (PID=66205) to work on /opt/airflow/dags/prediction_dag.py
[2025-11-30T21:29:13.874+0000] {processor.py:830} INFO - Processing file /opt/airflow/dags/prediction_dag.py for tasks to queue
[2025-11-30T21:29:13.875+0000] {logging_mixin.py:188} INFO - [2025-11-30T21:29:13.875+0000] {dagbag.py:540} INFO - Filling up the DagBag from /opt/airflow/dags/prediction_dag.py
[2025-11-30T21:29:13.911+0000] {processor.py:840} INFO - DAG(s) 'prediction_dag' retrieved from /opt/airflow/dags/prediction_dag.py
[2025-11-30T21:29:13.969+0000] {logging_mixin.py:188} INFO - [2025-11-30T21:29:13.968+0000] {dag.py:3047} INFO - Sync 1 DAGs
[2025-11-30T21:29:14.002+0000] {logging_mixin.py:188} INFO - [2025-11-30T21:29:14.002+0000] {dag.py:3834} INFO - Setting next_dagrun for prediction_dag to 2025-11-30 21:28:00+00:00, run_after=2025-11-30 21:30:00+00:00
[2025-11-30T21:29:14.024+0000] {processor.py:183} INFO - Processing /opt/airflow/dags/prediction_dag.py took 0.164 seconds
[2025-11-30T21:29:44.347+0000] {processor.py:161} INFO - Started process (PID=66223) to work on /opt/airflow/dags/prediction_dag.py
[2025-11-30T21:29:44.349+0000] {processor.py:830} INFO - Processing file /opt/airflow/dags/prediction_dag.py for tasks to queue
[2025-11-30T21:29:44.351+0000] {logging_mixin.py:188} INFO - [2025-11-30T21:29:44.350+0000] {dagbag.py:540} INFO - Filling up the DagBag from /opt/airflow/dags/prediction_dag.py
[2025-11-30T21:29:44.383+0000] {processor.py:840} INFO - DAG(s) 'prediction_dag' retrieved from /opt/airflow/dags/prediction_dag.py
[2025-11-30T21:29:44.431+0000] {logging_mixin.py:188} INFO - [2025-11-30T21:29:44.431+0000] {dag.py:3047} INFO - Sync 1 DAGs
[2025-11-30T21:29:44.459+0000] {logging_mixin.py:188} INFO - [2025-11-30T21:29:44.459+0000] {dag.py:3834} INFO - Setting next_dagrun for prediction_dag to 2025-11-30 21:28:00+00:00, run_after=2025-11-30 21:30:00+00:00
[2025-11-30T21:29:44.477+0000] {processor.py:183} INFO - Processing /opt/airflow/dags/prediction_dag.py took 0.143 seconds
[2025-11-30T21:30:14.571+0000] {processor.py:161} INFO - Started process (PID=66309) to work on /opt/airflow/dags/prediction_dag.py
[2025-11-30T21:30:14.574+0000] {processor.py:830} INFO - Processing file /opt/airflow/dags/prediction_dag.py for tasks to queue
[2025-11-30T21:30:14.576+0000] {logging_mixin.py:188} INFO - [2025-11-30T21:30:14.575+0000] {dagbag.py:540} INFO - Filling up the DagBag from /opt/airflow/dags/prediction_dag.py
[2025-11-30T21:30:14.609+0000] {processor.py:840} INFO - DAG(s) 'prediction_dag' retrieved from /opt/airflow/dags/prediction_dag.py
[2025-11-30T21:30:14.660+0000] {logging_mixin.py:188} INFO - [2025-11-30T21:30:14.659+0000] {dag.py:3047} INFO - Sync 1 DAGs
[2025-11-30T21:30:14.691+0000] {logging_mixin.py:188} INFO - [2025-11-30T21:30:14.691+0000] {dag.py:3834} INFO - Setting next_dagrun for prediction_dag to 2025-11-30 21:30:00+00:00, run_after=2025-11-30 21:32:00+00:00
[2025-11-30T21:30:14.705+0000] {processor.py:183} INFO - Processing /opt/airflow/dags/prediction_dag.py took 0.146 seconds
[2025-11-30T21:30:45.110+0000] {processor.py:161} INFO - Started process (PID=66327) to work on /opt/airflow/dags/prediction_dag.py
[2025-11-30T21:30:45.112+0000] {processor.py:830} INFO - Processing file /opt/airflow/dags/prediction_dag.py for tasks to queue
[2025-11-30T21:30:45.114+0000] {logging_mixin.py:188} INFO - [2025-11-30T21:30:45.113+0000] {dagbag.py:540} INFO - Filling up the DagBag from /opt/airflow/dags/prediction_dag.py
[2025-11-30T21:30:45.157+0000] {processor.py:840} INFO - DAG(s) 'prediction_dag' retrieved from /opt/airflow/dags/prediction_dag.py
[2025-11-30T21:30:45.206+0000] {logging_mixin.py:188} INFO - [2025-11-30T21:30:45.206+0000] {dag.py:3047} INFO - Sync 1 DAGs
[2025-11-30T21:30:45.230+0000] {logging_mixin.py:188} INFO - [2025-11-30T21:30:45.230+0000] {dag.py:3834} INFO - Setting next_dagrun for prediction_dag to 2025-11-30 21:30:00+00:00, run_after=2025-11-30 21:32:00+00:00
[2025-11-30T21:30:45.248+0000] {processor.py:183} INFO - Processing /opt/airflow/dags/prediction_dag.py took 0.157 seconds
[2025-11-30T21:31:15.544+0000] {processor.py:161} INFO - Started process (PID=66407) to work on /opt/airflow/dags/prediction_dag.py
[2025-11-30T21:31:15.549+0000] {processor.py:830} INFO - Processing file /opt/airflow/dags/prediction_dag.py for tasks to queue
[2025-11-30T21:31:15.550+0000] {logging_mixin.py:188} INFO - [2025-11-30T21:31:15.549+0000] {dagbag.py:540} INFO - Filling up the DagBag from /opt/airflow/dags/prediction_dag.py
[2025-11-30T21:31:15.579+0000] {processor.py:840} INFO - DAG(s) 'prediction_dag' retrieved from /opt/airflow/dags/prediction_dag.py
[2025-11-30T21:31:15.618+0000] {logging_mixin.py:188} INFO - [2025-11-30T21:31:15.617+0000] {dag.py:3047} INFO - Sync 1 DAGs
[2025-11-30T21:31:15.638+0000] {logging_mixin.py:188} INFO - [2025-11-30T21:31:15.638+0000] {dag.py:3834} INFO - Setting next_dagrun for prediction_dag to 2025-11-30 21:30:00+00:00, run_after=2025-11-30 21:32:00+00:00
[2025-11-30T21:31:15.650+0000] {processor.py:183} INFO - Processing /opt/airflow/dags/prediction_dag.py took 0.115 seconds
[2025-11-30T21:31:45.755+0000] {processor.py:161} INFO - Started process (PID=66425) to work on /opt/airflow/dags/prediction_dag.py
[2025-11-30T21:31:45.758+0000] {processor.py:830} INFO - Processing file /opt/airflow/dags/prediction_dag.py for tasks to queue
[2025-11-30T21:31:45.760+0000] {logging_mixin.py:188} INFO - [2025-11-30T21:31:45.759+0000] {dagbag.py:540} INFO - Filling up the DagBag from /opt/airflow/dags/prediction_dag.py
[2025-11-30T21:31:45.785+0000] {processor.py:840} INFO - DAG(s) 'prediction_dag' retrieved from /opt/airflow/dags/prediction_dag.py
[2025-11-30T21:31:45.812+0000] {logging_mixin.py:188} INFO - [2025-11-30T21:31:45.812+0000] {dag.py:3047} INFO - Sync 1 DAGs
[2025-11-30T21:31:45.829+0000] {logging_mixin.py:188} INFO - [2025-11-30T21:31:45.829+0000] {dag.py:3834} INFO - Setting next_dagrun for prediction_dag to 2025-11-30 21:30:00+00:00, run_after=2025-11-30 21:32:00+00:00
[2025-11-30T21:31:45.840+0000] {processor.py:183} INFO - Processing /opt/airflow/dags/prediction_dag.py took 0.093 seconds
[2025-11-30T21:32:16.187+0000] {processor.py:161} INFO - Started process (PID=66511) to work on /opt/airflow/dags/prediction_dag.py
[2025-11-30T21:32:16.190+0000] {processor.py:830} INFO - Processing file /opt/airflow/dags/prediction_dag.py for tasks to queue
[2025-11-30T21:32:16.192+0000] {logging_mixin.py:188} INFO - [2025-11-30T21:32:16.191+0000] {dagbag.py:540} INFO - Filling up the DagBag from /opt/airflow/dags/prediction_dag.py
[2025-11-30T21:32:16.232+0000] {processor.py:840} INFO - DAG(s) 'prediction_dag' retrieved from /opt/airflow/dags/prediction_dag.py
[2025-11-30T21:32:16.275+0000] {logging_mixin.py:188} INFO - [2025-11-30T21:32:16.275+0000] {dag.py:3047} INFO - Sync 1 DAGs
[2025-11-30T21:32:16.307+0000] {logging_mixin.py:188} INFO - [2025-11-30T21:32:16.307+0000] {dag.py:3834} INFO - Setting next_dagrun for prediction_dag to 2025-11-30 21:32:00+00:00, run_after=2025-11-30 21:34:00+00:00
[2025-11-30T21:32:16.326+0000] {processor.py:183} INFO - Processing /opt/airflow/dags/prediction_dag.py took 0.150 seconds
[2025-11-30T21:32:46.693+0000] {processor.py:161} INFO - Started process (PID=66529) to work on /opt/airflow/dags/prediction_dag.py
[2025-11-30T21:32:46.696+0000] {processor.py:830} INFO - Processing file /opt/airflow/dags/prediction_dag.py for tasks to queue
[2025-11-30T21:32:46.697+0000] {logging_mixin.py:188} INFO - [2025-11-30T21:32:46.697+0000] {dagbag.py:540} INFO - Filling up the DagBag from /opt/airflow/dags/prediction_dag.py
[2025-11-30T21:32:46.719+0000] {processor.py:840} INFO - DAG(s) 'prediction_dag' retrieved from /opt/airflow/dags/prediction_dag.py
[2025-11-30T21:32:46.745+0000] {logging_mixin.py:188} INFO - [2025-11-30T21:32:46.745+0000] {dag.py:3047} INFO - Sync 1 DAGs
[2025-11-30T21:32:46.770+0000] {logging_mixin.py:188} INFO - [2025-11-30T21:32:46.769+0000] {dag.py:3834} INFO - Setting next_dagrun for prediction_dag to 2025-11-30 21:32:00+00:00, run_after=2025-11-30 21:34:00+00:00
[2025-11-30T21:32:46.779+0000] {processor.py:183} INFO - Processing /opt/airflow/dags/prediction_dag.py took 0.096 seconds
[2025-11-30T21:33:17.077+0000] {processor.py:161} INFO - Started process (PID=66609) to work on /opt/airflow/dags/prediction_dag.py
[2025-11-30T21:33:17.080+0000] {processor.py:830} INFO - Processing file /opt/airflow/dags/prediction_dag.py for tasks to queue
[2025-11-30T21:33:17.082+0000] {logging_mixin.py:188} INFO - [2025-11-30T21:33:17.081+0000] {dagbag.py:540} INFO - Filling up the DagBag from /opt/airflow/dags/prediction_dag.py
[2025-11-30T21:33:17.104+0000] {processor.py:840} INFO - DAG(s) 'prediction_dag' retrieved from /opt/airflow/dags/prediction_dag.py
[2025-11-30T21:33:17.129+0000] {logging_mixin.py:188} INFO - [2025-11-30T21:33:17.129+0000] {dag.py:3047} INFO - Sync 1 DAGs
[2025-11-30T21:33:17.145+0000] {logging_mixin.py:188} INFO - [2025-11-30T21:33:17.145+0000] {dag.py:3834} INFO - Setting next_dagrun for prediction_dag to 2025-11-30 21:32:00+00:00, run_after=2025-11-30 21:34:00+00:00
[2025-11-30T21:33:17.156+0000] {processor.py:183} INFO - Processing /opt/airflow/dags/prediction_dag.py took 0.090 seconds
[2025-11-30T21:33:47.212+0000] {processor.py:161} INFO - Started process (PID=66627) to work on /opt/airflow/dags/prediction_dag.py
[2025-11-30T21:33:47.214+0000] {processor.py:830} INFO - Processing file /opt/airflow/dags/prediction_dag.py for tasks to queue
[2025-11-30T21:33:47.215+0000] {logging_mixin.py:188} INFO - [2025-11-30T21:33:47.215+0000] {dagbag.py:540} INFO - Filling up the DagBag from /opt/airflow/dags/prediction_dag.py
[2025-11-30T21:33:47.241+0000] {processor.py:840} INFO - DAG(s) 'prediction_dag' retrieved from /opt/airflow/dags/prediction_dag.py
[2025-11-30T21:33:47.273+0000] {logging_mixin.py:188} INFO - [2025-11-30T21:33:47.273+0000] {dag.py:3047} INFO - Sync 1 DAGs
[2025-11-30T21:33:47.291+0000] {logging_mixin.py:188} INFO - [2025-11-30T21:33:47.291+0000] {dag.py:3834} INFO - Setting next_dagrun for prediction_dag to 2025-11-30 21:32:00+00:00, run_after=2025-11-30 21:34:00+00:00
[2025-11-30T21:33:47.302+0000] {processor.py:183} INFO - Processing /opt/airflow/dags/prediction_dag.py took 0.099 seconds
[2025-11-30T21:34:17.614+0000] {processor.py:161} INFO - Started process (PID=66713) to work on /opt/airflow/dags/prediction_dag.py
[2025-11-30T21:34:17.686+0000] {processor.py:830} INFO - Processing file /opt/airflow/dags/prediction_dag.py for tasks to queue
[2025-11-30T21:34:17.717+0000] {logging_mixin.py:188} INFO - [2025-11-30T21:34:17.701+0000] {dagbag.py:540} INFO - Filling up the DagBag from /opt/airflow/dags/prediction_dag.py
[2025-11-30T21:34:17.771+0000] {processor.py:840} INFO - DAG(s) 'prediction_dag' retrieved from /opt/airflow/dags/prediction_dag.py
[2025-11-30T21:34:17.868+0000] {logging_mixin.py:188} INFO - [2025-11-30T21:34:17.866+0000] {dag.py:3047} INFO - Sync 1 DAGs
[2025-11-30T21:34:17.958+0000] {logging_mixin.py:188} INFO - [2025-11-30T21:34:17.958+0000] {dag.py:3834} INFO - Setting next_dagrun for prediction_dag to 2025-11-30 21:34:00+00:00, run_after=2025-11-30 21:36:00+00:00
[2025-11-30T21:34:17.974+0000] {processor.py:183} INFO - Processing /opt/airflow/dags/prediction_dag.py took 0.384 seconds
[2025-11-30T22:15:09.453+0000] {processor.py:161} INFO - Started process (PID=66722) to work on /opt/airflow/dags/prediction_dag.py
[2025-11-30T22:15:09.462+0000] {processor.py:830} INFO - Processing file /opt/airflow/dags/prediction_dag.py for tasks to queue
[2025-11-30T22:15:09.474+0000] {logging_mixin.py:188} INFO - [2025-11-30T22:15:09.470+0000] {dagbag.py:540} INFO - Filling up the DagBag from /opt/airflow/dags/prediction_dag.py
[2025-11-30T22:15:09.620+0000] {processor.py:840} INFO - DAG(s) 'prediction_dag' retrieved from /opt/airflow/dags/prediction_dag.py
[2025-11-30T22:15:09.864+0000] {logging_mixin.py:188} INFO - [2025-11-30T22:15:09.863+0000] {dag.py:3047} INFO - Sync 1 DAGs
[2025-11-30T22:15:10.033+0000] {logging_mixin.py:188} INFO - [2025-11-30T22:15:10.032+0000] {dag.py:3834} INFO - Setting next_dagrun for prediction_dag to 2025-11-30 22:14:00+00:00, run_after=2025-11-30 22:16:00+00:00
[2025-11-30T22:15:10.181+0000] {processor.py:183} INFO - Processing /opt/airflow/dags/prediction_dag.py took 0.739 seconds
[2025-11-30T22:48:15.811+0000] {processor.py:161} INFO - Started process (PID=66881) to work on /opt/airflow/dags/prediction_dag.py
[2025-11-30T22:48:15.813+0000] {processor.py:830} INFO - Processing file /opt/airflow/dags/prediction_dag.py for tasks to queue
[2025-11-30T22:48:15.814+0000] {logging_mixin.py:188} INFO - [2025-11-30T22:48:15.814+0000] {dagbag.py:540} INFO - Filling up the DagBag from /opt/airflow/dags/prediction_dag.py
[2025-11-30T22:48:15.856+0000] {processor.py:840} INFO - DAG(s) 'prediction_dag' retrieved from /opt/airflow/dags/prediction_dag.py
[2025-11-30T22:48:15.965+0000] {logging_mixin.py:188} INFO - [2025-11-30T22:48:15.965+0000] {dag.py:3047} INFO - Sync 1 DAGs
[2025-11-30T22:48:16.084+0000] {logging_mixin.py:188} INFO - [2025-11-30T22:48:16.084+0000] {dag.py:3834} INFO - Setting next_dagrun for prediction_dag to 2025-11-30 22:48:00+00:00, run_after=2025-11-30 22:50:00+00:00
[2025-11-30T22:48:16.189+0000] {processor.py:183} INFO - Processing /opt/airflow/dags/prediction_dag.py took 0.383 seconds
[2025-11-30T23:39:32.335+0000] {processor.py:161} INFO - Started process (PID=67037) to work on /opt/airflow/dags/prediction_dag.py
[2025-11-30T23:39:32.340+0000] {processor.py:830} INFO - Processing file /opt/airflow/dags/prediction_dag.py for tasks to queue
[2025-11-30T23:39:32.346+0000] {logging_mixin.py:188} INFO - [2025-11-30T23:39:32.345+0000] {dagbag.py:540} INFO - Filling up the DagBag from /opt/airflow/dags/prediction_dag.py
[2025-11-30T23:39:32.391+0000] {processor.py:840} INFO - DAG(s) 'prediction_dag' retrieved from /opt/airflow/dags/prediction_dag.py
[2025-11-30T23:39:32.479+0000] {logging_mixin.py:188} INFO - [2025-11-30T23:39:32.478+0000] {dag.py:3047} INFO - Sync 1 DAGs
[2025-11-30T23:39:32.567+0000] {logging_mixin.py:188} INFO - [2025-11-30T23:39:32.567+0000] {dag.py:3834} INFO - Setting next_dagrun for prediction_dag to 2025-11-30 23:36:00+00:00, run_after=2025-11-30 23:38:00+00:00
[2025-11-30T23:39:32.662+0000] {processor.py:183} INFO - Processing /opt/airflow/dags/prediction_dag.py took 0.340 seconds
