[2025-12-01T00:16:26.509+0000] {processor.py:161} INFO - Started process (PID=67189) to work on /opt/airflow/dags/ingestion_dag.py
[2025-12-01T00:16:26.512+0000] {processor.py:830} INFO - Processing file /opt/airflow/dags/ingestion_dag.py for tasks to queue
[2025-12-01T00:16:26.518+0000] {logging_mixin.py:188} INFO - [2025-12-01T00:16:26.517+0000] {dagbag.py:540} INFO - Filling up the DagBag from /opt/airflow/dags/ingestion_dag.py
[2025-12-01T00:16:33.222+0000] {logging_mixin.py:188} INFO - [2025-12-01T00:16:33.220+0000] {warnings.py:109} WARNING - /opt/airflow/dags/ingestion_dag.py:257: RemovedInAirflow3Warning: Function `days_ago` is deprecated and will be removed in Airflow 3.0. You can achieve equivalent behavior with `pendulum.today('UTC').add(days=-N, ...)`
  start_date=days_ago(1),
[2025-12-01T00:16:33.223+0000] {logging_mixin.py:188} INFO - [2025-12-01T00:16:33.223+0000] {warnings.py:109} WARNING - /opt/airflow/dags/ingestion_dag.py:254: RemovedInAirflow3Warning: Param `schedule_interval` is deprecated and will be removed in a future release. Please use `schedule` instead. 
  with DAG(
[2025-12-01T00:16:33.240+0000] {processor.py:840} INFO - DAG(s) 'ingestion_dag' retrieved from /opt/airflow/dags/ingestion_dag.py
[2025-12-01T00:16:33.451+0000] {logging_mixin.py:188} INFO - [2025-12-01T00:16:33.451+0000] {dag.py:3047} INFO - Sync 1 DAGs
[2025-12-01T00:16:33.509+0000] {logging_mixin.py:188} INFO - [2025-12-01T00:16:33.508+0000] {dag.py:3834} INFO - Setting next_dagrun for ingestion_dag to 2025-12-01 00:16:00+00:00, run_after=2025-12-01 00:17:00+00:00
[2025-12-01T00:16:33.546+0000] {processor.py:183} INFO - Processing /opt/airflow/dags/ingestion_dag.py took 7.058 seconds
[2025-12-01T01:24:57.523+0000] {processor.py:161} INFO - Started process (PID=67402) to work on /opt/airflow/dags/ingestion_dag.py
[2025-12-01T01:24:57.595+0000] {processor.py:830} INFO - Processing file /opt/airflow/dags/ingestion_dag.py for tasks to queue
[2025-12-01T01:24:57.629+0000] {logging_mixin.py:188} INFO - [2025-12-01T01:24:57.623+0000] {dagbag.py:540} INFO - Filling up the DagBag from /opt/airflow/dags/ingestion_dag.py
[2025-12-01T01:25:25.156+0000] {logging_mixin.py:188} INFO - [2025-12-01T01:25:25.146+0000] {warnings.py:109} WARNING - /opt/airflow/dags/ingestion_dag.py:257: RemovedInAirflow3Warning: Function `days_ago` is deprecated and will be removed in Airflow 3.0. You can achieve equivalent behavior with `pendulum.today('UTC').add(days=-N, ...)`
  start_date=days_ago(1),
[2025-12-01T01:25:25.164+0000] {logging_mixin.py:188} INFO - [2025-12-01T01:25:25.163+0000] {warnings.py:109} WARNING - /opt/airflow/dags/ingestion_dag.py:254: RemovedInAirflow3Warning: Param `schedule_interval` is deprecated and will be removed in a future release. Please use `schedule` instead. 
  with DAG(
[2025-12-01T01:25:25.209+0000] {processor.py:840} INFO - DAG(s) 'ingestion_dag' retrieved from /opt/airflow/dags/ingestion_dag.py
[2025-12-01T01:25:25.306+0000] {logging_mixin.py:188} INFO - [2025-12-01T01:25:25.305+0000] {dag.py:3047} INFO - Sync 1 DAGs
[2025-12-01T01:25:25.400+0000] {logging_mixin.py:188} INFO - [2025-12-01T01:25:25.400+0000] {dag.py:3834} INFO - Setting next_dagrun for ingestion_dag to 2025-12-01 01:25:00+00:00, run_after=2025-12-01 01:26:00+00:00
[2025-12-01T01:25:25.452+0000] {processor.py:183} INFO - Processing /opt/airflow/dags/ingestion_dag.py took 28.437 seconds
[2025-12-01T02:44:34.574+0000] {processor.py:161} INFO - Started process (PID=67476) to work on /opt/airflow/dags/ingestion_dag.py
[2025-12-01T02:44:34.581+0000] {processor.py:830} INFO - Processing file /opt/airflow/dags/ingestion_dag.py for tasks to queue
[2025-12-01T02:44:34.585+0000] {logging_mixin.py:188} INFO - [2025-12-01T02:44:34.585+0000] {dagbag.py:540} INFO - Filling up the DagBag from /opt/airflow/dags/ingestion_dag.py
[2025-12-01T02:44:43.800+0000] {logging_mixin.py:188} INFO - [2025-12-01T02:44:43.796+0000] {warnings.py:109} WARNING - /opt/airflow/dags/ingestion_dag.py:257: RemovedInAirflow3Warning: Function `days_ago` is deprecated and will be removed in Airflow 3.0. You can achieve equivalent behavior with `pendulum.today('UTC').add(days=-N, ...)`
  start_date=days_ago(1),
[2025-12-01T02:44:43.805+0000] {logging_mixin.py:188} INFO - [2025-12-01T02:44:43.805+0000] {warnings.py:109} WARNING - /opt/airflow/dags/ingestion_dag.py:254: RemovedInAirflow3Warning: Param `schedule_interval` is deprecated and will be removed in a future release. Please use `schedule` instead. 
  with DAG(
[2025-12-01T02:44:43.839+0000] {processor.py:840} INFO - DAG(s) 'ingestion_dag' retrieved from /opt/airflow/dags/ingestion_dag.py
[2025-12-01T02:44:43.990+0000] {logging_mixin.py:188} INFO - [2025-12-01T02:44:43.990+0000] {dag.py:3047} INFO - Sync 1 DAGs
[2025-12-01T02:44:44.080+0000] {logging_mixin.py:188} INFO - [2025-12-01T02:44:44.079+0000] {dag.py:3834} INFO - Setting next_dagrun for ingestion_dag to 2025-12-01 02:44:00+00:00, run_after=2025-12-01 02:45:00+00:00
[2025-12-01T02:44:44.138+0000] {processor.py:183} INFO - Processing /opt/airflow/dags/ingestion_dag.py took 9.605 seconds
[2025-12-01T03:33:32.041+0000] {processor.py:161} INFO - Started process (PID=67628) to work on /opt/airflow/dags/ingestion_dag.py
[2025-12-01T03:33:32.099+0000] {processor.py:830} INFO - Processing file /opt/airflow/dags/ingestion_dag.py for tasks to queue
[2025-12-01T03:33:32.127+0000] {logging_mixin.py:188} INFO - [2025-12-01T03:33:32.120+0000] {dagbag.py:540} INFO - Filling up the DagBag from /opt/airflow/dags/ingestion_dag.py
[2025-12-01T04:42:58.093+0000] {processor.py:161} INFO - Started process (PID=67894) to work on /opt/airflow/dags/ingestion_dag.py
[2025-12-01T04:42:58.095+0000] {processor.py:830} INFO - Processing file /opt/airflow/dags/ingestion_dag.py for tasks to queue
[2025-12-01T04:42:58.101+0000] {logging_mixin.py:188} INFO - [2025-12-01T04:42:58.100+0000] {dagbag.py:540} INFO - Filling up the DagBag from /opt/airflow/dags/ingestion_dag.py
[2025-12-01T04:43:06.578+0000] {logging_mixin.py:188} INFO - [2025-12-01T04:43:06.576+0000] {warnings.py:109} WARNING - /opt/airflow/dags/ingestion_dag.py:257: RemovedInAirflow3Warning: Function `days_ago` is deprecated and will be removed in Airflow 3.0. You can achieve equivalent behavior with `pendulum.today('UTC').add(days=-N, ...)`
  start_date=days_ago(1),
[2025-12-01T04:43:06.580+0000] {logging_mixin.py:188} INFO - [2025-12-01T04:43:06.579+0000] {warnings.py:109} WARNING - /opt/airflow/dags/ingestion_dag.py:254: RemovedInAirflow3Warning: Param `schedule_interval` is deprecated and will be removed in a future release. Please use `schedule` instead. 
  with DAG(
[2025-12-01T04:43:06.607+0000] {processor.py:840} INFO - DAG(s) 'ingestion_dag' retrieved from /opt/airflow/dags/ingestion_dag.py
[2025-12-01T04:43:07.077+0000] {logging_mixin.py:188} INFO - [2025-12-01T04:43:07.075+0000] {dag.py:3047} INFO - Sync 1 DAGs
[2025-12-01T04:43:07.146+0000] {logging_mixin.py:188} INFO - [2025-12-01T04:43:07.145+0000] {dag.py:3834} INFO - Setting next_dagrun for ingestion_dag to 2025-12-01 04:42:00+00:00, run_after=2025-12-01 04:43:00+00:00
[2025-12-01T04:43:07.194+0000] {processor.py:183} INFO - Processing /opt/airflow/dags/ingestion_dag.py took 9.138 seconds
[2025-12-01T05:27:52.856+0000] {processor.py:161} INFO - Started process (PID=68029) to work on /opt/airflow/dags/ingestion_dag.py
[2025-12-01T05:27:52.863+0000] {processor.py:830} INFO - Processing file /opt/airflow/dags/ingestion_dag.py for tasks to queue
[2025-12-01T05:27:52.868+0000] {logging_mixin.py:188} INFO - [2025-12-01T05:27:52.866+0000] {dagbag.py:540} INFO - Filling up the DagBag from /opt/airflow/dags/ingestion_dag.py
[2025-12-01T05:28:01.924+0000] {logging_mixin.py:188} INFO - [2025-12-01T05:28:01.920+0000] {warnings.py:109} WARNING - /opt/airflow/dags/ingestion_dag.py:257: RemovedInAirflow3Warning: Function `days_ago` is deprecated and will be removed in Airflow 3.0. You can achieve equivalent behavior with `pendulum.today('UTC').add(days=-N, ...)`
  start_date=days_ago(1),
[2025-12-01T05:28:01.929+0000] {logging_mixin.py:188} INFO - [2025-12-01T05:28:01.928+0000] {warnings.py:109} WARNING - /opt/airflow/dags/ingestion_dag.py:254: RemovedInAirflow3Warning: Param `schedule_interval` is deprecated and will be removed in a future release. Please use `schedule` instead. 
  with DAG(
[2025-12-01T05:28:02.057+0000] {processor.py:840} INFO - DAG(s) 'ingestion_dag' retrieved from /opt/airflow/dags/ingestion_dag.py
[2025-12-01T05:28:02.217+0000] {logging_mixin.py:188} INFO - [2025-12-01T05:28:02.217+0000] {dag.py:3047} INFO - Sync 1 DAGs
[2025-12-01T05:28:02.294+0000] {logging_mixin.py:188} INFO - [2025-12-01T05:28:02.294+0000] {dag.py:3834} INFO - Setting next_dagrun for ingestion_dag to 2025-12-01 05:28:00+00:00, run_after=2025-12-01 05:29:00+00:00
[2025-12-01T05:28:02.369+0000] {processor.py:183} INFO - Processing /opt/airflow/dags/ingestion_dag.py took 9.538 seconds
[2025-12-01T06:02:57.948+0000] {processor.py:161} INFO - Started process (PID=68246) to work on /opt/airflow/dags/ingestion_dag.py
[2025-12-01T06:02:57.951+0000] {processor.py:830} INFO - Processing file /opt/airflow/dags/ingestion_dag.py for tasks to queue
[2025-12-01T06:02:57.955+0000] {logging_mixin.py:188} INFO - [2025-12-01T06:02:57.954+0000] {dagbag.py:540} INFO - Filling up the DagBag from /opt/airflow/dags/ingestion_dag.py
[2025-12-01T06:03:01.451+0000] {logging_mixin.py:188} INFO - [2025-12-01T06:03:01.450+0000] {warnings.py:109} WARNING - /opt/airflow/dags/ingestion_dag.py:257: RemovedInAirflow3Warning: Function `days_ago` is deprecated and will be removed in Airflow 3.0. You can achieve equivalent behavior with `pendulum.today('UTC').add(days=-N, ...)`
  start_date=days_ago(1),
[2025-12-01T06:03:01.452+0000] {logging_mixin.py:188} INFO - [2025-12-01T06:03:01.451+0000] {warnings.py:109} WARNING - /opt/airflow/dags/ingestion_dag.py:254: RemovedInAirflow3Warning: Param `schedule_interval` is deprecated and will be removed in a future release. Please use `schedule` instead. 
  with DAG(
[2025-12-01T06:03:01.462+0000] {processor.py:840} INFO - DAG(s) 'ingestion_dag' retrieved from /opt/airflow/dags/ingestion_dag.py
[2025-12-01T06:03:01.496+0000] {logging_mixin.py:188} INFO - [2025-12-01T06:03:01.496+0000] {dag.py:3047} INFO - Sync 1 DAGs
[2025-12-01T06:03:01.530+0000] {logging_mixin.py:188} INFO - [2025-12-01T06:03:01.530+0000] {dag.py:3834} INFO - Setting next_dagrun for ingestion_dag to 2025-12-01 06:03:00+00:00, run_after=2025-12-01 06:04:00+00:00
[2025-12-01T06:03:01.587+0000] {processor.py:183} INFO - Processing /opt/airflow/dags/ingestion_dag.py took 3.649 seconds
[2025-12-01T06:26:03.554+0000] {processor.py:161} INFO - Started process (PID=68398) to work on /opt/airflow/dags/ingestion_dag.py
[2025-12-01T06:26:03.557+0000] {processor.py:830} INFO - Processing file /opt/airflow/dags/ingestion_dag.py for tasks to queue
[2025-12-01T06:26:03.565+0000] {logging_mixin.py:188} INFO - [2025-12-01T06:26:03.564+0000] {dagbag.py:540} INFO - Filling up the DagBag from /opt/airflow/dags/ingestion_dag.py
[2025-12-01T06:26:08.836+0000] {logging_mixin.py:188} INFO - [2025-12-01T06:26:08.835+0000] {warnings.py:109} WARNING - /opt/airflow/dags/ingestion_dag.py:257: RemovedInAirflow3Warning: Function `days_ago` is deprecated and will be removed in Airflow 3.0. You can achieve equivalent behavior with `pendulum.today('UTC').add(days=-N, ...)`
  start_date=days_ago(1),
[2025-12-01T06:26:08.837+0000] {logging_mixin.py:188} INFO - [2025-12-01T06:26:08.837+0000] {warnings.py:109} WARNING - /opt/airflow/dags/ingestion_dag.py:254: RemovedInAirflow3Warning: Param `schedule_interval` is deprecated and will be removed in a future release. Please use `schedule` instead. 
  with DAG(
[2025-12-01T06:26:08.846+0000] {processor.py:840} INFO - DAG(s) 'ingestion_dag' retrieved from /opt/airflow/dags/ingestion_dag.py
[2025-12-01T06:26:08.878+0000] {logging_mixin.py:188} INFO - [2025-12-01T06:26:08.878+0000] {dag.py:3047} INFO - Sync 1 DAGs
[2025-12-01T06:26:08.908+0000] {logging_mixin.py:188} INFO - [2025-12-01T06:26:08.908+0000] {dag.py:3834} INFO - Setting next_dagrun for ingestion_dag to 2025-12-01 06:26:00+00:00, run_after=2025-12-01 06:27:00+00:00
[2025-12-01T06:26:08.925+0000] {processor.py:183} INFO - Processing /opt/airflow/dags/ingestion_dag.py took 5.388 seconds
[2025-12-01T07:44:59.539+0000] {processor.py:161} INFO - Started process (PID=68557) to work on /opt/airflow/dags/ingestion_dag.py
[2025-12-01T07:44:59.542+0000] {processor.py:830} INFO - Processing file /opt/airflow/dags/ingestion_dag.py for tasks to queue
[2025-12-01T07:44:59.549+0000] {logging_mixin.py:188} INFO - [2025-12-01T07:44:59.546+0000] {dagbag.py:540} INFO - Filling up the DagBag from /opt/airflow/dags/ingestion_dag.py
[2025-12-01T07:45:05.941+0000] {logging_mixin.py:188} INFO - [2025-12-01T07:45:05.939+0000] {warnings.py:109} WARNING - /opt/airflow/dags/ingestion_dag.py:257: RemovedInAirflow3Warning: Function `days_ago` is deprecated and will be removed in Airflow 3.0. You can achieve equivalent behavior with `pendulum.today('UTC').add(days=-N, ...)`
  start_date=days_ago(1),
[2025-12-01T07:45:05.944+0000] {logging_mixin.py:188} INFO - [2025-12-01T07:45:05.943+0000] {warnings.py:109} WARNING - /opt/airflow/dags/ingestion_dag.py:254: RemovedInAirflow3Warning: Param `schedule_interval` is deprecated and will be removed in a future release. Please use `schedule` instead. 
  with DAG(
[2025-12-01T07:45:05.971+0000] {processor.py:840} INFO - DAG(s) 'ingestion_dag' retrieved from /opt/airflow/dags/ingestion_dag.py
[2025-12-01T07:45:06.113+0000] {logging_mixin.py:188} INFO - [2025-12-01T07:45:06.113+0000] {dag.py:3047} INFO - Sync 1 DAGs
[2025-12-01T07:45:06.223+0000] {logging_mixin.py:188} INFO - [2025-12-01T07:45:06.222+0000] {dag.py:3834} INFO - Setting next_dagrun for ingestion_dag to 2025-12-01 07:45:00+00:00, run_after=2025-12-01 07:46:00+00:00
[2025-12-01T07:45:06.296+0000] {processor.py:183} INFO - Processing /opt/airflow/dags/ingestion_dag.py took 6.794 seconds
[2025-12-01T08:32:15.759+0000] {processor.py:161} INFO - Started process (PID=68705) to work on /opt/airflow/dags/ingestion_dag.py
[2025-12-01T08:32:15.772+0000] {processor.py:830} INFO - Processing file /opt/airflow/dags/ingestion_dag.py for tasks to queue
[2025-12-01T08:32:15.784+0000] {logging_mixin.py:188} INFO - [2025-12-01T08:32:15.781+0000] {dagbag.py:540} INFO - Filling up the DagBag from /opt/airflow/dags/ingestion_dag.py
[2025-12-01T08:32:23.240+0000] {logging_mixin.py:188} INFO - [2025-12-01T08:32:23.236+0000] {warnings.py:109} WARNING - /opt/airflow/dags/ingestion_dag.py:257: RemovedInAirflow3Warning: Function `days_ago` is deprecated and will be removed in Airflow 3.0. You can achieve equivalent behavior with `pendulum.today('UTC').add(days=-N, ...)`
  start_date=days_ago(1),
[2025-12-01T08:32:23.242+0000] {logging_mixin.py:188} INFO - [2025-12-01T08:32:23.241+0000] {warnings.py:109} WARNING - /opt/airflow/dags/ingestion_dag.py:254: RemovedInAirflow3Warning: Param `schedule_interval` is deprecated and will be removed in a future release. Please use `schedule` instead. 
  with DAG(
[2025-12-01T08:32:23.265+0000] {processor.py:840} INFO - DAG(s) 'ingestion_dag' retrieved from /opt/airflow/dags/ingestion_dag.py
[2025-12-01T08:32:23.338+0000] {logging_mixin.py:188} INFO - [2025-12-01T08:32:23.337+0000] {dag.py:3047} INFO - Sync 1 DAGs
[2025-12-01T08:32:23.380+0000] {logging_mixin.py:188} INFO - [2025-12-01T08:32:23.380+0000] {dag.py:3834} INFO - Setting next_dagrun for ingestion_dag to 2025-12-01 08:32:00+00:00, run_after=2025-12-01 08:33:00+00:00
[2025-12-01T08:32:23.429+0000] {processor.py:183} INFO - Processing /opt/airflow/dags/ingestion_dag.py took 7.716 seconds
[2025-12-01T08:35:50.642+0000] {processor.py:161} INFO - Started process (PID=68861) to work on /opt/airflow/dags/ingestion_dag.py
[2025-12-01T08:35:50.649+0000] {processor.py:830} INFO - Processing file /opt/airflow/dags/ingestion_dag.py for tasks to queue
[2025-12-01T08:35:50.655+0000] {logging_mixin.py:188} INFO - [2025-12-01T08:35:50.654+0000] {dagbag.py:540} INFO - Filling up the DagBag from /opt/airflow/dags/ingestion_dag.py
[2025-12-01T08:35:54.572+0000] {logging_mixin.py:188} INFO - [2025-12-01T08:35:54.571+0000] {warnings.py:109} WARNING - /opt/airflow/dags/ingestion_dag.py:257: RemovedInAirflow3Warning: Function `days_ago` is deprecated and will be removed in Airflow 3.0. You can achieve equivalent behavior with `pendulum.today('UTC').add(days=-N, ...)`
  start_date=days_ago(1),
[2025-12-01T08:35:54.573+0000] {logging_mixin.py:188} INFO - [2025-12-01T08:35:54.573+0000] {warnings.py:109} WARNING - /opt/airflow/dags/ingestion_dag.py:254: RemovedInAirflow3Warning: Param `schedule_interval` is deprecated and will be removed in a future release. Please use `schedule` instead. 
  with DAG(
[2025-12-01T08:35:54.590+0000] {processor.py:840} INFO - DAG(s) 'ingestion_dag' retrieved from /opt/airflow/dags/ingestion_dag.py
[2025-12-01T08:35:54.684+0000] {logging_mixin.py:188} INFO - [2025-12-01T08:35:54.684+0000] {dag.py:3047} INFO - Sync 1 DAGs
[2025-12-01T08:35:54.775+0000] {logging_mixin.py:188} INFO - [2025-12-01T08:35:54.775+0000] {dag.py:3834} INFO - Setting next_dagrun for ingestion_dag to 2025-12-01 08:35:00+00:00, run_after=2025-12-01 08:36:00+00:00
[2025-12-01T08:35:54.811+0000] {processor.py:183} INFO - Processing /opt/airflow/dags/ingestion_dag.py took 4.197 seconds
[2025-12-01T08:48:52.760+0000] {processor.py:161} INFO - Started process (PID=69050) to work on /opt/airflow/dags/ingestion_dag.py
[2025-12-01T08:48:52.766+0000] {processor.py:830} INFO - Processing file /opt/airflow/dags/ingestion_dag.py for tasks to queue
[2025-12-01T08:48:52.770+0000] {logging_mixin.py:188} INFO - [2025-12-01T08:48:52.769+0000] {dagbag.py:540} INFO - Filling up the DagBag from /opt/airflow/dags/ingestion_dag.py
[2025-12-01T08:49:04.603+0000] {logging_mixin.py:188} INFO - [2025-12-01T08:49:04.601+0000] {warnings.py:109} WARNING - /opt/airflow/dags/ingestion_dag.py:257: RemovedInAirflow3Warning: Function `days_ago` is deprecated and will be removed in Airflow 3.0. You can achieve equivalent behavior with `pendulum.today('UTC').add(days=-N, ...)`
  start_date=days_ago(1),
[2025-12-01T08:49:04.605+0000] {logging_mixin.py:188} INFO - [2025-12-01T08:49:04.605+0000] {warnings.py:109} WARNING - /opt/airflow/dags/ingestion_dag.py:254: RemovedInAirflow3Warning: Param `schedule_interval` is deprecated and will be removed in a future release. Please use `schedule` instead. 
  with DAG(
[2025-12-01T08:49:04.640+0000] {processor.py:840} INFO - DAG(s) 'ingestion_dag' retrieved from /opt/airflow/dags/ingestion_dag.py
[2025-12-01T08:49:04.918+0000] {logging_mixin.py:188} INFO - [2025-12-01T08:49:04.917+0000] {dag.py:3047} INFO - Sync 1 DAGs
[2025-12-01T08:49:05.092+0000] {logging_mixin.py:188} INFO - [2025-12-01T08:49:05.091+0000] {dag.py:3834} INFO - Setting next_dagrun for ingestion_dag to 2025-12-01 08:49:00+00:00, run_after=2025-12-01 08:50:00+00:00
[2025-12-01T08:49:05.172+0000] {processor.py:183} INFO - Processing /opt/airflow/dags/ingestion_dag.py took 12.437 seconds
[2025-12-01T08:50:10.364+0000] {processor.py:161} INFO - Started process (PID=69255) to work on /opt/airflow/dags/ingestion_dag.py
[2025-12-01T08:50:10.370+0000] {processor.py:830} INFO - Processing file /opt/airflow/dags/ingestion_dag.py for tasks to queue
[2025-12-01T08:50:10.381+0000] {logging_mixin.py:188} INFO - [2025-12-01T08:50:10.380+0000] {dagbag.py:540} INFO - Filling up the DagBag from /opt/airflow/dags/ingestion_dag.py
[2025-12-01T08:50:21.361+0000] {logging_mixin.py:188} INFO - [2025-12-01T08:50:21.360+0000] {warnings.py:109} WARNING - /opt/airflow/dags/ingestion_dag.py:257: RemovedInAirflow3Warning: Function `days_ago` is deprecated and will be removed in Airflow 3.0. You can achieve equivalent behavior with `pendulum.today('UTC').add(days=-N, ...)`
  start_date=days_ago(1),
[2025-12-01T08:50:21.363+0000] {logging_mixin.py:188} INFO - [2025-12-01T08:50:21.362+0000] {warnings.py:109} WARNING - /opt/airflow/dags/ingestion_dag.py:254: RemovedInAirflow3Warning: Param `schedule_interval` is deprecated and will be removed in a future release. Please use `schedule` instead. 
  with DAG(
[2025-12-01T08:50:21.380+0000] {processor.py:840} INFO - DAG(s) 'ingestion_dag' retrieved from /opt/airflow/dags/ingestion_dag.py
[2025-12-01T08:50:21.480+0000] {logging_mixin.py:188} INFO - [2025-12-01T08:50:21.479+0000] {dag.py:3047} INFO - Sync 1 DAGs
[2025-12-01T08:50:21.561+0000] {logging_mixin.py:188} INFO - [2025-12-01T08:50:21.561+0000] {dag.py:3834} INFO - Setting next_dagrun for ingestion_dag to 2025-12-01 08:50:00+00:00, run_after=2025-12-01 08:51:00+00:00
[2025-12-01T08:50:21.614+0000] {processor.py:183} INFO - Processing /opt/airflow/dags/ingestion_dag.py took 11.266 seconds
[2025-12-01T08:52:36.120+0000] {processor.py:161} INFO - Started process (PID=69382) to work on /opt/airflow/dags/ingestion_dag.py
[2025-12-01T08:52:36.125+0000] {processor.py:830} INFO - Processing file /opt/airflow/dags/ingestion_dag.py for tasks to queue
[2025-12-01T08:52:36.131+0000] {logging_mixin.py:188} INFO - [2025-12-01T08:52:36.127+0000] {dagbag.py:540} INFO - Filling up the DagBag from /opt/airflow/dags/ingestion_dag.py
[2025-12-01T08:52:42.121+0000] {logging_mixin.py:188} INFO - [2025-12-01T08:52:42.120+0000] {warnings.py:109} WARNING - /opt/airflow/dags/ingestion_dag.py:257: RemovedInAirflow3Warning: Function `days_ago` is deprecated and will be removed in Airflow 3.0. You can achieve equivalent behavior with `pendulum.today('UTC').add(days=-N, ...)`
  start_date=days_ago(1),
[2025-12-01T08:52:42.123+0000] {logging_mixin.py:188} INFO - [2025-12-01T08:52:42.122+0000] {warnings.py:109} WARNING - /opt/airflow/dags/ingestion_dag.py:254: RemovedInAirflow3Warning: Param `schedule_interval` is deprecated and will be removed in a future release. Please use `schedule` instead. 
  with DAG(
[2025-12-01T08:52:42.132+0000] {processor.py:840} INFO - DAG(s) 'ingestion_dag' retrieved from /opt/airflow/dags/ingestion_dag.py
[2025-12-01T08:52:42.184+0000] {logging_mixin.py:188} INFO - [2025-12-01T08:52:42.183+0000] {dag.py:3047} INFO - Sync 1 DAGs
[2025-12-01T08:52:42.223+0000] {logging_mixin.py:188} INFO - [2025-12-01T08:52:42.223+0000] {dag.py:3834} INFO - Setting next_dagrun for ingestion_dag to 2025-12-01 08:52:00+00:00, run_after=2025-12-01 08:53:00+00:00
[2025-12-01T08:52:42.250+0000] {processor.py:183} INFO - Processing /opt/airflow/dags/ingestion_dag.py took 6.160 seconds
[2025-12-01T09:09:08.103+0000] {processor.py:161} INFO - Started process (PID=69549) to work on /opt/airflow/dags/ingestion_dag.py
[2025-12-01T09:09:08.106+0000] {processor.py:830} INFO - Processing file /opt/airflow/dags/ingestion_dag.py for tasks to queue
[2025-12-01T09:09:08.110+0000] {logging_mixin.py:188} INFO - [2025-12-01T09:09:08.109+0000] {dagbag.py:540} INFO - Filling up the DagBag from /opt/airflow/dags/ingestion_dag.py
[2025-12-01T09:09:13.043+0000] {logging_mixin.py:188} INFO - [2025-12-01T09:09:13.042+0000] {warnings.py:109} WARNING - /opt/airflow/dags/ingestion_dag.py:257: RemovedInAirflow3Warning: Function `days_ago` is deprecated and will be removed in Airflow 3.0. You can achieve equivalent behavior with `pendulum.today('UTC').add(days=-N, ...)`
  start_date=days_ago(1),
[2025-12-01T09:09:13.044+0000] {logging_mixin.py:188} INFO - [2025-12-01T09:09:13.044+0000] {warnings.py:109} WARNING - /opt/airflow/dags/ingestion_dag.py:254: RemovedInAirflow3Warning: Param `schedule_interval` is deprecated and will be removed in a future release. Please use `schedule` instead. 
  with DAG(
[2025-12-01T09:09:13.064+0000] {processor.py:840} INFO - DAG(s) 'ingestion_dag' retrieved from /opt/airflow/dags/ingestion_dag.py
[2025-12-01T09:09:13.121+0000] {logging_mixin.py:188} INFO - [2025-12-01T09:09:13.121+0000] {dag.py:3047} INFO - Sync 1 DAGs
[2025-12-01T09:09:13.178+0000] {logging_mixin.py:188} INFO - [2025-12-01T09:09:13.177+0000] {dag.py:3834} INFO - Setting next_dagrun for ingestion_dag to 2025-12-01 09:09:00+00:00, run_after=2025-12-01 09:10:00+00:00
[2025-12-01T09:09:13.219+0000] {processor.py:183} INFO - Processing /opt/airflow/dags/ingestion_dag.py took 5.135 seconds
[2025-12-01T09:15:20.789+0000] {processor.py:161} INFO - Started process (PID=69746) to work on /opt/airflow/dags/ingestion_dag.py
[2025-12-01T09:15:20.794+0000] {processor.py:830} INFO - Processing file /opt/airflow/dags/ingestion_dag.py for tasks to queue
[2025-12-01T09:15:20.800+0000] {logging_mixin.py:188} INFO - [2025-12-01T09:15:20.798+0000] {dagbag.py:540} INFO - Filling up the DagBag from /opt/airflow/dags/ingestion_dag.py
[2025-12-01T09:15:27.999+0000] {logging_mixin.py:188} INFO - [2025-12-01T09:15:27.996+0000] {warnings.py:109} WARNING - /opt/airflow/dags/ingestion_dag.py:257: RemovedInAirflow3Warning: Function `days_ago` is deprecated and will be removed in Airflow 3.0. You can achieve equivalent behavior with `pendulum.today('UTC').add(days=-N, ...)`
  start_date=days_ago(1),
[2025-12-01T09:15:28.001+0000] {logging_mixin.py:188} INFO - [2025-12-01T09:15:28.001+0000] {warnings.py:109} WARNING - /opt/airflow/dags/ingestion_dag.py:254: RemovedInAirflow3Warning: Param `schedule_interval` is deprecated and will be removed in a future release. Please use `schedule` instead. 
  with DAG(
[2025-12-01T09:15:28.024+0000] {processor.py:840} INFO - DAG(s) 'ingestion_dag' retrieved from /opt/airflow/dags/ingestion_dag.py
[2025-12-01T09:15:28.093+0000] {logging_mixin.py:188} INFO - [2025-12-01T09:15:28.092+0000] {dag.py:3047} INFO - Sync 1 DAGs
[2025-12-01T09:15:28.144+0000] {logging_mixin.py:188} INFO - [2025-12-01T09:15:28.144+0000] {dag.py:3834} INFO - Setting next_dagrun for ingestion_dag to 2025-12-01 09:15:00+00:00, run_after=2025-12-01 09:16:00+00:00
[2025-12-01T09:15:28.176+0000] {processor.py:183} INFO - Processing /opt/airflow/dags/ingestion_dag.py took 7.415 seconds
[2025-12-01T09:16:03.012+0000] {processor.py:161} INFO - Started process (PID=69905) to work on /opt/airflow/dags/ingestion_dag.py
[2025-12-01T09:16:03.017+0000] {processor.py:830} INFO - Processing file /opt/airflow/dags/ingestion_dag.py for tasks to queue
[2025-12-01T09:16:03.024+0000] {logging_mixin.py:188} INFO - [2025-12-01T09:16:03.021+0000] {dagbag.py:540} INFO - Filling up the DagBag from /opt/airflow/dags/ingestion_dag.py
[2025-12-01T09:16:05.530+0000] {logging_mixin.py:188} INFO - [2025-12-01T09:16:05.529+0000] {warnings.py:109} WARNING - /opt/airflow/dags/ingestion_dag.py:257: RemovedInAirflow3Warning: Function `days_ago` is deprecated and will be removed in Airflow 3.0. You can achieve equivalent behavior with `pendulum.today('UTC').add(days=-N, ...)`
  start_date=days_ago(1),
[2025-12-01T09:16:05.531+0000] {logging_mixin.py:188} INFO - [2025-12-01T09:16:05.531+0000] {warnings.py:109} WARNING - /opt/airflow/dags/ingestion_dag.py:254: RemovedInAirflow3Warning: Param `schedule_interval` is deprecated and will be removed in a future release. Please use `schedule` instead. 
  with DAG(
[2025-12-01T09:16:05.544+0000] {processor.py:840} INFO - DAG(s) 'ingestion_dag' retrieved from /opt/airflow/dags/ingestion_dag.py
[2025-12-01T09:16:05.588+0000] {logging_mixin.py:188} INFO - [2025-12-01T09:16:05.588+0000] {dag.py:3047} INFO - Sync 1 DAGs
[2025-12-01T09:16:05.629+0000] {logging_mixin.py:188} INFO - [2025-12-01T09:16:05.628+0000] {dag.py:3834} INFO - Setting next_dagrun for ingestion_dag to 2025-12-01 09:16:00+00:00, run_after=2025-12-01 09:17:00+00:00
[2025-12-01T09:16:05.654+0000] {processor.py:183} INFO - Processing /opt/airflow/dags/ingestion_dag.py took 2.658 seconds
[2025-12-01T09:17:15.842+0000] {processor.py:161} INFO - Started process (PID=69988) to work on /opt/airflow/dags/ingestion_dag.py
[2025-12-01T09:17:15.844+0000] {processor.py:830} INFO - Processing file /opt/airflow/dags/ingestion_dag.py for tasks to queue
[2025-12-01T09:17:15.849+0000] {logging_mixin.py:188} INFO - [2025-12-01T09:17:15.848+0000] {dagbag.py:540} INFO - Filling up the DagBag from /opt/airflow/dags/ingestion_dag.py
[2025-12-01T09:17:17.669+0000] {logging_mixin.py:188} INFO - [2025-12-01T09:17:17.669+0000] {warnings.py:109} WARNING - /opt/airflow/dags/ingestion_dag.py:257: RemovedInAirflow3Warning: Function `days_ago` is deprecated and will be removed in Airflow 3.0. You can achieve equivalent behavior with `pendulum.today('UTC').add(days=-N, ...)`
  start_date=days_ago(1),
[2025-12-01T09:17:17.670+0000] {logging_mixin.py:188} INFO - [2025-12-01T09:17:17.670+0000] {warnings.py:109} WARNING - /opt/airflow/dags/ingestion_dag.py:254: RemovedInAirflow3Warning: Param `schedule_interval` is deprecated and will be removed in a future release. Please use `schedule` instead. 
  with DAG(
[2025-12-01T09:17:17.674+0000] {processor.py:840} INFO - DAG(s) 'ingestion_dag' retrieved from /opt/airflow/dags/ingestion_dag.py
[2025-12-01T09:17:17.692+0000] {logging_mixin.py:188} INFO - [2025-12-01T09:17:17.692+0000] {dag.py:3047} INFO - Sync 1 DAGs
[2025-12-01T09:17:17.709+0000] {logging_mixin.py:188} INFO - [2025-12-01T09:17:17.709+0000] {dag.py:3834} INFO - Setting next_dagrun for ingestion_dag to 2025-12-01 09:17:00+00:00, run_after=2025-12-01 09:18:00+00:00
[2025-12-01T09:17:17.719+0000] {processor.py:183} INFO - Processing /opt/airflow/dags/ingestion_dag.py took 1.900 seconds
[2025-12-01T09:17:47.983+0000] {processor.py:161} INFO - Started process (PID=70073) to work on /opt/airflow/dags/ingestion_dag.py
[2025-12-01T09:17:47.986+0000] {processor.py:830} INFO - Processing file /opt/airflow/dags/ingestion_dag.py for tasks to queue
[2025-12-01T09:17:47.988+0000] {logging_mixin.py:188} INFO - [2025-12-01T09:17:47.988+0000] {dagbag.py:540} INFO - Filling up the DagBag from /opt/airflow/dags/ingestion_dag.py
[2025-12-01T09:17:51.219+0000] {logging_mixin.py:188} INFO - [2025-12-01T09:17:51.219+0000] {warnings.py:109} WARNING - /opt/airflow/dags/ingestion_dag.py:257: RemovedInAirflow3Warning: Function `days_ago` is deprecated and will be removed in Airflow 3.0. You can achieve equivalent behavior with `pendulum.today('UTC').add(days=-N, ...)`
  start_date=days_ago(1),
[2025-12-01T09:17:51.220+0000] {logging_mixin.py:188} INFO - [2025-12-01T09:17:51.220+0000] {warnings.py:109} WARNING - /opt/airflow/dags/ingestion_dag.py:254: RemovedInAirflow3Warning: Param `schedule_interval` is deprecated and will be removed in a future release. Please use `schedule` instead. 
  with DAG(
[2025-12-01T09:17:51.225+0000] {processor.py:840} INFO - DAG(s) 'ingestion_dag' retrieved from /opt/airflow/dags/ingestion_dag.py
[2025-12-01T09:17:51.265+0000] {logging_mixin.py:188} INFO - [2025-12-01T09:17:51.265+0000] {dag.py:3047} INFO - Sync 1 DAGs
[2025-12-01T09:17:51.283+0000] {logging_mixin.py:188} INFO - [2025-12-01T09:17:51.283+0000] {dag.py:3834} INFO - Setting next_dagrun for ingestion_dag to 2025-12-01 09:17:00+00:00, run_after=2025-12-01 09:18:00+00:00
[2025-12-01T09:17:51.294+0000] {processor.py:183} INFO - Processing /opt/airflow/dags/ingestion_dag.py took 3.321 seconds
[2025-12-01T09:18:21.801+0000] {processor.py:161} INFO - Started process (PID=70159) to work on /opt/airflow/dags/ingestion_dag.py
[2025-12-01T09:18:21.803+0000] {processor.py:830} INFO - Processing file /opt/airflow/dags/ingestion_dag.py for tasks to queue
[2025-12-01T09:18:21.803+0000] {logging_mixin.py:188} INFO - [2025-12-01T09:18:21.803+0000] {dagbag.py:540} INFO - Filling up the DagBag from /opt/airflow/dags/ingestion_dag.py
[2025-12-01T09:18:23.789+0000] {logging_mixin.py:188} INFO - [2025-12-01T09:18:23.789+0000] {warnings.py:109} WARNING - /opt/airflow/dags/ingestion_dag.py:257: RemovedInAirflow3Warning: Function `days_ago` is deprecated and will be removed in Airflow 3.0. You can achieve equivalent behavior with `pendulum.today('UTC').add(days=-N, ...)`
  start_date=days_ago(1),
[2025-12-01T09:18:23.789+0000] {logging_mixin.py:188} INFO - [2025-12-01T09:18:23.789+0000] {warnings.py:109} WARNING - /opt/airflow/dags/ingestion_dag.py:254: RemovedInAirflow3Warning: Param `schedule_interval` is deprecated and will be removed in a future release. Please use `schedule` instead. 
  with DAG(
[2025-12-01T09:18:23.795+0000] {processor.py:840} INFO - DAG(s) 'ingestion_dag' retrieved from /opt/airflow/dags/ingestion_dag.py
[2025-12-01T09:18:23.828+0000] {logging_mixin.py:188} INFO - [2025-12-01T09:18:23.828+0000] {dag.py:3047} INFO - Sync 1 DAGs
[2025-12-01T09:18:23.850+0000] {logging_mixin.py:188} INFO - [2025-12-01T09:18:23.850+0000] {dag.py:3834} INFO - Setting next_dagrun for ingestion_dag to 2025-12-01 09:18:00+00:00, run_after=2025-12-01 09:19:00+00:00
[2025-12-01T09:18:23.865+0000] {processor.py:183} INFO - Processing /opt/airflow/dags/ingestion_dag.py took 2.068 seconds
[2025-12-01T09:18:54.306+0000] {processor.py:161} INFO - Started process (PID=70177) to work on /opt/airflow/dags/ingestion_dag.py
[2025-12-01T09:18:54.309+0000] {processor.py:830} INFO - Processing file /opt/airflow/dags/ingestion_dag.py for tasks to queue
[2025-12-01T09:18:54.310+0000] {logging_mixin.py:188} INFO - [2025-12-01T09:18:54.309+0000] {dagbag.py:540} INFO - Filling up the DagBag from /opt/airflow/dags/ingestion_dag.py
[2025-12-01T09:18:56.176+0000] {logging_mixin.py:188} INFO - [2025-12-01T09:18:56.176+0000] {warnings.py:109} WARNING - /opt/airflow/dags/ingestion_dag.py:257: RemovedInAirflow3Warning: Function `days_ago` is deprecated and will be removed in Airflow 3.0. You can achieve equivalent behavior with `pendulum.today('UTC').add(days=-N, ...)`
  start_date=days_ago(1),
[2025-12-01T09:18:56.176+0000] {logging_mixin.py:188} INFO - [2025-12-01T09:18:56.176+0000] {warnings.py:109} WARNING - /opt/airflow/dags/ingestion_dag.py:254: RemovedInAirflow3Warning: Param `schedule_interval` is deprecated and will be removed in a future release. Please use `schedule` instead. 
  with DAG(
[2025-12-01T09:18:56.180+0000] {processor.py:840} INFO - DAG(s) 'ingestion_dag' retrieved from /opt/airflow/dags/ingestion_dag.py
[2025-12-01T09:18:56.203+0000] {logging_mixin.py:188} INFO - [2025-12-01T09:18:56.203+0000] {dag.py:3047} INFO - Sync 1 DAGs
[2025-12-01T09:18:56.220+0000] {logging_mixin.py:188} INFO - [2025-12-01T09:18:56.220+0000] {dag.py:3834} INFO - Setting next_dagrun for ingestion_dag to 2025-12-01 09:18:00+00:00, run_after=2025-12-01 09:19:00+00:00
[2025-12-01T09:18:56.230+0000] {processor.py:183} INFO - Processing /opt/airflow/dags/ingestion_dag.py took 1.938 seconds
[2025-12-01T09:19:26.699+0000] {processor.py:161} INFO - Started process (PID=70257) to work on /opt/airflow/dags/ingestion_dag.py
[2025-12-01T09:19:26.701+0000] {processor.py:830} INFO - Processing file /opt/airflow/dags/ingestion_dag.py for tasks to queue
[2025-12-01T09:19:26.702+0000] {logging_mixin.py:188} INFO - [2025-12-01T09:19:26.702+0000] {dagbag.py:540} INFO - Filling up the DagBag from /opt/airflow/dags/ingestion_dag.py
[2025-12-01T09:19:28.457+0000] {logging_mixin.py:188} INFO - [2025-12-01T09:19:28.457+0000] {warnings.py:109} WARNING - /opt/airflow/dags/ingestion_dag.py:257: RemovedInAirflow3Warning: Function `days_ago` is deprecated and will be removed in Airflow 3.0. You can achieve equivalent behavior with `pendulum.today('UTC').add(days=-N, ...)`
  start_date=days_ago(1),
[2025-12-01T09:19:28.457+0000] {logging_mixin.py:188} INFO - [2025-12-01T09:19:28.457+0000] {warnings.py:109} WARNING - /opt/airflow/dags/ingestion_dag.py:254: RemovedInAirflow3Warning: Param `schedule_interval` is deprecated and will be removed in a future release. Please use `schedule` instead. 
  with DAG(
[2025-12-01T09:19:28.461+0000] {processor.py:840} INFO - DAG(s) 'ingestion_dag' retrieved from /opt/airflow/dags/ingestion_dag.py
[2025-12-01T09:19:28.481+0000] {logging_mixin.py:188} INFO - [2025-12-01T09:19:28.481+0000] {dag.py:3047} INFO - Sync 1 DAGs
[2025-12-01T09:19:28.497+0000] {logging_mixin.py:188} INFO - [2025-12-01T09:19:28.497+0000] {dag.py:3834} INFO - Setting next_dagrun for ingestion_dag to 2025-12-01 09:19:00+00:00, run_after=2025-12-01 09:20:00+00:00
[2025-12-01T09:19:28.506+0000] {processor.py:183} INFO - Processing /opt/airflow/dags/ingestion_dag.py took 1.813 seconds
[2025-12-01T09:19:58.904+0000] {processor.py:161} INFO - Started process (PID=70275) to work on /opt/airflow/dags/ingestion_dag.py
[2025-12-01T09:19:58.907+0000] {processor.py:830} INFO - Processing file /opt/airflow/dags/ingestion_dag.py for tasks to queue
[2025-12-01T09:19:58.909+0000] {logging_mixin.py:188} INFO - [2025-12-01T09:19:58.908+0000] {dagbag.py:540} INFO - Filling up the DagBag from /opt/airflow/dags/ingestion_dag.py
[2025-12-01T09:20:00.857+0000] {logging_mixin.py:188} INFO - [2025-12-01T09:20:00.856+0000] {warnings.py:109} WARNING - /opt/airflow/dags/ingestion_dag.py:257: RemovedInAirflow3Warning: Function `days_ago` is deprecated and will be removed in Airflow 3.0. You can achieve equivalent behavior with `pendulum.today('UTC').add(days=-N, ...)`
  start_date=days_ago(1),
[2025-12-01T09:20:00.857+0000] {logging_mixin.py:188} INFO - [2025-12-01T09:20:00.857+0000] {warnings.py:109} WARNING - /opt/airflow/dags/ingestion_dag.py:254: RemovedInAirflow3Warning: Param `schedule_interval` is deprecated and will be removed in a future release. Please use `schedule` instead. 
  with DAG(
[2025-12-01T09:20:00.861+0000] {processor.py:840} INFO - DAG(s) 'ingestion_dag' retrieved from /opt/airflow/dags/ingestion_dag.py
[2025-12-01T09:20:00.877+0000] {logging_mixin.py:188} INFO - [2025-12-01T09:20:00.877+0000] {dag.py:3047} INFO - Sync 1 DAGs
[2025-12-01T09:20:00.893+0000] {logging_mixin.py:188} INFO - [2025-12-01T09:20:00.893+0000] {dag.py:3834} INFO - Setting next_dagrun for ingestion_dag to 2025-12-01 09:20:00+00:00, run_after=2025-12-01 09:21:00+00:00
[2025-12-01T09:20:00.908+0000] {processor.py:183} INFO - Processing /opt/airflow/dags/ingestion_dag.py took 2.011 seconds
[2025-12-01T09:20:31.359+0000] {processor.py:161} INFO - Started process (PID=70361) to work on /opt/airflow/dags/ingestion_dag.py
[2025-12-01T09:20:31.361+0000] {processor.py:830} INFO - Processing file /opt/airflow/dags/ingestion_dag.py for tasks to queue
[2025-12-01T09:20:31.362+0000] {logging_mixin.py:188} INFO - [2025-12-01T09:20:31.362+0000] {dagbag.py:540} INFO - Filling up the DagBag from /opt/airflow/dags/ingestion_dag.py
[2025-12-01T09:20:32.992+0000] {logging_mixin.py:188} INFO - [2025-12-01T09:20:32.992+0000] {warnings.py:109} WARNING - /opt/airflow/dags/ingestion_dag.py:257: RemovedInAirflow3Warning: Function `days_ago` is deprecated and will be removed in Airflow 3.0. You can achieve equivalent behavior with `pendulum.today('UTC').add(days=-N, ...)`
  start_date=days_ago(1),
[2025-12-01T09:20:32.992+0000] {logging_mixin.py:188} INFO - [2025-12-01T09:20:32.992+0000] {warnings.py:109} WARNING - /opt/airflow/dags/ingestion_dag.py:254: RemovedInAirflow3Warning: Param `schedule_interval` is deprecated and will be removed in a future release. Please use `schedule` instead. 
  with DAG(
[2025-12-01T09:20:32.996+0000] {processor.py:840} INFO - DAG(s) 'ingestion_dag' retrieved from /opt/airflow/dags/ingestion_dag.py
[2025-12-01T09:20:33.017+0000] {logging_mixin.py:188} INFO - [2025-12-01T09:20:33.017+0000] {dag.py:3047} INFO - Sync 1 DAGs
[2025-12-01T09:20:33.041+0000] {logging_mixin.py:188} INFO - [2025-12-01T09:20:33.041+0000] {dag.py:3834} INFO - Setting next_dagrun for ingestion_dag to 2025-12-01 09:20:00+00:00, run_after=2025-12-01 09:21:00+00:00
[2025-12-01T09:20:33.051+0000] {processor.py:183} INFO - Processing /opt/airflow/dags/ingestion_dag.py took 1.697 seconds
[2025-12-01T09:21:03.908+0000] {processor.py:161} INFO - Started process (PID=70391) to work on /opt/airflow/dags/ingestion_dag.py
[2025-12-01T09:21:03.910+0000] {processor.py:830} INFO - Processing file /opt/airflow/dags/ingestion_dag.py for tasks to queue
[2025-12-01T09:21:03.911+0000] {logging_mixin.py:188} INFO - [2025-12-01T09:21:03.910+0000] {dagbag.py:540} INFO - Filling up the DagBag from /opt/airflow/dags/ingestion_dag.py
[2025-12-01T09:21:05.561+0000] {logging_mixin.py:188} INFO - [2025-12-01T09:21:05.561+0000] {warnings.py:109} WARNING - /opt/airflow/dags/ingestion_dag.py:257: RemovedInAirflow3Warning: Function `days_ago` is deprecated and will be removed in Airflow 3.0. You can achieve equivalent behavior with `pendulum.today('UTC').add(days=-N, ...)`
  start_date=days_ago(1),
[2025-12-01T09:21:05.562+0000] {logging_mixin.py:188} INFO - [2025-12-01T09:21:05.561+0000] {warnings.py:109} WARNING - /opt/airflow/dags/ingestion_dag.py:254: RemovedInAirflow3Warning: Param `schedule_interval` is deprecated and will be removed in a future release. Please use `schedule` instead. 
  with DAG(
[2025-12-01T09:21:05.566+0000] {processor.py:840} INFO - DAG(s) 'ingestion_dag' retrieved from /opt/airflow/dags/ingestion_dag.py
[2025-12-01T09:21:05.589+0000] {logging_mixin.py:188} INFO - [2025-12-01T09:21:05.589+0000] {dag.py:3047} INFO - Sync 1 DAGs
[2025-12-01T09:21:05.606+0000] {logging_mixin.py:188} INFO - [2025-12-01T09:21:05.606+0000] {dag.py:3834} INFO - Setting next_dagrun for ingestion_dag to 2025-12-01 09:21:00+00:00, run_after=2025-12-01 09:22:00+00:00
[2025-12-01T09:21:05.623+0000] {processor.py:183} INFO - Processing /opt/airflow/dags/ingestion_dag.py took 1.719 seconds
[2025-12-01T09:21:36.450+0000] {processor.py:161} INFO - Started process (PID=70459) to work on /opt/airflow/dags/ingestion_dag.py
[2025-12-01T09:21:36.455+0000] {processor.py:830} INFO - Processing file /opt/airflow/dags/ingestion_dag.py for tasks to queue
[2025-12-01T09:21:36.456+0000] {logging_mixin.py:188} INFO - [2025-12-01T09:21:36.455+0000] {dagbag.py:540} INFO - Filling up the DagBag from /opt/airflow/dags/ingestion_dag.py
[2025-12-01T09:21:38.125+0000] {logging_mixin.py:188} INFO - [2025-12-01T09:21:38.125+0000] {warnings.py:109} WARNING - /opt/airflow/dags/ingestion_dag.py:257: RemovedInAirflow3Warning: Function `days_ago` is deprecated and will be removed in Airflow 3.0. You can achieve equivalent behavior with `pendulum.today('UTC').add(days=-N, ...)`
  start_date=days_ago(1),
[2025-12-01T09:21:38.126+0000] {logging_mixin.py:188} INFO - [2025-12-01T09:21:38.126+0000] {warnings.py:109} WARNING - /opt/airflow/dags/ingestion_dag.py:254: RemovedInAirflow3Warning: Param `schedule_interval` is deprecated and will be removed in a future release. Please use `schedule` instead. 
  with DAG(
[2025-12-01T09:21:38.130+0000] {processor.py:840} INFO - DAG(s) 'ingestion_dag' retrieved from /opt/airflow/dags/ingestion_dag.py
[2025-12-01T09:21:38.147+0000] {logging_mixin.py:188} INFO - [2025-12-01T09:21:38.147+0000] {dag.py:3047} INFO - Sync 1 DAGs
[2025-12-01T09:21:38.164+0000] {logging_mixin.py:188} INFO - [2025-12-01T09:21:38.164+0000] {dag.py:3834} INFO - Setting next_dagrun for ingestion_dag to 2025-12-01 09:21:00+00:00, run_after=2025-12-01 09:22:00+00:00
[2025-12-01T09:21:38.174+0000] {processor.py:183} INFO - Processing /opt/airflow/dags/ingestion_dag.py took 1.735 seconds
[2025-12-01T09:22:08.493+0000] {processor.py:161} INFO - Started process (PID=70495) to work on /opt/airflow/dags/ingestion_dag.py
[2025-12-01T09:22:08.496+0000] {processor.py:830} INFO - Processing file /opt/airflow/dags/ingestion_dag.py for tasks to queue
[2025-12-01T09:22:08.498+0000] {logging_mixin.py:188} INFO - [2025-12-01T09:22:08.498+0000] {dagbag.py:540} INFO - Filling up the DagBag from /opt/airflow/dags/ingestion_dag.py
[2025-12-01T09:22:12.715+0000] {logging_mixin.py:188} INFO - [2025-12-01T09:22:12.714+0000] {warnings.py:109} WARNING - /opt/airflow/dags/ingestion_dag.py:257: RemovedInAirflow3Warning: Function `days_ago` is deprecated and will be removed in Airflow 3.0. You can achieve equivalent behavior with `pendulum.today('UTC').add(days=-N, ...)`
  start_date=days_ago(1),
[2025-12-01T09:22:12.716+0000] {logging_mixin.py:188} INFO - [2025-12-01T09:22:12.716+0000] {warnings.py:109} WARNING - /opt/airflow/dags/ingestion_dag.py:254: RemovedInAirflow3Warning: Param `schedule_interval` is deprecated and will be removed in a future release. Please use `schedule` instead. 
  with DAG(
[2025-12-01T09:22:12.728+0000] {processor.py:840} INFO - DAG(s) 'ingestion_dag' retrieved from /opt/airflow/dags/ingestion_dag.py
[2025-12-01T09:22:12.771+0000] {logging_mixin.py:188} INFO - [2025-12-01T09:22:12.771+0000] {dag.py:3047} INFO - Sync 1 DAGs
[2025-12-01T09:22:12.803+0000] {logging_mixin.py:188} INFO - [2025-12-01T09:22:12.803+0000] {dag.py:3834} INFO - Setting next_dagrun for ingestion_dag to 2025-12-01 09:22:00+00:00, run_after=2025-12-01 09:23:00+00:00
[2025-12-01T09:22:12.826+0000] {processor.py:183} INFO - Processing /opt/airflow/dags/ingestion_dag.py took 4.346 seconds
[2025-12-01T09:22:43.287+0000] {processor.py:161} INFO - Started process (PID=70563) to work on /opt/airflow/dags/ingestion_dag.py
[2025-12-01T09:22:43.290+0000] {processor.py:830} INFO - Processing file /opt/airflow/dags/ingestion_dag.py for tasks to queue
[2025-12-01T09:22:43.292+0000] {logging_mixin.py:188} INFO - [2025-12-01T09:22:43.291+0000] {dagbag.py:540} INFO - Filling up the DagBag from /opt/airflow/dags/ingestion_dag.py
[2025-12-01T09:22:45.055+0000] {logging_mixin.py:188} INFO - [2025-12-01T09:22:45.054+0000] {warnings.py:109} WARNING - /opt/airflow/dags/ingestion_dag.py:257: RemovedInAirflow3Warning: Function `days_ago` is deprecated and will be removed in Airflow 3.0. You can achieve equivalent behavior with `pendulum.today('UTC').add(days=-N, ...)`
  start_date=days_ago(1),
[2025-12-01T09:22:45.055+0000] {logging_mixin.py:188} INFO - [2025-12-01T09:22:45.055+0000] {warnings.py:109} WARNING - /opt/airflow/dags/ingestion_dag.py:254: RemovedInAirflow3Warning: Param `schedule_interval` is deprecated and will be removed in a future release. Please use `schedule` instead. 
  with DAG(
[2025-12-01T09:22:45.059+0000] {processor.py:840} INFO - DAG(s) 'ingestion_dag' retrieved from /opt/airflow/dags/ingestion_dag.py
[2025-12-01T09:22:45.084+0000] {logging_mixin.py:188} INFO - [2025-12-01T09:22:45.084+0000] {dag.py:3047} INFO - Sync 1 DAGs
[2025-12-01T09:22:45.101+0000] {logging_mixin.py:188} INFO - [2025-12-01T09:22:45.101+0000] {dag.py:3834} INFO - Setting next_dagrun for ingestion_dag to 2025-12-01 09:22:00+00:00, run_after=2025-12-01 09:23:00+00:00
[2025-12-01T09:22:45.111+0000] {processor.py:183} INFO - Processing /opt/airflow/dags/ingestion_dag.py took 1.842 seconds
[2025-12-01T09:23:15.581+0000] {processor.py:161} INFO - Started process (PID=70643) to work on /opt/airflow/dags/ingestion_dag.py
[2025-12-01T09:23:15.584+0000] {processor.py:830} INFO - Processing file /opt/airflow/dags/ingestion_dag.py for tasks to queue
[2025-12-01T09:23:15.585+0000] {logging_mixin.py:188} INFO - [2025-12-01T09:23:15.585+0000] {dagbag.py:540} INFO - Filling up the DagBag from /opt/airflow/dags/ingestion_dag.py
[2025-12-01T09:23:17.711+0000] {logging_mixin.py:188} INFO - [2025-12-01T09:23:17.711+0000] {warnings.py:109} WARNING - /opt/airflow/dags/ingestion_dag.py:257: RemovedInAirflow3Warning: Function `days_ago` is deprecated and will be removed in Airflow 3.0. You can achieve equivalent behavior with `pendulum.today('UTC').add(days=-N, ...)`
  start_date=days_ago(1),
[2025-12-01T09:23:17.712+0000] {logging_mixin.py:188} INFO - [2025-12-01T09:23:17.712+0000] {warnings.py:109} WARNING - /opt/airflow/dags/ingestion_dag.py:254: RemovedInAirflow3Warning: Param `schedule_interval` is deprecated and will be removed in a future release. Please use `schedule` instead. 
  with DAG(
[2025-12-01T09:23:17.716+0000] {processor.py:840} INFO - DAG(s) 'ingestion_dag' retrieved from /opt/airflow/dags/ingestion_dag.py
[2025-12-01T09:23:17.742+0000] {logging_mixin.py:188} INFO - [2025-12-01T09:23:17.742+0000] {dag.py:3047} INFO - Sync 1 DAGs
[2025-12-01T09:23:17.767+0000] {logging_mixin.py:188} INFO - [2025-12-01T09:23:17.767+0000] {dag.py:3834} INFO - Setting next_dagrun for ingestion_dag to 2025-12-01 09:23:00+00:00, run_after=2025-12-01 09:24:00+00:00
[2025-12-01T09:23:17.778+0000] {processor.py:183} INFO - Processing /opt/airflow/dags/ingestion_dag.py took 2.204 seconds
[2025-12-01T09:23:48.255+0000] {processor.py:161} INFO - Started process (PID=70661) to work on /opt/airflow/dags/ingestion_dag.py
[2025-12-01T09:23:48.258+0000] {processor.py:830} INFO - Processing file /opt/airflow/dags/ingestion_dag.py for tasks to queue
[2025-12-01T09:23:48.260+0000] {logging_mixin.py:188} INFO - [2025-12-01T09:23:48.259+0000] {dagbag.py:540} INFO - Filling up the DagBag from /opt/airflow/dags/ingestion_dag.py
[2025-12-01T09:23:49.947+0000] {logging_mixin.py:188} INFO - [2025-12-01T09:23:49.946+0000] {warnings.py:109} WARNING - /opt/airflow/dags/ingestion_dag.py:257: RemovedInAirflow3Warning: Function `days_ago` is deprecated and will be removed in Airflow 3.0. You can achieve equivalent behavior with `pendulum.today('UTC').add(days=-N, ...)`
  start_date=days_ago(1),
[2025-12-01T09:23:49.947+0000] {logging_mixin.py:188} INFO - [2025-12-01T09:23:49.947+0000] {warnings.py:109} WARNING - /opt/airflow/dags/ingestion_dag.py:254: RemovedInAirflow3Warning: Param `schedule_interval` is deprecated and will be removed in a future release. Please use `schedule` instead. 
  with DAG(
[2025-12-01T09:23:49.951+0000] {processor.py:840} INFO - DAG(s) 'ingestion_dag' retrieved from /opt/airflow/dags/ingestion_dag.py
[2025-12-01T09:23:49.970+0000] {logging_mixin.py:188} INFO - [2025-12-01T09:23:49.970+0000] {dag.py:3047} INFO - Sync 1 DAGs
[2025-12-01T09:23:49.986+0000] {logging_mixin.py:188} INFO - [2025-12-01T09:23:49.986+0000] {dag.py:3834} INFO - Setting next_dagrun for ingestion_dag to 2025-12-01 09:23:00+00:00, run_after=2025-12-01 09:24:00+00:00
[2025-12-01T09:23:49.996+0000] {processor.py:183} INFO - Processing /opt/airflow/dags/ingestion_dag.py took 1.753 seconds
[2025-12-01T09:24:20.501+0000] {processor.py:161} INFO - Started process (PID=70747) to work on /opt/airflow/dags/ingestion_dag.py
[2025-12-01T09:24:20.505+0000] {processor.py:830} INFO - Processing file /opt/airflow/dags/ingestion_dag.py for tasks to queue
[2025-12-01T09:24:20.506+0000] {logging_mixin.py:188} INFO - [2025-12-01T09:24:20.506+0000] {dagbag.py:540} INFO - Filling up the DagBag from /opt/airflow/dags/ingestion_dag.py
[2025-12-01T09:24:22.222+0000] {logging_mixin.py:188} INFO - [2025-12-01T09:24:22.222+0000] {warnings.py:109} WARNING - /opt/airflow/dags/ingestion_dag.py:257: RemovedInAirflow3Warning: Function `days_ago` is deprecated and will be removed in Airflow 3.0. You can achieve equivalent behavior with `pendulum.today('UTC').add(days=-N, ...)`
  start_date=days_ago(1),
[2025-12-01T09:24:22.223+0000] {logging_mixin.py:188} INFO - [2025-12-01T09:24:22.223+0000] {warnings.py:109} WARNING - /opt/airflow/dags/ingestion_dag.py:254: RemovedInAirflow3Warning: Param `schedule_interval` is deprecated and will be removed in a future release. Please use `schedule` instead. 
  with DAG(
[2025-12-01T09:24:22.227+0000] {processor.py:840} INFO - DAG(s) 'ingestion_dag' retrieved from /opt/airflow/dags/ingestion_dag.py
[2025-12-01T09:24:22.252+0000] {logging_mixin.py:188} INFO - [2025-12-01T09:24:22.252+0000] {dag.py:3047} INFO - Sync 1 DAGs
[2025-12-01T09:24:22.272+0000] {logging_mixin.py:188} INFO - [2025-12-01T09:24:22.272+0000] {dag.py:3834} INFO - Setting next_dagrun for ingestion_dag to 2025-12-01 09:24:00+00:00, run_after=2025-12-01 09:25:00+00:00
[2025-12-01T09:24:22.299+0000] {processor.py:183} INFO - Processing /opt/airflow/dags/ingestion_dag.py took 1.813 seconds
[2025-12-01T09:24:52.802+0000] {processor.py:161} INFO - Started process (PID=70765) to work on /opt/airflow/dags/ingestion_dag.py
[2025-12-01T09:24:52.806+0000] {processor.py:830} INFO - Processing file /opt/airflow/dags/ingestion_dag.py for tasks to queue
[2025-12-01T09:24:52.813+0000] {logging_mixin.py:188} INFO - [2025-12-01T09:24:52.810+0000] {dagbag.py:540} INFO - Filling up the DagBag from /opt/airflow/dags/ingestion_dag.py
[2025-12-01T09:24:54.480+0000] {logging_mixin.py:188} INFO - [2025-12-01T09:24:54.480+0000] {warnings.py:109} WARNING - /opt/airflow/dags/ingestion_dag.py:257: RemovedInAirflow3Warning: Function `days_ago` is deprecated and will be removed in Airflow 3.0. You can achieve equivalent behavior with `pendulum.today('UTC').add(days=-N, ...)`
  start_date=days_ago(1),
[2025-12-01T09:24:54.481+0000] {logging_mixin.py:188} INFO - [2025-12-01T09:24:54.480+0000] {warnings.py:109} WARNING - /opt/airflow/dags/ingestion_dag.py:254: RemovedInAirflow3Warning: Param `schedule_interval` is deprecated and will be removed in a future release. Please use `schedule` instead. 
  with DAG(
[2025-12-01T09:24:54.484+0000] {processor.py:840} INFO - DAG(s) 'ingestion_dag' retrieved from /opt/airflow/dags/ingestion_dag.py
[2025-12-01T09:24:54.505+0000] {logging_mixin.py:188} INFO - [2025-12-01T09:24:54.505+0000] {dag.py:3047} INFO - Sync 1 DAGs
[2025-12-01T09:24:54.526+0000] {logging_mixin.py:188} INFO - [2025-12-01T09:24:54.526+0000] {dag.py:3834} INFO - Setting next_dagrun for ingestion_dag to 2025-12-01 09:24:00+00:00, run_after=2025-12-01 09:25:00+00:00
[2025-12-01T09:24:54.538+0000] {processor.py:183} INFO - Processing /opt/airflow/dags/ingestion_dag.py took 1.753 seconds
[2025-12-01T09:25:25.424+0000] {processor.py:161} INFO - Started process (PID=70850) to work on /opt/airflow/dags/ingestion_dag.py
[2025-12-01T09:25:25.434+0000] {processor.py:830} INFO - Processing file /opt/airflow/dags/ingestion_dag.py for tasks to queue
[2025-12-01T09:25:25.436+0000] {logging_mixin.py:188} INFO - [2025-12-01T09:25:25.435+0000] {dagbag.py:540} INFO - Filling up the DagBag from /opt/airflow/dags/ingestion_dag.py
[2025-12-01T09:25:28.002+0000] {logging_mixin.py:188} INFO - [2025-12-01T09:25:28.001+0000] {warnings.py:109} WARNING - /opt/airflow/dags/ingestion_dag.py:257: RemovedInAirflow3Warning: Function `days_ago` is deprecated and will be removed in Airflow 3.0. You can achieve equivalent behavior with `pendulum.today('UTC').add(days=-N, ...)`
  start_date=days_ago(1),
[2025-12-01T09:25:28.002+0000] {logging_mixin.py:188} INFO - [2025-12-01T09:25:28.002+0000] {warnings.py:109} WARNING - /opt/airflow/dags/ingestion_dag.py:254: RemovedInAirflow3Warning: Param `schedule_interval` is deprecated and will be removed in a future release. Please use `schedule` instead. 
  with DAG(
[2025-12-01T09:25:28.008+0000] {processor.py:840} INFO - DAG(s) 'ingestion_dag' retrieved from /opt/airflow/dags/ingestion_dag.py
[2025-12-01T09:25:28.046+0000] {logging_mixin.py:188} INFO - [2025-12-01T09:25:28.046+0000] {dag.py:3047} INFO - Sync 1 DAGs
[2025-12-01T09:25:28.072+0000] {logging_mixin.py:188} INFO - [2025-12-01T09:25:28.072+0000] {dag.py:3834} INFO - Setting next_dagrun for ingestion_dag to 2025-12-01 09:25:00+00:00, run_after=2025-12-01 09:26:00+00:00
[2025-12-01T09:25:28.084+0000] {processor.py:183} INFO - Processing /opt/airflow/dags/ingestion_dag.py took 2.675 seconds
[2025-12-01T09:25:58.947+0000] {processor.py:161} INFO - Started process (PID=70868) to work on /opt/airflow/dags/ingestion_dag.py
[2025-12-01T09:25:58.950+0000] {processor.py:830} INFO - Processing file /opt/airflow/dags/ingestion_dag.py for tasks to queue
[2025-12-01T09:25:58.951+0000] {logging_mixin.py:188} INFO - [2025-12-01T09:25:58.950+0000] {dagbag.py:540} INFO - Filling up the DagBag from /opt/airflow/dags/ingestion_dag.py
[2025-12-01T09:26:00.688+0000] {logging_mixin.py:188} INFO - [2025-12-01T09:26:00.688+0000] {warnings.py:109} WARNING - /opt/airflow/dags/ingestion_dag.py:257: RemovedInAirflow3Warning: Function `days_ago` is deprecated and will be removed in Airflow 3.0. You can achieve equivalent behavior with `pendulum.today('UTC').add(days=-N, ...)`
  start_date=days_ago(1),
[2025-12-01T09:26:00.688+0000] {logging_mixin.py:188} INFO - [2025-12-01T09:26:00.688+0000] {warnings.py:109} WARNING - /opt/airflow/dags/ingestion_dag.py:254: RemovedInAirflow3Warning: Param `schedule_interval` is deprecated and will be removed in a future release. Please use `schedule` instead. 
  with DAG(
[2025-12-01T09:26:00.693+0000] {processor.py:840} INFO - DAG(s) 'ingestion_dag' retrieved from /opt/airflow/dags/ingestion_dag.py
[2025-12-01T09:26:00.718+0000] {logging_mixin.py:188} INFO - [2025-12-01T09:26:00.718+0000] {dag.py:3047} INFO - Sync 1 DAGs
[2025-12-01T09:26:00.736+0000] {logging_mixin.py:188} INFO - [2025-12-01T09:26:00.736+0000] {dag.py:3834} INFO - Setting next_dagrun for ingestion_dag to 2025-12-01 09:25:00+00:00, run_after=2025-12-01 09:26:00+00:00
[2025-12-01T09:26:00.746+0000] {processor.py:183} INFO - Processing /opt/airflow/dags/ingestion_dag.py took 1.806 seconds
[2025-12-01T09:26:31.422+0000] {processor.py:161} INFO - Started process (PID=70954) to work on /opt/airflow/dags/ingestion_dag.py
[2025-12-01T09:26:31.425+0000] {processor.py:830} INFO - Processing file /opt/airflow/dags/ingestion_dag.py for tasks to queue
[2025-12-01T09:26:31.427+0000] {logging_mixin.py:188} INFO - [2025-12-01T09:26:31.426+0000] {dagbag.py:540} INFO - Filling up the DagBag from /opt/airflow/dags/ingestion_dag.py
[2025-12-01T09:26:33.091+0000] {logging_mixin.py:188} INFO - [2025-12-01T09:26:33.090+0000] {warnings.py:109} WARNING - /opt/airflow/dags/ingestion_dag.py:257: RemovedInAirflow3Warning: Function `days_ago` is deprecated and will be removed in Airflow 3.0. You can achieve equivalent behavior with `pendulum.today('UTC').add(days=-N, ...)`
  start_date=days_ago(1),
[2025-12-01T09:26:33.091+0000] {logging_mixin.py:188} INFO - [2025-12-01T09:26:33.091+0000] {warnings.py:109} WARNING - /opt/airflow/dags/ingestion_dag.py:254: RemovedInAirflow3Warning: Param `schedule_interval` is deprecated and will be removed in a future release. Please use `schedule` instead. 
  with DAG(
[2025-12-01T09:26:33.094+0000] {processor.py:840} INFO - DAG(s) 'ingestion_dag' retrieved from /opt/airflow/dags/ingestion_dag.py
[2025-12-01T09:26:33.114+0000] {logging_mixin.py:188} INFO - [2025-12-01T09:26:33.113+0000] {dag.py:3047} INFO - Sync 1 DAGs
[2025-12-01T09:26:33.130+0000] {logging_mixin.py:188} INFO - [2025-12-01T09:26:33.130+0000] {dag.py:3834} INFO - Setting next_dagrun for ingestion_dag to 2025-12-01 09:26:00+00:00, run_after=2025-12-01 09:27:00+00:00
[2025-12-01T09:26:33.139+0000] {processor.py:183} INFO - Processing /opt/airflow/dags/ingestion_dag.py took 1.723 seconds
[2025-12-01T09:27:03.754+0000] {processor.py:161} INFO - Started process (PID=70991) to work on /opt/airflow/dags/ingestion_dag.py
[2025-12-01T09:27:03.762+0000] {processor.py:830} INFO - Processing file /opt/airflow/dags/ingestion_dag.py for tasks to queue
[2025-12-01T09:27:03.762+0000] {logging_mixin.py:188} INFO - [2025-12-01T09:27:03.762+0000] {dagbag.py:540} INFO - Filling up the DagBag from /opt/airflow/dags/ingestion_dag.py
[2025-12-01T09:27:05.344+0000] {logging_mixin.py:188} INFO - [2025-12-01T09:27:05.344+0000] {warnings.py:109} WARNING - /opt/airflow/dags/ingestion_dag.py:257: RemovedInAirflow3Warning: Function `days_ago` is deprecated and will be removed in Airflow 3.0. You can achieve equivalent behavior with `pendulum.today('UTC').add(days=-N, ...)`
  start_date=days_ago(1),
[2025-12-01T09:27:05.346+0000] {logging_mixin.py:188} INFO - [2025-12-01T09:27:05.346+0000] {warnings.py:109} WARNING - /opt/airflow/dags/ingestion_dag.py:254: RemovedInAirflow3Warning: Param `schedule_interval` is deprecated and will be removed in a future release. Please use `schedule` instead. 
  with DAG(
[2025-12-01T09:27:05.351+0000] {processor.py:840} INFO - DAG(s) 'ingestion_dag' retrieved from /opt/airflow/dags/ingestion_dag.py
[2025-12-01T09:27:05.376+0000] {logging_mixin.py:188} INFO - [2025-12-01T09:27:05.376+0000] {dag.py:3047} INFO - Sync 1 DAGs
[2025-12-01T09:27:05.401+0000] {logging_mixin.py:188} INFO - [2025-12-01T09:27:05.401+0000] {dag.py:3834} INFO - Setting next_dagrun for ingestion_dag to 2025-12-01 09:27:00+00:00, run_after=2025-12-01 09:28:00+00:00
[2025-12-01T09:27:05.419+0000] {processor.py:183} INFO - Processing /opt/airflow/dags/ingestion_dag.py took 1.672 seconds
[2025-12-01T09:27:35.904+0000] {processor.py:161} INFO - Started process (PID=71052) to work on /opt/airflow/dags/ingestion_dag.py
[2025-12-01T09:27:35.908+0000] {processor.py:830} INFO - Processing file /opt/airflow/dags/ingestion_dag.py for tasks to queue
[2025-12-01T09:27:35.910+0000] {logging_mixin.py:188} INFO - [2025-12-01T09:27:35.909+0000] {dagbag.py:540} INFO - Filling up the DagBag from /opt/airflow/dags/ingestion_dag.py
[2025-12-01T09:27:37.559+0000] {logging_mixin.py:188} INFO - [2025-12-01T09:27:37.558+0000] {warnings.py:109} WARNING - /opt/airflow/dags/ingestion_dag.py:257: RemovedInAirflow3Warning: Function `days_ago` is deprecated and will be removed in Airflow 3.0. You can achieve equivalent behavior with `pendulum.today('UTC').add(days=-N, ...)`
  start_date=days_ago(1),
[2025-12-01T09:27:37.559+0000] {logging_mixin.py:188} INFO - [2025-12-01T09:27:37.559+0000] {warnings.py:109} WARNING - /opt/airflow/dags/ingestion_dag.py:254: RemovedInAirflow3Warning: Param `schedule_interval` is deprecated and will be removed in a future release. Please use `schedule` instead. 
  with DAG(
[2025-12-01T09:27:37.567+0000] {processor.py:840} INFO - DAG(s) 'ingestion_dag' retrieved from /opt/airflow/dags/ingestion_dag.py
[2025-12-01T09:27:37.587+0000] {logging_mixin.py:188} INFO - [2025-12-01T09:27:37.587+0000] {dag.py:3047} INFO - Sync 1 DAGs
[2025-12-01T09:27:37.603+0000] {logging_mixin.py:188} INFO - [2025-12-01T09:27:37.602+0000] {dag.py:3834} INFO - Setting next_dagrun for ingestion_dag to 2025-12-01 09:27:00+00:00, run_after=2025-12-01 09:28:00+00:00
[2025-12-01T09:27:37.613+0000] {processor.py:183} INFO - Processing /opt/airflow/dags/ingestion_dag.py took 1.727 seconds
[2025-12-01T09:28:08.412+0000] {processor.py:161} INFO - Started process (PID=71135) to work on /opt/airflow/dags/ingestion_dag.py
[2025-12-01T09:28:08.414+0000] {processor.py:830} INFO - Processing file /opt/airflow/dags/ingestion_dag.py for tasks to queue
[2025-12-01T09:28:08.417+0000] {logging_mixin.py:188} INFO - [2025-12-01T09:28:08.416+0000] {dagbag.py:540} INFO - Filling up the DagBag from /opt/airflow/dags/ingestion_dag.py
[2025-12-01T09:28:11.381+0000] {logging_mixin.py:188} INFO - [2025-12-01T09:28:11.381+0000] {warnings.py:109} WARNING - /opt/airflow/dags/ingestion_dag.py:257: RemovedInAirflow3Warning: Function `days_ago` is deprecated and will be removed in Airflow 3.0. You can achieve equivalent behavior with `pendulum.today('UTC').add(days=-N, ...)`
  start_date=days_ago(1),
[2025-12-01T09:28:11.382+0000] {logging_mixin.py:188} INFO - [2025-12-01T09:28:11.382+0000] {warnings.py:109} WARNING - /opt/airflow/dags/ingestion_dag.py:254: RemovedInAirflow3Warning: Param `schedule_interval` is deprecated and will be removed in a future release. Please use `schedule` instead. 
  with DAG(
[2025-12-01T09:28:11.388+0000] {processor.py:840} INFO - DAG(s) 'ingestion_dag' retrieved from /opt/airflow/dags/ingestion_dag.py
[2025-12-01T09:28:11.423+0000] {logging_mixin.py:188} INFO - [2025-12-01T09:28:11.423+0000] {dag.py:3047} INFO - Sync 1 DAGs
[2025-12-01T09:28:11.447+0000] {logging_mixin.py:188} INFO - [2025-12-01T09:28:11.446+0000] {dag.py:3834} INFO - Setting next_dagrun for ingestion_dag to 2025-12-01 09:28:00+00:00, run_after=2025-12-01 09:29:00+00:00
[2025-12-01T09:28:11.457+0000] {processor.py:183} INFO - Processing /opt/airflow/dags/ingestion_dag.py took 3.061 seconds
[2025-12-01T09:28:41.875+0000] {processor.py:161} INFO - Started process (PID=71156) to work on /opt/airflow/dags/ingestion_dag.py
[2025-12-01T09:28:41.879+0000] {processor.py:830} INFO - Processing file /opt/airflow/dags/ingestion_dag.py for tasks to queue
[2025-12-01T09:28:41.883+0000] {logging_mixin.py:188} INFO - [2025-12-01T09:28:41.881+0000] {dagbag.py:540} INFO - Filling up the DagBag from /opt/airflow/dags/ingestion_dag.py
[2025-12-01T09:28:43.594+0000] {logging_mixin.py:188} INFO - [2025-12-01T09:28:43.594+0000] {warnings.py:109} WARNING - /opt/airflow/dags/ingestion_dag.py:257: RemovedInAirflow3Warning: Function `days_ago` is deprecated and will be removed in Airflow 3.0. You can achieve equivalent behavior with `pendulum.today('UTC').add(days=-N, ...)`
  start_date=days_ago(1),
[2025-12-01T09:28:43.594+0000] {logging_mixin.py:188} INFO - [2025-12-01T09:28:43.594+0000] {warnings.py:109} WARNING - /opt/airflow/dags/ingestion_dag.py:254: RemovedInAirflow3Warning: Param `schedule_interval` is deprecated and will be removed in a future release. Please use `schedule` instead. 
  with DAG(
[2025-12-01T09:28:43.599+0000] {processor.py:840} INFO - DAG(s) 'ingestion_dag' retrieved from /opt/airflow/dags/ingestion_dag.py
[2025-12-01T09:28:43.626+0000] {logging_mixin.py:188} INFO - [2025-12-01T09:28:43.626+0000] {dag.py:3047} INFO - Sync 1 DAGs
[2025-12-01T09:28:43.642+0000] {logging_mixin.py:188} INFO - [2025-12-01T09:28:43.642+0000] {dag.py:3834} INFO - Setting next_dagrun for ingestion_dag to 2025-12-01 09:28:00+00:00, run_after=2025-12-01 09:29:00+00:00
[2025-12-01T09:28:43.656+0000] {processor.py:183} INFO - Processing /opt/airflow/dags/ingestion_dag.py took 1.793 seconds
[2025-12-01T09:29:13.867+0000] {processor.py:161} INFO - Started process (PID=71236) to work on /opt/airflow/dags/ingestion_dag.py
[2025-12-01T09:29:13.871+0000] {processor.py:830} INFO - Processing file /opt/airflow/dags/ingestion_dag.py for tasks to queue
[2025-12-01T09:29:13.873+0000] {logging_mixin.py:188} INFO - [2025-12-01T09:29:13.872+0000] {dagbag.py:540} INFO - Filling up the DagBag from /opt/airflow/dags/ingestion_dag.py
[2025-12-01T09:29:15.652+0000] {logging_mixin.py:188} INFO - [2025-12-01T09:29:15.651+0000] {warnings.py:109} WARNING - /opt/airflow/dags/ingestion_dag.py:257: RemovedInAirflow3Warning: Function `days_ago` is deprecated and will be removed in Airflow 3.0. You can achieve equivalent behavior with `pendulum.today('UTC').add(days=-N, ...)`
  start_date=days_ago(1),
[2025-12-01T09:29:15.652+0000] {logging_mixin.py:188} INFO - [2025-12-01T09:29:15.652+0000] {warnings.py:109} WARNING - /opt/airflow/dags/ingestion_dag.py:254: RemovedInAirflow3Warning: Param `schedule_interval` is deprecated and will be removed in a future release. Please use `schedule` instead. 
  with DAG(
[2025-12-01T09:29:15.656+0000] {processor.py:840} INFO - DAG(s) 'ingestion_dag' retrieved from /opt/airflow/dags/ingestion_dag.py
[2025-12-01T09:29:15.682+0000] {logging_mixin.py:188} INFO - [2025-12-01T09:29:15.682+0000] {dag.py:3047} INFO - Sync 1 DAGs
[2025-12-01T09:29:15.714+0000] {logging_mixin.py:188} INFO - [2025-12-01T09:29:15.713+0000] {dag.py:3834} INFO - Setting next_dagrun for ingestion_dag to 2025-12-01 09:29:00+00:00, run_after=2025-12-01 09:30:00+00:00
[2025-12-01T09:29:15.729+0000] {processor.py:183} INFO - Processing /opt/airflow/dags/ingestion_dag.py took 1.879 seconds
[2025-12-01T09:29:46.179+0000] {processor.py:161} INFO - Started process (PID=71254) to work on /opt/airflow/dags/ingestion_dag.py
[2025-12-01T09:29:46.185+0000] {processor.py:830} INFO - Processing file /opt/airflow/dags/ingestion_dag.py for tasks to queue
[2025-12-01T09:29:46.188+0000] {logging_mixin.py:188} INFO - [2025-12-01T09:29:46.188+0000] {dagbag.py:540} INFO - Filling up the DagBag from /opt/airflow/dags/ingestion_dag.py
[2025-12-01T09:29:48.276+0000] {logging_mixin.py:188} INFO - [2025-12-01T09:29:48.276+0000] {warnings.py:109} WARNING - /opt/airflow/dags/ingestion_dag.py:257: RemovedInAirflow3Warning: Function `days_ago` is deprecated and will be removed in Airflow 3.0. You can achieve equivalent behavior with `pendulum.today('UTC').add(days=-N, ...)`
  start_date=days_ago(1),
[2025-12-01T09:29:48.276+0000] {logging_mixin.py:188} INFO - [2025-12-01T09:29:48.276+0000] {warnings.py:109} WARNING - /opt/airflow/dags/ingestion_dag.py:254: RemovedInAirflow3Warning: Param `schedule_interval` is deprecated and will be removed in a future release. Please use `schedule` instead. 
  with DAG(
[2025-12-01T09:29:48.281+0000] {processor.py:840} INFO - DAG(s) 'ingestion_dag' retrieved from /opt/airflow/dags/ingestion_dag.py
[2025-12-01T09:29:48.317+0000] {logging_mixin.py:188} INFO - [2025-12-01T09:29:48.317+0000] {dag.py:3047} INFO - Sync 1 DAGs
[2025-12-01T09:29:48.340+0000] {logging_mixin.py:188} INFO - [2025-12-01T09:29:48.340+0000] {dag.py:3834} INFO - Setting next_dagrun for ingestion_dag to 2025-12-01 09:29:00+00:00, run_after=2025-12-01 09:30:00+00:00
[2025-12-01T09:29:48.351+0000] {processor.py:183} INFO - Processing /opt/airflow/dags/ingestion_dag.py took 2.186 seconds
[2025-12-01T09:30:18.808+0000] {processor.py:161} INFO - Started process (PID=71340) to work on /opt/airflow/dags/ingestion_dag.py
[2025-12-01T09:30:18.810+0000] {processor.py:830} INFO - Processing file /opt/airflow/dags/ingestion_dag.py for tasks to queue
[2025-12-01T09:30:18.813+0000] {logging_mixin.py:188} INFO - [2025-12-01T09:30:18.811+0000] {dagbag.py:540} INFO - Filling up the DagBag from /opt/airflow/dags/ingestion_dag.py
[2025-12-01T09:30:20.500+0000] {logging_mixin.py:188} INFO - [2025-12-01T09:30:20.499+0000] {warnings.py:109} WARNING - /opt/airflow/dags/ingestion_dag.py:257: RemovedInAirflow3Warning: Function `days_ago` is deprecated and will be removed in Airflow 3.0. You can achieve equivalent behavior with `pendulum.today('UTC').add(days=-N, ...)`
  start_date=days_ago(1),
[2025-12-01T09:30:20.500+0000] {logging_mixin.py:188} INFO - [2025-12-01T09:30:20.500+0000] {warnings.py:109} WARNING - /opt/airflow/dags/ingestion_dag.py:254: RemovedInAirflow3Warning: Param `schedule_interval` is deprecated and will be removed in a future release. Please use `schedule` instead. 
  with DAG(
[2025-12-01T09:30:20.504+0000] {processor.py:840} INFO - DAG(s) 'ingestion_dag' retrieved from /opt/airflow/dags/ingestion_dag.py
[2025-12-01T09:30:20.528+0000] {logging_mixin.py:188} INFO - [2025-12-01T09:30:20.528+0000] {dag.py:3047} INFO - Sync 1 DAGs
[2025-12-01T09:30:20.545+0000] {logging_mixin.py:188} INFO - [2025-12-01T09:30:20.545+0000] {dag.py:3834} INFO - Setting next_dagrun for ingestion_dag to 2025-12-01 09:30:00+00:00, run_after=2025-12-01 09:31:00+00:00
[2025-12-01T09:30:20.557+0000] {processor.py:183} INFO - Processing /opt/airflow/dags/ingestion_dag.py took 1.757 seconds
[2025-12-01T09:30:51.108+0000] {processor.py:161} INFO - Started process (PID=71358) to work on /opt/airflow/dags/ingestion_dag.py
[2025-12-01T09:30:51.110+0000] {processor.py:830} INFO - Processing file /opt/airflow/dags/ingestion_dag.py for tasks to queue
[2025-12-01T09:30:51.115+0000] {logging_mixin.py:188} INFO - [2025-12-01T09:30:51.114+0000] {dagbag.py:540} INFO - Filling up the DagBag from /opt/airflow/dags/ingestion_dag.py
[2025-12-01T09:30:52.765+0000] {logging_mixin.py:188} INFO - [2025-12-01T09:30:52.764+0000] {warnings.py:109} WARNING - /opt/airflow/dags/ingestion_dag.py:257: RemovedInAirflow3Warning: Function `days_ago` is deprecated and will be removed in Airflow 3.0. You can achieve equivalent behavior with `pendulum.today('UTC').add(days=-N, ...)`
  start_date=days_ago(1),
[2025-12-01T09:30:52.765+0000] {logging_mixin.py:188} INFO - [2025-12-01T09:30:52.765+0000] {warnings.py:109} WARNING - /opt/airflow/dags/ingestion_dag.py:254: RemovedInAirflow3Warning: Param `schedule_interval` is deprecated and will be removed in a future release. Please use `schedule` instead. 
  with DAG(
[2025-12-01T09:30:52.768+0000] {processor.py:840} INFO - DAG(s) 'ingestion_dag' retrieved from /opt/airflow/dags/ingestion_dag.py
[2025-12-01T09:30:52.790+0000] {logging_mixin.py:188} INFO - [2025-12-01T09:30:52.790+0000] {dag.py:3047} INFO - Sync 1 DAGs
[2025-12-01T09:30:52.805+0000] {logging_mixin.py:188} INFO - [2025-12-01T09:30:52.805+0000] {dag.py:3834} INFO - Setting next_dagrun for ingestion_dag to 2025-12-01 09:30:00+00:00, run_after=2025-12-01 09:31:00+00:00
[2025-12-01T09:30:52.814+0000] {processor.py:183} INFO - Processing /opt/airflow/dags/ingestion_dag.py took 1.723 seconds
[2025-12-01T09:31:23.492+0000] {processor.py:161} INFO - Started process (PID=71438) to work on /opt/airflow/dags/ingestion_dag.py
[2025-12-01T09:31:23.495+0000] {processor.py:830} INFO - Processing file /opt/airflow/dags/ingestion_dag.py for tasks to queue
[2025-12-01T09:31:23.496+0000] {logging_mixin.py:188} INFO - [2025-12-01T09:31:23.496+0000] {dagbag.py:540} INFO - Filling up the DagBag from /opt/airflow/dags/ingestion_dag.py
[2025-12-01T09:31:25.219+0000] {logging_mixin.py:188} INFO - [2025-12-01T09:31:25.219+0000] {warnings.py:109} WARNING - /opt/airflow/dags/ingestion_dag.py:257: RemovedInAirflow3Warning: Function `days_ago` is deprecated and will be removed in Airflow 3.0. You can achieve equivalent behavior with `pendulum.today('UTC').add(days=-N, ...)`
  start_date=days_ago(1),
[2025-12-01T09:31:25.219+0000] {logging_mixin.py:188} INFO - [2025-12-01T09:31:25.219+0000] {warnings.py:109} WARNING - /opt/airflow/dags/ingestion_dag.py:254: RemovedInAirflow3Warning: Param `schedule_interval` is deprecated and will be removed in a future release. Please use `schedule` instead. 
  with DAG(
[2025-12-01T09:31:25.223+0000] {processor.py:840} INFO - DAG(s) 'ingestion_dag' retrieved from /opt/airflow/dags/ingestion_dag.py
[2025-12-01T09:31:25.251+0000] {logging_mixin.py:188} INFO - [2025-12-01T09:31:25.251+0000] {dag.py:3047} INFO - Sync 1 DAGs
[2025-12-01T09:31:25.267+0000] {logging_mixin.py:188} INFO - [2025-12-01T09:31:25.267+0000] {dag.py:3834} INFO - Setting next_dagrun for ingestion_dag to 2025-12-01 09:31:00+00:00, run_after=2025-12-01 09:32:00+00:00
[2025-12-01T09:31:25.277+0000] {processor.py:183} INFO - Processing /opt/airflow/dags/ingestion_dag.py took 1.802 seconds
[2025-12-01T09:31:56.144+0000] {processor.py:161} INFO - Started process (PID=71456) to work on /opt/airflow/dags/ingestion_dag.py
[2025-12-01T09:31:56.148+0000] {processor.py:830} INFO - Processing file /opt/airflow/dags/ingestion_dag.py for tasks to queue
[2025-12-01T09:31:56.149+0000] {logging_mixin.py:188} INFO - [2025-12-01T09:31:56.149+0000] {dagbag.py:540} INFO - Filling up the DagBag from /opt/airflow/dags/ingestion_dag.py
[2025-12-01T09:31:57.796+0000] {logging_mixin.py:188} INFO - [2025-12-01T09:31:57.796+0000] {warnings.py:109} WARNING - /opt/airflow/dags/ingestion_dag.py:257: RemovedInAirflow3Warning: Function `days_ago` is deprecated and will be removed in Airflow 3.0. You can achieve equivalent behavior with `pendulum.today('UTC').add(days=-N, ...)`
  start_date=days_ago(1),
[2025-12-01T09:31:57.797+0000] {logging_mixin.py:188} INFO - [2025-12-01T09:31:57.797+0000] {warnings.py:109} WARNING - /opt/airflow/dags/ingestion_dag.py:254: RemovedInAirflow3Warning: Param `schedule_interval` is deprecated and will be removed in a future release. Please use `schedule` instead. 
  with DAG(
[2025-12-01T09:31:57.800+0000] {processor.py:840} INFO - DAG(s) 'ingestion_dag' retrieved from /opt/airflow/dags/ingestion_dag.py
[2025-12-01T09:31:57.816+0000] {logging_mixin.py:188} INFO - [2025-12-01T09:31:57.816+0000] {dag.py:3047} INFO - Sync 1 DAGs
[2025-12-01T09:31:57.834+0000] {logging_mixin.py:188} INFO - [2025-12-01T09:31:57.834+0000] {dag.py:3834} INFO - Setting next_dagrun for ingestion_dag to 2025-12-01 09:31:00+00:00, run_after=2025-12-01 09:32:00+00:00
[2025-12-01T09:31:57.844+0000] {processor.py:183} INFO - Processing /opt/airflow/dags/ingestion_dag.py took 1.706 seconds
[2025-12-01T09:32:28.731+0000] {processor.py:161} INFO - Started process (PID=71542) to work on /opt/airflow/dags/ingestion_dag.py
[2025-12-01T09:32:28.734+0000] {processor.py:830} INFO - Processing file /opt/airflow/dags/ingestion_dag.py for tasks to queue
[2025-12-01T09:32:28.736+0000] {logging_mixin.py:188} INFO - [2025-12-01T09:32:28.735+0000] {dagbag.py:540} INFO - Filling up the DagBag from /opt/airflow/dags/ingestion_dag.py
[2025-12-01T09:32:30.446+0000] {logging_mixin.py:188} INFO - [2025-12-01T09:32:30.446+0000] {warnings.py:109} WARNING - /opt/airflow/dags/ingestion_dag.py:257: RemovedInAirflow3Warning: Function `days_ago` is deprecated and will be removed in Airflow 3.0. You can achieve equivalent behavior with `pendulum.today('UTC').add(days=-N, ...)`
  start_date=days_ago(1),
[2025-12-01T09:32:30.447+0000] {logging_mixin.py:188} INFO - [2025-12-01T09:32:30.447+0000] {warnings.py:109} WARNING - /opt/airflow/dags/ingestion_dag.py:254: RemovedInAirflow3Warning: Param `schedule_interval` is deprecated and will be removed in a future release. Please use `schedule` instead. 
  with DAG(
[2025-12-01T09:32:30.450+0000] {processor.py:840} INFO - DAG(s) 'ingestion_dag' retrieved from /opt/airflow/dags/ingestion_dag.py
[2025-12-01T09:32:30.465+0000] {logging_mixin.py:188} INFO - [2025-12-01T09:32:30.465+0000] {dag.py:3047} INFO - Sync 1 DAGs
[2025-12-01T09:32:30.485+0000] {logging_mixin.py:188} INFO - [2025-12-01T09:32:30.485+0000] {dag.py:3834} INFO - Setting next_dagrun for ingestion_dag to 2025-12-01 09:32:00+00:00, run_after=2025-12-01 09:33:00+00:00
[2025-12-01T09:32:30.493+0000] {processor.py:183} INFO - Processing /opt/airflow/dags/ingestion_dag.py took 1.776 seconds
[2025-12-01T09:33:00.856+0000] {processor.py:161} INFO - Started process (PID=71566) to work on /opt/airflow/dags/ingestion_dag.py
[2025-12-01T09:33:00.858+0000] {processor.py:830} INFO - Processing file /opt/airflow/dags/ingestion_dag.py for tasks to queue
[2025-12-01T09:33:00.858+0000] {logging_mixin.py:188} INFO - [2025-12-01T09:33:00.858+0000] {dagbag.py:540} INFO - Filling up the DagBag from /opt/airflow/dags/ingestion_dag.py
[2025-12-01T09:33:02.341+0000] {logging_mixin.py:188} INFO - [2025-12-01T09:33:02.341+0000] {warnings.py:109} WARNING - /opt/airflow/dags/ingestion_dag.py:257: RemovedInAirflow3Warning: Function `days_ago` is deprecated and will be removed in Airflow 3.0. You can achieve equivalent behavior with `pendulum.today('UTC').add(days=-N, ...)`
  start_date=days_ago(1),
[2025-12-01T09:33:02.342+0000] {logging_mixin.py:188} INFO - [2025-12-01T09:33:02.342+0000] {warnings.py:109} WARNING - /opt/airflow/dags/ingestion_dag.py:254: RemovedInAirflow3Warning: Param `schedule_interval` is deprecated and will be removed in a future release. Please use `schedule` instead. 
  with DAG(
[2025-12-01T09:33:02.348+0000] {processor.py:840} INFO - DAG(s) 'ingestion_dag' retrieved from /opt/airflow/dags/ingestion_dag.py
[2025-12-01T09:33:02.365+0000] {logging_mixin.py:188} INFO - [2025-12-01T09:33:02.365+0000] {dag.py:3047} INFO - Sync 1 DAGs
[2025-12-01T09:33:02.384+0000] {logging_mixin.py:188} INFO - [2025-12-01T09:33:02.383+0000] {dag.py:3834} INFO - Setting next_dagrun for ingestion_dag to 2025-12-01 09:33:00+00:00, run_after=2025-12-01 09:34:00+00:00
[2025-12-01T09:33:02.394+0000] {processor.py:183} INFO - Processing /opt/airflow/dags/ingestion_dag.py took 1.541 seconds
[2025-12-01T09:33:32.805+0000] {processor.py:161} INFO - Started process (PID=71645) to work on /opt/airflow/dags/ingestion_dag.py
[2025-12-01T09:33:32.806+0000] {processor.py:830} INFO - Processing file /opt/airflow/dags/ingestion_dag.py for tasks to queue
[2025-12-01T09:33:32.807+0000] {logging_mixin.py:188} INFO - [2025-12-01T09:33:32.807+0000] {dagbag.py:540} INFO - Filling up the DagBag from /opt/airflow/dags/ingestion_dag.py
[2025-12-01T09:33:34.438+0000] {logging_mixin.py:188} INFO - [2025-12-01T09:33:34.438+0000] {warnings.py:109} WARNING - /opt/airflow/dags/ingestion_dag.py:257: RemovedInAirflow3Warning: Function `days_ago` is deprecated and will be removed in Airflow 3.0. You can achieve equivalent behavior with `pendulum.today('UTC').add(days=-N, ...)`
  start_date=days_ago(1),
[2025-12-01T09:33:34.438+0000] {logging_mixin.py:188} INFO - [2025-12-01T09:33:34.438+0000] {warnings.py:109} WARNING - /opt/airflow/dags/ingestion_dag.py:254: RemovedInAirflow3Warning: Param `schedule_interval` is deprecated and will be removed in a future release. Please use `schedule` instead. 
  with DAG(
[2025-12-01T09:33:34.442+0000] {processor.py:840} INFO - DAG(s) 'ingestion_dag' retrieved from /opt/airflow/dags/ingestion_dag.py
[2025-12-01T09:33:34.459+0000] {logging_mixin.py:188} INFO - [2025-12-01T09:33:34.459+0000] {dag.py:3047} INFO - Sync 1 DAGs
[2025-12-01T09:33:34.474+0000] {logging_mixin.py:188} INFO - [2025-12-01T09:33:34.473+0000] {dag.py:3834} INFO - Setting next_dagrun for ingestion_dag to 2025-12-01 09:33:00+00:00, run_after=2025-12-01 09:34:00+00:00
[2025-12-01T09:33:34.483+0000] {processor.py:183} INFO - Processing /opt/airflow/dags/ingestion_dag.py took 1.682 seconds
[2025-12-01T09:34:04.580+0000] {processor.py:161} INFO - Started process (PID=71688) to work on /opt/airflow/dags/ingestion_dag.py
[2025-12-01T09:34:04.582+0000] {processor.py:830} INFO - Processing file /opt/airflow/dags/ingestion_dag.py for tasks to queue
[2025-12-01T09:34:04.583+0000] {logging_mixin.py:188} INFO - [2025-12-01T09:34:04.582+0000] {dagbag.py:540} INFO - Filling up the DagBag from /opt/airflow/dags/ingestion_dag.py
[2025-12-01T09:34:06.076+0000] {logging_mixin.py:188} INFO - [2025-12-01T09:34:06.075+0000] {warnings.py:109} WARNING - /opt/airflow/dags/ingestion_dag.py:257: RemovedInAirflow3Warning: Function `days_ago` is deprecated and will be removed in Airflow 3.0. You can achieve equivalent behavior with `pendulum.today('UTC').add(days=-N, ...)`
  start_date=days_ago(1),
[2025-12-01T09:34:06.077+0000] {logging_mixin.py:188} INFO - [2025-12-01T09:34:06.077+0000] {warnings.py:109} WARNING - /opt/airflow/dags/ingestion_dag.py:254: RemovedInAirflow3Warning: Param `schedule_interval` is deprecated and will be removed in a future release. Please use `schedule` instead. 
  with DAG(
[2025-12-01T09:34:06.082+0000] {processor.py:840} INFO - DAG(s) 'ingestion_dag' retrieved from /opt/airflow/dags/ingestion_dag.py
[2025-12-01T09:34:06.099+0000] {logging_mixin.py:188} INFO - [2025-12-01T09:34:06.099+0000] {dag.py:3047} INFO - Sync 1 DAGs
[2025-12-01T09:34:06.117+0000] {logging_mixin.py:188} INFO - [2025-12-01T09:34:06.116+0000] {dag.py:3834} INFO - Setting next_dagrun for ingestion_dag to 2025-12-01 09:34:00+00:00, run_after=2025-12-01 09:35:00+00:00
[2025-12-01T09:34:06.129+0000] {processor.py:183} INFO - Processing /opt/airflow/dags/ingestion_dag.py took 1.552 seconds
[2025-12-01T09:34:37.002+0000] {processor.py:161} INFO - Started process (PID=71749) to work on /opt/airflow/dags/ingestion_dag.py
[2025-12-01T09:34:37.004+0000] {processor.py:830} INFO - Processing file /opt/airflow/dags/ingestion_dag.py for tasks to queue
[2025-12-01T09:34:37.005+0000] {logging_mixin.py:188} INFO - [2025-12-01T09:34:37.004+0000] {dagbag.py:540} INFO - Filling up the DagBag from /opt/airflow/dags/ingestion_dag.py
[2025-12-01T09:34:38.679+0000] {logging_mixin.py:188} INFO - [2025-12-01T09:34:38.679+0000] {warnings.py:109} WARNING - /opt/airflow/dags/ingestion_dag.py:257: RemovedInAirflow3Warning: Function `days_ago` is deprecated and will be removed in Airflow 3.0. You can achieve equivalent behavior with `pendulum.today('UTC').add(days=-N, ...)`
  start_date=days_ago(1),
[2025-12-01T09:34:38.680+0000] {logging_mixin.py:188} INFO - [2025-12-01T09:34:38.680+0000] {warnings.py:109} WARNING - /opt/airflow/dags/ingestion_dag.py:254: RemovedInAirflow3Warning: Param `schedule_interval` is deprecated and will be removed in a future release. Please use `schedule` instead. 
  with DAG(
[2025-12-01T09:34:38.684+0000] {processor.py:840} INFO - DAG(s) 'ingestion_dag' retrieved from /opt/airflow/dags/ingestion_dag.py
[2025-12-01T09:34:38.702+0000] {logging_mixin.py:188} INFO - [2025-12-01T09:34:38.702+0000] {dag.py:3047} INFO - Sync 1 DAGs
[2025-12-01T09:34:38.719+0000] {logging_mixin.py:188} INFO - [2025-12-01T09:34:38.718+0000] {dag.py:3834} INFO - Setting next_dagrun for ingestion_dag to 2025-12-01 09:34:00+00:00, run_after=2025-12-01 09:35:00+00:00
[2025-12-01T09:34:38.729+0000] {processor.py:183} INFO - Processing /opt/airflow/dags/ingestion_dag.py took 1.731 seconds
[2025-12-01T09:35:09.519+0000] {processor.py:161} INFO - Started process (PID=71829) to work on /opt/airflow/dags/ingestion_dag.py
[2025-12-01T09:35:09.522+0000] {processor.py:830} INFO - Processing file /opt/airflow/dags/ingestion_dag.py for tasks to queue
[2025-12-01T09:35:09.523+0000] {logging_mixin.py:188} INFO - [2025-12-01T09:35:09.523+0000] {dagbag.py:540} INFO - Filling up the DagBag from /opt/airflow/dags/ingestion_dag.py
[2025-12-01T09:35:11.283+0000] {logging_mixin.py:188} INFO - [2025-12-01T09:35:11.282+0000] {warnings.py:109} WARNING - /opt/airflow/dags/ingestion_dag.py:257: RemovedInAirflow3Warning: Function `days_ago` is deprecated and will be removed in Airflow 3.0. You can achieve equivalent behavior with `pendulum.today('UTC').add(days=-N, ...)`
  start_date=days_ago(1),
[2025-12-01T09:35:11.283+0000] {logging_mixin.py:188} INFO - [2025-12-01T09:35:11.283+0000] {warnings.py:109} WARNING - /opt/airflow/dags/ingestion_dag.py:254: RemovedInAirflow3Warning: Param `schedule_interval` is deprecated and will be removed in a future release. Please use `schedule` instead. 
  with DAG(
[2025-12-01T09:35:11.287+0000] {processor.py:840} INFO - DAG(s) 'ingestion_dag' retrieved from /opt/airflow/dags/ingestion_dag.py
[2025-12-01T09:35:11.303+0000] {logging_mixin.py:188} INFO - [2025-12-01T09:35:11.303+0000] {dag.py:3047} INFO - Sync 1 DAGs
[2025-12-01T09:35:11.317+0000] {logging_mixin.py:188} INFO - [2025-12-01T09:35:11.317+0000] {dag.py:3834} INFO - Setting next_dagrun for ingestion_dag to 2025-12-01 09:35:00+00:00, run_after=2025-12-01 09:36:00+00:00
[2025-12-01T09:35:11.330+0000] {processor.py:183} INFO - Processing /opt/airflow/dags/ingestion_dag.py took 1.819 seconds
[2025-12-01T09:35:41.581+0000] {processor.py:161} INFO - Started process (PID=71847) to work on /opt/airflow/dags/ingestion_dag.py
[2025-12-01T09:35:41.584+0000] {processor.py:830} INFO - Processing file /opt/airflow/dags/ingestion_dag.py for tasks to queue
[2025-12-01T09:35:41.585+0000] {logging_mixin.py:188} INFO - [2025-12-01T09:35:41.585+0000] {dagbag.py:540} INFO - Filling up the DagBag from /opt/airflow/dags/ingestion_dag.py
[2025-12-01T09:35:43.126+0000] {logging_mixin.py:188} INFO - [2025-12-01T09:35:43.125+0000] {warnings.py:109} WARNING - /opt/airflow/dags/ingestion_dag.py:257: RemovedInAirflow3Warning: Function `days_ago` is deprecated and will be removed in Airflow 3.0. You can achieve equivalent behavior with `pendulum.today('UTC').add(days=-N, ...)`
  start_date=days_ago(1),
[2025-12-01T09:35:43.126+0000] {logging_mixin.py:188} INFO - [2025-12-01T09:35:43.126+0000] {warnings.py:109} WARNING - /opt/airflow/dags/ingestion_dag.py:254: RemovedInAirflow3Warning: Param `schedule_interval` is deprecated and will be removed in a future release. Please use `schedule` instead. 
  with DAG(
[2025-12-01T09:35:43.130+0000] {processor.py:840} INFO - DAG(s) 'ingestion_dag' retrieved from /opt/airflow/dags/ingestion_dag.py
[2025-12-01T09:35:43.154+0000] {logging_mixin.py:188} INFO - [2025-12-01T09:35:43.154+0000] {dag.py:3047} INFO - Sync 1 DAGs
[2025-12-01T09:35:43.170+0000] {logging_mixin.py:188} INFO - [2025-12-01T09:35:43.170+0000] {dag.py:3834} INFO - Setting next_dagrun for ingestion_dag to 2025-12-01 09:35:00+00:00, run_after=2025-12-01 09:36:00+00:00
[2025-12-01T09:35:43.180+0000] {processor.py:183} INFO - Processing /opt/airflow/dags/ingestion_dag.py took 1.605 seconds
[2025-12-01T09:36:13.692+0000] {processor.py:161} INFO - Started process (PID=71933) to work on /opt/airflow/dags/ingestion_dag.py
[2025-12-01T09:36:13.700+0000] {processor.py:830} INFO - Processing file /opt/airflow/dags/ingestion_dag.py for tasks to queue
[2025-12-01T09:36:13.701+0000] {logging_mixin.py:188} INFO - [2025-12-01T09:36:13.700+0000] {dagbag.py:540} INFO - Filling up the DagBag from /opt/airflow/dags/ingestion_dag.py
[2025-12-01T09:36:15.362+0000] {logging_mixin.py:188} INFO - [2025-12-01T09:36:15.362+0000] {warnings.py:109} WARNING - /opt/airflow/dags/ingestion_dag.py:257: RemovedInAirflow3Warning: Function `days_ago` is deprecated and will be removed in Airflow 3.0. You can achieve equivalent behavior with `pendulum.today('UTC').add(days=-N, ...)`
  start_date=days_ago(1),
[2025-12-01T09:36:15.363+0000] {logging_mixin.py:188} INFO - [2025-12-01T09:36:15.363+0000] {warnings.py:109} WARNING - /opt/airflow/dags/ingestion_dag.py:254: RemovedInAirflow3Warning: Param `schedule_interval` is deprecated and will be removed in a future release. Please use `schedule` instead. 
  with DAG(
[2025-12-01T09:36:15.367+0000] {processor.py:840} INFO - DAG(s) 'ingestion_dag' retrieved from /opt/airflow/dags/ingestion_dag.py
[2025-12-01T09:36:15.390+0000] {logging_mixin.py:188} INFO - [2025-12-01T09:36:15.389+0000] {dag.py:3047} INFO - Sync 1 DAGs
[2025-12-01T09:36:15.406+0000] {logging_mixin.py:188} INFO - [2025-12-01T09:36:15.406+0000] {dag.py:3834} INFO - Setting next_dagrun for ingestion_dag to 2025-12-01 09:36:00+00:00, run_after=2025-12-01 09:37:00+00:00
[2025-12-01T09:36:15.416+0000] {processor.py:183} INFO - Processing /opt/airflow/dags/ingestion_dag.py took 1.732 seconds
[2025-12-01T09:36:45.906+0000] {processor.py:161} INFO - Started process (PID=71951) to work on /opt/airflow/dags/ingestion_dag.py
[2025-12-01T09:36:45.908+0000] {processor.py:830} INFO - Processing file /opt/airflow/dags/ingestion_dag.py for tasks to queue
[2025-12-01T09:36:45.909+0000] {logging_mixin.py:188} INFO - [2025-12-01T09:36:45.909+0000] {dagbag.py:540} INFO - Filling up the DagBag from /opt/airflow/dags/ingestion_dag.py
[2025-12-01T09:36:47.460+0000] {logging_mixin.py:188} INFO - [2025-12-01T09:36:47.459+0000] {warnings.py:109} WARNING - /opt/airflow/dags/ingestion_dag.py:257: RemovedInAirflow3Warning: Function `days_ago` is deprecated and will be removed in Airflow 3.0. You can achieve equivalent behavior with `pendulum.today('UTC').add(days=-N, ...)`
  start_date=days_ago(1),
[2025-12-01T09:36:47.460+0000] {logging_mixin.py:188} INFO - [2025-12-01T09:36:47.460+0000] {warnings.py:109} WARNING - /opt/airflow/dags/ingestion_dag.py:254: RemovedInAirflow3Warning: Param `schedule_interval` is deprecated and will be removed in a future release. Please use `schedule` instead. 
  with DAG(
[2025-12-01T09:36:47.464+0000] {processor.py:840} INFO - DAG(s) 'ingestion_dag' retrieved from /opt/airflow/dags/ingestion_dag.py
[2025-12-01T09:36:47.483+0000] {logging_mixin.py:188} INFO - [2025-12-01T09:36:47.482+0000] {dag.py:3047} INFO - Sync 1 DAGs
[2025-12-01T09:36:47.498+0000] {logging_mixin.py:188} INFO - [2025-12-01T09:36:47.498+0000] {dag.py:3834} INFO - Setting next_dagrun for ingestion_dag to 2025-12-01 09:36:00+00:00, run_after=2025-12-01 09:37:00+00:00
[2025-12-01T09:36:47.508+0000] {processor.py:183} INFO - Processing /opt/airflow/dags/ingestion_dag.py took 1.609 seconds
[2025-12-01T09:37:18.377+0000] {processor.py:161} INFO - Started process (PID=72031) to work on /opt/airflow/dags/ingestion_dag.py
[2025-12-01T09:37:18.380+0000] {processor.py:830} INFO - Processing file /opt/airflow/dags/ingestion_dag.py for tasks to queue
[2025-12-01T09:37:18.381+0000] {logging_mixin.py:188} INFO - [2025-12-01T09:37:18.381+0000] {dagbag.py:540} INFO - Filling up the DagBag from /opt/airflow/dags/ingestion_dag.py
[2025-12-01T09:37:20.024+0000] {logging_mixin.py:188} INFO - [2025-12-01T09:37:20.023+0000] {warnings.py:109} WARNING - /opt/airflow/dags/ingestion_dag.py:257: RemovedInAirflow3Warning: Function `days_ago` is deprecated and will be removed in Airflow 3.0. You can achieve equivalent behavior with `pendulum.today('UTC').add(days=-N, ...)`
  start_date=days_ago(1),
[2025-12-01T09:37:20.024+0000] {logging_mixin.py:188} INFO - [2025-12-01T09:37:20.024+0000] {warnings.py:109} WARNING - /opt/airflow/dags/ingestion_dag.py:254: RemovedInAirflow3Warning: Param `schedule_interval` is deprecated and will be removed in a future release. Please use `schedule` instead. 
  with DAG(
[2025-12-01T09:37:20.027+0000] {processor.py:840} INFO - DAG(s) 'ingestion_dag' retrieved from /opt/airflow/dags/ingestion_dag.py
[2025-12-01T09:37:20.048+0000] {logging_mixin.py:188} INFO - [2025-12-01T09:37:20.048+0000] {dag.py:3047} INFO - Sync 1 DAGs
[2025-12-01T09:37:20.064+0000] {logging_mixin.py:188} INFO - [2025-12-01T09:37:20.064+0000] {dag.py:3834} INFO - Setting next_dagrun for ingestion_dag to 2025-12-01 09:37:00+00:00, run_after=2025-12-01 09:38:00+00:00
[2025-12-01T09:37:20.074+0000] {processor.py:183} INFO - Processing /opt/airflow/dags/ingestion_dag.py took 1.715 seconds
[2025-12-01T09:37:50.576+0000] {processor.py:161} INFO - Started process (PID=72049) to work on /opt/airflow/dags/ingestion_dag.py
[2025-12-01T09:37:50.587+0000] {processor.py:830} INFO - Processing file /opt/airflow/dags/ingestion_dag.py for tasks to queue
[2025-12-01T09:37:50.588+0000] {logging_mixin.py:188} INFO - [2025-12-01T09:37:50.588+0000] {dagbag.py:540} INFO - Filling up the DagBag from /opt/airflow/dags/ingestion_dag.py
[2025-12-01T09:37:52.198+0000] {logging_mixin.py:188} INFO - [2025-12-01T09:37:52.198+0000] {warnings.py:109} WARNING - /opt/airflow/dags/ingestion_dag.py:257: RemovedInAirflow3Warning: Function `days_ago` is deprecated and will be removed in Airflow 3.0. You can achieve equivalent behavior with `pendulum.today('UTC').add(days=-N, ...)`
  start_date=days_ago(1),
[2025-12-01T09:37:52.199+0000] {logging_mixin.py:188} INFO - [2025-12-01T09:37:52.199+0000] {warnings.py:109} WARNING - /opt/airflow/dags/ingestion_dag.py:254: RemovedInAirflow3Warning: Param `schedule_interval` is deprecated and will be removed in a future release. Please use `schedule` instead. 
  with DAG(
[2025-12-01T09:37:52.202+0000] {processor.py:840} INFO - DAG(s) 'ingestion_dag' retrieved from /opt/airflow/dags/ingestion_dag.py
[2025-12-01T09:37:52.226+0000] {logging_mixin.py:188} INFO - [2025-12-01T09:37:52.226+0000] {dag.py:3047} INFO - Sync 1 DAGs
[2025-12-01T09:37:52.242+0000] {logging_mixin.py:188} INFO - [2025-12-01T09:37:52.242+0000] {dag.py:3834} INFO - Setting next_dagrun for ingestion_dag to 2025-12-01 09:37:00+00:00, run_after=2025-12-01 09:38:00+00:00
[2025-12-01T09:37:52.252+0000] {processor.py:183} INFO - Processing /opt/airflow/dags/ingestion_dag.py took 1.688 seconds
[2025-12-01T09:38:23.209+0000] {processor.py:161} INFO - Started process (PID=72135) to work on /opt/airflow/dags/ingestion_dag.py
[2025-12-01T09:38:23.212+0000] {processor.py:830} INFO - Processing file /opt/airflow/dags/ingestion_dag.py for tasks to queue
[2025-12-01T09:38:23.215+0000] {logging_mixin.py:188} INFO - [2025-12-01T09:38:23.213+0000] {dagbag.py:540} INFO - Filling up the DagBag from /opt/airflow/dags/ingestion_dag.py
[2025-12-01T09:38:24.821+0000] {logging_mixin.py:188} INFO - [2025-12-01T09:38:24.820+0000] {warnings.py:109} WARNING - /opt/airflow/dags/ingestion_dag.py:257: RemovedInAirflow3Warning: Function `days_ago` is deprecated and will be removed in Airflow 3.0. You can achieve equivalent behavior with `pendulum.today('UTC').add(days=-N, ...)`
  start_date=days_ago(1),
[2025-12-01T09:38:24.821+0000] {logging_mixin.py:188} INFO - [2025-12-01T09:38:24.821+0000] {warnings.py:109} WARNING - /opt/airflow/dags/ingestion_dag.py:254: RemovedInAirflow3Warning: Param `schedule_interval` is deprecated and will be removed in a future release. Please use `schedule` instead. 
  with DAG(
[2025-12-01T09:38:24.824+0000] {processor.py:840} INFO - DAG(s) 'ingestion_dag' retrieved from /opt/airflow/dags/ingestion_dag.py
[2025-12-01T09:38:24.849+0000] {logging_mixin.py:188} INFO - [2025-12-01T09:38:24.849+0000] {dag.py:3047} INFO - Sync 1 DAGs
[2025-12-01T09:38:24.865+0000] {logging_mixin.py:188} INFO - [2025-12-01T09:38:24.864+0000] {dag.py:3834} INFO - Setting next_dagrun for ingestion_dag to 2025-12-01 09:38:00+00:00, run_after=2025-12-01 09:39:00+00:00
[2025-12-01T09:38:24.874+0000] {processor.py:183} INFO - Processing /opt/airflow/dags/ingestion_dag.py took 1.673 seconds
[2025-12-01T09:38:55.377+0000] {processor.py:161} INFO - Started process (PID=72153) to work on /opt/airflow/dags/ingestion_dag.py
[2025-12-01T09:38:55.379+0000] {processor.py:830} INFO - Processing file /opt/airflow/dags/ingestion_dag.py for tasks to queue
[2025-12-01T09:38:55.381+0000] {logging_mixin.py:188} INFO - [2025-12-01T09:38:55.380+0000] {dagbag.py:540} INFO - Filling up the DagBag from /opt/airflow/dags/ingestion_dag.py
[2025-12-01T09:38:57.074+0000] {logging_mixin.py:188} INFO - [2025-12-01T09:38:57.073+0000] {warnings.py:109} WARNING - /opt/airflow/dags/ingestion_dag.py:257: RemovedInAirflow3Warning: Function `days_ago` is deprecated and will be removed in Airflow 3.0. You can achieve equivalent behavior with `pendulum.today('UTC').add(days=-N, ...)`
  start_date=days_ago(1),
[2025-12-01T09:38:57.074+0000] {logging_mixin.py:188} INFO - [2025-12-01T09:38:57.074+0000] {warnings.py:109} WARNING - /opt/airflow/dags/ingestion_dag.py:254: RemovedInAirflow3Warning: Param `schedule_interval` is deprecated and will be removed in a future release. Please use `schedule` instead. 
  with DAG(
[2025-12-01T09:38:57.078+0000] {processor.py:840} INFO - DAG(s) 'ingestion_dag' retrieved from /opt/airflow/dags/ingestion_dag.py
[2025-12-01T09:38:57.101+0000] {logging_mixin.py:188} INFO - [2025-12-01T09:38:57.101+0000] {dag.py:3047} INFO - Sync 1 DAGs
[2025-12-01T09:38:57.117+0000] {logging_mixin.py:188} INFO - [2025-12-01T09:38:57.117+0000] {dag.py:3834} INFO - Setting next_dagrun for ingestion_dag to 2025-12-01 09:38:00+00:00, run_after=2025-12-01 09:39:00+00:00
[2025-12-01T09:38:57.128+0000] {processor.py:183} INFO - Processing /opt/airflow/dags/ingestion_dag.py took 1.763 seconds
[2025-12-01T09:39:27.996+0000] {processor.py:161} INFO - Started process (PID=72233) to work on /opt/airflow/dags/ingestion_dag.py
[2025-12-01T09:39:27.999+0000] {processor.py:830} INFO - Processing file /opt/airflow/dags/ingestion_dag.py for tasks to queue
[2025-12-01T09:39:28.000+0000] {logging_mixin.py:188} INFO - [2025-12-01T09:39:27.999+0000] {dagbag.py:540} INFO - Filling up the DagBag from /opt/airflow/dags/ingestion_dag.py
[2025-12-01T09:39:29.653+0000] {logging_mixin.py:188} INFO - [2025-12-01T09:39:29.653+0000] {warnings.py:109} WARNING - /opt/airflow/dags/ingestion_dag.py:257: RemovedInAirflow3Warning: Function `days_ago` is deprecated and will be removed in Airflow 3.0. You can achieve equivalent behavior with `pendulum.today('UTC').add(days=-N, ...)`
  start_date=days_ago(1),
[2025-12-01T09:39:29.654+0000] {logging_mixin.py:188} INFO - [2025-12-01T09:39:29.653+0000] {warnings.py:109} WARNING - /opt/airflow/dags/ingestion_dag.py:254: RemovedInAirflow3Warning: Param `schedule_interval` is deprecated and will be removed in a future release. Please use `schedule` instead. 
  with DAG(
[2025-12-01T09:39:29.658+0000] {processor.py:840} INFO - DAG(s) 'ingestion_dag' retrieved from /opt/airflow/dags/ingestion_dag.py
[2025-12-01T09:39:29.688+0000] {logging_mixin.py:188} INFO - [2025-12-01T09:39:29.688+0000] {dag.py:3047} INFO - Sync 1 DAGs
[2025-12-01T09:39:29.706+0000] {logging_mixin.py:188} INFO - [2025-12-01T09:39:29.706+0000] {dag.py:3834} INFO - Setting next_dagrun for ingestion_dag to 2025-12-01 09:39:00+00:00, run_after=2025-12-01 09:40:00+00:00
[2025-12-01T09:39:29.716+0000] {processor.py:183} INFO - Processing /opt/airflow/dags/ingestion_dag.py took 1.728 seconds
[2025-12-01T09:40:00.224+0000] {processor.py:161} INFO - Started process (PID=72251) to work on /opt/airflow/dags/ingestion_dag.py
[2025-12-01T09:40:00.231+0000] {processor.py:830} INFO - Processing file /opt/airflow/dags/ingestion_dag.py for tasks to queue
[2025-12-01T09:40:00.233+0000] {logging_mixin.py:188} INFO - [2025-12-01T09:40:00.232+0000] {dagbag.py:540} INFO - Filling up the DagBag from /opt/airflow/dags/ingestion_dag.py
[2025-12-01T09:40:02.038+0000] {logging_mixin.py:188} INFO - [2025-12-01T09:40:02.038+0000] {warnings.py:109} WARNING - /opt/airflow/dags/ingestion_dag.py:257: RemovedInAirflow3Warning: Function `days_ago` is deprecated and will be removed in Airflow 3.0. You can achieve equivalent behavior with `pendulum.today('UTC').add(days=-N, ...)`
  start_date=days_ago(1),
[2025-12-01T09:40:02.039+0000] {logging_mixin.py:188} INFO - [2025-12-01T09:40:02.039+0000] {warnings.py:109} WARNING - /opt/airflow/dags/ingestion_dag.py:254: RemovedInAirflow3Warning: Param `schedule_interval` is deprecated and will be removed in a future release. Please use `schedule` instead. 
  with DAG(
[2025-12-01T09:40:02.046+0000] {processor.py:840} INFO - DAG(s) 'ingestion_dag' retrieved from /opt/airflow/dags/ingestion_dag.py
[2025-12-01T09:40:02.066+0000] {logging_mixin.py:188} INFO - [2025-12-01T09:40:02.066+0000] {dag.py:3047} INFO - Sync 1 DAGs
[2025-12-01T09:40:02.081+0000] {logging_mixin.py:188} INFO - [2025-12-01T09:40:02.081+0000] {dag.py:3834} INFO - Setting next_dagrun for ingestion_dag to 2025-12-01 09:40:00+00:00, run_after=2025-12-01 09:41:00+00:00
[2025-12-01T09:40:02.092+0000] {processor.py:183} INFO - Processing /opt/airflow/dags/ingestion_dag.py took 1.879 seconds
[2025-12-01T09:40:33.187+0000] {processor.py:161} INFO - Started process (PID=72337) to work on /opt/airflow/dags/ingestion_dag.py
[2025-12-01T09:40:33.190+0000] {processor.py:830} INFO - Processing file /opt/airflow/dags/ingestion_dag.py for tasks to queue
[2025-12-01T09:40:33.195+0000] {logging_mixin.py:188} INFO - [2025-12-01T09:40:33.192+0000] {dagbag.py:540} INFO - Filling up the DagBag from /opt/airflow/dags/ingestion_dag.py
[2025-12-01T09:40:35.099+0000] {logging_mixin.py:188} INFO - [2025-12-01T09:40:35.098+0000] {warnings.py:109} WARNING - /opt/airflow/dags/ingestion_dag.py:257: RemovedInAirflow3Warning: Function `days_ago` is deprecated and will be removed in Airflow 3.0. You can achieve equivalent behavior with `pendulum.today('UTC').add(days=-N, ...)`
  start_date=days_ago(1),
[2025-12-01T09:40:35.099+0000] {logging_mixin.py:188} INFO - [2025-12-01T09:40:35.099+0000] {warnings.py:109} WARNING - /opt/airflow/dags/ingestion_dag.py:254: RemovedInAirflow3Warning: Param `schedule_interval` is deprecated and will be removed in a future release. Please use `schedule` instead. 
  with DAG(
[2025-12-01T09:40:35.103+0000] {processor.py:840} INFO - DAG(s) 'ingestion_dag' retrieved from /opt/airflow/dags/ingestion_dag.py
[2025-12-01T09:40:35.129+0000] {logging_mixin.py:188} INFO - [2025-12-01T09:40:35.129+0000] {dag.py:3047} INFO - Sync 1 DAGs
[2025-12-01T09:40:35.151+0000] {logging_mixin.py:188} INFO - [2025-12-01T09:40:35.151+0000] {dag.py:3834} INFO - Setting next_dagrun for ingestion_dag to 2025-12-01 09:40:00+00:00, run_after=2025-12-01 09:41:00+00:00
[2025-12-01T09:40:35.163+0000] {processor.py:183} INFO - Processing /opt/airflow/dags/ingestion_dag.py took 1.993 seconds
[2025-12-01T09:41:05.794+0000] {processor.py:161} INFO - Started process (PID=72374) to work on /opt/airflow/dags/ingestion_dag.py
[2025-12-01T09:41:05.795+0000] {processor.py:830} INFO - Processing file /opt/airflow/dags/ingestion_dag.py for tasks to queue
[2025-12-01T09:41:05.796+0000] {logging_mixin.py:188} INFO - [2025-12-01T09:41:05.796+0000] {dagbag.py:540} INFO - Filling up the DagBag from /opt/airflow/dags/ingestion_dag.py
[2025-12-01T09:41:07.620+0000] {logging_mixin.py:188} INFO - [2025-12-01T09:41:07.619+0000] {warnings.py:109} WARNING - /opt/airflow/dags/ingestion_dag.py:257: RemovedInAirflow3Warning: Function `days_ago` is deprecated and will be removed in Airflow 3.0. You can achieve equivalent behavior with `pendulum.today('UTC').add(days=-N, ...)`
  start_date=days_ago(1),
[2025-12-01T09:41:07.622+0000] {logging_mixin.py:188} INFO - [2025-12-01T09:41:07.622+0000] {warnings.py:109} WARNING - /opt/airflow/dags/ingestion_dag.py:254: RemovedInAirflow3Warning: Param `schedule_interval` is deprecated and will be removed in a future release. Please use `schedule` instead. 
  with DAG(
[2025-12-01T09:41:07.627+0000] {processor.py:840} INFO - DAG(s) 'ingestion_dag' retrieved from /opt/airflow/dags/ingestion_dag.py
[2025-12-01T09:41:07.651+0000] {logging_mixin.py:188} INFO - [2025-12-01T09:41:07.651+0000] {dag.py:3047} INFO - Sync 1 DAGs
[2025-12-01T09:41:07.668+0000] {logging_mixin.py:188} INFO - [2025-12-01T09:41:07.668+0000] {dag.py:3834} INFO - Setting next_dagrun for ingestion_dag to 2025-12-01 09:41:00+00:00, run_after=2025-12-01 09:42:00+00:00
[2025-12-01T09:41:07.679+0000] {processor.py:183} INFO - Processing /opt/airflow/dags/ingestion_dag.py took 1.890 seconds
[2025-12-01T09:41:38.160+0000] {processor.py:161} INFO - Started process (PID=72435) to work on /opt/airflow/dags/ingestion_dag.py
[2025-12-01T09:41:38.162+0000] {processor.py:830} INFO - Processing file /opt/airflow/dags/ingestion_dag.py for tasks to queue
[2025-12-01T09:41:38.164+0000] {logging_mixin.py:188} INFO - [2025-12-01T09:41:38.163+0000] {dagbag.py:540} INFO - Filling up the DagBag from /opt/airflow/dags/ingestion_dag.py
[2025-12-01T09:41:39.841+0000] {logging_mixin.py:188} INFO - [2025-12-01T09:41:39.841+0000] {warnings.py:109} WARNING - /opt/airflow/dags/ingestion_dag.py:257: RemovedInAirflow3Warning: Function `days_ago` is deprecated and will be removed in Airflow 3.0. You can achieve equivalent behavior with `pendulum.today('UTC').add(days=-N, ...)`
  start_date=days_ago(1),
[2025-12-01T09:41:39.841+0000] {logging_mixin.py:188} INFO - [2025-12-01T09:41:39.841+0000] {warnings.py:109} WARNING - /opt/airflow/dags/ingestion_dag.py:254: RemovedInAirflow3Warning: Param `schedule_interval` is deprecated and will be removed in a future release. Please use `schedule` instead. 
  with DAG(
[2025-12-01T09:41:39.845+0000] {processor.py:840} INFO - DAG(s) 'ingestion_dag' retrieved from /opt/airflow/dags/ingestion_dag.py
[2025-12-01T09:41:39.861+0000] {logging_mixin.py:188} INFO - [2025-12-01T09:41:39.861+0000] {dag.py:3047} INFO - Sync 1 DAGs
[2025-12-01T09:41:39.875+0000] {logging_mixin.py:188} INFO - [2025-12-01T09:41:39.875+0000] {dag.py:3834} INFO - Setting next_dagrun for ingestion_dag to 2025-12-01 09:41:00+00:00, run_after=2025-12-01 09:42:00+00:00
[2025-12-01T09:41:39.884+0000] {processor.py:183} INFO - Processing /opt/airflow/dags/ingestion_dag.py took 1.741 seconds
[2025-12-01T09:42:10.670+0000] {processor.py:161} INFO - Started process (PID=72526) to work on /opt/airflow/dags/ingestion_dag.py
[2025-12-01T09:42:10.672+0000] {processor.py:830} INFO - Processing file /opt/airflow/dags/ingestion_dag.py for tasks to queue
[2025-12-01T09:42:10.673+0000] {logging_mixin.py:188} INFO - [2025-12-01T09:42:10.673+0000] {dagbag.py:540} INFO - Filling up the DagBag from /opt/airflow/dags/ingestion_dag.py
[2025-12-01T09:42:12.323+0000] {logging_mixin.py:188} INFO - [2025-12-01T09:42:12.323+0000] {warnings.py:109} WARNING - /opt/airflow/dags/ingestion_dag.py:257: RemovedInAirflow3Warning: Function `days_ago` is deprecated and will be removed in Airflow 3.0. You can achieve equivalent behavior with `pendulum.today('UTC').add(days=-N, ...)`
  start_date=days_ago(1),
[2025-12-01T09:42:12.323+0000] {logging_mixin.py:188} INFO - [2025-12-01T09:42:12.323+0000] {warnings.py:109} WARNING - /opt/airflow/dags/ingestion_dag.py:254: RemovedInAirflow3Warning: Param `schedule_interval` is deprecated and will be removed in a future release. Please use `schedule` instead. 
  with DAG(
[2025-12-01T09:42:12.328+0000] {processor.py:840} INFO - DAG(s) 'ingestion_dag' retrieved from /opt/airflow/dags/ingestion_dag.py
[2025-12-01T09:42:12.351+0000] {logging_mixin.py:188} INFO - [2025-12-01T09:42:12.351+0000] {dag.py:3047} INFO - Sync 1 DAGs
[2025-12-01T09:42:12.367+0000] {logging_mixin.py:188} INFO - [2025-12-01T09:42:12.367+0000] {dag.py:3834} INFO - Setting next_dagrun for ingestion_dag to 2025-12-01 09:42:00+00:00, run_after=2025-12-01 09:43:00+00:00
[2025-12-01T09:42:12.376+0000] {processor.py:183} INFO - Processing /opt/airflow/dags/ingestion_dag.py took 1.719 seconds
[2025-12-01T09:42:42.507+0000] {processor.py:161} INFO - Started process (PID=72544) to work on /opt/airflow/dags/ingestion_dag.py
[2025-12-01T09:42:42.514+0000] {processor.py:830} INFO - Processing file /opt/airflow/dags/ingestion_dag.py for tasks to queue
[2025-12-01T09:42:42.517+0000] {logging_mixin.py:188} INFO - [2025-12-01T09:42:42.516+0000] {dagbag.py:540} INFO - Filling up the DagBag from /opt/airflow/dags/ingestion_dag.py
[2025-12-01T09:42:44.257+0000] {logging_mixin.py:188} INFO - [2025-12-01T09:42:44.257+0000] {warnings.py:109} WARNING - /opt/airflow/dags/ingestion_dag.py:257: RemovedInAirflow3Warning: Function `days_ago` is deprecated and will be removed in Airflow 3.0. You can achieve equivalent behavior with `pendulum.today('UTC').add(days=-N, ...)`
  start_date=days_ago(1),
[2025-12-01T09:42:44.258+0000] {logging_mixin.py:188} INFO - [2025-12-01T09:42:44.258+0000] {warnings.py:109} WARNING - /opt/airflow/dags/ingestion_dag.py:254: RemovedInAirflow3Warning: Param `schedule_interval` is deprecated and will be removed in a future release. Please use `schedule` instead. 
  with DAG(
[2025-12-01T09:42:44.263+0000] {processor.py:840} INFO - DAG(s) 'ingestion_dag' retrieved from /opt/airflow/dags/ingestion_dag.py
[2025-12-01T09:42:44.295+0000] {logging_mixin.py:188} INFO - [2025-12-01T09:42:44.295+0000] {dag.py:3047} INFO - Sync 1 DAGs
[2025-12-01T09:42:44.312+0000] {logging_mixin.py:188} INFO - [2025-12-01T09:42:44.312+0000] {dag.py:3834} INFO - Setting next_dagrun for ingestion_dag to 2025-12-01 09:42:00+00:00, run_after=2025-12-01 09:43:00+00:00
[2025-12-01T09:42:44.321+0000] {processor.py:183} INFO - Processing /opt/airflow/dags/ingestion_dag.py took 1.833 seconds
[2025-12-01T09:43:14.815+0000] {processor.py:161} INFO - Started process (PID=72624) to work on /opt/airflow/dags/ingestion_dag.py
[2025-12-01T09:43:14.818+0000] {processor.py:830} INFO - Processing file /opt/airflow/dags/ingestion_dag.py for tasks to queue
[2025-12-01T09:43:14.820+0000] {logging_mixin.py:188} INFO - [2025-12-01T09:43:14.819+0000] {dagbag.py:540} INFO - Filling up the DagBag from /opt/airflow/dags/ingestion_dag.py
[2025-12-01T09:43:16.670+0000] {logging_mixin.py:188} INFO - [2025-12-01T09:43:16.670+0000] {warnings.py:109} WARNING - /opt/airflow/dags/ingestion_dag.py:257: RemovedInAirflow3Warning: Function `days_ago` is deprecated and will be removed in Airflow 3.0. You can achieve equivalent behavior with `pendulum.today('UTC').add(days=-N, ...)`
  start_date=days_ago(1),
[2025-12-01T09:43:16.670+0000] {logging_mixin.py:188} INFO - [2025-12-01T09:43:16.670+0000] {warnings.py:109} WARNING - /opt/airflow/dags/ingestion_dag.py:254: RemovedInAirflow3Warning: Param `schedule_interval` is deprecated and will be removed in a future release. Please use `schedule` instead. 
  with DAG(
[2025-12-01T09:43:16.674+0000] {processor.py:840} INFO - DAG(s) 'ingestion_dag' retrieved from /opt/airflow/dags/ingestion_dag.py
[2025-12-01T09:43:16.699+0000] {logging_mixin.py:188} INFO - [2025-12-01T09:43:16.699+0000] {dag.py:3047} INFO - Sync 1 DAGs
[2025-12-01T09:43:16.716+0000] {logging_mixin.py:188} INFO - [2025-12-01T09:43:16.716+0000] {dag.py:3834} INFO - Setting next_dagrun for ingestion_dag to 2025-12-01 09:43:00+00:00, run_after=2025-12-01 09:44:00+00:00
[2025-12-01T09:43:16.727+0000] {processor.py:183} INFO - Processing /opt/airflow/dags/ingestion_dag.py took 1.928 seconds
[2025-12-01T09:43:46.787+0000] {processor.py:161} INFO - Started process (PID=72642) to work on /opt/airflow/dags/ingestion_dag.py
[2025-12-01T09:43:46.790+0000] {processor.py:830} INFO - Processing file /opt/airflow/dags/ingestion_dag.py for tasks to queue
[2025-12-01T09:43:46.791+0000] {logging_mixin.py:188} INFO - [2025-12-01T09:43:46.790+0000] {dagbag.py:540} INFO - Filling up the DagBag from /opt/airflow/dags/ingestion_dag.py
[2025-12-01T09:43:48.586+0000] {logging_mixin.py:188} INFO - [2025-12-01T09:43:48.585+0000] {warnings.py:109} WARNING - /opt/airflow/dags/ingestion_dag.py:257: RemovedInAirflow3Warning: Function `days_ago` is deprecated and will be removed in Airflow 3.0. You can achieve equivalent behavior with `pendulum.today('UTC').add(days=-N, ...)`
  start_date=days_ago(1),
[2025-12-01T09:43:48.586+0000] {logging_mixin.py:188} INFO - [2025-12-01T09:43:48.586+0000] {warnings.py:109} WARNING - /opt/airflow/dags/ingestion_dag.py:254: RemovedInAirflow3Warning: Param `schedule_interval` is deprecated and will be removed in a future release. Please use `schedule` instead. 
  with DAG(
[2025-12-01T09:43:48.591+0000] {processor.py:840} INFO - DAG(s) 'ingestion_dag' retrieved from /opt/airflow/dags/ingestion_dag.py
[2025-12-01T09:43:48.622+0000] {logging_mixin.py:188} INFO - [2025-12-01T09:43:48.621+0000] {dag.py:3047} INFO - Sync 1 DAGs
[2025-12-01T09:43:48.639+0000] {logging_mixin.py:188} INFO - [2025-12-01T09:43:48.639+0000] {dag.py:3834} INFO - Setting next_dagrun for ingestion_dag to 2025-12-01 09:43:00+00:00, run_after=2025-12-01 09:44:00+00:00
[2025-12-01T09:43:48.657+0000] {processor.py:183} INFO - Processing /opt/airflow/dags/ingestion_dag.py took 1.876 seconds
[2025-12-01T09:44:19.136+0000] {processor.py:161} INFO - Started process (PID=72728) to work on /opt/airflow/dags/ingestion_dag.py
[2025-12-01T09:44:19.142+0000] {processor.py:830} INFO - Processing file /opt/airflow/dags/ingestion_dag.py for tasks to queue
[2025-12-01T09:44:19.144+0000] {logging_mixin.py:188} INFO - [2025-12-01T09:44:19.143+0000] {dagbag.py:540} INFO - Filling up the DagBag from /opt/airflow/dags/ingestion_dag.py
[2025-12-01T09:44:20.814+0000] {logging_mixin.py:188} INFO - [2025-12-01T09:44:20.814+0000] {warnings.py:109} WARNING - /opt/airflow/dags/ingestion_dag.py:257: RemovedInAirflow3Warning: Function `days_ago` is deprecated and will be removed in Airflow 3.0. You can achieve equivalent behavior with `pendulum.today('UTC').add(days=-N, ...)`
  start_date=days_ago(1),
[2025-12-01T09:44:20.814+0000] {logging_mixin.py:188} INFO - [2025-12-01T09:44:20.814+0000] {warnings.py:109} WARNING - /opt/airflow/dags/ingestion_dag.py:254: RemovedInAirflow3Warning: Param `schedule_interval` is deprecated and will be removed in a future release. Please use `schedule` instead. 
  with DAG(
[2025-12-01T09:44:20.818+0000] {processor.py:840} INFO - DAG(s) 'ingestion_dag' retrieved from /opt/airflow/dags/ingestion_dag.py
[2025-12-01T09:44:20.840+0000] {logging_mixin.py:188} INFO - [2025-12-01T09:44:20.840+0000] {dag.py:3047} INFO - Sync 1 DAGs
[2025-12-01T09:44:20.857+0000] {logging_mixin.py:188} INFO - [2025-12-01T09:44:20.857+0000] {dag.py:3834} INFO - Setting next_dagrun for ingestion_dag to 2025-12-01 09:44:00+00:00, run_after=2025-12-01 09:45:00+00:00
[2025-12-01T09:44:20.871+0000] {processor.py:183} INFO - Processing /opt/airflow/dags/ingestion_dag.py took 1.745 seconds
[2025-12-01T09:44:51.619+0000] {processor.py:161} INFO - Started process (PID=72746) to work on /opt/airflow/dags/ingestion_dag.py
[2025-12-01T09:44:51.621+0000] {processor.py:830} INFO - Processing file /opt/airflow/dags/ingestion_dag.py for tasks to queue
[2025-12-01T09:44:51.627+0000] {logging_mixin.py:188} INFO - [2025-12-01T09:44:51.622+0000] {dagbag.py:540} INFO - Filling up the DagBag from /opt/airflow/dags/ingestion_dag.py
[2025-12-01T09:44:53.301+0000] {logging_mixin.py:188} INFO - [2025-12-01T09:44:53.301+0000] {warnings.py:109} WARNING - /opt/airflow/dags/ingestion_dag.py:257: RemovedInAirflow3Warning: Function `days_ago` is deprecated and will be removed in Airflow 3.0. You can achieve equivalent behavior with `pendulum.today('UTC').add(days=-N, ...)`
  start_date=days_ago(1),
[2025-12-01T09:44:53.301+0000] {logging_mixin.py:188} INFO - [2025-12-01T09:44:53.301+0000] {warnings.py:109} WARNING - /opt/airflow/dags/ingestion_dag.py:254: RemovedInAirflow3Warning: Param `schedule_interval` is deprecated and will be removed in a future release. Please use `schedule` instead. 
  with DAG(
[2025-12-01T09:44:53.305+0000] {processor.py:840} INFO - DAG(s) 'ingestion_dag' retrieved from /opt/airflow/dags/ingestion_dag.py
[2025-12-01T09:44:53.332+0000] {logging_mixin.py:188} INFO - [2025-12-01T09:44:53.332+0000] {dag.py:3047} INFO - Sync 1 DAGs
[2025-12-01T09:44:53.349+0000] {logging_mixin.py:188} INFO - [2025-12-01T09:44:53.349+0000] {dag.py:3834} INFO - Setting next_dagrun for ingestion_dag to 2025-12-01 09:44:00+00:00, run_after=2025-12-01 09:45:00+00:00
[2025-12-01T09:44:53.360+0000] {processor.py:183} INFO - Processing /opt/airflow/dags/ingestion_dag.py took 1.748 seconds
[2025-12-01T09:45:23.968+0000] {processor.py:161} INFO - Started process (PID=72826) to work on /opt/airflow/dags/ingestion_dag.py
[2025-12-01T09:45:23.971+0000] {processor.py:830} INFO - Processing file /opt/airflow/dags/ingestion_dag.py for tasks to queue
[2025-12-01T09:45:23.973+0000] {logging_mixin.py:188} INFO - [2025-12-01T09:45:23.972+0000] {dagbag.py:540} INFO - Filling up the DagBag from /opt/airflow/dags/ingestion_dag.py
[2025-12-01T09:45:25.652+0000] {logging_mixin.py:188} INFO - [2025-12-01T09:45:25.652+0000] {warnings.py:109} WARNING - /opt/airflow/dags/ingestion_dag.py:257: RemovedInAirflow3Warning: Function `days_ago` is deprecated and will be removed in Airflow 3.0. You can achieve equivalent behavior with `pendulum.today('UTC').add(days=-N, ...)`
  start_date=days_ago(1),
[2025-12-01T09:45:25.652+0000] {logging_mixin.py:188} INFO - [2025-12-01T09:45:25.652+0000] {warnings.py:109} WARNING - /opt/airflow/dags/ingestion_dag.py:254: RemovedInAirflow3Warning: Param `schedule_interval` is deprecated and will be removed in a future release. Please use `schedule` instead. 
  with DAG(
[2025-12-01T09:45:25.657+0000] {processor.py:840} INFO - DAG(s) 'ingestion_dag' retrieved from /opt/airflow/dags/ingestion_dag.py
[2025-12-01T09:45:25.681+0000] {logging_mixin.py:188} INFO - [2025-12-01T09:45:25.681+0000] {dag.py:3047} INFO - Sync 1 DAGs
[2025-12-01T09:45:25.697+0000] {logging_mixin.py:188} INFO - [2025-12-01T09:45:25.697+0000] {dag.py:3834} INFO - Setting next_dagrun for ingestion_dag to 2025-12-01 09:45:00+00:00, run_after=2025-12-01 09:46:00+00:00
[2025-12-01T09:45:25.706+0000] {processor.py:183} INFO - Processing /opt/airflow/dags/ingestion_dag.py took 1.754 seconds
[2025-12-01T09:45:56.348+0000] {processor.py:161} INFO - Started process (PID=72844) to work on /opt/airflow/dags/ingestion_dag.py
[2025-12-01T09:45:56.351+0000] {processor.py:830} INFO - Processing file /opt/airflow/dags/ingestion_dag.py for tasks to queue
[2025-12-01T09:45:56.352+0000] {logging_mixin.py:188} INFO - [2025-12-01T09:45:56.352+0000] {dagbag.py:540} INFO - Filling up the DagBag from /opt/airflow/dags/ingestion_dag.py
[2025-12-01T09:45:58.369+0000] {logging_mixin.py:188} INFO - [2025-12-01T09:45:58.369+0000] {warnings.py:109} WARNING - /opt/airflow/dags/ingestion_dag.py:257: RemovedInAirflow3Warning: Function `days_ago` is deprecated and will be removed in Airflow 3.0. You can achieve equivalent behavior with `pendulum.today('UTC').add(days=-N, ...)`
  start_date=days_ago(1),
[2025-12-01T09:45:58.370+0000] {logging_mixin.py:188} INFO - [2025-12-01T09:45:58.370+0000] {warnings.py:109} WARNING - /opt/airflow/dags/ingestion_dag.py:254: RemovedInAirflow3Warning: Param `schedule_interval` is deprecated and will be removed in a future release. Please use `schedule` instead. 
  with DAG(
[2025-12-01T09:45:58.374+0000] {processor.py:840} INFO - DAG(s) 'ingestion_dag' retrieved from /opt/airflow/dags/ingestion_dag.py
[2025-12-01T09:45:58.403+0000] {logging_mixin.py:188} INFO - [2025-12-01T09:45:58.403+0000] {dag.py:3047} INFO - Sync 1 DAGs
[2025-12-01T09:45:58.421+0000] {logging_mixin.py:188} INFO - [2025-12-01T09:45:58.421+0000] {dag.py:3834} INFO - Setting next_dagrun for ingestion_dag to 2025-12-01 09:45:00+00:00, run_after=2025-12-01 09:46:00+00:00
[2025-12-01T09:45:58.432+0000] {processor.py:183} INFO - Processing /opt/airflow/dags/ingestion_dag.py took 2.094 seconds
[2025-12-01T09:46:28.851+0000] {processor.py:161} INFO - Started process (PID=72930) to work on /opt/airflow/dags/ingestion_dag.py
[2025-12-01T09:46:28.855+0000] {processor.py:830} INFO - Processing file /opt/airflow/dags/ingestion_dag.py for tasks to queue
[2025-12-01T09:46:28.856+0000] {logging_mixin.py:188} INFO - [2025-12-01T09:46:28.856+0000] {dagbag.py:540} INFO - Filling up the DagBag from /opt/airflow/dags/ingestion_dag.py
[2025-12-01T09:46:30.428+0000] {logging_mixin.py:188} INFO - [2025-12-01T09:46:30.428+0000] {warnings.py:109} WARNING - /opt/airflow/dags/ingestion_dag.py:257: RemovedInAirflow3Warning: Function `days_ago` is deprecated and will be removed in Airflow 3.0. You can achieve equivalent behavior with `pendulum.today('UTC').add(days=-N, ...)`
  start_date=days_ago(1),
[2025-12-01T09:46:30.429+0000] {logging_mixin.py:188} INFO - [2025-12-01T09:46:30.429+0000] {warnings.py:109} WARNING - /opt/airflow/dags/ingestion_dag.py:254: RemovedInAirflow3Warning: Param `schedule_interval` is deprecated and will be removed in a future release. Please use `schedule` instead. 
  with DAG(
[2025-12-01T09:46:30.433+0000] {processor.py:840} INFO - DAG(s) 'ingestion_dag' retrieved from /opt/airflow/dags/ingestion_dag.py
[2025-12-01T09:46:30.459+0000] {logging_mixin.py:188} INFO - [2025-12-01T09:46:30.459+0000] {dag.py:3047} INFO - Sync 1 DAGs
[2025-12-01T09:46:30.476+0000] {logging_mixin.py:188} INFO - [2025-12-01T09:46:30.476+0000] {dag.py:3834} INFO - Setting next_dagrun for ingestion_dag to 2025-12-01 09:46:00+00:00, run_after=2025-12-01 09:47:00+00:00
[2025-12-01T09:46:30.486+0000] {processor.py:183} INFO - Processing /opt/airflow/dags/ingestion_dag.py took 1.653 seconds
[2025-12-01T09:47:01.468+0000] {processor.py:161} INFO - Started process (PID=72949) to work on /opt/airflow/dags/ingestion_dag.py
[2025-12-01T09:47:01.470+0000] {processor.py:830} INFO - Processing file /opt/airflow/dags/ingestion_dag.py for tasks to queue
[2025-12-01T09:47:01.474+0000] {logging_mixin.py:188} INFO - [2025-12-01T09:47:01.471+0000] {dagbag.py:540} INFO - Filling up the DagBag from /opt/airflow/dags/ingestion_dag.py
[2025-12-01T09:47:03.132+0000] {logging_mixin.py:188} INFO - [2025-12-01T09:47:03.131+0000] {warnings.py:109} WARNING - /opt/airflow/dags/ingestion_dag.py:257: RemovedInAirflow3Warning: Function `days_ago` is deprecated and will be removed in Airflow 3.0. You can achieve equivalent behavior with `pendulum.today('UTC').add(days=-N, ...)`
  start_date=days_ago(1),
[2025-12-01T09:47:03.132+0000] {logging_mixin.py:188} INFO - [2025-12-01T09:47:03.132+0000] {warnings.py:109} WARNING - /opt/airflow/dags/ingestion_dag.py:254: RemovedInAirflow3Warning: Param `schedule_interval` is deprecated and will be removed in a future release. Please use `schedule` instead. 
  with DAG(
[2025-12-01T09:47:03.138+0000] {processor.py:840} INFO - DAG(s) 'ingestion_dag' retrieved from /opt/airflow/dags/ingestion_dag.py
[2025-12-01T09:47:03.201+0000] {logging_mixin.py:188} INFO - [2025-12-01T09:47:03.201+0000] {dag.py:3047} INFO - Sync 1 DAGs
[2025-12-01T09:47:03.228+0000] {logging_mixin.py:188} INFO - [2025-12-01T09:47:03.228+0000] {dag.py:3834} INFO - Setting next_dagrun for ingestion_dag to 2025-12-01 09:47:00+00:00, run_after=2025-12-01 09:48:00+00:00
[2025-12-01T09:47:03.243+0000] {processor.py:183} INFO - Processing /opt/airflow/dags/ingestion_dag.py took 1.783 seconds
[2025-12-01T09:47:33.903+0000] {processor.py:161} INFO - Started process (PID=73028) to work on /opt/airflow/dags/ingestion_dag.py
[2025-12-01T09:47:33.906+0000] {processor.py:830} INFO - Processing file /opt/airflow/dags/ingestion_dag.py for tasks to queue
[2025-12-01T09:47:33.907+0000] {logging_mixin.py:188} INFO - [2025-12-01T09:47:33.907+0000] {dagbag.py:540} INFO - Filling up the DagBag from /opt/airflow/dags/ingestion_dag.py
[2025-12-01T09:47:35.543+0000] {logging_mixin.py:188} INFO - [2025-12-01T09:47:35.543+0000] {warnings.py:109} WARNING - /opt/airflow/dags/ingestion_dag.py:257: RemovedInAirflow3Warning: Function `days_ago` is deprecated and will be removed in Airflow 3.0. You can achieve equivalent behavior with `pendulum.today('UTC').add(days=-N, ...)`
  start_date=days_ago(1),
[2025-12-01T09:47:35.543+0000] {logging_mixin.py:188} INFO - [2025-12-01T09:47:35.543+0000] {warnings.py:109} WARNING - /opt/airflow/dags/ingestion_dag.py:254: RemovedInAirflow3Warning: Param `schedule_interval` is deprecated and will be removed in a future release. Please use `schedule` instead. 
  with DAG(
[2025-12-01T09:47:35.547+0000] {processor.py:840} INFO - DAG(s) 'ingestion_dag' retrieved from /opt/airflow/dags/ingestion_dag.py
[2025-12-01T09:47:35.567+0000] {logging_mixin.py:188} INFO - [2025-12-01T09:47:35.567+0000] {dag.py:3047} INFO - Sync 1 DAGs
[2025-12-01T09:47:35.586+0000] {logging_mixin.py:188} INFO - [2025-12-01T09:47:35.586+0000] {dag.py:3834} INFO - Setting next_dagrun for ingestion_dag to 2025-12-01 09:47:00+00:00, run_after=2025-12-01 09:48:00+00:00
[2025-12-01T09:47:35.596+0000] {processor.py:183} INFO - Processing /opt/airflow/dags/ingestion_dag.py took 1.702 seconds
[2025-12-01T09:48:06.036+0000] {processor.py:161} INFO - Started process (PID=73081) to work on /opt/airflow/dags/ingestion_dag.py
[2025-12-01T09:48:06.038+0000] {processor.py:830} INFO - Processing file /opt/airflow/dags/ingestion_dag.py for tasks to queue
[2025-12-01T09:48:06.040+0000] {logging_mixin.py:188} INFO - [2025-12-01T09:48:06.039+0000] {dagbag.py:540} INFO - Filling up the DagBag from /opt/airflow/dags/ingestion_dag.py
[2025-12-01T09:48:09.264+0000] {logging_mixin.py:188} INFO - [2025-12-01T09:48:09.263+0000] {warnings.py:109} WARNING - /opt/airflow/dags/ingestion_dag.py:257: RemovedInAirflow3Warning: Function `days_ago` is deprecated and will be removed in Airflow 3.0. You can achieve equivalent behavior with `pendulum.today('UTC').add(days=-N, ...)`
  start_date=days_ago(1),
[2025-12-01T09:48:09.265+0000] {logging_mixin.py:188} INFO - [2025-12-01T09:48:09.265+0000] {warnings.py:109} WARNING - /opt/airflow/dags/ingestion_dag.py:254: RemovedInAirflow3Warning: Param `schedule_interval` is deprecated and will be removed in a future release. Please use `schedule` instead. 
  with DAG(
[2025-12-01T09:48:09.273+0000] {processor.py:840} INFO - DAG(s) 'ingestion_dag' retrieved from /opt/airflow/dags/ingestion_dag.py
[2025-12-01T09:48:09.326+0000] {logging_mixin.py:188} INFO - [2025-12-01T09:48:09.326+0000] {dag.py:3047} INFO - Sync 1 DAGs
[2025-12-01T09:48:09.355+0000] {logging_mixin.py:188} INFO - [2025-12-01T09:48:09.355+0000] {dag.py:3834} INFO - Setting next_dagrun for ingestion_dag to 2025-12-01 09:48:00+00:00, run_after=2025-12-01 09:49:00+00:00
[2025-12-01T09:48:09.370+0000] {processor.py:183} INFO - Processing /opt/airflow/dags/ingestion_dag.py took 3.344 seconds
[2025-12-01T09:48:39.841+0000] {processor.py:161} INFO - Started process (PID=73132) to work on /opt/airflow/dags/ingestion_dag.py
[2025-12-01T09:48:39.847+0000] {processor.py:830} INFO - Processing file /opt/airflow/dags/ingestion_dag.py for tasks to queue
[2025-12-01T09:48:39.848+0000] {logging_mixin.py:188} INFO - [2025-12-01T09:48:39.848+0000] {dagbag.py:540} INFO - Filling up the DagBag from /opt/airflow/dags/ingestion_dag.py
[2025-12-01T09:48:41.480+0000] {logging_mixin.py:188} INFO - [2025-12-01T09:48:41.480+0000] {warnings.py:109} WARNING - /opt/airflow/dags/ingestion_dag.py:257: RemovedInAirflow3Warning: Function `days_ago` is deprecated and will be removed in Airflow 3.0. You can achieve equivalent behavior with `pendulum.today('UTC').add(days=-N, ...)`
  start_date=days_ago(1),
[2025-12-01T09:48:41.480+0000] {logging_mixin.py:188} INFO - [2025-12-01T09:48:41.480+0000] {warnings.py:109} WARNING - /opt/airflow/dags/ingestion_dag.py:254: RemovedInAirflow3Warning: Param `schedule_interval` is deprecated and will be removed in a future release. Please use `schedule` instead. 
  with DAG(
[2025-12-01T09:48:41.484+0000] {processor.py:840} INFO - DAG(s) 'ingestion_dag' retrieved from /opt/airflow/dags/ingestion_dag.py
[2025-12-01T09:48:41.512+0000] {logging_mixin.py:188} INFO - [2025-12-01T09:48:41.512+0000] {dag.py:3047} INFO - Sync 1 DAGs
[2025-12-01T09:48:41.530+0000] {logging_mixin.py:188} INFO - [2025-12-01T09:48:41.530+0000] {dag.py:3834} INFO - Setting next_dagrun for ingestion_dag to 2025-12-01 09:48:00+00:00, run_after=2025-12-01 09:49:00+00:00
[2025-12-01T09:48:41.539+0000] {processor.py:183} INFO - Processing /opt/airflow/dags/ingestion_dag.py took 1.706 seconds
[2025-12-01T09:49:12.002+0000] {processor.py:161} INFO - Started process (PID=73212) to work on /opt/airflow/dags/ingestion_dag.py
[2025-12-01T09:49:12.004+0000] {processor.py:830} INFO - Processing file /opt/airflow/dags/ingestion_dag.py for tasks to queue
[2025-12-01T09:49:12.005+0000] {logging_mixin.py:188} INFO - [2025-12-01T09:49:12.005+0000] {dagbag.py:540} INFO - Filling up the DagBag from /opt/airflow/dags/ingestion_dag.py
[2025-12-01T09:49:13.630+0000] {logging_mixin.py:188} INFO - [2025-12-01T09:49:13.629+0000] {warnings.py:109} WARNING - /opt/airflow/dags/ingestion_dag.py:257: RemovedInAirflow3Warning: Function `days_ago` is deprecated and will be removed in Airflow 3.0. You can achieve equivalent behavior with `pendulum.today('UTC').add(days=-N, ...)`
  start_date=days_ago(1),
[2025-12-01T09:49:13.630+0000] {logging_mixin.py:188} INFO - [2025-12-01T09:49:13.630+0000] {warnings.py:109} WARNING - /opt/airflow/dags/ingestion_dag.py:254: RemovedInAirflow3Warning: Param `schedule_interval` is deprecated and will be removed in a future release. Please use `schedule` instead. 
  with DAG(
[2025-12-01T09:49:13.634+0000] {processor.py:840} INFO - DAG(s) 'ingestion_dag' retrieved from /opt/airflow/dags/ingestion_dag.py
[2025-12-01T09:49:13.664+0000] {logging_mixin.py:188} INFO - [2025-12-01T09:49:13.664+0000] {dag.py:3047} INFO - Sync 1 DAGs
[2025-12-01T09:49:13.680+0000] {logging_mixin.py:188} INFO - [2025-12-01T09:49:13.680+0000] {dag.py:3834} INFO - Setting next_dagrun for ingestion_dag to 2025-12-01 09:49:00+00:00, run_after=2025-12-01 09:50:00+00:00
[2025-12-01T09:49:13.690+0000] {processor.py:183} INFO - Processing /opt/airflow/dags/ingestion_dag.py took 1.701 seconds
[2025-12-01T09:49:44.474+0000] {processor.py:161} INFO - Started process (PID=73230) to work on /opt/airflow/dags/ingestion_dag.py
[2025-12-01T09:49:44.477+0000] {processor.py:830} INFO - Processing file /opt/airflow/dags/ingestion_dag.py for tasks to queue
[2025-12-01T09:49:44.479+0000] {logging_mixin.py:188} INFO - [2025-12-01T09:49:44.478+0000] {dagbag.py:540} INFO - Filling up the DagBag from /opt/airflow/dags/ingestion_dag.py
[2025-12-01T09:49:46.129+0000] {logging_mixin.py:188} INFO - [2025-12-01T09:49:46.128+0000] {warnings.py:109} WARNING - /opt/airflow/dags/ingestion_dag.py:257: RemovedInAirflow3Warning: Function `days_ago` is deprecated and will be removed in Airflow 3.0. You can achieve equivalent behavior with `pendulum.today('UTC').add(days=-N, ...)`
  start_date=days_ago(1),
[2025-12-01T09:49:46.129+0000] {logging_mixin.py:188} INFO - [2025-12-01T09:49:46.129+0000] {warnings.py:109} WARNING - /opt/airflow/dags/ingestion_dag.py:254: RemovedInAirflow3Warning: Param `schedule_interval` is deprecated and will be removed in a future release. Please use `schedule` instead. 
  with DAG(
[2025-12-01T09:49:46.133+0000] {processor.py:840} INFO - DAG(s) 'ingestion_dag' retrieved from /opt/airflow/dags/ingestion_dag.py
[2025-12-01T09:49:46.168+0000] {logging_mixin.py:188} INFO - [2025-12-01T09:49:46.167+0000] {dag.py:3047} INFO - Sync 1 DAGs
[2025-12-01T09:49:46.189+0000] {logging_mixin.py:188} INFO - [2025-12-01T09:49:46.189+0000] {dag.py:3834} INFO - Setting next_dagrun for ingestion_dag to 2025-12-01 09:49:00+00:00, run_after=2025-12-01 09:50:00+00:00
[2025-12-01T09:49:46.199+0000] {processor.py:183} INFO - Processing /opt/airflow/dags/ingestion_dag.py took 1.737 seconds
[2025-12-01T09:50:16.611+0000] {processor.py:161} INFO - Started process (PID=73316) to work on /opt/airflow/dags/ingestion_dag.py
[2025-12-01T09:50:16.613+0000] {processor.py:830} INFO - Processing file /opt/airflow/dags/ingestion_dag.py for tasks to queue
[2025-12-01T09:50:16.615+0000] {logging_mixin.py:188} INFO - [2025-12-01T09:50:16.614+0000] {dagbag.py:540} INFO - Filling up the DagBag from /opt/airflow/dags/ingestion_dag.py
[2025-12-01T09:50:18.518+0000] {logging_mixin.py:188} INFO - [2025-12-01T09:50:18.518+0000] {warnings.py:109} WARNING - /opt/airflow/dags/ingestion_dag.py:257: RemovedInAirflow3Warning: Function `days_ago` is deprecated and will be removed in Airflow 3.0. You can achieve equivalent behavior with `pendulum.today('UTC').add(days=-N, ...)`
  start_date=days_ago(1),
[2025-12-01T09:50:18.519+0000] {logging_mixin.py:188} INFO - [2025-12-01T09:50:18.519+0000] {warnings.py:109} WARNING - /opt/airflow/dags/ingestion_dag.py:254: RemovedInAirflow3Warning: Param `schedule_interval` is deprecated and will be removed in a future release. Please use `schedule` instead. 
  with DAG(
[2025-12-01T09:50:18.524+0000] {processor.py:840} INFO - DAG(s) 'ingestion_dag' retrieved from /opt/airflow/dags/ingestion_dag.py
[2025-12-01T09:50:18.552+0000] {logging_mixin.py:188} INFO - [2025-12-01T09:50:18.552+0000] {dag.py:3047} INFO - Sync 1 DAGs
[2025-12-01T09:50:18.573+0000] {logging_mixin.py:188} INFO - [2025-12-01T09:50:18.573+0000] {dag.py:3834} INFO - Setting next_dagrun for ingestion_dag to 2025-12-01 09:50:00+00:00, run_after=2025-12-01 09:51:00+00:00
[2025-12-01T09:50:18.583+0000] {processor.py:183} INFO - Processing /opt/airflow/dags/ingestion_dag.py took 1.987 seconds
[2025-12-01T09:50:49.203+0000] {processor.py:161} INFO - Started process (PID=73339) to work on /opt/airflow/dags/ingestion_dag.py
[2025-12-01T09:50:49.206+0000] {processor.py:830} INFO - Processing file /opt/airflow/dags/ingestion_dag.py for tasks to queue
[2025-12-01T09:50:49.207+0000] {logging_mixin.py:188} INFO - [2025-12-01T09:50:49.206+0000] {dagbag.py:540} INFO - Filling up the DagBag from /opt/airflow/dags/ingestion_dag.py
[2025-12-01T09:50:50.773+0000] {logging_mixin.py:188} INFO - [2025-12-01T09:50:50.773+0000] {warnings.py:109} WARNING - /opt/airflow/dags/ingestion_dag.py:257: RemovedInAirflow3Warning: Function `days_ago` is deprecated and will be removed in Airflow 3.0. You can achieve equivalent behavior with `pendulum.today('UTC').add(days=-N, ...)`
  start_date=days_ago(1),
[2025-12-01T09:50:50.774+0000] {logging_mixin.py:188} INFO - [2025-12-01T09:50:50.774+0000] {warnings.py:109} WARNING - /opt/airflow/dags/ingestion_dag.py:254: RemovedInAirflow3Warning: Param `schedule_interval` is deprecated and will be removed in a future release. Please use `schedule` instead. 
  with DAG(
[2025-12-01T09:50:50.777+0000] {processor.py:840} INFO - DAG(s) 'ingestion_dag' retrieved from /opt/airflow/dags/ingestion_dag.py
[2025-12-01T09:50:50.795+0000] {logging_mixin.py:188} INFO - [2025-12-01T09:50:50.795+0000] {dag.py:3047} INFO - Sync 1 DAGs
[2025-12-01T09:50:50.809+0000] {logging_mixin.py:188} INFO - [2025-12-01T09:50:50.809+0000] {dag.py:3834} INFO - Setting next_dagrun for ingestion_dag to 2025-12-01 09:50:00+00:00, run_after=2025-12-01 09:51:00+00:00
[2025-12-01T09:50:50.819+0000] {processor.py:183} INFO - Processing /opt/airflow/dags/ingestion_dag.py took 1.621 seconds
[2025-12-01T09:51:21.678+0000] {processor.py:161} INFO - Started process (PID=73419) to work on /opt/airflow/dags/ingestion_dag.py
[2025-12-01T09:51:21.679+0000] {processor.py:830} INFO - Processing file /opt/airflow/dags/ingestion_dag.py for tasks to queue
[2025-12-01T09:51:21.680+0000] {logging_mixin.py:188} INFO - [2025-12-01T09:51:21.680+0000] {dagbag.py:540} INFO - Filling up the DagBag from /opt/airflow/dags/ingestion_dag.py
[2025-12-01T09:51:23.180+0000] {logging_mixin.py:188} INFO - [2025-12-01T09:51:23.180+0000] {warnings.py:109} WARNING - /opt/airflow/dags/ingestion_dag.py:257: RemovedInAirflow3Warning: Function `days_ago` is deprecated and will be removed in Airflow 3.0. You can achieve equivalent behavior with `pendulum.today('UTC').add(days=-N, ...)`
  start_date=days_ago(1),
[2025-12-01T09:51:23.180+0000] {logging_mixin.py:188} INFO - [2025-12-01T09:51:23.180+0000] {warnings.py:109} WARNING - /opt/airflow/dags/ingestion_dag.py:254: RemovedInAirflow3Warning: Param `schedule_interval` is deprecated and will be removed in a future release. Please use `schedule` instead. 
  with DAG(
[2025-12-01T09:51:23.184+0000] {processor.py:840} INFO - DAG(s) 'ingestion_dag' retrieved from /opt/airflow/dags/ingestion_dag.py
[2025-12-01T09:51:23.203+0000] {logging_mixin.py:188} INFO - [2025-12-01T09:51:23.202+0000] {dag.py:3047} INFO - Sync 1 DAGs
[2025-12-01T09:51:23.220+0000] {logging_mixin.py:188} INFO - [2025-12-01T09:51:23.220+0000] {dag.py:3834} INFO - Setting next_dagrun for ingestion_dag to 2025-12-01 09:51:00+00:00, run_after=2025-12-01 09:52:00+00:00
[2025-12-01T09:51:23.230+0000] {processor.py:183} INFO - Processing /opt/airflow/dags/ingestion_dag.py took 1.554 seconds
[2025-12-01T09:51:53.326+0000] {processor.py:161} INFO - Started process (PID=73437) to work on /opt/airflow/dags/ingestion_dag.py
[2025-12-01T09:51:53.327+0000] {processor.py:830} INFO - Processing file /opt/airflow/dags/ingestion_dag.py for tasks to queue
[2025-12-01T09:51:53.328+0000] {logging_mixin.py:188} INFO - [2025-12-01T09:51:53.327+0000] {dagbag.py:540} INFO - Filling up the DagBag from /opt/airflow/dags/ingestion_dag.py
[2025-12-01T09:51:54.907+0000] {logging_mixin.py:188} INFO - [2025-12-01T09:51:54.907+0000] {warnings.py:109} WARNING - /opt/airflow/dags/ingestion_dag.py:257: RemovedInAirflow3Warning: Function `days_ago` is deprecated and will be removed in Airflow 3.0. You can achieve equivalent behavior with `pendulum.today('UTC').add(days=-N, ...)`
  start_date=days_ago(1),
[2025-12-01T09:51:54.907+0000] {logging_mixin.py:188} INFO - [2025-12-01T09:51:54.907+0000] {warnings.py:109} WARNING - /opt/airflow/dags/ingestion_dag.py:254: RemovedInAirflow3Warning: Param `schedule_interval` is deprecated and will be removed in a future release. Please use `schedule` instead. 
  with DAG(
[2025-12-01T09:51:54.912+0000] {processor.py:840} INFO - DAG(s) 'ingestion_dag' retrieved from /opt/airflow/dags/ingestion_dag.py
[2025-12-01T09:51:54.935+0000] {logging_mixin.py:188} INFO - [2025-12-01T09:51:54.935+0000] {dag.py:3047} INFO - Sync 1 DAGs
[2025-12-01T09:51:54.952+0000] {logging_mixin.py:188} INFO - [2025-12-01T09:51:54.952+0000] {dag.py:3834} INFO - Setting next_dagrun for ingestion_dag to 2025-12-01 09:51:00+00:00, run_after=2025-12-01 09:52:00+00:00
[2025-12-01T09:51:54.963+0000] {processor.py:183} INFO - Processing /opt/airflow/dags/ingestion_dag.py took 1.642 seconds
[2025-12-01T09:52:25.804+0000] {processor.py:161} INFO - Started process (PID=73523) to work on /opt/airflow/dags/ingestion_dag.py
[2025-12-01T09:52:25.807+0000] {processor.py:830} INFO - Processing file /opt/airflow/dags/ingestion_dag.py for tasks to queue
[2025-12-01T09:52:25.808+0000] {logging_mixin.py:188} INFO - [2025-12-01T09:52:25.808+0000] {dagbag.py:540} INFO - Filling up the DagBag from /opt/airflow/dags/ingestion_dag.py
[2025-12-01T09:52:27.517+0000] {logging_mixin.py:188} INFO - [2025-12-01T09:52:27.517+0000] {warnings.py:109} WARNING - /opt/airflow/dags/ingestion_dag.py:257: RemovedInAirflow3Warning: Function `days_ago` is deprecated and will be removed in Airflow 3.0. You can achieve equivalent behavior with `pendulum.today('UTC').add(days=-N, ...)`
  start_date=days_ago(1),
[2025-12-01T09:52:27.518+0000] {logging_mixin.py:188} INFO - [2025-12-01T09:52:27.518+0000] {warnings.py:109} WARNING - /opt/airflow/dags/ingestion_dag.py:254: RemovedInAirflow3Warning: Param `schedule_interval` is deprecated and will be removed in a future release. Please use `schedule` instead. 
  with DAG(
[2025-12-01T09:52:27.522+0000] {processor.py:840} INFO - DAG(s) 'ingestion_dag' retrieved from /opt/airflow/dags/ingestion_dag.py
[2025-12-01T09:52:27.552+0000] {logging_mixin.py:188} INFO - [2025-12-01T09:52:27.552+0000] {dag.py:3047} INFO - Sync 1 DAGs
[2025-12-01T09:52:27.571+0000] {logging_mixin.py:188} INFO - [2025-12-01T09:52:27.571+0000] {dag.py:3834} INFO - Setting next_dagrun for ingestion_dag to 2025-12-01 09:52:00+00:00, run_after=2025-12-01 09:53:00+00:00
[2025-12-01T09:52:27.581+0000] {processor.py:183} INFO - Processing /opt/airflow/dags/ingestion_dag.py took 1.782 seconds
[2025-12-01T09:52:58.050+0000] {processor.py:161} INFO - Started process (PID=73541) to work on /opt/airflow/dags/ingestion_dag.py
[2025-12-01T09:52:58.052+0000] {processor.py:830} INFO - Processing file /opt/airflow/dags/ingestion_dag.py for tasks to queue
[2025-12-01T09:52:58.053+0000] {logging_mixin.py:188} INFO - [2025-12-01T09:52:58.053+0000] {dagbag.py:540} INFO - Filling up the DagBag from /opt/airflow/dags/ingestion_dag.py
[2025-12-01T09:52:59.648+0000] {logging_mixin.py:188} INFO - [2025-12-01T09:52:59.648+0000] {warnings.py:109} WARNING - /opt/airflow/dags/ingestion_dag.py:257: RemovedInAirflow3Warning: Function `days_ago` is deprecated and will be removed in Airflow 3.0. You can achieve equivalent behavior with `pendulum.today('UTC').add(days=-N, ...)`
  start_date=days_ago(1),
[2025-12-01T09:52:59.648+0000] {logging_mixin.py:188} INFO - [2025-12-01T09:52:59.648+0000] {warnings.py:109} WARNING - /opt/airflow/dags/ingestion_dag.py:254: RemovedInAirflow3Warning: Param `schedule_interval` is deprecated and will be removed in a future release. Please use `schedule` instead. 
  with DAG(
[2025-12-01T09:52:59.654+0000] {processor.py:840} INFO - DAG(s) 'ingestion_dag' retrieved from /opt/airflow/dags/ingestion_dag.py
[2025-12-01T09:52:59.680+0000] {logging_mixin.py:188} INFO - [2025-12-01T09:52:59.680+0000] {dag.py:3047} INFO - Sync 1 DAGs
[2025-12-01T09:52:59.696+0000] {logging_mixin.py:188} INFO - [2025-12-01T09:52:59.696+0000] {dag.py:3834} INFO - Setting next_dagrun for ingestion_dag to 2025-12-01 09:52:00+00:00, run_after=2025-12-01 09:53:00+00:00
[2025-12-01T09:52:59.707+0000] {processor.py:183} INFO - Processing /opt/airflow/dags/ingestion_dag.py took 1.662 seconds
[2025-12-01T09:53:29.886+0000] {processor.py:161} INFO - Started process (PID=73621) to work on /opt/airflow/dags/ingestion_dag.py
[2025-12-01T09:53:29.892+0000] {processor.py:830} INFO - Processing file /opt/airflow/dags/ingestion_dag.py for tasks to queue
[2025-12-01T09:53:29.893+0000] {logging_mixin.py:188} INFO - [2025-12-01T09:53:29.893+0000] {dagbag.py:540} INFO - Filling up the DagBag from /opt/airflow/dags/ingestion_dag.py
[2025-12-01T09:53:31.502+0000] {logging_mixin.py:188} INFO - [2025-12-01T09:53:31.502+0000] {warnings.py:109} WARNING - /opt/airflow/dags/ingestion_dag.py:257: RemovedInAirflow3Warning: Function `days_ago` is deprecated and will be removed in Airflow 3.0. You can achieve equivalent behavior with `pendulum.today('UTC').add(days=-N, ...)`
  start_date=days_ago(1),
[2025-12-01T09:53:31.502+0000] {logging_mixin.py:188} INFO - [2025-12-01T09:53:31.502+0000] {warnings.py:109} WARNING - /opt/airflow/dags/ingestion_dag.py:254: RemovedInAirflow3Warning: Param `schedule_interval` is deprecated and will be removed in a future release. Please use `schedule` instead. 
  with DAG(
[2025-12-01T09:53:31.506+0000] {processor.py:840} INFO - DAG(s) 'ingestion_dag' retrieved from /opt/airflow/dags/ingestion_dag.py
[2025-12-01T09:53:31.530+0000] {logging_mixin.py:188} INFO - [2025-12-01T09:53:31.530+0000] {dag.py:3047} INFO - Sync 1 DAGs
[2025-12-01T09:53:31.550+0000] {logging_mixin.py:188} INFO - [2025-12-01T09:53:31.550+0000] {dag.py:3834} INFO - Setting next_dagrun for ingestion_dag to 2025-12-01 09:53:00+00:00, run_after=2025-12-01 09:54:00+00:00
[2025-12-01T09:53:31.560+0000] {processor.py:183} INFO - Processing /opt/airflow/dags/ingestion_dag.py took 1.686 seconds
[2025-12-01T09:54:02.007+0000] {processor.py:161} INFO - Started process (PID=73652) to work on /opt/airflow/dags/ingestion_dag.py
[2025-12-01T09:54:02.009+0000] {processor.py:830} INFO - Processing file /opt/airflow/dags/ingestion_dag.py for tasks to queue
[2025-12-01T09:54:02.009+0000] {logging_mixin.py:188} INFO - [2025-12-01T09:54:02.009+0000] {dagbag.py:540} INFO - Filling up the DagBag from /opt/airflow/dags/ingestion_dag.py
[2025-12-01T09:54:03.744+0000] {logging_mixin.py:188} INFO - [2025-12-01T09:54:03.744+0000] {warnings.py:109} WARNING - /opt/airflow/dags/ingestion_dag.py:257: RemovedInAirflow3Warning: Function `days_ago` is deprecated and will be removed in Airflow 3.0. You can achieve equivalent behavior with `pendulum.today('UTC').add(days=-N, ...)`
  start_date=days_ago(1),
[2025-12-01T09:54:03.745+0000] {logging_mixin.py:188} INFO - [2025-12-01T09:54:03.745+0000] {warnings.py:109} WARNING - /opt/airflow/dags/ingestion_dag.py:254: RemovedInAirflow3Warning: Param `schedule_interval` is deprecated and will be removed in a future release. Please use `schedule` instead. 
  with DAG(
[2025-12-01T09:54:03.749+0000] {processor.py:840} INFO - DAG(s) 'ingestion_dag' retrieved from /opt/airflow/dags/ingestion_dag.py
[2025-12-01T09:54:03.768+0000] {logging_mixin.py:188} INFO - [2025-12-01T09:54:03.768+0000] {dag.py:3047} INFO - Sync 1 DAGs
[2025-12-01T09:54:03.784+0000] {logging_mixin.py:188} INFO - [2025-12-01T09:54:03.784+0000] {dag.py:3834} INFO - Setting next_dagrun for ingestion_dag to 2025-12-01 09:54:00+00:00, run_after=2025-12-01 09:55:00+00:00
[2025-12-01T09:54:03.794+0000] {processor.py:183} INFO - Processing /opt/airflow/dags/ingestion_dag.py took 1.791 seconds
[2025-12-01T09:54:34.348+0000] {processor.py:161} INFO - Started process (PID=73725) to work on /opt/airflow/dags/ingestion_dag.py
[2025-12-01T09:54:34.351+0000] {processor.py:830} INFO - Processing file /opt/airflow/dags/ingestion_dag.py for tasks to queue
[2025-12-01T09:54:34.353+0000] {logging_mixin.py:188} INFO - [2025-12-01T09:54:34.352+0000] {dagbag.py:540} INFO - Filling up the DagBag from /opt/airflow/dags/ingestion_dag.py
[2025-12-01T09:54:35.934+0000] {logging_mixin.py:188} INFO - [2025-12-01T09:54:35.934+0000] {warnings.py:109} WARNING - /opt/airflow/dags/ingestion_dag.py:257: RemovedInAirflow3Warning: Function `days_ago` is deprecated and will be removed in Airflow 3.0. You can achieve equivalent behavior with `pendulum.today('UTC').add(days=-N, ...)`
  start_date=days_ago(1),
[2025-12-01T09:54:35.935+0000] {logging_mixin.py:188} INFO - [2025-12-01T09:54:35.935+0000] {warnings.py:109} WARNING - /opt/airflow/dags/ingestion_dag.py:254: RemovedInAirflow3Warning: Param `schedule_interval` is deprecated and will be removed in a future release. Please use `schedule` instead. 
  with DAG(
[2025-12-01T09:54:35.938+0000] {processor.py:840} INFO - DAG(s) 'ingestion_dag' retrieved from /opt/airflow/dags/ingestion_dag.py
[2025-12-01T09:54:35.965+0000] {logging_mixin.py:188} INFO - [2025-12-01T09:54:35.965+0000] {dag.py:3047} INFO - Sync 1 DAGs
[2025-12-01T09:54:35.981+0000] {logging_mixin.py:188} INFO - [2025-12-01T09:54:35.981+0000] {dag.py:3834} INFO - Setting next_dagrun for ingestion_dag to 2025-12-01 09:54:00+00:00, run_after=2025-12-01 09:55:00+00:00
[2025-12-01T09:54:35.991+0000] {processor.py:183} INFO - Processing /opt/airflow/dags/ingestion_dag.py took 1.657 seconds
[2025-12-01T09:55:06.787+0000] {processor.py:161} INFO - Started process (PID=73772) to work on /opt/airflow/dags/ingestion_dag.py
[2025-12-01T09:55:06.789+0000] {processor.py:830} INFO - Processing file /opt/airflow/dags/ingestion_dag.py for tasks to queue
[2025-12-01T09:55:06.790+0000] {logging_mixin.py:188} INFO - [2025-12-01T09:55:06.789+0000] {dagbag.py:540} INFO - Filling up the DagBag from /opt/airflow/dags/ingestion_dag.py
[2025-12-01T09:55:08.173+0000] {logging_mixin.py:188} INFO - [2025-12-01T09:55:08.173+0000] {warnings.py:109} WARNING - /opt/airflow/dags/ingestion_dag.py:257: RemovedInAirflow3Warning: Function `days_ago` is deprecated and will be removed in Airflow 3.0. You can achieve equivalent behavior with `pendulum.today('UTC').add(days=-N, ...)`
  start_date=days_ago(1),
[2025-12-01T09:55:08.174+0000] {logging_mixin.py:188} INFO - [2025-12-01T09:55:08.174+0000] {warnings.py:109} WARNING - /opt/airflow/dags/ingestion_dag.py:254: RemovedInAirflow3Warning: Param `schedule_interval` is deprecated and will be removed in a future release. Please use `schedule` instead. 
  with DAG(
[2025-12-01T09:55:08.184+0000] {processor.py:840} INFO - DAG(s) 'ingestion_dag' retrieved from /opt/airflow/dags/ingestion_dag.py
[2025-12-01T09:55:08.214+0000] {logging_mixin.py:188} INFO - [2025-12-01T09:55:08.214+0000] {dag.py:3047} INFO - Sync 1 DAGs
[2025-12-01T09:55:08.237+0000] {logging_mixin.py:188} INFO - [2025-12-01T09:55:08.237+0000] {dag.py:3834} INFO - Setting next_dagrun for ingestion_dag to 2025-12-01 09:55:00+00:00, run_after=2025-12-01 09:56:00+00:00
[2025-12-01T09:55:08.250+0000] {processor.py:183} INFO - Processing /opt/airflow/dags/ingestion_dag.py took 1.467 seconds
[2025-12-01T09:55:38.581+0000] {processor.py:161} INFO - Started process (PID=73823) to work on /opt/airflow/dags/ingestion_dag.py
[2025-12-01T09:55:38.583+0000] {processor.py:830} INFO - Processing file /opt/airflow/dags/ingestion_dag.py for tasks to queue
[2025-12-01T09:55:38.584+0000] {logging_mixin.py:188} INFO - [2025-12-01T09:55:38.584+0000] {dagbag.py:540} INFO - Filling up the DagBag from /opt/airflow/dags/ingestion_dag.py
[2025-12-01T09:55:40.137+0000] {logging_mixin.py:188} INFO - [2025-12-01T09:55:40.136+0000] {warnings.py:109} WARNING - /opt/airflow/dags/ingestion_dag.py:257: RemovedInAirflow3Warning: Function `days_ago` is deprecated and will be removed in Airflow 3.0. You can achieve equivalent behavior with `pendulum.today('UTC').add(days=-N, ...)`
  start_date=days_ago(1),
[2025-12-01T09:55:40.137+0000] {logging_mixin.py:188} INFO - [2025-12-01T09:55:40.137+0000] {warnings.py:109} WARNING - /opt/airflow/dags/ingestion_dag.py:254: RemovedInAirflow3Warning: Param `schedule_interval` is deprecated and will be removed in a future release. Please use `schedule` instead. 
  with DAG(
[2025-12-01T09:55:40.141+0000] {processor.py:840} INFO - DAG(s) 'ingestion_dag' retrieved from /opt/airflow/dags/ingestion_dag.py
[2025-12-01T09:55:40.173+0000] {logging_mixin.py:188} INFO - [2025-12-01T09:55:40.173+0000] {dag.py:3047} INFO - Sync 1 DAGs
[2025-12-01T09:55:40.190+0000] {logging_mixin.py:188} INFO - [2025-12-01T09:55:40.190+0000] {dag.py:3834} INFO - Setting next_dagrun for ingestion_dag to 2025-12-01 09:55:00+00:00, run_after=2025-12-01 09:56:00+00:00
[2025-12-01T09:55:40.201+0000] {processor.py:183} INFO - Processing /opt/airflow/dags/ingestion_dag.py took 1.628 seconds
[2025-12-01T09:56:11.265+0000] {processor.py:161} INFO - Started process (PID=73885) to work on /opt/airflow/dags/ingestion_dag.py
[2025-12-01T09:56:11.270+0000] {processor.py:830} INFO - Processing file /opt/airflow/dags/ingestion_dag.py for tasks to queue
[2025-12-01T09:56:11.272+0000] {logging_mixin.py:188} INFO - [2025-12-01T09:56:11.271+0000] {dagbag.py:540} INFO - Filling up the DagBag from /opt/airflow/dags/ingestion_dag.py
[2025-12-01T09:56:27.777+0000] {logging_mixin.py:188} INFO - [2025-12-01T09:56:27.775+0000] {warnings.py:109} WARNING - /opt/airflow/dags/ingestion_dag.py:257: RemovedInAirflow3Warning: Function `days_ago` is deprecated and will be removed in Airflow 3.0. You can achieve equivalent behavior with `pendulum.today('UTC').add(days=-N, ...)`
  start_date=days_ago(1),
[2025-12-01T09:56:27.779+0000] {logging_mixin.py:188} INFO - [2025-12-01T09:56:27.779+0000] {warnings.py:109} WARNING - /opt/airflow/dags/ingestion_dag.py:254: RemovedInAirflow3Warning: Param `schedule_interval` is deprecated and will be removed in a future release. Please use `schedule` instead. 
  with DAG(
[2025-12-01T09:56:27.798+0000] {processor.py:840} INFO - DAG(s) 'ingestion_dag' retrieved from /opt/airflow/dags/ingestion_dag.py
[2025-12-01T09:56:27.841+0000] {logging_mixin.py:188} INFO - [2025-12-01T09:56:27.840+0000] {dag.py:3047} INFO - Sync 1 DAGs
[2025-12-01T09:56:27.871+0000] {logging_mixin.py:188} INFO - [2025-12-01T09:56:27.870+0000] {dag.py:3834} INFO - Setting next_dagrun for ingestion_dag to 2025-12-01 09:56:00+00:00, run_after=2025-12-01 09:57:00+00:00
[2025-12-01T09:56:27.884+0000] {processor.py:183} INFO - Processing /opt/airflow/dags/ingestion_dag.py took 16.870 seconds
[2025-12-01T09:56:58.588+0000] {processor.py:161} INFO - Started process (PID=73932) to work on /opt/airflow/dags/ingestion_dag.py
[2025-12-01T09:56:58.590+0000] {processor.py:830} INFO - Processing file /opt/airflow/dags/ingestion_dag.py for tasks to queue
[2025-12-01T09:56:58.591+0000] {logging_mixin.py:188} INFO - [2025-12-01T09:56:58.591+0000] {dagbag.py:540} INFO - Filling up the DagBag from /opt/airflow/dags/ingestion_dag.py
[2025-12-01T09:57:00.467+0000] {logging_mixin.py:188} INFO - [2025-12-01T09:57:00.466+0000] {warnings.py:109} WARNING - /opt/airflow/dags/ingestion_dag.py:257: RemovedInAirflow3Warning: Function `days_ago` is deprecated and will be removed in Airflow 3.0. You can achieve equivalent behavior with `pendulum.today('UTC').add(days=-N, ...)`
  start_date=days_ago(1),
[2025-12-01T09:57:00.469+0000] {logging_mixin.py:188} INFO - [2025-12-01T09:57:00.469+0000] {warnings.py:109} WARNING - /opt/airflow/dags/ingestion_dag.py:254: RemovedInAirflow3Warning: Param `schedule_interval` is deprecated and will be removed in a future release. Please use `schedule` instead. 
  with DAG(
[2025-12-01T09:57:00.475+0000] {processor.py:840} INFO - DAG(s) 'ingestion_dag' retrieved from /opt/airflow/dags/ingestion_dag.py
[2025-12-01T09:57:00.503+0000] {logging_mixin.py:188} INFO - [2025-12-01T09:57:00.503+0000] {dag.py:3047} INFO - Sync 1 DAGs
[2025-12-01T09:57:00.523+0000] {logging_mixin.py:188} INFO - [2025-12-01T09:57:00.523+0000] {dag.py:3834} INFO - Setting next_dagrun for ingestion_dag to 2025-12-01 09:57:00+00:00, run_after=2025-12-01 09:58:00+00:00
[2025-12-01T09:57:00.535+0000] {processor.py:183} INFO - Processing /opt/airflow/dags/ingestion_dag.py took 1.953 seconds
[2025-12-01T09:57:31.139+0000] {processor.py:161} INFO - Started process (PID=74012) to work on /opt/airflow/dags/ingestion_dag.py
[2025-12-01T09:57:31.141+0000] {processor.py:830} INFO - Processing file /opt/airflow/dags/ingestion_dag.py for tasks to queue
[2025-12-01T09:57:31.142+0000] {logging_mixin.py:188} INFO - [2025-12-01T09:57:31.142+0000] {dagbag.py:540} INFO - Filling up the DagBag from /opt/airflow/dags/ingestion_dag.py
[2025-12-01T09:57:32.816+0000] {logging_mixin.py:188} INFO - [2025-12-01T09:57:32.815+0000] {warnings.py:109} WARNING - /opt/airflow/dags/ingestion_dag.py:257: RemovedInAirflow3Warning: Function `days_ago` is deprecated and will be removed in Airflow 3.0. You can achieve equivalent behavior with `pendulum.today('UTC').add(days=-N, ...)`
  start_date=days_ago(1),
[2025-12-01T09:57:32.816+0000] {logging_mixin.py:188} INFO - [2025-12-01T09:57:32.816+0000] {warnings.py:109} WARNING - /opt/airflow/dags/ingestion_dag.py:254: RemovedInAirflow3Warning: Param `schedule_interval` is deprecated and will be removed in a future release. Please use `schedule` instead. 
  with DAG(
[2025-12-01T09:57:32.821+0000] {processor.py:840} INFO - DAG(s) 'ingestion_dag' retrieved from /opt/airflow/dags/ingestion_dag.py
[2025-12-01T09:57:32.843+0000] {logging_mixin.py:188} INFO - [2025-12-01T09:57:32.842+0000] {dag.py:3047} INFO - Sync 1 DAGs
[2025-12-01T09:57:32.860+0000] {logging_mixin.py:188} INFO - [2025-12-01T09:57:32.860+0000] {dag.py:3834} INFO - Setting next_dagrun for ingestion_dag to 2025-12-01 09:57:00+00:00, run_after=2025-12-01 09:58:00+00:00
[2025-12-01T09:57:32.874+0000] {processor.py:183} INFO - Processing /opt/airflow/dags/ingestion_dag.py took 1.742 seconds
[2025-12-01T09:58:03.367+0000] {processor.py:161} INFO - Started process (PID=74046) to work on /opt/airflow/dags/ingestion_dag.py
[2025-12-01T09:58:03.369+0000] {processor.py:830} INFO - Processing file /opt/airflow/dags/ingestion_dag.py for tasks to queue
[2025-12-01T09:58:03.371+0000] {logging_mixin.py:188} INFO - [2025-12-01T09:58:03.370+0000] {dagbag.py:540} INFO - Filling up the DagBag from /opt/airflow/dags/ingestion_dag.py
[2025-12-01T09:58:04.957+0000] {logging_mixin.py:188} INFO - [2025-12-01T09:58:04.957+0000] {warnings.py:109} WARNING - /opt/airflow/dags/ingestion_dag.py:257: RemovedInAirflow3Warning: Function `days_ago` is deprecated and will be removed in Airflow 3.0. You can achieve equivalent behavior with `pendulum.today('UTC').add(days=-N, ...)`
  start_date=days_ago(1),
[2025-12-01T09:58:04.958+0000] {logging_mixin.py:188} INFO - [2025-12-01T09:58:04.958+0000] {warnings.py:109} WARNING - /opt/airflow/dags/ingestion_dag.py:254: RemovedInAirflow3Warning: Param `schedule_interval` is deprecated and will be removed in a future release. Please use `schedule` instead. 
  with DAG(
[2025-12-01T09:58:04.963+0000] {processor.py:840} INFO - DAG(s) 'ingestion_dag' retrieved from /opt/airflow/dags/ingestion_dag.py
[2025-12-01T09:58:04.986+0000] {logging_mixin.py:188} INFO - [2025-12-01T09:58:04.986+0000] {dag.py:3047} INFO - Sync 1 DAGs
[2025-12-01T09:58:05.004+0000] {logging_mixin.py:188} INFO - [2025-12-01T09:58:05.004+0000] {dag.py:3834} INFO - Setting next_dagrun for ingestion_dag to 2025-12-01 09:58:00+00:00, run_after=2025-12-01 09:59:00+00:00
[2025-12-01T09:58:05.029+0000] {processor.py:183} INFO - Processing /opt/airflow/dags/ingestion_dag.py took 1.669 seconds
[2025-12-01T09:58:36.009+0000] {processor.py:161} INFO - Started process (PID=74116) to work on /opt/airflow/dags/ingestion_dag.py
[2025-12-01T09:58:36.013+0000] {processor.py:830} INFO - Processing file /opt/airflow/dags/ingestion_dag.py for tasks to queue
[2025-12-01T09:58:36.014+0000] {logging_mixin.py:188} INFO - [2025-12-01T09:58:36.013+0000] {dagbag.py:540} INFO - Filling up the DagBag from /opt/airflow/dags/ingestion_dag.py
[2025-12-01T09:58:37.571+0000] {logging_mixin.py:188} INFO - [2025-12-01T09:58:37.571+0000] {warnings.py:109} WARNING - /opt/airflow/dags/ingestion_dag.py:257: RemovedInAirflow3Warning: Function `days_ago` is deprecated and will be removed in Airflow 3.0. You can achieve equivalent behavior with `pendulum.today('UTC').add(days=-N, ...)`
  start_date=days_ago(1),
[2025-12-01T09:58:37.571+0000] {logging_mixin.py:188} INFO - [2025-12-01T09:58:37.571+0000] {warnings.py:109} WARNING - /opt/airflow/dags/ingestion_dag.py:254: RemovedInAirflow3Warning: Param `schedule_interval` is deprecated and will be removed in a future release. Please use `schedule` instead. 
  with DAG(
[2025-12-01T09:58:37.575+0000] {processor.py:840} INFO - DAG(s) 'ingestion_dag' retrieved from /opt/airflow/dags/ingestion_dag.py
[2025-12-01T09:58:37.594+0000] {logging_mixin.py:188} INFO - [2025-12-01T09:58:37.594+0000] {dag.py:3047} INFO - Sync 1 DAGs
[2025-12-01T09:58:37.611+0000] {logging_mixin.py:188} INFO - [2025-12-01T09:58:37.610+0000] {dag.py:3834} INFO - Setting next_dagrun for ingestion_dag to 2025-12-01 09:58:00+00:00, run_after=2025-12-01 09:59:00+00:00
[2025-12-01T09:58:37.620+0000] {processor.py:183} INFO - Processing /opt/airflow/dags/ingestion_dag.py took 1.627 seconds
[2025-12-01T09:59:07.823+0000] {processor.py:161} INFO - Started process (PID=74169) to work on /opt/airflow/dags/ingestion_dag.py
[2025-12-01T09:59:07.825+0000] {processor.py:830} INFO - Processing file /opt/airflow/dags/ingestion_dag.py for tasks to queue
[2025-12-01T09:59:07.828+0000] {logging_mixin.py:188} INFO - [2025-12-01T09:59:07.827+0000] {dagbag.py:540} INFO - Filling up the DagBag from /opt/airflow/dags/ingestion_dag.py
[2025-12-01T09:59:11.138+0000] {logging_mixin.py:188} INFO - [2025-12-01T09:59:11.136+0000] {warnings.py:109} WARNING - /opt/airflow/dags/ingestion_dag.py:257: RemovedInAirflow3Warning: Function `days_ago` is deprecated and will be removed in Airflow 3.0. You can achieve equivalent behavior with `pendulum.today('UTC').add(days=-N, ...)`
  start_date=days_ago(1),
[2025-12-01T09:59:11.142+0000] {logging_mixin.py:188} INFO - [2025-12-01T09:59:11.141+0000] {warnings.py:109} WARNING - /opt/airflow/dags/ingestion_dag.py:254: RemovedInAirflow3Warning: Param `schedule_interval` is deprecated and will be removed in a future release. Please use `schedule` instead. 
  with DAG(
[2025-12-01T09:59:11.152+0000] {processor.py:840} INFO - DAG(s) 'ingestion_dag' retrieved from /opt/airflow/dags/ingestion_dag.py
[2025-12-01T09:59:11.216+0000] {logging_mixin.py:188} INFO - [2025-12-01T09:59:11.215+0000] {dag.py:3047} INFO - Sync 1 DAGs
[2025-12-01T09:59:11.267+0000] {logging_mixin.py:188} INFO - [2025-12-01T09:59:11.267+0000] {dag.py:3834} INFO - Setting next_dagrun for ingestion_dag to 2025-12-01 09:59:00+00:00, run_after=2025-12-01 10:00:00+00:00
[2025-12-01T09:59:11.297+0000] {processor.py:183} INFO - Processing /opt/airflow/dags/ingestion_dag.py took 3.480 seconds
[2025-12-01T09:59:41.455+0000] {processor.py:161} INFO - Started process (PID=74214) to work on /opt/airflow/dags/ingestion_dag.py
[2025-12-01T09:59:41.456+0000] {processor.py:830} INFO - Processing file /opt/airflow/dags/ingestion_dag.py for tasks to queue
[2025-12-01T09:59:41.458+0000] {logging_mixin.py:188} INFO - [2025-12-01T09:59:41.457+0000] {dagbag.py:540} INFO - Filling up the DagBag from /opt/airflow/dags/ingestion_dag.py
[2025-12-01T09:59:43.086+0000] {logging_mixin.py:188} INFO - [2025-12-01T09:59:43.085+0000] {warnings.py:109} WARNING - /opt/airflow/dags/ingestion_dag.py:257: RemovedInAirflow3Warning: Function `days_ago` is deprecated and will be removed in Airflow 3.0. You can achieve equivalent behavior with `pendulum.today('UTC').add(days=-N, ...)`
  start_date=days_ago(1),
[2025-12-01T09:59:43.086+0000] {logging_mixin.py:188} INFO - [2025-12-01T09:59:43.086+0000] {warnings.py:109} WARNING - /opt/airflow/dags/ingestion_dag.py:254: RemovedInAirflow3Warning: Param `schedule_interval` is deprecated and will be removed in a future release. Please use `schedule` instead. 
  with DAG(
[2025-12-01T09:59:43.090+0000] {processor.py:840} INFO - DAG(s) 'ingestion_dag' retrieved from /opt/airflow/dags/ingestion_dag.py
[2025-12-01T09:59:43.115+0000] {logging_mixin.py:188} INFO - [2025-12-01T09:59:43.115+0000] {dag.py:3047} INFO - Sync 1 DAGs
[2025-12-01T09:59:43.131+0000] {logging_mixin.py:188} INFO - [2025-12-01T09:59:43.131+0000] {dag.py:3834} INFO - Setting next_dagrun for ingestion_dag to 2025-12-01 09:59:00+00:00, run_after=2025-12-01 10:00:00+00:00
[2025-12-01T09:59:43.141+0000] {processor.py:183} INFO - Processing /opt/airflow/dags/ingestion_dag.py took 1.696 seconds
[2025-12-01T10:00:13.615+0000] {processor.py:161} INFO - Started process (PID=74300) to work on /opt/airflow/dags/ingestion_dag.py
[2025-12-01T10:00:13.617+0000] {processor.py:830} INFO - Processing file /opt/airflow/dags/ingestion_dag.py for tasks to queue
[2025-12-01T10:00:13.618+0000] {logging_mixin.py:188} INFO - [2025-12-01T10:00:13.618+0000] {dagbag.py:540} INFO - Filling up the DagBag from /opt/airflow/dags/ingestion_dag.py
[2025-12-01T10:00:15.154+0000] {logging_mixin.py:188} INFO - [2025-12-01T10:00:15.154+0000] {warnings.py:109} WARNING - /opt/airflow/dags/ingestion_dag.py:257: RemovedInAirflow3Warning: Function `days_ago` is deprecated and will be removed in Airflow 3.0. You can achieve equivalent behavior with `pendulum.today('UTC').add(days=-N, ...)`
  start_date=days_ago(1),
[2025-12-01T10:00:15.154+0000] {logging_mixin.py:188} INFO - [2025-12-01T10:00:15.154+0000] {warnings.py:109} WARNING - /opt/airflow/dags/ingestion_dag.py:254: RemovedInAirflow3Warning: Param `schedule_interval` is deprecated and will be removed in a future release. Please use `schedule` instead. 
  with DAG(
[2025-12-01T10:00:15.159+0000] {processor.py:840} INFO - DAG(s) 'ingestion_dag' retrieved from /opt/airflow/dags/ingestion_dag.py
[2025-12-01T10:00:15.185+0000] {logging_mixin.py:188} INFO - [2025-12-01T10:00:15.184+0000] {dag.py:3047} INFO - Sync 1 DAGs
[2025-12-01T10:00:15.202+0000] {logging_mixin.py:188} INFO - [2025-12-01T10:00:15.202+0000] {dag.py:3834} INFO - Setting next_dagrun for ingestion_dag to 2025-12-01 10:00:00+00:00, run_after=2025-12-01 10:01:00+00:00
[2025-12-01T10:00:15.211+0000] {processor.py:183} INFO - Processing /opt/airflow/dags/ingestion_dag.py took 1.603 seconds
[2025-12-01T10:00:46.163+0000] {processor.py:161} INFO - Started process (PID=74318) to work on /opt/airflow/dags/ingestion_dag.py
[2025-12-01T10:00:46.166+0000] {processor.py:830} INFO - Processing file /opt/airflow/dags/ingestion_dag.py for tasks to queue
[2025-12-01T10:00:46.168+0000] {logging_mixin.py:188} INFO - [2025-12-01T10:00:46.167+0000] {dagbag.py:540} INFO - Filling up the DagBag from /opt/airflow/dags/ingestion_dag.py
[2025-12-01T10:00:47.999+0000] {logging_mixin.py:188} INFO - [2025-12-01T10:00:47.998+0000] {warnings.py:109} WARNING - /opt/airflow/dags/ingestion_dag.py:257: RemovedInAirflow3Warning: Function `days_ago` is deprecated and will be removed in Airflow 3.0. You can achieve equivalent behavior with `pendulum.today('UTC').add(days=-N, ...)`
  start_date=days_ago(1),
[2025-12-01T10:00:47.999+0000] {logging_mixin.py:188} INFO - [2025-12-01T10:00:47.999+0000] {warnings.py:109} WARNING - /opt/airflow/dags/ingestion_dag.py:254: RemovedInAirflow3Warning: Param `schedule_interval` is deprecated and will be removed in a future release. Please use `schedule` instead. 
  with DAG(
[2025-12-01T10:00:48.004+0000] {processor.py:840} INFO - DAG(s) 'ingestion_dag' retrieved from /opt/airflow/dags/ingestion_dag.py
[2025-12-01T10:00:48.034+0000] {logging_mixin.py:188} INFO - [2025-12-01T10:00:48.034+0000] {dag.py:3047} INFO - Sync 1 DAGs
[2025-12-01T10:00:48.060+0000] {logging_mixin.py:188} INFO - [2025-12-01T10:00:48.060+0000] {dag.py:3834} INFO - Setting next_dagrun for ingestion_dag to 2025-12-01 10:00:00+00:00, run_after=2025-12-01 10:01:00+00:00
[2025-12-01T10:00:48.071+0000] {processor.py:183} INFO - Processing /opt/airflow/dags/ingestion_dag.py took 1.920 seconds
[2025-12-01T10:01:18.742+0000] {processor.py:161} INFO - Started process (PID=74398) to work on /opt/airflow/dags/ingestion_dag.py
[2025-12-01T10:01:18.744+0000] {processor.py:830} INFO - Processing file /opt/airflow/dags/ingestion_dag.py for tasks to queue
[2025-12-01T10:01:18.745+0000] {logging_mixin.py:188} INFO - [2025-12-01T10:01:18.744+0000] {dagbag.py:540} INFO - Filling up the DagBag from /opt/airflow/dags/ingestion_dag.py
[2025-12-01T10:01:20.556+0000] {logging_mixin.py:188} INFO - [2025-12-01T10:01:20.555+0000] {warnings.py:109} WARNING - /opt/airflow/dags/ingestion_dag.py:257: RemovedInAirflow3Warning: Function `days_ago` is deprecated and will be removed in Airflow 3.0. You can achieve equivalent behavior with `pendulum.today('UTC').add(days=-N, ...)`
  start_date=days_ago(1),
[2025-12-01T10:01:20.557+0000] {logging_mixin.py:188} INFO - [2025-12-01T10:01:20.557+0000] {warnings.py:109} WARNING - /opt/airflow/dags/ingestion_dag.py:254: RemovedInAirflow3Warning: Param `schedule_interval` is deprecated and will be removed in a future release. Please use `schedule` instead. 
  with DAG(
[2025-12-01T10:01:20.562+0000] {processor.py:840} INFO - DAG(s) 'ingestion_dag' retrieved from /opt/airflow/dags/ingestion_dag.py
[2025-12-01T10:01:20.598+0000] {logging_mixin.py:188} INFO - [2025-12-01T10:01:20.598+0000] {dag.py:3047} INFO - Sync 1 DAGs
[2025-12-01T10:01:20.620+0000] {logging_mixin.py:188} INFO - [2025-12-01T10:01:20.620+0000] {dag.py:3834} INFO - Setting next_dagrun for ingestion_dag to 2025-12-01 10:01:00+00:00, run_after=2025-12-01 10:02:00+00:00
[2025-12-01T10:01:20.641+0000] {processor.py:183} INFO - Processing /opt/airflow/dags/ingestion_dag.py took 1.907 seconds
[2025-12-01T10:01:51.290+0000] {processor.py:161} INFO - Started process (PID=74416) to work on /opt/airflow/dags/ingestion_dag.py
[2025-12-01T10:01:51.293+0000] {processor.py:830} INFO - Processing file /opt/airflow/dags/ingestion_dag.py for tasks to queue
[2025-12-01T10:01:51.294+0000] {logging_mixin.py:188} INFO - [2025-12-01T10:01:51.294+0000] {dagbag.py:540} INFO - Filling up the DagBag from /opt/airflow/dags/ingestion_dag.py
[2025-12-01T10:01:52.956+0000] {logging_mixin.py:188} INFO - [2025-12-01T10:01:52.955+0000] {warnings.py:109} WARNING - /opt/airflow/dags/ingestion_dag.py:257: RemovedInAirflow3Warning: Function `days_ago` is deprecated and will be removed in Airflow 3.0. You can achieve equivalent behavior with `pendulum.today('UTC').add(days=-N, ...)`
  start_date=days_ago(1),
[2025-12-01T10:01:52.956+0000] {logging_mixin.py:188} INFO - [2025-12-01T10:01:52.956+0000] {warnings.py:109} WARNING - /opt/airflow/dags/ingestion_dag.py:254: RemovedInAirflow3Warning: Param `schedule_interval` is deprecated and will be removed in a future release. Please use `schedule` instead. 
  with DAG(
[2025-12-01T10:01:52.960+0000] {processor.py:840} INFO - DAG(s) 'ingestion_dag' retrieved from /opt/airflow/dags/ingestion_dag.py
[2025-12-01T10:01:52.992+0000] {logging_mixin.py:188} INFO - [2025-12-01T10:01:52.992+0000] {dag.py:3047} INFO - Sync 1 DAGs
[2025-12-01T10:01:53.023+0000] {logging_mixin.py:188} INFO - [2025-12-01T10:01:53.022+0000] {dag.py:3834} INFO - Setting next_dagrun for ingestion_dag to 2025-12-01 10:01:00+00:00, run_after=2025-12-01 10:02:00+00:00
[2025-12-01T10:01:53.039+0000] {processor.py:183} INFO - Processing /opt/airflow/dags/ingestion_dag.py took 1.764 seconds
[2025-12-01T10:02:23.697+0000] {processor.py:161} INFO - Started process (PID=74502) to work on /opt/airflow/dags/ingestion_dag.py
[2025-12-01T10:02:23.699+0000] {processor.py:830} INFO - Processing file /opt/airflow/dags/ingestion_dag.py for tasks to queue
[2025-12-01T10:02:23.703+0000] {logging_mixin.py:188} INFO - [2025-12-01T10:02:23.701+0000] {dagbag.py:540} INFO - Filling up the DagBag from /opt/airflow/dags/ingestion_dag.py
[2025-12-01T10:02:25.223+0000] {logging_mixin.py:188} INFO - [2025-12-01T10:02:25.223+0000] {warnings.py:109} WARNING - /opt/airflow/dags/ingestion_dag.py:257: RemovedInAirflow3Warning: Function `days_ago` is deprecated and will be removed in Airflow 3.0. You can achieve equivalent behavior with `pendulum.today('UTC').add(days=-N, ...)`
  start_date=days_ago(1),
[2025-12-01T10:02:25.224+0000] {logging_mixin.py:188} INFO - [2025-12-01T10:02:25.224+0000] {warnings.py:109} WARNING - /opt/airflow/dags/ingestion_dag.py:254: RemovedInAirflow3Warning: Param `schedule_interval` is deprecated and will be removed in a future release. Please use `schedule` instead. 
  with DAG(
[2025-12-01T10:02:25.227+0000] {processor.py:840} INFO - DAG(s) 'ingestion_dag' retrieved from /opt/airflow/dags/ingestion_dag.py
[2025-12-01T10:02:25.251+0000] {logging_mixin.py:188} INFO - [2025-12-01T10:02:25.251+0000] {dag.py:3047} INFO - Sync 1 DAGs
[2025-12-01T10:02:25.269+0000] {logging_mixin.py:188} INFO - [2025-12-01T10:02:25.268+0000] {dag.py:3834} INFO - Setting next_dagrun for ingestion_dag to 2025-12-01 10:02:00+00:00, run_after=2025-12-01 10:03:00+00:00
[2025-12-01T10:02:25.278+0000] {processor.py:183} INFO - Processing /opt/airflow/dags/ingestion_dag.py took 1.599 seconds
[2025-12-01T10:02:56.170+0000] {processor.py:161} INFO - Started process (PID=74520) to work on /opt/airflow/dags/ingestion_dag.py
[2025-12-01T10:02:56.174+0000] {processor.py:830} INFO - Processing file /opt/airflow/dags/ingestion_dag.py for tasks to queue
[2025-12-01T10:02:56.175+0000] {logging_mixin.py:188} INFO - [2025-12-01T10:02:56.175+0000] {dagbag.py:540} INFO - Filling up the DagBag from /opt/airflow/dags/ingestion_dag.py
[2025-12-01T10:02:57.972+0000] {logging_mixin.py:188} INFO - [2025-12-01T10:02:57.972+0000] {warnings.py:109} WARNING - /opt/airflow/dags/ingestion_dag.py:257: RemovedInAirflow3Warning: Function `days_ago` is deprecated and will be removed in Airflow 3.0. You can achieve equivalent behavior with `pendulum.today('UTC').add(days=-N, ...)`
  start_date=days_ago(1),
[2025-12-01T10:02:57.973+0000] {logging_mixin.py:188} INFO - [2025-12-01T10:02:57.973+0000] {warnings.py:109} WARNING - /opt/airflow/dags/ingestion_dag.py:254: RemovedInAirflow3Warning: Param `schedule_interval` is deprecated and will be removed in a future release. Please use `schedule` instead. 
  with DAG(
[2025-12-01T10:02:57.977+0000] {processor.py:840} INFO - DAG(s) 'ingestion_dag' retrieved from /opt/airflow/dags/ingestion_dag.py
[2025-12-01T10:02:58.007+0000] {logging_mixin.py:188} INFO - [2025-12-01T10:02:58.007+0000] {dag.py:3047} INFO - Sync 1 DAGs
[2025-12-01T10:02:58.026+0000] {logging_mixin.py:188} INFO - [2025-12-01T10:02:58.025+0000] {dag.py:3834} INFO - Setting next_dagrun for ingestion_dag to 2025-12-01 10:02:00+00:00, run_after=2025-12-01 10:03:00+00:00
[2025-12-01T10:02:58.041+0000] {processor.py:183} INFO - Processing /opt/airflow/dags/ingestion_dag.py took 1.880 seconds
[2025-12-01T10:03:28.695+0000] {processor.py:161} INFO - Started process (PID=74600) to work on /opt/airflow/dags/ingestion_dag.py
[2025-12-01T10:03:28.697+0000] {processor.py:830} INFO - Processing file /opt/airflow/dags/ingestion_dag.py for tasks to queue
[2025-12-01T10:03:28.699+0000] {logging_mixin.py:188} INFO - [2025-12-01T10:03:28.698+0000] {dagbag.py:540} INFO - Filling up the DagBag from /opt/airflow/dags/ingestion_dag.py
[2025-12-01T10:03:30.236+0000] {logging_mixin.py:188} INFO - [2025-12-01T10:03:30.236+0000] {warnings.py:109} WARNING - /opt/airflow/dags/ingestion_dag.py:257: RemovedInAirflow3Warning: Function `days_ago` is deprecated and will be removed in Airflow 3.0. You can achieve equivalent behavior with `pendulum.today('UTC').add(days=-N, ...)`
  start_date=days_ago(1),
[2025-12-01T10:03:30.236+0000] {logging_mixin.py:188} INFO - [2025-12-01T10:03:30.236+0000] {warnings.py:109} WARNING - /opt/airflow/dags/ingestion_dag.py:254: RemovedInAirflow3Warning: Param `schedule_interval` is deprecated and will be removed in a future release. Please use `schedule` instead. 
  with DAG(
[2025-12-01T10:03:30.240+0000] {processor.py:840} INFO - DAG(s) 'ingestion_dag' retrieved from /opt/airflow/dags/ingestion_dag.py
[2025-12-01T10:03:30.270+0000] {logging_mixin.py:188} INFO - [2025-12-01T10:03:30.270+0000] {dag.py:3047} INFO - Sync 1 DAGs
[2025-12-01T10:03:30.287+0000] {logging_mixin.py:188} INFO - [2025-12-01T10:03:30.287+0000] {dag.py:3834} INFO - Setting next_dagrun for ingestion_dag to 2025-12-01 10:03:00+00:00, run_after=2025-12-01 10:04:00+00:00
[2025-12-01T10:03:30.296+0000] {processor.py:183} INFO - Processing /opt/airflow/dags/ingestion_dag.py took 1.609 seconds
[2025-12-01T10:04:00.803+0000] {processor.py:161} INFO - Started process (PID=74618) to work on /opt/airflow/dags/ingestion_dag.py
[2025-12-01T10:04:00.812+0000] {processor.py:830} INFO - Processing file /opt/airflow/dags/ingestion_dag.py for tasks to queue
[2025-12-01T10:04:00.814+0000] {logging_mixin.py:188} INFO - [2025-12-01T10:04:00.814+0000] {dagbag.py:540} INFO - Filling up the DagBag from /opt/airflow/dags/ingestion_dag.py
[2025-12-01T10:04:02.704+0000] {logging_mixin.py:188} INFO - [2025-12-01T10:04:02.704+0000] {warnings.py:109} WARNING - /opt/airflow/dags/ingestion_dag.py:257: RemovedInAirflow3Warning: Function `days_ago` is deprecated and will be removed in Airflow 3.0. You can achieve equivalent behavior with `pendulum.today('UTC').add(days=-N, ...)`
  start_date=days_ago(1),
[2025-12-01T10:04:02.704+0000] {logging_mixin.py:188} INFO - [2025-12-01T10:04:02.704+0000] {warnings.py:109} WARNING - /opt/airflow/dags/ingestion_dag.py:254: RemovedInAirflow3Warning: Param `schedule_interval` is deprecated and will be removed in a future release. Please use `schedule` instead. 
  with DAG(
[2025-12-01T10:04:02.715+0000] {processor.py:840} INFO - DAG(s) 'ingestion_dag' retrieved from /opt/airflow/dags/ingestion_dag.py
[2025-12-01T10:04:02.738+0000] {logging_mixin.py:188} INFO - [2025-12-01T10:04:02.738+0000] {dag.py:3047} INFO - Sync 1 DAGs
[2025-12-01T10:04:02.760+0000] {logging_mixin.py:188} INFO - [2025-12-01T10:04:02.759+0000] {dag.py:3834} INFO - Setting next_dagrun for ingestion_dag to 2025-12-01 10:04:00+00:00, run_after=2025-12-01 10:05:00+00:00
[2025-12-01T10:04:02.774+0000] {processor.py:183} INFO - Processing /opt/airflow/dags/ingestion_dag.py took 1.982 seconds
[2025-12-01T10:04:33.381+0000] {processor.py:161} INFO - Started process (PID=74709) to work on /opt/airflow/dags/ingestion_dag.py
[2025-12-01T10:04:33.384+0000] {processor.py:830} INFO - Processing file /opt/airflow/dags/ingestion_dag.py for tasks to queue
[2025-12-01T10:04:33.385+0000] {logging_mixin.py:188} INFO - [2025-12-01T10:04:33.384+0000] {dagbag.py:540} INFO - Filling up the DagBag from /opt/airflow/dags/ingestion_dag.py
[2025-12-01T10:04:34.877+0000] {logging_mixin.py:188} INFO - [2025-12-01T10:04:34.877+0000] {warnings.py:109} WARNING - /opt/airflow/dags/ingestion_dag.py:257: RemovedInAirflow3Warning: Function `days_ago` is deprecated and will be removed in Airflow 3.0. You can achieve equivalent behavior with `pendulum.today('UTC').add(days=-N, ...)`
  start_date=days_ago(1),
[2025-12-01T10:04:34.877+0000] {logging_mixin.py:188} INFO - [2025-12-01T10:04:34.877+0000] {warnings.py:109} WARNING - /opt/airflow/dags/ingestion_dag.py:254: RemovedInAirflow3Warning: Param `schedule_interval` is deprecated and will be removed in a future release. Please use `schedule` instead. 
  with DAG(
[2025-12-01T10:04:34.880+0000] {processor.py:840} INFO - DAG(s) 'ingestion_dag' retrieved from /opt/airflow/dags/ingestion_dag.py
[2025-12-01T10:04:34.897+0000] {logging_mixin.py:188} INFO - [2025-12-01T10:04:34.897+0000] {dag.py:3047} INFO - Sync 1 DAGs
[2025-12-01T10:04:34.911+0000] {logging_mixin.py:188} INFO - [2025-12-01T10:04:34.911+0000] {dag.py:3834} INFO - Setting next_dagrun for ingestion_dag to 2025-12-01 10:04:00+00:00, run_after=2025-12-01 10:05:00+00:00
[2025-12-01T10:04:34.920+0000] {processor.py:183} INFO - Processing /opt/airflow/dags/ingestion_dag.py took 1.544 seconds
[2025-12-01T10:05:05.067+0000] {processor.py:161} INFO - Started process (PID=74747) to work on /opt/airflow/dags/ingestion_dag.py
[2025-12-01T10:05:05.069+0000] {processor.py:830} INFO - Processing file /opt/airflow/dags/ingestion_dag.py for tasks to queue
[2025-12-01T10:05:05.070+0000] {logging_mixin.py:188} INFO - [2025-12-01T10:05:05.070+0000] {dagbag.py:540} INFO - Filling up the DagBag from /opt/airflow/dags/ingestion_dag.py
[2025-12-01T10:05:06.789+0000] {logging_mixin.py:188} INFO - [2025-12-01T10:05:06.788+0000] {warnings.py:109} WARNING - /opt/airflow/dags/ingestion_dag.py:257: RemovedInAirflow3Warning: Function `days_ago` is deprecated and will be removed in Airflow 3.0. You can achieve equivalent behavior with `pendulum.today('UTC').add(days=-N, ...)`
  start_date=days_ago(1),
[2025-12-01T10:05:06.789+0000] {logging_mixin.py:188} INFO - [2025-12-01T10:05:06.789+0000] {warnings.py:109} WARNING - /opt/airflow/dags/ingestion_dag.py:254: RemovedInAirflow3Warning: Param `schedule_interval` is deprecated and will be removed in a future release. Please use `schedule` instead. 
  with DAG(
[2025-12-01T10:05:06.794+0000] {processor.py:840} INFO - DAG(s) 'ingestion_dag' retrieved from /opt/airflow/dags/ingestion_dag.py
[2025-12-01T10:05:06.830+0000] {logging_mixin.py:188} INFO - [2025-12-01T10:05:06.830+0000] {dag.py:3047} INFO - Sync 1 DAGs
[2025-12-01T10:05:06.851+0000] {logging_mixin.py:188} INFO - [2025-12-01T10:05:06.850+0000] {dag.py:3834} INFO - Setting next_dagrun for ingestion_dag to 2025-12-01 10:05:00+00:00, run_after=2025-12-01 10:06:00+00:00
[2025-12-01T10:05:06.863+0000] {processor.py:183} INFO - Processing /opt/airflow/dags/ingestion_dag.py took 1.800 seconds
[2025-12-01T10:05:37.464+0000] {processor.py:161} INFO - Started process (PID=74807) to work on /opt/airflow/dags/ingestion_dag.py
[2025-12-01T10:05:37.468+0000] {processor.py:830} INFO - Processing file /opt/airflow/dags/ingestion_dag.py for tasks to queue
[2025-12-01T10:05:37.469+0000] {logging_mixin.py:188} INFO - [2025-12-01T10:05:37.468+0000] {dagbag.py:540} INFO - Filling up the DagBag from /opt/airflow/dags/ingestion_dag.py
[2025-12-01T10:05:38.955+0000] {logging_mixin.py:188} INFO - [2025-12-01T10:05:38.955+0000] {warnings.py:109} WARNING - /opt/airflow/dags/ingestion_dag.py:257: RemovedInAirflow3Warning: Function `days_ago` is deprecated and will be removed in Airflow 3.0. You can achieve equivalent behavior with `pendulum.today('UTC').add(days=-N, ...)`
  start_date=days_ago(1),
[2025-12-01T10:05:38.955+0000] {logging_mixin.py:188} INFO - [2025-12-01T10:05:38.955+0000] {warnings.py:109} WARNING - /opt/airflow/dags/ingestion_dag.py:254: RemovedInAirflow3Warning: Param `schedule_interval` is deprecated and will be removed in a future release. Please use `schedule` instead. 
  with DAG(
[2025-12-01T10:05:38.959+0000] {processor.py:840} INFO - DAG(s) 'ingestion_dag' retrieved from /opt/airflow/dags/ingestion_dag.py
[2025-12-01T10:05:38.980+0000] {logging_mixin.py:188} INFO - [2025-12-01T10:05:38.979+0000] {dag.py:3047} INFO - Sync 1 DAGs
[2025-12-01T10:05:39.001+0000] {logging_mixin.py:188} INFO - [2025-12-01T10:05:39.001+0000] {dag.py:3834} INFO - Setting next_dagrun for ingestion_dag to 2025-12-01 10:05:00+00:00, run_after=2025-12-01 10:06:00+00:00
[2025-12-01T10:05:39.010+0000] {processor.py:183} INFO - Processing /opt/airflow/dags/ingestion_dag.py took 1.552 seconds
[2025-12-01T10:06:09.469+0000] {processor.py:161} INFO - Started process (PID=74852) to work on /opt/airflow/dags/ingestion_dag.py
[2025-12-01T10:06:09.472+0000] {processor.py:830} INFO - Processing file /opt/airflow/dags/ingestion_dag.py for tasks to queue
[2025-12-01T10:06:09.474+0000] {logging_mixin.py:188} INFO - [2025-12-01T10:06:09.474+0000] {dagbag.py:540} INFO - Filling up the DagBag from /opt/airflow/dags/ingestion_dag.py
[2025-12-01T10:06:12.769+0000] {logging_mixin.py:188} INFO - [2025-12-01T10:06:12.766+0000] {warnings.py:109} WARNING - /opt/airflow/dags/ingestion_dag.py:257: RemovedInAirflow3Warning: Function `days_ago` is deprecated and will be removed in Airflow 3.0. You can achieve equivalent behavior with `pendulum.today('UTC').add(days=-N, ...)`
  start_date=days_ago(1),
[2025-12-01T10:06:12.770+0000] {logging_mixin.py:188} INFO - [2025-12-01T10:06:12.770+0000] {warnings.py:109} WARNING - /opt/airflow/dags/ingestion_dag.py:254: RemovedInAirflow3Warning: Param `schedule_interval` is deprecated and will be removed in a future release. Please use `schedule` instead. 
  with DAG(
[2025-12-01T10:06:12.779+0000] {processor.py:840} INFO - DAG(s) 'ingestion_dag' retrieved from /opt/airflow/dags/ingestion_dag.py
[2025-12-01T10:06:12.823+0000] {logging_mixin.py:188} INFO - [2025-12-01T10:06:12.822+0000] {dag.py:3047} INFO - Sync 1 DAGs
[2025-12-01T10:06:12.862+0000] {logging_mixin.py:188} INFO - [2025-12-01T10:06:12.862+0000] {dag.py:3834} INFO - Setting next_dagrun for ingestion_dag to 2025-12-01 10:06:00+00:00, run_after=2025-12-01 10:07:00+00:00
[2025-12-01T10:06:12.881+0000] {processor.py:183} INFO - Processing /opt/airflow/dags/ingestion_dag.py took 3.440 seconds
[2025-12-01T10:06:43.876+0000] {processor.py:161} INFO - Started process (PID=74911) to work on /opt/airflow/dags/ingestion_dag.py
[2025-12-01T10:06:43.879+0000] {processor.py:830} INFO - Processing file /opt/airflow/dags/ingestion_dag.py for tasks to queue
[2025-12-01T10:06:43.880+0000] {logging_mixin.py:188} INFO - [2025-12-01T10:06:43.879+0000] {dagbag.py:540} INFO - Filling up the DagBag from /opt/airflow/dags/ingestion_dag.py
[2025-12-01T10:06:45.573+0000] {logging_mixin.py:188} INFO - [2025-12-01T10:06:45.572+0000] {warnings.py:109} WARNING - /opt/airflow/dags/ingestion_dag.py:257: RemovedInAirflow3Warning: Function `days_ago` is deprecated and will be removed in Airflow 3.0. You can achieve equivalent behavior with `pendulum.today('UTC').add(days=-N, ...)`
  start_date=days_ago(1),
[2025-12-01T10:06:45.573+0000] {logging_mixin.py:188} INFO - [2025-12-01T10:06:45.573+0000] {warnings.py:109} WARNING - /opt/airflow/dags/ingestion_dag.py:254: RemovedInAirflow3Warning: Param `schedule_interval` is deprecated and will be removed in a future release. Please use `schedule` instead. 
  with DAG(
[2025-12-01T10:06:45.577+0000] {processor.py:840} INFO - DAG(s) 'ingestion_dag' retrieved from /opt/airflow/dags/ingestion_dag.py
[2025-12-01T10:06:45.610+0000] {logging_mixin.py:188} INFO - [2025-12-01T10:06:45.609+0000] {dag.py:3047} INFO - Sync 1 DAGs
[2025-12-01T10:06:45.626+0000] {logging_mixin.py:188} INFO - [2025-12-01T10:06:45.626+0000] {dag.py:3834} INFO - Setting next_dagrun for ingestion_dag to 2025-12-01 10:06:00+00:00, run_after=2025-12-01 10:07:00+00:00
[2025-12-01T10:06:45.636+0000] {processor.py:183} INFO - Processing /opt/airflow/dags/ingestion_dag.py took 1.767 seconds
[2025-12-01T10:07:16.302+0000] {processor.py:161} INFO - Started process (PID=74991) to work on /opt/airflow/dags/ingestion_dag.py
[2025-12-01T10:07:16.305+0000] {processor.py:830} INFO - Processing file /opt/airflow/dags/ingestion_dag.py for tasks to queue
[2025-12-01T10:07:16.306+0000] {logging_mixin.py:188} INFO - [2025-12-01T10:07:16.306+0000] {dagbag.py:540} INFO - Filling up the DagBag from /opt/airflow/dags/ingestion_dag.py
[2025-12-01T10:07:18.051+0000] {logging_mixin.py:188} INFO - [2025-12-01T10:07:18.050+0000] {warnings.py:109} WARNING - /opt/airflow/dags/ingestion_dag.py:257: RemovedInAirflow3Warning: Function `days_ago` is deprecated and will be removed in Airflow 3.0. You can achieve equivalent behavior with `pendulum.today('UTC').add(days=-N, ...)`
  start_date=days_ago(1),
[2025-12-01T10:07:18.051+0000] {logging_mixin.py:188} INFO - [2025-12-01T10:07:18.051+0000] {warnings.py:109} WARNING - /opt/airflow/dags/ingestion_dag.py:254: RemovedInAirflow3Warning: Param `schedule_interval` is deprecated and will be removed in a future release. Please use `schedule` instead. 
  with DAG(
[2025-12-01T10:07:18.055+0000] {processor.py:840} INFO - DAG(s) 'ingestion_dag' retrieved from /opt/airflow/dags/ingestion_dag.py
[2025-12-01T10:07:18.074+0000] {logging_mixin.py:188} INFO - [2025-12-01T10:07:18.074+0000] {dag.py:3047} INFO - Sync 1 DAGs
[2025-12-01T10:07:18.097+0000] {logging_mixin.py:188} INFO - [2025-12-01T10:07:18.096+0000] {dag.py:3834} INFO - Setting next_dagrun for ingestion_dag to 2025-12-01 10:07:00+00:00, run_after=2025-12-01 10:08:00+00:00
[2025-12-01T10:07:18.108+0000] {processor.py:183} INFO - Processing /opt/airflow/dags/ingestion_dag.py took 1.824 seconds
[2025-12-01T10:07:48.645+0000] {processor.py:161} INFO - Started process (PID=75009) to work on /opt/airflow/dags/ingestion_dag.py
[2025-12-01T10:07:48.648+0000] {processor.py:830} INFO - Processing file /opt/airflow/dags/ingestion_dag.py for tasks to queue
[2025-12-01T10:07:48.649+0000] {logging_mixin.py:188} INFO - [2025-12-01T10:07:48.648+0000] {dagbag.py:540} INFO - Filling up the DagBag from /opt/airflow/dags/ingestion_dag.py
[2025-12-01T10:07:50.153+0000] {logging_mixin.py:188} INFO - [2025-12-01T10:07:50.153+0000] {warnings.py:109} WARNING - /opt/airflow/dags/ingestion_dag.py:257: RemovedInAirflow3Warning: Function `days_ago` is deprecated and will be removed in Airflow 3.0. You can achieve equivalent behavior with `pendulum.today('UTC').add(days=-N, ...)`
  start_date=days_ago(1),
[2025-12-01T10:07:50.154+0000] {logging_mixin.py:188} INFO - [2025-12-01T10:07:50.154+0000] {warnings.py:109} WARNING - /opt/airflow/dags/ingestion_dag.py:254: RemovedInAirflow3Warning: Param `schedule_interval` is deprecated and will be removed in a future release. Please use `schedule` instead. 
  with DAG(
[2025-12-01T10:07:50.160+0000] {processor.py:840} INFO - DAG(s) 'ingestion_dag' retrieved from /opt/airflow/dags/ingestion_dag.py
[2025-12-01T10:07:50.181+0000] {logging_mixin.py:188} INFO - [2025-12-01T10:07:50.181+0000] {dag.py:3047} INFO - Sync 1 DAGs
[2025-12-01T10:07:50.200+0000] {logging_mixin.py:188} INFO - [2025-12-01T10:07:50.200+0000] {dag.py:3834} INFO - Setting next_dagrun for ingestion_dag to 2025-12-01 10:07:00+00:00, run_after=2025-12-01 10:08:00+00:00
[2025-12-01T10:07:50.210+0000] {processor.py:183} INFO - Processing /opt/airflow/dags/ingestion_dag.py took 1.579 seconds
[2025-12-01T10:08:20.506+0000] {processor.py:161} INFO - Started process (PID=75095) to work on /opt/airflow/dags/ingestion_dag.py
[2025-12-01T10:08:20.508+0000] {processor.py:830} INFO - Processing file /opt/airflow/dags/ingestion_dag.py for tasks to queue
[2025-12-01T10:08:20.509+0000] {logging_mixin.py:188} INFO - [2025-12-01T10:08:20.509+0000] {dagbag.py:540} INFO - Filling up the DagBag from /opt/airflow/dags/ingestion_dag.py
[2025-12-01T10:08:22.550+0000] {logging_mixin.py:188} INFO - [2025-12-01T10:08:22.550+0000] {warnings.py:109} WARNING - /opt/airflow/dags/ingestion_dag.py:257: RemovedInAirflow3Warning: Function `days_ago` is deprecated and will be removed in Airflow 3.0. You can achieve equivalent behavior with `pendulum.today('UTC').add(days=-N, ...)`
  start_date=days_ago(1),
[2025-12-01T10:08:22.551+0000] {logging_mixin.py:188} INFO - [2025-12-01T10:08:22.550+0000] {warnings.py:109} WARNING - /opt/airflow/dags/ingestion_dag.py:254: RemovedInAirflow3Warning: Param `schedule_interval` is deprecated and will be removed in a future release. Please use `schedule` instead. 
  with DAG(
[2025-12-01T10:08:22.555+0000] {processor.py:840} INFO - DAG(s) 'ingestion_dag' retrieved from /opt/airflow/dags/ingestion_dag.py
[2025-12-01T10:08:22.578+0000] {logging_mixin.py:188} INFO - [2025-12-01T10:08:22.578+0000] {dag.py:3047} INFO - Sync 1 DAGs
[2025-12-01T10:08:22.602+0000] {logging_mixin.py:188} INFO - [2025-12-01T10:08:22.601+0000] {dag.py:3834} INFO - Setting next_dagrun for ingestion_dag to 2025-12-01 10:08:00+00:00, run_after=2025-12-01 10:09:00+00:00
[2025-12-01T10:08:22.613+0000] {processor.py:183} INFO - Processing /opt/airflow/dags/ingestion_dag.py took 2.113 seconds
[2025-12-01T10:08:53.109+0000] {processor.py:161} INFO - Started process (PID=75113) to work on /opt/airflow/dags/ingestion_dag.py
[2025-12-01T10:08:53.111+0000] {processor.py:830} INFO - Processing file /opt/airflow/dags/ingestion_dag.py for tasks to queue
[2025-12-01T10:08:53.113+0000] {logging_mixin.py:188} INFO - [2025-12-01T10:08:53.112+0000] {dagbag.py:540} INFO - Filling up the DagBag from /opt/airflow/dags/ingestion_dag.py
[2025-12-01T10:08:54.818+0000] {logging_mixin.py:188} INFO - [2025-12-01T10:08:54.818+0000] {warnings.py:109} WARNING - /opt/airflow/dags/ingestion_dag.py:257: RemovedInAirflow3Warning: Function `days_ago` is deprecated and will be removed in Airflow 3.0. You can achieve equivalent behavior with `pendulum.today('UTC').add(days=-N, ...)`
  start_date=days_ago(1),
[2025-12-01T10:08:54.818+0000] {logging_mixin.py:188} INFO - [2025-12-01T10:08:54.818+0000] {warnings.py:109} WARNING - /opt/airflow/dags/ingestion_dag.py:254: RemovedInAirflow3Warning: Param `schedule_interval` is deprecated and will be removed in a future release. Please use `schedule` instead. 
  with DAG(
[2025-12-01T10:08:54.823+0000] {processor.py:840} INFO - DAG(s) 'ingestion_dag' retrieved from /opt/airflow/dags/ingestion_dag.py
[2025-12-01T10:08:54.878+0000] {logging_mixin.py:188} INFO - [2025-12-01T10:08:54.878+0000] {dag.py:3047} INFO - Sync 1 DAGs
[2025-12-01T10:08:54.917+0000] {logging_mixin.py:188} INFO - [2025-12-01T10:08:54.917+0000] {dag.py:3834} INFO - Setting next_dagrun for ingestion_dag to 2025-12-01 10:08:00+00:00, run_after=2025-12-01 10:09:00+00:00
[2025-12-01T10:08:54.944+0000] {processor.py:183} INFO - Processing /opt/airflow/dags/ingestion_dag.py took 1.844 seconds
[2025-12-01T10:12:38.541+0000] {processor.py:161} INFO - Started process (PID=75164) to work on /opt/airflow/dags/ingestion_dag.py
[2025-12-01T10:12:38.587+0000] {processor.py:830} INFO - Processing file /opt/airflow/dags/ingestion_dag.py for tasks to queue
[2025-12-01T10:12:38.589+0000] {logging_mixin.py:188} INFO - [2025-12-01T10:12:38.588+0000] {dagbag.py:540} INFO - Filling up the DagBag from /opt/airflow/dags/ingestion_dag.py
[2025-12-01T10:12:50.168+0000] {logging_mixin.py:188} INFO - [2025-12-01T10:12:50.142+0000] {warnings.py:109} WARNING - /opt/airflow/dags/ingestion_dag.py:257: RemovedInAirflow3Warning: Function `days_ago` is deprecated and will be removed in Airflow 3.0. You can achieve equivalent behavior with `pendulum.today('UTC').add(days=-N, ...)`
  start_date=days_ago(1),
[2025-12-01T10:12:50.183+0000] {logging_mixin.py:188} INFO - [2025-12-01T10:12:50.182+0000] {warnings.py:109} WARNING - /opt/airflow/dags/ingestion_dag.py:254: RemovedInAirflow3Warning: Param `schedule_interval` is deprecated and will be removed in a future release. Please use `schedule` instead. 
  with DAG(
[2025-12-01T10:12:50.470+0000] {processor.py:840} INFO - DAG(s) 'ingestion_dag' retrieved from /opt/airflow/dags/ingestion_dag.py
[2025-12-01T10:12:51.066+0000] {logging_mixin.py:188} INFO - [2025-12-01T10:12:51.058+0000] {dag.py:3047} INFO - Sync 1 DAGs
[2025-12-01T10:12:51.489+0000] {logging_mixin.py:188} INFO - [2025-12-01T10:12:51.478+0000] {dag.py:3834} INFO - Setting next_dagrun for ingestion_dag to 2025-12-01 10:12:00+00:00, run_after=2025-12-01 10:13:00+00:00
[2025-12-01T10:12:51.930+0000] {processor.py:183} INFO - Processing /opt/airflow/dags/ingestion_dag.py took 13.434 seconds
[2025-12-01T10:13:22.355+0000] {processor.py:161} INFO - Started process (PID=75388) to work on /opt/airflow/dags/ingestion_dag.py
[2025-12-01T10:13:22.357+0000] {processor.py:830} INFO - Processing file /opt/airflow/dags/ingestion_dag.py for tasks to queue
[2025-12-01T10:13:22.358+0000] {logging_mixin.py:188} INFO - [2025-12-01T10:13:22.358+0000] {dagbag.py:540} INFO - Filling up the DagBag from /opt/airflow/dags/ingestion_dag.py
[2025-12-01T10:13:25.527+0000] {logging_mixin.py:188} INFO - [2025-12-01T10:13:25.526+0000] {warnings.py:109} WARNING - /opt/airflow/dags/ingestion_dag.py:257: RemovedInAirflow3Warning: Function `days_ago` is deprecated and will be removed in Airflow 3.0. You can achieve equivalent behavior with `pendulum.today('UTC').add(days=-N, ...)`
  start_date=days_ago(1),
[2025-12-01T10:13:25.528+0000] {logging_mixin.py:188} INFO - [2025-12-01T10:13:25.527+0000] {warnings.py:109} WARNING - /opt/airflow/dags/ingestion_dag.py:254: RemovedInAirflow3Warning: Param `schedule_interval` is deprecated and will be removed in a future release. Please use `schedule` instead. 
  with DAG(
[2025-12-01T10:13:25.536+0000] {processor.py:840} INFO - DAG(s) 'ingestion_dag' retrieved from /opt/airflow/dags/ingestion_dag.py
[2025-12-01T10:13:25.592+0000] {logging_mixin.py:188} INFO - [2025-12-01T10:13:25.592+0000] {dag.py:3047} INFO - Sync 1 DAGs
[2025-12-01T10:13:25.650+0000] {logging_mixin.py:188} INFO - [2025-12-01T10:13:25.650+0000] {dag.py:3834} INFO - Setting next_dagrun for ingestion_dag to 2025-12-01 10:13:00+00:00, run_after=2025-12-01 10:14:00+00:00
[2025-12-01T10:13:25.694+0000] {processor.py:183} INFO - Processing /opt/airflow/dags/ingestion_dag.py took 3.345 seconds
[2025-12-01T10:13:56.127+0000] {processor.py:161} INFO - Started process (PID=75436) to work on /opt/airflow/dags/ingestion_dag.py
[2025-12-01T10:13:56.130+0000] {processor.py:830} INFO - Processing file /opt/airflow/dags/ingestion_dag.py for tasks to queue
[2025-12-01T10:13:56.131+0000] {logging_mixin.py:188} INFO - [2025-12-01T10:13:56.131+0000] {dagbag.py:540} INFO - Filling up the DagBag from /opt/airflow/dags/ingestion_dag.py
[2025-12-01T10:13:57.783+0000] {logging_mixin.py:188} INFO - [2025-12-01T10:13:57.782+0000] {warnings.py:109} WARNING - /opt/airflow/dags/ingestion_dag.py:257: RemovedInAirflow3Warning: Function `days_ago` is deprecated and will be removed in Airflow 3.0. You can achieve equivalent behavior with `pendulum.today('UTC').add(days=-N, ...)`
  start_date=days_ago(1),
[2025-12-01T10:13:57.783+0000] {logging_mixin.py:188} INFO - [2025-12-01T10:13:57.783+0000] {warnings.py:109} WARNING - /opt/airflow/dags/ingestion_dag.py:254: RemovedInAirflow3Warning: Param `schedule_interval` is deprecated and will be removed in a future release. Please use `schedule` instead. 
  with DAG(
[2025-12-01T10:13:57.787+0000] {processor.py:840} INFO - DAG(s) 'ingestion_dag' retrieved from /opt/airflow/dags/ingestion_dag.py
[2025-12-01T10:13:57.815+0000] {logging_mixin.py:188} INFO - [2025-12-01T10:13:57.815+0000] {dag.py:3047} INFO - Sync 1 DAGs
[2025-12-01T10:13:57.832+0000] {logging_mixin.py:188} INFO - [2025-12-01T10:13:57.832+0000] {dag.py:3834} INFO - Setting next_dagrun for ingestion_dag to 2025-12-01 10:13:00+00:00, run_after=2025-12-01 10:14:00+00:00
[2025-12-01T10:13:57.841+0000] {processor.py:183} INFO - Processing /opt/airflow/dags/ingestion_dag.py took 1.723 seconds
[2025-12-01T10:14:28.590+0000] {processor.py:161} INFO - Started process (PID=75522) to work on /opt/airflow/dags/ingestion_dag.py
[2025-12-01T10:14:28.593+0000] {processor.py:830} INFO - Processing file /opt/airflow/dags/ingestion_dag.py for tasks to queue
[2025-12-01T10:14:28.594+0000] {logging_mixin.py:188} INFO - [2025-12-01T10:14:28.593+0000] {dagbag.py:540} INFO - Filling up the DagBag from /opt/airflow/dags/ingestion_dag.py
[2025-12-01T10:14:30.284+0000] {logging_mixin.py:188} INFO - [2025-12-01T10:14:30.283+0000] {warnings.py:109} WARNING - /opt/airflow/dags/ingestion_dag.py:257: RemovedInAirflow3Warning: Function `days_ago` is deprecated and will be removed in Airflow 3.0. You can achieve equivalent behavior with `pendulum.today('UTC').add(days=-N, ...)`
  start_date=days_ago(1),
[2025-12-01T10:14:30.284+0000] {logging_mixin.py:188} INFO - [2025-12-01T10:14:30.284+0000] {warnings.py:109} WARNING - /opt/airflow/dags/ingestion_dag.py:254: RemovedInAirflow3Warning: Param `schedule_interval` is deprecated and will be removed in a future release. Please use `schedule` instead. 
  with DAG(
[2025-12-01T10:14:30.289+0000] {processor.py:840} INFO - DAG(s) 'ingestion_dag' retrieved from /opt/airflow/dags/ingestion_dag.py
[2025-12-01T10:14:30.325+0000] {logging_mixin.py:188} INFO - [2025-12-01T10:14:30.325+0000] {dag.py:3047} INFO - Sync 1 DAGs
[2025-12-01T10:14:30.343+0000] {logging_mixin.py:188} INFO - [2025-12-01T10:14:30.343+0000] {dag.py:3834} INFO - Setting next_dagrun for ingestion_dag to 2025-12-01 10:14:00+00:00, run_after=2025-12-01 10:15:00+00:00
[2025-12-01T10:14:30.354+0000] {processor.py:183} INFO - Processing /opt/airflow/dags/ingestion_dag.py took 1.773 seconds
[2025-12-01T10:15:01.022+0000] {processor.py:161} INFO - Started process (PID=75541) to work on /opt/airflow/dags/ingestion_dag.py
[2025-12-01T10:15:01.024+0000] {processor.py:830} INFO - Processing file /opt/airflow/dags/ingestion_dag.py for tasks to queue
[2025-12-01T10:15:01.029+0000] {logging_mixin.py:188} INFO - [2025-12-01T10:15:01.027+0000] {dagbag.py:540} INFO - Filling up the DagBag from /opt/airflow/dags/ingestion_dag.py
[2025-12-01T10:15:02.683+0000] {logging_mixin.py:188} INFO - [2025-12-01T10:15:02.682+0000] {warnings.py:109} WARNING - /opt/airflow/dags/ingestion_dag.py:257: RemovedInAirflow3Warning: Function `days_ago` is deprecated and will be removed in Airflow 3.0. You can achieve equivalent behavior with `pendulum.today('UTC').add(days=-N, ...)`
  start_date=days_ago(1),
[2025-12-01T10:15:02.683+0000] {logging_mixin.py:188} INFO - [2025-12-01T10:15:02.683+0000] {warnings.py:109} WARNING - /opt/airflow/dags/ingestion_dag.py:254: RemovedInAirflow3Warning: Param `schedule_interval` is deprecated and will be removed in a future release. Please use `schedule` instead. 
  with DAG(
[2025-12-01T10:15:02.688+0000] {processor.py:840} INFO - DAG(s) 'ingestion_dag' retrieved from /opt/airflow/dags/ingestion_dag.py
[2025-12-01T10:15:02.720+0000] {logging_mixin.py:188} INFO - [2025-12-01T10:15:02.720+0000] {dag.py:3047} INFO - Sync 1 DAGs
[2025-12-01T10:15:02.740+0000] {logging_mixin.py:188} INFO - [2025-12-01T10:15:02.740+0000] {dag.py:3834} INFO - Setting next_dagrun for ingestion_dag to 2025-12-01 10:15:00+00:00, run_after=2025-12-01 10:16:00+00:00
[2025-12-01T10:15:02.756+0000] {processor.py:183} INFO - Processing /opt/airflow/dags/ingestion_dag.py took 1.743 seconds
[2025-12-01T10:15:33.468+0000] {processor.py:161} INFO - Started process (PID=75620) to work on /opt/airflow/dags/ingestion_dag.py
[2025-12-01T10:15:33.470+0000] {processor.py:830} INFO - Processing file /opt/airflow/dags/ingestion_dag.py for tasks to queue
[2025-12-01T10:15:33.471+0000] {logging_mixin.py:188} INFO - [2025-12-01T10:15:33.471+0000] {dagbag.py:540} INFO - Filling up the DagBag from /opt/airflow/dags/ingestion_dag.py
[2025-12-01T10:15:35.413+0000] {logging_mixin.py:188} INFO - [2025-12-01T10:15:35.412+0000] {warnings.py:109} WARNING - /opt/airflow/dags/ingestion_dag.py:257: RemovedInAirflow3Warning: Function `days_ago` is deprecated and will be removed in Airflow 3.0. You can achieve equivalent behavior with `pendulum.today('UTC').add(days=-N, ...)`
  start_date=days_ago(1),
[2025-12-01T10:15:35.415+0000] {logging_mixin.py:188} INFO - [2025-12-01T10:15:35.415+0000] {warnings.py:109} WARNING - /opt/airflow/dags/ingestion_dag.py:254: RemovedInAirflow3Warning: Param `schedule_interval` is deprecated and will be removed in a future release. Please use `schedule` instead. 
  with DAG(
[2025-12-01T10:15:35.431+0000] {processor.py:840} INFO - DAG(s) 'ingestion_dag' retrieved from /opt/airflow/dags/ingestion_dag.py
[2025-12-01T10:15:35.495+0000] {logging_mixin.py:188} INFO - [2025-12-01T10:15:35.495+0000] {dag.py:3047} INFO - Sync 1 DAGs
[2025-12-01T10:15:35.534+0000] {logging_mixin.py:188} INFO - [2025-12-01T10:15:35.534+0000] {dag.py:3834} INFO - Setting next_dagrun for ingestion_dag to 2025-12-01 10:15:00+00:00, run_after=2025-12-01 10:16:00+00:00
[2025-12-01T10:15:35.569+0000] {processor.py:183} INFO - Processing /opt/airflow/dags/ingestion_dag.py took 2.114 seconds
[2025-12-01T10:16:06.060+0000] {processor.py:161} INFO - Started process (PID=75665) to work on /opt/airflow/dags/ingestion_dag.py
[2025-12-01T10:16:06.067+0000] {processor.py:830} INFO - Processing file /opt/airflow/dags/ingestion_dag.py for tasks to queue
[2025-12-01T10:16:06.069+0000] {logging_mixin.py:188} INFO - [2025-12-01T10:16:06.068+0000] {dagbag.py:540} INFO - Filling up the DagBag from /opt/airflow/dags/ingestion_dag.py
[2025-12-01T10:16:07.794+0000] {logging_mixin.py:188} INFO - [2025-12-01T10:16:07.793+0000] {warnings.py:109} WARNING - /opt/airflow/dags/ingestion_dag.py:257: RemovedInAirflow3Warning: Function `days_ago` is deprecated and will be removed in Airflow 3.0. You can achieve equivalent behavior with `pendulum.today('UTC').add(days=-N, ...)`
  start_date=days_ago(1),
[2025-12-01T10:16:07.795+0000] {logging_mixin.py:188} INFO - [2025-12-01T10:16:07.795+0000] {warnings.py:109} WARNING - /opt/airflow/dags/ingestion_dag.py:254: RemovedInAirflow3Warning: Param `schedule_interval` is deprecated and will be removed in a future release. Please use `schedule` instead. 
  with DAG(
[2025-12-01T10:16:07.800+0000] {processor.py:840} INFO - DAG(s) 'ingestion_dag' retrieved from /opt/airflow/dags/ingestion_dag.py
[2025-12-01T10:16:07.842+0000] {logging_mixin.py:188} INFO - [2025-12-01T10:16:07.842+0000] {dag.py:3047} INFO - Sync 1 DAGs
[2025-12-01T10:16:07.874+0000] {logging_mixin.py:188} INFO - [2025-12-01T10:16:07.874+0000] {dag.py:3834} INFO - Setting next_dagrun for ingestion_dag to 2025-12-01 10:16:00+00:00, run_after=2025-12-01 10:17:00+00:00
[2025-12-01T10:16:07.887+0000] {processor.py:183} INFO - Processing /opt/airflow/dags/ingestion_dag.py took 1.834 seconds
[2025-12-01T10:16:38.564+0000] {processor.py:161} INFO - Started process (PID=75724) to work on /opt/airflow/dags/ingestion_dag.py
[2025-12-01T10:16:38.567+0000] {processor.py:830} INFO - Processing file /opt/airflow/dags/ingestion_dag.py for tasks to queue
[2025-12-01T10:16:38.568+0000] {logging_mixin.py:188} INFO - [2025-12-01T10:16:38.567+0000] {dagbag.py:540} INFO - Filling up the DagBag from /opt/airflow/dags/ingestion_dag.py
[2025-12-01T10:16:40.182+0000] {logging_mixin.py:188} INFO - [2025-12-01T10:16:40.182+0000] {warnings.py:109} WARNING - /opt/airflow/dags/ingestion_dag.py:257: RemovedInAirflow3Warning: Function `days_ago` is deprecated and will be removed in Airflow 3.0. You can achieve equivalent behavior with `pendulum.today('UTC').add(days=-N, ...)`
  start_date=days_ago(1),
[2025-12-01T10:16:40.183+0000] {logging_mixin.py:188} INFO - [2025-12-01T10:16:40.183+0000] {warnings.py:109} WARNING - /opt/airflow/dags/ingestion_dag.py:254: RemovedInAirflow3Warning: Param `schedule_interval` is deprecated and will be removed in a future release. Please use `schedule` instead. 
  with DAG(
[2025-12-01T10:16:40.187+0000] {processor.py:840} INFO - DAG(s) 'ingestion_dag' retrieved from /opt/airflow/dags/ingestion_dag.py
[2025-12-01T10:16:40.215+0000] {logging_mixin.py:188} INFO - [2025-12-01T10:16:40.215+0000] {dag.py:3047} INFO - Sync 1 DAGs
[2025-12-01T10:16:40.231+0000] {logging_mixin.py:188} INFO - [2025-12-01T10:16:40.231+0000] {dag.py:3834} INFO - Setting next_dagrun for ingestion_dag to 2025-12-01 10:16:00+00:00, run_after=2025-12-01 10:17:00+00:00
[2025-12-01T10:16:40.240+0000] {processor.py:183} INFO - Processing /opt/airflow/dags/ingestion_dag.py took 1.691 seconds
[2025-12-01T10:17:10.719+0000] {processor.py:161} INFO - Started process (PID=75804) to work on /opt/airflow/dags/ingestion_dag.py
[2025-12-01T10:17:10.721+0000] {processor.py:830} INFO - Processing file /opt/airflow/dags/ingestion_dag.py for tasks to queue
[2025-12-01T10:17:10.723+0000] {logging_mixin.py:188} INFO - [2025-12-01T10:17:10.722+0000] {dagbag.py:540} INFO - Filling up the DagBag from /opt/airflow/dags/ingestion_dag.py
[2025-12-01T10:17:12.389+0000] {logging_mixin.py:188} INFO - [2025-12-01T10:17:12.389+0000] {warnings.py:109} WARNING - /opt/airflow/dags/ingestion_dag.py:257: RemovedInAirflow3Warning: Function `days_ago` is deprecated and will be removed in Airflow 3.0. You can achieve equivalent behavior with `pendulum.today('UTC').add(days=-N, ...)`
  start_date=days_ago(1),
[2025-12-01T10:17:12.390+0000] {logging_mixin.py:188} INFO - [2025-12-01T10:17:12.390+0000] {warnings.py:109} WARNING - /opt/airflow/dags/ingestion_dag.py:254: RemovedInAirflow3Warning: Param `schedule_interval` is deprecated and will be removed in a future release. Please use `schedule` instead. 
  with DAG(
[2025-12-01T10:17:12.394+0000] {processor.py:840} INFO - DAG(s) 'ingestion_dag' retrieved from /opt/airflow/dags/ingestion_dag.py
[2025-12-01T10:17:12.412+0000] {logging_mixin.py:188} INFO - [2025-12-01T10:17:12.412+0000] {dag.py:3047} INFO - Sync 1 DAGs
[2025-12-01T10:17:12.427+0000] {logging_mixin.py:188} INFO - [2025-12-01T10:17:12.427+0000] {dag.py:3834} INFO - Setting next_dagrun for ingestion_dag to 2025-12-01 10:17:00+00:00, run_after=2025-12-01 10:18:00+00:00
[2025-12-01T10:17:12.437+0000] {processor.py:183} INFO - Processing /opt/airflow/dags/ingestion_dag.py took 1.725 seconds
[2025-12-01T10:17:43.385+0000] {processor.py:161} INFO - Started process (PID=75822) to work on /opt/airflow/dags/ingestion_dag.py
[2025-12-01T10:17:43.387+0000] {processor.py:830} INFO - Processing file /opt/airflow/dags/ingestion_dag.py for tasks to queue
[2025-12-01T10:17:43.391+0000] {logging_mixin.py:188} INFO - [2025-12-01T10:17:43.388+0000] {dagbag.py:540} INFO - Filling up the DagBag from /opt/airflow/dags/ingestion_dag.py
[2025-12-01T10:17:45.201+0000] {logging_mixin.py:188} INFO - [2025-12-01T10:17:45.200+0000] {warnings.py:109} WARNING - /opt/airflow/dags/ingestion_dag.py:257: RemovedInAirflow3Warning: Function `days_ago` is deprecated and will be removed in Airflow 3.0. You can achieve equivalent behavior with `pendulum.today('UTC').add(days=-N, ...)`
  start_date=days_ago(1),
[2025-12-01T10:17:45.202+0000] {logging_mixin.py:188} INFO - [2025-12-01T10:17:45.202+0000] {warnings.py:109} WARNING - /opt/airflow/dags/ingestion_dag.py:254: RemovedInAirflow3Warning: Param `schedule_interval` is deprecated and will be removed in a future release. Please use `schedule` instead. 
  with DAG(
[2025-12-01T10:17:45.207+0000] {processor.py:840} INFO - DAG(s) 'ingestion_dag' retrieved from /opt/airflow/dags/ingestion_dag.py
[2025-12-01T10:17:45.237+0000] {logging_mixin.py:188} INFO - [2025-12-01T10:17:45.237+0000] {dag.py:3047} INFO - Sync 1 DAGs
[2025-12-01T10:17:45.259+0000] {logging_mixin.py:188} INFO - [2025-12-01T10:17:45.259+0000] {dag.py:3834} INFO - Setting next_dagrun for ingestion_dag to 2025-12-01 10:17:00+00:00, run_after=2025-12-01 10:18:00+00:00
[2025-12-01T10:17:45.275+0000] {processor.py:183} INFO - Processing /opt/airflow/dags/ingestion_dag.py took 1.897 seconds
[2025-12-01T10:18:15.916+0000] {processor.py:161} INFO - Started process (PID=75908) to work on /opt/airflow/dags/ingestion_dag.py
[2025-12-01T10:18:15.918+0000] {processor.py:830} INFO - Processing file /opt/airflow/dags/ingestion_dag.py for tasks to queue
[2025-12-01T10:18:15.919+0000] {logging_mixin.py:188} INFO - [2025-12-01T10:18:15.919+0000] {dagbag.py:540} INFO - Filling up the DagBag from /opt/airflow/dags/ingestion_dag.py
[2025-12-01T10:18:17.583+0000] {logging_mixin.py:188} INFO - [2025-12-01T10:18:17.583+0000] {warnings.py:109} WARNING - /opt/airflow/dags/ingestion_dag.py:257: RemovedInAirflow3Warning: Function `days_ago` is deprecated and will be removed in Airflow 3.0. You can achieve equivalent behavior with `pendulum.today('UTC').add(days=-N, ...)`
  start_date=days_ago(1),
[2025-12-01T10:18:17.584+0000] {logging_mixin.py:188} INFO - [2025-12-01T10:18:17.583+0000] {warnings.py:109} WARNING - /opt/airflow/dags/ingestion_dag.py:254: RemovedInAirflow3Warning: Param `schedule_interval` is deprecated and will be removed in a future release. Please use `schedule` instead. 
  with DAG(
[2025-12-01T10:18:17.588+0000] {processor.py:840} INFO - DAG(s) 'ingestion_dag' retrieved from /opt/airflow/dags/ingestion_dag.py
[2025-12-01T10:18:17.605+0000] {logging_mixin.py:188} INFO - [2025-12-01T10:18:17.605+0000] {dag.py:3047} INFO - Sync 1 DAGs
[2025-12-01T10:18:17.619+0000] {logging_mixin.py:188} INFO - [2025-12-01T10:18:17.619+0000] {dag.py:3834} INFO - Setting next_dagrun for ingestion_dag to 2025-12-01 10:18:00+00:00, run_after=2025-12-01 10:19:00+00:00
[2025-12-01T10:18:17.628+0000] {processor.py:183} INFO - Processing /opt/airflow/dags/ingestion_dag.py took 1.728 seconds
[2025-12-01T10:18:47.657+0000] {processor.py:161} INFO - Started process (PID=75931) to work on /opt/airflow/dags/ingestion_dag.py
[2025-12-01T10:18:47.657+0000] {processor.py:830} INFO - Processing file /opt/airflow/dags/ingestion_dag.py for tasks to queue
[2025-12-01T10:18:47.658+0000] {logging_mixin.py:188} INFO - [2025-12-01T10:18:47.658+0000] {dagbag.py:540} INFO - Filling up the DagBag from /opt/airflow/dags/ingestion_dag.py
[2025-12-01T10:18:49.177+0000] {logging_mixin.py:188} INFO - [2025-12-01T10:18:49.177+0000] {warnings.py:109} WARNING - /opt/airflow/dags/ingestion_dag.py:257: RemovedInAirflow3Warning: Function `days_ago` is deprecated and will be removed in Airflow 3.0. You can achieve equivalent behavior with `pendulum.today('UTC').add(days=-N, ...)`
  start_date=days_ago(1),
[2025-12-01T10:18:49.177+0000] {logging_mixin.py:188} INFO - [2025-12-01T10:18:49.177+0000] {warnings.py:109} WARNING - /opt/airflow/dags/ingestion_dag.py:254: RemovedInAirflow3Warning: Param `schedule_interval` is deprecated and will be removed in a future release. Please use `schedule` instead. 
  with DAG(
[2025-12-01T10:18:49.181+0000] {processor.py:840} INFO - DAG(s) 'ingestion_dag' retrieved from /opt/airflow/dags/ingestion_dag.py
[2025-12-01T10:18:49.201+0000] {logging_mixin.py:188} INFO - [2025-12-01T10:18:49.201+0000] {dag.py:3047} INFO - Sync 1 DAGs
[2025-12-01T10:18:49.215+0000] {logging_mixin.py:188} INFO - [2025-12-01T10:18:49.215+0000] {dag.py:3834} INFO - Setting next_dagrun for ingestion_dag to 2025-12-01 10:18:00+00:00, run_after=2025-12-01 10:19:00+00:00
[2025-12-01T10:18:49.225+0000] {processor.py:183} INFO - Processing /opt/airflow/dags/ingestion_dag.py took 1.570 seconds
[2025-12-01T10:19:20.054+0000] {processor.py:161} INFO - Started process (PID=76011) to work on /opt/airflow/dags/ingestion_dag.py
[2025-12-01T10:19:20.055+0000] {processor.py:830} INFO - Processing file /opt/airflow/dags/ingestion_dag.py for tasks to queue
[2025-12-01T10:19:20.056+0000] {logging_mixin.py:188} INFO - [2025-12-01T10:19:20.056+0000] {dagbag.py:540} INFO - Filling up the DagBag from /opt/airflow/dags/ingestion_dag.py
[2025-12-01T10:19:21.725+0000] {logging_mixin.py:188} INFO - [2025-12-01T10:19:21.725+0000] {warnings.py:109} WARNING - /opt/airflow/dags/ingestion_dag.py:257: RemovedInAirflow3Warning: Function `days_ago` is deprecated and will be removed in Airflow 3.0. You can achieve equivalent behavior with `pendulum.today('UTC').add(days=-N, ...)`
  start_date=days_ago(1),
[2025-12-01T10:19:21.725+0000] {logging_mixin.py:188} INFO - [2025-12-01T10:19:21.725+0000] {warnings.py:109} WARNING - /opt/airflow/dags/ingestion_dag.py:254: RemovedInAirflow3Warning: Param `schedule_interval` is deprecated and will be removed in a future release. Please use `schedule` instead. 
  with DAG(
[2025-12-01T10:19:21.734+0000] {processor.py:840} INFO - DAG(s) 'ingestion_dag' retrieved from /opt/airflow/dags/ingestion_dag.py
[2025-12-01T10:19:21.767+0000] {logging_mixin.py:188} INFO - [2025-12-01T10:19:21.767+0000] {dag.py:3047} INFO - Sync 1 DAGs
[2025-12-01T10:19:21.783+0000] {logging_mixin.py:188} INFO - [2025-12-01T10:19:21.783+0000] {dag.py:3834} INFO - Setting next_dagrun for ingestion_dag to 2025-12-01 10:19:00+00:00, run_after=2025-12-01 10:20:00+00:00
[2025-12-01T10:19:21.793+0000] {processor.py:183} INFO - Processing /opt/airflow/dags/ingestion_dag.py took 1.749 seconds
[2025-12-01T10:19:52.811+0000] {processor.py:161} INFO - Started process (PID=76029) to work on /opt/airflow/dags/ingestion_dag.py
[2025-12-01T10:19:52.814+0000] {processor.py:830} INFO - Processing file /opt/airflow/dags/ingestion_dag.py for tasks to queue
[2025-12-01T10:19:52.818+0000] {logging_mixin.py:188} INFO - [2025-12-01T10:19:52.817+0000] {dagbag.py:540} INFO - Filling up the DagBag from /opt/airflow/dags/ingestion_dag.py
[2025-12-01T10:19:55.831+0000] {logging_mixin.py:188} INFO - [2025-12-01T10:19:55.830+0000] {warnings.py:109} WARNING - /opt/airflow/dags/ingestion_dag.py:257: RemovedInAirflow3Warning: Function `days_ago` is deprecated and will be removed in Airflow 3.0. You can achieve equivalent behavior with `pendulum.today('UTC').add(days=-N, ...)`
  start_date=days_ago(1),
[2025-12-01T10:19:55.831+0000] {logging_mixin.py:188} INFO - [2025-12-01T10:19:55.831+0000] {warnings.py:109} WARNING - /opt/airflow/dags/ingestion_dag.py:254: RemovedInAirflow3Warning: Param `schedule_interval` is deprecated and will be removed in a future release. Please use `schedule` instead. 
  with DAG(
[2025-12-01T10:19:55.844+0000] {processor.py:840} INFO - DAG(s) 'ingestion_dag' retrieved from /opt/airflow/dags/ingestion_dag.py
[2025-12-01T10:19:55.904+0000] {logging_mixin.py:188} INFO - [2025-12-01T10:19:55.904+0000] {dag.py:3047} INFO - Sync 1 DAGs
[2025-12-01T10:19:55.942+0000] {logging_mixin.py:188} INFO - [2025-12-01T10:19:55.941+0000] {dag.py:3834} INFO - Setting next_dagrun for ingestion_dag to 2025-12-01 10:19:00+00:00, run_after=2025-12-01 10:20:00+00:00
[2025-12-01T10:19:55.958+0000] {processor.py:183} INFO - Processing /opt/airflow/dags/ingestion_dag.py took 3.166 seconds
[2025-12-01T10:20:26.851+0000] {processor.py:161} INFO - Started process (PID=76115) to work on /opt/airflow/dags/ingestion_dag.py
[2025-12-01T10:20:26.854+0000] {processor.py:830} INFO - Processing file /opt/airflow/dags/ingestion_dag.py for tasks to queue
[2025-12-01T10:20:26.856+0000] {logging_mixin.py:188} INFO - [2025-12-01T10:20:26.855+0000] {dagbag.py:540} INFO - Filling up the DagBag from /opt/airflow/dags/ingestion_dag.py
[2025-12-01T10:20:28.686+0000] {logging_mixin.py:188} INFO - [2025-12-01T10:20:28.685+0000] {warnings.py:109} WARNING - /opt/airflow/dags/ingestion_dag.py:257: RemovedInAirflow3Warning: Function `days_ago` is deprecated and will be removed in Airflow 3.0. You can achieve equivalent behavior with `pendulum.today('UTC').add(days=-N, ...)`
  start_date=days_ago(1),
[2025-12-01T10:20:28.686+0000] {logging_mixin.py:188} INFO - [2025-12-01T10:20:28.686+0000] {warnings.py:109} WARNING - /opt/airflow/dags/ingestion_dag.py:254: RemovedInAirflow3Warning: Param `schedule_interval` is deprecated and will be removed in a future release. Please use `schedule` instead. 
  with DAG(
[2025-12-01T10:20:28.691+0000] {processor.py:840} INFO - DAG(s) 'ingestion_dag' retrieved from /opt/airflow/dags/ingestion_dag.py
[2025-12-01T10:20:28.723+0000] {logging_mixin.py:188} INFO - [2025-12-01T10:20:28.723+0000] {dag.py:3047} INFO - Sync 1 DAGs
[2025-12-01T10:20:28.741+0000] {logging_mixin.py:188} INFO - [2025-12-01T10:20:28.741+0000] {dag.py:3834} INFO - Setting next_dagrun for ingestion_dag to 2025-12-01 10:20:00+00:00, run_after=2025-12-01 10:21:00+00:00
[2025-12-01T10:20:28.756+0000] {processor.py:183} INFO - Processing /opt/airflow/dags/ingestion_dag.py took 1.919 seconds
[2025-12-01T10:20:59.578+0000] {processor.py:161} INFO - Started process (PID=76133) to work on /opt/airflow/dags/ingestion_dag.py
[2025-12-01T10:20:59.580+0000] {processor.py:830} INFO - Processing file /opt/airflow/dags/ingestion_dag.py for tasks to queue
[2025-12-01T10:20:59.581+0000] {logging_mixin.py:188} INFO - [2025-12-01T10:20:59.581+0000] {dagbag.py:540} INFO - Filling up the DagBag from /opt/airflow/dags/ingestion_dag.py
[2025-12-01T10:21:02.060+0000] {logging_mixin.py:188} INFO - [2025-12-01T10:21:02.059+0000] {warnings.py:109} WARNING - /opt/airflow/dags/ingestion_dag.py:257: RemovedInAirflow3Warning: Function `days_ago` is deprecated and will be removed in Airflow 3.0. You can achieve equivalent behavior with `pendulum.today('UTC').add(days=-N, ...)`
  start_date=days_ago(1),
[2025-12-01T10:21:02.063+0000] {logging_mixin.py:188} INFO - [2025-12-01T10:21:02.063+0000] {warnings.py:109} WARNING - /opt/airflow/dags/ingestion_dag.py:254: RemovedInAirflow3Warning: Param `schedule_interval` is deprecated and will be removed in a future release. Please use `schedule` instead. 
  with DAG(
[2025-12-01T10:21:02.083+0000] {processor.py:840} INFO - DAG(s) 'ingestion_dag' retrieved from /opt/airflow/dags/ingestion_dag.py
[2025-12-01T10:21:02.145+0000] {logging_mixin.py:188} INFO - [2025-12-01T10:21:02.145+0000] {dag.py:3047} INFO - Sync 1 DAGs
[2025-12-01T10:21:02.211+0000] {logging_mixin.py:188} INFO - [2025-12-01T10:21:02.211+0000] {dag.py:3834} INFO - Setting next_dagrun for ingestion_dag to 2025-12-01 10:21:00+00:00, run_after=2025-12-01 10:22:00+00:00
[2025-12-01T10:21:02.233+0000] {processor.py:183} INFO - Processing /opt/airflow/dags/ingestion_dag.py took 2.663 seconds
[2025-12-01T10:21:33.223+0000] {processor.py:161} INFO - Started process (PID=76213) to work on /opt/airflow/dags/ingestion_dag.py
[2025-12-01T10:21:33.228+0000] {processor.py:830} INFO - Processing file /opt/airflow/dags/ingestion_dag.py for tasks to queue
[2025-12-01T10:21:33.233+0000] {logging_mixin.py:188} INFO - [2025-12-01T10:21:33.231+0000] {dagbag.py:540} INFO - Filling up the DagBag from /opt/airflow/dags/ingestion_dag.py
[2025-12-01T10:21:36.744+0000] {logging_mixin.py:188} INFO - [2025-12-01T10:21:36.743+0000] {warnings.py:109} WARNING - /opt/airflow/dags/ingestion_dag.py:257: RemovedInAirflow3Warning: Function `days_ago` is deprecated and will be removed in Airflow 3.0. You can achieve equivalent behavior with `pendulum.today('UTC').add(days=-N, ...)`
  start_date=days_ago(1),
[2025-12-01T10:21:36.745+0000] {logging_mixin.py:188} INFO - [2025-12-01T10:21:36.744+0000] {warnings.py:109} WARNING - /opt/airflow/dags/ingestion_dag.py:254: RemovedInAirflow3Warning: Param `schedule_interval` is deprecated and will be removed in a future release. Please use `schedule` instead. 
  with DAG(
[2025-12-01T10:21:36.752+0000] {processor.py:840} INFO - DAG(s) 'ingestion_dag' retrieved from /opt/airflow/dags/ingestion_dag.py
[2025-12-01T10:21:36.806+0000] {logging_mixin.py:188} INFO - [2025-12-01T10:21:36.805+0000] {dag.py:3047} INFO - Sync 1 DAGs
[2025-12-01T10:21:36.834+0000] {logging_mixin.py:188} INFO - [2025-12-01T10:21:36.834+0000] {dag.py:3834} INFO - Setting next_dagrun for ingestion_dag to 2025-12-01 10:21:00+00:00, run_after=2025-12-01 10:22:00+00:00
[2025-12-01T10:21:36.848+0000] {processor.py:183} INFO - Processing /opt/airflow/dags/ingestion_dag.py took 3.644 seconds
[2025-12-01T10:22:07.053+0000] {processor.py:161} INFO - Started process (PID=76257) to work on /opt/airflow/dags/ingestion_dag.py
[2025-12-01T10:22:07.055+0000] {processor.py:830} INFO - Processing file /opt/airflow/dags/ingestion_dag.py for tasks to queue
[2025-12-01T10:22:07.056+0000] {logging_mixin.py:188} INFO - [2025-12-01T10:22:07.056+0000] {dagbag.py:540} INFO - Filling up the DagBag from /opt/airflow/dags/ingestion_dag.py
[2025-12-01T10:22:09.131+0000] {logging_mixin.py:188} INFO - [2025-12-01T10:22:09.131+0000] {warnings.py:109} WARNING - /opt/airflow/dags/ingestion_dag.py:257: RemovedInAirflow3Warning: Function `days_ago` is deprecated and will be removed in Airflow 3.0. You can achieve equivalent behavior with `pendulum.today('UTC').add(days=-N, ...)`
  start_date=days_ago(1),
[2025-12-01T10:22:09.132+0000] {logging_mixin.py:188} INFO - [2025-12-01T10:22:09.132+0000] {warnings.py:109} WARNING - /opt/airflow/dags/ingestion_dag.py:254: RemovedInAirflow3Warning: Param `schedule_interval` is deprecated and will be removed in a future release. Please use `schedule` instead. 
  with DAG(
[2025-12-01T10:22:09.138+0000] {processor.py:840} INFO - DAG(s) 'ingestion_dag' retrieved from /opt/airflow/dags/ingestion_dag.py
[2025-12-01T10:22:09.173+0000] {logging_mixin.py:188} INFO - [2025-12-01T10:22:09.173+0000] {dag.py:3047} INFO - Sync 1 DAGs
[2025-12-01T10:22:09.207+0000] {logging_mixin.py:188} INFO - [2025-12-01T10:22:09.207+0000] {dag.py:3834} INFO - Setting next_dagrun for ingestion_dag to 2025-12-01 10:22:00+00:00, run_after=2025-12-01 10:23:00+00:00
[2025-12-01T10:22:09.221+0000] {processor.py:183} INFO - Processing /opt/airflow/dags/ingestion_dag.py took 2.182 seconds
[2025-12-01T10:22:39.825+0000] {processor.py:161} INFO - Started process (PID=76317) to work on /opt/airflow/dags/ingestion_dag.py
[2025-12-01T10:22:39.826+0000] {processor.py:830} INFO - Processing file /opt/airflow/dags/ingestion_dag.py for tasks to queue
[2025-12-01T10:22:39.827+0000] {logging_mixin.py:188} INFO - [2025-12-01T10:22:39.827+0000] {dagbag.py:540} INFO - Filling up the DagBag from /opt/airflow/dags/ingestion_dag.py
[2025-12-01T10:22:41.706+0000] {logging_mixin.py:188} INFO - [2025-12-01T10:22:41.706+0000] {warnings.py:109} WARNING - /opt/airflow/dags/ingestion_dag.py:257: RemovedInAirflow3Warning: Function `days_ago` is deprecated and will be removed in Airflow 3.0. You can achieve equivalent behavior with `pendulum.today('UTC').add(days=-N, ...)`
  start_date=days_ago(1),
[2025-12-01T10:22:41.707+0000] {logging_mixin.py:188} INFO - [2025-12-01T10:22:41.707+0000] {warnings.py:109} WARNING - /opt/airflow/dags/ingestion_dag.py:254: RemovedInAirflow3Warning: Param `schedule_interval` is deprecated and will be removed in a future release. Please use `schedule` instead. 
  with DAG(
[2025-12-01T10:22:41.716+0000] {processor.py:840} INFO - DAG(s) 'ingestion_dag' retrieved from /opt/airflow/dags/ingestion_dag.py
[2025-12-01T10:22:41.747+0000] {logging_mixin.py:188} INFO - [2025-12-01T10:22:41.746+0000] {dag.py:3047} INFO - Sync 1 DAGs
[2025-12-01T10:22:41.766+0000] {logging_mixin.py:188} INFO - [2025-12-01T10:22:41.766+0000] {dag.py:3834} INFO - Setting next_dagrun for ingestion_dag to 2025-12-01 10:22:00+00:00, run_after=2025-12-01 10:23:00+00:00
[2025-12-01T10:22:41.779+0000] {processor.py:183} INFO - Processing /opt/airflow/dags/ingestion_dag.py took 1.961 seconds
[2025-12-01T10:23:12.343+0000] {processor.py:161} INFO - Started process (PID=76394) to work on /opt/airflow/dags/ingestion_dag.py
[2025-12-01T10:23:12.346+0000] {processor.py:830} INFO - Processing file /opt/airflow/dags/ingestion_dag.py for tasks to queue
[2025-12-01T10:23:12.348+0000] {logging_mixin.py:188} INFO - [2025-12-01T10:23:12.347+0000] {dagbag.py:540} INFO - Filling up the DagBag from /opt/airflow/dags/ingestion_dag.py
[2025-12-01T10:23:14.760+0000] {logging_mixin.py:188} INFO - [2025-12-01T10:23:14.758+0000] {warnings.py:109} WARNING - /opt/airflow/dags/ingestion_dag.py:257: RemovedInAirflow3Warning: Function `days_ago` is deprecated and will be removed in Airflow 3.0. You can achieve equivalent behavior with `pendulum.today('UTC').add(days=-N, ...)`
  start_date=days_ago(1),
[2025-12-01T10:23:14.761+0000] {logging_mixin.py:188} INFO - [2025-12-01T10:23:14.761+0000] {warnings.py:109} WARNING - /opt/airflow/dags/ingestion_dag.py:254: RemovedInAirflow3Warning: Param `schedule_interval` is deprecated and will be removed in a future release. Please use `schedule` instead. 
  with DAG(
[2025-12-01T10:23:14.768+0000] {processor.py:840} INFO - DAG(s) 'ingestion_dag' retrieved from /opt/airflow/dags/ingestion_dag.py
[2025-12-01T10:23:14.792+0000] {logging_mixin.py:188} INFO - [2025-12-01T10:23:14.792+0000] {dag.py:3047} INFO - Sync 1 DAGs
[2025-12-01T10:23:14.816+0000] {logging_mixin.py:188} INFO - [2025-12-01T10:23:14.815+0000] {dag.py:3834} INFO - Setting next_dagrun for ingestion_dag to 2025-12-01 10:23:00+00:00, run_after=2025-12-01 10:24:00+00:00
[2025-12-01T10:23:14.828+0000] {processor.py:183} INFO - Processing /opt/airflow/dags/ingestion_dag.py took 2.494 seconds
[2025-12-01T10:23:45.077+0000] {processor.py:161} INFO - Started process (PID=76415) to work on /opt/airflow/dags/ingestion_dag.py
[2025-12-01T10:23:45.083+0000] {processor.py:830} INFO - Processing file /opt/airflow/dags/ingestion_dag.py for tasks to queue
[2025-12-01T10:23:45.085+0000] {logging_mixin.py:188} INFO - [2025-12-01T10:23:45.084+0000] {dagbag.py:540} INFO - Filling up the DagBag from /opt/airflow/dags/ingestion_dag.py
[2025-12-01T10:23:47.264+0000] {logging_mixin.py:188} INFO - [2025-12-01T10:23:47.264+0000] {warnings.py:109} WARNING - /opt/airflow/dags/ingestion_dag.py:257: RemovedInAirflow3Warning: Function `days_ago` is deprecated and will be removed in Airflow 3.0. You can achieve equivalent behavior with `pendulum.today('UTC').add(days=-N, ...)`
  start_date=days_ago(1),
[2025-12-01T10:23:47.264+0000] {logging_mixin.py:188} INFO - [2025-12-01T10:23:47.264+0000] {warnings.py:109} WARNING - /opt/airflow/dags/ingestion_dag.py:254: RemovedInAirflow3Warning: Param `schedule_interval` is deprecated and will be removed in a future release. Please use `schedule` instead. 
  with DAG(
[2025-12-01T10:23:47.269+0000] {processor.py:840} INFO - DAG(s) 'ingestion_dag' retrieved from /opt/airflow/dags/ingestion_dag.py
[2025-12-01T10:23:47.301+0000] {logging_mixin.py:188} INFO - [2025-12-01T10:23:47.301+0000] {dag.py:3047} INFO - Sync 1 DAGs
[2025-12-01T10:23:47.320+0000] {logging_mixin.py:188} INFO - [2025-12-01T10:23:47.319+0000] {dag.py:3834} INFO - Setting next_dagrun for ingestion_dag to 2025-12-01 10:23:00+00:00, run_after=2025-12-01 10:24:00+00:00
[2025-12-01T10:23:47.329+0000] {processor.py:183} INFO - Processing /opt/airflow/dags/ingestion_dag.py took 2.275 seconds
[2025-12-01T10:24:17.738+0000] {processor.py:161} INFO - Started process (PID=76501) to work on /opt/airflow/dags/ingestion_dag.py
[2025-12-01T10:24:17.740+0000] {processor.py:830} INFO - Processing file /opt/airflow/dags/ingestion_dag.py for tasks to queue
[2025-12-01T10:24:17.742+0000] {logging_mixin.py:188} INFO - [2025-12-01T10:24:17.741+0000] {dagbag.py:540} INFO - Filling up the DagBag from /opt/airflow/dags/ingestion_dag.py
[2025-12-01T10:24:19.493+0000] {logging_mixin.py:188} INFO - [2025-12-01T10:24:19.493+0000] {warnings.py:109} WARNING - /opt/airflow/dags/ingestion_dag.py:257: RemovedInAirflow3Warning: Function `days_ago` is deprecated and will be removed in Airflow 3.0. You can achieve equivalent behavior with `pendulum.today('UTC').add(days=-N, ...)`
  start_date=days_ago(1),
[2025-12-01T10:24:19.493+0000] {logging_mixin.py:188} INFO - [2025-12-01T10:24:19.493+0000] {warnings.py:109} WARNING - /opt/airflow/dags/ingestion_dag.py:254: RemovedInAirflow3Warning: Param `schedule_interval` is deprecated and will be removed in a future release. Please use `schedule` instead. 
  with DAG(
[2025-12-01T10:24:19.498+0000] {processor.py:840} INFO - DAG(s) 'ingestion_dag' retrieved from /opt/airflow/dags/ingestion_dag.py
[2025-12-01T10:24:19.522+0000] {logging_mixin.py:188} INFO - [2025-12-01T10:24:19.522+0000] {dag.py:3047} INFO - Sync 1 DAGs
[2025-12-01T10:24:19.539+0000] {logging_mixin.py:188} INFO - [2025-12-01T10:24:19.539+0000] {dag.py:3834} INFO - Setting next_dagrun for ingestion_dag to 2025-12-01 10:24:00+00:00, run_after=2025-12-01 10:25:00+00:00
[2025-12-01T10:24:19.549+0000] {processor.py:183} INFO - Processing /opt/airflow/dags/ingestion_dag.py took 1.820 seconds
[2025-12-01T10:24:50.274+0000] {processor.py:161} INFO - Started process (PID=76519) to work on /opt/airflow/dags/ingestion_dag.py
[2025-12-01T10:24:50.279+0000] {processor.py:830} INFO - Processing file /opt/airflow/dags/ingestion_dag.py for tasks to queue
[2025-12-01T10:24:50.282+0000] {logging_mixin.py:188} INFO - [2025-12-01T10:24:50.281+0000] {dagbag.py:540} INFO - Filling up the DagBag from /opt/airflow/dags/ingestion_dag.py
[2025-12-01T10:24:52.566+0000] {logging_mixin.py:188} INFO - [2025-12-01T10:24:52.565+0000] {warnings.py:109} WARNING - /opt/airflow/dags/ingestion_dag.py:257: RemovedInAirflow3Warning: Function `days_ago` is deprecated and will be removed in Airflow 3.0. You can achieve equivalent behavior with `pendulum.today('UTC').add(days=-N, ...)`
  start_date=days_ago(1),
[2025-12-01T10:24:52.567+0000] {logging_mixin.py:188} INFO - [2025-12-01T10:24:52.567+0000] {warnings.py:109} WARNING - /opt/airflow/dags/ingestion_dag.py:254: RemovedInAirflow3Warning: Param `schedule_interval` is deprecated and will be removed in a future release. Please use `schedule` instead. 
  with DAG(
[2025-12-01T10:24:52.571+0000] {processor.py:840} INFO - DAG(s) 'ingestion_dag' retrieved from /opt/airflow/dags/ingestion_dag.py
[2025-12-01T10:24:52.607+0000] {logging_mixin.py:188} INFO - [2025-12-01T10:24:52.606+0000] {dag.py:3047} INFO - Sync 1 DAGs
[2025-12-01T10:24:52.628+0000] {logging_mixin.py:188} INFO - [2025-12-01T10:24:52.628+0000] {dag.py:3834} INFO - Setting next_dagrun for ingestion_dag to 2025-12-01 10:24:00+00:00, run_after=2025-12-01 10:25:00+00:00
[2025-12-01T10:24:52.642+0000] {processor.py:183} INFO - Processing /opt/airflow/dags/ingestion_dag.py took 2.421 seconds
[2025-12-01T10:25:22.804+0000] {processor.py:161} INFO - Started process (PID=76599) to work on /opt/airflow/dags/ingestion_dag.py
[2025-12-01T10:25:22.807+0000] {processor.py:830} INFO - Processing file /opt/airflow/dags/ingestion_dag.py for tasks to queue
[2025-12-01T10:25:22.808+0000] {logging_mixin.py:188} INFO - [2025-12-01T10:25:22.807+0000] {dagbag.py:540} INFO - Filling up the DagBag from /opt/airflow/dags/ingestion_dag.py
[2025-12-01T10:25:27.103+0000] {logging_mixin.py:188} INFO - [2025-12-01T10:25:27.103+0000] {warnings.py:109} WARNING - /opt/airflow/dags/ingestion_dag.py:257: RemovedInAirflow3Warning: Function `days_ago` is deprecated and will be removed in Airflow 3.0. You can achieve equivalent behavior with `pendulum.today('UTC').add(days=-N, ...)`
  start_date=days_ago(1),
[2025-12-01T10:25:27.105+0000] {logging_mixin.py:188} INFO - [2025-12-01T10:25:27.105+0000] {warnings.py:109} WARNING - /opt/airflow/dags/ingestion_dag.py:254: RemovedInAirflow3Warning: Param `schedule_interval` is deprecated and will be removed in a future release. Please use `schedule` instead. 
  with DAG(
[2025-12-01T10:25:27.115+0000] {processor.py:840} INFO - DAG(s) 'ingestion_dag' retrieved from /opt/airflow/dags/ingestion_dag.py
[2025-12-01T10:25:27.157+0000] {logging_mixin.py:188} INFO - [2025-12-01T10:25:27.156+0000] {dag.py:3047} INFO - Sync 1 DAGs
[2025-12-01T10:25:27.191+0000] {logging_mixin.py:188} INFO - [2025-12-01T10:25:27.191+0000] {dag.py:3834} INFO - Setting next_dagrun for ingestion_dag to 2025-12-01 10:25:00+00:00, run_after=2025-12-01 10:26:00+00:00
[2025-12-01T10:25:27.219+0000] {processor.py:183} INFO - Processing /opt/airflow/dags/ingestion_dag.py took 4.425 seconds
[2025-12-01T10:25:57.660+0000] {processor.py:161} INFO - Started process (PID=76617) to work on /opt/airflow/dags/ingestion_dag.py
[2025-12-01T10:25:57.663+0000] {processor.py:830} INFO - Processing file /opt/airflow/dags/ingestion_dag.py for tasks to queue
[2025-12-01T10:25:57.665+0000] {logging_mixin.py:188} INFO - [2025-12-01T10:25:57.664+0000] {dagbag.py:540} INFO - Filling up the DagBag from /opt/airflow/dags/ingestion_dag.py
[2025-12-01T10:25:59.190+0000] {logging_mixin.py:188} INFO - [2025-12-01T10:25:59.190+0000] {warnings.py:109} WARNING - /opt/airflow/dags/ingestion_dag.py:257: RemovedInAirflow3Warning: Function `days_ago` is deprecated and will be removed in Airflow 3.0. You can achieve equivalent behavior with `pendulum.today('UTC').add(days=-N, ...)`
  start_date=days_ago(1),
[2025-12-01T10:25:59.190+0000] {logging_mixin.py:188} INFO - [2025-12-01T10:25:59.190+0000] {warnings.py:109} WARNING - /opt/airflow/dags/ingestion_dag.py:254: RemovedInAirflow3Warning: Param `schedule_interval` is deprecated and will be removed in a future release. Please use `schedule` instead. 
  with DAG(
[2025-12-01T10:25:59.194+0000] {processor.py:840} INFO - DAG(s) 'ingestion_dag' retrieved from /opt/airflow/dags/ingestion_dag.py
[2025-12-01T10:25:59.213+0000] {logging_mixin.py:188} INFO - [2025-12-01T10:25:59.213+0000] {dag.py:3047} INFO - Sync 1 DAGs
[2025-12-01T10:25:59.227+0000] {logging_mixin.py:188} INFO - [2025-12-01T10:25:59.227+0000] {dag.py:3834} INFO - Setting next_dagrun for ingestion_dag to 2025-12-01 10:25:00+00:00, run_after=2025-12-01 10:26:00+00:00
[2025-12-01T10:25:59.236+0000] {processor.py:183} INFO - Processing /opt/airflow/dags/ingestion_dag.py took 1.594 seconds
[2025-12-01T10:26:29.422+0000] {processor.py:161} INFO - Started process (PID=76708) to work on /opt/airflow/dags/ingestion_dag.py
[2025-12-01T10:26:29.423+0000] {processor.py:830} INFO - Processing file /opt/airflow/dags/ingestion_dag.py for tasks to queue
[2025-12-01T10:26:29.424+0000] {logging_mixin.py:188} INFO - [2025-12-01T10:26:29.424+0000] {dagbag.py:540} INFO - Filling up the DagBag from /opt/airflow/dags/ingestion_dag.py
[2025-12-01T10:26:31.167+0000] {logging_mixin.py:188} INFO - [2025-12-01T10:26:31.166+0000] {warnings.py:109} WARNING - /opt/airflow/dags/ingestion_dag.py:257: RemovedInAirflow3Warning: Function `days_ago` is deprecated and will be removed in Airflow 3.0. You can achieve equivalent behavior with `pendulum.today('UTC').add(days=-N, ...)`
  start_date=days_ago(1),
[2025-12-01T10:26:31.167+0000] {logging_mixin.py:188} INFO - [2025-12-01T10:26:31.167+0000] {warnings.py:109} WARNING - /opt/airflow/dags/ingestion_dag.py:254: RemovedInAirflow3Warning: Param `schedule_interval` is deprecated and will be removed in a future release. Please use `schedule` instead. 
  with DAG(
[2025-12-01T10:26:31.176+0000] {processor.py:840} INFO - DAG(s) 'ingestion_dag' retrieved from /opt/airflow/dags/ingestion_dag.py
[2025-12-01T10:26:31.202+0000] {logging_mixin.py:188} INFO - [2025-12-01T10:26:31.202+0000] {dag.py:3047} INFO - Sync 1 DAGs
[2025-12-01T10:26:31.220+0000] {logging_mixin.py:188} INFO - [2025-12-01T10:26:31.220+0000] {dag.py:3834} INFO - Setting next_dagrun for ingestion_dag to 2025-12-01 10:26:00+00:00, run_after=2025-12-01 10:27:00+00:00
[2025-12-01T10:26:31.233+0000] {processor.py:183} INFO - Processing /opt/airflow/dags/ingestion_dag.py took 1.815 seconds
[2025-12-01T10:27:01.833+0000] {processor.py:161} INFO - Started process (PID=76735) to work on /opt/airflow/dags/ingestion_dag.py
[2025-12-01T10:27:01.835+0000] {processor.py:830} INFO - Processing file /opt/airflow/dags/ingestion_dag.py for tasks to queue
[2025-12-01T10:27:01.836+0000] {logging_mixin.py:188} INFO - [2025-12-01T10:27:01.836+0000] {dagbag.py:540} INFO - Filling up the DagBag from /opt/airflow/dags/ingestion_dag.py
[2025-12-01T10:27:03.493+0000] {logging_mixin.py:188} INFO - [2025-12-01T10:27:03.492+0000] {warnings.py:109} WARNING - /opt/airflow/dags/ingestion_dag.py:257: RemovedInAirflow3Warning: Function `days_ago` is deprecated and will be removed in Airflow 3.0. You can achieve equivalent behavior with `pendulum.today('UTC').add(days=-N, ...)`
  start_date=days_ago(1),
[2025-12-01T10:27:03.493+0000] {logging_mixin.py:188} INFO - [2025-12-01T10:27:03.493+0000] {warnings.py:109} WARNING - /opt/airflow/dags/ingestion_dag.py:254: RemovedInAirflow3Warning: Param `schedule_interval` is deprecated and will be removed in a future release. Please use `schedule` instead. 
  with DAG(
[2025-12-01T10:27:03.496+0000] {processor.py:840} INFO - DAG(s) 'ingestion_dag' retrieved from /opt/airflow/dags/ingestion_dag.py
[2025-12-01T10:27:03.512+0000] {logging_mixin.py:188} INFO - [2025-12-01T10:27:03.512+0000] {dag.py:3047} INFO - Sync 1 DAGs
[2025-12-01T10:27:03.526+0000] {logging_mixin.py:188} INFO - [2025-12-01T10:27:03.526+0000] {dag.py:3834} INFO - Setting next_dagrun for ingestion_dag to 2025-12-01 10:27:00+00:00, run_after=2025-12-01 10:28:00+00:00
[2025-12-01T10:27:03.534+0000] {processor.py:183} INFO - Processing /opt/airflow/dags/ingestion_dag.py took 1.712 seconds
[2025-12-01T10:27:33.685+0000] {processor.py:161} INFO - Started process (PID=76806) to work on /opt/airflow/dags/ingestion_dag.py
[2025-12-01T10:27:33.688+0000] {processor.py:830} INFO - Processing file /opt/airflow/dags/ingestion_dag.py for tasks to queue
[2025-12-01T10:27:33.690+0000] {logging_mixin.py:188} INFO - [2025-12-01T10:27:33.689+0000] {dagbag.py:540} INFO - Filling up the DagBag from /opt/airflow/dags/ingestion_dag.py
[2025-12-01T10:27:35.568+0000] {logging_mixin.py:188} INFO - [2025-12-01T10:27:35.566+0000] {warnings.py:109} WARNING - /opt/airflow/dags/ingestion_dag.py:257: RemovedInAirflow3Warning: Function `days_ago` is deprecated and will be removed in Airflow 3.0. You can achieve equivalent behavior with `pendulum.today('UTC').add(days=-N, ...)`
  start_date=days_ago(1),
[2025-12-01T10:27:35.570+0000] {logging_mixin.py:188} INFO - [2025-12-01T10:27:35.569+0000] {warnings.py:109} WARNING - /opt/airflow/dags/ingestion_dag.py:254: RemovedInAirflow3Warning: Param `schedule_interval` is deprecated and will be removed in a future release. Please use `schedule` instead. 
  with DAG(
[2025-12-01T10:27:35.590+0000] {processor.py:840} INFO - DAG(s) 'ingestion_dag' retrieved from /opt/airflow/dags/ingestion_dag.py
[2025-12-01T10:27:35.644+0000] {logging_mixin.py:188} INFO - [2025-12-01T10:27:35.644+0000] {dag.py:3047} INFO - Sync 1 DAGs
[2025-12-01T10:27:35.672+0000] {logging_mixin.py:188} INFO - [2025-12-01T10:27:35.672+0000] {dag.py:3834} INFO - Setting next_dagrun for ingestion_dag to 2025-12-01 10:27:00+00:00, run_after=2025-12-01 10:28:00+00:00
[2025-12-01T10:27:35.686+0000] {processor.py:183} INFO - Processing /opt/airflow/dags/ingestion_dag.py took 2.012 seconds
[2025-12-01T10:28:06.287+0000] {processor.py:161} INFO - Started process (PID=76851) to work on /opt/airflow/dags/ingestion_dag.py
[2025-12-01T10:28:06.290+0000] {processor.py:830} INFO - Processing file /opt/airflow/dags/ingestion_dag.py for tasks to queue
[2025-12-01T10:28:06.292+0000] {logging_mixin.py:188} INFO - [2025-12-01T10:28:06.292+0000] {dagbag.py:540} INFO - Filling up the DagBag from /opt/airflow/dags/ingestion_dag.py
[2025-12-01T10:28:08.187+0000] {logging_mixin.py:188} INFO - [2025-12-01T10:28:08.187+0000] {warnings.py:109} WARNING - /opt/airflow/dags/ingestion_dag.py:257: RemovedInAirflow3Warning: Function `days_ago` is deprecated and will be removed in Airflow 3.0. You can achieve equivalent behavior with `pendulum.today('UTC').add(days=-N, ...)`
  start_date=days_ago(1),
[2025-12-01T10:28:08.188+0000] {logging_mixin.py:188} INFO - [2025-12-01T10:28:08.188+0000] {warnings.py:109} WARNING - /opt/airflow/dags/ingestion_dag.py:254: RemovedInAirflow3Warning: Param `schedule_interval` is deprecated and will be removed in a future release. Please use `schedule` instead. 
  with DAG(
[2025-12-01T10:28:08.197+0000] {processor.py:840} INFO - DAG(s) 'ingestion_dag' retrieved from /opt/airflow/dags/ingestion_dag.py
[2025-12-01T10:28:08.236+0000] {logging_mixin.py:188} INFO - [2025-12-01T10:28:08.236+0000] {dag.py:3047} INFO - Sync 1 DAGs
[2025-12-01T10:28:08.262+0000] {logging_mixin.py:188} INFO - [2025-12-01T10:28:08.262+0000] {dag.py:3834} INFO - Setting next_dagrun for ingestion_dag to 2025-12-01 10:28:00+00:00, run_after=2025-12-01 10:29:00+00:00
[2025-12-01T10:28:08.447+0000] {processor.py:183} INFO - Processing /opt/airflow/dags/ingestion_dag.py took 2.176 seconds
[2025-12-01T10:28:39.002+0000] {processor.py:161} INFO - Started process (PID=76910) to work on /opt/airflow/dags/ingestion_dag.py
[2025-12-01T10:28:39.005+0000] {processor.py:830} INFO - Processing file /opt/airflow/dags/ingestion_dag.py for tasks to queue
[2025-12-01T10:28:39.006+0000] {logging_mixin.py:188} INFO - [2025-12-01T10:28:39.006+0000] {dagbag.py:540} INFO - Filling up the DagBag from /opt/airflow/dags/ingestion_dag.py
[2025-12-01T10:28:40.681+0000] {logging_mixin.py:188} INFO - [2025-12-01T10:28:40.680+0000] {warnings.py:109} WARNING - /opt/airflow/dags/ingestion_dag.py:257: RemovedInAirflow3Warning: Function `days_ago` is deprecated and will be removed in Airflow 3.0. You can achieve equivalent behavior with `pendulum.today('UTC').add(days=-N, ...)`
  start_date=days_ago(1),
[2025-12-01T10:28:40.681+0000] {logging_mixin.py:188} INFO - [2025-12-01T10:28:40.681+0000] {warnings.py:109} WARNING - /opt/airflow/dags/ingestion_dag.py:254: RemovedInAirflow3Warning: Param `schedule_interval` is deprecated and will be removed in a future release. Please use `schedule` instead. 
  with DAG(
[2025-12-01T10:28:40.686+0000] {processor.py:840} INFO - DAG(s) 'ingestion_dag' retrieved from /opt/airflow/dags/ingestion_dag.py
[2025-12-01T10:28:40.711+0000] {logging_mixin.py:188} INFO - [2025-12-01T10:28:40.711+0000] {dag.py:3047} INFO - Sync 1 DAGs
[2025-12-01T10:28:40.731+0000] {logging_mixin.py:188} INFO - [2025-12-01T10:28:40.731+0000] {dag.py:3834} INFO - Setting next_dagrun for ingestion_dag to 2025-12-01 10:28:00+00:00, run_after=2025-12-01 10:29:00+00:00
[2025-12-01T10:28:40.741+0000] {processor.py:183} INFO - Processing /opt/airflow/dags/ingestion_dag.py took 1.754 seconds
[2025-12-01T10:29:11.602+0000] {processor.py:161} INFO - Started process (PID=76987) to work on /opt/airflow/dags/ingestion_dag.py
[2025-12-01T10:29:11.605+0000] {processor.py:830} INFO - Processing file /opt/airflow/dags/ingestion_dag.py for tasks to queue
[2025-12-01T10:29:11.611+0000] {logging_mixin.py:188} INFO - [2025-12-01T10:29:11.610+0000] {dagbag.py:540} INFO - Filling up the DagBag from /opt/airflow/dags/ingestion_dag.py
[2025-12-01T10:29:13.905+0000] {logging_mixin.py:188} INFO - [2025-12-01T10:29:13.905+0000] {warnings.py:109} WARNING - /opt/airflow/dags/ingestion_dag.py:257: RemovedInAirflow3Warning: Function `days_ago` is deprecated and will be removed in Airflow 3.0. You can achieve equivalent behavior with `pendulum.today('UTC').add(days=-N, ...)`
  start_date=days_ago(1),
[2025-12-01T10:29:13.906+0000] {logging_mixin.py:188} INFO - [2025-12-01T10:29:13.906+0000] {warnings.py:109} WARNING - /opt/airflow/dags/ingestion_dag.py:254: RemovedInAirflow3Warning: Param `schedule_interval` is deprecated and will be removed in a future release. Please use `schedule` instead. 
  with DAG(
[2025-12-01T10:29:13.913+0000] {processor.py:840} INFO - DAG(s) 'ingestion_dag' retrieved from /opt/airflow/dags/ingestion_dag.py
[2025-12-01T10:29:13.947+0000] {logging_mixin.py:188} INFO - [2025-12-01T10:29:13.947+0000] {dag.py:3047} INFO - Sync 1 DAGs
[2025-12-01T10:29:13.967+0000] {logging_mixin.py:188} INFO - [2025-12-01T10:29:13.967+0000] {dag.py:3834} INFO - Setting next_dagrun for ingestion_dag to 2025-12-01 10:29:00+00:00, run_after=2025-12-01 10:30:00+00:00
[2025-12-01T10:29:13.981+0000] {processor.py:183} INFO - Processing /opt/airflow/dags/ingestion_dag.py took 2.386 seconds
[2025-12-01T10:29:44.170+0000] {processor.py:161} INFO - Started process (PID=77008) to work on /opt/airflow/dags/ingestion_dag.py
[2025-12-01T10:29:44.174+0000] {processor.py:830} INFO - Processing file /opt/airflow/dags/ingestion_dag.py for tasks to queue
[2025-12-01T10:29:44.176+0000] {logging_mixin.py:188} INFO - [2025-12-01T10:29:44.175+0000] {dagbag.py:540} INFO - Filling up the DagBag from /opt/airflow/dags/ingestion_dag.py
[2025-12-01T10:29:45.867+0000] {logging_mixin.py:188} INFO - [2025-12-01T10:29:45.867+0000] {warnings.py:109} WARNING - /opt/airflow/dags/ingestion_dag.py:257: RemovedInAirflow3Warning: Function `days_ago` is deprecated and will be removed in Airflow 3.0. You can achieve equivalent behavior with `pendulum.today('UTC').add(days=-N, ...)`
  start_date=days_ago(1),
[2025-12-01T10:29:45.868+0000] {logging_mixin.py:188} INFO - [2025-12-01T10:29:45.868+0000] {warnings.py:109} WARNING - /opt/airflow/dags/ingestion_dag.py:254: RemovedInAirflow3Warning: Param `schedule_interval` is deprecated and will be removed in a future release. Please use `schedule` instead. 
  with DAG(
[2025-12-01T10:29:45.884+0000] {processor.py:840} INFO - DAG(s) 'ingestion_dag' retrieved from /opt/airflow/dags/ingestion_dag.py
[2025-12-01T10:29:45.929+0000] {logging_mixin.py:188} INFO - [2025-12-01T10:29:45.929+0000] {dag.py:3047} INFO - Sync 1 DAGs
[2025-12-01T10:29:45.956+0000] {logging_mixin.py:188} INFO - [2025-12-01T10:29:45.956+0000] {dag.py:3834} INFO - Setting next_dagrun for ingestion_dag to 2025-12-01 10:29:00+00:00, run_after=2025-12-01 10:30:00+00:00
[2025-12-01T10:29:45.975+0000] {processor.py:183} INFO - Processing /opt/airflow/dags/ingestion_dag.py took 1.824 seconds
[2025-12-01T10:30:16.697+0000] {processor.py:161} INFO - Started process (PID=77094) to work on /opt/airflow/dags/ingestion_dag.py
[2025-12-01T10:30:16.699+0000] {processor.py:830} INFO - Processing file /opt/airflow/dags/ingestion_dag.py for tasks to queue
[2025-12-01T10:30:16.700+0000] {logging_mixin.py:188} INFO - [2025-12-01T10:30:16.700+0000] {dagbag.py:540} INFO - Filling up the DagBag from /opt/airflow/dags/ingestion_dag.py
[2025-12-01T10:30:18.373+0000] {logging_mixin.py:188} INFO - [2025-12-01T10:30:18.372+0000] {warnings.py:109} WARNING - /opt/airflow/dags/ingestion_dag.py:257: RemovedInAirflow3Warning: Function `days_ago` is deprecated and will be removed in Airflow 3.0. You can achieve equivalent behavior with `pendulum.today('UTC').add(days=-N, ...)`
  start_date=days_ago(1),
[2025-12-01T10:30:18.373+0000] {logging_mixin.py:188} INFO - [2025-12-01T10:30:18.373+0000] {warnings.py:109} WARNING - /opt/airflow/dags/ingestion_dag.py:254: RemovedInAirflow3Warning: Param `schedule_interval` is deprecated and will be removed in a future release. Please use `schedule` instead. 
  with DAG(
[2025-12-01T10:30:18.378+0000] {processor.py:840} INFO - DAG(s) 'ingestion_dag' retrieved from /opt/airflow/dags/ingestion_dag.py
[2025-12-01T10:30:18.408+0000] {logging_mixin.py:188} INFO - [2025-12-01T10:30:18.408+0000] {dag.py:3047} INFO - Sync 1 DAGs
[2025-12-01T10:30:18.428+0000] {logging_mixin.py:188} INFO - [2025-12-01T10:30:18.427+0000] {dag.py:3834} INFO - Setting next_dagrun for ingestion_dag to 2025-12-01 10:30:00+00:00, run_after=2025-12-01 10:31:00+00:00
[2025-12-01T10:30:18.439+0000] {processor.py:183} INFO - Processing /opt/airflow/dags/ingestion_dag.py took 1.748 seconds
[2025-12-01T10:30:49.122+0000] {processor.py:161} INFO - Started process (PID=77112) to work on /opt/airflow/dags/ingestion_dag.py
[2025-12-01T10:30:49.124+0000] {processor.py:830} INFO - Processing file /opt/airflow/dags/ingestion_dag.py for tasks to queue
[2025-12-01T10:30:49.127+0000] {logging_mixin.py:188} INFO - [2025-12-01T10:30:49.125+0000] {dagbag.py:540} INFO - Filling up the DagBag from /opt/airflow/dags/ingestion_dag.py
[2025-12-01T10:30:50.792+0000] {logging_mixin.py:188} INFO - [2025-12-01T10:30:50.791+0000] {warnings.py:109} WARNING - /opt/airflow/dags/ingestion_dag.py:257: RemovedInAirflow3Warning: Function `days_ago` is deprecated and will be removed in Airflow 3.0. You can achieve equivalent behavior with `pendulum.today('UTC').add(days=-N, ...)`
  start_date=days_ago(1),
[2025-12-01T10:30:50.792+0000] {logging_mixin.py:188} INFO - [2025-12-01T10:30:50.792+0000] {warnings.py:109} WARNING - /opt/airflow/dags/ingestion_dag.py:254: RemovedInAirflow3Warning: Param `schedule_interval` is deprecated and will be removed in a future release. Please use `schedule` instead. 
  with DAG(
[2025-12-01T10:30:50.803+0000] {processor.py:840} INFO - DAG(s) 'ingestion_dag' retrieved from /opt/airflow/dags/ingestion_dag.py
[2025-12-01T10:30:50.837+0000] {logging_mixin.py:188} INFO - [2025-12-01T10:30:50.836+0000] {dag.py:3047} INFO - Sync 1 DAGs
[2025-12-01T10:30:50.996+0000] {logging_mixin.py:188} INFO - [2025-12-01T10:30:50.996+0000] {dag.py:3834} INFO - Setting next_dagrun for ingestion_dag to 2025-12-01 10:30:00+00:00, run_after=2025-12-01 10:31:00+00:00
[2025-12-01T10:30:51.011+0000] {processor.py:183} INFO - Processing /opt/airflow/dags/ingestion_dag.py took 1.896 seconds
[2025-12-01T10:31:21.624+0000] {processor.py:161} INFO - Started process (PID=77192) to work on /opt/airflow/dags/ingestion_dag.py
[2025-12-01T10:31:21.626+0000] {processor.py:830} INFO - Processing file /opt/airflow/dags/ingestion_dag.py for tasks to queue
[2025-12-01T10:31:21.628+0000] {logging_mixin.py:188} INFO - [2025-12-01T10:31:21.627+0000] {dagbag.py:540} INFO - Filling up the DagBag from /opt/airflow/dags/ingestion_dag.py
[2025-12-01T10:31:23.299+0000] {logging_mixin.py:188} INFO - [2025-12-01T10:31:23.299+0000] {warnings.py:109} WARNING - /opt/airflow/dags/ingestion_dag.py:257: RemovedInAirflow3Warning: Function `days_ago` is deprecated and will be removed in Airflow 3.0. You can achieve equivalent behavior with `pendulum.today('UTC').add(days=-N, ...)`
  start_date=days_ago(1),
[2025-12-01T10:31:23.300+0000] {logging_mixin.py:188} INFO - [2025-12-01T10:31:23.300+0000] {warnings.py:109} WARNING - /opt/airflow/dags/ingestion_dag.py:254: RemovedInAirflow3Warning: Param `schedule_interval` is deprecated and will be removed in a future release. Please use `schedule` instead. 
  with DAG(
[2025-12-01T10:31:23.304+0000] {processor.py:840} INFO - DAG(s) 'ingestion_dag' retrieved from /opt/airflow/dags/ingestion_dag.py
[2025-12-01T10:31:23.330+0000] {logging_mixin.py:188} INFO - [2025-12-01T10:31:23.329+0000] {dag.py:3047} INFO - Sync 1 DAGs
[2025-12-01T10:31:23.346+0000] {logging_mixin.py:188} INFO - [2025-12-01T10:31:23.346+0000] {dag.py:3834} INFO - Setting next_dagrun for ingestion_dag to 2025-12-01 10:31:00+00:00, run_after=2025-12-01 10:32:00+00:00
[2025-12-01T10:31:23.370+0000] {processor.py:183} INFO - Processing /opt/airflow/dags/ingestion_dag.py took 1.760 seconds
[2025-12-01T10:31:54.088+0000] {processor.py:161} INFO - Started process (PID=77210) to work on /opt/airflow/dags/ingestion_dag.py
[2025-12-01T10:31:54.091+0000] {processor.py:830} INFO - Processing file /opt/airflow/dags/ingestion_dag.py for tasks to queue
[2025-12-01T10:31:54.092+0000] {logging_mixin.py:188} INFO - [2025-12-01T10:31:54.092+0000] {dagbag.py:540} INFO - Filling up the DagBag from /opt/airflow/dags/ingestion_dag.py
[2025-12-01T10:31:55.759+0000] {logging_mixin.py:188} INFO - [2025-12-01T10:31:55.758+0000] {warnings.py:109} WARNING - /opt/airflow/dags/ingestion_dag.py:257: RemovedInAirflow3Warning: Function `days_ago` is deprecated and will be removed in Airflow 3.0. You can achieve equivalent behavior with `pendulum.today('UTC').add(days=-N, ...)`
  start_date=days_ago(1),
[2025-12-01T10:31:55.759+0000] {logging_mixin.py:188} INFO - [2025-12-01T10:31:55.759+0000] {warnings.py:109} WARNING - /opt/airflow/dags/ingestion_dag.py:254: RemovedInAirflow3Warning: Param `schedule_interval` is deprecated and will be removed in a future release. Please use `schedule` instead. 
  with DAG(
[2025-12-01T10:31:55.764+0000] {processor.py:840} INFO - DAG(s) 'ingestion_dag' retrieved from /opt/airflow/dags/ingestion_dag.py
[2025-12-01T10:31:55.791+0000] {logging_mixin.py:188} INFO - [2025-12-01T10:31:55.791+0000] {dag.py:3047} INFO - Sync 1 DAGs
[2025-12-01T10:31:55.808+0000] {logging_mixin.py:188} INFO - [2025-12-01T10:31:55.808+0000] {dag.py:3834} INFO - Setting next_dagrun for ingestion_dag to 2025-12-01 10:31:00+00:00, run_after=2025-12-01 10:32:00+00:00
[2025-12-01T10:31:55.819+0000] {processor.py:183} INFO - Processing /opt/airflow/dags/ingestion_dag.py took 1.743 seconds
[2025-12-01T10:32:26.375+0000] {processor.py:161} INFO - Started process (PID=77296) to work on /opt/airflow/dags/ingestion_dag.py
[2025-12-01T10:32:26.378+0000] {processor.py:830} INFO - Processing file /opt/airflow/dags/ingestion_dag.py for tasks to queue
[2025-12-01T10:32:26.379+0000] {logging_mixin.py:188} INFO - [2025-12-01T10:32:26.379+0000] {dagbag.py:540} INFO - Filling up the DagBag from /opt/airflow/dags/ingestion_dag.py
[2025-12-01T10:32:27.981+0000] {logging_mixin.py:188} INFO - [2025-12-01T10:32:27.981+0000] {warnings.py:109} WARNING - /opt/airflow/dags/ingestion_dag.py:257: RemovedInAirflow3Warning: Function `days_ago` is deprecated and will be removed in Airflow 3.0. You can achieve equivalent behavior with `pendulum.today('UTC').add(days=-N, ...)`
  start_date=days_ago(1),
[2025-12-01T10:32:27.981+0000] {logging_mixin.py:188} INFO - [2025-12-01T10:32:27.981+0000] {warnings.py:109} WARNING - /opt/airflow/dags/ingestion_dag.py:254: RemovedInAirflow3Warning: Param `schedule_interval` is deprecated and will be removed in a future release. Please use `schedule` instead. 
  with DAG(
[2025-12-01T10:32:27.986+0000] {processor.py:840} INFO - DAG(s) 'ingestion_dag' retrieved from /opt/airflow/dags/ingestion_dag.py
[2025-12-01T10:32:28.018+0000] {logging_mixin.py:188} INFO - [2025-12-01T10:32:28.017+0000] {dag.py:3047} INFO - Sync 1 DAGs
[2025-12-01T10:32:28.035+0000] {logging_mixin.py:188} INFO - [2025-12-01T10:32:28.035+0000] {dag.py:3834} INFO - Setting next_dagrun for ingestion_dag to 2025-12-01 10:32:00+00:00, run_after=2025-12-01 10:33:00+00:00
[2025-12-01T10:32:28.045+0000] {processor.py:183} INFO - Processing /opt/airflow/dags/ingestion_dag.py took 1.679 seconds
[2025-12-01T10:32:58.696+0000] {processor.py:161} INFO - Started process (PID=77314) to work on /opt/airflow/dags/ingestion_dag.py
[2025-12-01T10:32:58.700+0000] {processor.py:830} INFO - Processing file /opt/airflow/dags/ingestion_dag.py for tasks to queue
[2025-12-01T10:32:58.702+0000] {logging_mixin.py:188} INFO - [2025-12-01T10:32:58.701+0000] {dagbag.py:540} INFO - Filling up the DagBag from /opt/airflow/dags/ingestion_dag.py
[2025-12-01T10:33:00.673+0000] {logging_mixin.py:188} INFO - [2025-12-01T10:33:00.672+0000] {warnings.py:109} WARNING - /opt/airflow/dags/ingestion_dag.py:257: RemovedInAirflow3Warning: Function `days_ago` is deprecated and will be removed in Airflow 3.0. You can achieve equivalent behavior with `pendulum.today('UTC').add(days=-N, ...)`
  start_date=days_ago(1),
[2025-12-01T10:33:00.673+0000] {logging_mixin.py:188} INFO - [2025-12-01T10:33:00.673+0000] {warnings.py:109} WARNING - /opt/airflow/dags/ingestion_dag.py:254: RemovedInAirflow3Warning: Param `schedule_interval` is deprecated and will be removed in a future release. Please use `schedule` instead. 
  with DAG(
[2025-12-01T10:33:00.681+0000] {processor.py:840} INFO - DAG(s) 'ingestion_dag' retrieved from /opt/airflow/dags/ingestion_dag.py
[2025-12-01T10:33:00.712+0000] {logging_mixin.py:188} INFO - [2025-12-01T10:33:00.712+0000] {dag.py:3047} INFO - Sync 1 DAGs
[2025-12-01T10:33:00.738+0000] {logging_mixin.py:188} INFO - [2025-12-01T10:33:00.737+0000] {dag.py:3834} INFO - Setting next_dagrun for ingestion_dag to 2025-12-01 10:33:00+00:00, run_after=2025-12-01 10:34:00+00:00
[2025-12-01T10:33:00.752+0000] {processor.py:183} INFO - Processing /opt/airflow/dags/ingestion_dag.py took 2.069 seconds
[2025-12-01T10:33:31.346+0000] {processor.py:161} INFO - Started process (PID=77394) to work on /opt/airflow/dags/ingestion_dag.py
[2025-12-01T10:33:31.353+0000] {processor.py:830} INFO - Processing file /opt/airflow/dags/ingestion_dag.py for tasks to queue
[2025-12-01T10:33:31.356+0000] {logging_mixin.py:188} INFO - [2025-12-01T10:33:31.355+0000] {dagbag.py:540} INFO - Filling up the DagBag from /opt/airflow/dags/ingestion_dag.py
[2025-12-01T10:33:33.095+0000] {logging_mixin.py:188} INFO - [2025-12-01T10:33:33.094+0000] {warnings.py:109} WARNING - /opt/airflow/dags/ingestion_dag.py:257: RemovedInAirflow3Warning: Function `days_ago` is deprecated and will be removed in Airflow 3.0. You can achieve equivalent behavior with `pendulum.today('UTC').add(days=-N, ...)`
  start_date=days_ago(1),
[2025-12-01T10:33:33.095+0000] {logging_mixin.py:188} INFO - [2025-12-01T10:33:33.095+0000] {warnings.py:109} WARNING - /opt/airflow/dags/ingestion_dag.py:254: RemovedInAirflow3Warning: Param `schedule_interval` is deprecated and will be removed in a future release. Please use `schedule` instead. 
  with DAG(
[2025-12-01T10:33:33.101+0000] {processor.py:840} INFO - DAG(s) 'ingestion_dag' retrieved from /opt/airflow/dags/ingestion_dag.py
[2025-12-01T10:33:33.129+0000] {logging_mixin.py:188} INFO - [2025-12-01T10:33:33.128+0000] {dag.py:3047} INFO - Sync 1 DAGs
[2025-12-01T10:33:33.263+0000] {logging_mixin.py:188} INFO - [2025-12-01T10:33:33.262+0000] {dag.py:3834} INFO - Setting next_dagrun for ingestion_dag to 2025-12-01 10:33:00+00:00, run_after=2025-12-01 10:34:00+00:00
[2025-12-01T10:33:33.272+0000] {processor.py:183} INFO - Processing /opt/airflow/dags/ingestion_dag.py took 1.944 seconds
[2025-12-01T10:34:03.825+0000] {processor.py:161} INFO - Started process (PID=77429) to work on /opt/airflow/dags/ingestion_dag.py
[2025-12-01T10:34:03.827+0000] {processor.py:830} INFO - Processing file /opt/airflow/dags/ingestion_dag.py for tasks to queue
[2025-12-01T10:34:03.828+0000] {logging_mixin.py:188} INFO - [2025-12-01T10:34:03.827+0000] {dagbag.py:540} INFO - Filling up the DagBag from /opt/airflow/dags/ingestion_dag.py
[2025-12-01T10:34:05.674+0000] {logging_mixin.py:188} INFO - [2025-12-01T10:34:05.673+0000] {warnings.py:109} WARNING - /opt/airflow/dags/ingestion_dag.py:257: RemovedInAirflow3Warning: Function `days_ago` is deprecated and will be removed in Airflow 3.0. You can achieve equivalent behavior with `pendulum.today('UTC').add(days=-N, ...)`
  start_date=days_ago(1),
[2025-12-01T10:34:05.674+0000] {logging_mixin.py:188} INFO - [2025-12-01T10:34:05.674+0000] {warnings.py:109} WARNING - /opt/airflow/dags/ingestion_dag.py:254: RemovedInAirflow3Warning: Param `schedule_interval` is deprecated and will be removed in a future release. Please use `schedule` instead. 
  with DAG(
[2025-12-01T10:34:05.685+0000] {processor.py:840} INFO - DAG(s) 'ingestion_dag' retrieved from /opt/airflow/dags/ingestion_dag.py
[2025-12-01T10:34:05.714+0000] {logging_mixin.py:188} INFO - [2025-12-01T10:34:05.714+0000] {dag.py:3047} INFO - Sync 1 DAGs
[2025-12-01T10:34:05.750+0000] {logging_mixin.py:188} INFO - [2025-12-01T10:34:05.750+0000] {dag.py:3834} INFO - Setting next_dagrun for ingestion_dag to 2025-12-01 10:34:00+00:00, run_after=2025-12-01 10:35:00+00:00
[2025-12-01T10:34:05.766+0000] {processor.py:183} INFO - Processing /opt/airflow/dags/ingestion_dag.py took 1.945 seconds
[2025-12-01T10:34:36.503+0000] {processor.py:161} INFO - Started process (PID=77498) to work on /opt/airflow/dags/ingestion_dag.py
[2025-12-01T10:34:36.510+0000] {processor.py:830} INFO - Processing file /opt/airflow/dags/ingestion_dag.py for tasks to queue
[2025-12-01T10:34:36.512+0000] {logging_mixin.py:188} INFO - [2025-12-01T10:34:36.511+0000] {dagbag.py:540} INFO - Filling up the DagBag from /opt/airflow/dags/ingestion_dag.py
[2025-12-01T10:34:38.196+0000] {logging_mixin.py:188} INFO - [2025-12-01T10:34:38.196+0000] {warnings.py:109} WARNING - /opt/airflow/dags/ingestion_dag.py:257: RemovedInAirflow3Warning: Function `days_ago` is deprecated and will be removed in Airflow 3.0. You can achieve equivalent behavior with `pendulum.today('UTC').add(days=-N, ...)`
  start_date=days_ago(1),
[2025-12-01T10:34:38.197+0000] {logging_mixin.py:188} INFO - [2025-12-01T10:34:38.197+0000] {warnings.py:109} WARNING - /opt/airflow/dags/ingestion_dag.py:254: RemovedInAirflow3Warning: Param `schedule_interval` is deprecated and will be removed in a future release. Please use `schedule` instead. 
  with DAG(
[2025-12-01T10:34:38.203+0000] {processor.py:840} INFO - DAG(s) 'ingestion_dag' retrieved from /opt/airflow/dags/ingestion_dag.py
[2025-12-01T10:34:38.236+0000] {logging_mixin.py:188} INFO - [2025-12-01T10:34:38.236+0000] {dag.py:3047} INFO - Sync 1 DAGs
[2025-12-01T10:34:38.256+0000] {logging_mixin.py:188} INFO - [2025-12-01T10:34:38.256+0000] {dag.py:3834} INFO - Setting next_dagrun for ingestion_dag to 2025-12-01 10:34:00+00:00, run_after=2025-12-01 10:35:00+00:00
[2025-12-01T10:34:38.382+0000] {processor.py:183} INFO - Processing /opt/airflow/dags/ingestion_dag.py took 1.900 seconds
[2025-12-01T10:35:09.061+0000] {processor.py:161} INFO - Started process (PID=77556) to work on /opt/airflow/dags/ingestion_dag.py
[2025-12-01T10:35:09.063+0000] {processor.py:830} INFO - Processing file /opt/airflow/dags/ingestion_dag.py for tasks to queue
[2025-12-01T10:35:09.067+0000] {logging_mixin.py:188} INFO - [2025-12-01T10:35:09.066+0000] {dagbag.py:540} INFO - Filling up the DagBag from /opt/airflow/dags/ingestion_dag.py
[2025-12-01T10:35:12.346+0000] {logging_mixin.py:188} INFO - [2025-12-01T10:35:12.345+0000] {warnings.py:109} WARNING - /opt/airflow/dags/ingestion_dag.py:257: RemovedInAirflow3Warning: Function `days_ago` is deprecated and will be removed in Airflow 3.0. You can achieve equivalent behavior with `pendulum.today('UTC').add(days=-N, ...)`
  start_date=days_ago(1),
[2025-12-01T10:35:12.347+0000] {logging_mixin.py:188} INFO - [2025-12-01T10:35:12.347+0000] {warnings.py:109} WARNING - /opt/airflow/dags/ingestion_dag.py:254: RemovedInAirflow3Warning: Param `schedule_interval` is deprecated and will be removed in a future release. Please use `schedule` instead. 
  with DAG(
[2025-12-01T10:35:12.367+0000] {processor.py:840} INFO - DAG(s) 'ingestion_dag' retrieved from /opt/airflow/dags/ingestion_dag.py
[2025-12-01T10:35:12.778+0000] {logging_mixin.py:188} INFO - [2025-12-01T10:35:12.777+0000] {dag.py:3047} INFO - Sync 1 DAGs
[2025-12-01T10:35:12.820+0000] {logging_mixin.py:188} INFO - [2025-12-01T10:35:12.820+0000] {dag.py:3834} INFO - Setting next_dagrun for ingestion_dag to 2025-12-01 10:35:00+00:00, run_after=2025-12-01 10:36:00+00:00
[2025-12-01T10:35:12.841+0000] {processor.py:183} INFO - Processing /opt/airflow/dags/ingestion_dag.py took 3.793 seconds
[2025-12-01T10:35:43.641+0000] {processor.py:161} INFO - Started process (PID=77601) to work on /opt/airflow/dags/ingestion_dag.py
[2025-12-01T10:35:43.643+0000] {processor.py:830} INFO - Processing file /opt/airflow/dags/ingestion_dag.py for tasks to queue
[2025-12-01T10:35:43.645+0000] {logging_mixin.py:188} INFO - [2025-12-01T10:35:43.644+0000] {dagbag.py:540} INFO - Filling up the DagBag from /opt/airflow/dags/ingestion_dag.py
[2025-12-01T10:35:45.276+0000] {logging_mixin.py:188} INFO - [2025-12-01T10:35:45.276+0000] {warnings.py:109} WARNING - /opt/airflow/dags/ingestion_dag.py:257: RemovedInAirflow3Warning: Function `days_ago` is deprecated and will be removed in Airflow 3.0. You can achieve equivalent behavior with `pendulum.today('UTC').add(days=-N, ...)`
  start_date=days_ago(1),
[2025-12-01T10:35:45.276+0000] {logging_mixin.py:188} INFO - [2025-12-01T10:35:45.276+0000] {warnings.py:109} WARNING - /opt/airflow/dags/ingestion_dag.py:254: RemovedInAirflow3Warning: Param `schedule_interval` is deprecated and will be removed in a future release. Please use `schedule` instead. 
  with DAG(
[2025-12-01T10:35:45.280+0000] {processor.py:840} INFO - DAG(s) 'ingestion_dag' retrieved from /opt/airflow/dags/ingestion_dag.py
[2025-12-01T10:35:45.299+0000] {logging_mixin.py:188} INFO - [2025-12-01T10:35:45.299+0000] {dag.py:3047} INFO - Sync 1 DAGs
[2025-12-01T10:35:45.315+0000] {logging_mixin.py:188} INFO - [2025-12-01T10:35:45.315+0000] {dag.py:3834} INFO - Setting next_dagrun for ingestion_dag to 2025-12-01 10:35:00+00:00, run_after=2025-12-01 10:36:00+00:00
[2025-12-01T10:35:45.328+0000] {processor.py:183} INFO - Processing /opt/airflow/dags/ingestion_dag.py took 1.702 seconds
[2025-12-01T10:36:15.872+0000] {processor.py:161} INFO - Started process (PID=77687) to work on /opt/airflow/dags/ingestion_dag.py
[2025-12-01T10:36:15.881+0000] {processor.py:830} INFO - Processing file /opt/airflow/dags/ingestion_dag.py for tasks to queue
[2025-12-01T10:36:15.885+0000] {logging_mixin.py:188} INFO - [2025-12-01T10:36:15.884+0000] {dagbag.py:540} INFO - Filling up the DagBag from /opt/airflow/dags/ingestion_dag.py
[2025-12-01T10:36:17.537+0000] {logging_mixin.py:188} INFO - [2025-12-01T10:36:17.537+0000] {warnings.py:109} WARNING - /opt/airflow/dags/ingestion_dag.py:257: RemovedInAirflow3Warning: Function `days_ago` is deprecated and will be removed in Airflow 3.0. You can achieve equivalent behavior with `pendulum.today('UTC').add(days=-N, ...)`
  start_date=days_ago(1),
[2025-12-01T10:36:17.538+0000] {logging_mixin.py:188} INFO - [2025-12-01T10:36:17.538+0000] {warnings.py:109} WARNING - /opt/airflow/dags/ingestion_dag.py:254: RemovedInAirflow3Warning: Param `schedule_interval` is deprecated and will be removed in a future release. Please use `schedule` instead. 
  with DAG(
[2025-12-01T10:36:17.544+0000] {processor.py:840} INFO - DAG(s) 'ingestion_dag' retrieved from /opt/airflow/dags/ingestion_dag.py
[2025-12-01T10:36:17.702+0000] {logging_mixin.py:188} INFO - [2025-12-01T10:36:17.702+0000] {dag.py:3047} INFO - Sync 1 DAGs
[2025-12-01T10:36:17.719+0000] {logging_mixin.py:188} INFO - [2025-12-01T10:36:17.719+0000] {dag.py:3834} INFO - Setting next_dagrun for ingestion_dag to 2025-12-01 10:36:00+00:00, run_after=2025-12-01 10:37:00+00:00
[2025-12-01T10:36:17.728+0000] {processor.py:183} INFO - Processing /opt/airflow/dags/ingestion_dag.py took 1.867 seconds
[2025-12-01T10:36:48.426+0000] {processor.py:161} INFO - Started process (PID=77705) to work on /opt/airflow/dags/ingestion_dag.py
[2025-12-01T10:36:48.432+0000] {processor.py:830} INFO - Processing file /opt/airflow/dags/ingestion_dag.py for tasks to queue
[2025-12-01T10:36:48.435+0000] {logging_mixin.py:188} INFO - [2025-12-01T10:36:48.434+0000] {dagbag.py:540} INFO - Filling up the DagBag from /opt/airflow/dags/ingestion_dag.py
[2025-12-01T10:36:50.092+0000] {logging_mixin.py:188} INFO - [2025-12-01T10:36:50.091+0000] {warnings.py:109} WARNING - /opt/airflow/dags/ingestion_dag.py:257: RemovedInAirflow3Warning: Function `days_ago` is deprecated and will be removed in Airflow 3.0. You can achieve equivalent behavior with `pendulum.today('UTC').add(days=-N, ...)`
  start_date=days_ago(1),
[2025-12-01T10:36:50.092+0000] {logging_mixin.py:188} INFO - [2025-12-01T10:36:50.092+0000] {warnings.py:109} WARNING - /opt/airflow/dags/ingestion_dag.py:254: RemovedInAirflow3Warning: Param `schedule_interval` is deprecated and will be removed in a future release. Please use `schedule` instead. 
  with DAG(
[2025-12-01T10:36:50.097+0000] {processor.py:840} INFO - DAG(s) 'ingestion_dag' retrieved from /opt/airflow/dags/ingestion_dag.py
[2025-12-01T10:36:50.135+0000] {logging_mixin.py:188} INFO - [2025-12-01T10:36:50.135+0000] {dag.py:3047} INFO - Sync 1 DAGs
[2025-12-01T10:36:50.154+0000] {logging_mixin.py:188} INFO - [2025-12-01T10:36:50.154+0000] {dag.py:3834} INFO - Setting next_dagrun for ingestion_dag to 2025-12-01 10:36:00+00:00, run_after=2025-12-01 10:37:00+00:00
[2025-12-01T10:36:50.165+0000] {processor.py:183} INFO - Processing /opt/airflow/dags/ingestion_dag.py took 1.745 seconds
[2025-12-01T10:37:20.938+0000] {processor.py:161} INFO - Started process (PID=77785) to work on /opt/airflow/dags/ingestion_dag.py
[2025-12-01T10:37:20.941+0000] {processor.py:830} INFO - Processing file /opt/airflow/dags/ingestion_dag.py for tasks to queue
[2025-12-01T10:37:20.942+0000] {logging_mixin.py:188} INFO - [2025-12-01T10:37:20.942+0000] {dagbag.py:540} INFO - Filling up the DagBag from /opt/airflow/dags/ingestion_dag.py
[2025-12-01T10:37:22.484+0000] {logging_mixin.py:188} INFO - [2025-12-01T10:37:22.484+0000] {warnings.py:109} WARNING - /opt/airflow/dags/ingestion_dag.py:257: RemovedInAirflow3Warning: Function `days_ago` is deprecated and will be removed in Airflow 3.0. You can achieve equivalent behavior with `pendulum.today('UTC').add(days=-N, ...)`
  start_date=days_ago(1),
[2025-12-01T10:37:22.484+0000] {logging_mixin.py:188} INFO - [2025-12-01T10:37:22.484+0000] {warnings.py:109} WARNING - /opt/airflow/dags/ingestion_dag.py:254: RemovedInAirflow3Warning: Param `schedule_interval` is deprecated and will be removed in a future release. Please use `schedule` instead. 
  with DAG(
[2025-12-01T10:37:22.488+0000] {processor.py:840} INFO - DAG(s) 'ingestion_dag' retrieved from /opt/airflow/dags/ingestion_dag.py
[2025-12-01T10:37:22.508+0000] {logging_mixin.py:188} INFO - [2025-12-01T10:37:22.508+0000] {dag.py:3047} INFO - Sync 1 DAGs
[2025-12-01T10:37:22.623+0000] {logging_mixin.py:188} INFO - [2025-12-01T10:37:22.623+0000] {dag.py:3834} INFO - Setting next_dagrun for ingestion_dag to 2025-12-01 10:37:00+00:00, run_after=2025-12-01 10:38:00+00:00
[2025-12-01T10:37:22.633+0000] {processor.py:183} INFO - Processing /opt/airflow/dags/ingestion_dag.py took 1.707 seconds
[2025-12-01T10:37:53.431+0000] {processor.py:161} INFO - Started process (PID=77803) to work on /opt/airflow/dags/ingestion_dag.py
[2025-12-01T10:37:53.434+0000] {processor.py:830} INFO - Processing file /opt/airflow/dags/ingestion_dag.py for tasks to queue
[2025-12-01T10:37:53.436+0000] {logging_mixin.py:188} INFO - [2025-12-01T10:37:53.435+0000] {dagbag.py:540} INFO - Filling up the DagBag from /opt/airflow/dags/ingestion_dag.py
[2025-12-01T10:37:54.995+0000] {logging_mixin.py:188} INFO - [2025-12-01T10:37:54.995+0000] {warnings.py:109} WARNING - /opt/airflow/dags/ingestion_dag.py:257: RemovedInAirflow3Warning: Function `days_ago` is deprecated and will be removed in Airflow 3.0. You can achieve equivalent behavior with `pendulum.today('UTC').add(days=-N, ...)`
  start_date=days_ago(1),
[2025-12-01T10:37:54.996+0000] {logging_mixin.py:188} INFO - [2025-12-01T10:37:54.996+0000] {warnings.py:109} WARNING - /opt/airflow/dags/ingestion_dag.py:254: RemovedInAirflow3Warning: Param `schedule_interval` is deprecated and will be removed in a future release. Please use `schedule` instead. 
  with DAG(
[2025-12-01T10:37:55.093+0000] {processor.py:840} INFO - DAG(s) 'ingestion_dag' retrieved from /opt/airflow/dags/ingestion_dag.py
[2025-12-01T10:37:55.117+0000] {logging_mixin.py:188} INFO - [2025-12-01T10:37:55.117+0000] {dag.py:3047} INFO - Sync 1 DAGs
[2025-12-01T10:37:55.132+0000] {logging_mixin.py:188} INFO - [2025-12-01T10:37:55.132+0000] {dag.py:3834} INFO - Setting next_dagrun for ingestion_dag to 2025-12-01 10:37:00+00:00, run_after=2025-12-01 10:38:00+00:00
[2025-12-01T10:37:55.144+0000] {processor.py:183} INFO - Processing /opt/airflow/dags/ingestion_dag.py took 1.725 seconds
[2025-12-01T10:38:25.824+0000] {processor.py:161} INFO - Started process (PID=77889) to work on /opt/airflow/dags/ingestion_dag.py
[2025-12-01T10:38:25.827+0000] {processor.py:830} INFO - Processing file /opt/airflow/dags/ingestion_dag.py for tasks to queue
[2025-12-01T10:38:25.829+0000] {logging_mixin.py:188} INFO - [2025-12-01T10:38:25.828+0000] {dagbag.py:540} INFO - Filling up the DagBag from /opt/airflow/dags/ingestion_dag.py
[2025-12-01T10:38:27.435+0000] {logging_mixin.py:188} INFO - [2025-12-01T10:38:27.435+0000] {warnings.py:109} WARNING - /opt/airflow/dags/ingestion_dag.py:257: RemovedInAirflow3Warning: Function `days_ago` is deprecated and will be removed in Airflow 3.0. You can achieve equivalent behavior with `pendulum.today('UTC').add(days=-N, ...)`
  start_date=days_ago(1),
[2025-12-01T10:38:27.435+0000] {logging_mixin.py:188} INFO - [2025-12-01T10:38:27.435+0000] {warnings.py:109} WARNING - /opt/airflow/dags/ingestion_dag.py:254: RemovedInAirflow3Warning: Param `schedule_interval` is deprecated and will be removed in a future release. Please use `schedule` instead. 
  with DAG(
[2025-12-01T10:38:27.439+0000] {processor.py:840} INFO - DAG(s) 'ingestion_dag' retrieved from /opt/airflow/dags/ingestion_dag.py
[2025-12-01T10:38:27.458+0000] {logging_mixin.py:188} INFO - [2025-12-01T10:38:27.458+0000] {dag.py:3047} INFO - Sync 1 DAGs
[2025-12-01T10:38:27.474+0000] {logging_mixin.py:188} INFO - [2025-12-01T10:38:27.474+0000] {dag.py:3834} INFO - Setting next_dagrun for ingestion_dag to 2025-12-01 10:38:00+00:00, run_after=2025-12-01 10:39:00+00:00
[2025-12-01T10:38:27.586+0000] {processor.py:183} INFO - Processing /opt/airflow/dags/ingestion_dag.py took 1.773 seconds
[2025-12-01T10:38:58.300+0000] {processor.py:161} INFO - Started process (PID=77907) to work on /opt/airflow/dags/ingestion_dag.py
[2025-12-01T10:38:58.303+0000] {processor.py:830} INFO - Processing file /opt/airflow/dags/ingestion_dag.py for tasks to queue
[2025-12-01T10:38:58.304+0000] {logging_mixin.py:188} INFO - [2025-12-01T10:38:58.303+0000] {dagbag.py:540} INFO - Filling up the DagBag from /opt/airflow/dags/ingestion_dag.py
[2025-12-01T10:38:59.980+0000] {logging_mixin.py:188} INFO - [2025-12-01T10:38:59.979+0000] {warnings.py:109} WARNING - /opt/airflow/dags/ingestion_dag.py:257: RemovedInAirflow3Warning: Function `days_ago` is deprecated and will be removed in Airflow 3.0. You can achieve equivalent behavior with `pendulum.today('UTC').add(days=-N, ...)`
  start_date=days_ago(1),
[2025-12-01T10:38:59.980+0000] {logging_mixin.py:188} INFO - [2025-12-01T10:38:59.980+0000] {warnings.py:109} WARNING - /opt/airflow/dags/ingestion_dag.py:254: RemovedInAirflow3Warning: Param `schedule_interval` is deprecated and will be removed in a future release. Please use `schedule` instead. 
  with DAG(
[2025-12-01T10:38:59.985+0000] {processor.py:840} INFO - DAG(s) 'ingestion_dag' retrieved from /opt/airflow/dags/ingestion_dag.py
[2025-12-01T10:39:00.146+0000] {logging_mixin.py:188} INFO - [2025-12-01T10:39:00.146+0000] {dag.py:3047} INFO - Sync 1 DAGs
[2025-12-01T10:39:00.174+0000] {logging_mixin.py:188} INFO - [2025-12-01T10:39:00.174+0000] {dag.py:3834} INFO - Setting next_dagrun for ingestion_dag to 2025-12-01 10:38:00+00:00, run_after=2025-12-01 10:39:00+00:00
[2025-12-01T10:39:00.184+0000] {processor.py:183} INFO - Processing /opt/airflow/dags/ingestion_dag.py took 1.893 seconds
[2025-12-01T10:39:30.852+0000] {processor.py:161} INFO - Started process (PID=77987) to work on /opt/airflow/dags/ingestion_dag.py
[2025-12-01T10:39:30.855+0000] {processor.py:830} INFO - Processing file /opt/airflow/dags/ingestion_dag.py for tasks to queue
[2025-12-01T10:39:30.857+0000] {logging_mixin.py:188} INFO - [2025-12-01T10:39:30.856+0000] {dagbag.py:540} INFO - Filling up the DagBag from /opt/airflow/dags/ingestion_dag.py
[2025-12-01T10:39:32.494+0000] {logging_mixin.py:188} INFO - [2025-12-01T10:39:32.494+0000] {warnings.py:109} WARNING - /opt/airflow/dags/ingestion_dag.py:257: RemovedInAirflow3Warning: Function `days_ago` is deprecated and will be removed in Airflow 3.0. You can achieve equivalent behavior with `pendulum.today('UTC').add(days=-N, ...)`
  start_date=days_ago(1),
[2025-12-01T10:39:32.495+0000] {logging_mixin.py:188} INFO - [2025-12-01T10:39:32.495+0000] {warnings.py:109} WARNING - /opt/airflow/dags/ingestion_dag.py:254: RemovedInAirflow3Warning: Param `schedule_interval` is deprecated and will be removed in a future release. Please use `schedule` instead. 
  with DAG(
[2025-12-01T10:39:32.498+0000] {processor.py:840} INFO - DAG(s) 'ingestion_dag' retrieved from /opt/airflow/dags/ingestion_dag.py
[2025-12-01T10:39:32.524+0000] {logging_mixin.py:188} INFO - [2025-12-01T10:39:32.524+0000] {dag.py:3047} INFO - Sync 1 DAGs
[2025-12-01T10:39:32.539+0000] {logging_mixin.py:188} INFO - [2025-12-01T10:39:32.539+0000] {dag.py:3834} INFO - Setting next_dagrun for ingestion_dag to 2025-12-01 10:39:00+00:00, run_after=2025-12-01 10:40:00+00:00
[2025-12-01T10:39:32.548+0000] {processor.py:183} INFO - Processing /opt/airflow/dags/ingestion_dag.py took 1.719 seconds
[2025-12-01T10:40:03.365+0000] {processor.py:161} INFO - Started process (PID=78023) to work on /opt/airflow/dags/ingestion_dag.py
[2025-12-01T10:40:03.368+0000] {processor.py:830} INFO - Processing file /opt/airflow/dags/ingestion_dag.py for tasks to queue
[2025-12-01T10:40:03.370+0000] {logging_mixin.py:188} INFO - [2025-12-01T10:40:03.369+0000] {dagbag.py:540} INFO - Filling up the DagBag from /opt/airflow/dags/ingestion_dag.py
[2025-12-01T10:40:04.822+0000] {logging_mixin.py:188} INFO - [2025-12-01T10:40:04.821+0000] {warnings.py:109} WARNING - /opt/airflow/dags/ingestion_dag.py:257: RemovedInAirflow3Warning: Function `days_ago` is deprecated and will be removed in Airflow 3.0. You can achieve equivalent behavior with `pendulum.today('UTC').add(days=-N, ...)`
  start_date=days_ago(1),
[2025-12-01T10:40:04.822+0000] {logging_mixin.py:188} INFO - [2025-12-01T10:40:04.822+0000] {warnings.py:109} WARNING - /opt/airflow/dags/ingestion_dag.py:254: RemovedInAirflow3Warning: Param `schedule_interval` is deprecated and will be removed in a future release. Please use `schedule` instead. 
  with DAG(
[2025-12-01T10:40:04.826+0000] {processor.py:840} INFO - DAG(s) 'ingestion_dag' retrieved from /opt/airflow/dags/ingestion_dag.py
[2025-12-01T10:40:04.844+0000] {logging_mixin.py:188} INFO - [2025-12-01T10:40:04.844+0000] {dag.py:3047} INFO - Sync 1 DAGs
[2025-12-01T10:40:05.005+0000] {logging_mixin.py:188} INFO - [2025-12-01T10:40:05.005+0000] {dag.py:3834} INFO - Setting next_dagrun for ingestion_dag to 2025-12-01 10:40:00+00:00, run_after=2025-12-01 10:41:00+00:00
[2025-12-01T10:40:05.021+0000] {processor.py:183} INFO - Processing /opt/airflow/dags/ingestion_dag.py took 1.662 seconds
[2025-12-01T10:40:35.791+0000] {processor.py:161} INFO - Started process (PID=78091) to work on /opt/airflow/dags/ingestion_dag.py
[2025-12-01T10:40:35.794+0000] {processor.py:830} INFO - Processing file /opt/airflow/dags/ingestion_dag.py for tasks to queue
[2025-12-01T10:40:35.795+0000] {logging_mixin.py:188} INFO - [2025-12-01T10:40:35.794+0000] {dagbag.py:540} INFO - Filling up the DagBag from /opt/airflow/dags/ingestion_dag.py
[2025-12-01T10:40:37.432+0000] {logging_mixin.py:188} INFO - [2025-12-01T10:40:37.431+0000] {warnings.py:109} WARNING - /opt/airflow/dags/ingestion_dag.py:257: RemovedInAirflow3Warning: Function `days_ago` is deprecated and will be removed in Airflow 3.0. You can achieve equivalent behavior with `pendulum.today('UTC').add(days=-N, ...)`
  start_date=days_ago(1),
[2025-12-01T10:40:37.432+0000] {logging_mixin.py:188} INFO - [2025-12-01T10:40:37.432+0000] {warnings.py:109} WARNING - /opt/airflow/dags/ingestion_dag.py:254: RemovedInAirflow3Warning: Param `schedule_interval` is deprecated and will be removed in a future release. Please use `schedule` instead. 
  with DAG(
[2025-12-01T10:40:37.534+0000] {processor.py:840} INFO - DAG(s) 'ingestion_dag' retrieved from /opt/airflow/dags/ingestion_dag.py
[2025-12-01T10:40:37.559+0000] {logging_mixin.py:188} INFO - [2025-12-01T10:40:37.559+0000] {dag.py:3047} INFO - Sync 1 DAGs
[2025-12-01T10:40:37.576+0000] {logging_mixin.py:188} INFO - [2025-12-01T10:40:37.576+0000] {dag.py:3834} INFO - Setting next_dagrun for ingestion_dag to 2025-12-01 10:40:00+00:00, run_after=2025-12-01 10:41:00+00:00
[2025-12-01T10:40:37.589+0000] {processor.py:183} INFO - Processing /opt/airflow/dags/ingestion_dag.py took 1.810 seconds
[2025-12-01T10:41:08.208+0000] {processor.py:161} INFO - Started process (PID=78144) to work on /opt/airflow/dags/ingestion_dag.py
[2025-12-01T10:41:08.211+0000] {processor.py:830} INFO - Processing file /opt/airflow/dags/ingestion_dag.py for tasks to queue
[2025-12-01T10:41:08.215+0000] {logging_mixin.py:188} INFO - [2025-12-01T10:41:08.213+0000] {dagbag.py:540} INFO - Filling up the DagBag from /opt/airflow/dags/ingestion_dag.py
[2025-12-01T10:41:11.304+0000] {logging_mixin.py:188} INFO - [2025-12-01T10:41:11.302+0000] {warnings.py:109} WARNING - /opt/airflow/dags/ingestion_dag.py:257: RemovedInAirflow3Warning: Function `days_ago` is deprecated and will be removed in Airflow 3.0. You can achieve equivalent behavior with `pendulum.today('UTC').add(days=-N, ...)`
  start_date=days_ago(1),
[2025-12-01T10:41:11.305+0000] {logging_mixin.py:188} INFO - [2025-12-01T10:41:11.305+0000] {warnings.py:109} WARNING - /opt/airflow/dags/ingestion_dag.py:254: RemovedInAirflow3Warning: Param `schedule_interval` is deprecated and will be removed in a future release. Please use `schedule` instead. 
  with DAG(
[2025-12-01T10:41:11.312+0000] {processor.py:840} INFO - DAG(s) 'ingestion_dag' retrieved from /opt/airflow/dags/ingestion_dag.py
[2025-12-01T10:41:11.335+0000] {logging_mixin.py:188} INFO - [2025-12-01T10:41:11.334+0000] {dag.py:3047} INFO - Sync 1 DAGs
[2025-12-01T10:41:11.384+0000] {logging_mixin.py:188} INFO - [2025-12-01T10:41:11.384+0000] {dag.py:3834} INFO - Setting next_dagrun for ingestion_dag to 2025-12-01 10:41:00+00:00, run_after=2025-12-01 10:42:00+00:00
[2025-12-01T10:41:11.414+0000] {processor.py:183} INFO - Processing /opt/airflow/dags/ingestion_dag.py took 3.221 seconds
[2025-12-01T10:41:41.640+0000] {processor.py:161} INFO - Started process (PID=78189) to work on /opt/airflow/dags/ingestion_dag.py
[2025-12-01T10:41:41.642+0000] {processor.py:830} INFO - Processing file /opt/airflow/dags/ingestion_dag.py for tasks to queue
[2025-12-01T10:41:41.643+0000] {logging_mixin.py:188} INFO - [2025-12-01T10:41:41.643+0000] {dagbag.py:540} INFO - Filling up the DagBag from /opt/airflow/dags/ingestion_dag.py
[2025-12-01T10:41:43.278+0000] {logging_mixin.py:188} INFO - [2025-12-01T10:41:43.277+0000] {warnings.py:109} WARNING - /opt/airflow/dags/ingestion_dag.py:257: RemovedInAirflow3Warning: Function `days_ago` is deprecated and will be removed in Airflow 3.0. You can achieve equivalent behavior with `pendulum.today('UTC').add(days=-N, ...)`
  start_date=days_ago(1),
[2025-12-01T10:41:43.278+0000] {logging_mixin.py:188} INFO - [2025-12-01T10:41:43.278+0000] {warnings.py:109} WARNING - /opt/airflow/dags/ingestion_dag.py:254: RemovedInAirflow3Warning: Param `schedule_interval` is deprecated and will be removed in a future release. Please use `schedule` instead. 
  with DAG(
[2025-12-01T10:41:43.282+0000] {processor.py:840} INFO - DAG(s) 'ingestion_dag' retrieved from /opt/airflow/dags/ingestion_dag.py
[2025-12-01T10:41:43.393+0000] {logging_mixin.py:188} INFO - [2025-12-01T10:41:43.393+0000] {dag.py:3047} INFO - Sync 1 DAGs
[2025-12-01T10:41:43.411+0000] {logging_mixin.py:188} INFO - [2025-12-01T10:41:43.411+0000] {dag.py:3834} INFO - Setting next_dagrun for ingestion_dag to 2025-12-01 10:41:00+00:00, run_after=2025-12-01 10:42:00+00:00
[2025-12-01T10:41:43.420+0000] {processor.py:183} INFO - Processing /opt/airflow/dags/ingestion_dag.py took 1.789 seconds
[2025-12-01T10:42:14.275+0000] {processor.py:161} INFO - Started process (PID=78280) to work on /opt/airflow/dags/ingestion_dag.py
[2025-12-01T10:42:14.277+0000] {processor.py:830} INFO - Processing file /opt/airflow/dags/ingestion_dag.py for tasks to queue
[2025-12-01T10:42:14.278+0000] {logging_mixin.py:188} INFO - [2025-12-01T10:42:14.278+0000] {dagbag.py:540} INFO - Filling up the DagBag from /opt/airflow/dags/ingestion_dag.py
[2025-12-01T10:42:15.920+0000] {logging_mixin.py:188} INFO - [2025-12-01T10:42:15.920+0000] {warnings.py:109} WARNING - /opt/airflow/dags/ingestion_dag.py:257: RemovedInAirflow3Warning: Function `days_ago` is deprecated and will be removed in Airflow 3.0. You can achieve equivalent behavior with `pendulum.today('UTC').add(days=-N, ...)`
  start_date=days_ago(1),
[2025-12-01T10:42:15.921+0000] {logging_mixin.py:188} INFO - [2025-12-01T10:42:15.921+0000] {warnings.py:109} WARNING - /opt/airflow/dags/ingestion_dag.py:254: RemovedInAirflow3Warning: Param `schedule_interval` is deprecated and will be removed in a future release. Please use `schedule` instead. 
  with DAG(
[2025-12-01T10:42:15.925+0000] {processor.py:840} INFO - DAG(s) 'ingestion_dag' retrieved from /opt/airflow/dags/ingestion_dag.py
[2025-12-01T10:42:15.945+0000] {logging_mixin.py:188} INFO - [2025-12-01T10:42:15.945+0000] {dag.py:3047} INFO - Sync 1 DAGs
[2025-12-01T10:42:15.960+0000] {logging_mixin.py:188} INFO - [2025-12-01T10:42:15.960+0000] {dag.py:3834} INFO - Setting next_dagrun for ingestion_dag to 2025-12-01 10:42:00+00:00, run_after=2025-12-01 10:43:00+00:00
[2025-12-01T10:42:15.969+0000] {processor.py:183} INFO - Processing /opt/airflow/dags/ingestion_dag.py took 1.700 seconds
[2025-12-01T10:42:46.826+0000] {processor.py:161} INFO - Started process (PID=78298) to work on /opt/airflow/dags/ingestion_dag.py
[2025-12-01T10:42:46.828+0000] {processor.py:830} INFO - Processing file /opt/airflow/dags/ingestion_dag.py for tasks to queue
[2025-12-01T10:42:46.829+0000] {logging_mixin.py:188} INFO - [2025-12-01T10:42:46.829+0000] {dagbag.py:540} INFO - Filling up the DagBag from /opt/airflow/dags/ingestion_dag.py
[2025-12-01T10:42:48.466+0000] {logging_mixin.py:188} INFO - [2025-12-01T10:42:48.466+0000] {warnings.py:109} WARNING - /opt/airflow/dags/ingestion_dag.py:257: RemovedInAirflow3Warning: Function `days_ago` is deprecated and will be removed in Airflow 3.0. You can achieve equivalent behavior with `pendulum.today('UTC').add(days=-N, ...)`
  start_date=days_ago(1),
[2025-12-01T10:42:48.466+0000] {logging_mixin.py:188} INFO - [2025-12-01T10:42:48.466+0000] {warnings.py:109} WARNING - /opt/airflow/dags/ingestion_dag.py:254: RemovedInAirflow3Warning: Param `schedule_interval` is deprecated and will be removed in a future release. Please use `schedule` instead. 
  with DAG(
[2025-12-01T10:42:48.470+0000] {processor.py:840} INFO - DAG(s) 'ingestion_dag' retrieved from /opt/airflow/dags/ingestion_dag.py
[2025-12-01T10:42:48.494+0000] {logging_mixin.py:188} INFO - [2025-12-01T10:42:48.494+0000] {dag.py:3047} INFO - Sync 1 DAGs
[2025-12-01T10:42:48.512+0000] {logging_mixin.py:188} INFO - [2025-12-01T10:42:48.512+0000] {dag.py:3834} INFO - Setting next_dagrun for ingestion_dag to 2025-12-01 10:42:00+00:00, run_after=2025-12-01 10:43:00+00:00
[2025-12-01T10:42:48.522+0000] {processor.py:183} INFO - Processing /opt/airflow/dags/ingestion_dag.py took 1.703 seconds
[2025-12-01T10:43:19.379+0000] {processor.py:161} INFO - Started process (PID=78378) to work on /opt/airflow/dags/ingestion_dag.py
[2025-12-01T10:43:19.381+0000] {processor.py:830} INFO - Processing file /opt/airflow/dags/ingestion_dag.py for tasks to queue
[2025-12-01T10:43:19.383+0000] {logging_mixin.py:188} INFO - [2025-12-01T10:43:19.382+0000] {dagbag.py:540} INFO - Filling up the DagBag from /opt/airflow/dags/ingestion_dag.py
[2025-12-01T10:43:21.328+0000] {logging_mixin.py:188} INFO - [2025-12-01T10:43:21.327+0000] {warnings.py:109} WARNING - /opt/airflow/dags/ingestion_dag.py:257: RemovedInAirflow3Warning: Function `days_ago` is deprecated and will be removed in Airflow 3.0. You can achieve equivalent behavior with `pendulum.today('UTC').add(days=-N, ...)`
  start_date=days_ago(1),
[2025-12-01T10:43:21.328+0000] {logging_mixin.py:188} INFO - [2025-12-01T10:43:21.328+0000] {warnings.py:109} WARNING - /opt/airflow/dags/ingestion_dag.py:254: RemovedInAirflow3Warning: Param `schedule_interval` is deprecated and will be removed in a future release. Please use `schedule` instead. 
  with DAG(
[2025-12-01T10:43:21.333+0000] {processor.py:840} INFO - DAG(s) 'ingestion_dag' retrieved from /opt/airflow/dags/ingestion_dag.py
[2025-12-01T10:43:21.362+0000] {logging_mixin.py:188} INFO - [2025-12-01T10:43:21.361+0000] {dag.py:3047} INFO - Sync 1 DAGs
[2025-12-01T10:43:21.380+0000] {logging_mixin.py:188} INFO - [2025-12-01T10:43:21.379+0000] {dag.py:3834} INFO - Setting next_dagrun for ingestion_dag to 2025-12-01 10:43:00+00:00, run_after=2025-12-01 10:44:00+00:00
[2025-12-01T10:43:21.390+0000] {processor.py:183} INFO - Processing /opt/airflow/dags/ingestion_dag.py took 2.017 seconds
[2025-12-01T10:43:51.930+0000] {processor.py:161} INFO - Started process (PID=78396) to work on /opt/airflow/dags/ingestion_dag.py
[2025-12-01T10:43:51.932+0000] {processor.py:830} INFO - Processing file /opt/airflow/dags/ingestion_dag.py for tasks to queue
[2025-12-01T10:43:51.934+0000] {logging_mixin.py:188} INFO - [2025-12-01T10:43:51.933+0000] {dagbag.py:540} INFO - Filling up the DagBag from /opt/airflow/dags/ingestion_dag.py
[2025-12-01T10:43:53.639+0000] {logging_mixin.py:188} INFO - [2025-12-01T10:43:53.639+0000] {warnings.py:109} WARNING - /opt/airflow/dags/ingestion_dag.py:257: RemovedInAirflow3Warning: Function `days_ago` is deprecated and will be removed in Airflow 3.0. You can achieve equivalent behavior with `pendulum.today('UTC').add(days=-N, ...)`
  start_date=days_ago(1),
[2025-12-01T10:43:53.639+0000] {logging_mixin.py:188} INFO - [2025-12-01T10:43:53.639+0000] {warnings.py:109} WARNING - /opt/airflow/dags/ingestion_dag.py:254: RemovedInAirflow3Warning: Param `schedule_interval` is deprecated and will be removed in a future release. Please use `schedule` instead. 
  with DAG(
[2025-12-01T10:43:53.643+0000] {processor.py:840} INFO - DAG(s) 'ingestion_dag' retrieved from /opt/airflow/dags/ingestion_dag.py
[2025-12-01T10:43:53.668+0000] {logging_mixin.py:188} INFO - [2025-12-01T10:43:53.668+0000] {dag.py:3047} INFO - Sync 1 DAGs
[2025-12-01T10:43:53.685+0000] {logging_mixin.py:188} INFO - [2025-12-01T10:43:53.685+0000] {dag.py:3834} INFO - Setting next_dagrun for ingestion_dag to 2025-12-01 10:43:00+00:00, run_after=2025-12-01 10:44:00+00:00
[2025-12-01T10:43:53.695+0000] {processor.py:183} INFO - Processing /opt/airflow/dags/ingestion_dag.py took 1.784 seconds
[2025-12-01T10:44:23.861+0000] {processor.py:161} INFO - Started process (PID=78482) to work on /opt/airflow/dags/ingestion_dag.py
[2025-12-01T10:44:23.864+0000] {processor.py:830} INFO - Processing file /opt/airflow/dags/ingestion_dag.py for tasks to queue
[2025-12-01T10:44:23.866+0000] {logging_mixin.py:188} INFO - [2025-12-01T10:44:23.865+0000] {dagbag.py:540} INFO - Filling up the DagBag from /opt/airflow/dags/ingestion_dag.py
[2025-12-01T10:44:25.482+0000] {logging_mixin.py:188} INFO - [2025-12-01T10:44:25.482+0000] {warnings.py:109} WARNING - /opt/airflow/dags/ingestion_dag.py:257: RemovedInAirflow3Warning: Function `days_ago` is deprecated and will be removed in Airflow 3.0. You can achieve equivalent behavior with `pendulum.today('UTC').add(days=-N, ...)`
  start_date=days_ago(1),
[2025-12-01T10:44:25.482+0000] {logging_mixin.py:188} INFO - [2025-12-01T10:44:25.482+0000] {warnings.py:109} WARNING - /opt/airflow/dags/ingestion_dag.py:254: RemovedInAirflow3Warning: Param `schedule_interval` is deprecated and will be removed in a future release. Please use `schedule` instead. 
  with DAG(
[2025-12-01T10:44:25.613+0000] {processor.py:840} INFO - DAG(s) 'ingestion_dag' retrieved from /opt/airflow/dags/ingestion_dag.py
[2025-12-01T10:44:25.641+0000] {logging_mixin.py:188} INFO - [2025-12-01T10:44:25.640+0000] {dag.py:3047} INFO - Sync 1 DAGs
[2025-12-01T10:44:25.658+0000] {logging_mixin.py:188} INFO - [2025-12-01T10:44:25.658+0000] {dag.py:3834} INFO - Setting next_dagrun for ingestion_dag to 2025-12-01 10:44:00+00:00, run_after=2025-12-01 10:45:00+00:00
[2025-12-01T10:44:25.668+0000] {processor.py:183} INFO - Processing /opt/airflow/dags/ingestion_dag.py took 1.822 seconds
[2025-12-01T10:44:56.112+0000] {processor.py:161} INFO - Started process (PID=78500) to work on /opt/airflow/dags/ingestion_dag.py
[2025-12-01T10:44:56.114+0000] {processor.py:830} INFO - Processing file /opt/airflow/dags/ingestion_dag.py for tasks to queue
[2025-12-01T10:44:56.116+0000] {logging_mixin.py:188} INFO - [2025-12-01T10:44:56.115+0000] {dagbag.py:540} INFO - Filling up the DagBag from /opt/airflow/dags/ingestion_dag.py
[2025-12-01T10:44:58.071+0000] {logging_mixin.py:188} INFO - [2025-12-01T10:44:58.070+0000] {warnings.py:109} WARNING - /opt/airflow/dags/ingestion_dag.py:257: RemovedInAirflow3Warning: Function `days_ago` is deprecated and will be removed in Airflow 3.0. You can achieve equivalent behavior with `pendulum.today('UTC').add(days=-N, ...)`
  start_date=days_ago(1),
[2025-12-01T10:44:58.071+0000] {logging_mixin.py:188} INFO - [2025-12-01T10:44:58.071+0000] {warnings.py:109} WARNING - /opt/airflow/dags/ingestion_dag.py:254: RemovedInAirflow3Warning: Param `schedule_interval` is deprecated and will be removed in a future release. Please use `schedule` instead. 
  with DAG(
[2025-12-01T10:44:58.076+0000] {processor.py:840} INFO - DAG(s) 'ingestion_dag' retrieved from /opt/airflow/dags/ingestion_dag.py
[2025-12-01T10:44:58.118+0000] {logging_mixin.py:188} INFO - [2025-12-01T10:44:58.118+0000] {dag.py:3047} INFO - Sync 1 DAGs
[2025-12-01T10:44:58.142+0000] {logging_mixin.py:188} INFO - [2025-12-01T10:44:58.142+0000] {dag.py:3834} INFO - Setting next_dagrun for ingestion_dag to 2025-12-01 10:44:00+00:00, run_after=2025-12-01 10:45:00+00:00
[2025-12-01T10:44:58.152+0000] {processor.py:183} INFO - Processing /opt/airflow/dags/ingestion_dag.py took 2.055 seconds
[2025-12-01T10:45:28.707+0000] {processor.py:161} INFO - Started process (PID=78580) to work on /opt/airflow/dags/ingestion_dag.py
[2025-12-01T10:45:28.709+0000] {processor.py:830} INFO - Processing file /opt/airflow/dags/ingestion_dag.py for tasks to queue
[2025-12-01T10:45:28.710+0000] {logging_mixin.py:188} INFO - [2025-12-01T10:45:28.710+0000] {dagbag.py:540} INFO - Filling up the DagBag from /opt/airflow/dags/ingestion_dag.py
[2025-12-01T10:45:30.534+0000] {logging_mixin.py:188} INFO - [2025-12-01T10:45:30.534+0000] {warnings.py:109} WARNING - /opt/airflow/dags/ingestion_dag.py:257: RemovedInAirflow3Warning: Function `days_ago` is deprecated and will be removed in Airflow 3.0. You can achieve equivalent behavior with `pendulum.today('UTC').add(days=-N, ...)`
  start_date=days_ago(1),
[2025-12-01T10:45:30.535+0000] {logging_mixin.py:188} INFO - [2025-12-01T10:45:30.535+0000] {warnings.py:109} WARNING - /opt/airflow/dags/ingestion_dag.py:254: RemovedInAirflow3Warning: Param `schedule_interval` is deprecated and will be removed in a future release. Please use `schedule` instead. 
  with DAG(
[2025-12-01T10:45:30.539+0000] {processor.py:840} INFO - DAG(s) 'ingestion_dag' retrieved from /opt/airflow/dags/ingestion_dag.py
[2025-12-01T10:45:30.574+0000] {logging_mixin.py:188} INFO - [2025-12-01T10:45:30.574+0000] {dag.py:3047} INFO - Sync 1 DAGs
[2025-12-01T10:45:30.592+0000] {logging_mixin.py:188} INFO - [2025-12-01T10:45:30.592+0000] {dag.py:3834} INFO - Setting next_dagrun for ingestion_dag to 2025-12-01 10:45:00+00:00, run_after=2025-12-01 10:46:00+00:00
[2025-12-01T10:45:30.603+0000] {processor.py:183} INFO - Processing /opt/airflow/dags/ingestion_dag.py took 1.907 seconds
[2025-12-01T10:46:01.155+0000] {processor.py:161} INFO - Started process (PID=78600) to work on /opt/airflow/dags/ingestion_dag.py
[2025-12-01T10:46:01.158+0000] {processor.py:830} INFO - Processing file /opt/airflow/dags/ingestion_dag.py for tasks to queue
[2025-12-01T10:46:01.165+0000] {logging_mixin.py:188} INFO - [2025-12-01T10:46:01.162+0000] {dagbag.py:540} INFO - Filling up the DagBag from /opt/airflow/dags/ingestion_dag.py
[2025-12-01T10:46:03.474+0000] {logging_mixin.py:188} INFO - [2025-12-01T10:46:03.474+0000] {warnings.py:109} WARNING - /opt/airflow/dags/ingestion_dag.py:257: RemovedInAirflow3Warning: Function `days_ago` is deprecated and will be removed in Airflow 3.0. You can achieve equivalent behavior with `pendulum.today('UTC').add(days=-N, ...)`
  start_date=days_ago(1),
[2025-12-01T10:46:03.474+0000] {logging_mixin.py:188} INFO - [2025-12-01T10:46:03.474+0000] {warnings.py:109} WARNING - /opt/airflow/dags/ingestion_dag.py:254: RemovedInAirflow3Warning: Param `schedule_interval` is deprecated and will be removed in a future release. Please use `schedule` instead. 
  with DAG(
[2025-12-01T10:46:03.480+0000] {processor.py:840} INFO - DAG(s) 'ingestion_dag' retrieved from /opt/airflow/dags/ingestion_dag.py
[2025-12-01T10:46:03.502+0000] {logging_mixin.py:188} INFO - [2025-12-01T10:46:03.502+0000] {dag.py:3047} INFO - Sync 1 DAGs
[2025-12-01T10:46:03.523+0000] {logging_mixin.py:188} INFO - [2025-12-01T10:46:03.523+0000] {dag.py:3834} INFO - Setting next_dagrun for ingestion_dag to 2025-12-01 10:46:00+00:00, run_after=2025-12-01 10:47:00+00:00
[2025-12-01T10:46:03.537+0000] {processor.py:183} INFO - Processing /opt/airflow/dags/ingestion_dag.py took 2.399 seconds
[2025-12-01T10:46:33.979+0000] {processor.py:161} INFO - Started process (PID=78684) to work on /opt/airflow/dags/ingestion_dag.py
[2025-12-01T10:46:33.982+0000] {processor.py:830} INFO - Processing file /opt/airflow/dags/ingestion_dag.py for tasks to queue
[2025-12-01T10:46:33.984+0000] {logging_mixin.py:188} INFO - [2025-12-01T10:46:33.983+0000] {dagbag.py:540} INFO - Filling up the DagBag from /opt/airflow/dags/ingestion_dag.py
[2025-12-01T10:46:36.148+0000] {logging_mixin.py:188} INFO - [2025-12-01T10:46:36.147+0000] {warnings.py:109} WARNING - /opt/airflow/dags/ingestion_dag.py:257: RemovedInAirflow3Warning: Function `days_ago` is deprecated and will be removed in Airflow 3.0. You can achieve equivalent behavior with `pendulum.today('UTC').add(days=-N, ...)`
  start_date=days_ago(1),
[2025-12-01T10:46:36.148+0000] {logging_mixin.py:188} INFO - [2025-12-01T10:46:36.148+0000] {warnings.py:109} WARNING - /opt/airflow/dags/ingestion_dag.py:254: RemovedInAirflow3Warning: Param `schedule_interval` is deprecated and will be removed in a future release. Please use `schedule` instead. 
  with DAG(
[2025-12-01T10:46:36.153+0000] {processor.py:840} INFO - DAG(s) 'ingestion_dag' retrieved from /opt/airflow/dags/ingestion_dag.py
[2025-12-01T10:46:36.186+0000] {logging_mixin.py:188} INFO - [2025-12-01T10:46:36.185+0000] {dag.py:3047} INFO - Sync 1 DAGs
[2025-12-01T10:46:36.207+0000] {logging_mixin.py:188} INFO - [2025-12-01T10:46:36.207+0000] {dag.py:3834} INFO - Setting next_dagrun for ingestion_dag to 2025-12-01 10:46:00+00:00, run_after=2025-12-01 10:47:00+00:00
[2025-12-01T10:46:36.218+0000] {processor.py:183} INFO - Processing /opt/airflow/dags/ingestion_dag.py took 2.250 seconds
[2025-12-01T10:47:06.468+0000] {processor.py:161} INFO - Started process (PID=78723) to work on /opt/airflow/dags/ingestion_dag.py
[2025-12-01T10:47:06.471+0000] {processor.py:830} INFO - Processing file /opt/airflow/dags/ingestion_dag.py for tasks to queue
[2025-12-01T10:47:06.473+0000] {logging_mixin.py:188} INFO - [2025-12-01T10:47:06.472+0000] {dagbag.py:540} INFO - Filling up the DagBag from /opt/airflow/dags/ingestion_dag.py
[2025-12-01T10:47:08.440+0000] {logging_mixin.py:188} INFO - [2025-12-01T10:47:08.440+0000] {warnings.py:109} WARNING - /opt/airflow/dags/ingestion_dag.py:257: RemovedInAirflow3Warning: Function `days_ago` is deprecated and will be removed in Airflow 3.0. You can achieve equivalent behavior with `pendulum.today('UTC').add(days=-N, ...)`
  start_date=days_ago(1),
[2025-12-01T10:47:08.441+0000] {logging_mixin.py:188} INFO - [2025-12-01T10:47:08.440+0000] {warnings.py:109} WARNING - /opt/airflow/dags/ingestion_dag.py:254: RemovedInAirflow3Warning: Param `schedule_interval` is deprecated and will be removed in a future release. Please use `schedule` instead. 
  with DAG(
[2025-12-01T10:47:08.445+0000] {processor.py:840} INFO - DAG(s) 'ingestion_dag' retrieved from /opt/airflow/dags/ingestion_dag.py
[2025-12-01T10:47:08.474+0000] {logging_mixin.py:188} INFO - [2025-12-01T10:47:08.474+0000] {dag.py:3047} INFO - Sync 1 DAGs
[2025-12-01T10:47:08.499+0000] {logging_mixin.py:188} INFO - [2025-12-01T10:47:08.499+0000] {dag.py:3834} INFO - Setting next_dagrun for ingestion_dag to 2025-12-01 10:47:00+00:00, run_after=2025-12-01 10:48:00+00:00
[2025-12-01T10:47:08.510+0000] {processor.py:183} INFO - Processing /opt/airflow/dags/ingestion_dag.py took 2.049 seconds
[2025-12-01T10:47:39.078+0000] {processor.py:161} INFO - Started process (PID=78782) to work on /opt/airflow/dags/ingestion_dag.py
[2025-12-01T10:47:39.084+0000] {processor.py:830} INFO - Processing file /opt/airflow/dags/ingestion_dag.py for tasks to queue
[2025-12-01T10:47:39.087+0000] {logging_mixin.py:188} INFO - [2025-12-01T10:47:39.086+0000] {dagbag.py:540} INFO - Filling up the DagBag from /opt/airflow/dags/ingestion_dag.py
[2025-12-01T10:47:40.771+0000] {logging_mixin.py:188} INFO - [2025-12-01T10:47:40.771+0000] {warnings.py:109} WARNING - /opt/airflow/dags/ingestion_dag.py:257: RemovedInAirflow3Warning: Function `days_ago` is deprecated and will be removed in Airflow 3.0. You can achieve equivalent behavior with `pendulum.today('UTC').add(days=-N, ...)`
  start_date=days_ago(1),
[2025-12-01T10:47:40.772+0000] {logging_mixin.py:188} INFO - [2025-12-01T10:47:40.771+0000] {warnings.py:109} WARNING - /opt/airflow/dags/ingestion_dag.py:254: RemovedInAirflow3Warning: Param `schedule_interval` is deprecated and will be removed in a future release. Please use `schedule` instead. 
  with DAG(
[2025-12-01T10:47:40.776+0000] {processor.py:840} INFO - DAG(s) 'ingestion_dag' retrieved from /opt/airflow/dags/ingestion_dag.py
[2025-12-01T10:47:40.800+0000] {logging_mixin.py:188} INFO - [2025-12-01T10:47:40.800+0000] {dag.py:3047} INFO - Sync 1 DAGs
[2025-12-01T10:47:40.817+0000] {logging_mixin.py:188} INFO - [2025-12-01T10:47:40.816+0000] {dag.py:3834} INFO - Setting next_dagrun for ingestion_dag to 2025-12-01 10:47:00+00:00, run_after=2025-12-01 10:48:00+00:00
[2025-12-01T10:47:40.826+0000] {processor.py:183} INFO - Processing /opt/airflow/dags/ingestion_dag.py took 1.766 seconds
[2025-12-01T10:48:11.620+0000] {processor.py:161} INFO - Started process (PID=78865) to work on /opt/airflow/dags/ingestion_dag.py
[2025-12-01T10:48:11.621+0000] {processor.py:830} INFO - Processing file /opt/airflow/dags/ingestion_dag.py for tasks to queue
[2025-12-01T10:48:11.623+0000] {logging_mixin.py:188} INFO - [2025-12-01T10:48:11.622+0000] {dagbag.py:540} INFO - Filling up the DagBag from /opt/airflow/dags/ingestion_dag.py
[2025-12-01T10:48:13.717+0000] {logging_mixin.py:188} INFO - [2025-12-01T10:48:13.717+0000] {warnings.py:109} WARNING - /opt/airflow/dags/ingestion_dag.py:257: RemovedInAirflow3Warning: Function `days_ago` is deprecated and will be removed in Airflow 3.0. You can achieve equivalent behavior with `pendulum.today('UTC').add(days=-N, ...)`
  start_date=days_ago(1),
[2025-12-01T10:48:13.718+0000] {logging_mixin.py:188} INFO - [2025-12-01T10:48:13.718+0000] {warnings.py:109} WARNING - /opt/airflow/dags/ingestion_dag.py:254: RemovedInAirflow3Warning: Param `schedule_interval` is deprecated and will be removed in a future release. Please use `schedule` instead. 
  with DAG(
[2025-12-01T10:48:13.722+0000] {processor.py:840} INFO - DAG(s) 'ingestion_dag' retrieved from /opt/airflow/dags/ingestion_dag.py
[2025-12-01T10:48:13.738+0000] {logging_mixin.py:188} INFO - [2025-12-01T10:48:13.738+0000] {dag.py:3047} INFO - Sync 1 DAGs
[2025-12-01T10:48:13.760+0000] {logging_mixin.py:188} INFO - [2025-12-01T10:48:13.760+0000] {dag.py:3834} INFO - Setting next_dagrun for ingestion_dag to 2025-12-01 10:48:00+00:00, run_after=2025-12-01 10:49:00+00:00
[2025-12-01T10:48:13.770+0000] {processor.py:183} INFO - Processing /opt/airflow/dags/ingestion_dag.py took 2.163 seconds
[2025-12-01T10:48:44.234+0000] {processor.py:161} INFO - Started process (PID=78886) to work on /opt/airflow/dags/ingestion_dag.py
[2025-12-01T10:48:44.240+0000] {processor.py:830} INFO - Processing file /opt/airflow/dags/ingestion_dag.py for tasks to queue
[2025-12-01T10:48:44.242+0000] {logging_mixin.py:188} INFO - [2025-12-01T10:48:44.241+0000] {dagbag.py:540} INFO - Filling up the DagBag from /opt/airflow/dags/ingestion_dag.py
[2025-12-01T10:48:46.074+0000] {logging_mixin.py:188} INFO - [2025-12-01T10:48:46.073+0000] {warnings.py:109} WARNING - /opt/airflow/dags/ingestion_dag.py:257: RemovedInAirflow3Warning: Function `days_ago` is deprecated and will be removed in Airflow 3.0. You can achieve equivalent behavior with `pendulum.today('UTC').add(days=-N, ...)`
  start_date=days_ago(1),
[2025-12-01T10:48:46.074+0000] {logging_mixin.py:188} INFO - [2025-12-01T10:48:46.074+0000] {warnings.py:109} WARNING - /opt/airflow/dags/ingestion_dag.py:254: RemovedInAirflow3Warning: Param `schedule_interval` is deprecated and will be removed in a future release. Please use `schedule` instead. 
  with DAG(
[2025-12-01T10:48:46.077+0000] {processor.py:840} INFO - DAG(s) 'ingestion_dag' retrieved from /opt/airflow/dags/ingestion_dag.py
[2025-12-01T10:48:46.094+0000] {logging_mixin.py:188} INFO - [2025-12-01T10:48:46.094+0000] {dag.py:3047} INFO - Sync 1 DAGs
[2025-12-01T10:48:46.122+0000] {logging_mixin.py:188} INFO - [2025-12-01T10:48:46.122+0000] {dag.py:3834} INFO - Setting next_dagrun for ingestion_dag to 2025-12-01 10:48:00+00:00, run_after=2025-12-01 10:49:00+00:00
[2025-12-01T10:48:46.132+0000] {processor.py:183} INFO - Processing /opt/airflow/dags/ingestion_dag.py took 1.909 seconds
[2025-12-01T10:49:16.751+0000] {processor.py:161} INFO - Started process (PID=78966) to work on /opt/airflow/dags/ingestion_dag.py
[2025-12-01T10:49:16.753+0000] {processor.py:830} INFO - Processing file /opt/airflow/dags/ingestion_dag.py for tasks to queue
[2025-12-01T10:49:16.754+0000] {logging_mixin.py:188} INFO - [2025-12-01T10:49:16.754+0000] {dagbag.py:540} INFO - Filling up the DagBag from /opt/airflow/dags/ingestion_dag.py
[2025-12-01T10:49:18.530+0000] {logging_mixin.py:188} INFO - [2025-12-01T10:49:18.530+0000] {warnings.py:109} WARNING - /opt/airflow/dags/ingestion_dag.py:257: RemovedInAirflow3Warning: Function `days_ago` is deprecated and will be removed in Airflow 3.0. You can achieve equivalent behavior with `pendulum.today('UTC').add(days=-N, ...)`
  start_date=days_ago(1),
[2025-12-01T10:49:18.531+0000] {logging_mixin.py:188} INFO - [2025-12-01T10:49:18.531+0000] {warnings.py:109} WARNING - /opt/airflow/dags/ingestion_dag.py:254: RemovedInAirflow3Warning: Param `schedule_interval` is deprecated and will be removed in a future release. Please use `schedule` instead. 
  with DAG(
[2025-12-01T10:49:18.535+0000] {processor.py:840} INFO - DAG(s) 'ingestion_dag' retrieved from /opt/airflow/dags/ingestion_dag.py
[2025-12-01T10:49:18.562+0000] {logging_mixin.py:188} INFO - [2025-12-01T10:49:18.562+0000] {dag.py:3047} INFO - Sync 1 DAGs
[2025-12-01T10:49:18.585+0000] {logging_mixin.py:188} INFO - [2025-12-01T10:49:18.585+0000] {dag.py:3834} INFO - Setting next_dagrun for ingestion_dag to 2025-12-01 10:49:00+00:00, run_after=2025-12-01 10:50:00+00:00
[2025-12-01T10:49:18.595+0000] {processor.py:183} INFO - Processing /opt/airflow/dags/ingestion_dag.py took 1.850 seconds
[2025-12-01T10:49:49.198+0000] {processor.py:161} INFO - Started process (PID=78984) to work on /opt/airflow/dags/ingestion_dag.py
[2025-12-01T10:49:49.201+0000] {processor.py:830} INFO - Processing file /opt/airflow/dags/ingestion_dag.py for tasks to queue
[2025-12-01T10:49:49.203+0000] {logging_mixin.py:188} INFO - [2025-12-01T10:49:49.202+0000] {dagbag.py:540} INFO - Filling up the DagBag from /opt/airflow/dags/ingestion_dag.py
[2025-12-01T10:49:51.055+0000] {logging_mixin.py:188} INFO - [2025-12-01T10:49:51.055+0000] {warnings.py:109} WARNING - /opt/airflow/dags/ingestion_dag.py:257: RemovedInAirflow3Warning: Function `days_ago` is deprecated and will be removed in Airflow 3.0. You can achieve equivalent behavior with `pendulum.today('UTC').add(days=-N, ...)`
  start_date=days_ago(1),
[2025-12-01T10:49:51.055+0000] {logging_mixin.py:188} INFO - [2025-12-01T10:49:51.055+0000] {warnings.py:109} WARNING - /opt/airflow/dags/ingestion_dag.py:254: RemovedInAirflow3Warning: Param `schedule_interval` is deprecated and will be removed in a future release. Please use `schedule` instead. 
  with DAG(
[2025-12-01T10:49:51.059+0000] {processor.py:840} INFO - DAG(s) 'ingestion_dag' retrieved from /opt/airflow/dags/ingestion_dag.py
[2025-12-01T10:49:51.090+0000] {logging_mixin.py:188} INFO - [2025-12-01T10:49:51.090+0000] {dag.py:3047} INFO - Sync 1 DAGs
[2025-12-01T10:49:51.108+0000] {logging_mixin.py:188} INFO - [2025-12-01T10:49:51.108+0000] {dag.py:3834} INFO - Setting next_dagrun for ingestion_dag to 2025-12-01 10:49:00+00:00, run_after=2025-12-01 10:50:00+00:00
[2025-12-01T10:49:51.119+0000] {processor.py:183} INFO - Processing /opt/airflow/dags/ingestion_dag.py took 1.934 seconds
[2025-12-01T10:50:21.760+0000] {processor.py:161} INFO - Started process (PID=79070) to work on /opt/airflow/dags/ingestion_dag.py
[2025-12-01T10:50:21.763+0000] {processor.py:830} INFO - Processing file /opt/airflow/dags/ingestion_dag.py for tasks to queue
[2025-12-01T10:50:21.768+0000] {logging_mixin.py:188} INFO - [2025-12-01T10:50:21.767+0000] {dagbag.py:540} INFO - Filling up the DagBag from /opt/airflow/dags/ingestion_dag.py
[2025-12-01T10:50:23.523+0000] {logging_mixin.py:188} INFO - [2025-12-01T10:50:23.522+0000] {warnings.py:109} WARNING - /opt/airflow/dags/ingestion_dag.py:257: RemovedInAirflow3Warning: Function `days_ago` is deprecated and will be removed in Airflow 3.0. You can achieve equivalent behavior with `pendulum.today('UTC').add(days=-N, ...)`
  start_date=days_ago(1),
[2025-12-01T10:50:23.524+0000] {logging_mixin.py:188} INFO - [2025-12-01T10:50:23.524+0000] {warnings.py:109} WARNING - /opt/airflow/dags/ingestion_dag.py:254: RemovedInAirflow3Warning: Param `schedule_interval` is deprecated and will be removed in a future release. Please use `schedule` instead. 
  with DAG(
[2025-12-01T10:50:23.530+0000] {processor.py:840} INFO - DAG(s) 'ingestion_dag' retrieved from /opt/airflow/dags/ingestion_dag.py
[2025-12-01T10:50:23.568+0000] {logging_mixin.py:188} INFO - [2025-12-01T10:50:23.568+0000] {dag.py:3047} INFO - Sync 1 DAGs
[2025-12-01T10:50:23.724+0000] {logging_mixin.py:188} INFO - [2025-12-01T10:50:23.724+0000] {dag.py:3834} INFO - Setting next_dagrun for ingestion_dag to 2025-12-01 10:50:00+00:00, run_after=2025-12-01 10:51:00+00:00
[2025-12-01T10:50:23.734+0000] {processor.py:183} INFO - Processing /opt/airflow/dags/ingestion_dag.py took 1.993 seconds
[2025-12-01T10:50:54.358+0000] {processor.py:161} INFO - Started process (PID=79093) to work on /opt/airflow/dags/ingestion_dag.py
[2025-12-01T10:50:54.360+0000] {processor.py:830} INFO - Processing file /opt/airflow/dags/ingestion_dag.py for tasks to queue
[2025-12-01T10:50:54.361+0000] {logging_mixin.py:188} INFO - [2025-12-01T10:50:54.360+0000] {dagbag.py:540} INFO - Filling up the DagBag from /opt/airflow/dags/ingestion_dag.py
[2025-12-01T10:50:56.040+0000] {logging_mixin.py:188} INFO - [2025-12-01T10:50:56.040+0000] {warnings.py:109} WARNING - /opt/airflow/dags/ingestion_dag.py:257: RemovedInAirflow3Warning: Function `days_ago` is deprecated and will be removed in Airflow 3.0. You can achieve equivalent behavior with `pendulum.today('UTC').add(days=-N, ...)`
  start_date=days_ago(1),
[2025-12-01T10:50:56.040+0000] {logging_mixin.py:188} INFO - [2025-12-01T10:50:56.040+0000] {warnings.py:109} WARNING - /opt/airflow/dags/ingestion_dag.py:254: RemovedInAirflow3Warning: Param `schedule_interval` is deprecated and will be removed in a future release. Please use `schedule` instead. 
  with DAG(
[2025-12-01T10:50:56.044+0000] {processor.py:840} INFO - DAG(s) 'ingestion_dag' retrieved from /opt/airflow/dags/ingestion_dag.py
[2025-12-01T10:50:56.069+0000] {logging_mixin.py:188} INFO - [2025-12-01T10:50:56.068+0000] {dag.py:3047} INFO - Sync 1 DAGs
[2025-12-01T10:50:56.084+0000] {logging_mixin.py:188} INFO - [2025-12-01T10:50:56.084+0000] {dag.py:3834} INFO - Setting next_dagrun for ingestion_dag to 2025-12-01 10:50:00+00:00, run_after=2025-12-01 10:51:00+00:00
[2025-12-01T10:50:56.093+0000] {processor.py:183} INFO - Processing /opt/airflow/dags/ingestion_dag.py took 1.741 seconds
[2025-12-01T10:51:26.747+0000] {processor.py:161} INFO - Started process (PID=79173) to work on /opt/airflow/dags/ingestion_dag.py
[2025-12-01T10:51:26.750+0000] {processor.py:830} INFO - Processing file /opt/airflow/dags/ingestion_dag.py for tasks to queue
[2025-12-01T10:51:26.750+0000] {logging_mixin.py:188} INFO - [2025-12-01T10:51:26.750+0000] {dagbag.py:540} INFO - Filling up the DagBag from /opt/airflow/dags/ingestion_dag.py
[2025-12-01T10:51:28.412+0000] {logging_mixin.py:188} INFO - [2025-12-01T10:51:28.412+0000] {warnings.py:109} WARNING - /opt/airflow/dags/ingestion_dag.py:257: RemovedInAirflow3Warning: Function `days_ago` is deprecated and will be removed in Airflow 3.0. You can achieve equivalent behavior with `pendulum.today('UTC').add(days=-N, ...)`
  start_date=days_ago(1),
[2025-12-01T10:51:28.413+0000] {logging_mixin.py:188} INFO - [2025-12-01T10:51:28.413+0000] {warnings.py:109} WARNING - /opt/airflow/dags/ingestion_dag.py:254: RemovedInAirflow3Warning: Param `schedule_interval` is deprecated and will be removed in a future release. Please use `schedule` instead. 
  with DAG(
[2025-12-01T10:51:28.416+0000] {processor.py:840} INFO - DAG(s) 'ingestion_dag' retrieved from /opt/airflow/dags/ingestion_dag.py
[2025-12-01T10:51:28.435+0000] {logging_mixin.py:188} INFO - [2025-12-01T10:51:28.434+0000] {dag.py:3047} INFO - Sync 1 DAGs
[2025-12-01T10:51:28.457+0000] {logging_mixin.py:188} INFO - [2025-12-01T10:51:28.457+0000] {dag.py:3834} INFO - Setting next_dagrun for ingestion_dag to 2025-12-01 10:51:00+00:00, run_after=2025-12-01 10:52:00+00:00
[2025-12-01T10:51:28.466+0000] {processor.py:183} INFO - Processing /opt/airflow/dags/ingestion_dag.py took 1.724 seconds
[2025-12-01T10:51:59.368+0000] {processor.py:161} INFO - Started process (PID=79191) to work on /opt/airflow/dags/ingestion_dag.py
[2025-12-01T10:51:59.371+0000] {processor.py:830} INFO - Processing file /opt/airflow/dags/ingestion_dag.py for tasks to queue
[2025-12-01T10:51:59.373+0000] {logging_mixin.py:188} INFO - [2025-12-01T10:51:59.372+0000] {dagbag.py:540} INFO - Filling up the DagBag from /opt/airflow/dags/ingestion_dag.py
[2025-12-01T10:52:01.654+0000] {logging_mixin.py:188} INFO - [2025-12-01T10:52:01.653+0000] {warnings.py:109} WARNING - /opt/airflow/dags/ingestion_dag.py:257: RemovedInAirflow3Warning: Function `days_ago` is deprecated and will be removed in Airflow 3.0. You can achieve equivalent behavior with `pendulum.today('UTC').add(days=-N, ...)`
  start_date=days_ago(1),
[2025-12-01T10:52:01.654+0000] {logging_mixin.py:188} INFO - [2025-12-01T10:52:01.654+0000] {warnings.py:109} WARNING - /opt/airflow/dags/ingestion_dag.py:254: RemovedInAirflow3Warning: Param `schedule_interval` is deprecated and will be removed in a future release. Please use `schedule` instead. 
  with DAG(
[2025-12-01T10:52:01.658+0000] {processor.py:840} INFO - DAG(s) 'ingestion_dag' retrieved from /opt/airflow/dags/ingestion_dag.py
[2025-12-01T10:52:01.677+0000] {logging_mixin.py:188} INFO - [2025-12-01T10:52:01.677+0000] {dag.py:3047} INFO - Sync 1 DAGs
[2025-12-01T10:52:01.698+0000] {logging_mixin.py:188} INFO - [2025-12-01T10:52:01.698+0000] {dag.py:3834} INFO - Setting next_dagrun for ingestion_dag to 2025-12-01 10:52:00+00:00, run_after=2025-12-01 10:53:00+00:00
[2025-12-01T10:52:01.709+0000] {processor.py:183} INFO - Processing /opt/airflow/dags/ingestion_dag.py took 2.356 seconds
[2025-12-01T10:52:31.964+0000] {processor.py:161} INFO - Started process (PID=79277) to work on /opt/airflow/dags/ingestion_dag.py
[2025-12-01T10:52:31.969+0000] {processor.py:830} INFO - Processing file /opt/airflow/dags/ingestion_dag.py for tasks to queue
[2025-12-01T10:52:31.971+0000] {logging_mixin.py:188} INFO - [2025-12-01T10:52:31.971+0000] {dagbag.py:540} INFO - Filling up the DagBag from /opt/airflow/dags/ingestion_dag.py
[2025-12-01T10:52:33.698+0000] {logging_mixin.py:188} INFO - [2025-12-01T10:52:33.698+0000] {warnings.py:109} WARNING - /opt/airflow/dags/ingestion_dag.py:257: RemovedInAirflow3Warning: Function `days_ago` is deprecated and will be removed in Airflow 3.0. You can achieve equivalent behavior with `pendulum.today('UTC').add(days=-N, ...)`
  start_date=days_ago(1),
[2025-12-01T10:52:33.698+0000] {logging_mixin.py:188} INFO - [2025-12-01T10:52:33.698+0000] {warnings.py:109} WARNING - /opt/airflow/dags/ingestion_dag.py:254: RemovedInAirflow3Warning: Param `schedule_interval` is deprecated and will be removed in a future release. Please use `schedule` instead. 
  with DAG(
[2025-12-01T10:52:33.702+0000] {processor.py:840} INFO - DAG(s) 'ingestion_dag' retrieved from /opt/airflow/dags/ingestion_dag.py
[2025-12-01T10:52:33.725+0000] {logging_mixin.py:188} INFO - [2025-12-01T10:52:33.725+0000] {dag.py:3047} INFO - Sync 1 DAGs
[2025-12-01T10:52:33.741+0000] {logging_mixin.py:188} INFO - [2025-12-01T10:52:33.741+0000] {dag.py:3834} INFO - Setting next_dagrun for ingestion_dag to 2025-12-01 10:52:00+00:00, run_after=2025-12-01 10:53:00+00:00
[2025-12-01T10:52:33.751+0000] {processor.py:183} INFO - Processing /opt/airflow/dags/ingestion_dag.py took 1.802 seconds
[2025-12-01T10:53:04.175+0000] {processor.py:161} INFO - Started process (PID=79306) to work on /opt/airflow/dags/ingestion_dag.py
[2025-12-01T10:53:04.178+0000] {processor.py:830} INFO - Processing file /opt/airflow/dags/ingestion_dag.py for tasks to queue
[2025-12-01T10:53:04.179+0000] {logging_mixin.py:188} INFO - [2025-12-01T10:53:04.179+0000] {dagbag.py:540} INFO - Filling up the DagBag from /opt/airflow/dags/ingestion_dag.py
[2025-12-01T10:53:06.262+0000] {logging_mixin.py:188} INFO - [2025-12-01T10:53:06.262+0000] {warnings.py:109} WARNING - /opt/airflow/dags/ingestion_dag.py:257: RemovedInAirflow3Warning: Function `days_ago` is deprecated and will be removed in Airflow 3.0. You can achieve equivalent behavior with `pendulum.today('UTC').add(days=-N, ...)`
  start_date=days_ago(1),
[2025-12-01T10:53:06.262+0000] {logging_mixin.py:188} INFO - [2025-12-01T10:53:06.262+0000] {warnings.py:109} WARNING - /opt/airflow/dags/ingestion_dag.py:254: RemovedInAirflow3Warning: Param `schedule_interval` is deprecated and will be removed in a future release. Please use `schedule` instead. 
  with DAG(
[2025-12-01T10:53:06.266+0000] {processor.py:840} INFO - DAG(s) 'ingestion_dag' retrieved from /opt/airflow/dags/ingestion_dag.py
[2025-12-01T10:53:06.293+0000] {logging_mixin.py:188} INFO - [2025-12-01T10:53:06.293+0000] {dag.py:3047} INFO - Sync 1 DAGs
[2025-12-01T10:53:06.316+0000] {logging_mixin.py:188} INFO - [2025-12-01T10:53:06.315+0000] {dag.py:3834} INFO - Setting next_dagrun for ingestion_dag to 2025-12-01 10:53:00+00:00, run_after=2025-12-01 10:54:00+00:00
[2025-12-01T10:53:06.328+0000] {processor.py:183} INFO - Processing /opt/airflow/dags/ingestion_dag.py took 2.161 seconds
[2025-12-01T10:53:36.935+0000] {processor.py:161} INFO - Started process (PID=79375) to work on /opt/airflow/dags/ingestion_dag.py
[2025-12-01T10:53:36.938+0000] {processor.py:830} INFO - Processing file /opt/airflow/dags/ingestion_dag.py for tasks to queue
[2025-12-01T10:53:36.940+0000] {logging_mixin.py:188} INFO - [2025-12-01T10:53:36.939+0000] {dagbag.py:540} INFO - Filling up the DagBag from /opt/airflow/dags/ingestion_dag.py
[2025-12-01T10:53:38.751+0000] {logging_mixin.py:188} INFO - [2025-12-01T10:53:38.750+0000] {warnings.py:109} WARNING - /opt/airflow/dags/ingestion_dag.py:257: RemovedInAirflow3Warning: Function `days_ago` is deprecated and will be removed in Airflow 3.0. You can achieve equivalent behavior with `pendulum.today('UTC').add(days=-N, ...)`
  start_date=days_ago(1),
[2025-12-01T10:53:38.751+0000] {logging_mixin.py:188} INFO - [2025-12-01T10:53:38.751+0000] {warnings.py:109} WARNING - /opt/airflow/dags/ingestion_dag.py:254: RemovedInAirflow3Warning: Param `schedule_interval` is deprecated and will be removed in a future release. Please use `schedule` instead. 
  with DAG(
[2025-12-01T10:53:38.755+0000] {processor.py:840} INFO - DAG(s) 'ingestion_dag' retrieved from /opt/airflow/dags/ingestion_dag.py
[2025-12-01T10:53:38.780+0000] {logging_mixin.py:188} INFO - [2025-12-01T10:53:38.779+0000] {dag.py:3047} INFO - Sync 1 DAGs
[2025-12-01T10:53:38.803+0000] {logging_mixin.py:188} INFO - [2025-12-01T10:53:38.803+0000] {dag.py:3834} INFO - Setting next_dagrun for ingestion_dag to 2025-12-01 10:53:00+00:00, run_after=2025-12-01 10:54:00+00:00
[2025-12-01T10:53:38.827+0000] {processor.py:183} INFO - Processing /opt/airflow/dags/ingestion_dag.py took 1.907 seconds
[2025-12-01T10:54:09.407+0000] {processor.py:161} INFO - Started process (PID=79434) to work on /opt/airflow/dags/ingestion_dag.py
[2025-12-01T10:54:09.410+0000] {processor.py:830} INFO - Processing file /opt/airflow/dags/ingestion_dag.py for tasks to queue
[2025-12-01T10:54:09.412+0000] {logging_mixin.py:188} INFO - [2025-12-01T10:54:09.412+0000] {dagbag.py:540} INFO - Filling up the DagBag from /opt/airflow/dags/ingestion_dag.py
[2025-12-01T10:54:12.310+0000] {logging_mixin.py:188} INFO - [2025-12-01T10:54:12.310+0000] {warnings.py:109} WARNING - /opt/airflow/dags/ingestion_dag.py:257: RemovedInAirflow3Warning: Function `days_ago` is deprecated and will be removed in Airflow 3.0. You can achieve equivalent behavior with `pendulum.today('UTC').add(days=-N, ...)`
  start_date=days_ago(1),
[2025-12-01T10:54:12.311+0000] {logging_mixin.py:188} INFO - [2025-12-01T10:54:12.311+0000] {warnings.py:109} WARNING - /opt/airflow/dags/ingestion_dag.py:254: RemovedInAirflow3Warning: Param `schedule_interval` is deprecated and will be removed in a future release. Please use `schedule` instead. 
  with DAG(
[2025-12-01T10:54:12.318+0000] {processor.py:840} INFO - DAG(s) 'ingestion_dag' retrieved from /opt/airflow/dags/ingestion_dag.py
[2025-12-01T10:54:12.340+0000] {logging_mixin.py:188} INFO - [2025-12-01T10:54:12.340+0000] {dag.py:3047} INFO - Sync 1 DAGs
[2025-12-01T10:54:12.356+0000] {logging_mixin.py:188} INFO - [2025-12-01T10:54:12.356+0000] {dag.py:3834} INFO - Setting next_dagrun for ingestion_dag to 2025-12-01 10:54:00+00:00, run_after=2025-12-01 10:55:00+00:00
[2025-12-01T10:54:12.367+0000] {processor.py:183} INFO - Processing /opt/airflow/dags/ingestion_dag.py took 2.964 seconds
[2025-12-01T10:54:42.830+0000] {processor.py:161} INFO - Started process (PID=79479) to work on /opt/airflow/dags/ingestion_dag.py
[2025-12-01T10:54:42.833+0000] {processor.py:830} INFO - Processing file /opt/airflow/dags/ingestion_dag.py for tasks to queue
[2025-12-01T10:54:42.834+0000] {logging_mixin.py:188} INFO - [2025-12-01T10:54:42.833+0000] {dagbag.py:540} INFO - Filling up the DagBag from /opt/airflow/dags/ingestion_dag.py
[2025-12-01T10:54:44.530+0000] {logging_mixin.py:188} INFO - [2025-12-01T10:54:44.530+0000] {warnings.py:109} WARNING - /opt/airflow/dags/ingestion_dag.py:257: RemovedInAirflow3Warning: Function `days_ago` is deprecated and will be removed in Airflow 3.0. You can achieve equivalent behavior with `pendulum.today('UTC').add(days=-N, ...)`
  start_date=days_ago(1),
[2025-12-01T10:54:44.530+0000] {logging_mixin.py:188} INFO - [2025-12-01T10:54:44.530+0000] {warnings.py:109} WARNING - /opt/airflow/dags/ingestion_dag.py:254: RemovedInAirflow3Warning: Param `schedule_interval` is deprecated and will be removed in a future release. Please use `schedule` instead. 
  with DAG(
[2025-12-01T10:54:44.534+0000] {processor.py:840} INFO - DAG(s) 'ingestion_dag' retrieved from /opt/airflow/dags/ingestion_dag.py
[2025-12-01T10:54:44.558+0000] {logging_mixin.py:188} INFO - [2025-12-01T10:54:44.558+0000] {dag.py:3047} INFO - Sync 1 DAGs
[2025-12-01T10:54:44.575+0000] {logging_mixin.py:188} INFO - [2025-12-01T10:54:44.575+0000] {dag.py:3834} INFO - Setting next_dagrun for ingestion_dag to 2025-12-01 10:54:00+00:00, run_after=2025-12-01 10:55:00+00:00
[2025-12-01T10:54:44.585+0000] {processor.py:183} INFO - Processing /opt/airflow/dags/ingestion_dag.py took 1.765 seconds
[2025-12-01T10:55:15.112+0000] {processor.py:161} INFO - Started process (PID=79559) to work on /opt/airflow/dags/ingestion_dag.py
[2025-12-01T10:55:15.115+0000] {processor.py:830} INFO - Processing file /opt/airflow/dags/ingestion_dag.py for tasks to queue
[2025-12-01T10:55:15.116+0000] {logging_mixin.py:188} INFO - [2025-12-01T10:55:15.115+0000] {dagbag.py:540} INFO - Filling up the DagBag from /opt/airflow/dags/ingestion_dag.py
[2025-12-01T10:55:16.803+0000] {logging_mixin.py:188} INFO - [2025-12-01T10:55:16.802+0000] {warnings.py:109} WARNING - /opt/airflow/dags/ingestion_dag.py:257: RemovedInAirflow3Warning: Function `days_ago` is deprecated and will be removed in Airflow 3.0. You can achieve equivalent behavior with `pendulum.today('UTC').add(days=-N, ...)`
  start_date=days_ago(1),
[2025-12-01T10:55:16.803+0000] {logging_mixin.py:188} INFO - [2025-12-01T10:55:16.803+0000] {warnings.py:109} WARNING - /opt/airflow/dags/ingestion_dag.py:254: RemovedInAirflow3Warning: Param `schedule_interval` is deprecated and will be removed in a future release. Please use `schedule` instead. 
  with DAG(
[2025-12-01T10:55:16.807+0000] {processor.py:840} INFO - DAG(s) 'ingestion_dag' retrieved from /opt/airflow/dags/ingestion_dag.py
[2025-12-01T10:55:16.833+0000] {logging_mixin.py:188} INFO - [2025-12-01T10:55:16.833+0000] {dag.py:3047} INFO - Sync 1 DAGs
[2025-12-01T10:55:16.851+0000] {logging_mixin.py:188} INFO - [2025-12-01T10:55:16.851+0000] {dag.py:3834} INFO - Setting next_dagrun for ingestion_dag to 2025-12-01 10:55:00+00:00, run_after=2025-12-01 10:56:00+00:00
[2025-12-01T10:55:16.860+0000] {processor.py:183} INFO - Processing /opt/airflow/dags/ingestion_dag.py took 1.760 seconds
[2025-12-01T10:55:47.495+0000] {processor.py:161} INFO - Started process (PID=79577) to work on /opt/airflow/dags/ingestion_dag.py
[2025-12-01T10:55:47.501+0000] {processor.py:830} INFO - Processing file /opt/airflow/dags/ingestion_dag.py for tasks to queue
[2025-12-01T10:55:47.503+0000] {logging_mixin.py:188} INFO - [2025-12-01T10:55:47.502+0000] {dagbag.py:540} INFO - Filling up the DagBag from /opt/airflow/dags/ingestion_dag.py
[2025-12-01T10:55:49.368+0000] {logging_mixin.py:188} INFO - [2025-12-01T10:55:49.366+0000] {warnings.py:109} WARNING - /opt/airflow/dags/ingestion_dag.py:257: RemovedInAirflow3Warning: Function `days_ago` is deprecated and will be removed in Airflow 3.0. You can achieve equivalent behavior with `pendulum.today('UTC').add(days=-N, ...)`
  start_date=days_ago(1),
[2025-12-01T10:55:49.368+0000] {logging_mixin.py:188} INFO - [2025-12-01T10:55:49.368+0000] {warnings.py:109} WARNING - /opt/airflow/dags/ingestion_dag.py:254: RemovedInAirflow3Warning: Param `schedule_interval` is deprecated and will be removed in a future release. Please use `schedule` instead. 
  with DAG(
[2025-12-01T10:55:49.387+0000] {processor.py:840} INFO - DAG(s) 'ingestion_dag' retrieved from /opt/airflow/dags/ingestion_dag.py
[2025-12-01T10:55:49.682+0000] {logging_mixin.py:188} INFO - [2025-12-01T10:55:49.682+0000] {dag.py:3047} INFO - Sync 1 DAGs
[2025-12-01T10:55:49.735+0000] {logging_mixin.py:188} INFO - [2025-12-01T10:55:49.735+0000] {dag.py:3834} INFO - Setting next_dagrun for ingestion_dag to 2025-12-01 10:55:00+00:00, run_after=2025-12-01 10:56:00+00:00
[2025-12-01T10:55:49.777+0000] {processor.py:183} INFO - Processing /opt/airflow/dags/ingestion_dag.py took 2.289 seconds
[2025-12-01T11:04:17.462+0000] {processor.py:161} INFO - Started process (PID=79624) to work on /opt/airflow/dags/ingestion_dag.py
[2025-12-01T11:04:17.468+0000] {processor.py:830} INFO - Processing file /opt/airflow/dags/ingestion_dag.py for tasks to queue
[2025-12-01T11:04:17.501+0000] {logging_mixin.py:188} INFO - [2025-12-01T11:04:17.483+0000] {dagbag.py:540} INFO - Filling up the DagBag from /opt/airflow/dags/ingestion_dag.py
[2025-12-01T11:04:24.578+0000] {logging_mixin.py:188} INFO - [2025-12-01T11:04:24.577+0000] {warnings.py:109} WARNING - /opt/airflow/dags/ingestion_dag.py:257: RemovedInAirflow3Warning: Function `days_ago` is deprecated and will be removed in Airflow 3.0. You can achieve equivalent behavior with `pendulum.today('UTC').add(days=-N, ...)`
  start_date=days_ago(1),
[2025-12-01T11:04:24.579+0000] {logging_mixin.py:188} INFO - [2025-12-01T11:04:24.579+0000] {warnings.py:109} WARNING - /opt/airflow/dags/ingestion_dag.py:254: RemovedInAirflow3Warning: Param `schedule_interval` is deprecated and will be removed in a future release. Please use `schedule` instead. 
  with DAG(
[2025-12-01T11:04:24.587+0000] {processor.py:840} INFO - DAG(s) 'ingestion_dag' retrieved from /opt/airflow/dags/ingestion_dag.py
[2025-12-01T11:04:24.627+0000] {logging_mixin.py:188} INFO - [2025-12-01T11:04:24.627+0000] {dag.py:3047} INFO - Sync 1 DAGs
[2025-12-01T11:04:24.729+0000] {logging_mixin.py:188} INFO - [2025-12-01T11:04:24.728+0000] {dag.py:3834} INFO - Setting next_dagrun for ingestion_dag to 2025-12-01 11:04:00+00:00, run_after=2025-12-01 11:05:00+00:00
[2025-12-01T11:04:24.807+0000] {processor.py:183} INFO - Processing /opt/airflow/dags/ingestion_dag.py took 7.387 seconds
[2025-12-01T11:04:55.599+0000] {processor.py:161} INFO - Started process (PID=79810) to work on /opt/airflow/dags/ingestion_dag.py
[2025-12-01T11:04:55.607+0000] {processor.py:830} INFO - Processing file /opt/airflow/dags/ingestion_dag.py for tasks to queue
[2025-12-01T11:04:55.620+0000] {logging_mixin.py:188} INFO - [2025-12-01T11:04:55.611+0000] {dagbag.py:540} INFO - Filling up the DagBag from /opt/airflow/dags/ingestion_dag.py
[2025-12-01T11:04:59.727+0000] {logging_mixin.py:188} INFO - [2025-12-01T11:04:59.726+0000] {warnings.py:109} WARNING - /opt/airflow/dags/ingestion_dag.py:257: RemovedInAirflow3Warning: Function `days_ago` is deprecated and will be removed in Airflow 3.0. You can achieve equivalent behavior with `pendulum.today('UTC').add(days=-N, ...)`
  start_date=days_ago(1),
[2025-12-01T11:04:59.727+0000] {logging_mixin.py:188} INFO - [2025-12-01T11:04:59.727+0000] {warnings.py:109} WARNING - /opt/airflow/dags/ingestion_dag.py:254: RemovedInAirflow3Warning: Param `schedule_interval` is deprecated and will be removed in a future release. Please use `schedule` instead. 
  with DAG(
[2025-12-01T11:04:59.731+0000] {processor.py:840} INFO - DAG(s) 'ingestion_dag' retrieved from /opt/airflow/dags/ingestion_dag.py
[2025-12-01T11:04:59.751+0000] {logging_mixin.py:188} INFO - [2025-12-01T11:04:59.751+0000] {dag.py:3047} INFO - Sync 1 DAGs
[2025-12-01T11:04:59.768+0000] {logging_mixin.py:188} INFO - [2025-12-01T11:04:59.768+0000] {dag.py:3834} INFO - Setting next_dagrun for ingestion_dag to 2025-12-01 11:04:00+00:00, run_after=2025-12-01 11:05:00+00:00
[2025-12-01T11:04:59.778+0000] {processor.py:183} INFO - Processing /opt/airflow/dags/ingestion_dag.py took 4.196 seconds
[2025-12-01T11:05:30.239+0000] {processor.py:161} INFO - Started process (PID=79896) to work on /opt/airflow/dags/ingestion_dag.py
[2025-12-01T11:05:30.241+0000] {processor.py:830} INFO - Processing file /opt/airflow/dags/ingestion_dag.py for tasks to queue
[2025-12-01T11:05:30.242+0000] {logging_mixin.py:188} INFO - [2025-12-01T11:05:30.242+0000] {dagbag.py:540} INFO - Filling up the DagBag from /opt/airflow/dags/ingestion_dag.py
[2025-12-01T11:05:32.021+0000] {logging_mixin.py:188} INFO - [2025-12-01T11:05:32.021+0000] {warnings.py:109} WARNING - /opt/airflow/dags/ingestion_dag.py:257: RemovedInAirflow3Warning: Function `days_ago` is deprecated and will be removed in Airflow 3.0. You can achieve equivalent behavior with `pendulum.today('UTC').add(days=-N, ...)`
  start_date=days_ago(1),
[2025-12-01T11:05:32.021+0000] {logging_mixin.py:188} INFO - [2025-12-01T11:05:32.021+0000] {warnings.py:109} WARNING - /opt/airflow/dags/ingestion_dag.py:254: RemovedInAirflow3Warning: Param `schedule_interval` is deprecated and will be removed in a future release. Please use `schedule` instead. 
  with DAG(
[2025-12-01T11:05:32.025+0000] {processor.py:840} INFO - DAG(s) 'ingestion_dag' retrieved from /opt/airflow/dags/ingestion_dag.py
[2025-12-01T11:05:32.057+0000] {logging_mixin.py:188} INFO - [2025-12-01T11:05:32.057+0000] {dag.py:3047} INFO - Sync 1 DAGs
[2025-12-01T11:05:32.075+0000] {logging_mixin.py:188} INFO - [2025-12-01T11:05:32.075+0000] {dag.py:3834} INFO - Setting next_dagrun for ingestion_dag to 2025-12-01 11:05:00+00:00, run_after=2025-12-01 11:06:00+00:00
[2025-12-01T11:05:32.084+0000] {processor.py:183} INFO - Processing /opt/airflow/dags/ingestion_dag.py took 1.851 seconds
[2025-12-01T11:06:02.744+0000] {processor.py:161} INFO - Started process (PID=79930) to work on /opt/airflow/dags/ingestion_dag.py
[2025-12-01T11:06:02.746+0000] {processor.py:830} INFO - Processing file /opt/airflow/dags/ingestion_dag.py for tasks to queue
[2025-12-01T11:06:02.747+0000] {logging_mixin.py:188} INFO - [2025-12-01T11:06:02.747+0000] {dagbag.py:540} INFO - Filling up the DagBag from /opt/airflow/dags/ingestion_dag.py
[2025-12-01T11:06:04.722+0000] {logging_mixin.py:188} INFO - [2025-12-01T11:06:04.721+0000] {warnings.py:109} WARNING - /opt/airflow/dags/ingestion_dag.py:257: RemovedInAirflow3Warning: Function `days_ago` is deprecated and will be removed in Airflow 3.0. You can achieve equivalent behavior with `pendulum.today('UTC').add(days=-N, ...)`
  start_date=days_ago(1),
[2025-12-01T11:06:04.722+0000] {logging_mixin.py:188} INFO - [2025-12-01T11:06:04.722+0000] {warnings.py:109} WARNING - /opt/airflow/dags/ingestion_dag.py:254: RemovedInAirflow3Warning: Param `schedule_interval` is deprecated and will be removed in a future release. Please use `schedule` instead. 
  with DAG(
[2025-12-01T11:06:04.726+0000] {processor.py:840} INFO - DAG(s) 'ingestion_dag' retrieved from /opt/airflow/dags/ingestion_dag.py
[2025-12-01T11:06:04.759+0000] {logging_mixin.py:188} INFO - [2025-12-01T11:06:04.759+0000] {dag.py:3047} INFO - Sync 1 DAGs
[2025-12-01T11:06:04.777+0000] {logging_mixin.py:188} INFO - [2025-12-01T11:06:04.777+0000] {dag.py:3834} INFO - Setting next_dagrun for ingestion_dag to 2025-12-01 11:06:00+00:00, run_after=2025-12-01 11:07:00+00:00
[2025-12-01T11:06:04.787+0000] {processor.py:183} INFO - Processing /opt/airflow/dags/ingestion_dag.py took 2.050 seconds
[2025-12-01T11:06:35.348+0000] {processor.py:161} INFO - Started process (PID=80000) to work on /opt/airflow/dags/ingestion_dag.py
[2025-12-01T11:06:35.354+0000] {processor.py:830} INFO - Processing file /opt/airflow/dags/ingestion_dag.py for tasks to queue
[2025-12-01T11:06:35.357+0000] {logging_mixin.py:188} INFO - [2025-12-01T11:06:35.356+0000] {dagbag.py:540} INFO - Filling up the DagBag from /opt/airflow/dags/ingestion_dag.py
[2025-12-01T11:06:36.991+0000] {logging_mixin.py:188} INFO - [2025-12-01T11:06:36.991+0000] {warnings.py:109} WARNING - /opt/airflow/dags/ingestion_dag.py:257: RemovedInAirflow3Warning: Function `days_ago` is deprecated and will be removed in Airflow 3.0. You can achieve equivalent behavior with `pendulum.today('UTC').add(days=-N, ...)`
  start_date=days_ago(1),
[2025-12-01T11:06:36.991+0000] {logging_mixin.py:188} INFO - [2025-12-01T11:06:36.991+0000] {warnings.py:109} WARNING - /opt/airflow/dags/ingestion_dag.py:254: RemovedInAirflow3Warning: Param `schedule_interval` is deprecated and will be removed in a future release. Please use `schedule` instead. 
  with DAG(
[2025-12-01T11:06:36.995+0000] {processor.py:840} INFO - DAG(s) 'ingestion_dag' retrieved from /opt/airflow/dags/ingestion_dag.py
[2025-12-01T11:06:37.023+0000] {logging_mixin.py:188} INFO - [2025-12-01T11:06:37.023+0000] {dag.py:3047} INFO - Sync 1 DAGs
[2025-12-01T11:06:37.039+0000] {logging_mixin.py:188} INFO - [2025-12-01T11:06:37.039+0000] {dag.py:3834} INFO - Setting next_dagrun for ingestion_dag to 2025-12-01 11:06:00+00:00, run_after=2025-12-01 11:07:00+00:00
[2025-12-01T11:06:37.048+0000] {processor.py:183} INFO - Processing /opt/airflow/dags/ingestion_dag.py took 1.710 seconds
[2025-12-01T11:07:07.736+0000] {processor.py:161} INFO - Started process (PID=80047) to work on /opt/airflow/dags/ingestion_dag.py
[2025-12-01T11:07:07.738+0000] {processor.py:830} INFO - Processing file /opt/airflow/dags/ingestion_dag.py for tasks to queue
[2025-12-01T11:07:07.739+0000] {logging_mixin.py:188} INFO - [2025-12-01T11:07:07.739+0000] {dagbag.py:540} INFO - Filling up the DagBag from /opt/airflow/dags/ingestion_dag.py
[2025-12-01T11:07:09.986+0000] {logging_mixin.py:188} INFO - [2025-12-01T11:07:09.984+0000] {warnings.py:109} WARNING - /opt/airflow/dags/ingestion_dag.py:257: RemovedInAirflow3Warning: Function `days_ago` is deprecated and will be removed in Airflow 3.0. You can achieve equivalent behavior with `pendulum.today('UTC').add(days=-N, ...)`
  start_date=days_ago(1),
[2025-12-01T11:07:09.988+0000] {logging_mixin.py:188} INFO - [2025-12-01T11:07:09.988+0000] {warnings.py:109} WARNING - /opt/airflow/dags/ingestion_dag.py:254: RemovedInAirflow3Warning: Param `schedule_interval` is deprecated and will be removed in a future release. Please use `schedule` instead. 
  with DAG(
[2025-12-01T11:07:09.995+0000] {processor.py:840} INFO - DAG(s) 'ingestion_dag' retrieved from /opt/airflow/dags/ingestion_dag.py
[2025-12-01T11:07:10.074+0000] {logging_mixin.py:188} INFO - [2025-12-01T11:07:10.073+0000] {dag.py:3047} INFO - Sync 1 DAGs
[2025-12-01T11:07:10.165+0000] {logging_mixin.py:188} INFO - [2025-12-01T11:07:10.165+0000] {dag.py:3834} INFO - Setting next_dagrun for ingestion_dag to 2025-12-01 11:07:00+00:00, run_after=2025-12-01 11:08:00+00:00
[2025-12-01T11:07:10.211+0000] {processor.py:183} INFO - Processing /opt/airflow/dags/ingestion_dag.py took 2.480 seconds
[2025-12-01T11:07:41.275+0000] {processor.py:161} INFO - Started process (PID=80098) to work on /opt/airflow/dags/ingestion_dag.py
[2025-12-01T11:07:41.281+0000] {processor.py:830} INFO - Processing file /opt/airflow/dags/ingestion_dag.py for tasks to queue
[2025-12-01T11:07:41.287+0000] {logging_mixin.py:188} INFO - [2025-12-01T11:07:41.285+0000] {dagbag.py:540} INFO - Filling up the DagBag from /opt/airflow/dags/ingestion_dag.py
[2025-12-01T11:07:42.961+0000] {logging_mixin.py:188} INFO - [2025-12-01T11:07:42.961+0000] {warnings.py:109} WARNING - /opt/airflow/dags/ingestion_dag.py:257: RemovedInAirflow3Warning: Function `days_ago` is deprecated and will be removed in Airflow 3.0. You can achieve equivalent behavior with `pendulum.today('UTC').add(days=-N, ...)`
  start_date=days_ago(1),
[2025-12-01T11:07:42.961+0000] {logging_mixin.py:188} INFO - [2025-12-01T11:07:42.961+0000] {warnings.py:109} WARNING - /opt/airflow/dags/ingestion_dag.py:254: RemovedInAirflow3Warning: Param `schedule_interval` is deprecated and will be removed in a future release. Please use `schedule` instead. 
  with DAG(
[2025-12-01T11:07:42.966+0000] {processor.py:840} INFO - DAG(s) 'ingestion_dag' retrieved from /opt/airflow/dags/ingestion_dag.py
[2025-12-01T11:07:42.989+0000] {logging_mixin.py:188} INFO - [2025-12-01T11:07:42.989+0000] {dag.py:3047} INFO - Sync 1 DAGs
[2025-12-01T11:07:43.008+0000] {logging_mixin.py:188} INFO - [2025-12-01T11:07:43.008+0000] {dag.py:3834} INFO - Setting next_dagrun for ingestion_dag to 2025-12-01 11:07:00+00:00, run_after=2025-12-01 11:08:00+00:00
[2025-12-01T11:07:43.018+0000] {processor.py:183} INFO - Processing /opt/airflow/dags/ingestion_dag.py took 1.763 seconds
[2025-12-01T11:08:13.701+0000] {processor.py:161} INFO - Started process (PID=80184) to work on /opt/airflow/dags/ingestion_dag.py
[2025-12-01T11:08:13.702+0000] {processor.py:830} INFO - Processing file /opt/airflow/dags/ingestion_dag.py for tasks to queue
[2025-12-01T11:08:13.704+0000] {logging_mixin.py:188} INFO - [2025-12-01T11:08:13.703+0000] {dagbag.py:540} INFO - Filling up the DagBag from /opt/airflow/dags/ingestion_dag.py
[2025-12-01T11:08:15.735+0000] {logging_mixin.py:188} INFO - [2025-12-01T11:08:15.734+0000] {warnings.py:109} WARNING - /opt/airflow/dags/ingestion_dag.py:257: RemovedInAirflow3Warning: Function `days_ago` is deprecated and will be removed in Airflow 3.0. You can achieve equivalent behavior with `pendulum.today('UTC').add(days=-N, ...)`
  start_date=days_ago(1),
[2025-12-01T11:08:15.736+0000] {logging_mixin.py:188} INFO - [2025-12-01T11:08:15.736+0000] {warnings.py:109} WARNING - /opt/airflow/dags/ingestion_dag.py:254: RemovedInAirflow3Warning: Param `schedule_interval` is deprecated and will be removed in a future release. Please use `schedule` instead. 
  with DAG(
[2025-12-01T11:08:15.741+0000] {processor.py:840} INFO - DAG(s) 'ingestion_dag' retrieved from /opt/airflow/dags/ingestion_dag.py
[2025-12-01T11:08:15.762+0000] {logging_mixin.py:188} INFO - [2025-12-01T11:08:15.762+0000] {dag.py:3047} INFO - Sync 1 DAGs
[2025-12-01T11:08:15.785+0000] {logging_mixin.py:188} INFO - [2025-12-01T11:08:15.785+0000] {dag.py:3834} INFO - Setting next_dagrun for ingestion_dag to 2025-12-01 11:08:00+00:00, run_after=2025-12-01 11:09:00+00:00
[2025-12-01T11:08:15.796+0000] {processor.py:183} INFO - Processing /opt/airflow/dags/ingestion_dag.py took 2.101 seconds
[2025-12-01T11:08:46.264+0000] {processor.py:161} INFO - Started process (PID=80202) to work on /opt/airflow/dags/ingestion_dag.py
[2025-12-01T11:08:46.267+0000] {processor.py:830} INFO - Processing file /opt/airflow/dags/ingestion_dag.py for tasks to queue
[2025-12-01T11:08:46.269+0000] {logging_mixin.py:188} INFO - [2025-12-01T11:08:46.268+0000] {dagbag.py:540} INFO - Filling up the DagBag from /opt/airflow/dags/ingestion_dag.py
[2025-12-01T11:08:47.917+0000] {logging_mixin.py:188} INFO - [2025-12-01T11:08:47.917+0000] {warnings.py:109} WARNING - /opt/airflow/dags/ingestion_dag.py:257: RemovedInAirflow3Warning: Function `days_ago` is deprecated and will be removed in Airflow 3.0. You can achieve equivalent behavior with `pendulum.today('UTC').add(days=-N, ...)`
  start_date=days_ago(1),
[2025-12-01T11:08:47.918+0000] {logging_mixin.py:188} INFO - [2025-12-01T11:08:47.917+0000] {warnings.py:109} WARNING - /opt/airflow/dags/ingestion_dag.py:254: RemovedInAirflow3Warning: Param `schedule_interval` is deprecated and will be removed in a future release. Please use `schedule` instead. 
  with DAG(
[2025-12-01T11:08:47.921+0000] {processor.py:840} INFO - DAG(s) 'ingestion_dag' retrieved from /opt/airflow/dags/ingestion_dag.py
[2025-12-01T11:08:47.949+0000] {logging_mixin.py:188} INFO - [2025-12-01T11:08:47.949+0000] {dag.py:3047} INFO - Sync 1 DAGs
[2025-12-01T11:08:47.964+0000] {logging_mixin.py:188} INFO - [2025-12-01T11:08:47.964+0000] {dag.py:3834} INFO - Setting next_dagrun for ingestion_dag to 2025-12-01 11:08:00+00:00, run_after=2025-12-01 11:09:00+00:00
[2025-12-01T11:08:47.974+0000] {processor.py:183} INFO - Processing /opt/airflow/dags/ingestion_dag.py took 1.720 seconds
[2025-12-01T11:09:18.927+0000] {processor.py:161} INFO - Started process (PID=80282) to work on /opt/airflow/dags/ingestion_dag.py
[2025-12-01T11:09:18.931+0000] {processor.py:830} INFO - Processing file /opt/airflow/dags/ingestion_dag.py for tasks to queue
[2025-12-01T11:09:18.933+0000] {logging_mixin.py:188} INFO - [2025-12-01T11:09:18.932+0000] {dagbag.py:540} INFO - Filling up the DagBag from /opt/airflow/dags/ingestion_dag.py
[2025-12-01T11:09:22.262+0000] {logging_mixin.py:188} INFO - [2025-12-01T11:09:22.261+0000] {warnings.py:109} WARNING - /opt/airflow/dags/ingestion_dag.py:257: RemovedInAirflow3Warning: Function `days_ago` is deprecated and will be removed in Airflow 3.0. You can achieve equivalent behavior with `pendulum.today('UTC').add(days=-N, ...)`
  start_date=days_ago(1),
[2025-12-01T11:09:22.262+0000] {logging_mixin.py:188} INFO - [2025-12-01T11:09:22.262+0000] {warnings.py:109} WARNING - /opt/airflow/dags/ingestion_dag.py:254: RemovedInAirflow3Warning: Param `schedule_interval` is deprecated and will be removed in a future release. Please use `schedule` instead. 
  with DAG(
[2025-12-01T11:09:22.275+0000] {processor.py:840} INFO - DAG(s) 'ingestion_dag' retrieved from /opt/airflow/dags/ingestion_dag.py
[2025-12-01T11:09:22.326+0000] {logging_mixin.py:188} INFO - [2025-12-01T11:09:22.326+0000] {dag.py:3047} INFO - Sync 1 DAGs
[2025-12-01T11:09:22.352+0000] {logging_mixin.py:188} INFO - [2025-12-01T11:09:22.352+0000] {dag.py:3834} INFO - Setting next_dagrun for ingestion_dag to 2025-12-01 11:09:00+00:00, run_after=2025-12-01 11:10:00+00:00
[2025-12-01T11:09:22.365+0000] {processor.py:183} INFO - Processing /opt/airflow/dags/ingestion_dag.py took 3.450 seconds
[2025-12-01T11:09:52.518+0000] {processor.py:161} INFO - Started process (PID=80300) to work on /opt/airflow/dags/ingestion_dag.py
[2025-12-01T11:09:52.523+0000] {processor.py:830} INFO - Processing file /opt/airflow/dags/ingestion_dag.py for tasks to queue
[2025-12-01T11:09:52.524+0000] {logging_mixin.py:188} INFO - [2025-12-01T11:09:52.524+0000] {dagbag.py:540} INFO - Filling up the DagBag from /opt/airflow/dags/ingestion_dag.py
[2025-12-01T11:09:54.123+0000] {logging_mixin.py:188} INFO - [2025-12-01T11:09:54.123+0000] {warnings.py:109} WARNING - /opt/airflow/dags/ingestion_dag.py:257: RemovedInAirflow3Warning: Function `days_ago` is deprecated and will be removed in Airflow 3.0. You can achieve equivalent behavior with `pendulum.today('UTC').add(days=-N, ...)`
  start_date=days_ago(1),
[2025-12-01T11:09:54.124+0000] {logging_mixin.py:188} INFO - [2025-12-01T11:09:54.124+0000] {warnings.py:109} WARNING - /opt/airflow/dags/ingestion_dag.py:254: RemovedInAirflow3Warning: Param `schedule_interval` is deprecated and will be removed in a future release. Please use `schedule` instead. 
  with DAG(
[2025-12-01T11:09:54.127+0000] {processor.py:840} INFO - DAG(s) 'ingestion_dag' retrieved from /opt/airflow/dags/ingestion_dag.py
[2025-12-01T11:09:54.153+0000] {logging_mixin.py:188} INFO - [2025-12-01T11:09:54.153+0000] {dag.py:3047} INFO - Sync 1 DAGs
[2025-12-01T11:09:54.170+0000] {logging_mixin.py:188} INFO - [2025-12-01T11:09:54.170+0000] {dag.py:3834} INFO - Setting next_dagrun for ingestion_dag to 2025-12-01 11:09:00+00:00, run_after=2025-12-01 11:10:00+00:00
[2025-12-01T11:09:54.180+0000] {processor.py:183} INFO - Processing /opt/airflow/dags/ingestion_dag.py took 1.674 seconds
[2025-12-01T11:10:25.151+0000] {processor.py:161} INFO - Started process (PID=80386) to work on /opt/airflow/dags/ingestion_dag.py
[2025-12-01T11:10:25.153+0000] {processor.py:830} INFO - Processing file /opt/airflow/dags/ingestion_dag.py for tasks to queue
[2025-12-01T11:10:25.155+0000] {logging_mixin.py:188} INFO - [2025-12-01T11:10:25.154+0000] {dagbag.py:540} INFO - Filling up the DagBag from /opt/airflow/dags/ingestion_dag.py
[2025-12-01T11:10:26.775+0000] {logging_mixin.py:188} INFO - [2025-12-01T11:10:26.775+0000] {warnings.py:109} WARNING - /opt/airflow/dags/ingestion_dag.py:257: RemovedInAirflow3Warning: Function `days_ago` is deprecated and will be removed in Airflow 3.0. You can achieve equivalent behavior with `pendulum.today('UTC').add(days=-N, ...)`
  start_date=days_ago(1),
[2025-12-01T11:10:26.775+0000] {logging_mixin.py:188} INFO - [2025-12-01T11:10:26.775+0000] {warnings.py:109} WARNING - /opt/airflow/dags/ingestion_dag.py:254: RemovedInAirflow3Warning: Param `schedule_interval` is deprecated and will be removed in a future release. Please use `schedule` instead. 
  with DAG(
[2025-12-01T11:10:26.778+0000] {processor.py:840} INFO - DAG(s) 'ingestion_dag' retrieved from /opt/airflow/dags/ingestion_dag.py
[2025-12-01T11:10:26.794+0000] {logging_mixin.py:188} INFO - [2025-12-01T11:10:26.794+0000] {dag.py:3047} INFO - Sync 1 DAGs
[2025-12-01T11:10:26.812+0000] {logging_mixin.py:188} INFO - [2025-12-01T11:10:26.812+0000] {dag.py:3834} INFO - Setting next_dagrun for ingestion_dag to 2025-12-01 11:10:00+00:00, run_after=2025-12-01 11:11:00+00:00
[2025-12-01T11:10:26.822+0000] {processor.py:183} INFO - Processing /opt/airflow/dags/ingestion_dag.py took 1.682 seconds
[2025-12-01T11:13:09.147+0000] {processor.py:161} INFO - Started process (PID=80406) to work on /opt/airflow/dags/ingestion_dag.py
[2025-12-01T11:13:09.149+0000] {processor.py:830} INFO - Processing file /opt/airflow/dags/ingestion_dag.py for tasks to queue
[2025-12-01T11:13:09.152+0000] {logging_mixin.py:188} INFO - [2025-12-01T11:13:09.150+0000] {dagbag.py:540} INFO - Filling up the DagBag from /opt/airflow/dags/ingestion_dag.py
[2025-12-01T11:13:11.689+0000] {logging_mixin.py:188} INFO - [2025-12-01T11:13:11.688+0000] {warnings.py:109} WARNING - /opt/airflow/dags/ingestion_dag.py:257: RemovedInAirflow3Warning: Function `days_ago` is deprecated and will be removed in Airflow 3.0. You can achieve equivalent behavior with `pendulum.today('UTC').add(days=-N, ...)`
  start_date=days_ago(1),
[2025-12-01T11:13:11.689+0000] {logging_mixin.py:188} INFO - [2025-12-01T11:13:11.689+0000] {warnings.py:109} WARNING - /opt/airflow/dags/ingestion_dag.py:254: RemovedInAirflow3Warning: Param `schedule_interval` is deprecated and will be removed in a future release. Please use `schedule` instead. 
  with DAG(
[2025-12-01T11:13:11.694+0000] {processor.py:840} INFO - DAG(s) 'ingestion_dag' retrieved from /opt/airflow/dags/ingestion_dag.py
[2025-12-01T11:13:11.714+0000] {logging_mixin.py:188} INFO - [2025-12-01T11:13:11.714+0000] {dag.py:3047} INFO - Sync 1 DAGs
[2025-12-01T11:13:11.732+0000] {logging_mixin.py:188} INFO - [2025-12-01T11:13:11.732+0000] {dag.py:3834} INFO - Setting next_dagrun for ingestion_dag to 2025-12-01 11:13:00+00:00, run_after=2025-12-01 11:14:00+00:00
[2025-12-01T11:13:11.747+0000] {processor.py:183} INFO - Processing /opt/airflow/dags/ingestion_dag.py took 2.607 seconds
[2025-12-01T11:13:56.887+0000] {processor.py:161} INFO - Started process (PID=80554) to work on /opt/airflow/dags/ingestion_dag.py
[2025-12-01T11:13:56.890+0000] {processor.py:830} INFO - Processing file /opt/airflow/dags/ingestion_dag.py for tasks to queue
[2025-12-01T11:13:56.892+0000] {logging_mixin.py:188} INFO - [2025-12-01T11:13:56.892+0000] {dagbag.py:540} INFO - Filling up the DagBag from /opt/airflow/dags/ingestion_dag.py
[2025-12-01T11:13:58.423+0000] {logging_mixin.py:188} INFO - [2025-12-01T11:13:58.423+0000] {warnings.py:109} WARNING - /opt/airflow/dags/ingestion_dag.py:257: RemovedInAirflow3Warning: Function `days_ago` is deprecated and will be removed in Airflow 3.0. You can achieve equivalent behavior with `pendulum.today('UTC').add(days=-N, ...)`
  start_date=days_ago(1),
[2025-12-01T11:13:58.423+0000] {logging_mixin.py:188} INFO - [2025-12-01T11:13:58.423+0000] {warnings.py:109} WARNING - /opt/airflow/dags/ingestion_dag.py:254: RemovedInAirflow3Warning: Param `schedule_interval` is deprecated and will be removed in a future release. Please use `schedule` instead. 
  with DAG(
[2025-12-01T11:13:58.427+0000] {processor.py:840} INFO - DAG(s) 'ingestion_dag' retrieved from /opt/airflow/dags/ingestion_dag.py
[2025-12-01T11:13:58.443+0000] {logging_mixin.py:188} INFO - [2025-12-01T11:13:58.443+0000] {dag.py:3047} INFO - Sync 1 DAGs
[2025-12-01T11:13:58.457+0000] {logging_mixin.py:188} INFO - [2025-12-01T11:13:58.457+0000] {dag.py:3834} INFO - Setting next_dagrun for ingestion_dag to 2025-12-01 11:13:00+00:00, run_after=2025-12-01 11:14:00+00:00
[2025-12-01T11:13:58.467+0000] {processor.py:183} INFO - Processing /opt/airflow/dags/ingestion_dag.py took 1.592 seconds
[2025-12-01T11:14:28.598+0000] {processor.py:161} INFO - Started process (PID=80645) to work on /opt/airflow/dags/ingestion_dag.py
[2025-12-01T11:14:28.600+0000] {processor.py:830} INFO - Processing file /opt/airflow/dags/ingestion_dag.py for tasks to queue
[2025-12-01T11:14:28.601+0000] {logging_mixin.py:188} INFO - [2025-12-01T11:14:28.600+0000] {dagbag.py:540} INFO - Filling up the DagBag from /opt/airflow/dags/ingestion_dag.py
[2025-12-01T11:14:29.959+0000] {logging_mixin.py:188} INFO - [2025-12-01T11:14:29.959+0000] {warnings.py:109} WARNING - /opt/airflow/dags/ingestion_dag.py:257: RemovedInAirflow3Warning: Function `days_ago` is deprecated and will be removed in Airflow 3.0. You can achieve equivalent behavior with `pendulum.today('UTC').add(days=-N, ...)`
  start_date=days_ago(1),
[2025-12-01T11:14:29.959+0000] {logging_mixin.py:188} INFO - [2025-12-01T11:14:29.959+0000] {warnings.py:109} WARNING - /opt/airflow/dags/ingestion_dag.py:254: RemovedInAirflow3Warning: Param `schedule_interval` is deprecated and will be removed in a future release. Please use `schedule` instead. 
  with DAG(
[2025-12-01T11:14:29.963+0000] {processor.py:840} INFO - DAG(s) 'ingestion_dag' retrieved from /opt/airflow/dags/ingestion_dag.py
[2025-12-01T11:14:29.977+0000] {logging_mixin.py:188} INFO - [2025-12-01T11:14:29.977+0000] {dag.py:3047} INFO - Sync 1 DAGs
[2025-12-01T11:14:29.992+0000] {logging_mixin.py:188} INFO - [2025-12-01T11:14:29.992+0000] {dag.py:3834} INFO - Setting next_dagrun for ingestion_dag to 2025-12-01 11:14:00+00:00, run_after=2025-12-01 11:15:00+00:00
[2025-12-01T11:14:30.002+0000] {processor.py:183} INFO - Processing /opt/airflow/dags/ingestion_dag.py took 1.409 seconds
[2025-12-01T11:16:35.305+0000] {processor.py:161} INFO - Started process (PID=80660) to work on /opt/airflow/dags/ingestion_dag.py
[2025-12-01T11:16:35.313+0000] {processor.py:830} INFO - Processing file /opt/airflow/dags/ingestion_dag.py for tasks to queue
[2025-12-01T11:16:35.315+0000] {logging_mixin.py:188} INFO - [2025-12-01T11:16:35.314+0000] {dagbag.py:540} INFO - Filling up the DagBag from /opt/airflow/dags/ingestion_dag.py
[2025-12-01T11:16:39.742+0000] {logging_mixin.py:188} INFO - [2025-12-01T11:16:39.742+0000] {warnings.py:109} WARNING - /opt/airflow/dags/ingestion_dag.py:257: RemovedInAirflow3Warning: Function `days_ago` is deprecated and will be removed in Airflow 3.0. You can achieve equivalent behavior with `pendulum.today('UTC').add(days=-N, ...)`
  start_date=days_ago(1),
[2025-12-01T11:16:39.744+0000] {logging_mixin.py:188} INFO - [2025-12-01T11:16:39.743+0000] {warnings.py:109} WARNING - /opt/airflow/dags/ingestion_dag.py:254: RemovedInAirflow3Warning: Param `schedule_interval` is deprecated and will be removed in a future release. Please use `schedule` instead. 
  with DAG(
[2025-12-01T11:16:39.751+0000] {processor.py:840} INFO - DAG(s) 'ingestion_dag' retrieved from /opt/airflow/dags/ingestion_dag.py
[2025-12-01T11:16:39.781+0000] {logging_mixin.py:188} INFO - [2025-12-01T11:16:39.781+0000] {dag.py:3047} INFO - Sync 1 DAGs
[2025-12-01T11:16:39.805+0000] {logging_mixin.py:188} INFO - [2025-12-01T11:16:39.805+0000] {dag.py:3834} INFO - Setting next_dagrun for ingestion_dag to 2025-12-01 11:16:00+00:00, run_after=2025-12-01 11:17:00+00:00
[2025-12-01T11:16:39.825+0000] {processor.py:183} INFO - Processing /opt/airflow/dags/ingestion_dag.py took 4.532 seconds
[2025-12-01T11:17:10.851+0000] {processor.py:161} INFO - Started process (PID=80828) to work on /opt/airflow/dags/ingestion_dag.py
[2025-12-01T11:17:10.852+0000] {processor.py:830} INFO - Processing file /opt/airflow/dags/ingestion_dag.py for tasks to queue
[2025-12-01T11:17:10.853+0000] {logging_mixin.py:188} INFO - [2025-12-01T11:17:10.853+0000] {dagbag.py:540} INFO - Filling up the DagBag from /opt/airflow/dags/ingestion_dag.py
[2025-12-01T11:17:12.242+0000] {logging_mixin.py:188} INFO - [2025-12-01T11:17:12.241+0000] {warnings.py:109} WARNING - /opt/airflow/dags/ingestion_dag.py:257: RemovedInAirflow3Warning: Function `days_ago` is deprecated and will be removed in Airflow 3.0. You can achieve equivalent behavior with `pendulum.today('UTC').add(days=-N, ...)`
  start_date=days_ago(1),
[2025-12-01T11:17:12.242+0000] {logging_mixin.py:188} INFO - [2025-12-01T11:17:12.242+0000] {warnings.py:109} WARNING - /opt/airflow/dags/ingestion_dag.py:254: RemovedInAirflow3Warning: Param `schedule_interval` is deprecated and will be removed in a future release. Please use `schedule` instead. 
  with DAG(
[2025-12-01T11:17:12.247+0000] {processor.py:840} INFO - DAG(s) 'ingestion_dag' retrieved from /opt/airflow/dags/ingestion_dag.py
[2025-12-01T11:17:12.267+0000] {logging_mixin.py:188} INFO - [2025-12-01T11:17:12.267+0000] {dag.py:3047} INFO - Sync 1 DAGs
[2025-12-01T11:17:12.284+0000] {logging_mixin.py:188} INFO - [2025-12-01T11:17:12.284+0000] {dag.py:3834} INFO - Setting next_dagrun for ingestion_dag to 2025-12-01 11:17:00+00:00, run_after=2025-12-01 11:18:00+00:00
[2025-12-01T11:17:12.294+0000] {processor.py:183} INFO - Processing /opt/airflow/dags/ingestion_dag.py took 1.449 seconds
[2025-12-01T11:18:33.408+0000] {processor.py:161} INFO - Started process (PID=80890) to work on /opt/airflow/dags/ingestion_dag.py
[2025-12-01T11:18:33.411+0000] {processor.py:830} INFO - Processing file /opt/airflow/dags/ingestion_dag.py for tasks to queue
[2025-12-01T11:18:33.413+0000] {logging_mixin.py:188} INFO - [2025-12-01T11:18:33.412+0000] {dagbag.py:540} INFO - Filling up the DagBag from /opt/airflow/dags/ingestion_dag.py
[2025-12-01T11:18:35.456+0000] {logging_mixin.py:188} INFO - [2025-12-01T11:18:35.456+0000] {warnings.py:109} WARNING - /opt/airflow/dags/ingestion_dag.py:257: RemovedInAirflow3Warning: Function `days_ago` is deprecated and will be removed in Airflow 3.0. You can achieve equivalent behavior with `pendulum.today('UTC').add(days=-N, ...)`
  start_date=days_ago(1),
[2025-12-01T11:18:35.457+0000] {logging_mixin.py:188} INFO - [2025-12-01T11:18:35.457+0000] {warnings.py:109} WARNING - /opt/airflow/dags/ingestion_dag.py:254: RemovedInAirflow3Warning: Param `schedule_interval` is deprecated and will be removed in a future release. Please use `schedule` instead. 
  with DAG(
[2025-12-01T11:18:35.461+0000] {processor.py:840} INFO - DAG(s) 'ingestion_dag' retrieved from /opt/airflow/dags/ingestion_dag.py
[2025-12-01T11:18:35.488+0000] {logging_mixin.py:188} INFO - [2025-12-01T11:18:35.488+0000] {dag.py:3047} INFO - Sync 1 DAGs
[2025-12-01T11:18:35.505+0000] {logging_mixin.py:188} INFO - [2025-12-01T11:18:35.505+0000] {dag.py:3834} INFO - Setting next_dagrun for ingestion_dag to 2025-12-01 11:18:00+00:00, run_after=2025-12-01 11:19:00+00:00
[2025-12-01T11:18:35.517+0000] {processor.py:183} INFO - Processing /opt/airflow/dags/ingestion_dag.py took 2.116 seconds
[2025-12-01T11:53:24.918+0000] {processor.py:161} INFO - Started process (PID=80984) to work on /opt/airflow/dags/ingestion_dag.py
[2025-12-01T11:53:24.922+0000] {processor.py:830} INFO - Processing file /opt/airflow/dags/ingestion_dag.py for tasks to queue
[2025-12-01T11:53:24.924+0000] {logging_mixin.py:188} INFO - [2025-12-01T11:53:24.924+0000] {dagbag.py:540} INFO - Filling up the DagBag from /opt/airflow/dags/ingestion_dag.py
[2025-12-01T11:53:29.327+0000] {logging_mixin.py:188} INFO - [2025-12-01T11:53:29.327+0000] {warnings.py:109} WARNING - /opt/airflow/dags/ingestion_dag.py:257: RemovedInAirflow3Warning: Function `days_ago` is deprecated and will be removed in Airflow 3.0. You can achieve equivalent behavior with `pendulum.today('UTC').add(days=-N, ...)`
  start_date=days_ago(1),
[2025-12-01T11:53:29.328+0000] {logging_mixin.py:188} INFO - [2025-12-01T11:53:29.328+0000] {warnings.py:109} WARNING - /opt/airflow/dags/ingestion_dag.py:254: RemovedInAirflow3Warning: Param `schedule_interval` is deprecated and will be removed in a future release. Please use `schedule` instead. 
  with DAG(
[2025-12-01T11:53:29.342+0000] {processor.py:840} INFO - DAG(s) 'ingestion_dag' retrieved from /opt/airflow/dags/ingestion_dag.py
[2025-12-01T11:53:29.392+0000] {logging_mixin.py:188} INFO - [2025-12-01T11:53:29.392+0000] {dag.py:3047} INFO - Sync 1 DAGs
[2025-12-01T11:53:29.448+0000] {logging_mixin.py:188} INFO - [2025-12-01T11:53:29.448+0000] {dag.py:3834} INFO - Setting next_dagrun for ingestion_dag to 2025-12-01 11:53:00+00:00, run_after=2025-12-01 11:54:00+00:00
[2025-12-01T11:53:29.492+0000] {processor.py:183} INFO - Processing /opt/airflow/dags/ingestion_dag.py took 4.579 seconds
[2025-12-01T12:21:33.156+0000] {processor.py:161} INFO - Started process (PID=81194) to work on /opt/airflow/dags/ingestion_dag.py
[2025-12-01T12:21:33.161+0000] {processor.py:830} INFO - Processing file /opt/airflow/dags/ingestion_dag.py for tasks to queue
[2025-12-01T12:21:33.168+0000] {logging_mixin.py:188} INFO - [2025-12-01T12:21:33.168+0000] {dagbag.py:540} INFO - Filling up the DagBag from /opt/airflow/dags/ingestion_dag.py
[2025-12-01T12:21:37.122+0000] {logging_mixin.py:188} INFO - [2025-12-01T12:21:37.122+0000] {warnings.py:109} WARNING - /opt/airflow/dags/ingestion_dag.py:257: RemovedInAirflow3Warning: Function `days_ago` is deprecated and will be removed in Airflow 3.0. You can achieve equivalent behavior with `pendulum.today('UTC').add(days=-N, ...)`
  start_date=days_ago(1),
[2025-12-01T12:21:37.122+0000] {logging_mixin.py:188} INFO - [2025-12-01T12:21:37.122+0000] {warnings.py:109} WARNING - /opt/airflow/dags/ingestion_dag.py:254: RemovedInAirflow3Warning: Param `schedule_interval` is deprecated and will be removed in a future release. Please use `schedule` instead. 
  with DAG(
[2025-12-01T12:21:37.135+0000] {processor.py:840} INFO - DAG(s) 'ingestion_dag' retrieved from /opt/airflow/dags/ingestion_dag.py
[2025-12-01T12:21:37.169+0000] {logging_mixin.py:188} INFO - [2025-12-01T12:21:37.169+0000] {dag.py:3047} INFO - Sync 1 DAGs
[2025-12-01T12:21:37.200+0000] {logging_mixin.py:188} INFO - [2025-12-01T12:21:37.200+0000] {dag.py:3834} INFO - Setting next_dagrun for ingestion_dag to 2025-12-01 12:21:00+00:00, run_after=2025-12-01 12:22:00+00:00
[2025-12-01T12:21:37.224+0000] {processor.py:183} INFO - Processing /opt/airflow/dags/ingestion_dag.py took 4.089 seconds
[2025-12-01T12:22:11.136+0000] {processor.py:161} INFO - Started process (PID=81364) to work on /opt/airflow/dags/ingestion_dag.py
[2025-12-01T12:22:11.138+0000] {processor.py:830} INFO - Processing file /opt/airflow/dags/ingestion_dag.py for tasks to queue
[2025-12-01T12:22:11.139+0000] {logging_mixin.py:188} INFO - [2025-12-01T12:22:11.139+0000] {dagbag.py:540} INFO - Filling up the DagBag from /opt/airflow/dags/ingestion_dag.py
[2025-12-01T12:22:13.840+0000] {logging_mixin.py:188} INFO - [2025-12-01T12:22:13.839+0000] {warnings.py:109} WARNING - /opt/airflow/dags/ingestion_dag.py:257: RemovedInAirflow3Warning: Function `days_ago` is deprecated and will be removed in Airflow 3.0. You can achieve equivalent behavior with `pendulum.today('UTC').add(days=-N, ...)`
  start_date=days_ago(1),
[2025-12-01T12:22:13.840+0000] {logging_mixin.py:188} INFO - [2025-12-01T12:22:13.840+0000] {warnings.py:109} WARNING - /opt/airflow/dags/ingestion_dag.py:254: RemovedInAirflow3Warning: Param `schedule_interval` is deprecated and will be removed in a future release. Please use `schedule` instead. 
  with DAG(
[2025-12-01T12:22:13.845+0000] {processor.py:840} INFO - DAG(s) 'ingestion_dag' retrieved from /opt/airflow/dags/ingestion_dag.py
[2025-12-01T12:22:13.865+0000] {logging_mixin.py:188} INFO - [2025-12-01T12:22:13.865+0000] {dag.py:3047} INFO - Sync 1 DAGs
[2025-12-01T12:22:13.885+0000] {logging_mixin.py:188} INFO - [2025-12-01T12:22:13.885+0000] {dag.py:3834} INFO - Setting next_dagrun for ingestion_dag to 2025-12-01 12:22:00+00:00, run_after=2025-12-01 12:23:00+00:00
[2025-12-01T12:22:13.897+0000] {processor.py:183} INFO - Processing /opt/airflow/dags/ingestion_dag.py took 2.766 seconds
[2025-12-01T12:41:40.287+0000] {processor.py:161} INFO - Started process (PID=81436) to work on /opt/airflow/dags/ingestion_dag.py
[2025-12-01T12:41:40.290+0000] {processor.py:830} INFO - Processing file /opt/airflow/dags/ingestion_dag.py for tasks to queue
[2025-12-01T12:41:40.295+0000] {logging_mixin.py:188} INFO - [2025-12-01T12:41:40.291+0000] {dagbag.py:540} INFO - Filling up the DagBag from /opt/airflow/dags/ingestion_dag.py
[2025-12-01T12:41:56.140+0000] {logging_mixin.py:188} INFO - [2025-12-01T12:41:56.139+0000] {warnings.py:109} WARNING - /opt/airflow/dags/ingestion_dag.py:257: RemovedInAirflow3Warning: Function `days_ago` is deprecated and will be removed in Airflow 3.0. You can achieve equivalent behavior with `pendulum.today('UTC').add(days=-N, ...)`
  start_date=days_ago(1),
[2025-12-01T12:41:56.142+0000] {logging_mixin.py:188} INFO - [2025-12-01T12:41:56.142+0000] {warnings.py:109} WARNING - /opt/airflow/dags/ingestion_dag.py:254: RemovedInAirflow3Warning: Param `schedule_interval` is deprecated and will be removed in a future release. Please use `schedule` instead. 
  with DAG(
[2025-12-01T12:41:56.174+0000] {processor.py:840} INFO - DAG(s) 'ingestion_dag' retrieved from /opt/airflow/dags/ingestion_dag.py
[2025-12-01T12:41:56.291+0000] {logging_mixin.py:188} INFO - [2025-12-01T12:41:56.289+0000] {dag.py:3047} INFO - Sync 1 DAGs
[2025-12-01T12:41:56.416+0000] {logging_mixin.py:188} INFO - [2025-12-01T12:41:56.415+0000] {dag.py:3834} INFO - Setting next_dagrun for ingestion_dag to 2025-12-01 12:41:00+00:00, run_after=2025-12-01 12:42:00+00:00
[2025-12-01T12:41:56.511+0000] {processor.py:183} INFO - Processing /opt/airflow/dags/ingestion_dag.py took 16.238 seconds
[2025-12-01T12:42:27.543+0000] {processor.py:161} INFO - Started process (PID=81653) to work on /opt/airflow/dags/ingestion_dag.py
[2025-12-01T12:42:27.548+0000] {processor.py:830} INFO - Processing file /opt/airflow/dags/ingestion_dag.py for tasks to queue
[2025-12-01T12:42:27.553+0000] {logging_mixin.py:188} INFO - [2025-12-01T12:42:27.552+0000] {dagbag.py:540} INFO - Filling up the DagBag from /opt/airflow/dags/ingestion_dag.py
[2025-12-01T12:42:29.259+0000] {logging_mixin.py:188} INFO - [2025-12-01T12:42:29.259+0000] {warnings.py:109} WARNING - /opt/airflow/dags/ingestion_dag.py:257: RemovedInAirflow3Warning: Function `days_ago` is deprecated and will be removed in Airflow 3.0. You can achieve equivalent behavior with `pendulum.today('UTC').add(days=-N, ...)`
  start_date=days_ago(1),
[2025-12-01T12:42:29.260+0000] {logging_mixin.py:188} INFO - [2025-12-01T12:42:29.260+0000] {warnings.py:109} WARNING - /opt/airflow/dags/ingestion_dag.py:254: RemovedInAirflow3Warning: Param `schedule_interval` is deprecated and will be removed in a future release. Please use `schedule` instead. 
  with DAG(
[2025-12-01T12:42:29.264+0000] {processor.py:840} INFO - DAG(s) 'ingestion_dag' retrieved from /opt/airflow/dags/ingestion_dag.py
[2025-12-01T12:42:29.292+0000] {logging_mixin.py:188} INFO - [2025-12-01T12:42:29.291+0000] {dag.py:3047} INFO - Sync 1 DAGs
[2025-12-01T12:42:29.312+0000] {logging_mixin.py:188} INFO - [2025-12-01T12:42:29.312+0000] {dag.py:3834} INFO - Setting next_dagrun for ingestion_dag to 2025-12-01 12:42:00+00:00, run_after=2025-12-01 12:43:00+00:00
[2025-12-01T12:42:29.324+0000] {processor.py:183} INFO - Processing /opt/airflow/dags/ingestion_dag.py took 1.804 seconds
[2025-12-01T12:43:00.005+0000] {processor.py:161} INFO - Started process (PID=81671) to work on /opt/airflow/dags/ingestion_dag.py
[2025-12-01T12:43:00.009+0000] {processor.py:830} INFO - Processing file /opt/airflow/dags/ingestion_dag.py for tasks to queue
[2025-12-01T12:43:00.013+0000] {logging_mixin.py:188} INFO - [2025-12-01T12:43:00.012+0000] {dagbag.py:540} INFO - Filling up the DagBag from /opt/airflow/dags/ingestion_dag.py
[2025-12-01T12:43:01.819+0000] {logging_mixin.py:188} INFO - [2025-12-01T12:43:01.818+0000] {warnings.py:109} WARNING - /opt/airflow/dags/ingestion_dag.py:257: RemovedInAirflow3Warning: Function `days_ago` is deprecated and will be removed in Airflow 3.0. You can achieve equivalent behavior with `pendulum.today('UTC').add(days=-N, ...)`
  start_date=days_ago(1),
[2025-12-01T12:43:01.819+0000] {logging_mixin.py:188} INFO - [2025-12-01T12:43:01.819+0000] {warnings.py:109} WARNING - /opt/airflow/dags/ingestion_dag.py:254: RemovedInAirflow3Warning: Param `schedule_interval` is deprecated and will be removed in a future release. Please use `schedule` instead. 
  with DAG(
[2025-12-01T12:43:01.824+0000] {processor.py:840} INFO - DAG(s) 'ingestion_dag' retrieved from /opt/airflow/dags/ingestion_dag.py
[2025-12-01T12:43:01.843+0000] {logging_mixin.py:188} INFO - [2025-12-01T12:43:01.843+0000] {dag.py:3047} INFO - Sync 1 DAGs
[2025-12-01T12:43:01.866+0000] {logging_mixin.py:188} INFO - [2025-12-01T12:43:01.866+0000] {dag.py:3834} INFO - Setting next_dagrun for ingestion_dag to 2025-12-01 12:43:00+00:00, run_after=2025-12-01 12:44:00+00:00
[2025-12-01T12:43:01.877+0000] {processor.py:183} INFO - Processing /opt/airflow/dags/ingestion_dag.py took 1.884 seconds
[2025-12-01T12:43:32.368+0000] {processor.py:161} INFO - Started process (PID=81751) to work on /opt/airflow/dags/ingestion_dag.py
[2025-12-01T12:43:32.370+0000] {processor.py:830} INFO - Processing file /opt/airflow/dags/ingestion_dag.py for tasks to queue
[2025-12-01T12:43:32.372+0000] {logging_mixin.py:188} INFO - [2025-12-01T12:43:32.371+0000] {dagbag.py:540} INFO - Filling up the DagBag from /opt/airflow/dags/ingestion_dag.py
[2025-12-01T12:43:33.946+0000] {logging_mixin.py:188} INFO - [2025-12-01T12:43:33.945+0000] {warnings.py:109} WARNING - /opt/airflow/dags/ingestion_dag.py:257: RemovedInAirflow3Warning: Function `days_ago` is deprecated and will be removed in Airflow 3.0. You can achieve equivalent behavior with `pendulum.today('UTC').add(days=-N, ...)`
  start_date=days_ago(1),
[2025-12-01T12:43:33.946+0000] {logging_mixin.py:188} INFO - [2025-12-01T12:43:33.946+0000] {warnings.py:109} WARNING - /opt/airflow/dags/ingestion_dag.py:254: RemovedInAirflow3Warning: Param `schedule_interval` is deprecated and will be removed in a future release. Please use `schedule` instead. 
  with DAG(
[2025-12-01T12:43:33.950+0000] {processor.py:840} INFO - DAG(s) 'ingestion_dag' retrieved from /opt/airflow/dags/ingestion_dag.py
[2025-12-01T12:43:33.968+0000] {logging_mixin.py:188} INFO - [2025-12-01T12:43:33.968+0000] {dag.py:3047} INFO - Sync 1 DAGs
[2025-12-01T12:43:33.984+0000] {logging_mixin.py:188} INFO - [2025-12-01T12:43:33.984+0000] {dag.py:3834} INFO - Setting next_dagrun for ingestion_dag to 2025-12-01 12:43:00+00:00, run_after=2025-12-01 12:44:00+00:00
[2025-12-01T12:43:33.993+0000] {processor.py:183} INFO - Processing /opt/airflow/dags/ingestion_dag.py took 1.636 seconds
[2025-12-01T12:44:04.748+0000] {processor.py:161} INFO - Started process (PID=81787) to work on /opt/airflow/dags/ingestion_dag.py
[2025-12-01T12:44:04.750+0000] {processor.py:830} INFO - Processing file /opt/airflow/dags/ingestion_dag.py for tasks to queue
[2025-12-01T12:44:04.750+0000] {logging_mixin.py:188} INFO - [2025-12-01T12:44:04.750+0000] {dagbag.py:540} INFO - Filling up the DagBag from /opt/airflow/dags/ingestion_dag.py
[2025-12-01T12:44:06.450+0000] {logging_mixin.py:188} INFO - [2025-12-01T12:44:06.450+0000] {warnings.py:109} WARNING - /opt/airflow/dags/ingestion_dag.py:257: RemovedInAirflow3Warning: Function `days_ago` is deprecated and will be removed in Airflow 3.0. You can achieve equivalent behavior with `pendulum.today('UTC').add(days=-N, ...)`
  start_date=days_ago(1),
[2025-12-01T12:44:06.452+0000] {logging_mixin.py:188} INFO - [2025-12-01T12:44:06.452+0000] {warnings.py:109} WARNING - /opt/airflow/dags/ingestion_dag.py:254: RemovedInAirflow3Warning: Param `schedule_interval` is deprecated and will be removed in a future release. Please use `schedule` instead. 
  with DAG(
[2025-12-01T12:44:06.456+0000] {processor.py:840} INFO - DAG(s) 'ingestion_dag' retrieved from /opt/airflow/dags/ingestion_dag.py
[2025-12-01T12:44:06.475+0000] {logging_mixin.py:188} INFO - [2025-12-01T12:44:06.475+0000] {dag.py:3047} INFO - Sync 1 DAGs
[2025-12-01T12:44:06.491+0000] {logging_mixin.py:188} INFO - [2025-12-01T12:44:06.491+0000] {dag.py:3834} INFO - Setting next_dagrun for ingestion_dag to 2025-12-01 12:44:00+00:00, run_after=2025-12-01 12:45:00+00:00
[2025-12-01T12:44:06.502+0000] {processor.py:183} INFO - Processing /opt/airflow/dags/ingestion_dag.py took 1.758 seconds
[2025-12-01T12:44:37.202+0000] {processor.py:161} INFO - Started process (PID=81855) to work on /opt/airflow/dags/ingestion_dag.py
[2025-12-01T12:44:37.204+0000] {processor.py:830} INFO - Processing file /opt/airflow/dags/ingestion_dag.py for tasks to queue
[2025-12-01T12:44:37.206+0000] {logging_mixin.py:188} INFO - [2025-12-01T12:44:37.205+0000] {dagbag.py:540} INFO - Filling up the DagBag from /opt/airflow/dags/ingestion_dag.py
[2025-12-01T12:44:40.597+0000] {logging_mixin.py:188} INFO - [2025-12-01T12:44:40.597+0000] {warnings.py:109} WARNING - /opt/airflow/dags/ingestion_dag.py:257: RemovedInAirflow3Warning: Function `days_ago` is deprecated and will be removed in Airflow 3.0. You can achieve equivalent behavior with `pendulum.today('UTC').add(days=-N, ...)`
  start_date=days_ago(1),
[2025-12-01T12:44:40.598+0000] {logging_mixin.py:188} INFO - [2025-12-01T12:44:40.598+0000] {warnings.py:109} WARNING - /opt/airflow/dags/ingestion_dag.py:254: RemovedInAirflow3Warning: Param `schedule_interval` is deprecated and will be removed in a future release. Please use `schedule` instead. 
  with DAG(
[2025-12-01T12:44:40.603+0000] {processor.py:840} INFO - DAG(s) 'ingestion_dag' retrieved from /opt/airflow/dags/ingestion_dag.py
[2025-12-01T12:44:40.636+0000] {logging_mixin.py:188} INFO - [2025-12-01T12:44:40.636+0000] {dag.py:3047} INFO - Sync 1 DAGs
[2025-12-01T12:44:40.659+0000] {logging_mixin.py:188} INFO - [2025-12-01T12:44:40.659+0000] {dag.py:3834} INFO - Setting next_dagrun for ingestion_dag to 2025-12-01 12:44:00+00:00, run_after=2025-12-01 12:45:00+00:00
[2025-12-01T12:44:40.671+0000] {processor.py:183} INFO - Processing /opt/airflow/dags/ingestion_dag.py took 3.485 seconds
[2025-12-01T12:45:10.820+0000] {processor.py:161} INFO - Started process (PID=81905) to work on /opt/airflow/dags/ingestion_dag.py
[2025-12-01T12:45:10.821+0000] {processor.py:830} INFO - Processing file /opt/airflow/dags/ingestion_dag.py for tasks to queue
[2025-12-01T12:45:10.822+0000] {logging_mixin.py:188} INFO - [2025-12-01T12:45:10.822+0000] {dagbag.py:540} INFO - Filling up the DagBag from /opt/airflow/dags/ingestion_dag.py
[2025-12-01T12:45:18.913+0000] {logging_mixin.py:188} INFO - [2025-12-01T12:45:18.911+0000] {warnings.py:109} WARNING - /opt/airflow/dags/ingestion_dag.py:257: RemovedInAirflow3Warning: Function `days_ago` is deprecated and will be removed in Airflow 3.0. You can achieve equivalent behavior with `pendulum.today('UTC').add(days=-N, ...)`
  start_date=days_ago(1),
[2025-12-01T12:45:18.915+0000] {logging_mixin.py:188} INFO - [2025-12-01T12:45:18.915+0000] {warnings.py:109} WARNING - /opt/airflow/dags/ingestion_dag.py:254: RemovedInAirflow3Warning: Param `schedule_interval` is deprecated and will be removed in a future release. Please use `schedule` instead. 
  with DAG(
[2025-12-01T12:45:18.935+0000] {processor.py:840} INFO - DAG(s) 'ingestion_dag' retrieved from /opt/airflow/dags/ingestion_dag.py
[2025-12-01T12:45:19.032+0000] {logging_mixin.py:188} INFO - [2025-12-01T12:45:19.032+0000] {dag.py:3047} INFO - Sync 1 DAGs
[2025-12-01T12:45:19.096+0000] {logging_mixin.py:188} INFO - [2025-12-01T12:45:19.095+0000] {dag.py:3834} INFO - Setting next_dagrun for ingestion_dag to 2025-12-01 12:45:00+00:00, run_after=2025-12-01 12:46:00+00:00
[2025-12-01T12:45:19.150+0000] {processor.py:183} INFO - Processing /opt/airflow/dags/ingestion_dag.py took 8.339 seconds
[2025-12-01T12:45:49.778+0000] {processor.py:161} INFO - Started process (PID=81958) to work on /opt/airflow/dags/ingestion_dag.py
[2025-12-01T12:45:49.781+0000] {processor.py:830} INFO - Processing file /opt/airflow/dags/ingestion_dag.py for tasks to queue
[2025-12-01T12:45:49.783+0000] {logging_mixin.py:188} INFO - [2025-12-01T12:45:49.782+0000] {dagbag.py:540} INFO - Filling up the DagBag from /opt/airflow/dags/ingestion_dag.py
[2025-12-01T12:45:51.672+0000] {logging_mixin.py:188} INFO - [2025-12-01T12:45:51.671+0000] {warnings.py:109} WARNING - /opt/airflow/dags/ingestion_dag.py:257: RemovedInAirflow3Warning: Function `days_ago` is deprecated and will be removed in Airflow 3.0. You can achieve equivalent behavior with `pendulum.today('UTC').add(days=-N, ...)`
  start_date=days_ago(1),
[2025-12-01T12:45:51.673+0000] {logging_mixin.py:188} INFO - [2025-12-01T12:45:51.672+0000] {warnings.py:109} WARNING - /opt/airflow/dags/ingestion_dag.py:254: RemovedInAirflow3Warning: Param `schedule_interval` is deprecated and will be removed in a future release. Please use `schedule` instead. 
  with DAG(
[2025-12-01T12:45:51.687+0000] {processor.py:840} INFO - DAG(s) 'ingestion_dag' retrieved from /opt/airflow/dags/ingestion_dag.py
[2025-12-01T12:45:51.734+0000] {logging_mixin.py:188} INFO - [2025-12-01T12:45:51.734+0000] {dag.py:3047} INFO - Sync 1 DAGs
[2025-12-01T12:45:51.761+0000] {logging_mixin.py:188} INFO - [2025-12-01T12:45:51.761+0000] {dag.py:3834} INFO - Setting next_dagrun for ingestion_dag to 2025-12-01 12:45:00+00:00, run_after=2025-12-01 12:46:00+00:00
[2025-12-01T12:45:51.797+0000] {processor.py:183} INFO - Processing /opt/airflow/dags/ingestion_dag.py took 2.033 seconds
[2025-12-01T12:46:22.403+0000] {processor.py:161} INFO - Started process (PID=82044) to work on /opt/airflow/dags/ingestion_dag.py
[2025-12-01T12:46:22.406+0000] {processor.py:830} INFO - Processing file /opt/airflow/dags/ingestion_dag.py for tasks to queue
[2025-12-01T12:46:22.408+0000] {logging_mixin.py:188} INFO - [2025-12-01T12:46:22.407+0000] {dagbag.py:540} INFO - Filling up the DagBag from /opt/airflow/dags/ingestion_dag.py
[2025-12-01T12:46:25.851+0000] {logging_mixin.py:188} INFO - [2025-12-01T12:46:25.850+0000] {warnings.py:109} WARNING - /opt/airflow/dags/ingestion_dag.py:257: RemovedInAirflow3Warning: Function `days_ago` is deprecated and will be removed in Airflow 3.0. You can achieve equivalent behavior with `pendulum.today('UTC').add(days=-N, ...)`
  start_date=days_ago(1),
[2025-12-01T12:46:25.851+0000] {logging_mixin.py:188} INFO - [2025-12-01T12:46:25.851+0000] {warnings.py:109} WARNING - /opt/airflow/dags/ingestion_dag.py:254: RemovedInAirflow3Warning: Param `schedule_interval` is deprecated and will be removed in a future release. Please use `schedule` instead. 
  with DAG(
[2025-12-01T12:46:25.857+0000] {processor.py:840} INFO - DAG(s) 'ingestion_dag' retrieved from /opt/airflow/dags/ingestion_dag.py
[2025-12-01T12:46:25.904+0000] {logging_mixin.py:188} INFO - [2025-12-01T12:46:25.903+0000] {dag.py:3047} INFO - Sync 1 DAGs
[2025-12-01T12:46:25.932+0000] {logging_mixin.py:188} INFO - [2025-12-01T12:46:25.932+0000] {dag.py:3834} INFO - Setting next_dagrun for ingestion_dag to 2025-12-01 12:46:00+00:00, run_after=2025-12-01 12:47:00+00:00
[2025-12-01T12:46:25.947+0000] {processor.py:183} INFO - Processing /opt/airflow/dags/ingestion_dag.py took 3.552 seconds
[2025-12-01T12:46:56.154+0000] {processor.py:161} INFO - Started process (PID=82062) to work on /opt/airflow/dags/ingestion_dag.py
[2025-12-01T12:46:56.157+0000] {processor.py:830} INFO - Processing file /opt/airflow/dags/ingestion_dag.py for tasks to queue
[2025-12-01T12:46:56.159+0000] {logging_mixin.py:188} INFO - [2025-12-01T12:46:56.158+0000] {dagbag.py:540} INFO - Filling up the DagBag from /opt/airflow/dags/ingestion_dag.py
[2025-12-01T12:46:57.844+0000] {logging_mixin.py:188} INFO - [2025-12-01T12:46:57.844+0000] {warnings.py:109} WARNING - /opt/airflow/dags/ingestion_dag.py:257: RemovedInAirflow3Warning: Function `days_ago` is deprecated and will be removed in Airflow 3.0. You can achieve equivalent behavior with `pendulum.today('UTC').add(days=-N, ...)`
  start_date=days_ago(1),
[2025-12-01T12:46:57.845+0000] {logging_mixin.py:188} INFO - [2025-12-01T12:46:57.844+0000] {warnings.py:109} WARNING - /opt/airflow/dags/ingestion_dag.py:254: RemovedInAirflow3Warning: Param `schedule_interval` is deprecated and will be removed in a future release. Please use `schedule` instead. 
  with DAG(
[2025-12-01T12:46:57.849+0000] {processor.py:840} INFO - DAG(s) 'ingestion_dag' retrieved from /opt/airflow/dags/ingestion_dag.py
[2025-12-01T12:46:57.873+0000] {logging_mixin.py:188} INFO - [2025-12-01T12:46:57.873+0000] {dag.py:3047} INFO - Sync 1 DAGs
[2025-12-01T12:46:57.893+0000] {logging_mixin.py:188} INFO - [2025-12-01T12:46:57.893+0000] {dag.py:3834} INFO - Setting next_dagrun for ingestion_dag to 2025-12-01 12:46:00+00:00, run_after=2025-12-01 12:47:00+00:00
[2025-12-01T12:46:57.903+0000] {processor.py:183} INFO - Processing /opt/airflow/dags/ingestion_dag.py took 1.762 seconds
[2025-12-01T12:47:28.639+0000] {processor.py:161} INFO - Started process (PID=82142) to work on /opt/airflow/dags/ingestion_dag.py
[2025-12-01T12:47:28.642+0000] {processor.py:830} INFO - Processing file /opt/airflow/dags/ingestion_dag.py for tasks to queue
[2025-12-01T12:47:28.643+0000] {logging_mixin.py:188} INFO - [2025-12-01T12:47:28.643+0000] {dagbag.py:540} INFO - Filling up the DagBag from /opt/airflow/dags/ingestion_dag.py
[2025-12-01T12:47:30.360+0000] {logging_mixin.py:188} INFO - [2025-12-01T12:47:30.360+0000] {warnings.py:109} WARNING - /opt/airflow/dags/ingestion_dag.py:257: RemovedInAirflow3Warning: Function `days_ago` is deprecated and will be removed in Airflow 3.0. You can achieve equivalent behavior with `pendulum.today('UTC').add(days=-N, ...)`
  start_date=days_ago(1),
[2025-12-01T12:47:30.361+0000] {logging_mixin.py:188} INFO - [2025-12-01T12:47:30.360+0000] {warnings.py:109} WARNING - /opt/airflow/dags/ingestion_dag.py:254: RemovedInAirflow3Warning: Param `schedule_interval` is deprecated and will be removed in a future release. Please use `schedule` instead. 
  with DAG(
[2025-12-01T12:47:30.366+0000] {processor.py:840} INFO - DAG(s) 'ingestion_dag' retrieved from /opt/airflow/dags/ingestion_dag.py
[2025-12-01T12:47:30.390+0000] {logging_mixin.py:188} INFO - [2025-12-01T12:47:30.390+0000] {dag.py:3047} INFO - Sync 1 DAGs
[2025-12-01T12:47:30.406+0000] {logging_mixin.py:188} INFO - [2025-12-01T12:47:30.406+0000] {dag.py:3834} INFO - Setting next_dagrun for ingestion_dag to 2025-12-01 12:47:00+00:00, run_after=2025-12-01 12:48:00+00:00
[2025-12-01T12:47:30.418+0000] {processor.py:183} INFO - Processing /opt/airflow/dags/ingestion_dag.py took 1.789 seconds
[2025-12-01T12:48:00.892+0000] {processor.py:161} INFO - Started process (PID=82160) to work on /opt/airflow/dags/ingestion_dag.py
[2025-12-01T12:48:00.897+0000] {processor.py:830} INFO - Processing file /opt/airflow/dags/ingestion_dag.py for tasks to queue
[2025-12-01T12:48:00.899+0000] {logging_mixin.py:188} INFO - [2025-12-01T12:48:00.898+0000] {dagbag.py:540} INFO - Filling up the DagBag from /opt/airflow/dags/ingestion_dag.py
[2025-12-01T12:48:02.849+0000] {logging_mixin.py:188} INFO - [2025-12-01T12:48:02.849+0000] {warnings.py:109} WARNING - /opt/airflow/dags/ingestion_dag.py:257: RemovedInAirflow3Warning: Function `days_ago` is deprecated and will be removed in Airflow 3.0. You can achieve equivalent behavior with `pendulum.today('UTC').add(days=-N, ...)`
  start_date=days_ago(1),
[2025-12-01T12:48:02.850+0000] {logging_mixin.py:188} INFO - [2025-12-01T12:48:02.850+0000] {warnings.py:109} WARNING - /opt/airflow/dags/ingestion_dag.py:254: RemovedInAirflow3Warning: Param `schedule_interval` is deprecated and will be removed in a future release. Please use `schedule` instead. 
  with DAG(
[2025-12-01T12:48:02.855+0000] {processor.py:840} INFO - DAG(s) 'ingestion_dag' retrieved from /opt/airflow/dags/ingestion_dag.py
[2025-12-01T12:48:02.878+0000] {logging_mixin.py:188} INFO - [2025-12-01T12:48:02.878+0000] {dag.py:3047} INFO - Sync 1 DAGs
[2025-12-01T12:48:02.902+0000] {logging_mixin.py:188} INFO - [2025-12-01T12:48:02.902+0000] {dag.py:3834} INFO - Setting next_dagrun for ingestion_dag to 2025-12-01 12:48:00+00:00, run_after=2025-12-01 12:49:00+00:00
[2025-12-01T12:48:02.915+0000] {processor.py:183} INFO - Processing /opt/airflow/dags/ingestion_dag.py took 2.031 seconds
[2025-12-01T12:48:33.552+0000] {processor.py:161} INFO - Started process (PID=82246) to work on /opt/airflow/dags/ingestion_dag.py
[2025-12-01T12:48:33.555+0000] {processor.py:830} INFO - Processing file /opt/airflow/dags/ingestion_dag.py for tasks to queue
[2025-12-01T12:48:33.556+0000] {logging_mixin.py:188} INFO - [2025-12-01T12:48:33.556+0000] {dagbag.py:540} INFO - Filling up the DagBag from /opt/airflow/dags/ingestion_dag.py
[2025-12-01T12:48:36.246+0000] {logging_mixin.py:188} INFO - [2025-12-01T12:48:36.246+0000] {warnings.py:109} WARNING - /opt/airflow/dags/ingestion_dag.py:257: RemovedInAirflow3Warning: Function `days_ago` is deprecated and will be removed in Airflow 3.0. You can achieve equivalent behavior with `pendulum.today('UTC').add(days=-N, ...)`
  start_date=days_ago(1),
[2025-12-01T12:48:36.246+0000] {logging_mixin.py:188} INFO - [2025-12-01T12:48:36.246+0000] {warnings.py:109} WARNING - /opt/airflow/dags/ingestion_dag.py:254: RemovedInAirflow3Warning: Param `schedule_interval` is deprecated and will be removed in a future release. Please use `schedule` instead. 
  with DAG(
[2025-12-01T12:48:36.251+0000] {processor.py:840} INFO - DAG(s) 'ingestion_dag' retrieved from /opt/airflow/dags/ingestion_dag.py
[2025-12-01T12:48:36.285+0000] {logging_mixin.py:188} INFO - [2025-12-01T12:48:36.285+0000] {dag.py:3047} INFO - Sync 1 DAGs
[2025-12-01T12:48:36.309+0000] {logging_mixin.py:188} INFO - [2025-12-01T12:48:36.309+0000] {dag.py:3834} INFO - Setting next_dagrun for ingestion_dag to 2025-12-01 12:48:00+00:00, run_after=2025-12-01 12:49:00+00:00
[2025-12-01T12:48:36.321+0000] {processor.py:183} INFO - Processing /opt/airflow/dags/ingestion_dag.py took 2.781 seconds
[2025-12-01T12:49:07.201+0000] {processor.py:161} INFO - Started process (PID=82293) to work on /opt/airflow/dags/ingestion_dag.py
[2025-12-01T12:49:07.202+0000] {processor.py:830} INFO - Processing file /opt/airflow/dags/ingestion_dag.py for tasks to queue
[2025-12-01T12:49:07.203+0000] {logging_mixin.py:188} INFO - [2025-12-01T12:49:07.203+0000] {dagbag.py:540} INFO - Filling up the DagBag from /opt/airflow/dags/ingestion_dag.py
[2025-12-01T12:49:08.933+0000] {logging_mixin.py:188} INFO - [2025-12-01T12:49:08.933+0000] {warnings.py:109} WARNING - /opt/airflow/dags/ingestion_dag.py:257: RemovedInAirflow3Warning: Function `days_ago` is deprecated and will be removed in Airflow 3.0. You can achieve equivalent behavior with `pendulum.today('UTC').add(days=-N, ...)`
  start_date=days_ago(1),
[2025-12-01T12:49:08.933+0000] {logging_mixin.py:188} INFO - [2025-12-01T12:49:08.933+0000] {warnings.py:109} WARNING - /opt/airflow/dags/ingestion_dag.py:254: RemovedInAirflow3Warning: Param `schedule_interval` is deprecated and will be removed in a future release. Please use `schedule` instead. 
  with DAG(
[2025-12-01T12:49:08.937+0000] {processor.py:840} INFO - DAG(s) 'ingestion_dag' retrieved from /opt/airflow/dags/ingestion_dag.py
[2025-12-01T12:49:08.954+0000] {logging_mixin.py:188} INFO - [2025-12-01T12:49:08.953+0000] {dag.py:3047} INFO - Sync 1 DAGs
[2025-12-01T12:49:08.967+0000] {logging_mixin.py:188} INFO - [2025-12-01T12:49:08.967+0000] {dag.py:3834} INFO - Setting next_dagrun for ingestion_dag to 2025-12-01 12:49:00+00:00, run_after=2025-12-01 12:50:00+00:00
[2025-12-01T12:49:08.977+0000] {processor.py:183} INFO - Processing /opt/airflow/dags/ingestion_dag.py took 1.782 seconds
[2025-12-01T12:49:39.676+0000] {processor.py:161} INFO - Started process (PID=82344) to work on /opt/airflow/dags/ingestion_dag.py
[2025-12-01T12:49:39.679+0000] {processor.py:830} INFO - Processing file /opt/airflow/dags/ingestion_dag.py for tasks to queue
[2025-12-01T12:49:39.680+0000] {logging_mixin.py:188} INFO - [2025-12-01T12:49:39.680+0000] {dagbag.py:540} INFO - Filling up the DagBag from /opt/airflow/dags/ingestion_dag.py
[2025-12-01T12:49:41.405+0000] {logging_mixin.py:188} INFO - [2025-12-01T12:49:41.404+0000] {warnings.py:109} WARNING - /opt/airflow/dags/ingestion_dag.py:257: RemovedInAirflow3Warning: Function `days_ago` is deprecated and will be removed in Airflow 3.0. You can achieve equivalent behavior with `pendulum.today('UTC').add(days=-N, ...)`
  start_date=days_ago(1),
[2025-12-01T12:49:41.405+0000] {logging_mixin.py:188} INFO - [2025-12-01T12:49:41.405+0000] {warnings.py:109} WARNING - /opt/airflow/dags/ingestion_dag.py:254: RemovedInAirflow3Warning: Param `schedule_interval` is deprecated and will be removed in a future release. Please use `schedule` instead. 
  with DAG(
[2025-12-01T12:49:41.409+0000] {processor.py:840} INFO - DAG(s) 'ingestion_dag' retrieved from /opt/airflow/dags/ingestion_dag.py
[2025-12-01T12:49:41.440+0000] {logging_mixin.py:188} INFO - [2025-12-01T12:49:41.440+0000] {dag.py:3047} INFO - Sync 1 DAGs
[2025-12-01T12:49:41.457+0000] {logging_mixin.py:188} INFO - [2025-12-01T12:49:41.457+0000] {dag.py:3834} INFO - Setting next_dagrun for ingestion_dag to 2025-12-01 12:49:00+00:00, run_after=2025-12-01 12:50:00+00:00
[2025-12-01T12:49:41.466+0000] {processor.py:183} INFO - Processing /opt/airflow/dags/ingestion_dag.py took 1.801 seconds
[2025-12-01T12:50:12.063+0000] {processor.py:161} INFO - Started process (PID=82430) to work on /opt/airflow/dags/ingestion_dag.py
[2025-12-01T12:50:12.068+0000] {processor.py:830} INFO - Processing file /opt/airflow/dags/ingestion_dag.py for tasks to queue
[2025-12-01T12:50:12.071+0000] {logging_mixin.py:188} INFO - [2025-12-01T12:50:12.070+0000] {dagbag.py:540} INFO - Filling up the DagBag from /opt/airflow/dags/ingestion_dag.py
[2025-12-01T12:50:13.754+0000] {logging_mixin.py:188} INFO - [2025-12-01T12:50:13.753+0000] {warnings.py:109} WARNING - /opt/airflow/dags/ingestion_dag.py:257: RemovedInAirflow3Warning: Function `days_ago` is deprecated and will be removed in Airflow 3.0. You can achieve equivalent behavior with `pendulum.today('UTC').add(days=-N, ...)`
  start_date=days_ago(1),
[2025-12-01T12:50:13.754+0000] {logging_mixin.py:188} INFO - [2025-12-01T12:50:13.754+0000] {warnings.py:109} WARNING - /opt/airflow/dags/ingestion_dag.py:254: RemovedInAirflow3Warning: Param `schedule_interval` is deprecated and will be removed in a future release. Please use `schedule` instead. 
  with DAG(
[2025-12-01T12:50:13.758+0000] {processor.py:840} INFO - DAG(s) 'ingestion_dag' retrieved from /opt/airflow/dags/ingestion_dag.py
[2025-12-01T12:50:13.783+0000] {logging_mixin.py:188} INFO - [2025-12-01T12:50:13.783+0000] {dag.py:3047} INFO - Sync 1 DAGs
[2025-12-01T12:50:13.800+0000] {logging_mixin.py:188} INFO - [2025-12-01T12:50:13.800+0000] {dag.py:3834} INFO - Setting next_dagrun for ingestion_dag to 2025-12-01 12:50:00+00:00, run_after=2025-12-01 12:51:00+00:00
[2025-12-01T12:50:13.815+0000] {processor.py:183} INFO - Processing /opt/airflow/dags/ingestion_dag.py took 1.760 seconds
[2025-12-01T12:50:44.510+0000] {processor.py:161} INFO - Started process (PID=82448) to work on /opt/airflow/dags/ingestion_dag.py
[2025-12-01T12:50:44.511+0000] {processor.py:830} INFO - Processing file /opt/airflow/dags/ingestion_dag.py for tasks to queue
[2025-12-01T12:50:44.512+0000] {logging_mixin.py:188} INFO - [2025-12-01T12:50:44.512+0000] {dagbag.py:540} INFO - Filling up the DagBag from /opt/airflow/dags/ingestion_dag.py
[2025-12-01T12:50:46.106+0000] {logging_mixin.py:188} INFO - [2025-12-01T12:50:46.105+0000] {warnings.py:109} WARNING - /opt/airflow/dags/ingestion_dag.py:257: RemovedInAirflow3Warning: Function `days_ago` is deprecated and will be removed in Airflow 3.0. You can achieve equivalent behavior with `pendulum.today('UTC').add(days=-N, ...)`
  start_date=days_ago(1),
[2025-12-01T12:50:46.106+0000] {logging_mixin.py:188} INFO - [2025-12-01T12:50:46.106+0000] {warnings.py:109} WARNING - /opt/airflow/dags/ingestion_dag.py:254: RemovedInAirflow3Warning: Param `schedule_interval` is deprecated and will be removed in a future release. Please use `schedule` instead. 
  with DAG(
[2025-12-01T12:50:46.110+0000] {processor.py:840} INFO - DAG(s) 'ingestion_dag' retrieved from /opt/airflow/dags/ingestion_dag.py
[2025-12-01T12:50:46.134+0000] {logging_mixin.py:188} INFO - [2025-12-01T12:50:46.134+0000] {dag.py:3047} INFO - Sync 1 DAGs
[2025-12-01T12:50:46.152+0000] {logging_mixin.py:188} INFO - [2025-12-01T12:50:46.152+0000] {dag.py:3834} INFO - Setting next_dagrun for ingestion_dag to 2025-12-01 12:50:00+00:00, run_after=2025-12-01 12:51:00+00:00
[2025-12-01T12:50:46.162+0000] {processor.py:183} INFO - Processing /opt/airflow/dags/ingestion_dag.py took 1.666 seconds
[2025-12-01T12:51:17.095+0000] {processor.py:161} INFO - Started process (PID=82528) to work on /opt/airflow/dags/ingestion_dag.py
[2025-12-01T12:51:17.099+0000] {processor.py:830} INFO - Processing file /opt/airflow/dags/ingestion_dag.py for tasks to queue
[2025-12-01T12:51:17.100+0000] {logging_mixin.py:188} INFO - [2025-12-01T12:51:17.099+0000] {dagbag.py:540} INFO - Filling up the DagBag from /opt/airflow/dags/ingestion_dag.py
[2025-12-01T12:51:19.034+0000] {logging_mixin.py:188} INFO - [2025-12-01T12:51:19.034+0000] {warnings.py:109} WARNING - /opt/airflow/dags/ingestion_dag.py:257: RemovedInAirflow3Warning: Function `days_ago` is deprecated and will be removed in Airflow 3.0. You can achieve equivalent behavior with `pendulum.today('UTC').add(days=-N, ...)`
  start_date=days_ago(1),
[2025-12-01T12:51:19.035+0000] {logging_mixin.py:188} INFO - [2025-12-01T12:51:19.035+0000] {warnings.py:109} WARNING - /opt/airflow/dags/ingestion_dag.py:254: RemovedInAirflow3Warning: Param `schedule_interval` is deprecated and will be removed in a future release. Please use `schedule` instead. 
  with DAG(
[2025-12-01T12:51:19.040+0000] {processor.py:840} INFO - DAG(s) 'ingestion_dag' retrieved from /opt/airflow/dags/ingestion_dag.py
[2025-12-01T12:51:19.067+0000] {logging_mixin.py:188} INFO - [2025-12-01T12:51:19.067+0000] {dag.py:3047} INFO - Sync 1 DAGs
[2025-12-01T12:51:19.094+0000] {logging_mixin.py:188} INFO - [2025-12-01T12:51:19.093+0000] {dag.py:3834} INFO - Setting next_dagrun for ingestion_dag to 2025-12-01 12:51:00+00:00, run_after=2025-12-01 12:52:00+00:00
[2025-12-01T12:51:19.105+0000] {processor.py:183} INFO - Processing /opt/airflow/dags/ingestion_dag.py took 2.022 seconds
[2025-12-01T12:51:49.774+0000] {processor.py:161} INFO - Started process (PID=82546) to work on /opt/airflow/dags/ingestion_dag.py
[2025-12-01T12:51:49.776+0000] {processor.py:830} INFO - Processing file /opt/airflow/dags/ingestion_dag.py for tasks to queue
[2025-12-01T12:51:49.777+0000] {logging_mixin.py:188} INFO - [2025-12-01T12:51:49.777+0000] {dagbag.py:540} INFO - Filling up the DagBag from /opt/airflow/dags/ingestion_dag.py
[2025-12-01T12:51:51.633+0000] {logging_mixin.py:188} INFO - [2025-12-01T12:51:51.632+0000] {warnings.py:109} WARNING - /opt/airflow/dags/ingestion_dag.py:257: RemovedInAirflow3Warning: Function `days_ago` is deprecated and will be removed in Airflow 3.0. You can achieve equivalent behavior with `pendulum.today('UTC').add(days=-N, ...)`
  start_date=days_ago(1),
[2025-12-01T12:51:51.633+0000] {logging_mixin.py:188} INFO - [2025-12-01T12:51:51.633+0000] {warnings.py:109} WARNING - /opt/airflow/dags/ingestion_dag.py:254: RemovedInAirflow3Warning: Param `schedule_interval` is deprecated and will be removed in a future release. Please use `schedule` instead. 
  with DAG(
[2025-12-01T12:51:51.639+0000] {processor.py:840} INFO - DAG(s) 'ingestion_dag' retrieved from /opt/airflow/dags/ingestion_dag.py
[2025-12-01T12:51:51.669+0000] {logging_mixin.py:188} INFO - [2025-12-01T12:51:51.668+0000] {dag.py:3047} INFO - Sync 1 DAGs
[2025-12-01T12:51:51.687+0000] {logging_mixin.py:188} INFO - [2025-12-01T12:51:51.687+0000] {dag.py:3834} INFO - Setting next_dagrun for ingestion_dag to 2025-12-01 12:51:00+00:00, run_after=2025-12-01 12:52:00+00:00
[2025-12-01T12:51:51.697+0000] {processor.py:183} INFO - Processing /opt/airflow/dags/ingestion_dag.py took 1.932 seconds
[2025-12-01T12:52:22.461+0000] {processor.py:161} INFO - Started process (PID=82632) to work on /opt/airflow/dags/ingestion_dag.py
[2025-12-01T12:52:22.465+0000] {processor.py:830} INFO - Processing file /opt/airflow/dags/ingestion_dag.py for tasks to queue
[2025-12-01T12:52:22.467+0000] {logging_mixin.py:188} INFO - [2025-12-01T12:52:22.466+0000] {dagbag.py:540} INFO - Filling up the DagBag from /opt/airflow/dags/ingestion_dag.py
[2025-12-01T12:52:24.627+0000] {logging_mixin.py:188} INFO - [2025-12-01T12:52:24.627+0000] {warnings.py:109} WARNING - /opt/airflow/dags/ingestion_dag.py:257: RemovedInAirflow3Warning: Function `days_ago` is deprecated and will be removed in Airflow 3.0. You can achieve equivalent behavior with `pendulum.today('UTC').add(days=-N, ...)`
  start_date=days_ago(1),
[2025-12-01T12:52:24.628+0000] {logging_mixin.py:188} INFO - [2025-12-01T12:52:24.628+0000] {warnings.py:109} WARNING - /opt/airflow/dags/ingestion_dag.py:254: RemovedInAirflow3Warning: Param `schedule_interval` is deprecated and will be removed in a future release. Please use `schedule` instead. 
  with DAG(
[2025-12-01T12:52:24.636+0000] {processor.py:840} INFO - DAG(s) 'ingestion_dag' retrieved from /opt/airflow/dags/ingestion_dag.py
[2025-12-01T12:52:24.665+0000] {logging_mixin.py:188} INFO - [2025-12-01T12:52:24.665+0000] {dag.py:3047} INFO - Sync 1 DAGs
[2025-12-01T12:52:24.693+0000] {logging_mixin.py:188} INFO - [2025-12-01T12:52:24.693+0000] {dag.py:3834} INFO - Setting next_dagrun for ingestion_dag to 2025-12-01 12:52:00+00:00, run_after=2025-12-01 12:53:00+00:00
[2025-12-01T12:52:24.710+0000] {processor.py:183} INFO - Processing /opt/airflow/dags/ingestion_dag.py took 2.271 seconds
[2025-12-01T12:52:55.300+0000] {processor.py:161} INFO - Started process (PID=82655) to work on /opt/airflow/dags/ingestion_dag.py
[2025-12-01T12:52:55.303+0000] {processor.py:830} INFO - Processing file /opt/airflow/dags/ingestion_dag.py for tasks to queue
[2025-12-01T12:52:55.304+0000] {logging_mixin.py:188} INFO - [2025-12-01T12:52:55.303+0000] {dagbag.py:540} INFO - Filling up the DagBag from /opt/airflow/dags/ingestion_dag.py
[2025-12-01T12:52:56.967+0000] {logging_mixin.py:188} INFO - [2025-12-01T12:52:56.967+0000] {warnings.py:109} WARNING - /opt/airflow/dags/ingestion_dag.py:257: RemovedInAirflow3Warning: Function `days_ago` is deprecated and will be removed in Airflow 3.0. You can achieve equivalent behavior with `pendulum.today('UTC').add(days=-N, ...)`
  start_date=days_ago(1),
[2025-12-01T12:52:56.967+0000] {logging_mixin.py:188} INFO - [2025-12-01T12:52:56.967+0000] {warnings.py:109} WARNING - /opt/airflow/dags/ingestion_dag.py:254: RemovedInAirflow3Warning: Param `schedule_interval` is deprecated and will be removed in a future release. Please use `schedule` instead. 
  with DAG(
[2025-12-01T12:52:56.971+0000] {processor.py:840} INFO - DAG(s) 'ingestion_dag' retrieved from /opt/airflow/dags/ingestion_dag.py
[2025-12-01T12:52:56.989+0000] {logging_mixin.py:188} INFO - [2025-12-01T12:52:56.989+0000] {dag.py:3047} INFO - Sync 1 DAGs
[2025-12-01T12:52:57.013+0000] {logging_mixin.py:188} INFO - [2025-12-01T12:52:57.013+0000] {dag.py:3834} INFO - Setting next_dagrun for ingestion_dag to 2025-12-01 12:52:00+00:00, run_after=2025-12-01 12:53:00+00:00
[2025-12-01T12:52:57.022+0000] {processor.py:183} INFO - Processing /opt/airflow/dags/ingestion_dag.py took 1.733 seconds
[2025-12-01T12:53:27.807+0000] {processor.py:161} INFO - Started process (PID=82735) to work on /opt/airflow/dags/ingestion_dag.py
[2025-12-01T12:53:27.809+0000] {processor.py:830} INFO - Processing file /opt/airflow/dags/ingestion_dag.py for tasks to queue
[2025-12-01T12:53:27.810+0000] {logging_mixin.py:188} INFO - [2025-12-01T12:53:27.810+0000] {dagbag.py:540} INFO - Filling up the DagBag from /opt/airflow/dags/ingestion_dag.py
[2025-12-01T12:53:29.653+0000] {logging_mixin.py:188} INFO - [2025-12-01T12:53:29.653+0000] {warnings.py:109} WARNING - /opt/airflow/dags/ingestion_dag.py:257: RemovedInAirflow3Warning: Function `days_ago` is deprecated and will be removed in Airflow 3.0. You can achieve equivalent behavior with `pendulum.today('UTC').add(days=-N, ...)`
  start_date=days_ago(1),
[2025-12-01T12:53:29.653+0000] {logging_mixin.py:188} INFO - [2025-12-01T12:53:29.653+0000] {warnings.py:109} WARNING - /opt/airflow/dags/ingestion_dag.py:254: RemovedInAirflow3Warning: Param `schedule_interval` is deprecated and will be removed in a future release. Please use `schedule` instead. 
  with DAG(
[2025-12-01T12:53:29.657+0000] {processor.py:840} INFO - DAG(s) 'ingestion_dag' retrieved from /opt/airflow/dags/ingestion_dag.py
[2025-12-01T12:53:29.683+0000] {logging_mixin.py:188} INFO - [2025-12-01T12:53:29.683+0000] {dag.py:3047} INFO - Sync 1 DAGs
[2025-12-01T12:53:29.701+0000] {logging_mixin.py:188} INFO - [2025-12-01T12:53:29.701+0000] {dag.py:3834} INFO - Setting next_dagrun for ingestion_dag to 2025-12-01 12:53:00+00:00, run_after=2025-12-01 12:54:00+00:00
[2025-12-01T12:53:29.711+0000] {processor.py:183} INFO - Processing /opt/airflow/dags/ingestion_dag.py took 1.917 seconds
[2025-12-01T12:54:00.377+0000] {processor.py:161} INFO - Started process (PID=82753) to work on /opt/airflow/dags/ingestion_dag.py
[2025-12-01T12:54:00.382+0000] {processor.py:830} INFO - Processing file /opt/airflow/dags/ingestion_dag.py for tasks to queue
[2025-12-01T12:54:00.383+0000] {logging_mixin.py:188} INFO - [2025-12-01T12:54:00.382+0000] {dagbag.py:540} INFO - Filling up the DagBag from /opt/airflow/dags/ingestion_dag.py
[2025-12-01T12:54:03.643+0000] {logging_mixin.py:188} INFO - [2025-12-01T12:54:03.642+0000] {warnings.py:109} WARNING - /opt/airflow/dags/ingestion_dag.py:257: RemovedInAirflow3Warning: Function `days_ago` is deprecated and will be removed in Airflow 3.0. You can achieve equivalent behavior with `pendulum.today('UTC').add(days=-N, ...)`
  start_date=days_ago(1),
[2025-12-01T12:54:03.644+0000] {logging_mixin.py:188} INFO - [2025-12-01T12:54:03.644+0000] {warnings.py:109} WARNING - /opt/airflow/dags/ingestion_dag.py:254: RemovedInAirflow3Warning: Param `schedule_interval` is deprecated and will be removed in a future release. Please use `schedule` instead. 
  with DAG(
[2025-12-01T12:54:03.655+0000] {processor.py:840} INFO - DAG(s) 'ingestion_dag' retrieved from /opt/airflow/dags/ingestion_dag.py
[2025-12-01T12:54:03.698+0000] {logging_mixin.py:188} INFO - [2025-12-01T12:54:03.698+0000] {dag.py:3047} INFO - Sync 1 DAGs
[2025-12-01T12:54:03.730+0000] {logging_mixin.py:188} INFO - [2025-12-01T12:54:03.730+0000] {dag.py:3834} INFO - Setting next_dagrun for ingestion_dag to 2025-12-01 12:54:00+00:00, run_after=2025-12-01 12:55:00+00:00
[2025-12-01T12:54:03.751+0000] {processor.py:183} INFO - Processing /opt/airflow/dags/ingestion_dag.py took 3.387 seconds
[2025-12-01T12:54:34.385+0000] {processor.py:161} INFO - Started process (PID=82839) to work on /opt/airflow/dags/ingestion_dag.py
[2025-12-01T12:54:34.387+0000] {processor.py:830} INFO - Processing file /opt/airflow/dags/ingestion_dag.py for tasks to queue
[2025-12-01T12:54:34.390+0000] {logging_mixin.py:188} INFO - [2025-12-01T12:54:34.388+0000] {dagbag.py:540} INFO - Filling up the DagBag from /opt/airflow/dags/ingestion_dag.py
[2025-12-01T12:54:36.959+0000] {logging_mixin.py:188} INFO - [2025-12-01T12:54:36.953+0000] {warnings.py:109} WARNING - /opt/airflow/dags/ingestion_dag.py:257: RemovedInAirflow3Warning: Function `days_ago` is deprecated and will be removed in Airflow 3.0. You can achieve equivalent behavior with `pendulum.today('UTC').add(days=-N, ...)`
  start_date=days_ago(1),
[2025-12-01T12:54:36.965+0000] {logging_mixin.py:188} INFO - [2025-12-01T12:54:36.964+0000] {warnings.py:109} WARNING - /opt/airflow/dags/ingestion_dag.py:254: RemovedInAirflow3Warning: Param `schedule_interval` is deprecated and will be removed in a future release. Please use `schedule` instead. 
  with DAG(
[2025-12-01T12:54:37.009+0000] {processor.py:840} INFO - DAG(s) 'ingestion_dag' retrieved from /opt/airflow/dags/ingestion_dag.py
[2025-12-01T12:54:37.131+0000] {logging_mixin.py:188} INFO - [2025-12-01T12:54:37.130+0000] {dag.py:3047} INFO - Sync 1 DAGs
[2025-12-01T12:54:37.192+0000] {logging_mixin.py:188} INFO - [2025-12-01T12:54:37.192+0000] {dag.py:3834} INFO - Setting next_dagrun for ingestion_dag to 2025-12-01 12:54:00+00:00, run_after=2025-12-01 12:55:00+00:00
[2025-12-01T12:54:37.216+0000] {processor.py:183} INFO - Processing /opt/airflow/dags/ingestion_dag.py took 2.841 seconds
[2025-12-01T12:55:07.743+0000] {processor.py:161} INFO - Started process (PID=82878) to work on /opt/airflow/dags/ingestion_dag.py
[2025-12-01T12:55:07.744+0000] {processor.py:830} INFO - Processing file /opt/airflow/dags/ingestion_dag.py for tasks to queue
[2025-12-01T12:55:07.745+0000] {logging_mixin.py:188} INFO - [2025-12-01T12:55:07.745+0000] {dagbag.py:540} INFO - Filling up the DagBag from /opt/airflow/dags/ingestion_dag.py
[2025-12-01T12:55:09.503+0000] {logging_mixin.py:188} INFO - [2025-12-01T12:55:09.503+0000] {warnings.py:109} WARNING - /opt/airflow/dags/ingestion_dag.py:257: RemovedInAirflow3Warning: Function `days_ago` is deprecated and will be removed in Airflow 3.0. You can achieve equivalent behavior with `pendulum.today('UTC').add(days=-N, ...)`
  start_date=days_ago(1),
[2025-12-01T12:55:09.504+0000] {logging_mixin.py:188} INFO - [2025-12-01T12:55:09.504+0000] {warnings.py:109} WARNING - /opt/airflow/dags/ingestion_dag.py:254: RemovedInAirflow3Warning: Param `schedule_interval` is deprecated and will be removed in a future release. Please use `schedule` instead. 
  with DAG(
[2025-12-01T12:55:09.513+0000] {processor.py:840} INFO - DAG(s) 'ingestion_dag' retrieved from /opt/airflow/dags/ingestion_dag.py
[2025-12-01T12:55:09.535+0000] {logging_mixin.py:188} INFO - [2025-12-01T12:55:09.535+0000] {dag.py:3047} INFO - Sync 1 DAGs
[2025-12-01T12:55:09.558+0000] {logging_mixin.py:188} INFO - [2025-12-01T12:55:09.558+0000] {dag.py:3834} INFO - Setting next_dagrun for ingestion_dag to 2025-12-01 12:55:00+00:00, run_after=2025-12-01 12:56:00+00:00
[2025-12-01T12:55:09.571+0000] {processor.py:183} INFO - Processing /opt/airflow/dags/ingestion_dag.py took 1.835 seconds
[2025-12-01T12:55:40.325+0000] {processor.py:161} INFO - Started process (PID=82937) to work on /opt/airflow/dags/ingestion_dag.py
[2025-12-01T12:55:40.328+0000] {processor.py:830} INFO - Processing file /opt/airflow/dags/ingestion_dag.py for tasks to queue
[2025-12-01T12:55:40.330+0000] {logging_mixin.py:188} INFO - [2025-12-01T12:55:40.329+0000] {dagbag.py:540} INFO - Filling up the DagBag from /opt/airflow/dags/ingestion_dag.py
[2025-12-01T12:55:41.865+0000] {logging_mixin.py:188} INFO - [2025-12-01T12:55:41.865+0000] {warnings.py:109} WARNING - /opt/airflow/dags/ingestion_dag.py:257: RemovedInAirflow3Warning: Function `days_ago` is deprecated and will be removed in Airflow 3.0. You can achieve equivalent behavior with `pendulum.today('UTC').add(days=-N, ...)`
  start_date=days_ago(1),
[2025-12-01T12:55:41.865+0000] {logging_mixin.py:188} INFO - [2025-12-01T12:55:41.865+0000] {warnings.py:109} WARNING - /opt/airflow/dags/ingestion_dag.py:254: RemovedInAirflow3Warning: Param `schedule_interval` is deprecated and will be removed in a future release. Please use `schedule` instead. 
  with DAG(
[2025-12-01T12:55:41.869+0000] {processor.py:840} INFO - DAG(s) 'ingestion_dag' retrieved from /opt/airflow/dags/ingestion_dag.py
[2025-12-01T12:55:41.887+0000] {logging_mixin.py:188} INFO - [2025-12-01T12:55:41.887+0000] {dag.py:3047} INFO - Sync 1 DAGs
[2025-12-01T12:55:41.904+0000] {logging_mixin.py:188} INFO - [2025-12-01T12:55:41.904+0000] {dag.py:3834} INFO - Setting next_dagrun for ingestion_dag to 2025-12-01 12:55:00+00:00, run_after=2025-12-01 12:56:00+00:00
[2025-12-01T12:55:41.913+0000] {processor.py:183} INFO - Processing /opt/airflow/dags/ingestion_dag.py took 1.602 seconds
[2025-12-01T12:56:12.756+0000] {processor.py:161} INFO - Started process (PID=83023) to work on /opt/airflow/dags/ingestion_dag.py
[2025-12-01T12:56:12.760+0000] {processor.py:830} INFO - Processing file /opt/airflow/dags/ingestion_dag.py for tasks to queue
[2025-12-01T12:56:12.761+0000] {logging_mixin.py:188} INFO - [2025-12-01T12:56:12.760+0000] {dagbag.py:540} INFO - Filling up the DagBag from /opt/airflow/dags/ingestion_dag.py
[2025-12-01T12:56:14.200+0000] {logging_mixin.py:188} INFO - [2025-12-01T12:56:14.200+0000] {warnings.py:109} WARNING - /opt/airflow/dags/ingestion_dag.py:257: RemovedInAirflow3Warning: Function `days_ago` is deprecated and will be removed in Airflow 3.0. You can achieve equivalent behavior with `pendulum.today('UTC').add(days=-N, ...)`
  start_date=days_ago(1),
[2025-12-01T12:56:14.200+0000] {logging_mixin.py:188} INFO - [2025-12-01T12:56:14.200+0000] {warnings.py:109} WARNING - /opt/airflow/dags/ingestion_dag.py:254: RemovedInAirflow3Warning: Param `schedule_interval` is deprecated and will be removed in a future release. Please use `schedule` instead. 
  with DAG(
[2025-12-01T12:56:14.203+0000] {processor.py:840} INFO - DAG(s) 'ingestion_dag' retrieved from /opt/airflow/dags/ingestion_dag.py
[2025-12-01T12:56:14.218+0000] {logging_mixin.py:188} INFO - [2025-12-01T12:56:14.218+0000] {dag.py:3047} INFO - Sync 1 DAGs
[2025-12-01T12:56:14.232+0000] {logging_mixin.py:188} INFO - [2025-12-01T12:56:14.232+0000] {dag.py:3834} INFO - Setting next_dagrun for ingestion_dag to 2025-12-01 12:56:00+00:00, run_after=2025-12-01 12:57:00+00:00
[2025-12-01T12:56:14.241+0000] {processor.py:183} INFO - Processing /opt/airflow/dags/ingestion_dag.py took 1.493 seconds
[2025-12-01T12:56:45.247+0000] {processor.py:161} INFO - Started process (PID=83041) to work on /opt/airflow/dags/ingestion_dag.py
[2025-12-01T12:56:45.248+0000] {processor.py:830} INFO - Processing file /opt/airflow/dags/ingestion_dag.py for tasks to queue
[2025-12-01T12:56:45.249+0000] {logging_mixin.py:188} INFO - [2025-12-01T12:56:45.249+0000] {dagbag.py:540} INFO - Filling up the DagBag from /opt/airflow/dags/ingestion_dag.py
[2025-12-01T12:56:46.655+0000] {logging_mixin.py:188} INFO - [2025-12-01T12:56:46.654+0000] {warnings.py:109} WARNING - /opt/airflow/dags/ingestion_dag.py:257: RemovedInAirflow3Warning: Function `days_ago` is deprecated and will be removed in Airflow 3.0. You can achieve equivalent behavior with `pendulum.today('UTC').add(days=-N, ...)`
  start_date=days_ago(1),
[2025-12-01T12:56:46.655+0000] {logging_mixin.py:188} INFO - [2025-12-01T12:56:46.655+0000] {warnings.py:109} WARNING - /opt/airflow/dags/ingestion_dag.py:254: RemovedInAirflow3Warning: Param `schedule_interval` is deprecated and will be removed in a future release. Please use `schedule` instead. 
  with DAG(
[2025-12-01T12:56:46.659+0000] {processor.py:840} INFO - DAG(s) 'ingestion_dag' retrieved from /opt/airflow/dags/ingestion_dag.py
[2025-12-01T12:56:46.675+0000] {logging_mixin.py:188} INFO - [2025-12-01T12:56:46.675+0000] {dag.py:3047} INFO - Sync 1 DAGs
[2025-12-01T12:56:46.689+0000] {logging_mixin.py:188} INFO - [2025-12-01T12:56:46.689+0000] {dag.py:3834} INFO - Setting next_dagrun for ingestion_dag to 2025-12-01 12:56:00+00:00, run_after=2025-12-01 12:57:00+00:00
[2025-12-01T12:56:46.698+0000] {processor.py:183} INFO - Processing /opt/airflow/dags/ingestion_dag.py took 1.463 seconds
[2025-12-01T12:57:17.671+0000] {processor.py:161} INFO - Started process (PID=83121) to work on /opt/airflow/dags/ingestion_dag.py
[2025-12-01T12:57:17.677+0000] {processor.py:830} INFO - Processing file /opt/airflow/dags/ingestion_dag.py for tasks to queue
[2025-12-01T12:57:17.680+0000] {logging_mixin.py:188} INFO - [2025-12-01T12:57:17.680+0000] {dagbag.py:540} INFO - Filling up the DagBag from /opt/airflow/dags/ingestion_dag.py
[2025-12-01T12:57:19.217+0000] {logging_mixin.py:188} INFO - [2025-12-01T12:57:19.217+0000] {warnings.py:109} WARNING - /opt/airflow/dags/ingestion_dag.py:257: RemovedInAirflow3Warning: Function `days_ago` is deprecated and will be removed in Airflow 3.0. You can achieve equivalent behavior with `pendulum.today('UTC').add(days=-N, ...)`
  start_date=days_ago(1),
[2025-12-01T12:57:19.218+0000] {logging_mixin.py:188} INFO - [2025-12-01T12:57:19.218+0000] {warnings.py:109} WARNING - /opt/airflow/dags/ingestion_dag.py:254: RemovedInAirflow3Warning: Param `schedule_interval` is deprecated and will be removed in a future release. Please use `schedule` instead. 
  with DAG(
[2025-12-01T12:57:19.221+0000] {processor.py:840} INFO - DAG(s) 'ingestion_dag' retrieved from /opt/airflow/dags/ingestion_dag.py
[2025-12-01T12:57:19.238+0000] {logging_mixin.py:188} INFO - [2025-12-01T12:57:19.237+0000] {dag.py:3047} INFO - Sync 1 DAGs
[2025-12-01T12:57:19.252+0000] {logging_mixin.py:188} INFO - [2025-12-01T12:57:19.252+0000] {dag.py:3834} INFO - Setting next_dagrun for ingestion_dag to 2025-12-01 12:57:00+00:00, run_after=2025-12-01 12:58:00+00:00
[2025-12-01T12:57:19.262+0000] {processor.py:183} INFO - Processing /opt/airflow/dags/ingestion_dag.py took 1.599 seconds
[2025-12-01T12:57:50.066+0000] {processor.py:161} INFO - Started process (PID=83139) to work on /opt/airflow/dags/ingestion_dag.py
[2025-12-01T12:57:50.068+0000] {processor.py:830} INFO - Processing file /opt/airflow/dags/ingestion_dag.py for tasks to queue
[2025-12-01T12:57:50.069+0000] {logging_mixin.py:188} INFO - [2025-12-01T12:57:50.069+0000] {dagbag.py:540} INFO - Filling up the DagBag from /opt/airflow/dags/ingestion_dag.py
[2025-12-01T12:57:51.456+0000] {logging_mixin.py:188} INFO - [2025-12-01T12:57:51.456+0000] {warnings.py:109} WARNING - /opt/airflow/dags/ingestion_dag.py:257: RemovedInAirflow3Warning: Function `days_ago` is deprecated and will be removed in Airflow 3.0. You can achieve equivalent behavior with `pendulum.today('UTC').add(days=-N, ...)`
  start_date=days_ago(1),
[2025-12-01T12:57:51.457+0000] {logging_mixin.py:188} INFO - [2025-12-01T12:57:51.457+0000] {warnings.py:109} WARNING - /opt/airflow/dags/ingestion_dag.py:254: RemovedInAirflow3Warning: Param `schedule_interval` is deprecated and will be removed in a future release. Please use `schedule` instead. 
  with DAG(
[2025-12-01T12:57:51.460+0000] {processor.py:840} INFO - DAG(s) 'ingestion_dag' retrieved from /opt/airflow/dags/ingestion_dag.py
[2025-12-01T12:57:51.478+0000] {logging_mixin.py:188} INFO - [2025-12-01T12:57:51.478+0000] {dag.py:3047} INFO - Sync 1 DAGs
[2025-12-01T12:57:51.493+0000] {logging_mixin.py:188} INFO - [2025-12-01T12:57:51.493+0000] {dag.py:3834} INFO - Setting next_dagrun for ingestion_dag to 2025-12-01 12:57:00+00:00, run_after=2025-12-01 12:58:00+00:00
[2025-12-01T12:57:51.503+0000] {processor.py:183} INFO - Processing /opt/airflow/dags/ingestion_dag.py took 1.444 seconds
[2025-12-01T12:58:22.426+0000] {processor.py:161} INFO - Started process (PID=83225) to work on /opt/airflow/dags/ingestion_dag.py
[2025-12-01T12:58:22.427+0000] {processor.py:830} INFO - Processing file /opt/airflow/dags/ingestion_dag.py for tasks to queue
[2025-12-01T12:58:22.428+0000] {logging_mixin.py:188} INFO - [2025-12-01T12:58:22.428+0000] {dagbag.py:540} INFO - Filling up the DagBag from /opt/airflow/dags/ingestion_dag.py
[2025-12-01T12:58:23.833+0000] {logging_mixin.py:188} INFO - [2025-12-01T12:58:23.833+0000] {warnings.py:109} WARNING - /opt/airflow/dags/ingestion_dag.py:257: RemovedInAirflow3Warning: Function `days_ago` is deprecated and will be removed in Airflow 3.0. You can achieve equivalent behavior with `pendulum.today('UTC').add(days=-N, ...)`
  start_date=days_ago(1),
[2025-12-01T12:58:23.833+0000] {logging_mixin.py:188} INFO - [2025-12-01T12:58:23.833+0000] {warnings.py:109} WARNING - /opt/airflow/dags/ingestion_dag.py:254: RemovedInAirflow3Warning: Param `schedule_interval` is deprecated and will be removed in a future release. Please use `schedule` instead. 
  with DAG(
[2025-12-01T12:58:23.837+0000] {processor.py:840} INFO - DAG(s) 'ingestion_dag' retrieved from /opt/airflow/dags/ingestion_dag.py
[2025-12-01T12:58:23.853+0000] {logging_mixin.py:188} INFO - [2025-12-01T12:58:23.852+0000] {dag.py:3047} INFO - Sync 1 DAGs
[2025-12-01T12:58:23.866+0000] {logging_mixin.py:188} INFO - [2025-12-01T12:58:23.866+0000] {dag.py:3834} INFO - Setting next_dagrun for ingestion_dag to 2025-12-01 12:58:00+00:00, run_after=2025-12-01 12:59:00+00:00
[2025-12-01T12:58:23.876+0000] {processor.py:183} INFO - Processing /opt/airflow/dags/ingestion_dag.py took 1.456 seconds
[2025-12-01T12:58:54.858+0000] {processor.py:161} INFO - Started process (PID=83243) to work on /opt/airflow/dags/ingestion_dag.py
[2025-12-01T12:58:54.862+0000] {processor.py:830} INFO - Processing file /opt/airflow/dags/ingestion_dag.py for tasks to queue
[2025-12-01T12:58:54.866+0000] {logging_mixin.py:188} INFO - [2025-12-01T12:58:54.865+0000] {dagbag.py:540} INFO - Filling up the DagBag from /opt/airflow/dags/ingestion_dag.py
[2025-12-01T12:58:56.510+0000] {logging_mixin.py:188} INFO - [2025-12-01T12:58:56.510+0000] {warnings.py:109} WARNING - /opt/airflow/dags/ingestion_dag.py:257: RemovedInAirflow3Warning: Function `days_ago` is deprecated and will be removed in Airflow 3.0. You can achieve equivalent behavior with `pendulum.today('UTC').add(days=-N, ...)`
  start_date=days_ago(1),
[2025-12-01T12:58:56.510+0000] {logging_mixin.py:188} INFO - [2025-12-01T12:58:56.510+0000] {warnings.py:109} WARNING - /opt/airflow/dags/ingestion_dag.py:254: RemovedInAirflow3Warning: Param `schedule_interval` is deprecated and will be removed in a future release. Please use `schedule` instead. 
  with DAG(
[2025-12-01T12:58:56.514+0000] {processor.py:840} INFO - DAG(s) 'ingestion_dag' retrieved from /opt/airflow/dags/ingestion_dag.py
[2025-12-01T12:58:56.542+0000] {logging_mixin.py:188} INFO - [2025-12-01T12:58:56.542+0000] {dag.py:3047} INFO - Sync 1 DAGs
[2025-12-01T12:58:56.560+0000] {logging_mixin.py:188} INFO - [2025-12-01T12:58:56.559+0000] {dag.py:3834} INFO - Setting next_dagrun for ingestion_dag to 2025-12-01 12:58:00+00:00, run_after=2025-12-01 12:59:00+00:00
[2025-12-01T12:58:56.570+0000] {processor.py:183} INFO - Processing /opt/airflow/dags/ingestion_dag.py took 1.719 seconds
[2025-12-01T12:59:27.124+0000] {processor.py:161} INFO - Started process (PID=83323) to work on /opt/airflow/dags/ingestion_dag.py
[2025-12-01T12:59:27.127+0000] {processor.py:830} INFO - Processing file /opt/airflow/dags/ingestion_dag.py for tasks to queue
[2025-12-01T12:59:27.128+0000] {logging_mixin.py:188} INFO - [2025-12-01T12:59:27.128+0000] {dagbag.py:540} INFO - Filling up the DagBag from /opt/airflow/dags/ingestion_dag.py
[2025-12-01T12:59:28.740+0000] {logging_mixin.py:188} INFO - [2025-12-01T12:59:28.740+0000] {warnings.py:109} WARNING - /opt/airflow/dags/ingestion_dag.py:257: RemovedInAirflow3Warning: Function `days_ago` is deprecated and will be removed in Airflow 3.0. You can achieve equivalent behavior with `pendulum.today('UTC').add(days=-N, ...)`
  start_date=days_ago(1),
[2025-12-01T12:59:28.741+0000] {logging_mixin.py:188} INFO - [2025-12-01T12:59:28.741+0000] {warnings.py:109} WARNING - /opt/airflow/dags/ingestion_dag.py:254: RemovedInAirflow3Warning: Param `schedule_interval` is deprecated and will be removed in a future release. Please use `schedule` instead. 
  with DAG(
[2025-12-01T12:59:28.747+0000] {processor.py:840} INFO - DAG(s) 'ingestion_dag' retrieved from /opt/airflow/dags/ingestion_dag.py
[2025-12-01T12:59:28.801+0000] {logging_mixin.py:188} INFO - [2025-12-01T12:59:28.800+0000] {dag.py:3047} INFO - Sync 1 DAGs
[2025-12-01T12:59:28.832+0000] {logging_mixin.py:188} INFO - [2025-12-01T12:59:28.832+0000] {dag.py:3834} INFO - Setting next_dagrun for ingestion_dag to 2025-12-01 12:59:00+00:00, run_after=2025-12-01 13:00:00+00:00
[2025-12-01T12:59:28.861+0000] {processor.py:183} INFO - Processing /opt/airflow/dags/ingestion_dag.py took 1.748 seconds
[2025-12-01T12:59:59.757+0000] {processor.py:161} INFO - Started process (PID=83341) to work on /opt/airflow/dags/ingestion_dag.py
[2025-12-01T12:59:59.770+0000] {processor.py:830} INFO - Processing file /opt/airflow/dags/ingestion_dag.py for tasks to queue
[2025-12-01T12:59:59.776+0000] {logging_mixin.py:188} INFO - [2025-12-01T12:59:59.774+0000] {dagbag.py:540} INFO - Filling up the DagBag from /opt/airflow/dags/ingestion_dag.py
[2025-12-01T13:00:02.198+0000] {logging_mixin.py:188} INFO - [2025-12-01T13:00:02.198+0000] {warnings.py:109} WARNING - /opt/airflow/dags/ingestion_dag.py:257: RemovedInAirflow3Warning: Function `days_ago` is deprecated and will be removed in Airflow 3.0. You can achieve equivalent behavior with `pendulum.today('UTC').add(days=-N, ...)`
  start_date=days_ago(1),
[2025-12-01T13:00:02.199+0000] {logging_mixin.py:188} INFO - [2025-12-01T13:00:02.199+0000] {warnings.py:109} WARNING - /opt/airflow/dags/ingestion_dag.py:254: RemovedInAirflow3Warning: Param `schedule_interval` is deprecated and will be removed in a future release. Please use `schedule` instead. 
  with DAG(
[2025-12-01T13:00:02.205+0000] {processor.py:840} INFO - DAG(s) 'ingestion_dag' retrieved from /opt/airflow/dags/ingestion_dag.py
[2025-12-01T13:00:02.234+0000] {logging_mixin.py:188} INFO - [2025-12-01T13:00:02.234+0000] {dag.py:3047} INFO - Sync 1 DAGs
[2025-12-01T13:00:02.259+0000] {logging_mixin.py:188} INFO - [2025-12-01T13:00:02.259+0000] {dag.py:3834} INFO - Setting next_dagrun for ingestion_dag to 2025-12-01 13:00:00+00:00, run_after=2025-12-01 13:01:00+00:00
[2025-12-01T13:00:02.279+0000] {processor.py:183} INFO - Processing /opt/airflow/dags/ingestion_dag.py took 2.607 seconds
[2025-12-01T13:00:32.783+0000] {processor.py:161} INFO - Started process (PID=83432) to work on /opt/airflow/dags/ingestion_dag.py
[2025-12-01T13:00:32.785+0000] {processor.py:830} INFO - Processing file /opt/airflow/dags/ingestion_dag.py for tasks to queue
[2025-12-01T13:00:32.786+0000] {logging_mixin.py:188} INFO - [2025-12-01T13:00:32.786+0000] {dagbag.py:540} INFO - Filling up the DagBag from /opt/airflow/dags/ingestion_dag.py
[2025-12-01T13:00:34.414+0000] {logging_mixin.py:188} INFO - [2025-12-01T13:00:34.414+0000] {warnings.py:109} WARNING - /opt/airflow/dags/ingestion_dag.py:257: RemovedInAirflow3Warning: Function `days_ago` is deprecated and will be removed in Airflow 3.0. You can achieve equivalent behavior with `pendulum.today('UTC').add(days=-N, ...)`
  start_date=days_ago(1),
[2025-12-01T13:00:34.414+0000] {logging_mixin.py:188} INFO - [2025-12-01T13:00:34.414+0000] {warnings.py:109} WARNING - /opt/airflow/dags/ingestion_dag.py:254: RemovedInAirflow3Warning: Param `schedule_interval` is deprecated and will be removed in a future release. Please use `schedule` instead. 
  with DAG(
[2025-12-01T13:00:34.418+0000] {processor.py:840} INFO - DAG(s) 'ingestion_dag' retrieved from /opt/airflow/dags/ingestion_dag.py
[2025-12-01T13:00:34.439+0000] {logging_mixin.py:188} INFO - [2025-12-01T13:00:34.439+0000] {dag.py:3047} INFO - Sync 1 DAGs
[2025-12-01T13:00:34.457+0000] {logging_mixin.py:188} INFO - [2025-12-01T13:00:34.457+0000] {dag.py:3834} INFO - Setting next_dagrun for ingestion_dag to 2025-12-01 13:00:00+00:00, run_after=2025-12-01 13:01:00+00:00
[2025-12-01T13:00:34.470+0000] {processor.py:183} INFO - Processing /opt/airflow/dags/ingestion_dag.py took 1.692 seconds
[2025-12-01T13:01:05.249+0000] {processor.py:161} INFO - Started process (PID=83471) to work on /opt/airflow/dags/ingestion_dag.py
[2025-12-01T13:01:05.251+0000] {processor.py:830} INFO - Processing file /opt/airflow/dags/ingestion_dag.py for tasks to queue
[2025-12-01T13:01:05.251+0000] {logging_mixin.py:188} INFO - [2025-12-01T13:01:05.251+0000] {dagbag.py:540} INFO - Filling up the DagBag from /opt/airflow/dags/ingestion_dag.py
[2025-12-01T13:01:06.834+0000] {logging_mixin.py:188} INFO - [2025-12-01T13:01:06.834+0000] {warnings.py:109} WARNING - /opt/airflow/dags/ingestion_dag.py:257: RemovedInAirflow3Warning: Function `days_ago` is deprecated and will be removed in Airflow 3.0. You can achieve equivalent behavior with `pendulum.today('UTC').add(days=-N, ...)`
  start_date=days_ago(1),
[2025-12-01T13:01:06.834+0000] {logging_mixin.py:188} INFO - [2025-12-01T13:01:06.834+0000] {warnings.py:109} WARNING - /opt/airflow/dags/ingestion_dag.py:254: RemovedInAirflow3Warning: Param `schedule_interval` is deprecated and will be removed in a future release. Please use `schedule` instead. 
  with DAG(
[2025-12-01T13:01:06.839+0000] {processor.py:840} INFO - DAG(s) 'ingestion_dag' retrieved from /opt/airflow/dags/ingestion_dag.py
[2025-12-01T13:01:06.856+0000] {logging_mixin.py:188} INFO - [2025-12-01T13:01:06.856+0000] {dag.py:3047} INFO - Sync 1 DAGs
[2025-12-01T13:01:06.874+0000] {logging_mixin.py:188} INFO - [2025-12-01T13:01:06.874+0000] {dag.py:3834} INFO - Setting next_dagrun for ingestion_dag to 2025-12-01 13:01:00+00:00, run_after=2025-12-01 13:02:00+00:00
[2025-12-01T13:01:06.886+0000] {processor.py:183} INFO - Processing /opt/airflow/dags/ingestion_dag.py took 1.640 seconds
[2025-12-01T13:01:36.977+0000] {processor.py:161} INFO - Started process (PID=83530) to work on /opt/airflow/dags/ingestion_dag.py
[2025-12-01T13:01:36.979+0000] {processor.py:830} INFO - Processing file /opt/airflow/dags/ingestion_dag.py for tasks to queue
[2025-12-01T13:01:36.980+0000] {logging_mixin.py:188} INFO - [2025-12-01T13:01:36.980+0000] {dagbag.py:540} INFO - Filling up the DagBag from /opt/airflow/dags/ingestion_dag.py
[2025-12-01T13:01:38.598+0000] {logging_mixin.py:188} INFO - [2025-12-01T13:01:38.598+0000] {warnings.py:109} WARNING - /opt/airflow/dags/ingestion_dag.py:257: RemovedInAirflow3Warning: Function `days_ago` is deprecated and will be removed in Airflow 3.0. You can achieve equivalent behavior with `pendulum.today('UTC').add(days=-N, ...)`
  start_date=days_ago(1),
[2025-12-01T13:01:38.599+0000] {logging_mixin.py:188} INFO - [2025-12-01T13:01:38.598+0000] {warnings.py:109} WARNING - /opt/airflow/dags/ingestion_dag.py:254: RemovedInAirflow3Warning: Param `schedule_interval` is deprecated and will be removed in a future release. Please use `schedule` instead. 
  with DAG(
[2025-12-01T13:01:38.603+0000] {processor.py:840} INFO - DAG(s) 'ingestion_dag' retrieved from /opt/airflow/dags/ingestion_dag.py
[2025-12-01T13:01:38.621+0000] {logging_mixin.py:188} INFO - [2025-12-01T13:01:38.620+0000] {dag.py:3047} INFO - Sync 1 DAGs
[2025-12-01T13:01:38.637+0000] {logging_mixin.py:188} INFO - [2025-12-01T13:01:38.637+0000] {dag.py:3834} INFO - Setting next_dagrun for ingestion_dag to 2025-12-01 13:01:00+00:00, run_after=2025-12-01 13:02:00+00:00
[2025-12-01T13:01:38.648+0000] {processor.py:183} INFO - Processing /opt/airflow/dags/ingestion_dag.py took 1.676 seconds
[2025-12-01T13:02:09.091+0000] {processor.py:161} INFO - Started process (PID=83586) to work on /opt/airflow/dags/ingestion_dag.py
[2025-12-01T13:02:09.093+0000] {processor.py:830} INFO - Processing file /opt/airflow/dags/ingestion_dag.py for tasks to queue
[2025-12-01T13:02:09.094+0000] {logging_mixin.py:188} INFO - [2025-12-01T13:02:09.094+0000] {dagbag.py:540} INFO - Filling up the DagBag from /opt/airflow/dags/ingestion_dag.py
[2025-12-01T13:02:11.686+0000] {logging_mixin.py:188} INFO - [2025-12-01T13:02:11.686+0000] {warnings.py:109} WARNING - /opt/airflow/dags/ingestion_dag.py:257: RemovedInAirflow3Warning: Function `days_ago` is deprecated and will be removed in Airflow 3.0. You can achieve equivalent behavior with `pendulum.today('UTC').add(days=-N, ...)`
  start_date=days_ago(1),
[2025-12-01T13:02:11.686+0000] {logging_mixin.py:188} INFO - [2025-12-01T13:02:11.686+0000] {warnings.py:109} WARNING - /opt/airflow/dags/ingestion_dag.py:254: RemovedInAirflow3Warning: Param `schedule_interval` is deprecated and will be removed in a future release. Please use `schedule` instead. 
  with DAG(
[2025-12-01T13:02:11.696+0000] {processor.py:840} INFO - DAG(s) 'ingestion_dag' retrieved from /opt/airflow/dags/ingestion_dag.py
[2025-12-01T13:02:11.742+0000] {logging_mixin.py:188} INFO - [2025-12-01T13:02:11.741+0000] {dag.py:3047} INFO - Sync 1 DAGs
[2025-12-01T13:02:11.765+0000] {logging_mixin.py:188} INFO - [2025-12-01T13:02:11.765+0000] {dag.py:3834} INFO - Setting next_dagrun for ingestion_dag to 2025-12-01 13:02:00+00:00, run_after=2025-12-01 13:03:00+00:00
[2025-12-01T13:02:11.779+0000] {processor.py:183} INFO - Processing /opt/airflow/dags/ingestion_dag.py took 2.697 seconds
[2025-12-01T13:02:42.578+0000] {processor.py:161} INFO - Started process (PID=83634) to work on /opt/airflow/dags/ingestion_dag.py
[2025-12-01T13:02:42.582+0000] {processor.py:830} INFO - Processing file /opt/airflow/dags/ingestion_dag.py for tasks to queue
[2025-12-01T13:02:42.584+0000] {logging_mixin.py:188} INFO - [2025-12-01T13:02:42.584+0000] {dagbag.py:540} INFO - Filling up the DagBag from /opt/airflow/dags/ingestion_dag.py
[2025-12-01T13:02:44.207+0000] {logging_mixin.py:188} INFO - [2025-12-01T13:02:44.207+0000] {warnings.py:109} WARNING - /opt/airflow/dags/ingestion_dag.py:257: RemovedInAirflow3Warning: Function `days_ago` is deprecated and will be removed in Airflow 3.0. You can achieve equivalent behavior with `pendulum.today('UTC').add(days=-N, ...)`
  start_date=days_ago(1),
[2025-12-01T13:02:44.207+0000] {logging_mixin.py:188} INFO - [2025-12-01T13:02:44.207+0000] {warnings.py:109} WARNING - /opt/airflow/dags/ingestion_dag.py:254: RemovedInAirflow3Warning: Param `schedule_interval` is deprecated and will be removed in a future release. Please use `schedule` instead. 
  with DAG(
[2025-12-01T13:02:44.211+0000] {processor.py:840} INFO - DAG(s) 'ingestion_dag' retrieved from /opt/airflow/dags/ingestion_dag.py
[2025-12-01T13:02:44.239+0000] {logging_mixin.py:188} INFO - [2025-12-01T13:02:44.239+0000] {dag.py:3047} INFO - Sync 1 DAGs
[2025-12-01T13:02:44.255+0000] {logging_mixin.py:188} INFO - [2025-12-01T13:02:44.255+0000] {dag.py:3834} INFO - Setting next_dagrun for ingestion_dag to 2025-12-01 13:02:00+00:00, run_after=2025-12-01 13:03:00+00:00
[2025-12-01T13:02:44.265+0000] {processor.py:183} INFO - Processing /opt/airflow/dags/ingestion_dag.py took 1.694 seconds
[2025-12-01T13:03:15.137+0000] {processor.py:161} INFO - Started process (PID=83714) to work on /opt/airflow/dags/ingestion_dag.py
[2025-12-01T13:03:15.140+0000] {processor.py:830} INFO - Processing file /opt/airflow/dags/ingestion_dag.py for tasks to queue
[2025-12-01T13:03:15.141+0000] {logging_mixin.py:188} INFO - [2025-12-01T13:03:15.141+0000] {dagbag.py:540} INFO - Filling up the DagBag from /opt/airflow/dags/ingestion_dag.py
[2025-12-01T13:03:16.727+0000] {logging_mixin.py:188} INFO - [2025-12-01T13:03:16.726+0000] {warnings.py:109} WARNING - /opt/airflow/dags/ingestion_dag.py:257: RemovedInAirflow3Warning: Function `days_ago` is deprecated and will be removed in Airflow 3.0. You can achieve equivalent behavior with `pendulum.today('UTC').add(days=-N, ...)`
  start_date=days_ago(1),
[2025-12-01T13:03:16.727+0000] {logging_mixin.py:188} INFO - [2025-12-01T13:03:16.727+0000] {warnings.py:109} WARNING - /opt/airflow/dags/ingestion_dag.py:254: RemovedInAirflow3Warning: Param `schedule_interval` is deprecated and will be removed in a future release. Please use `schedule` instead. 
  with DAG(
[2025-12-01T13:03:16.730+0000] {processor.py:840} INFO - DAG(s) 'ingestion_dag' retrieved from /opt/airflow/dags/ingestion_dag.py
[2025-12-01T13:03:16.749+0000] {logging_mixin.py:188} INFO - [2025-12-01T13:03:16.749+0000] {dag.py:3047} INFO - Sync 1 DAGs
[2025-12-01T13:03:16.764+0000] {logging_mixin.py:188} INFO - [2025-12-01T13:03:16.764+0000] {dag.py:3834} INFO - Setting next_dagrun for ingestion_dag to 2025-12-01 13:03:00+00:00, run_after=2025-12-01 13:04:00+00:00
[2025-12-01T13:03:16.773+0000] {processor.py:183} INFO - Processing /opt/airflow/dags/ingestion_dag.py took 1.644 seconds
[2025-12-01T13:03:47.548+0000] {processor.py:161} INFO - Started process (PID=83732) to work on /opt/airflow/dags/ingestion_dag.py
[2025-12-01T13:03:47.551+0000] {processor.py:830} INFO - Processing file /opt/airflow/dags/ingestion_dag.py for tasks to queue
[2025-12-01T13:03:47.553+0000] {logging_mixin.py:188} INFO - [2025-12-01T13:03:47.552+0000] {dagbag.py:540} INFO - Filling up the DagBag from /opt/airflow/dags/ingestion_dag.py
[2025-12-01T13:03:49.152+0000] {logging_mixin.py:188} INFO - [2025-12-01T13:03:49.152+0000] {warnings.py:109} WARNING - /opt/airflow/dags/ingestion_dag.py:257: RemovedInAirflow3Warning: Function `days_ago` is deprecated and will be removed in Airflow 3.0. You can achieve equivalent behavior with `pendulum.today('UTC').add(days=-N, ...)`
  start_date=days_ago(1),
[2025-12-01T13:03:49.152+0000] {logging_mixin.py:188} INFO - [2025-12-01T13:03:49.152+0000] {warnings.py:109} WARNING - /opt/airflow/dags/ingestion_dag.py:254: RemovedInAirflow3Warning: Param `schedule_interval` is deprecated and will be removed in a future release. Please use `schedule` instead. 
  with DAG(
[2025-12-01T13:03:49.158+0000] {processor.py:840} INFO - DAG(s) 'ingestion_dag' retrieved from /opt/airflow/dags/ingestion_dag.py
[2025-12-01T13:03:49.178+0000] {logging_mixin.py:188} INFO - [2025-12-01T13:03:49.178+0000] {dag.py:3047} INFO - Sync 1 DAGs
[2025-12-01T13:03:49.193+0000] {logging_mixin.py:188} INFO - [2025-12-01T13:03:49.193+0000] {dag.py:3834} INFO - Setting next_dagrun for ingestion_dag to 2025-12-01 13:03:00+00:00, run_after=2025-12-01 13:04:00+00:00
[2025-12-01T13:03:49.202+0000] {processor.py:183} INFO - Processing /opt/airflow/dags/ingestion_dag.py took 1.670 seconds
[2025-12-01T13:04:20.001+0000] {processor.py:161} INFO - Started process (PID=83818) to work on /opt/airflow/dags/ingestion_dag.py
[2025-12-01T13:04:20.007+0000] {processor.py:830} INFO - Processing file /opt/airflow/dags/ingestion_dag.py for tasks to queue
[2025-12-01T13:04:20.009+0000] {logging_mixin.py:188} INFO - [2025-12-01T13:04:20.008+0000] {dagbag.py:540} INFO - Filling up the DagBag from /opt/airflow/dags/ingestion_dag.py
[2025-12-01T13:04:21.596+0000] {logging_mixin.py:188} INFO - [2025-12-01T13:04:21.596+0000] {warnings.py:109} WARNING - /opt/airflow/dags/ingestion_dag.py:257: RemovedInAirflow3Warning: Function `days_ago` is deprecated and will be removed in Airflow 3.0. You can achieve equivalent behavior with `pendulum.today('UTC').add(days=-N, ...)`
  start_date=days_ago(1),
[2025-12-01T13:04:21.597+0000] {logging_mixin.py:188} INFO - [2025-12-01T13:04:21.597+0000] {warnings.py:109} WARNING - /opt/airflow/dags/ingestion_dag.py:254: RemovedInAirflow3Warning: Param `schedule_interval` is deprecated and will be removed in a future release. Please use `schedule` instead. 
  with DAG(
[2025-12-01T13:04:21.600+0000] {processor.py:840} INFO - DAG(s) 'ingestion_dag' retrieved from /opt/airflow/dags/ingestion_dag.py
[2025-12-01T13:04:21.619+0000] {logging_mixin.py:188} INFO - [2025-12-01T13:04:21.619+0000] {dag.py:3047} INFO - Sync 1 DAGs
[2025-12-01T13:04:21.642+0000] {logging_mixin.py:188} INFO - [2025-12-01T13:04:21.642+0000] {dag.py:3834} INFO - Setting next_dagrun for ingestion_dag to 2025-12-01 13:04:00+00:00, run_after=2025-12-01 13:05:00+00:00
[2025-12-01T13:04:21.651+0000] {processor.py:183} INFO - Processing /opt/airflow/dags/ingestion_dag.py took 1.660 seconds
[2025-12-01T13:04:52.525+0000] {processor.py:161} INFO - Started process (PID=83836) to work on /opt/airflow/dags/ingestion_dag.py
[2025-12-01T13:04:52.528+0000] {processor.py:830} INFO - Processing file /opt/airflow/dags/ingestion_dag.py for tasks to queue
[2025-12-01T13:04:52.530+0000] {logging_mixin.py:188} INFO - [2025-12-01T13:04:52.529+0000] {dagbag.py:540} INFO - Filling up the DagBag from /opt/airflow/dags/ingestion_dag.py
[2025-12-01T13:04:54.106+0000] {logging_mixin.py:188} INFO - [2025-12-01T13:04:54.106+0000] {warnings.py:109} WARNING - /opt/airflow/dags/ingestion_dag.py:257: RemovedInAirflow3Warning: Function `days_ago` is deprecated and will be removed in Airflow 3.0. You can achieve equivalent behavior with `pendulum.today('UTC').add(days=-N, ...)`
  start_date=days_ago(1),
[2025-12-01T13:04:54.106+0000] {logging_mixin.py:188} INFO - [2025-12-01T13:04:54.106+0000] {warnings.py:109} WARNING - /opt/airflow/dags/ingestion_dag.py:254: RemovedInAirflow3Warning: Param `schedule_interval` is deprecated and will be removed in a future release. Please use `schedule` instead. 
  with DAG(
[2025-12-01T13:04:54.110+0000] {processor.py:840} INFO - DAG(s) 'ingestion_dag' retrieved from /opt/airflow/dags/ingestion_dag.py
[2025-12-01T13:04:54.139+0000] {logging_mixin.py:188} INFO - [2025-12-01T13:04:54.139+0000] {dag.py:3047} INFO - Sync 1 DAGs
[2025-12-01T13:04:54.156+0000] {logging_mixin.py:188} INFO - [2025-12-01T13:04:54.155+0000] {dag.py:3834} INFO - Setting next_dagrun for ingestion_dag to 2025-12-01 13:04:00+00:00, run_after=2025-12-01 13:05:00+00:00
[2025-12-01T13:04:54.173+0000] {processor.py:183} INFO - Processing /opt/airflow/dags/ingestion_dag.py took 1.657 seconds
[2025-12-01T13:05:25.021+0000] {processor.py:161} INFO - Started process (PID=83916) to work on /opt/airflow/dags/ingestion_dag.py
[2025-12-01T13:05:25.024+0000] {processor.py:830} INFO - Processing file /opt/airflow/dags/ingestion_dag.py for tasks to queue
[2025-12-01T13:05:25.025+0000] {logging_mixin.py:188} INFO - [2025-12-01T13:05:25.025+0000] {dagbag.py:540} INFO - Filling up the DagBag from /opt/airflow/dags/ingestion_dag.py
[2025-12-01T13:05:26.678+0000] {logging_mixin.py:188} INFO - [2025-12-01T13:05:26.678+0000] {warnings.py:109} WARNING - /opt/airflow/dags/ingestion_dag.py:257: RemovedInAirflow3Warning: Function `days_ago` is deprecated and will be removed in Airflow 3.0. You can achieve equivalent behavior with `pendulum.today('UTC').add(days=-N, ...)`
  start_date=days_ago(1),
[2025-12-01T13:05:26.679+0000] {logging_mixin.py:188} INFO - [2025-12-01T13:05:26.679+0000] {warnings.py:109} WARNING - /opt/airflow/dags/ingestion_dag.py:254: RemovedInAirflow3Warning: Param `schedule_interval` is deprecated and will be removed in a future release. Please use `schedule` instead. 
  with DAG(
[2025-12-01T13:05:26.684+0000] {processor.py:840} INFO - DAG(s) 'ingestion_dag' retrieved from /opt/airflow/dags/ingestion_dag.py
[2025-12-01T13:05:26.702+0000] {logging_mixin.py:188} INFO - [2025-12-01T13:05:26.702+0000] {dag.py:3047} INFO - Sync 1 DAGs
[2025-12-01T13:05:26.718+0000] {logging_mixin.py:188} INFO - [2025-12-01T13:05:26.718+0000] {dag.py:3834} INFO - Setting next_dagrun for ingestion_dag to 2025-12-01 13:05:00+00:00, run_after=2025-12-01 13:06:00+00:00
[2025-12-01T13:05:26.727+0000] {processor.py:183} INFO - Processing /opt/airflow/dags/ingestion_dag.py took 1.717 seconds
[2025-12-01T13:05:57.450+0000] {processor.py:161} INFO - Started process (PID=83934) to work on /opt/airflow/dags/ingestion_dag.py
[2025-12-01T13:05:57.451+0000] {processor.py:830} INFO - Processing file /opt/airflow/dags/ingestion_dag.py for tasks to queue
[2025-12-01T13:05:57.452+0000] {logging_mixin.py:188} INFO - [2025-12-01T13:05:57.452+0000] {dagbag.py:540} INFO - Filling up the DagBag from /opt/airflow/dags/ingestion_dag.py
[2025-12-01T13:05:59.002+0000] {logging_mixin.py:188} INFO - [2025-12-01T13:05:59.001+0000] {warnings.py:109} WARNING - /opt/airflow/dags/ingestion_dag.py:257: RemovedInAirflow3Warning: Function `days_ago` is deprecated and will be removed in Airflow 3.0. You can achieve equivalent behavior with `pendulum.today('UTC').add(days=-N, ...)`
  start_date=days_ago(1),
[2025-12-01T13:05:59.002+0000] {logging_mixin.py:188} INFO - [2025-12-01T13:05:59.002+0000] {warnings.py:109} WARNING - /opt/airflow/dags/ingestion_dag.py:254: RemovedInAirflow3Warning: Param `schedule_interval` is deprecated and will be removed in a future release. Please use `schedule` instead. 
  with DAG(
[2025-12-01T13:05:59.007+0000] {processor.py:840} INFO - DAG(s) 'ingestion_dag' retrieved from /opt/airflow/dags/ingestion_dag.py
[2025-12-01T13:05:59.033+0000] {logging_mixin.py:188} INFO - [2025-12-01T13:05:59.033+0000] {dag.py:3047} INFO - Sync 1 DAGs
[2025-12-01T13:05:59.052+0000] {logging_mixin.py:188} INFO - [2025-12-01T13:05:59.052+0000] {dag.py:3834} INFO - Setting next_dagrun for ingestion_dag to 2025-12-01 13:05:00+00:00, run_after=2025-12-01 13:06:00+00:00
[2025-12-01T13:05:59.065+0000] {processor.py:183} INFO - Processing /opt/airflow/dags/ingestion_dag.py took 1.620 seconds
[2025-12-01T13:06:29.920+0000] {processor.py:161} INFO - Started process (PID=84020) to work on /opt/airflow/dags/ingestion_dag.py
[2025-12-01T13:06:29.922+0000] {processor.py:830} INFO - Processing file /opt/airflow/dags/ingestion_dag.py for tasks to queue
[2025-12-01T13:06:29.924+0000] {logging_mixin.py:188} INFO - [2025-12-01T13:06:29.923+0000] {dagbag.py:540} INFO - Filling up the DagBag from /opt/airflow/dags/ingestion_dag.py
[2025-12-01T13:06:31.737+0000] {logging_mixin.py:188} INFO - [2025-12-01T13:06:31.737+0000] {warnings.py:109} WARNING - /opt/airflow/dags/ingestion_dag.py:257: RemovedInAirflow3Warning: Function `days_ago` is deprecated and will be removed in Airflow 3.0. You can achieve equivalent behavior with `pendulum.today('UTC').add(days=-N, ...)`
  start_date=days_ago(1),
[2025-12-01T13:06:31.737+0000] {logging_mixin.py:188} INFO - [2025-12-01T13:06:31.737+0000] {warnings.py:109} WARNING - /opt/airflow/dags/ingestion_dag.py:254: RemovedInAirflow3Warning: Param `schedule_interval` is deprecated and will be removed in a future release. Please use `schedule` instead. 
  with DAG(
[2025-12-01T13:06:31.742+0000] {processor.py:840} INFO - DAG(s) 'ingestion_dag' retrieved from /opt/airflow/dags/ingestion_dag.py
[2025-12-01T13:06:31.771+0000] {logging_mixin.py:188} INFO - [2025-12-01T13:06:31.771+0000] {dag.py:3047} INFO - Sync 1 DAGs
[2025-12-01T13:06:31.788+0000] {logging_mixin.py:188} INFO - [2025-12-01T13:06:31.787+0000] {dag.py:3834} INFO - Setting next_dagrun for ingestion_dag to 2025-12-01 13:06:00+00:00, run_after=2025-12-01 13:07:00+00:00
[2025-12-01T13:06:31.797+0000] {processor.py:183} INFO - Processing /opt/airflow/dags/ingestion_dag.py took 1.887 seconds
[2025-12-01T13:07:02.334+0000] {processor.py:161} INFO - Started process (PID=84047) to work on /opt/airflow/dags/ingestion_dag.py
[2025-12-01T13:07:02.336+0000] {processor.py:830} INFO - Processing file /opt/airflow/dags/ingestion_dag.py for tasks to queue
[2025-12-01T13:07:02.337+0000] {logging_mixin.py:188} INFO - [2025-12-01T13:07:02.337+0000] {dagbag.py:540} INFO - Filling up the DagBag from /opt/airflow/dags/ingestion_dag.py
[2025-12-01T13:07:03.743+0000] {logging_mixin.py:188} INFO - [2025-12-01T13:07:03.743+0000] {warnings.py:109} WARNING - /opt/airflow/dags/ingestion_dag.py:257: RemovedInAirflow3Warning: Function `days_ago` is deprecated and will be removed in Airflow 3.0. You can achieve equivalent behavior with `pendulum.today('UTC').add(days=-N, ...)`
  start_date=days_ago(1),
[2025-12-01T13:07:03.744+0000] {logging_mixin.py:188} INFO - [2025-12-01T13:07:03.744+0000] {warnings.py:109} WARNING - /opt/airflow/dags/ingestion_dag.py:254: RemovedInAirflow3Warning: Param `schedule_interval` is deprecated and will be removed in a future release. Please use `schedule` instead. 
  with DAG(
[2025-12-01T13:07:03.749+0000] {processor.py:840} INFO - DAG(s) 'ingestion_dag' retrieved from /opt/airflow/dags/ingestion_dag.py
[2025-12-01T13:07:03.771+0000] {logging_mixin.py:188} INFO - [2025-12-01T13:07:03.770+0000] {dag.py:3047} INFO - Sync 1 DAGs
[2025-12-01T13:07:03.791+0000] {logging_mixin.py:188} INFO - [2025-12-01T13:07:03.791+0000] {dag.py:3834} INFO - Setting next_dagrun for ingestion_dag to 2025-12-01 13:07:00+00:00, run_after=2025-12-01 13:08:00+00:00
[2025-12-01T13:07:03.805+0000] {processor.py:183} INFO - Processing /opt/airflow/dags/ingestion_dag.py took 1.483 seconds
[2025-12-01T13:07:34.743+0000] {processor.py:161} INFO - Started process (PID=84118) to work on /opt/airflow/dags/ingestion_dag.py
[2025-12-01T13:07:34.745+0000] {processor.py:830} INFO - Processing file /opt/airflow/dags/ingestion_dag.py for tasks to queue
[2025-12-01T13:07:34.746+0000] {logging_mixin.py:188} INFO - [2025-12-01T13:07:34.746+0000] {dagbag.py:540} INFO - Filling up the DagBag from /opt/airflow/dags/ingestion_dag.py
[2025-12-01T13:07:36.365+0000] {logging_mixin.py:188} INFO - [2025-12-01T13:07:36.365+0000] {warnings.py:109} WARNING - /opt/airflow/dags/ingestion_dag.py:257: RemovedInAirflow3Warning: Function `days_ago` is deprecated and will be removed in Airflow 3.0. You can achieve equivalent behavior with `pendulum.today('UTC').add(days=-N, ...)`
  start_date=days_ago(1),
[2025-12-01T13:07:36.365+0000] {logging_mixin.py:188} INFO - [2025-12-01T13:07:36.365+0000] {warnings.py:109} WARNING - /opt/airflow/dags/ingestion_dag.py:254: RemovedInAirflow3Warning: Param `schedule_interval` is deprecated and will be removed in a future release. Please use `schedule` instead. 
  with DAG(
[2025-12-01T13:07:36.371+0000] {processor.py:840} INFO - DAG(s) 'ingestion_dag' retrieved from /opt/airflow/dags/ingestion_dag.py
[2025-12-01T13:07:36.388+0000] {logging_mixin.py:188} INFO - [2025-12-01T13:07:36.388+0000] {dag.py:3047} INFO - Sync 1 DAGs
[2025-12-01T13:07:36.410+0000] {logging_mixin.py:188} INFO - [2025-12-01T13:07:36.410+0000] {dag.py:3834} INFO - Setting next_dagrun for ingestion_dag to 2025-12-01 13:07:00+00:00, run_after=2025-12-01 13:08:00+00:00
[2025-12-01T13:07:36.420+0000] {processor.py:183} INFO - Processing /opt/airflow/dags/ingestion_dag.py took 1.684 seconds
[2025-12-01T13:08:06.826+0000] {processor.py:161} INFO - Started process (PID=84171) to work on /opt/airflow/dags/ingestion_dag.py
[2025-12-01T13:08:06.828+0000] {processor.py:830} INFO - Processing file /opt/airflow/dags/ingestion_dag.py for tasks to queue
[2025-12-01T13:08:06.829+0000] {logging_mixin.py:188} INFO - [2025-12-01T13:08:06.828+0000] {dagbag.py:540} INFO - Filling up the DagBag from /opt/airflow/dags/ingestion_dag.py
[2025-12-01T13:08:08.479+0000] {logging_mixin.py:188} INFO - [2025-12-01T13:08:08.478+0000] {warnings.py:109} WARNING - /opt/airflow/dags/ingestion_dag.py:257: RemovedInAirflow3Warning: Function `days_ago` is deprecated and will be removed in Airflow 3.0. You can achieve equivalent behavior with `pendulum.today('UTC').add(days=-N, ...)`
  start_date=days_ago(1),
[2025-12-01T13:08:08.480+0000] {logging_mixin.py:188} INFO - [2025-12-01T13:08:08.480+0000] {warnings.py:109} WARNING - /opt/airflow/dags/ingestion_dag.py:254: RemovedInAirflow3Warning: Param `schedule_interval` is deprecated and will be removed in a future release. Please use `schedule` instead. 
  with DAG(
[2025-12-01T13:08:08.487+0000] {processor.py:840} INFO - DAG(s) 'ingestion_dag' retrieved from /opt/airflow/dags/ingestion_dag.py
[2025-12-01T13:08:08.511+0000] {logging_mixin.py:188} INFO - [2025-12-01T13:08:08.511+0000] {dag.py:3047} INFO - Sync 1 DAGs
[2025-12-01T13:08:08.540+0000] {logging_mixin.py:188} INFO - [2025-12-01T13:08:08.540+0000] {dag.py:3834} INFO - Setting next_dagrun for ingestion_dag to 2025-12-01 13:08:00+00:00, run_after=2025-12-01 13:09:00+00:00
[2025-12-01T13:08:08.553+0000] {processor.py:183} INFO - Processing /opt/airflow/dags/ingestion_dag.py took 1.733 seconds
[2025-12-01T13:08:39.359+0000] {processor.py:161} INFO - Started process (PID=84227) to work on /opt/airflow/dags/ingestion_dag.py
[2025-12-01T13:08:39.363+0000] {processor.py:830} INFO - Processing file /opt/airflow/dags/ingestion_dag.py for tasks to queue
[2025-12-01T13:08:39.364+0000] {logging_mixin.py:188} INFO - [2025-12-01T13:08:39.364+0000] {dagbag.py:540} INFO - Filling up the DagBag from /opt/airflow/dags/ingestion_dag.py
[2025-12-01T13:08:40.915+0000] {logging_mixin.py:188} INFO - [2025-12-01T13:08:40.915+0000] {warnings.py:109} WARNING - /opt/airflow/dags/ingestion_dag.py:257: RemovedInAirflow3Warning: Function `days_ago` is deprecated and will be removed in Airflow 3.0. You can achieve equivalent behavior with `pendulum.today('UTC').add(days=-N, ...)`
  start_date=days_ago(1),
[2025-12-01T13:08:40.915+0000] {logging_mixin.py:188} INFO - [2025-12-01T13:08:40.915+0000] {warnings.py:109} WARNING - /opt/airflow/dags/ingestion_dag.py:254: RemovedInAirflow3Warning: Param `schedule_interval` is deprecated and will be removed in a future release. Please use `schedule` instead. 
  with DAG(
[2025-12-01T13:08:40.919+0000] {processor.py:840} INFO - DAG(s) 'ingestion_dag' retrieved from /opt/airflow/dags/ingestion_dag.py
[2025-12-01T13:08:40.944+0000] {logging_mixin.py:188} INFO - [2025-12-01T13:08:40.943+0000] {dag.py:3047} INFO - Sync 1 DAGs
[2025-12-01T13:08:40.958+0000] {logging_mixin.py:188} INFO - [2025-12-01T13:08:40.958+0000] {dag.py:3834} INFO - Setting next_dagrun for ingestion_dag to 2025-12-01 13:08:00+00:00, run_after=2025-12-01 13:09:00+00:00
[2025-12-01T13:08:40.968+0000] {processor.py:183} INFO - Processing /opt/airflow/dags/ingestion_dag.py took 1.615 seconds
[2025-12-01T13:09:11.099+0000] {processor.py:161} INFO - Started process (PID=84307) to work on /opt/airflow/dags/ingestion_dag.py
[2025-12-01T13:09:11.101+0000] {processor.py:830} INFO - Processing file /opt/airflow/dags/ingestion_dag.py for tasks to queue
[2025-12-01T13:09:11.102+0000] {logging_mixin.py:188} INFO - [2025-12-01T13:09:11.101+0000] {dagbag.py:540} INFO - Filling up the DagBag from /opt/airflow/dags/ingestion_dag.py
[2025-12-01T13:09:12.677+0000] {logging_mixin.py:188} INFO - [2025-12-01T13:09:12.677+0000] {warnings.py:109} WARNING - /opt/airflow/dags/ingestion_dag.py:257: RemovedInAirflow3Warning: Function `days_ago` is deprecated and will be removed in Airflow 3.0. You can achieve equivalent behavior with `pendulum.today('UTC').add(days=-N, ...)`
  start_date=days_ago(1),
[2025-12-01T13:09:12.678+0000] {logging_mixin.py:188} INFO - [2025-12-01T13:09:12.678+0000] {warnings.py:109} WARNING - /opt/airflow/dags/ingestion_dag.py:254: RemovedInAirflow3Warning: Param `schedule_interval` is deprecated and will be removed in a future release. Please use `schedule` instead. 
  with DAG(
[2025-12-01T13:09:12.681+0000] {processor.py:840} INFO - DAG(s) 'ingestion_dag' retrieved from /opt/airflow/dags/ingestion_dag.py
[2025-12-01T13:09:12.704+0000] {logging_mixin.py:188} INFO - [2025-12-01T13:09:12.704+0000] {dag.py:3047} INFO - Sync 1 DAGs
[2025-12-01T13:09:12.720+0000] {logging_mixin.py:188} INFO - [2025-12-01T13:09:12.720+0000] {dag.py:3834} INFO - Setting next_dagrun for ingestion_dag to 2025-12-01 13:09:00+00:00, run_after=2025-12-01 13:10:00+00:00
[2025-12-01T13:09:12.730+0000] {processor.py:183} INFO - Processing /opt/airflow/dags/ingestion_dag.py took 1.639 seconds
[2025-12-01T13:09:43.212+0000] {processor.py:161} INFO - Started process (PID=84325) to work on /opt/airflow/dags/ingestion_dag.py
[2025-12-01T13:09:43.215+0000] {processor.py:830} INFO - Processing file /opt/airflow/dags/ingestion_dag.py for tasks to queue
[2025-12-01T13:09:43.217+0000] {logging_mixin.py:188} INFO - [2025-12-01T13:09:43.216+0000] {dagbag.py:540} INFO - Filling up the DagBag from /opt/airflow/dags/ingestion_dag.py
[2025-12-01T13:09:44.801+0000] {logging_mixin.py:188} INFO - [2025-12-01T13:09:44.801+0000] {warnings.py:109} WARNING - /opt/airflow/dags/ingestion_dag.py:257: RemovedInAirflow3Warning: Function `days_ago` is deprecated and will be removed in Airflow 3.0. You can achieve equivalent behavior with `pendulum.today('UTC').add(days=-N, ...)`
  start_date=days_ago(1),
[2025-12-01T13:09:44.802+0000] {logging_mixin.py:188} INFO - [2025-12-01T13:09:44.802+0000] {warnings.py:109} WARNING - /opt/airflow/dags/ingestion_dag.py:254: RemovedInAirflow3Warning: Param `schedule_interval` is deprecated and will be removed in a future release. Please use `schedule` instead. 
  with DAG(
[2025-12-01T13:09:44.807+0000] {processor.py:840} INFO - DAG(s) 'ingestion_dag' retrieved from /opt/airflow/dags/ingestion_dag.py
[2025-12-01T13:09:44.830+0000] {logging_mixin.py:188} INFO - [2025-12-01T13:09:44.830+0000] {dag.py:3047} INFO - Sync 1 DAGs
[2025-12-01T13:09:44.844+0000] {logging_mixin.py:188} INFO - [2025-12-01T13:09:44.844+0000] {dag.py:3834} INFO - Setting next_dagrun for ingestion_dag to 2025-12-01 13:09:00+00:00, run_after=2025-12-01 13:10:00+00:00
[2025-12-01T13:09:44.853+0000] {processor.py:183} INFO - Processing /opt/airflow/dags/ingestion_dag.py took 1.653 seconds
[2025-12-01T13:10:15.659+0000] {processor.py:161} INFO - Started process (PID=84411) to work on /opt/airflow/dags/ingestion_dag.py
[2025-12-01T13:10:15.661+0000] {processor.py:830} INFO - Processing file /opt/airflow/dags/ingestion_dag.py for tasks to queue
[2025-12-01T13:10:15.663+0000] {logging_mixin.py:188} INFO - [2025-12-01T13:10:15.662+0000] {dagbag.py:540} INFO - Filling up the DagBag from /opt/airflow/dags/ingestion_dag.py
[2025-12-01T13:10:17.205+0000] {logging_mixin.py:188} INFO - [2025-12-01T13:10:17.205+0000] {warnings.py:109} WARNING - /opt/airflow/dags/ingestion_dag.py:257: RemovedInAirflow3Warning: Function `days_ago` is deprecated and will be removed in Airflow 3.0. You can achieve equivalent behavior with `pendulum.today('UTC').add(days=-N, ...)`
  start_date=days_ago(1),
[2025-12-01T13:10:17.206+0000] {logging_mixin.py:188} INFO - [2025-12-01T13:10:17.206+0000] {warnings.py:109} WARNING - /opt/airflow/dags/ingestion_dag.py:254: RemovedInAirflow3Warning: Param `schedule_interval` is deprecated and will be removed in a future release. Please use `schedule` instead. 
  with DAG(
[2025-12-01T13:10:17.210+0000] {processor.py:840} INFO - DAG(s) 'ingestion_dag' retrieved from /opt/airflow/dags/ingestion_dag.py
[2025-12-01T13:10:17.227+0000] {logging_mixin.py:188} INFO - [2025-12-01T13:10:17.227+0000] {dag.py:3047} INFO - Sync 1 DAGs
[2025-12-01T13:10:17.241+0000] {logging_mixin.py:188} INFO - [2025-12-01T13:10:17.241+0000] {dag.py:3834} INFO - Setting next_dagrun for ingestion_dag to 2025-12-01 13:10:00+00:00, run_after=2025-12-01 13:11:00+00:00
[2025-12-01T13:10:17.249+0000] {processor.py:183} INFO - Processing /opt/airflow/dags/ingestion_dag.py took 1.597 seconds
[2025-12-01T13:10:48.106+0000] {processor.py:161} INFO - Started process (PID=84429) to work on /opt/airflow/dags/ingestion_dag.py
[2025-12-01T13:10:48.108+0000] {processor.py:830} INFO - Processing file /opt/airflow/dags/ingestion_dag.py for tasks to queue
[2025-12-01T13:10:48.110+0000] {logging_mixin.py:188} INFO - [2025-12-01T13:10:48.109+0000] {dagbag.py:540} INFO - Filling up the DagBag from /opt/airflow/dags/ingestion_dag.py
[2025-12-01T13:10:49.595+0000] {logging_mixin.py:188} INFO - [2025-12-01T13:10:49.595+0000] {warnings.py:109} WARNING - /opt/airflow/dags/ingestion_dag.py:257: RemovedInAirflow3Warning: Function `days_ago` is deprecated and will be removed in Airflow 3.0. You can achieve equivalent behavior with `pendulum.today('UTC').add(days=-N, ...)`
  start_date=days_ago(1),
[2025-12-01T13:10:49.595+0000] {logging_mixin.py:188} INFO - [2025-12-01T13:10:49.595+0000] {warnings.py:109} WARNING - /opt/airflow/dags/ingestion_dag.py:254: RemovedInAirflow3Warning: Param `schedule_interval` is deprecated and will be removed in a future release. Please use `schedule` instead. 
  with DAG(
[2025-12-01T13:10:49.599+0000] {processor.py:840} INFO - DAG(s) 'ingestion_dag' retrieved from /opt/airflow/dags/ingestion_dag.py
[2025-12-01T13:10:49.618+0000] {logging_mixin.py:188} INFO - [2025-12-01T13:10:49.618+0000] {dag.py:3047} INFO - Sync 1 DAGs
[2025-12-01T13:10:49.633+0000] {logging_mixin.py:188} INFO - [2025-12-01T13:10:49.633+0000] {dag.py:3834} INFO - Setting next_dagrun for ingestion_dag to 2025-12-01 13:10:00+00:00, run_after=2025-12-01 13:11:00+00:00
[2025-12-01T13:10:49.642+0000] {processor.py:183} INFO - Processing /opt/airflow/dags/ingestion_dag.py took 1.539 seconds
[2025-12-01T13:11:20.568+0000] {processor.py:161} INFO - Started process (PID=84509) to work on /opt/airflow/dags/ingestion_dag.py
[2025-12-01T13:11:20.570+0000] {processor.py:830} INFO - Processing file /opt/airflow/dags/ingestion_dag.py for tasks to queue
[2025-12-01T13:11:20.572+0000] {logging_mixin.py:188} INFO - [2025-12-01T13:11:20.571+0000] {dagbag.py:540} INFO - Filling up the DagBag from /opt/airflow/dags/ingestion_dag.py
[2025-12-01T13:11:22.151+0000] {logging_mixin.py:188} INFO - [2025-12-01T13:11:22.151+0000] {warnings.py:109} WARNING - /opt/airflow/dags/ingestion_dag.py:257: RemovedInAirflow3Warning: Function `days_ago` is deprecated and will be removed in Airflow 3.0. You can achieve equivalent behavior with `pendulum.today('UTC').add(days=-N, ...)`
  start_date=days_ago(1),
[2025-12-01T13:11:22.151+0000] {logging_mixin.py:188} INFO - [2025-12-01T13:11:22.151+0000] {warnings.py:109} WARNING - /opt/airflow/dags/ingestion_dag.py:254: RemovedInAirflow3Warning: Param `schedule_interval` is deprecated and will be removed in a future release. Please use `schedule` instead. 
  with DAG(
[2025-12-01T13:11:22.155+0000] {processor.py:840} INFO - DAG(s) 'ingestion_dag' retrieved from /opt/airflow/dags/ingestion_dag.py
[2025-12-01T13:11:22.172+0000] {logging_mixin.py:188} INFO - [2025-12-01T13:11:22.172+0000] {dag.py:3047} INFO - Sync 1 DAGs
[2025-12-01T13:11:22.193+0000] {logging_mixin.py:188} INFO - [2025-12-01T13:11:22.193+0000] {dag.py:3834} INFO - Setting next_dagrun for ingestion_dag to 2025-12-01 13:11:00+00:00, run_after=2025-12-01 13:12:00+00:00
[2025-12-01T13:11:22.203+0000] {processor.py:183} INFO - Processing /opt/airflow/dags/ingestion_dag.py took 1.641 seconds
[2025-12-01T13:11:52.449+0000] {processor.py:161} INFO - Started process (PID=84527) to work on /opt/airflow/dags/ingestion_dag.py
[2025-12-01T13:11:52.452+0000] {processor.py:830} INFO - Processing file /opt/airflow/dags/ingestion_dag.py for tasks to queue
[2025-12-01T13:11:52.453+0000] {logging_mixin.py:188} INFO - [2025-12-01T13:11:52.453+0000] {dagbag.py:540} INFO - Filling up the DagBag from /opt/airflow/dags/ingestion_dag.py
[2025-12-01T13:11:54.305+0000] {logging_mixin.py:188} INFO - [2025-12-01T13:11:54.304+0000] {warnings.py:109} WARNING - /opt/airflow/dags/ingestion_dag.py:257: RemovedInAirflow3Warning: Function `days_ago` is deprecated and will be removed in Airflow 3.0. You can achieve equivalent behavior with `pendulum.today('UTC').add(days=-N, ...)`
  start_date=days_ago(1),
[2025-12-01T13:11:54.305+0000] {logging_mixin.py:188} INFO - [2025-12-01T13:11:54.305+0000] {warnings.py:109} WARNING - /opt/airflow/dags/ingestion_dag.py:254: RemovedInAirflow3Warning: Param `schedule_interval` is deprecated and will be removed in a future release. Please use `schedule` instead. 
  with DAG(
[2025-12-01T13:11:54.309+0000] {processor.py:840} INFO - DAG(s) 'ingestion_dag' retrieved from /opt/airflow/dags/ingestion_dag.py
[2025-12-01T13:11:54.338+0000] {logging_mixin.py:188} INFO - [2025-12-01T13:11:54.338+0000] {dag.py:3047} INFO - Sync 1 DAGs
[2025-12-01T13:11:54.364+0000] {logging_mixin.py:188} INFO - [2025-12-01T13:11:54.364+0000] {dag.py:3834} INFO - Setting next_dagrun for ingestion_dag to 2025-12-01 13:11:00+00:00, run_after=2025-12-01 13:12:00+00:00
[2025-12-01T13:11:54.375+0000] {processor.py:183} INFO - Processing /opt/airflow/dags/ingestion_dag.py took 1.940 seconds
[2025-12-01T13:12:24.808+0000] {processor.py:161} INFO - Started process (PID=84613) to work on /opt/airflow/dags/ingestion_dag.py
[2025-12-01T13:12:24.811+0000] {processor.py:830} INFO - Processing file /opt/airflow/dags/ingestion_dag.py for tasks to queue
[2025-12-01T13:12:24.812+0000] {logging_mixin.py:188} INFO - [2025-12-01T13:12:24.812+0000] {dagbag.py:540} INFO - Filling up the DagBag from /opt/airflow/dags/ingestion_dag.py
[2025-12-01T13:12:26.364+0000] {logging_mixin.py:188} INFO - [2025-12-01T13:12:26.364+0000] {warnings.py:109} WARNING - /opt/airflow/dags/ingestion_dag.py:257: RemovedInAirflow3Warning: Function `days_ago` is deprecated and will be removed in Airflow 3.0. You can achieve equivalent behavior with `pendulum.today('UTC').add(days=-N, ...)`
  start_date=days_ago(1),
[2025-12-01T13:12:26.364+0000] {logging_mixin.py:188} INFO - [2025-12-01T13:12:26.364+0000] {warnings.py:109} WARNING - /opt/airflow/dags/ingestion_dag.py:254: RemovedInAirflow3Warning: Param `schedule_interval` is deprecated and will be removed in a future release. Please use `schedule` instead. 
  with DAG(
[2025-12-01T13:12:26.368+0000] {processor.py:840} INFO - DAG(s) 'ingestion_dag' retrieved from /opt/airflow/dags/ingestion_dag.py
[2025-12-01T13:12:26.386+0000] {logging_mixin.py:188} INFO - [2025-12-01T13:12:26.386+0000] {dag.py:3047} INFO - Sync 1 DAGs
[2025-12-01T13:12:26.401+0000] {logging_mixin.py:188} INFO - [2025-12-01T13:12:26.401+0000] {dag.py:3834} INFO - Setting next_dagrun for ingestion_dag to 2025-12-01 13:12:00+00:00, run_after=2025-12-01 13:13:00+00:00
[2025-12-01T13:12:26.410+0000] {processor.py:183} INFO - Processing /opt/airflow/dags/ingestion_dag.py took 1.613 seconds
[2025-12-01T13:12:57.313+0000] {processor.py:161} INFO - Started process (PID=84631) to work on /opt/airflow/dags/ingestion_dag.py
[2025-12-01T13:12:57.317+0000] {processor.py:830} INFO - Processing file /opt/airflow/dags/ingestion_dag.py for tasks to queue
[2025-12-01T13:12:57.319+0000] {logging_mixin.py:188} INFO - [2025-12-01T13:12:57.318+0000] {dagbag.py:540} INFO - Filling up the DagBag from /opt/airflow/dags/ingestion_dag.py
[2025-12-01T13:12:58.848+0000] {logging_mixin.py:188} INFO - [2025-12-01T13:12:58.848+0000] {warnings.py:109} WARNING - /opt/airflow/dags/ingestion_dag.py:257: RemovedInAirflow3Warning: Function `days_ago` is deprecated and will be removed in Airflow 3.0. You can achieve equivalent behavior with `pendulum.today('UTC').add(days=-N, ...)`
  start_date=days_ago(1),
[2025-12-01T13:12:58.849+0000] {logging_mixin.py:188} INFO - [2025-12-01T13:12:58.848+0000] {warnings.py:109} WARNING - /opt/airflow/dags/ingestion_dag.py:254: RemovedInAirflow3Warning: Param `schedule_interval` is deprecated and will be removed in a future release. Please use `schedule` instead. 
  with DAG(
[2025-12-01T13:12:58.852+0000] {processor.py:840} INFO - DAG(s) 'ingestion_dag' retrieved from /opt/airflow/dags/ingestion_dag.py
[2025-12-01T13:12:58.872+0000] {logging_mixin.py:188} INFO - [2025-12-01T13:12:58.872+0000] {dag.py:3047} INFO - Sync 1 DAGs
[2025-12-01T13:12:58.888+0000] {logging_mixin.py:188} INFO - [2025-12-01T13:12:58.888+0000] {dag.py:3834} INFO - Setting next_dagrun for ingestion_dag to 2025-12-01 13:12:00+00:00, run_after=2025-12-01 13:13:00+00:00
[2025-12-01T13:12:58.897+0000] {processor.py:183} INFO - Processing /opt/airflow/dags/ingestion_dag.py took 1.597 seconds
[2025-12-01T13:13:29.832+0000] {processor.py:161} INFO - Started process (PID=84711) to work on /opt/airflow/dags/ingestion_dag.py
[2025-12-01T13:13:29.833+0000] {processor.py:830} INFO - Processing file /opt/airflow/dags/ingestion_dag.py for tasks to queue
[2025-12-01T13:13:29.837+0000] {logging_mixin.py:188} INFO - [2025-12-01T13:13:29.834+0000] {dagbag.py:540} INFO - Filling up the DagBag from /opt/airflow/dags/ingestion_dag.py
[2025-12-01T13:13:32.166+0000] {logging_mixin.py:188} INFO - [2025-12-01T13:13:32.166+0000] {warnings.py:109} WARNING - /opt/airflow/dags/ingestion_dag.py:257: RemovedInAirflow3Warning: Function `days_ago` is deprecated and will be removed in Airflow 3.0. You can achieve equivalent behavior with `pendulum.today('UTC').add(days=-N, ...)`
  start_date=days_ago(1),
[2025-12-01T13:13:32.166+0000] {logging_mixin.py:188} INFO - [2025-12-01T13:13:32.166+0000] {warnings.py:109} WARNING - /opt/airflow/dags/ingestion_dag.py:254: RemovedInAirflow3Warning: Param `schedule_interval` is deprecated and will be removed in a future release. Please use `schedule` instead. 
  with DAG(
[2025-12-01T13:13:32.171+0000] {processor.py:840} INFO - DAG(s) 'ingestion_dag' retrieved from /opt/airflow/dags/ingestion_dag.py
[2025-12-01T13:13:32.207+0000] {logging_mixin.py:188} INFO - [2025-12-01T13:13:32.207+0000] {dag.py:3047} INFO - Sync 1 DAGs
[2025-12-01T13:13:32.232+0000] {logging_mixin.py:188} INFO - [2025-12-01T13:13:32.232+0000] {dag.py:3834} INFO - Setting next_dagrun for ingestion_dag to 2025-12-01 13:13:00+00:00, run_after=2025-12-01 13:14:00+00:00
[2025-12-01T13:13:32.244+0000] {processor.py:183} INFO - Processing /opt/airflow/dags/ingestion_dag.py took 2.419 seconds
[2025-12-01T13:14:02.396+0000] {processor.py:161} INFO - Started process (PID=84742) to work on /opt/airflow/dags/ingestion_dag.py
[2025-12-01T13:14:02.397+0000] {processor.py:830} INFO - Processing file /opt/airflow/dags/ingestion_dag.py for tasks to queue
[2025-12-01T13:14:02.398+0000] {logging_mixin.py:188} INFO - [2025-12-01T13:14:02.398+0000] {dagbag.py:540} INFO - Filling up the DagBag from /opt/airflow/dags/ingestion_dag.py
[2025-12-01T13:14:04.558+0000] {logging_mixin.py:188} INFO - [2025-12-01T13:14:04.557+0000] {warnings.py:109} WARNING - /opt/airflow/dags/ingestion_dag.py:257: RemovedInAirflow3Warning: Function `days_ago` is deprecated and will be removed in Airflow 3.0. You can achieve equivalent behavior with `pendulum.today('UTC').add(days=-N, ...)`
  start_date=days_ago(1),
[2025-12-01T13:14:04.559+0000] {logging_mixin.py:188} INFO - [2025-12-01T13:14:04.559+0000] {warnings.py:109} WARNING - /opt/airflow/dags/ingestion_dag.py:254: RemovedInAirflow3Warning: Param `schedule_interval` is deprecated and will be removed in a future release. Please use `schedule` instead. 
  with DAG(
[2025-12-01T13:14:04.566+0000] {processor.py:840} INFO - DAG(s) 'ingestion_dag' retrieved from /opt/airflow/dags/ingestion_dag.py
[2025-12-01T13:14:04.593+0000] {logging_mixin.py:188} INFO - [2025-12-01T13:14:04.593+0000] {dag.py:3047} INFO - Sync 1 DAGs
[2025-12-01T13:14:04.612+0000] {logging_mixin.py:188} INFO - [2025-12-01T13:14:04.612+0000] {dag.py:3834} INFO - Setting next_dagrun for ingestion_dag to 2025-12-01 13:14:00+00:00, run_after=2025-12-01 13:15:00+00:00
[2025-12-01T13:14:04.628+0000] {processor.py:183} INFO - Processing /opt/airflow/dags/ingestion_dag.py took 2.237 seconds
[2025-12-01T13:14:35.124+0000] {processor.py:161} INFO - Started process (PID=84815) to work on /opt/airflow/dags/ingestion_dag.py
[2025-12-01T13:14:35.126+0000] {processor.py:830} INFO - Processing file /opt/airflow/dags/ingestion_dag.py for tasks to queue
[2025-12-01T13:14:35.128+0000] {logging_mixin.py:188} INFO - [2025-12-01T13:14:35.127+0000] {dagbag.py:540} INFO - Filling up the DagBag from /opt/airflow/dags/ingestion_dag.py
[2025-12-01T13:14:36.811+0000] {logging_mixin.py:188} INFO - [2025-12-01T13:14:36.811+0000] {warnings.py:109} WARNING - /opt/airflow/dags/ingestion_dag.py:257: RemovedInAirflow3Warning: Function `days_ago` is deprecated and will be removed in Airflow 3.0. You can achieve equivalent behavior with `pendulum.today('UTC').add(days=-N, ...)`
  start_date=days_ago(1),
[2025-12-01T13:14:36.811+0000] {logging_mixin.py:188} INFO - [2025-12-01T13:14:36.811+0000] {warnings.py:109} WARNING - /opt/airflow/dags/ingestion_dag.py:254: RemovedInAirflow3Warning: Param `schedule_interval` is deprecated and will be removed in a future release. Please use `schedule` instead. 
  with DAG(
[2025-12-01T13:14:36.815+0000] {processor.py:840} INFO - DAG(s) 'ingestion_dag' retrieved from /opt/airflow/dags/ingestion_dag.py
[2025-12-01T13:14:36.837+0000] {logging_mixin.py:188} INFO - [2025-12-01T13:14:36.836+0000] {dag.py:3047} INFO - Sync 1 DAGs
[2025-12-01T13:14:36.853+0000] {logging_mixin.py:188} INFO - [2025-12-01T13:14:36.853+0000] {dag.py:3834} INFO - Setting next_dagrun for ingestion_dag to 2025-12-01 13:14:00+00:00, run_after=2025-12-01 13:15:00+00:00
[2025-12-01T13:14:36.863+0000] {processor.py:183} INFO - Processing /opt/airflow/dags/ingestion_dag.py took 1.748 seconds
[2025-12-01T13:15:07.288+0000] {processor.py:161} INFO - Started process (PID=84868) to work on /opt/airflow/dags/ingestion_dag.py
[2025-12-01T13:15:07.291+0000] {processor.py:830} INFO - Processing file /opt/airflow/dags/ingestion_dag.py for tasks to queue
[2025-12-01T13:15:07.293+0000] {logging_mixin.py:188} INFO - [2025-12-01T13:15:07.292+0000] {dagbag.py:540} INFO - Filling up the DagBag from /opt/airflow/dags/ingestion_dag.py
[2025-12-01T13:15:09.647+0000] {logging_mixin.py:188} INFO - [2025-12-01T13:15:09.646+0000] {warnings.py:109} WARNING - /opt/airflow/dags/ingestion_dag.py:257: RemovedInAirflow3Warning: Function `days_ago` is deprecated and will be removed in Airflow 3.0. You can achieve equivalent behavior with `pendulum.today('UTC').add(days=-N, ...)`
  start_date=days_ago(1),
[2025-12-01T13:15:09.648+0000] {logging_mixin.py:188} INFO - [2025-12-01T13:15:09.648+0000] {warnings.py:109} WARNING - /opt/airflow/dags/ingestion_dag.py:254: RemovedInAirflow3Warning: Param `schedule_interval` is deprecated and will be removed in a future release. Please use `schedule` instead. 
  with DAG(
[2025-12-01T13:15:09.658+0000] {processor.py:840} INFO - DAG(s) 'ingestion_dag' retrieved from /opt/airflow/dags/ingestion_dag.py
[2025-12-01T13:15:09.700+0000] {logging_mixin.py:188} INFO - [2025-12-01T13:15:09.700+0000] {dag.py:3047} INFO - Sync 1 DAGs
[2025-12-01T13:15:09.728+0000] {logging_mixin.py:188} INFO - [2025-12-01T13:15:09.728+0000] {dag.py:3834} INFO - Setting next_dagrun for ingestion_dag to 2025-12-01 13:15:00+00:00, run_after=2025-12-01 13:16:00+00:00
[2025-12-01T13:15:09.745+0000] {processor.py:183} INFO - Processing /opt/airflow/dags/ingestion_dag.py took 2.463 seconds
[2025-12-01T13:15:39.956+0000] {processor.py:161} INFO - Started process (PID=84913) to work on /opt/airflow/dags/ingestion_dag.py
[2025-12-01T13:15:39.959+0000] {processor.py:830} INFO - Processing file /opt/airflow/dags/ingestion_dag.py for tasks to queue
[2025-12-01T13:15:39.960+0000] {logging_mixin.py:188} INFO - [2025-12-01T13:15:39.960+0000] {dagbag.py:540} INFO - Filling up the DagBag from /opt/airflow/dags/ingestion_dag.py
[2025-12-01T13:15:41.556+0000] {logging_mixin.py:188} INFO - [2025-12-01T13:15:41.556+0000] {warnings.py:109} WARNING - /opt/airflow/dags/ingestion_dag.py:257: RemovedInAirflow3Warning: Function `days_ago` is deprecated and will be removed in Airflow 3.0. You can achieve equivalent behavior with `pendulum.today('UTC').add(days=-N, ...)`
  start_date=days_ago(1),
[2025-12-01T13:15:41.557+0000] {logging_mixin.py:188} INFO - [2025-12-01T13:15:41.557+0000] {warnings.py:109} WARNING - /opt/airflow/dags/ingestion_dag.py:254: RemovedInAirflow3Warning: Param `schedule_interval` is deprecated and will be removed in a future release. Please use `schedule` instead. 
  with DAG(
[2025-12-01T13:15:41.560+0000] {processor.py:840} INFO - DAG(s) 'ingestion_dag' retrieved from /opt/airflow/dags/ingestion_dag.py
[2025-12-01T13:15:41.591+0000] {logging_mixin.py:188} INFO - [2025-12-01T13:15:41.590+0000] {dag.py:3047} INFO - Sync 1 DAGs
[2025-12-01T13:15:41.608+0000] {logging_mixin.py:188} INFO - [2025-12-01T13:15:41.608+0000] {dag.py:3834} INFO - Setting next_dagrun for ingestion_dag to 2025-12-01 13:15:00+00:00, run_after=2025-12-01 13:16:00+00:00
[2025-12-01T13:15:41.617+0000] {processor.py:183} INFO - Processing /opt/airflow/dags/ingestion_dag.py took 1.675 seconds
[2025-12-01T13:16:12.196+0000] {processor.py:161} INFO - Started process (PID=84999) to work on /opt/airflow/dags/ingestion_dag.py
[2025-12-01T13:16:12.203+0000] {processor.py:830} INFO - Processing file /opt/airflow/dags/ingestion_dag.py for tasks to queue
[2025-12-01T13:16:12.205+0000] {logging_mixin.py:188} INFO - [2025-12-01T13:16:12.204+0000] {dagbag.py:540} INFO - Filling up the DagBag from /opt/airflow/dags/ingestion_dag.py
[2025-12-01T13:16:14.074+0000] {logging_mixin.py:188} INFO - [2025-12-01T13:16:14.074+0000] {warnings.py:109} WARNING - /opt/airflow/dags/ingestion_dag.py:257: RemovedInAirflow3Warning: Function `days_ago` is deprecated and will be removed in Airflow 3.0. You can achieve equivalent behavior with `pendulum.today('UTC').add(days=-N, ...)`
  start_date=days_ago(1),
[2025-12-01T13:16:14.074+0000] {logging_mixin.py:188} INFO - [2025-12-01T13:16:14.074+0000] {warnings.py:109} WARNING - /opt/airflow/dags/ingestion_dag.py:254: RemovedInAirflow3Warning: Param `schedule_interval` is deprecated and will be removed in a future release. Please use `schedule` instead. 
  with DAG(
[2025-12-01T13:16:14.078+0000] {processor.py:840} INFO - DAG(s) 'ingestion_dag' retrieved from /opt/airflow/dags/ingestion_dag.py
[2025-12-01T13:16:14.096+0000] {logging_mixin.py:188} INFO - [2025-12-01T13:16:14.096+0000] {dag.py:3047} INFO - Sync 1 DAGs
[2025-12-01T13:16:14.111+0000] {logging_mixin.py:188} INFO - [2025-12-01T13:16:14.111+0000] {dag.py:3834} INFO - Setting next_dagrun for ingestion_dag to 2025-12-01 13:16:00+00:00, run_after=2025-12-01 13:17:00+00:00
[2025-12-01T13:16:14.123+0000] {processor.py:183} INFO - Processing /opt/airflow/dags/ingestion_dag.py took 1.935 seconds
[2025-12-01T13:16:44.766+0000] {processor.py:161} INFO - Started process (PID=85017) to work on /opt/airflow/dags/ingestion_dag.py
[2025-12-01T13:16:44.769+0000] {processor.py:830} INFO - Processing file /opt/airflow/dags/ingestion_dag.py for tasks to queue
[2025-12-01T13:16:44.770+0000] {logging_mixin.py:188} INFO - [2025-12-01T13:16:44.770+0000] {dagbag.py:540} INFO - Filling up the DagBag from /opt/airflow/dags/ingestion_dag.py
[2025-12-01T13:16:48.536+0000] {logging_mixin.py:188} INFO - [2025-12-01T13:16:48.535+0000] {warnings.py:109} WARNING - /opt/airflow/dags/ingestion_dag.py:257: RemovedInAirflow3Warning: Function `days_ago` is deprecated and will be removed in Airflow 3.0. You can achieve equivalent behavior with `pendulum.today('UTC').add(days=-N, ...)`
  start_date=days_ago(1),
[2025-12-01T13:16:48.536+0000] {logging_mixin.py:188} INFO - [2025-12-01T13:16:48.536+0000] {warnings.py:109} WARNING - /opt/airflow/dags/ingestion_dag.py:254: RemovedInAirflow3Warning: Param `schedule_interval` is deprecated and will be removed in a future release. Please use `schedule` instead. 
  with DAG(
[2025-12-01T13:16:48.544+0000] {processor.py:840} INFO - DAG(s) 'ingestion_dag' retrieved from /opt/airflow/dags/ingestion_dag.py
[2025-12-01T13:16:48.599+0000] {logging_mixin.py:188} INFO - [2025-12-01T13:16:48.599+0000] {dag.py:3047} INFO - Sync 1 DAGs
[2025-12-01T13:16:48.640+0000] {logging_mixin.py:188} INFO - [2025-12-01T13:16:48.640+0000] {dag.py:3834} INFO - Setting next_dagrun for ingestion_dag to 2025-12-01 13:16:00+00:00, run_after=2025-12-01 13:17:00+00:00
[2025-12-01T13:16:48.667+0000] {processor.py:183} INFO - Processing /opt/airflow/dags/ingestion_dag.py took 3.918 seconds
[2025-12-01T13:17:19.372+0000] {processor.py:161} INFO - Started process (PID=85102) to work on /opt/airflow/dags/ingestion_dag.py
[2025-12-01T13:17:19.374+0000] {processor.py:830} INFO - Processing file /opt/airflow/dags/ingestion_dag.py for tasks to queue
[2025-12-01T13:17:19.376+0000] {logging_mixin.py:188} INFO - [2025-12-01T13:17:19.375+0000] {dagbag.py:540} INFO - Filling up the DagBag from /opt/airflow/dags/ingestion_dag.py
[2025-12-01T13:17:21.203+0000] {logging_mixin.py:188} INFO - [2025-12-01T13:17:21.202+0000] {warnings.py:109} WARNING - /opt/airflow/dags/ingestion_dag.py:257: RemovedInAirflow3Warning: Function `days_ago` is deprecated and will be removed in Airflow 3.0. You can achieve equivalent behavior with `pendulum.today('UTC').add(days=-N, ...)`
  start_date=days_ago(1),
[2025-12-01T13:17:21.203+0000] {logging_mixin.py:188} INFO - [2025-12-01T13:17:21.203+0000] {warnings.py:109} WARNING - /opt/airflow/dags/ingestion_dag.py:254: RemovedInAirflow3Warning: Param `schedule_interval` is deprecated and will be removed in a future release. Please use `schedule` instead. 
  with DAG(
[2025-12-01T13:17:21.208+0000] {processor.py:840} INFO - DAG(s) 'ingestion_dag' retrieved from /opt/airflow/dags/ingestion_dag.py
[2025-12-01T13:17:21.242+0000] {logging_mixin.py:188} INFO - [2025-12-01T13:17:21.242+0000] {dag.py:3047} INFO - Sync 1 DAGs
[2025-12-01T13:17:21.270+0000] {logging_mixin.py:188} INFO - [2025-12-01T13:17:21.270+0000] {dag.py:3834} INFO - Setting next_dagrun for ingestion_dag to 2025-12-01 13:17:00+00:00, run_after=2025-12-01 13:18:00+00:00
[2025-12-01T13:17:21.289+0000] {processor.py:183} INFO - Processing /opt/airflow/dags/ingestion_dag.py took 1.932 seconds
[2025-12-01T13:17:51.902+0000] {processor.py:161} INFO - Started process (PID=85120) to work on /opt/airflow/dags/ingestion_dag.py
[2025-12-01T13:17:51.905+0000] {processor.py:830} INFO - Processing file /opt/airflow/dags/ingestion_dag.py for tasks to queue
[2025-12-01T13:17:51.911+0000] {logging_mixin.py:188} INFO - [2025-12-01T13:17:51.909+0000] {dagbag.py:540} INFO - Filling up the DagBag from /opt/airflow/dags/ingestion_dag.py
[2025-12-01T13:17:53.755+0000] {logging_mixin.py:188} INFO - [2025-12-01T13:17:53.754+0000] {warnings.py:109} WARNING - /opt/airflow/dags/ingestion_dag.py:257: RemovedInAirflow3Warning: Function `days_ago` is deprecated and will be removed in Airflow 3.0. You can achieve equivalent behavior with `pendulum.today('UTC').add(days=-N, ...)`
  start_date=days_ago(1),
[2025-12-01T13:17:53.756+0000] {logging_mixin.py:188} INFO - [2025-12-01T13:17:53.756+0000] {warnings.py:109} WARNING - /opt/airflow/dags/ingestion_dag.py:254: RemovedInAirflow3Warning: Param `schedule_interval` is deprecated and will be removed in a future release. Please use `schedule` instead. 
  with DAG(
[2025-12-01T13:17:53.769+0000] {processor.py:840} INFO - DAG(s) 'ingestion_dag' retrieved from /opt/airflow/dags/ingestion_dag.py
[2025-12-01T13:17:53.818+0000] {logging_mixin.py:188} INFO - [2025-12-01T13:17:53.818+0000] {dag.py:3047} INFO - Sync 1 DAGs
[2025-12-01T13:17:53.841+0000] {logging_mixin.py:188} INFO - [2025-12-01T13:17:53.841+0000] {dag.py:3834} INFO - Setting next_dagrun for ingestion_dag to 2025-12-01 13:17:00+00:00, run_after=2025-12-01 13:18:00+00:00
[2025-12-01T13:17:53.853+0000] {processor.py:183} INFO - Processing /opt/airflow/dags/ingestion_dag.py took 1.966 seconds
[2025-12-01T13:18:24.424+0000] {processor.py:161} INFO - Started process (PID=85206) to work on /opt/airflow/dags/ingestion_dag.py
[2025-12-01T13:18:24.429+0000] {processor.py:830} INFO - Processing file /opt/airflow/dags/ingestion_dag.py for tasks to queue
[2025-12-01T13:18:24.433+0000] {logging_mixin.py:188} INFO - [2025-12-01T13:18:24.432+0000] {dagbag.py:540} INFO - Filling up the DagBag from /opt/airflow/dags/ingestion_dag.py
[2025-12-01T13:18:26.501+0000] {logging_mixin.py:188} INFO - [2025-12-01T13:18:26.497+0000] {warnings.py:109} WARNING - /opt/airflow/dags/ingestion_dag.py:257: RemovedInAirflow3Warning: Function `days_ago` is deprecated and will be removed in Airflow 3.0. You can achieve equivalent behavior with `pendulum.today('UTC').add(days=-N, ...)`
  start_date=days_ago(1),
[2025-12-01T13:18:26.502+0000] {logging_mixin.py:188} INFO - [2025-12-01T13:18:26.501+0000] {warnings.py:109} WARNING - /opt/airflow/dags/ingestion_dag.py:254: RemovedInAirflow3Warning: Param `schedule_interval` is deprecated and will be removed in a future release. Please use `schedule` instead. 
  with DAG(
[2025-12-01T13:18:26.510+0000] {processor.py:840} INFO - DAG(s) 'ingestion_dag' retrieved from /opt/airflow/dags/ingestion_dag.py
[2025-12-01T13:18:26.536+0000] {logging_mixin.py:188} INFO - [2025-12-01T13:18:26.536+0000] {dag.py:3047} INFO - Sync 1 DAGs
[2025-12-01T13:18:26.555+0000] {logging_mixin.py:188} INFO - [2025-12-01T13:18:26.555+0000] {dag.py:3834} INFO - Setting next_dagrun for ingestion_dag to 2025-12-01 13:18:00+00:00, run_after=2025-12-01 13:19:00+00:00
[2025-12-01T13:18:26.565+0000] {processor.py:183} INFO - Processing /opt/airflow/dags/ingestion_dag.py took 2.160 seconds
[2025-12-01T13:18:56.954+0000] {processor.py:161} INFO - Started process (PID=85224) to work on /opt/airflow/dags/ingestion_dag.py
[2025-12-01T13:18:56.958+0000] {processor.py:830} INFO - Processing file /opt/airflow/dags/ingestion_dag.py for tasks to queue
[2025-12-01T13:18:56.959+0000] {logging_mixin.py:188} INFO - [2025-12-01T13:18:56.959+0000] {dagbag.py:540} INFO - Filling up the DagBag from /opt/airflow/dags/ingestion_dag.py
[2025-12-01T13:18:58.628+0000] {logging_mixin.py:188} INFO - [2025-12-01T13:18:58.627+0000] {warnings.py:109} WARNING - /opt/airflow/dags/ingestion_dag.py:257: RemovedInAirflow3Warning: Function `days_ago` is deprecated and will be removed in Airflow 3.0. You can achieve equivalent behavior with `pendulum.today('UTC').add(days=-N, ...)`
  start_date=days_ago(1),
[2025-12-01T13:18:58.628+0000] {logging_mixin.py:188} INFO - [2025-12-01T13:18:58.628+0000] {warnings.py:109} WARNING - /opt/airflow/dags/ingestion_dag.py:254: RemovedInAirflow3Warning: Param `schedule_interval` is deprecated and will be removed in a future release. Please use `schedule` instead. 
  with DAG(
[2025-12-01T13:18:58.632+0000] {processor.py:840} INFO - DAG(s) 'ingestion_dag' retrieved from /opt/airflow/dags/ingestion_dag.py
[2025-12-01T13:18:58.654+0000] {logging_mixin.py:188} INFO - [2025-12-01T13:18:58.654+0000] {dag.py:3047} INFO - Sync 1 DAGs
[2025-12-01T13:18:58.670+0000] {logging_mixin.py:188} INFO - [2025-12-01T13:18:58.670+0000] {dag.py:3834} INFO - Setting next_dagrun for ingestion_dag to 2025-12-01 13:18:00+00:00, run_after=2025-12-01 13:19:00+00:00
[2025-12-01T13:18:58.682+0000] {processor.py:183} INFO - Processing /opt/airflow/dags/ingestion_dag.py took 1.744 seconds
[2025-12-01T13:19:28.773+0000] {processor.py:161} INFO - Started process (PID=85304) to work on /opt/airflow/dags/ingestion_dag.py
[2025-12-01T13:19:28.776+0000] {processor.py:830} INFO - Processing file /opt/airflow/dags/ingestion_dag.py for tasks to queue
[2025-12-01T13:19:28.777+0000] {logging_mixin.py:188} INFO - [2025-12-01T13:19:28.776+0000] {dagbag.py:540} INFO - Filling up the DagBag from /opt/airflow/dags/ingestion_dag.py
[2025-12-01T13:19:30.408+0000] {logging_mixin.py:188} INFO - [2025-12-01T13:19:30.408+0000] {warnings.py:109} WARNING - /opt/airflow/dags/ingestion_dag.py:257: RemovedInAirflow3Warning: Function `days_ago` is deprecated and will be removed in Airflow 3.0. You can achieve equivalent behavior with `pendulum.today('UTC').add(days=-N, ...)`
  start_date=days_ago(1),
[2025-12-01T13:19:30.408+0000] {logging_mixin.py:188} INFO - [2025-12-01T13:19:30.408+0000] {warnings.py:109} WARNING - /opt/airflow/dags/ingestion_dag.py:254: RemovedInAirflow3Warning: Param `schedule_interval` is deprecated and will be removed in a future release. Please use `schedule` instead. 
  with DAG(
[2025-12-01T13:19:30.413+0000] {processor.py:840} INFO - DAG(s) 'ingestion_dag' retrieved from /opt/airflow/dags/ingestion_dag.py
[2025-12-01T13:19:30.432+0000] {logging_mixin.py:188} INFO - [2025-12-01T13:19:30.432+0000] {dag.py:3047} INFO - Sync 1 DAGs
[2025-12-01T13:19:30.447+0000] {logging_mixin.py:188} INFO - [2025-12-01T13:19:30.447+0000] {dag.py:3834} INFO - Setting next_dagrun for ingestion_dag to 2025-12-01 13:19:00+00:00, run_after=2025-12-01 13:20:00+00:00
[2025-12-01T13:19:30.456+0000] {processor.py:183} INFO - Processing /opt/airflow/dags/ingestion_dag.py took 1.691 seconds
[2025-12-01T13:20:01.158+0000] {processor.py:161} INFO - Started process (PID=85324) to work on /opt/airflow/dags/ingestion_dag.py
[2025-12-01T13:20:01.162+0000] {processor.py:830} INFO - Processing file /opt/airflow/dags/ingestion_dag.py for tasks to queue
[2025-12-01T13:20:01.164+0000] {logging_mixin.py:188} INFO - [2025-12-01T13:20:01.163+0000] {dagbag.py:540} INFO - Filling up the DagBag from /opt/airflow/dags/ingestion_dag.py
[2025-12-01T13:20:03.800+0000] {logging_mixin.py:188} INFO - [2025-12-01T13:20:03.799+0000] {warnings.py:109} WARNING - /opt/airflow/dags/ingestion_dag.py:257: RemovedInAirflow3Warning: Function `days_ago` is deprecated and will be removed in Airflow 3.0. You can achieve equivalent behavior with `pendulum.today('UTC').add(days=-N, ...)`
  start_date=days_ago(1),
[2025-12-01T13:20:03.801+0000] {logging_mixin.py:188} INFO - [2025-12-01T13:20:03.801+0000] {warnings.py:109} WARNING - /opt/airflow/dags/ingestion_dag.py:254: RemovedInAirflow3Warning: Param `schedule_interval` is deprecated and will be removed in a future release. Please use `schedule` instead. 
  with DAG(
[2025-12-01T13:20:03.808+0000] {processor.py:840} INFO - DAG(s) 'ingestion_dag' retrieved from /opt/airflow/dags/ingestion_dag.py
[2025-12-01T13:20:03.840+0000] {logging_mixin.py:188} INFO - [2025-12-01T13:20:03.840+0000] {dag.py:3047} INFO - Sync 1 DAGs
[2025-12-01T13:20:03.863+0000] {logging_mixin.py:188} INFO - [2025-12-01T13:20:03.863+0000] {dag.py:3834} INFO - Setting next_dagrun for ingestion_dag to 2025-12-01 13:20:00+00:00, run_after=2025-12-01 13:21:00+00:00
[2025-12-01T13:20:03.885+0000] {processor.py:183} INFO - Processing /opt/airflow/dags/ingestion_dag.py took 2.736 seconds
[2025-12-01T13:20:34.619+0000] {processor.py:161} INFO - Started process (PID=85408) to work on /opt/airflow/dags/ingestion_dag.py
[2025-12-01T13:20:34.623+0000] {processor.py:830} INFO - Processing file /opt/airflow/dags/ingestion_dag.py for tasks to queue
[2025-12-01T13:20:34.624+0000] {logging_mixin.py:188} INFO - [2025-12-01T13:20:34.624+0000] {dagbag.py:540} INFO - Filling up the DagBag from /opt/airflow/dags/ingestion_dag.py
[2025-12-01T13:20:36.273+0000] {logging_mixin.py:188} INFO - [2025-12-01T13:20:36.273+0000] {warnings.py:109} WARNING - /opt/airflow/dags/ingestion_dag.py:257: RemovedInAirflow3Warning: Function `days_ago` is deprecated and will be removed in Airflow 3.0. You can achieve equivalent behavior with `pendulum.today('UTC').add(days=-N, ...)`
  start_date=days_ago(1),
[2025-12-01T13:20:36.273+0000] {logging_mixin.py:188} INFO - [2025-12-01T13:20:36.273+0000] {warnings.py:109} WARNING - /opt/airflow/dags/ingestion_dag.py:254: RemovedInAirflow3Warning: Param `schedule_interval` is deprecated and will be removed in a future release. Please use `schedule` instead. 
  with DAG(
[2025-12-01T13:20:36.277+0000] {processor.py:840} INFO - DAG(s) 'ingestion_dag' retrieved from /opt/airflow/dags/ingestion_dag.py
[2025-12-01T13:20:36.309+0000] {logging_mixin.py:188} INFO - [2025-12-01T13:20:36.309+0000] {dag.py:3047} INFO - Sync 1 DAGs
[2025-12-01T13:20:36.327+0000] {logging_mixin.py:188} INFO - [2025-12-01T13:20:36.327+0000] {dag.py:3834} INFO - Setting next_dagrun for ingestion_dag to 2025-12-01 13:20:00+00:00, run_after=2025-12-01 13:21:00+00:00
[2025-12-01T13:20:36.338+0000] {processor.py:183} INFO - Processing /opt/airflow/dags/ingestion_dag.py took 1.734 seconds
[2025-12-01T13:21:07.174+0000] {processor.py:161} INFO - Started process (PID=85447) to work on /opt/airflow/dags/ingestion_dag.py
[2025-12-01T13:21:07.178+0000] {processor.py:830} INFO - Processing file /opt/airflow/dags/ingestion_dag.py for tasks to queue
[2025-12-01T13:21:07.179+0000] {logging_mixin.py:188} INFO - [2025-12-01T13:21:07.178+0000] {dagbag.py:540} INFO - Filling up the DagBag from /opt/airflow/dags/ingestion_dag.py
[2025-12-01T13:21:08.858+0000] {logging_mixin.py:188} INFO - [2025-12-01T13:21:08.858+0000] {warnings.py:109} WARNING - /opt/airflow/dags/ingestion_dag.py:257: RemovedInAirflow3Warning: Function `days_ago` is deprecated and will be removed in Airflow 3.0. You can achieve equivalent behavior with `pendulum.today('UTC').add(days=-N, ...)`
  start_date=days_ago(1),
[2025-12-01T13:21:08.859+0000] {logging_mixin.py:188} INFO - [2025-12-01T13:21:08.858+0000] {warnings.py:109} WARNING - /opt/airflow/dags/ingestion_dag.py:254: RemovedInAirflow3Warning: Param `schedule_interval` is deprecated and will be removed in a future release. Please use `schedule` instead. 
  with DAG(
[2025-12-01T13:21:08.866+0000] {processor.py:840} INFO - DAG(s) 'ingestion_dag' retrieved from /opt/airflow/dags/ingestion_dag.py
[2025-12-01T13:21:08.900+0000] {logging_mixin.py:188} INFO - [2025-12-01T13:21:08.900+0000] {dag.py:3047} INFO - Sync 1 DAGs
[2025-12-01T13:21:08.933+0000] {logging_mixin.py:188} INFO - [2025-12-01T13:21:08.932+0000] {dag.py:3834} INFO - Setting next_dagrun for ingestion_dag to 2025-12-01 13:21:00+00:00, run_after=2025-12-01 13:22:00+00:00
[2025-12-01T13:21:08.949+0000] {processor.py:183} INFO - Processing /opt/airflow/dags/ingestion_dag.py took 1.782 seconds
[2025-12-01T13:21:39.163+0000] {processor.py:161} INFO - Started process (PID=85506) to work on /opt/airflow/dags/ingestion_dag.py
[2025-12-01T13:21:39.165+0000] {processor.py:830} INFO - Processing file /opt/airflow/dags/ingestion_dag.py for tasks to queue
[2025-12-01T13:21:39.167+0000] {logging_mixin.py:188} INFO - [2025-12-01T13:21:39.166+0000] {dagbag.py:540} INFO - Filling up the DagBag from /opt/airflow/dags/ingestion_dag.py
[2025-12-01T13:21:40.924+0000] {logging_mixin.py:188} INFO - [2025-12-01T13:21:40.924+0000] {warnings.py:109} WARNING - /opt/airflow/dags/ingestion_dag.py:257: RemovedInAirflow3Warning: Function `days_ago` is deprecated and will be removed in Airflow 3.0. You can achieve equivalent behavior with `pendulum.today('UTC').add(days=-N, ...)`
  start_date=days_ago(1),
[2025-12-01T13:21:40.925+0000] {logging_mixin.py:188} INFO - [2025-12-01T13:21:40.925+0000] {warnings.py:109} WARNING - /opt/airflow/dags/ingestion_dag.py:254: RemovedInAirflow3Warning: Param `schedule_interval` is deprecated and will be removed in a future release. Please use `schedule` instead. 
  with DAG(
[2025-12-01T13:21:40.929+0000] {processor.py:840} INFO - DAG(s) 'ingestion_dag' retrieved from /opt/airflow/dags/ingestion_dag.py
[2025-12-01T13:21:40.955+0000] {logging_mixin.py:188} INFO - [2025-12-01T13:21:40.955+0000] {dag.py:3047} INFO - Sync 1 DAGs
[2025-12-01T13:21:40.973+0000] {logging_mixin.py:188} INFO - [2025-12-01T13:21:40.972+0000] {dag.py:3834} INFO - Setting next_dagrun for ingestion_dag to 2025-12-01 13:21:00+00:00, run_after=2025-12-01 13:22:00+00:00
[2025-12-01T13:21:40.984+0000] {processor.py:183} INFO - Processing /opt/airflow/dags/ingestion_dag.py took 1.836 seconds
[2025-12-01T13:22:11.564+0000] {processor.py:161} INFO - Started process (PID=85589) to work on /opt/airflow/dags/ingestion_dag.py
[2025-12-01T13:22:11.565+0000] {processor.py:830} INFO - Processing file /opt/airflow/dags/ingestion_dag.py for tasks to queue
[2025-12-01T13:22:11.566+0000] {logging_mixin.py:188} INFO - [2025-12-01T13:22:11.565+0000] {dagbag.py:540} INFO - Filling up the DagBag from /opt/airflow/dags/ingestion_dag.py
[2025-12-01T13:22:13.747+0000] {logging_mixin.py:188} INFO - [2025-12-01T13:22:13.747+0000] {warnings.py:109} WARNING - /opt/airflow/dags/ingestion_dag.py:257: RemovedInAirflow3Warning: Function `days_ago` is deprecated and will be removed in Airflow 3.0. You can achieve equivalent behavior with `pendulum.today('UTC').add(days=-N, ...)`
  start_date=days_ago(1),
[2025-12-01T13:22:13.748+0000] {logging_mixin.py:188} INFO - [2025-12-01T13:22:13.747+0000] {warnings.py:109} WARNING - /opt/airflow/dags/ingestion_dag.py:254: RemovedInAirflow3Warning: Param `schedule_interval` is deprecated and will be removed in a future release. Please use `schedule` instead. 
  with DAG(
[2025-12-01T13:22:13.752+0000] {processor.py:840} INFO - DAG(s) 'ingestion_dag' retrieved from /opt/airflow/dags/ingestion_dag.py
[2025-12-01T13:22:13.774+0000] {logging_mixin.py:188} INFO - [2025-12-01T13:22:13.774+0000] {dag.py:3047} INFO - Sync 1 DAGs
[2025-12-01T13:22:13.799+0000] {logging_mixin.py:188} INFO - [2025-12-01T13:22:13.799+0000] {dag.py:3834} INFO - Setting next_dagrun for ingestion_dag to 2025-12-01 13:22:00+00:00, run_after=2025-12-01 13:23:00+00:00
[2025-12-01T13:22:13.813+0000] {processor.py:183} INFO - Processing /opt/airflow/dags/ingestion_dag.py took 2.263 seconds
[2025-12-01T13:22:43.993+0000] {processor.py:161} INFO - Started process (PID=85610) to work on /opt/airflow/dags/ingestion_dag.py
[2025-12-01T13:22:43.997+0000] {processor.py:830} INFO - Processing file /opt/airflow/dags/ingestion_dag.py for tasks to queue
[2025-12-01T13:22:43.999+0000] {logging_mixin.py:188} INFO - [2025-12-01T13:22:43.998+0000] {dagbag.py:540} INFO - Filling up the DagBag from /opt/airflow/dags/ingestion_dag.py
[2025-12-01T13:22:45.696+0000] {logging_mixin.py:188} INFO - [2025-12-01T13:22:45.695+0000] {warnings.py:109} WARNING - /opt/airflow/dags/ingestion_dag.py:257: RemovedInAirflow3Warning: Function `days_ago` is deprecated and will be removed in Airflow 3.0. You can achieve equivalent behavior with `pendulum.today('UTC').add(days=-N, ...)`
  start_date=days_ago(1),
[2025-12-01T13:22:45.696+0000] {logging_mixin.py:188} INFO - [2025-12-01T13:22:45.696+0000] {warnings.py:109} WARNING - /opt/airflow/dags/ingestion_dag.py:254: RemovedInAirflow3Warning: Param `schedule_interval` is deprecated and will be removed in a future release. Please use `schedule` instead. 
  with DAG(
[2025-12-01T13:22:45.700+0000] {processor.py:840} INFO - DAG(s) 'ingestion_dag' retrieved from /opt/airflow/dags/ingestion_dag.py
[2025-12-01T13:22:45.728+0000] {logging_mixin.py:188} INFO - [2025-12-01T13:22:45.728+0000] {dag.py:3047} INFO - Sync 1 DAGs
[2025-12-01T13:22:45.747+0000] {logging_mixin.py:188} INFO - [2025-12-01T13:22:45.747+0000] {dag.py:3834} INFO - Setting next_dagrun for ingestion_dag to 2025-12-01 13:22:00+00:00, run_after=2025-12-01 13:23:00+00:00
[2025-12-01T13:22:45.759+0000] {processor.py:183} INFO - Processing /opt/airflow/dags/ingestion_dag.py took 1.775 seconds
[2025-12-01T13:23:16.341+0000] {processor.py:161} INFO - Started process (PID=85690) to work on /opt/airflow/dags/ingestion_dag.py
[2025-12-01T13:23:16.344+0000] {processor.py:830} INFO - Processing file /opt/airflow/dags/ingestion_dag.py for tasks to queue
[2025-12-01T13:23:16.346+0000] {logging_mixin.py:188} INFO - [2025-12-01T13:23:16.345+0000] {dagbag.py:540} INFO - Filling up the DagBag from /opt/airflow/dags/ingestion_dag.py
[2025-12-01T13:23:18.034+0000] {logging_mixin.py:188} INFO - [2025-12-01T13:23:18.034+0000] {warnings.py:109} WARNING - /opt/airflow/dags/ingestion_dag.py:257: RemovedInAirflow3Warning: Function `days_ago` is deprecated and will be removed in Airflow 3.0. You can achieve equivalent behavior with `pendulum.today('UTC').add(days=-N, ...)`
  start_date=days_ago(1),
[2025-12-01T13:23:18.034+0000] {logging_mixin.py:188} INFO - [2025-12-01T13:23:18.034+0000] {warnings.py:109} WARNING - /opt/airflow/dags/ingestion_dag.py:254: RemovedInAirflow3Warning: Param `schedule_interval` is deprecated and will be removed in a future release. Please use `schedule` instead. 
  with DAG(
[2025-12-01T13:23:18.038+0000] {processor.py:840} INFO - DAG(s) 'ingestion_dag' retrieved from /opt/airflow/dags/ingestion_dag.py
[2025-12-01T13:23:18.057+0000] {logging_mixin.py:188} INFO - [2025-12-01T13:23:18.057+0000] {dag.py:3047} INFO - Sync 1 DAGs
[2025-12-01T13:23:18.074+0000] {logging_mixin.py:188} INFO - [2025-12-01T13:23:18.074+0000] {dag.py:3834} INFO - Setting next_dagrun for ingestion_dag to 2025-12-01 13:23:00+00:00, run_after=2025-12-01 13:24:00+00:00
[2025-12-01T13:23:18.084+0000] {processor.py:183} INFO - Processing /opt/airflow/dags/ingestion_dag.py took 1.756 seconds
[2025-12-01T13:23:48.314+0000] {processor.py:161} INFO - Started process (PID=85708) to work on /opt/airflow/dags/ingestion_dag.py
[2025-12-01T13:23:48.318+0000] {processor.py:830} INFO - Processing file /opt/airflow/dags/ingestion_dag.py for tasks to queue
[2025-12-01T13:23:48.324+0000] {logging_mixin.py:188} INFO - [2025-12-01T13:23:48.320+0000] {dagbag.py:540} INFO - Filling up the DagBag from /opt/airflow/dags/ingestion_dag.py
[2025-12-01T13:23:51.170+0000] {logging_mixin.py:188} INFO - [2025-12-01T13:23:51.169+0000] {warnings.py:109} WARNING - /opt/airflow/dags/ingestion_dag.py:257: RemovedInAirflow3Warning: Function `days_ago` is deprecated and will be removed in Airflow 3.0. You can achieve equivalent behavior with `pendulum.today('UTC').add(days=-N, ...)`
  start_date=days_ago(1),
[2025-12-01T13:23:51.171+0000] {logging_mixin.py:188} INFO - [2025-12-01T13:23:51.171+0000] {warnings.py:109} WARNING - /opt/airflow/dags/ingestion_dag.py:254: RemovedInAirflow3Warning: Param `schedule_interval` is deprecated and will be removed in a future release. Please use `schedule` instead. 
  with DAG(
[2025-12-01T13:23:51.176+0000] {processor.py:840} INFO - DAG(s) 'ingestion_dag' retrieved from /opt/airflow/dags/ingestion_dag.py
[2025-12-01T13:23:51.227+0000] {logging_mixin.py:188} INFO - [2025-12-01T13:23:51.227+0000] {dag.py:3047} INFO - Sync 1 DAGs
[2025-12-01T13:23:51.253+0000] {logging_mixin.py:188} INFO - [2025-12-01T13:23:51.253+0000] {dag.py:3834} INFO - Setting next_dagrun for ingestion_dag to 2025-12-01 13:23:00+00:00, run_after=2025-12-01 13:24:00+00:00
[2025-12-01T13:23:51.267+0000] {processor.py:183} INFO - Processing /opt/airflow/dags/ingestion_dag.py took 2.969 seconds
[2025-12-01T13:24:21.385+0000] {processor.py:161} INFO - Started process (PID=85794) to work on /opt/airflow/dags/ingestion_dag.py
[2025-12-01T13:24:21.388+0000] {processor.py:830} INFO - Processing file /opt/airflow/dags/ingestion_dag.py for tasks to queue
[2025-12-01T13:24:21.389+0000] {logging_mixin.py:188} INFO - [2025-12-01T13:24:21.389+0000] {dagbag.py:540} INFO - Filling up the DagBag from /opt/airflow/dags/ingestion_dag.py
[2025-12-01T13:24:23.225+0000] {logging_mixin.py:188} INFO - [2025-12-01T13:24:23.224+0000] {warnings.py:109} WARNING - /opt/airflow/dags/ingestion_dag.py:257: RemovedInAirflow3Warning: Function `days_ago` is deprecated and will be removed in Airflow 3.0. You can achieve equivalent behavior with `pendulum.today('UTC').add(days=-N, ...)`
  start_date=days_ago(1),
[2025-12-01T13:24:23.225+0000] {logging_mixin.py:188} INFO - [2025-12-01T13:24:23.225+0000] {warnings.py:109} WARNING - /opt/airflow/dags/ingestion_dag.py:254: RemovedInAirflow3Warning: Param `schedule_interval` is deprecated and will be removed in a future release. Please use `schedule` instead. 
  with DAG(
[2025-12-01T13:24:23.230+0000] {processor.py:840} INFO - DAG(s) 'ingestion_dag' retrieved from /opt/airflow/dags/ingestion_dag.py
[2025-12-01T13:24:23.256+0000] {logging_mixin.py:188} INFO - [2025-12-01T13:24:23.255+0000] {dag.py:3047} INFO - Sync 1 DAGs
[2025-12-01T13:24:23.273+0000] {logging_mixin.py:188} INFO - [2025-12-01T13:24:23.273+0000] {dag.py:3834} INFO - Setting next_dagrun for ingestion_dag to 2025-12-01 13:24:00+00:00, run_after=2025-12-01 13:25:00+00:00
[2025-12-01T13:24:23.284+0000] {processor.py:183} INFO - Processing /opt/airflow/dags/ingestion_dag.py took 1.909 seconds
[2025-12-01T13:24:53.691+0000] {processor.py:161} INFO - Started process (PID=85812) to work on /opt/airflow/dags/ingestion_dag.py
[2025-12-01T13:24:53.696+0000] {processor.py:830} INFO - Processing file /opt/airflow/dags/ingestion_dag.py for tasks to queue
[2025-12-01T13:24:53.697+0000] {logging_mixin.py:188} INFO - [2025-12-01T13:24:53.697+0000] {dagbag.py:540} INFO - Filling up the DagBag from /opt/airflow/dags/ingestion_dag.py
[2025-12-01T13:24:55.433+0000] {logging_mixin.py:188} INFO - [2025-12-01T13:24:55.433+0000] {warnings.py:109} WARNING - /opt/airflow/dags/ingestion_dag.py:257: RemovedInAirflow3Warning: Function `days_ago` is deprecated and will be removed in Airflow 3.0. You can achieve equivalent behavior with `pendulum.today('UTC').add(days=-N, ...)`
  start_date=days_ago(1),
[2025-12-01T13:24:55.434+0000] {logging_mixin.py:188} INFO - [2025-12-01T13:24:55.434+0000] {warnings.py:109} WARNING - /opt/airflow/dags/ingestion_dag.py:254: RemovedInAirflow3Warning: Param `schedule_interval` is deprecated and will be removed in a future release. Please use `schedule` instead. 
  with DAG(
[2025-12-01T13:24:55.439+0000] {processor.py:840} INFO - DAG(s) 'ingestion_dag' retrieved from /opt/airflow/dags/ingestion_dag.py
[2025-12-01T13:24:55.462+0000] {logging_mixin.py:188} INFO - [2025-12-01T13:24:55.462+0000] {dag.py:3047} INFO - Sync 1 DAGs
[2025-12-01T13:24:55.478+0000] {logging_mixin.py:188} INFO - [2025-12-01T13:24:55.478+0000] {dag.py:3834} INFO - Setting next_dagrun for ingestion_dag to 2025-12-01 13:24:00+00:00, run_after=2025-12-01 13:25:00+00:00
[2025-12-01T13:24:55.487+0000] {processor.py:183} INFO - Processing /opt/airflow/dags/ingestion_dag.py took 1.811 seconds
[2025-12-01T13:25:25.662+0000] {processor.py:161} INFO - Started process (PID=85897) to work on /opt/airflow/dags/ingestion_dag.py
[2025-12-01T13:25:25.664+0000] {processor.py:830} INFO - Processing file /opt/airflow/dags/ingestion_dag.py for tasks to queue
[2025-12-01T13:25:25.665+0000] {logging_mixin.py:188} INFO - [2025-12-01T13:25:25.664+0000] {dagbag.py:540} INFO - Filling up the DagBag from /opt/airflow/dags/ingestion_dag.py
[2025-12-01T13:25:27.082+0000] {logging_mixin.py:188} INFO - [2025-12-01T13:25:27.082+0000] {warnings.py:109} WARNING - /opt/airflow/dags/ingestion_dag.py:257: RemovedInAirflow3Warning: Function `days_ago` is deprecated and will be removed in Airflow 3.0. You can achieve equivalent behavior with `pendulum.today('UTC').add(days=-N, ...)`
  start_date=days_ago(1),
[2025-12-01T13:25:27.082+0000] {logging_mixin.py:188} INFO - [2025-12-01T13:25:27.082+0000] {warnings.py:109} WARNING - /opt/airflow/dags/ingestion_dag.py:254: RemovedInAirflow3Warning: Param `schedule_interval` is deprecated and will be removed in a future release. Please use `schedule` instead. 
  with DAG(
[2025-12-01T13:25:27.086+0000] {processor.py:840} INFO - DAG(s) 'ingestion_dag' retrieved from /opt/airflow/dags/ingestion_dag.py
[2025-12-01T13:25:27.108+0000] {logging_mixin.py:188} INFO - [2025-12-01T13:25:27.108+0000] {dag.py:3047} INFO - Sync 1 DAGs
[2025-12-01T13:25:27.123+0000] {logging_mixin.py:188} INFO - [2025-12-01T13:25:27.123+0000] {dag.py:3834} INFO - Setting next_dagrun for ingestion_dag to 2025-12-01 13:25:00+00:00, run_after=2025-12-01 13:26:00+00:00
[2025-12-01T13:25:27.133+0000] {processor.py:183} INFO - Processing /opt/airflow/dags/ingestion_dag.py took 1.474 seconds
[2025-12-01T13:25:57.384+0000] {processor.py:161} INFO - Started process (PID=85915) to work on /opt/airflow/dags/ingestion_dag.py
[2025-12-01T13:25:57.385+0000] {processor.py:830} INFO - Processing file /opt/airflow/dags/ingestion_dag.py for tasks to queue
[2025-12-01T13:25:57.385+0000] {logging_mixin.py:188} INFO - [2025-12-01T13:25:57.385+0000] {dagbag.py:540} INFO - Filling up the DagBag from /opt/airflow/dags/ingestion_dag.py
[2025-12-01T13:25:58.851+0000] {logging_mixin.py:188} INFO - [2025-12-01T13:25:58.851+0000] {warnings.py:109} WARNING - /opt/airflow/dags/ingestion_dag.py:257: RemovedInAirflow3Warning: Function `days_ago` is deprecated and will be removed in Airflow 3.0. You can achieve equivalent behavior with `pendulum.today('UTC').add(days=-N, ...)`
  start_date=days_ago(1),
[2025-12-01T13:25:58.851+0000] {logging_mixin.py:188} INFO - [2025-12-01T13:25:58.851+0000] {warnings.py:109} WARNING - /opt/airflow/dags/ingestion_dag.py:254: RemovedInAirflow3Warning: Param `schedule_interval` is deprecated and will be removed in a future release. Please use `schedule` instead. 
  with DAG(
[2025-12-01T13:25:58.856+0000] {processor.py:840} INFO - DAG(s) 'ingestion_dag' retrieved from /opt/airflow/dags/ingestion_dag.py
[2025-12-01T13:25:58.876+0000] {logging_mixin.py:188} INFO - [2025-12-01T13:25:58.876+0000] {dag.py:3047} INFO - Sync 1 DAGs
[2025-12-01T13:25:58.893+0000] {logging_mixin.py:188} INFO - [2025-12-01T13:25:58.893+0000] {dag.py:3834} INFO - Setting next_dagrun for ingestion_dag to 2025-12-01 13:25:00+00:00, run_after=2025-12-01 13:26:00+00:00
[2025-12-01T13:25:58.903+0000] {processor.py:183} INFO - Processing /opt/airflow/dags/ingestion_dag.py took 1.522 seconds
[2025-12-01T13:26:29.687+0000] {processor.py:161} INFO - Started process (PID=86001) to work on /opt/airflow/dags/ingestion_dag.py
[2025-12-01T13:26:29.696+0000] {processor.py:830} INFO - Processing file /opt/airflow/dags/ingestion_dag.py for tasks to queue
[2025-12-01T13:26:29.696+0000] {logging_mixin.py:188} INFO - [2025-12-01T13:26:29.696+0000] {dagbag.py:540} INFO - Filling up the DagBag from /opt/airflow/dags/ingestion_dag.py
[2025-12-01T13:26:31.203+0000] {logging_mixin.py:188} INFO - [2025-12-01T13:26:31.203+0000] {warnings.py:109} WARNING - /opt/airflow/dags/ingestion_dag.py:257: RemovedInAirflow3Warning: Function `days_ago` is deprecated and will be removed in Airflow 3.0. You can achieve equivalent behavior with `pendulum.today('UTC').add(days=-N, ...)`
  start_date=days_ago(1),
[2025-12-01T13:26:31.204+0000] {logging_mixin.py:188} INFO - [2025-12-01T13:26:31.203+0000] {warnings.py:109} WARNING - /opt/airflow/dags/ingestion_dag.py:254: RemovedInAirflow3Warning: Param `schedule_interval` is deprecated and will be removed in a future release. Please use `schedule` instead. 
  with DAG(
[2025-12-01T13:26:31.208+0000] {processor.py:840} INFO - DAG(s) 'ingestion_dag' retrieved from /opt/airflow/dags/ingestion_dag.py
[2025-12-01T13:26:31.225+0000] {logging_mixin.py:188} INFO - [2025-12-01T13:26:31.225+0000] {dag.py:3047} INFO - Sync 1 DAGs
[2025-12-01T13:26:31.240+0000] {logging_mixin.py:188} INFO - [2025-12-01T13:26:31.240+0000] {dag.py:3834} INFO - Setting next_dagrun for ingestion_dag to 2025-12-01 13:26:00+00:00, run_after=2025-12-01 13:27:00+00:00
[2025-12-01T13:26:31.250+0000] {processor.py:183} INFO - Processing /opt/airflow/dags/ingestion_dag.py took 1.571 seconds
[2025-12-01T13:27:01.387+0000] {processor.py:161} INFO - Started process (PID=86021) to work on /opt/airflow/dags/ingestion_dag.py
[2025-12-01T13:27:01.389+0000] {processor.py:830} INFO - Processing file /opt/airflow/dags/ingestion_dag.py for tasks to queue
[2025-12-01T13:27:01.390+0000] {logging_mixin.py:188} INFO - [2025-12-01T13:27:01.390+0000] {dagbag.py:540} INFO - Filling up the DagBag from /opt/airflow/dags/ingestion_dag.py
[2025-12-01T13:27:03.795+0000] {logging_mixin.py:188} INFO - [2025-12-01T13:27:03.795+0000] {warnings.py:109} WARNING - /opt/airflow/dags/ingestion_dag.py:257: RemovedInAirflow3Warning: Function `days_ago` is deprecated and will be removed in Airflow 3.0. You can achieve equivalent behavior with `pendulum.today('UTC').add(days=-N, ...)`
  start_date=days_ago(1),
[2025-12-01T13:27:03.796+0000] {logging_mixin.py:188} INFO - [2025-12-01T13:27:03.796+0000] {warnings.py:109} WARNING - /opt/airflow/dags/ingestion_dag.py:254: RemovedInAirflow3Warning: Param `schedule_interval` is deprecated and will be removed in a future release. Please use `schedule` instead. 
  with DAG(
[2025-12-01T13:27:03.799+0000] {processor.py:840} INFO - DAG(s) 'ingestion_dag' retrieved from /opt/airflow/dags/ingestion_dag.py
[2025-12-01T13:27:03.814+0000] {logging_mixin.py:188} INFO - [2025-12-01T13:27:03.814+0000] {dag.py:3047} INFO - Sync 1 DAGs
[2025-12-01T13:27:03.828+0000] {logging_mixin.py:188} INFO - [2025-12-01T13:27:03.828+0000] {dag.py:3834} INFO - Setting next_dagrun for ingestion_dag to 2025-12-01 13:27:00+00:00, run_after=2025-12-01 13:28:00+00:00
[2025-12-01T13:27:03.837+0000] {processor.py:183} INFO - Processing /opt/airflow/dags/ingestion_dag.py took 2.455 seconds
[2025-12-01T13:27:34.035+0000] {processor.py:161} INFO - Started process (PID=86099) to work on /opt/airflow/dags/ingestion_dag.py
[2025-12-01T13:27:34.039+0000] {processor.py:830} INFO - Processing file /opt/airflow/dags/ingestion_dag.py for tasks to queue
[2025-12-01T13:27:34.040+0000] {logging_mixin.py:188} INFO - [2025-12-01T13:27:34.040+0000] {dagbag.py:540} INFO - Filling up the DagBag from /opt/airflow/dags/ingestion_dag.py
[2025-12-01T13:27:35.699+0000] {logging_mixin.py:188} INFO - [2025-12-01T13:27:35.698+0000] {warnings.py:109} WARNING - /opt/airflow/dags/ingestion_dag.py:257: RemovedInAirflow3Warning: Function `days_ago` is deprecated and will be removed in Airflow 3.0. You can achieve equivalent behavior with `pendulum.today('UTC').add(days=-N, ...)`
  start_date=days_ago(1),
[2025-12-01T13:27:35.699+0000] {logging_mixin.py:188} INFO - [2025-12-01T13:27:35.699+0000] {warnings.py:109} WARNING - /opt/airflow/dags/ingestion_dag.py:254: RemovedInAirflow3Warning: Param `schedule_interval` is deprecated and will be removed in a future release. Please use `schedule` instead. 
  with DAG(
[2025-12-01T13:27:35.703+0000] {processor.py:840} INFO - DAG(s) 'ingestion_dag' retrieved from /opt/airflow/dags/ingestion_dag.py
[2025-12-01T13:27:35.738+0000] {logging_mixin.py:188} INFO - [2025-12-01T13:27:35.738+0000] {dag.py:3047} INFO - Sync 1 DAGs
[2025-12-01T13:27:35.757+0000] {logging_mixin.py:188} INFO - [2025-12-01T13:27:35.757+0000] {dag.py:3834} INFO - Setting next_dagrun for ingestion_dag to 2025-12-01 13:27:00+00:00, run_after=2025-12-01 13:28:00+00:00
[2025-12-01T13:27:35.770+0000] {processor.py:183} INFO - Processing /opt/airflow/dags/ingestion_dag.py took 1.743 seconds
[2025-12-01T13:28:06.316+0000] {processor.py:161} INFO - Started process (PID=86145) to work on /opt/airflow/dags/ingestion_dag.py
[2025-12-01T13:28:06.319+0000] {processor.py:830} INFO - Processing file /opt/airflow/dags/ingestion_dag.py for tasks to queue
[2025-12-01T13:28:06.323+0000] {logging_mixin.py:188} INFO - [2025-12-01T13:28:06.322+0000] {dagbag.py:540} INFO - Filling up the DagBag from /opt/airflow/dags/ingestion_dag.py
[2025-12-01T13:28:08.726+0000] {logging_mixin.py:188} INFO - [2025-12-01T13:28:08.726+0000] {warnings.py:109} WARNING - /opt/airflow/dags/ingestion_dag.py:257: RemovedInAirflow3Warning: Function `days_ago` is deprecated and will be removed in Airflow 3.0. You can achieve equivalent behavior with `pendulum.today('UTC').add(days=-N, ...)`
  start_date=days_ago(1),
[2025-12-01T13:28:08.727+0000] {logging_mixin.py:188} INFO - [2025-12-01T13:28:08.726+0000] {warnings.py:109} WARNING - /opt/airflow/dags/ingestion_dag.py:254: RemovedInAirflow3Warning: Param `schedule_interval` is deprecated and will be removed in a future release. Please use `schedule` instead. 
  with DAG(
[2025-12-01T13:28:08.731+0000] {processor.py:840} INFO - DAG(s) 'ingestion_dag' retrieved from /opt/airflow/dags/ingestion_dag.py
[2025-12-01T13:28:08.749+0000] {logging_mixin.py:188} INFO - [2025-12-01T13:28:08.748+0000] {dag.py:3047} INFO - Sync 1 DAGs
[2025-12-01T13:28:08.768+0000] {logging_mixin.py:188} INFO - [2025-12-01T13:28:08.768+0000] {dag.py:3834} INFO - Setting next_dagrun for ingestion_dag to 2025-12-01 13:28:00+00:00, run_after=2025-12-01 13:29:00+00:00
[2025-12-01T13:28:08.779+0000] {processor.py:183} INFO - Processing /opt/airflow/dags/ingestion_dag.py took 2.466 seconds
[2025-12-01T13:28:38.988+0000] {processor.py:161} INFO - Started process (PID=86203) to work on /opt/airflow/dags/ingestion_dag.py
[2025-12-01T13:28:38.990+0000] {processor.py:830} INFO - Processing file /opt/airflow/dags/ingestion_dag.py for tasks to queue
[2025-12-01T13:28:38.992+0000] {logging_mixin.py:188} INFO - [2025-12-01T13:28:38.991+0000] {dagbag.py:540} INFO - Filling up the DagBag from /opt/airflow/dags/ingestion_dag.py
[2025-12-01T13:28:40.632+0000] {logging_mixin.py:188} INFO - [2025-12-01T13:28:40.631+0000] {warnings.py:109} WARNING - /opt/airflow/dags/ingestion_dag.py:257: RemovedInAirflow3Warning: Function `days_ago` is deprecated and will be removed in Airflow 3.0. You can achieve equivalent behavior with `pendulum.today('UTC').add(days=-N, ...)`
  start_date=days_ago(1),
[2025-12-01T13:28:40.632+0000] {logging_mixin.py:188} INFO - [2025-12-01T13:28:40.632+0000] {warnings.py:109} WARNING - /opt/airflow/dags/ingestion_dag.py:254: RemovedInAirflow3Warning: Param `schedule_interval` is deprecated and will be removed in a future release. Please use `schedule` instead. 
  with DAG(
[2025-12-01T13:28:40.636+0000] {processor.py:840} INFO - DAG(s) 'ingestion_dag' retrieved from /opt/airflow/dags/ingestion_dag.py
[2025-12-01T13:28:40.661+0000] {logging_mixin.py:188} INFO - [2025-12-01T13:28:40.661+0000] {dag.py:3047} INFO - Sync 1 DAGs
[2025-12-01T13:28:40.683+0000] {logging_mixin.py:188} INFO - [2025-12-01T13:28:40.683+0000] {dag.py:3834} INFO - Setting next_dagrun for ingestion_dag to 2025-12-01 13:28:00+00:00, run_after=2025-12-01 13:29:00+00:00
[2025-12-01T13:28:40.694+0000] {processor.py:183} INFO - Processing /opt/airflow/dags/ingestion_dag.py took 1.723 seconds
[2025-12-01T13:29:11.522+0000] {processor.py:161} INFO - Started process (PID=86280) to work on /opt/airflow/dags/ingestion_dag.py
[2025-12-01T13:29:11.523+0000] {processor.py:830} INFO - Processing file /opt/airflow/dags/ingestion_dag.py for tasks to queue
[2025-12-01T13:29:11.524+0000] {logging_mixin.py:188} INFO - [2025-12-01T13:29:11.524+0000] {dagbag.py:540} INFO - Filling up the DagBag from /opt/airflow/dags/ingestion_dag.py
[2025-12-01T13:29:13.860+0000] {logging_mixin.py:188} INFO - [2025-12-01T13:29:13.860+0000] {warnings.py:109} WARNING - /opt/airflow/dags/ingestion_dag.py:257: RemovedInAirflow3Warning: Function `days_ago` is deprecated and will be removed in Airflow 3.0. You can achieve equivalent behavior with `pendulum.today('UTC').add(days=-N, ...)`
  start_date=days_ago(1),
[2025-12-01T13:29:13.861+0000] {logging_mixin.py:188} INFO - [2025-12-01T13:29:13.861+0000] {warnings.py:109} WARNING - /opt/airflow/dags/ingestion_dag.py:254: RemovedInAirflow3Warning: Param `schedule_interval` is deprecated and will be removed in a future release. Please use `schedule` instead. 
  with DAG(
[2025-12-01T13:29:13.875+0000] {processor.py:840} INFO - DAG(s) 'ingestion_dag' retrieved from /opt/airflow/dags/ingestion_dag.py
[2025-12-01T13:29:13.909+0000] {logging_mixin.py:188} INFO - [2025-12-01T13:29:13.909+0000] {dag.py:3047} INFO - Sync 1 DAGs
[2025-12-01T13:29:13.931+0000] {logging_mixin.py:188} INFO - [2025-12-01T13:29:13.931+0000] {dag.py:3834} INFO - Setting next_dagrun for ingestion_dag to 2025-12-01 13:29:00+00:00, run_after=2025-12-01 13:30:00+00:00
[2025-12-01T13:29:13.945+0000] {processor.py:183} INFO - Processing /opt/airflow/dags/ingestion_dag.py took 2.427 seconds
[2025-12-01T13:29:44.130+0000] {processor.py:161} INFO - Started process (PID=86301) to work on /opt/airflow/dags/ingestion_dag.py
[2025-12-01T13:29:44.134+0000] {processor.py:830} INFO - Processing file /opt/airflow/dags/ingestion_dag.py for tasks to queue
[2025-12-01T13:29:44.135+0000] {logging_mixin.py:188} INFO - [2025-12-01T13:29:44.135+0000] {dagbag.py:540} INFO - Filling up the DagBag from /opt/airflow/dags/ingestion_dag.py
[2025-12-01T13:29:45.716+0000] {logging_mixin.py:188} INFO - [2025-12-01T13:29:45.716+0000] {warnings.py:109} WARNING - /opt/airflow/dags/ingestion_dag.py:257: RemovedInAirflow3Warning: Function `days_ago` is deprecated and will be removed in Airflow 3.0. You can achieve equivalent behavior with `pendulum.today('UTC').add(days=-N, ...)`
  start_date=days_ago(1),
[2025-12-01T13:29:45.716+0000] {logging_mixin.py:188} INFO - [2025-12-01T13:29:45.716+0000] {warnings.py:109} WARNING - /opt/airflow/dags/ingestion_dag.py:254: RemovedInAirflow3Warning: Param `schedule_interval` is deprecated and will be removed in a future release. Please use `schedule` instead. 
  with DAG(
[2025-12-01T13:29:45.720+0000] {processor.py:840} INFO - DAG(s) 'ingestion_dag' retrieved from /opt/airflow/dags/ingestion_dag.py
[2025-12-01T13:29:45.739+0000] {logging_mixin.py:188} INFO - [2025-12-01T13:29:45.739+0000] {dag.py:3047} INFO - Sync 1 DAGs
[2025-12-01T13:29:45.756+0000] {logging_mixin.py:188} INFO - [2025-12-01T13:29:45.756+0000] {dag.py:3834} INFO - Setting next_dagrun for ingestion_dag to 2025-12-01 13:29:00+00:00, run_after=2025-12-01 13:30:00+00:00
[2025-12-01T13:29:45.765+0000] {processor.py:183} INFO - Processing /opt/airflow/dags/ingestion_dag.py took 1.649 seconds
[2025-12-01T13:30:16.358+0000] {processor.py:161} INFO - Started process (PID=86387) to work on /opt/airflow/dags/ingestion_dag.py
[2025-12-01T13:30:16.361+0000] {processor.py:830} INFO - Processing file /opt/airflow/dags/ingestion_dag.py for tasks to queue
[2025-12-01T13:30:16.363+0000] {logging_mixin.py:188} INFO - [2025-12-01T13:30:16.362+0000] {dagbag.py:540} INFO - Filling up the DagBag from /opt/airflow/dags/ingestion_dag.py
[2025-12-01T13:30:17.958+0000] {logging_mixin.py:188} INFO - [2025-12-01T13:30:17.958+0000] {warnings.py:109} WARNING - /opt/airflow/dags/ingestion_dag.py:257: RemovedInAirflow3Warning: Function `days_ago` is deprecated and will be removed in Airflow 3.0. You can achieve equivalent behavior with `pendulum.today('UTC').add(days=-N, ...)`
  start_date=days_ago(1),
[2025-12-01T13:30:17.959+0000] {logging_mixin.py:188} INFO - [2025-12-01T13:30:17.958+0000] {warnings.py:109} WARNING - /opt/airflow/dags/ingestion_dag.py:254: RemovedInAirflow3Warning: Param `schedule_interval` is deprecated and will be removed in a future release. Please use `schedule` instead. 
  with DAG(
[2025-12-01T13:30:17.963+0000] {processor.py:840} INFO - DAG(s) 'ingestion_dag' retrieved from /opt/airflow/dags/ingestion_dag.py
[2025-12-01T13:30:17.984+0000] {logging_mixin.py:188} INFO - [2025-12-01T13:30:17.984+0000] {dag.py:3047} INFO - Sync 1 DAGs
[2025-12-01T13:30:18.011+0000] {logging_mixin.py:188} INFO - [2025-12-01T13:30:18.011+0000] {dag.py:3834} INFO - Setting next_dagrun for ingestion_dag to 2025-12-01 13:30:00+00:00, run_after=2025-12-01 13:31:00+00:00
[2025-12-01T13:30:18.022+0000] {processor.py:183} INFO - Processing /opt/airflow/dags/ingestion_dag.py took 1.673 seconds
[2025-12-01T13:30:48.615+0000] {processor.py:161} INFO - Started process (PID=86405) to work on /opt/airflow/dags/ingestion_dag.py
[2025-12-01T13:30:48.633+0000] {processor.py:830} INFO - Processing file /opt/airflow/dags/ingestion_dag.py for tasks to queue
[2025-12-01T13:30:48.640+0000] {logging_mixin.py:188} INFO - [2025-12-01T13:30:48.637+0000] {dagbag.py:540} INFO - Filling up the DagBag from /opt/airflow/dags/ingestion_dag.py
[2025-12-01T13:30:50.463+0000] {logging_mixin.py:188} INFO - [2025-12-01T13:30:50.463+0000] {warnings.py:109} WARNING - /opt/airflow/dags/ingestion_dag.py:257: RemovedInAirflow3Warning: Function `days_ago` is deprecated and will be removed in Airflow 3.0. You can achieve equivalent behavior with `pendulum.today('UTC').add(days=-N, ...)`
  start_date=days_ago(1),
[2025-12-01T13:30:50.464+0000] {logging_mixin.py:188} INFO - [2025-12-01T13:30:50.463+0000] {warnings.py:109} WARNING - /opt/airflow/dags/ingestion_dag.py:254: RemovedInAirflow3Warning: Param `schedule_interval` is deprecated and will be removed in a future release. Please use `schedule` instead. 
  with DAG(
[2025-12-01T13:30:50.468+0000] {processor.py:840} INFO - DAG(s) 'ingestion_dag' retrieved from /opt/airflow/dags/ingestion_dag.py
[2025-12-01T13:30:50.495+0000] {logging_mixin.py:188} INFO - [2025-12-01T13:30:50.495+0000] {dag.py:3047} INFO - Sync 1 DAGs
[2025-12-01T13:30:50.513+0000] {logging_mixin.py:188} INFO - [2025-12-01T13:30:50.513+0000] {dag.py:3834} INFO - Setting next_dagrun for ingestion_dag to 2025-12-01 13:30:00+00:00, run_after=2025-12-01 13:31:00+00:00
[2025-12-01T13:30:50.524+0000] {processor.py:183} INFO - Processing /opt/airflow/dags/ingestion_dag.py took 1.930 seconds
[2025-12-01T13:31:21.210+0000] {processor.py:161} INFO - Started process (PID=86485) to work on /opt/airflow/dags/ingestion_dag.py
[2025-12-01T13:31:21.212+0000] {processor.py:830} INFO - Processing file /opt/airflow/dags/ingestion_dag.py for tasks to queue
[2025-12-01T13:31:21.213+0000] {logging_mixin.py:188} INFO - [2025-12-01T13:31:21.213+0000] {dagbag.py:540} INFO - Filling up the DagBag from /opt/airflow/dags/ingestion_dag.py
[2025-12-01T13:31:22.728+0000] {logging_mixin.py:188} INFO - [2025-12-01T13:31:22.728+0000] {warnings.py:109} WARNING - /opt/airflow/dags/ingestion_dag.py:257: RemovedInAirflow3Warning: Function `days_ago` is deprecated and will be removed in Airflow 3.0. You can achieve equivalent behavior with `pendulum.today('UTC').add(days=-N, ...)`
  start_date=days_ago(1),
[2025-12-01T13:31:22.728+0000] {logging_mixin.py:188} INFO - [2025-12-01T13:31:22.728+0000] {warnings.py:109} WARNING - /opt/airflow/dags/ingestion_dag.py:254: RemovedInAirflow3Warning: Param `schedule_interval` is deprecated and will be removed in a future release. Please use `schedule` instead. 
  with DAG(
[2025-12-01T13:31:22.732+0000] {processor.py:840} INFO - DAG(s) 'ingestion_dag' retrieved from /opt/airflow/dags/ingestion_dag.py
[2025-12-01T13:31:22.759+0000] {logging_mixin.py:188} INFO - [2025-12-01T13:31:22.759+0000] {dag.py:3047} INFO - Sync 1 DAGs
[2025-12-01T13:31:22.782+0000] {logging_mixin.py:188} INFO - [2025-12-01T13:31:22.782+0000] {dag.py:3834} INFO - Setting next_dagrun for ingestion_dag to 2025-12-01 13:31:00+00:00, run_after=2025-12-01 13:32:00+00:00
[2025-12-01T13:31:22.791+0000] {processor.py:183} INFO - Processing /opt/airflow/dags/ingestion_dag.py took 1.591 seconds
[2025-12-01T13:31:53.502+0000] {processor.py:161} INFO - Started process (PID=86503) to work on /opt/airflow/dags/ingestion_dag.py
[2025-12-01T13:31:53.505+0000] {processor.py:830} INFO - Processing file /opt/airflow/dags/ingestion_dag.py for tasks to queue
[2025-12-01T13:31:53.506+0000] {logging_mixin.py:188} INFO - [2025-12-01T13:31:53.505+0000] {dagbag.py:540} INFO - Filling up the DagBag from /opt/airflow/dags/ingestion_dag.py
[2025-12-01T13:31:55.136+0000] {logging_mixin.py:188} INFO - [2025-12-01T13:31:55.136+0000] {warnings.py:109} WARNING - /opt/airflow/dags/ingestion_dag.py:257: RemovedInAirflow3Warning: Function `days_ago` is deprecated and will be removed in Airflow 3.0. You can achieve equivalent behavior with `pendulum.today('UTC').add(days=-N, ...)`
  start_date=days_ago(1),
[2025-12-01T13:31:55.136+0000] {logging_mixin.py:188} INFO - [2025-12-01T13:31:55.136+0000] {warnings.py:109} WARNING - /opt/airflow/dags/ingestion_dag.py:254: RemovedInAirflow3Warning: Param `schedule_interval` is deprecated and will be removed in a future release. Please use `schedule` instead. 
  with DAG(
[2025-12-01T13:31:55.140+0000] {processor.py:840} INFO - DAG(s) 'ingestion_dag' retrieved from /opt/airflow/dags/ingestion_dag.py
[2025-12-01T13:31:55.166+0000] {logging_mixin.py:188} INFO - [2025-12-01T13:31:55.165+0000] {dag.py:3047} INFO - Sync 1 DAGs
[2025-12-01T13:31:55.183+0000] {logging_mixin.py:188} INFO - [2025-12-01T13:31:55.182+0000] {dag.py:3834} INFO - Setting next_dagrun for ingestion_dag to 2025-12-01 13:31:00+00:00, run_after=2025-12-01 13:32:00+00:00
[2025-12-01T13:31:55.192+0000] {processor.py:183} INFO - Processing /opt/airflow/dags/ingestion_dag.py took 1.709 seconds
[2025-12-01T13:32:25.650+0000] {processor.py:161} INFO - Started process (PID=86589) to work on /opt/airflow/dags/ingestion_dag.py
[2025-12-01T13:32:25.652+0000] {processor.py:830} INFO - Processing file /opt/airflow/dags/ingestion_dag.py for tasks to queue
[2025-12-01T13:32:25.653+0000] {logging_mixin.py:188} INFO - [2025-12-01T13:32:25.652+0000] {dagbag.py:540} INFO - Filling up the DagBag from /opt/airflow/dags/ingestion_dag.py
[2025-12-01T13:32:27.210+0000] {logging_mixin.py:188} INFO - [2025-12-01T13:32:27.210+0000] {warnings.py:109} WARNING - /opt/airflow/dags/ingestion_dag.py:257: RemovedInAirflow3Warning: Function `days_ago` is deprecated and will be removed in Airflow 3.0. You can achieve equivalent behavior with `pendulum.today('UTC').add(days=-N, ...)`
  start_date=days_ago(1),
[2025-12-01T13:32:27.210+0000] {logging_mixin.py:188} INFO - [2025-12-01T13:32:27.210+0000] {warnings.py:109} WARNING - /opt/airflow/dags/ingestion_dag.py:254: RemovedInAirflow3Warning: Param `schedule_interval` is deprecated and will be removed in a future release. Please use `schedule` instead. 
  with DAG(
[2025-12-01T13:32:27.213+0000] {processor.py:840} INFO - DAG(s) 'ingestion_dag' retrieved from /opt/airflow/dags/ingestion_dag.py
[2025-12-01T13:32:27.233+0000] {logging_mixin.py:188} INFO - [2025-12-01T13:32:27.233+0000] {dag.py:3047} INFO - Sync 1 DAGs
[2025-12-01T13:32:27.248+0000] {logging_mixin.py:188} INFO - [2025-12-01T13:32:27.248+0000] {dag.py:3834} INFO - Setting next_dagrun for ingestion_dag to 2025-12-01 13:32:00+00:00, run_after=2025-12-01 13:33:00+00:00
[2025-12-01T13:32:27.257+0000] {processor.py:183} INFO - Processing /opt/airflow/dags/ingestion_dag.py took 1.614 seconds
[2025-12-01T13:32:58.194+0000] {processor.py:161} INFO - Started process (PID=86607) to work on /opt/airflow/dags/ingestion_dag.py
[2025-12-01T13:32:58.196+0000] {processor.py:830} INFO - Processing file /opt/airflow/dags/ingestion_dag.py for tasks to queue
[2025-12-01T13:32:58.198+0000] {logging_mixin.py:188} INFO - [2025-12-01T13:32:58.197+0000] {dagbag.py:540} INFO - Filling up the DagBag from /opt/airflow/dags/ingestion_dag.py
[2025-12-01T13:33:00.578+0000] {logging_mixin.py:188} INFO - [2025-12-01T13:33:00.578+0000] {warnings.py:109} WARNING - /opt/airflow/dags/ingestion_dag.py:257: RemovedInAirflow3Warning: Function `days_ago` is deprecated and will be removed in Airflow 3.0. You can achieve equivalent behavior with `pendulum.today('UTC').add(days=-N, ...)`
  start_date=days_ago(1),
[2025-12-01T13:33:00.579+0000] {logging_mixin.py:188} INFO - [2025-12-01T13:33:00.579+0000] {warnings.py:109} WARNING - /opt/airflow/dags/ingestion_dag.py:254: RemovedInAirflow3Warning: Param `schedule_interval` is deprecated and will be removed in a future release. Please use `schedule` instead. 
  with DAG(
[2025-12-01T13:33:00.584+0000] {processor.py:840} INFO - DAG(s) 'ingestion_dag' retrieved from /opt/airflow/dags/ingestion_dag.py
[2025-12-01T13:33:00.612+0000] {logging_mixin.py:188} INFO - [2025-12-01T13:33:00.612+0000] {dag.py:3047} INFO - Sync 1 DAGs
[2025-12-01T13:33:00.636+0000] {logging_mixin.py:188} INFO - [2025-12-01T13:33:00.635+0000] {dag.py:3834} INFO - Setting next_dagrun for ingestion_dag to 2025-12-01 13:32:00+00:00, run_after=2025-12-01 13:33:00+00:00
[2025-12-01T13:33:00.648+0000] {processor.py:183} INFO - Processing /opt/airflow/dags/ingestion_dag.py took 2.463 seconds
[2025-12-01T13:33:30.753+0000] {processor.py:161} INFO - Started process (PID=86687) to work on /opt/airflow/dags/ingestion_dag.py
[2025-12-01T13:33:30.756+0000] {processor.py:830} INFO - Processing file /opt/airflow/dags/ingestion_dag.py for tasks to queue
[2025-12-01T13:33:30.758+0000] {logging_mixin.py:188} INFO - [2025-12-01T13:33:30.757+0000] {dagbag.py:540} INFO - Filling up the DagBag from /opt/airflow/dags/ingestion_dag.py
[2025-12-01T13:33:32.393+0000] {logging_mixin.py:188} INFO - [2025-12-01T13:33:32.393+0000] {warnings.py:109} WARNING - /opt/airflow/dags/ingestion_dag.py:257: RemovedInAirflow3Warning: Function `days_ago` is deprecated and will be removed in Airflow 3.0. You can achieve equivalent behavior with `pendulum.today('UTC').add(days=-N, ...)`
  start_date=days_ago(1),
[2025-12-01T13:33:32.393+0000] {logging_mixin.py:188} INFO - [2025-12-01T13:33:32.393+0000] {warnings.py:109} WARNING - /opt/airflow/dags/ingestion_dag.py:254: RemovedInAirflow3Warning: Param `schedule_interval` is deprecated and will be removed in a future release. Please use `schedule` instead. 
  with DAG(
[2025-12-01T13:33:32.398+0000] {processor.py:840} INFO - DAG(s) 'ingestion_dag' retrieved from /opt/airflow/dags/ingestion_dag.py
[2025-12-01T13:33:32.427+0000] {logging_mixin.py:188} INFO - [2025-12-01T13:33:32.427+0000] {dag.py:3047} INFO - Sync 1 DAGs
[2025-12-01T13:33:32.443+0000] {logging_mixin.py:188} INFO - [2025-12-01T13:33:32.443+0000] {dag.py:3834} INFO - Setting next_dagrun for ingestion_dag to 2025-12-01 13:33:00+00:00, run_after=2025-12-01 13:34:00+00:00
[2025-12-01T13:33:32.452+0000] {processor.py:183} INFO - Processing /opt/airflow/dags/ingestion_dag.py took 1.706 seconds
[2025-12-01T13:34:02.828+0000] {processor.py:161} INFO - Started process (PID=86721) to work on /opt/airflow/dags/ingestion_dag.py
[2025-12-01T13:34:02.829+0000] {processor.py:830} INFO - Processing file /opt/airflow/dags/ingestion_dag.py for tasks to queue
[2025-12-01T13:34:02.830+0000] {logging_mixin.py:188} INFO - [2025-12-01T13:34:02.830+0000] {dagbag.py:540} INFO - Filling up the DagBag from /opt/airflow/dags/ingestion_dag.py
[2025-12-01T13:34:04.189+0000] {logging_mixin.py:188} INFO - [2025-12-01T13:34:04.189+0000] {warnings.py:109} WARNING - /opt/airflow/dags/ingestion_dag.py:257: RemovedInAirflow3Warning: Function `days_ago` is deprecated and will be removed in Airflow 3.0. You can achieve equivalent behavior with `pendulum.today('UTC').add(days=-N, ...)`
  start_date=days_ago(1),
[2025-12-01T13:34:04.189+0000] {logging_mixin.py:188} INFO - [2025-12-01T13:34:04.189+0000] {warnings.py:109} WARNING - /opt/airflow/dags/ingestion_dag.py:254: RemovedInAirflow3Warning: Param `schedule_interval` is deprecated and will be removed in a future release. Please use `schedule` instead. 
  with DAG(
[2025-12-01T13:34:04.193+0000] {processor.py:840} INFO - DAG(s) 'ingestion_dag' retrieved from /opt/airflow/dags/ingestion_dag.py
[2025-12-01T13:34:04.211+0000] {logging_mixin.py:188} INFO - [2025-12-01T13:34:04.210+0000] {dag.py:3047} INFO - Sync 1 DAGs
[2025-12-01T13:34:04.226+0000] {logging_mixin.py:188} INFO - [2025-12-01T13:34:04.226+0000] {dag.py:3834} INFO - Setting next_dagrun for ingestion_dag to 2025-12-01 13:34:00+00:00, run_after=2025-12-01 13:35:00+00:00
[2025-12-01T13:34:04.235+0000] {processor.py:183} INFO - Processing /opt/airflow/dags/ingestion_dag.py took 1.411 seconds
[2025-12-01T13:34:34.451+0000] {processor.py:161} INFO - Started process (PID=86796) to work on /opt/airflow/dags/ingestion_dag.py
[2025-12-01T13:34:34.452+0000] {processor.py:830} INFO - Processing file /opt/airflow/dags/ingestion_dag.py for tasks to queue
[2025-12-01T13:34:34.453+0000] {logging_mixin.py:188} INFO - [2025-12-01T13:34:34.453+0000] {dagbag.py:540} INFO - Filling up the DagBag from /opt/airflow/dags/ingestion_dag.py
[2025-12-01T13:34:35.887+0000] {logging_mixin.py:188} INFO - [2025-12-01T13:34:35.887+0000] {warnings.py:109} WARNING - /opt/airflow/dags/ingestion_dag.py:257: RemovedInAirflow3Warning: Function `days_ago` is deprecated and will be removed in Airflow 3.0. You can achieve equivalent behavior with `pendulum.today('UTC').add(days=-N, ...)`
  start_date=days_ago(1),
[2025-12-01T13:34:35.887+0000] {logging_mixin.py:188} INFO - [2025-12-01T13:34:35.887+0000] {warnings.py:109} WARNING - /opt/airflow/dags/ingestion_dag.py:254: RemovedInAirflow3Warning: Param `schedule_interval` is deprecated and will be removed in a future release. Please use `schedule` instead. 
  with DAG(
[2025-12-01T13:34:35.891+0000] {processor.py:840} INFO - DAG(s) 'ingestion_dag' retrieved from /opt/airflow/dags/ingestion_dag.py
[2025-12-01T13:34:35.905+0000] {logging_mixin.py:188} INFO - [2025-12-01T13:34:35.905+0000] {dag.py:3047} INFO - Sync 1 DAGs
[2025-12-01T13:34:35.920+0000] {logging_mixin.py:188} INFO - [2025-12-01T13:34:35.920+0000] {dag.py:3834} INFO - Setting next_dagrun for ingestion_dag to 2025-12-01 13:34:00+00:00, run_after=2025-12-01 13:35:00+00:00
[2025-12-01T13:34:35.931+0000] {processor.py:183} INFO - Processing /opt/airflow/dags/ingestion_dag.py took 1.484 seconds
[2025-12-01T13:35:06.780+0000] {processor.py:161} INFO - Started process (PID=86844) to work on /opt/airflow/dags/ingestion_dag.py
[2025-12-01T13:35:06.781+0000] {processor.py:830} INFO - Processing file /opt/airflow/dags/ingestion_dag.py for tasks to queue
[2025-12-01T13:35:06.782+0000] {logging_mixin.py:188} INFO - [2025-12-01T13:35:06.781+0000] {dagbag.py:540} INFO - Filling up the DagBag from /opt/airflow/dags/ingestion_dag.py
[2025-12-01T13:35:08.343+0000] {logging_mixin.py:188} INFO - [2025-12-01T13:35:08.343+0000] {warnings.py:109} WARNING - /opt/airflow/dags/ingestion_dag.py:257: RemovedInAirflow3Warning: Function `days_ago` is deprecated and will be removed in Airflow 3.0. You can achieve equivalent behavior with `pendulum.today('UTC').add(days=-N, ...)`
  start_date=days_ago(1),
[2025-12-01T13:35:08.344+0000] {logging_mixin.py:188} INFO - [2025-12-01T13:35:08.344+0000] {warnings.py:109} WARNING - /opt/airflow/dags/ingestion_dag.py:254: RemovedInAirflow3Warning: Param `schedule_interval` is deprecated and will be removed in a future release. Please use `schedule` instead. 
  with DAG(
[2025-12-01T13:35:08.355+0000] {processor.py:840} INFO - DAG(s) 'ingestion_dag' retrieved from /opt/airflow/dags/ingestion_dag.py
[2025-12-01T13:35:08.387+0000] {logging_mixin.py:188} INFO - [2025-12-01T13:35:08.387+0000] {dag.py:3047} INFO - Sync 1 DAGs
[2025-12-01T13:35:08.405+0000] {logging_mixin.py:188} INFO - [2025-12-01T13:35:08.405+0000] {dag.py:3834} INFO - Setting next_dagrun for ingestion_dag to 2025-12-01 13:35:00+00:00, run_after=2025-12-01 13:36:00+00:00
[2025-12-01T13:35:08.425+0000] {processor.py:183} INFO - Processing /opt/airflow/dags/ingestion_dag.py took 1.647 seconds
[2025-12-01T13:35:39.210+0000] {processor.py:161} INFO - Started process (PID=86894) to work on /opt/airflow/dags/ingestion_dag.py
[2025-12-01T13:35:39.212+0000] {processor.py:830} INFO - Processing file /opt/airflow/dags/ingestion_dag.py for tasks to queue
[2025-12-01T13:35:39.213+0000] {logging_mixin.py:188} INFO - [2025-12-01T13:35:39.213+0000] {dagbag.py:540} INFO - Filling up the DagBag from /opt/airflow/dags/ingestion_dag.py
[2025-12-01T13:35:40.647+0000] {logging_mixin.py:188} INFO - [2025-12-01T13:35:40.647+0000] {warnings.py:109} WARNING - /opt/airflow/dags/ingestion_dag.py:257: RemovedInAirflow3Warning: Function `days_ago` is deprecated and will be removed in Airflow 3.0. You can achieve equivalent behavior with `pendulum.today('UTC').add(days=-N, ...)`
  start_date=days_ago(1),
[2025-12-01T13:35:40.647+0000] {logging_mixin.py:188} INFO - [2025-12-01T13:35:40.647+0000] {warnings.py:109} WARNING - /opt/airflow/dags/ingestion_dag.py:254: RemovedInAirflow3Warning: Param `schedule_interval` is deprecated and will be removed in a future release. Please use `schedule` instead. 
  with DAG(
[2025-12-01T13:35:40.651+0000] {processor.py:840} INFO - DAG(s) 'ingestion_dag' retrieved from /opt/airflow/dags/ingestion_dag.py
[2025-12-01T13:35:40.670+0000] {logging_mixin.py:188} INFO - [2025-12-01T13:35:40.670+0000] {dag.py:3047} INFO - Sync 1 DAGs
[2025-12-01T13:35:40.685+0000] {logging_mixin.py:188} INFO - [2025-12-01T13:35:40.685+0000] {dag.py:3834} INFO - Setting next_dagrun for ingestion_dag to 2025-12-01 13:35:00+00:00, run_after=2025-12-01 13:36:00+00:00
[2025-12-01T13:35:40.694+0000] {processor.py:183} INFO - Processing /opt/airflow/dags/ingestion_dag.py took 1.490 seconds
[2025-12-01T13:36:10.751+0000] {processor.py:161} INFO - Started process (PID=86980) to work on /opt/airflow/dags/ingestion_dag.py
[2025-12-01T13:36:10.753+0000] {processor.py:830} INFO - Processing file /opt/airflow/dags/ingestion_dag.py for tasks to queue
[2025-12-01T13:36:10.754+0000] {logging_mixin.py:188} INFO - [2025-12-01T13:36:10.754+0000] {dagbag.py:540} INFO - Filling up the DagBag from /opt/airflow/dags/ingestion_dag.py
[2025-12-01T13:36:11.952+0000] {logging_mixin.py:188} INFO - [2025-12-01T13:36:11.951+0000] {warnings.py:109} WARNING - /opt/airflow/dags/ingestion_dag.py:257: RemovedInAirflow3Warning: Function `days_ago` is deprecated and will be removed in Airflow 3.0. You can achieve equivalent behavior with `pendulum.today('UTC').add(days=-N, ...)`
  start_date=days_ago(1),
[2025-12-01T13:36:11.952+0000] {logging_mixin.py:188} INFO - [2025-12-01T13:36:11.952+0000] {warnings.py:109} WARNING - /opt/airflow/dags/ingestion_dag.py:254: RemovedInAirflow3Warning: Param `schedule_interval` is deprecated and will be removed in a future release. Please use `schedule` instead. 
  with DAG(
[2025-12-01T13:36:11.955+0000] {processor.py:840} INFO - DAG(s) 'ingestion_dag' retrieved from /opt/airflow/dags/ingestion_dag.py
[2025-12-01T13:36:11.970+0000] {logging_mixin.py:188} INFO - [2025-12-01T13:36:11.970+0000] {dag.py:3047} INFO - Sync 1 DAGs
[2025-12-01T13:36:11.985+0000] {logging_mixin.py:188} INFO - [2025-12-01T13:36:11.985+0000] {dag.py:3834} INFO - Setting next_dagrun for ingestion_dag to 2025-12-01 13:36:00+00:00, run_after=2025-12-01 13:37:00+00:00
[2025-12-01T13:36:11.994+0000] {processor.py:183} INFO - Processing /opt/airflow/dags/ingestion_dag.py took 1.251 seconds
[2025-12-01T13:36:42.122+0000] {processor.py:161} INFO - Started process (PID=86998) to work on /opt/airflow/dags/ingestion_dag.py
[2025-12-01T13:36:42.123+0000] {processor.py:830} INFO - Processing file /opt/airflow/dags/ingestion_dag.py for tasks to queue
[2025-12-01T13:36:42.124+0000] {logging_mixin.py:188} INFO - [2025-12-01T13:36:42.124+0000] {dagbag.py:540} INFO - Filling up the DagBag from /opt/airflow/dags/ingestion_dag.py
[2025-12-01T13:36:43.465+0000] {logging_mixin.py:188} INFO - [2025-12-01T13:36:43.465+0000] {warnings.py:109} WARNING - /opt/airflow/dags/ingestion_dag.py:257: RemovedInAirflow3Warning: Function `days_ago` is deprecated and will be removed in Airflow 3.0. You can achieve equivalent behavior with `pendulum.today('UTC').add(days=-N, ...)`
  start_date=days_ago(1),
[2025-12-01T13:36:43.465+0000] {logging_mixin.py:188} INFO - [2025-12-01T13:36:43.465+0000] {warnings.py:109} WARNING - /opt/airflow/dags/ingestion_dag.py:254: RemovedInAirflow3Warning: Param `schedule_interval` is deprecated and will be removed in a future release. Please use `schedule` instead. 
  with DAG(
[2025-12-01T13:36:43.469+0000] {processor.py:840} INFO - DAG(s) 'ingestion_dag' retrieved from /opt/airflow/dags/ingestion_dag.py
[2025-12-01T13:36:43.483+0000] {logging_mixin.py:188} INFO - [2025-12-01T13:36:43.482+0000] {dag.py:3047} INFO - Sync 1 DAGs
[2025-12-01T13:36:43.495+0000] {logging_mixin.py:188} INFO - [2025-12-01T13:36:43.495+0000] {dag.py:3834} INFO - Setting next_dagrun for ingestion_dag to 2025-12-01 13:36:00+00:00, run_after=2025-12-01 13:37:00+00:00
[2025-12-01T13:36:43.504+0000] {processor.py:183} INFO - Processing /opt/airflow/dags/ingestion_dag.py took 1.388 seconds
[2025-12-01T13:37:13.569+0000] {processor.py:161} INFO - Started process (PID=87078) to work on /opt/airflow/dags/ingestion_dag.py
[2025-12-01T13:37:13.574+0000] {processor.py:830} INFO - Processing file /opt/airflow/dags/ingestion_dag.py for tasks to queue
[2025-12-01T13:37:13.577+0000] {logging_mixin.py:188} INFO - [2025-12-01T13:37:13.576+0000] {dagbag.py:540} INFO - Filling up the DagBag from /opt/airflow/dags/ingestion_dag.py
[2025-12-01T13:37:15.153+0000] {logging_mixin.py:188} INFO - [2025-12-01T13:37:15.153+0000] {warnings.py:109} WARNING - /opt/airflow/dags/ingestion_dag.py:257: RemovedInAirflow3Warning: Function `days_ago` is deprecated and will be removed in Airflow 3.0. You can achieve equivalent behavior with `pendulum.today('UTC').add(days=-N, ...)`
  start_date=days_ago(1),
[2025-12-01T13:37:15.154+0000] {logging_mixin.py:188} INFO - [2025-12-01T13:37:15.154+0000] {warnings.py:109} WARNING - /opt/airflow/dags/ingestion_dag.py:254: RemovedInAirflow3Warning: Param `schedule_interval` is deprecated and will be removed in a future release. Please use `schedule` instead. 
  with DAG(
[2025-12-01T13:37:15.157+0000] {processor.py:840} INFO - DAG(s) 'ingestion_dag' retrieved from /opt/airflow/dags/ingestion_dag.py
[2025-12-01T13:37:15.186+0000] {logging_mixin.py:188} INFO - [2025-12-01T13:37:15.186+0000] {dag.py:3047} INFO - Sync 1 DAGs
[2025-12-01T13:37:15.202+0000] {logging_mixin.py:188} INFO - [2025-12-01T13:37:15.202+0000] {dag.py:3834} INFO - Setting next_dagrun for ingestion_dag to 2025-12-01 13:37:00+00:00, run_after=2025-12-01 13:38:00+00:00
[2025-12-01T13:37:15.212+0000] {processor.py:183} INFO - Processing /opt/airflow/dags/ingestion_dag.py took 1.653 seconds
[2025-12-01T13:37:45.897+0000] {processor.py:161} INFO - Started process (PID=87096) to work on /opt/airflow/dags/ingestion_dag.py
[2025-12-01T13:37:45.899+0000] {processor.py:830} INFO - Processing file /opt/airflow/dags/ingestion_dag.py for tasks to queue
[2025-12-01T13:37:45.900+0000] {logging_mixin.py:188} INFO - [2025-12-01T13:37:45.900+0000] {dagbag.py:540} INFO - Filling up the DagBag from /opt/airflow/dags/ingestion_dag.py
[2025-12-01T13:37:47.409+0000] {logging_mixin.py:188} INFO - [2025-12-01T13:37:47.409+0000] {warnings.py:109} WARNING - /opt/airflow/dags/ingestion_dag.py:257: RemovedInAirflow3Warning: Function `days_ago` is deprecated and will be removed in Airflow 3.0. You can achieve equivalent behavior with `pendulum.today('UTC').add(days=-N, ...)`
  start_date=days_ago(1),
[2025-12-01T13:37:47.410+0000] {logging_mixin.py:188} INFO - [2025-12-01T13:37:47.410+0000] {warnings.py:109} WARNING - /opt/airflow/dags/ingestion_dag.py:254: RemovedInAirflow3Warning: Param `schedule_interval` is deprecated and will be removed in a future release. Please use `schedule` instead. 
  with DAG(
[2025-12-01T13:37:47.413+0000] {processor.py:840} INFO - DAG(s) 'ingestion_dag' retrieved from /opt/airflow/dags/ingestion_dag.py
[2025-12-01T13:37:47.440+0000] {logging_mixin.py:188} INFO - [2025-12-01T13:37:47.440+0000] {dag.py:3047} INFO - Sync 1 DAGs
[2025-12-01T13:37:47.455+0000] {logging_mixin.py:188} INFO - [2025-12-01T13:37:47.455+0000] {dag.py:3834} INFO - Setting next_dagrun for ingestion_dag to 2025-12-01 13:37:00+00:00, run_after=2025-12-01 13:38:00+00:00
[2025-12-01T13:37:47.465+0000] {processor.py:183} INFO - Processing /opt/airflow/dags/ingestion_dag.py took 1.574 seconds
[2025-12-01T13:38:18.346+0000] {processor.py:161} INFO - Started process (PID=87182) to work on /opt/airflow/dags/ingestion_dag.py
[2025-12-01T13:38:18.348+0000] {processor.py:830} INFO - Processing file /opt/airflow/dags/ingestion_dag.py for tasks to queue
[2025-12-01T13:38:18.349+0000] {logging_mixin.py:188} INFO - [2025-12-01T13:38:18.349+0000] {dagbag.py:540} INFO - Filling up the DagBag from /opt/airflow/dags/ingestion_dag.py
[2025-12-01T13:38:19.670+0000] {logging_mixin.py:188} INFO - [2025-12-01T13:38:19.670+0000] {warnings.py:109} WARNING - /opt/airflow/dags/ingestion_dag.py:257: RemovedInAirflow3Warning: Function `days_ago` is deprecated and will be removed in Airflow 3.0. You can achieve equivalent behavior with `pendulum.today('UTC').add(days=-N, ...)`
  start_date=days_ago(1),
[2025-12-01T13:38:19.670+0000] {logging_mixin.py:188} INFO - [2025-12-01T13:38:19.670+0000] {warnings.py:109} WARNING - /opt/airflow/dags/ingestion_dag.py:254: RemovedInAirflow3Warning: Param `schedule_interval` is deprecated and will be removed in a future release. Please use `schedule` instead. 
  with DAG(
[2025-12-01T13:38:19.674+0000] {processor.py:840} INFO - DAG(s) 'ingestion_dag' retrieved from /opt/airflow/dags/ingestion_dag.py
[2025-12-01T13:38:19.689+0000] {logging_mixin.py:188} INFO - [2025-12-01T13:38:19.689+0000] {dag.py:3047} INFO - Sync 1 DAGs
[2025-12-01T13:38:19.703+0000] {logging_mixin.py:188} INFO - [2025-12-01T13:38:19.703+0000] {dag.py:3834} INFO - Setting next_dagrun for ingestion_dag to 2025-12-01 13:38:00+00:00, run_after=2025-12-01 13:39:00+00:00
[2025-12-01T13:38:19.712+0000] {processor.py:183} INFO - Processing /opt/airflow/dags/ingestion_dag.py took 1.373 seconds
[2025-12-01T13:38:50.266+0000] {processor.py:161} INFO - Started process (PID=87200) to work on /opt/airflow/dags/ingestion_dag.py
[2025-12-01T13:38:50.268+0000] {processor.py:830} INFO - Processing file /opt/airflow/dags/ingestion_dag.py for tasks to queue
[2025-12-01T13:38:50.273+0000] {logging_mixin.py:188} INFO - [2025-12-01T13:38:50.271+0000] {dagbag.py:540} INFO - Filling up the DagBag from /opt/airflow/dags/ingestion_dag.py
[2025-12-01T13:38:51.732+0000] {logging_mixin.py:188} INFO - [2025-12-01T13:38:51.731+0000] {warnings.py:109} WARNING - /opt/airflow/dags/ingestion_dag.py:257: RemovedInAirflow3Warning: Function `days_ago` is deprecated and will be removed in Airflow 3.0. You can achieve equivalent behavior with `pendulum.today('UTC').add(days=-N, ...)`
  start_date=days_ago(1),
[2025-12-01T13:38:51.732+0000] {logging_mixin.py:188} INFO - [2025-12-01T13:38:51.732+0000] {warnings.py:109} WARNING - /opt/airflow/dags/ingestion_dag.py:254: RemovedInAirflow3Warning: Param `schedule_interval` is deprecated and will be removed in a future release. Please use `schedule` instead. 
  with DAG(
[2025-12-01T13:38:51.735+0000] {processor.py:840} INFO - DAG(s) 'ingestion_dag' retrieved from /opt/airflow/dags/ingestion_dag.py
[2025-12-01T13:38:51.752+0000] {logging_mixin.py:188} INFO - [2025-12-01T13:38:51.752+0000] {dag.py:3047} INFO - Sync 1 DAGs
[2025-12-01T13:38:51.772+0000] {logging_mixin.py:188} INFO - [2025-12-01T13:38:51.772+0000] {dag.py:3834} INFO - Setting next_dagrun for ingestion_dag to 2025-12-01 13:38:00+00:00, run_after=2025-12-01 13:39:00+00:00
[2025-12-01T13:38:51.781+0000] {processor.py:183} INFO - Processing /opt/airflow/dags/ingestion_dag.py took 1.522 seconds
[2025-12-01T13:39:22.105+0000] {processor.py:161} INFO - Started process (PID=87280) to work on /opt/airflow/dags/ingestion_dag.py
[2025-12-01T13:39:22.107+0000] {processor.py:830} INFO - Processing file /opt/airflow/dags/ingestion_dag.py for tasks to queue
[2025-12-01T13:39:22.108+0000] {logging_mixin.py:188} INFO - [2025-12-01T13:39:22.108+0000] {dagbag.py:540} INFO - Filling up the DagBag from /opt/airflow/dags/ingestion_dag.py
[2025-12-01T13:39:23.533+0000] {logging_mixin.py:188} INFO - [2025-12-01T13:39:23.533+0000] {warnings.py:109} WARNING - /opt/airflow/dags/ingestion_dag.py:257: RemovedInAirflow3Warning: Function `days_ago` is deprecated and will be removed in Airflow 3.0. You can achieve equivalent behavior with `pendulum.today('UTC').add(days=-N, ...)`
  start_date=days_ago(1),
[2025-12-01T13:39:23.533+0000] {logging_mixin.py:188} INFO - [2025-12-01T13:39:23.533+0000] {warnings.py:109} WARNING - /opt/airflow/dags/ingestion_dag.py:254: RemovedInAirflow3Warning: Param `schedule_interval` is deprecated and will be removed in a future release. Please use `schedule` instead. 
  with DAG(
[2025-12-01T13:39:23.537+0000] {processor.py:840} INFO - DAG(s) 'ingestion_dag' retrieved from /opt/airflow/dags/ingestion_dag.py
[2025-12-01T13:39:23.553+0000] {logging_mixin.py:188} INFO - [2025-12-01T13:39:23.553+0000] {dag.py:3047} INFO - Sync 1 DAGs
[2025-12-01T13:39:23.568+0000] {logging_mixin.py:188} INFO - [2025-12-01T13:39:23.568+0000] {dag.py:3834} INFO - Setting next_dagrun for ingestion_dag to 2025-12-01 13:39:00+00:00, run_after=2025-12-01 13:40:00+00:00
[2025-12-01T13:39:23.577+0000] {processor.py:183} INFO - Processing /opt/airflow/dags/ingestion_dag.py took 1.478 seconds
[2025-12-01T13:39:54.547+0000] {processor.py:161} INFO - Started process (PID=87298) to work on /opt/airflow/dags/ingestion_dag.py
[2025-12-01T13:39:54.549+0000] {processor.py:830} INFO - Processing file /opt/airflow/dags/ingestion_dag.py for tasks to queue
[2025-12-01T13:39:54.551+0000] {logging_mixin.py:188} INFO - [2025-12-01T13:39:54.550+0000] {dagbag.py:540} INFO - Filling up the DagBag from /opt/airflow/dags/ingestion_dag.py
[2025-12-01T13:39:56.015+0000] {logging_mixin.py:188} INFO - [2025-12-01T13:39:56.014+0000] {warnings.py:109} WARNING - /opt/airflow/dags/ingestion_dag.py:257: RemovedInAirflow3Warning: Function `days_ago` is deprecated and will be removed in Airflow 3.0. You can achieve equivalent behavior with `pendulum.today('UTC').add(days=-N, ...)`
  start_date=days_ago(1),
[2025-12-01T13:39:56.015+0000] {logging_mixin.py:188} INFO - [2025-12-01T13:39:56.015+0000] {warnings.py:109} WARNING - /opt/airflow/dags/ingestion_dag.py:254: RemovedInAirflow3Warning: Param `schedule_interval` is deprecated and will be removed in a future release. Please use `schedule` instead. 
  with DAG(
[2025-12-01T13:39:56.018+0000] {processor.py:840} INFO - DAG(s) 'ingestion_dag' retrieved from /opt/airflow/dags/ingestion_dag.py
[2025-12-01T13:39:56.036+0000] {logging_mixin.py:188} INFO - [2025-12-01T13:39:56.036+0000] {dag.py:3047} INFO - Sync 1 DAGs
[2025-12-01T13:39:56.051+0000] {logging_mixin.py:188} INFO - [2025-12-01T13:39:56.051+0000] {dag.py:3834} INFO - Setting next_dagrun for ingestion_dag to 2025-12-01 13:39:00+00:00, run_after=2025-12-01 13:40:00+00:00
[2025-12-01T13:39:56.064+0000] {processor.py:183} INFO - Processing /opt/airflow/dags/ingestion_dag.py took 1.527 seconds
[2025-12-01T13:40:26.976+0000] {processor.py:161} INFO - Started process (PID=87384) to work on /opt/airflow/dags/ingestion_dag.py
[2025-12-01T13:40:26.978+0000] {processor.py:830} INFO - Processing file /opt/airflow/dags/ingestion_dag.py for tasks to queue
[2025-12-01T13:40:26.979+0000] {logging_mixin.py:188} INFO - [2025-12-01T13:40:26.979+0000] {dagbag.py:540} INFO - Filling up the DagBag from /opt/airflow/dags/ingestion_dag.py
[2025-12-01T13:40:28.436+0000] {logging_mixin.py:188} INFO - [2025-12-01T13:40:28.435+0000] {warnings.py:109} WARNING - /opt/airflow/dags/ingestion_dag.py:257: RemovedInAirflow3Warning: Function `days_ago` is deprecated and will be removed in Airflow 3.0. You can achieve equivalent behavior with `pendulum.today('UTC').add(days=-N, ...)`
  start_date=days_ago(1),
[2025-12-01T13:40:28.436+0000] {logging_mixin.py:188} INFO - [2025-12-01T13:40:28.436+0000] {warnings.py:109} WARNING - /opt/airflow/dags/ingestion_dag.py:254: RemovedInAirflow3Warning: Param `schedule_interval` is deprecated and will be removed in a future release. Please use `schedule` instead. 
  with DAG(
[2025-12-01T13:40:28.439+0000] {processor.py:840} INFO - DAG(s) 'ingestion_dag' retrieved from /opt/airflow/dags/ingestion_dag.py
[2025-12-01T13:40:28.457+0000] {logging_mixin.py:188} INFO - [2025-12-01T13:40:28.457+0000] {dag.py:3047} INFO - Sync 1 DAGs
[2025-12-01T13:40:28.475+0000] {logging_mixin.py:188} INFO - [2025-12-01T13:40:28.475+0000] {dag.py:3834} INFO - Setting next_dagrun for ingestion_dag to 2025-12-01 13:40:00+00:00, run_after=2025-12-01 13:41:00+00:00
[2025-12-01T13:40:28.485+0000] {processor.py:183} INFO - Processing /opt/airflow/dags/ingestion_dag.py took 1.518 seconds
[2025-12-01T13:40:59.393+0000] {processor.py:161} INFO - Started process (PID=87402) to work on /opt/airflow/dags/ingestion_dag.py
[2025-12-01T13:40:59.395+0000] {processor.py:830} INFO - Processing file /opt/airflow/dags/ingestion_dag.py for tasks to queue
[2025-12-01T13:40:59.397+0000] {logging_mixin.py:188} INFO - [2025-12-01T13:40:59.396+0000] {dagbag.py:540} INFO - Filling up the DagBag from /opt/airflow/dags/ingestion_dag.py
[2025-12-01T13:41:00.613+0000] {logging_mixin.py:188} INFO - [2025-12-01T13:41:00.613+0000] {warnings.py:109} WARNING - /opt/airflow/dags/ingestion_dag.py:257: RemovedInAirflow3Warning: Function `days_ago` is deprecated and will be removed in Airflow 3.0. You can achieve equivalent behavior with `pendulum.today('UTC').add(days=-N, ...)`
  start_date=days_ago(1),
[2025-12-01T13:41:00.614+0000] {logging_mixin.py:188} INFO - [2025-12-01T13:41:00.613+0000] {warnings.py:109} WARNING - /opt/airflow/dags/ingestion_dag.py:254: RemovedInAirflow3Warning: Param `schedule_interval` is deprecated and will be removed in a future release. Please use `schedule` instead. 
  with DAG(
[2025-12-01T13:41:00.617+0000] {processor.py:840} INFO - DAG(s) 'ingestion_dag' retrieved from /opt/airflow/dags/ingestion_dag.py
[2025-12-01T13:41:00.633+0000] {logging_mixin.py:188} INFO - [2025-12-01T13:41:00.633+0000] {dag.py:3047} INFO - Sync 1 DAGs
[2025-12-01T13:41:00.646+0000] {logging_mixin.py:188} INFO - [2025-12-01T13:41:00.646+0000] {dag.py:3834} INFO - Setting next_dagrun for ingestion_dag to 2025-12-01 13:40:00+00:00, run_after=2025-12-01 13:41:00+00:00
[2025-12-01T13:41:00.657+0000] {processor.py:183} INFO - Processing /opt/airflow/dags/ingestion_dag.py took 1.272 seconds
[2025-12-01T13:41:30.870+0000] {processor.py:161} INFO - Started process (PID=87482) to work on /opt/airflow/dags/ingestion_dag.py
[2025-12-01T13:41:30.873+0000] {processor.py:830} INFO - Processing file /opt/airflow/dags/ingestion_dag.py for tasks to queue
[2025-12-01T13:41:30.874+0000] {logging_mixin.py:188} INFO - [2025-12-01T13:41:30.874+0000] {dagbag.py:540} INFO - Filling up the DagBag from /opt/airflow/dags/ingestion_dag.py
[2025-12-01T13:41:32.375+0000] {logging_mixin.py:188} INFO - [2025-12-01T13:41:32.374+0000] {warnings.py:109} WARNING - /opt/airflow/dags/ingestion_dag.py:257: RemovedInAirflow3Warning: Function `days_ago` is deprecated and will be removed in Airflow 3.0. You can achieve equivalent behavior with `pendulum.today('UTC').add(days=-N, ...)`
  start_date=days_ago(1),
[2025-12-01T13:41:32.375+0000] {logging_mixin.py:188} INFO - [2025-12-01T13:41:32.375+0000] {warnings.py:109} WARNING - /opt/airflow/dags/ingestion_dag.py:254: RemovedInAirflow3Warning: Param `schedule_interval` is deprecated and will be removed in a future release. Please use `schedule` instead. 
  with DAG(
[2025-12-01T13:41:32.378+0000] {processor.py:840} INFO - DAG(s) 'ingestion_dag' retrieved from /opt/airflow/dags/ingestion_dag.py
[2025-12-01T13:41:32.394+0000] {logging_mixin.py:188} INFO - [2025-12-01T13:41:32.394+0000] {dag.py:3047} INFO - Sync 1 DAGs
[2025-12-01T13:41:32.409+0000] {logging_mixin.py:188} INFO - [2025-12-01T13:41:32.409+0000] {dag.py:3834} INFO - Setting next_dagrun for ingestion_dag to 2025-12-01 13:41:00+00:00, run_after=2025-12-01 13:42:00+00:00
[2025-12-01T13:41:32.417+0000] {processor.py:183} INFO - Processing /opt/airflow/dags/ingestion_dag.py took 1.557 seconds
[2025-12-01T13:42:03.280+0000] {processor.py:161} INFO - Started process (PID=87525) to work on /opt/airflow/dags/ingestion_dag.py
[2025-12-01T13:42:03.280+0000] {processor.py:830} INFO - Processing file /opt/airflow/dags/ingestion_dag.py for tasks to queue
[2025-12-01T13:42:03.281+0000] {logging_mixin.py:188} INFO - [2025-12-01T13:42:03.281+0000] {dagbag.py:540} INFO - Filling up the DagBag from /opt/airflow/dags/ingestion_dag.py
[2025-12-01T13:42:04.563+0000] {logging_mixin.py:188} INFO - [2025-12-01T13:42:04.563+0000] {warnings.py:109} WARNING - /opt/airflow/dags/ingestion_dag.py:257: RemovedInAirflow3Warning: Function `days_ago` is deprecated and will be removed in Airflow 3.0. You can achieve equivalent behavior with `pendulum.today('UTC').add(days=-N, ...)`
  start_date=days_ago(1),
[2025-12-01T13:42:04.563+0000] {logging_mixin.py:188} INFO - [2025-12-01T13:42:04.563+0000] {warnings.py:109} WARNING - /opt/airflow/dags/ingestion_dag.py:254: RemovedInAirflow3Warning: Param `schedule_interval` is deprecated and will be removed in a future release. Please use `schedule` instead. 
  with DAG(
[2025-12-01T13:42:04.569+0000] {processor.py:840} INFO - DAG(s) 'ingestion_dag' retrieved from /opt/airflow/dags/ingestion_dag.py
[2025-12-01T13:42:04.590+0000] {logging_mixin.py:188} INFO - [2025-12-01T13:42:04.590+0000] {dag.py:3047} INFO - Sync 1 DAGs
[2025-12-01T13:42:04.609+0000] {logging_mixin.py:188} INFO - [2025-12-01T13:42:04.609+0000] {dag.py:3834} INFO - Setting next_dagrun for ingestion_dag to 2025-12-01 13:42:00+00:00, run_after=2025-12-01 13:43:00+00:00
[2025-12-01T13:42:04.624+0000] {processor.py:183} INFO - Processing /opt/airflow/dags/ingestion_dag.py took 1.347 seconds
[2025-12-01T13:42:34.827+0000] {processor.py:161} INFO - Started process (PID=87586) to work on /opt/airflow/dags/ingestion_dag.py
[2025-12-01T13:42:34.829+0000] {processor.py:830} INFO - Processing file /opt/airflow/dags/ingestion_dag.py for tasks to queue
[2025-12-01T13:42:34.832+0000] {logging_mixin.py:188} INFO - [2025-12-01T13:42:34.831+0000] {dagbag.py:540} INFO - Filling up the DagBag from /opt/airflow/dags/ingestion_dag.py
[2025-12-01T13:42:36.579+0000] {logging_mixin.py:188} INFO - [2025-12-01T13:42:36.579+0000] {warnings.py:109} WARNING - /opt/airflow/dags/ingestion_dag.py:257: RemovedInAirflow3Warning: Function `days_ago` is deprecated and will be removed in Airflow 3.0. You can achieve equivalent behavior with `pendulum.today('UTC').add(days=-N, ...)`
  start_date=days_ago(1),
[2025-12-01T13:42:36.580+0000] {logging_mixin.py:188} INFO - [2025-12-01T13:42:36.580+0000] {warnings.py:109} WARNING - /opt/airflow/dags/ingestion_dag.py:254: RemovedInAirflow3Warning: Param `schedule_interval` is deprecated and will be removed in a future release. Please use `schedule` instead. 
  with DAG(
[2025-12-01T13:42:36.591+0000] {processor.py:840} INFO - DAG(s) 'ingestion_dag' retrieved from /opt/airflow/dags/ingestion_dag.py
[2025-12-01T13:42:36.780+0000] {logging_mixin.py:188} INFO - [2025-12-01T13:42:36.779+0000] {dag.py:3047} INFO - Sync 1 DAGs
[2025-12-01T13:42:36.807+0000] {logging_mixin.py:188} INFO - [2025-12-01T13:42:36.807+0000] {dag.py:3834} INFO - Setting next_dagrun for ingestion_dag to 2025-12-01 13:42:00+00:00, run_after=2025-12-01 13:43:00+00:00
[2025-12-01T13:42:36.827+0000] {processor.py:183} INFO - Processing /opt/airflow/dags/ingestion_dag.py took 2.015 seconds
[2025-12-01T13:43:07.325+0000] {processor.py:161} INFO - Started process (PID=87636) to work on /opt/airflow/dags/ingestion_dag.py
[2025-12-01T13:43:07.326+0000] {processor.py:830} INFO - Processing file /opt/airflow/dags/ingestion_dag.py for tasks to queue
[2025-12-01T13:43:07.327+0000] {logging_mixin.py:188} INFO - [2025-12-01T13:43:07.327+0000] {dagbag.py:540} INFO - Filling up the DagBag from /opt/airflow/dags/ingestion_dag.py
[2025-12-01T13:43:10.584+0000] {logging_mixin.py:188} INFO - [2025-12-01T13:43:10.583+0000] {warnings.py:109} WARNING - /opt/airflow/dags/ingestion_dag.py:257: RemovedInAirflow3Warning: Function `days_ago` is deprecated and will be removed in Airflow 3.0. You can achieve equivalent behavior with `pendulum.today('UTC').add(days=-N, ...)`
  start_date=days_ago(1),
[2025-12-01T13:43:10.584+0000] {logging_mixin.py:188} INFO - [2025-12-01T13:43:10.584+0000] {warnings.py:109} WARNING - /opt/airflow/dags/ingestion_dag.py:254: RemovedInAirflow3Warning: Param `schedule_interval` is deprecated and will be removed in a future release. Please use `schedule` instead. 
  with DAG(
[2025-12-01T13:43:10.594+0000] {processor.py:840} INFO - DAG(s) 'ingestion_dag' retrieved from /opt/airflow/dags/ingestion_dag.py
[2025-12-01T13:43:10.649+0000] {logging_mixin.py:188} INFO - [2025-12-01T13:43:10.649+0000] {dag.py:3047} INFO - Sync 1 DAGs
[2025-12-01T13:43:10.697+0000] {logging_mixin.py:188} INFO - [2025-12-01T13:43:10.696+0000] {dag.py:3834} INFO - Setting next_dagrun for ingestion_dag to 2025-12-01 13:43:00+00:00, run_after=2025-12-01 13:44:00+00:00
[2025-12-01T13:43:10.738+0000] {processor.py:183} INFO - Processing /opt/airflow/dags/ingestion_dag.py took 3.419 seconds
[2025-12-01T13:43:41.634+0000] {processor.py:161} INFO - Started process (PID=87684) to work on /opt/airflow/dags/ingestion_dag.py
[2025-12-01T13:43:41.639+0000] {processor.py:830} INFO - Processing file /opt/airflow/dags/ingestion_dag.py for tasks to queue
[2025-12-01T13:43:41.641+0000] {logging_mixin.py:188} INFO - [2025-12-01T13:43:41.640+0000] {dagbag.py:540} INFO - Filling up the DagBag from /opt/airflow/dags/ingestion_dag.py
[2025-12-01T13:43:44.456+0000] {logging_mixin.py:188} INFO - [2025-12-01T13:43:44.456+0000] {warnings.py:109} WARNING - /opt/airflow/dags/ingestion_dag.py:257: RemovedInAirflow3Warning: Function `days_ago` is deprecated and will be removed in Airflow 3.0. You can achieve equivalent behavior with `pendulum.today('UTC').add(days=-N, ...)`
  start_date=days_ago(1),
[2025-12-01T13:43:44.457+0000] {logging_mixin.py:188} INFO - [2025-12-01T13:43:44.457+0000] {warnings.py:109} WARNING - /opt/airflow/dags/ingestion_dag.py:254: RemovedInAirflow3Warning: Param `schedule_interval` is deprecated and will be removed in a future release. Please use `schedule` instead. 
  with DAG(
[2025-12-01T13:43:44.463+0000] {processor.py:840} INFO - DAG(s) 'ingestion_dag' retrieved from /opt/airflow/dags/ingestion_dag.py
[2025-12-01T13:43:44.488+0000] {logging_mixin.py:188} INFO - [2025-12-01T13:43:44.488+0000] {dag.py:3047} INFO - Sync 1 DAGs
[2025-12-01T13:43:44.506+0000] {logging_mixin.py:188} INFO - [2025-12-01T13:43:44.505+0000] {dag.py:3834} INFO - Setting next_dagrun for ingestion_dag to 2025-12-01 13:43:00+00:00, run_after=2025-12-01 13:44:00+00:00
[2025-12-01T13:43:44.521+0000] {processor.py:183} INFO - Processing /opt/airflow/dags/ingestion_dag.py took 2.908 seconds
[2025-12-01T13:44:15.362+0000] {processor.py:161} INFO - Started process (PID=87775) to work on /opt/airflow/dags/ingestion_dag.py
[2025-12-01T13:44:15.374+0000] {processor.py:830} INFO - Processing file /opt/airflow/dags/ingestion_dag.py for tasks to queue
[2025-12-01T13:44:15.376+0000] {logging_mixin.py:188} INFO - [2025-12-01T13:44:15.375+0000] {dagbag.py:540} INFO - Filling up the DagBag from /opt/airflow/dags/ingestion_dag.py
[2025-12-01T13:44:17.924+0000] {logging_mixin.py:188} INFO - [2025-12-01T13:44:17.923+0000] {warnings.py:109} WARNING - /opt/airflow/dags/ingestion_dag.py:257: RemovedInAirflow3Warning: Function `days_ago` is deprecated and will be removed in Airflow 3.0. You can achieve equivalent behavior with `pendulum.today('UTC').add(days=-N, ...)`
  start_date=days_ago(1),
[2025-12-01T13:44:17.925+0000] {logging_mixin.py:188} INFO - [2025-12-01T13:44:17.924+0000] {warnings.py:109} WARNING - /opt/airflow/dags/ingestion_dag.py:254: RemovedInAirflow3Warning: Param `schedule_interval` is deprecated and will be removed in a future release. Please use `schedule` instead. 
  with DAG(
[2025-12-01T13:44:17.931+0000] {processor.py:840} INFO - DAG(s) 'ingestion_dag' retrieved from /opt/airflow/dags/ingestion_dag.py
[2025-12-01T13:44:17.970+0000] {logging_mixin.py:188} INFO - [2025-12-01T13:44:17.969+0000] {dag.py:3047} INFO - Sync 1 DAGs
[2025-12-01T13:44:17.989+0000] {logging_mixin.py:188} INFO - [2025-12-01T13:44:17.989+0000] {dag.py:3834} INFO - Setting next_dagrun for ingestion_dag to 2025-12-01 13:44:00+00:00, run_after=2025-12-01 13:45:00+00:00
[2025-12-01T13:44:18.005+0000] {processor.py:183} INFO - Processing /opt/airflow/dags/ingestion_dag.py took 2.659 seconds
[2025-12-01T13:44:48.949+0000] {processor.py:161} INFO - Started process (PID=87793) to work on /opt/airflow/dags/ingestion_dag.py
[2025-12-01T13:44:48.952+0000] {processor.py:830} INFO - Processing file /opt/airflow/dags/ingestion_dag.py for tasks to queue
[2025-12-01T13:44:48.954+0000] {logging_mixin.py:188} INFO - [2025-12-01T13:44:48.953+0000] {dagbag.py:540} INFO - Filling up the DagBag from /opt/airflow/dags/ingestion_dag.py
[2025-12-01T13:44:50.727+0000] {logging_mixin.py:188} INFO - [2025-12-01T13:44:50.726+0000] {warnings.py:109} WARNING - /opt/airflow/dags/ingestion_dag.py:257: RemovedInAirflow3Warning: Function `days_ago` is deprecated and will be removed in Airflow 3.0. You can achieve equivalent behavior with `pendulum.today('UTC').add(days=-N, ...)`
  start_date=days_ago(1),
[2025-12-01T13:44:50.727+0000] {logging_mixin.py:188} INFO - [2025-12-01T13:44:50.727+0000] {warnings.py:109} WARNING - /opt/airflow/dags/ingestion_dag.py:254: RemovedInAirflow3Warning: Param `schedule_interval` is deprecated and will be removed in a future release. Please use `schedule` instead. 
  with DAG(
[2025-12-01T13:44:50.732+0000] {processor.py:840} INFO - DAG(s) 'ingestion_dag' retrieved from /opt/airflow/dags/ingestion_dag.py
[2025-12-01T13:44:50.762+0000] {logging_mixin.py:188} INFO - [2025-12-01T13:44:50.762+0000] {dag.py:3047} INFO - Sync 1 DAGs
[2025-12-01T13:44:50.781+0000] {logging_mixin.py:188} INFO - [2025-12-01T13:44:50.781+0000] {dag.py:3834} INFO - Setting next_dagrun for ingestion_dag to 2025-12-01 13:44:00+00:00, run_after=2025-12-01 13:45:00+00:00
[2025-12-01T13:44:50.793+0000] {processor.py:183} INFO - Processing /opt/airflow/dags/ingestion_dag.py took 1.861 seconds
[2025-12-01T13:45:21.655+0000] {processor.py:161} INFO - Started process (PID=87873) to work on /opt/airflow/dags/ingestion_dag.py
[2025-12-01T13:45:21.657+0000] {processor.py:830} INFO - Processing file /opt/airflow/dags/ingestion_dag.py for tasks to queue
[2025-12-01T13:45:21.659+0000] {logging_mixin.py:188} INFO - [2025-12-01T13:45:21.658+0000] {dagbag.py:540} INFO - Filling up the DagBag from /opt/airflow/dags/ingestion_dag.py
[2025-12-01T13:45:23.284+0000] {logging_mixin.py:188} INFO - [2025-12-01T13:45:23.284+0000] {warnings.py:109} WARNING - /opt/airflow/dags/ingestion_dag.py:257: RemovedInAirflow3Warning: Function `days_ago` is deprecated and will be removed in Airflow 3.0. You can achieve equivalent behavior with `pendulum.today('UTC').add(days=-N, ...)`
  start_date=days_ago(1),
[2025-12-01T13:45:23.284+0000] {logging_mixin.py:188} INFO - [2025-12-01T13:45:23.284+0000] {warnings.py:109} WARNING - /opt/airflow/dags/ingestion_dag.py:254: RemovedInAirflow3Warning: Param `schedule_interval` is deprecated and will be removed in a future release. Please use `schedule` instead. 
  with DAG(
[2025-12-01T13:45:23.288+0000] {processor.py:840} INFO - DAG(s) 'ingestion_dag' retrieved from /opt/airflow/dags/ingestion_dag.py
[2025-12-01T13:45:23.314+0000] {logging_mixin.py:188} INFO - [2025-12-01T13:45:23.314+0000] {dag.py:3047} INFO - Sync 1 DAGs
[2025-12-01T13:45:23.338+0000] {logging_mixin.py:188} INFO - [2025-12-01T13:45:23.338+0000] {dag.py:3834} INFO - Setting next_dagrun for ingestion_dag to 2025-12-01 13:45:00+00:00, run_after=2025-12-01 13:46:00+00:00
[2025-12-01T13:45:23.348+0000] {processor.py:183} INFO - Processing /opt/airflow/dags/ingestion_dag.py took 1.702 seconds
[2025-12-01T13:45:53.485+0000] {processor.py:161} INFO - Started process (PID=87891) to work on /opt/airflow/dags/ingestion_dag.py
[2025-12-01T13:45:53.488+0000] {processor.py:830} INFO - Processing file /opt/airflow/dags/ingestion_dag.py for tasks to queue
[2025-12-01T13:45:53.489+0000] {logging_mixin.py:188} INFO - [2025-12-01T13:45:53.488+0000] {dagbag.py:540} INFO - Filling up the DagBag from /opt/airflow/dags/ingestion_dag.py
[2025-12-01T13:45:55.083+0000] {logging_mixin.py:188} INFO - [2025-12-01T13:45:55.083+0000] {warnings.py:109} WARNING - /opt/airflow/dags/ingestion_dag.py:257: RemovedInAirflow3Warning: Function `days_ago` is deprecated and will be removed in Airflow 3.0. You can achieve equivalent behavior with `pendulum.today('UTC').add(days=-N, ...)`
  start_date=days_ago(1),
[2025-12-01T13:45:55.083+0000] {logging_mixin.py:188} INFO - [2025-12-01T13:45:55.083+0000] {warnings.py:109} WARNING - /opt/airflow/dags/ingestion_dag.py:254: RemovedInAirflow3Warning: Param `schedule_interval` is deprecated and will be removed in a future release. Please use `schedule` instead. 
  with DAG(
[2025-12-01T13:45:55.087+0000] {processor.py:840} INFO - DAG(s) 'ingestion_dag' retrieved from /opt/airflow/dags/ingestion_dag.py
[2025-12-01T13:45:55.115+0000] {logging_mixin.py:188} INFO - [2025-12-01T13:45:55.114+0000] {dag.py:3047} INFO - Sync 1 DAGs
[2025-12-01T13:45:55.131+0000] {logging_mixin.py:188} INFO - [2025-12-01T13:45:55.131+0000] {dag.py:3834} INFO - Setting next_dagrun for ingestion_dag to 2025-12-01 13:45:00+00:00, run_after=2025-12-01 13:46:00+00:00
[2025-12-01T13:45:55.140+0000] {processor.py:183} INFO - Processing /opt/airflow/dags/ingestion_dag.py took 1.665 seconds
[2025-12-01T13:46:25.637+0000] {processor.py:161} INFO - Started process (PID=87977) to work on /opt/airflow/dags/ingestion_dag.py
[2025-12-01T13:46:25.641+0000] {processor.py:830} INFO - Processing file /opt/airflow/dags/ingestion_dag.py for tasks to queue
[2025-12-01T13:46:25.644+0000] {logging_mixin.py:188} INFO - [2025-12-01T13:46:25.643+0000] {dagbag.py:540} INFO - Filling up the DagBag from /opt/airflow/dags/ingestion_dag.py
[2025-12-01T13:46:27.545+0000] {logging_mixin.py:188} INFO - [2025-12-01T13:46:27.544+0000] {warnings.py:109} WARNING - /opt/airflow/dags/ingestion_dag.py:257: RemovedInAirflow3Warning: Function `days_ago` is deprecated and will be removed in Airflow 3.0. You can achieve equivalent behavior with `pendulum.today('UTC').add(days=-N, ...)`
  start_date=days_ago(1),
[2025-12-01T13:46:27.545+0000] {logging_mixin.py:188} INFO - [2025-12-01T13:46:27.545+0000] {warnings.py:109} WARNING - /opt/airflow/dags/ingestion_dag.py:254: RemovedInAirflow3Warning: Param `schedule_interval` is deprecated and will be removed in a future release. Please use `schedule` instead. 
  with DAG(
[2025-12-01T13:46:27.550+0000] {processor.py:840} INFO - DAG(s) 'ingestion_dag' retrieved from /opt/airflow/dags/ingestion_dag.py
[2025-12-01T13:46:27.570+0000] {logging_mixin.py:188} INFO - [2025-12-01T13:46:27.570+0000] {dag.py:3047} INFO - Sync 1 DAGs
[2025-12-01T13:46:27.596+0000] {logging_mixin.py:188} INFO - [2025-12-01T13:46:27.596+0000] {dag.py:3834} INFO - Setting next_dagrun for ingestion_dag to 2025-12-01 13:46:00+00:00, run_after=2025-12-01 13:47:00+00:00
[2025-12-01T13:46:27.608+0000] {processor.py:183} INFO - Processing /opt/airflow/dags/ingestion_dag.py took 1.989 seconds
[2025-12-01T13:46:58.084+0000] {processor.py:161} INFO - Started process (PID=87995) to work on /opt/airflow/dags/ingestion_dag.py
[2025-12-01T13:46:58.085+0000] {processor.py:830} INFO - Processing file /opt/airflow/dags/ingestion_dag.py for tasks to queue
[2025-12-01T13:46:58.086+0000] {logging_mixin.py:188} INFO - [2025-12-01T13:46:58.086+0000] {dagbag.py:540} INFO - Filling up the DagBag from /opt/airflow/dags/ingestion_dag.py
[2025-12-01T13:46:59.649+0000] {logging_mixin.py:188} INFO - [2025-12-01T13:46:59.648+0000] {warnings.py:109} WARNING - /opt/airflow/dags/ingestion_dag.py:257: RemovedInAirflow3Warning: Function `days_ago` is deprecated and will be removed in Airflow 3.0. You can achieve equivalent behavior with `pendulum.today('UTC').add(days=-N, ...)`
  start_date=days_ago(1),
[2025-12-01T13:46:59.649+0000] {logging_mixin.py:188} INFO - [2025-12-01T13:46:59.649+0000] {warnings.py:109} WARNING - /opt/airflow/dags/ingestion_dag.py:254: RemovedInAirflow3Warning: Param `schedule_interval` is deprecated and will be removed in a future release. Please use `schedule` instead. 
  with DAG(
[2025-12-01T13:46:59.654+0000] {processor.py:840} INFO - DAG(s) 'ingestion_dag' retrieved from /opt/airflow/dags/ingestion_dag.py
[2025-12-01T13:46:59.677+0000] {logging_mixin.py:188} INFO - [2025-12-01T13:46:59.677+0000] {dag.py:3047} INFO - Sync 1 DAGs
[2025-12-01T13:46:59.692+0000] {logging_mixin.py:188} INFO - [2025-12-01T13:46:59.692+0000] {dag.py:3834} INFO - Setting next_dagrun for ingestion_dag to 2025-12-01 13:46:00+00:00, run_after=2025-12-01 13:47:00+00:00
[2025-12-01T13:46:59.702+0000] {processor.py:183} INFO - Processing /opt/airflow/dags/ingestion_dag.py took 1.624 seconds
[2025-12-01T13:47:30.590+0000] {processor.py:161} INFO - Started process (PID=88075) to work on /opt/airflow/dags/ingestion_dag.py
[2025-12-01T13:47:30.592+0000] {processor.py:830} INFO - Processing file /opt/airflow/dags/ingestion_dag.py for tasks to queue
[2025-12-01T13:47:30.593+0000] {logging_mixin.py:188} INFO - [2025-12-01T13:47:30.592+0000] {dagbag.py:540} INFO - Filling up the DagBag from /opt/airflow/dags/ingestion_dag.py
[2025-12-01T13:47:32.017+0000] {logging_mixin.py:188} INFO - [2025-12-01T13:47:32.017+0000] {warnings.py:109} WARNING - /opt/airflow/dags/ingestion_dag.py:257: RemovedInAirflow3Warning: Function `days_ago` is deprecated and will be removed in Airflow 3.0. You can achieve equivalent behavior with `pendulum.today('UTC').add(days=-N, ...)`
  start_date=days_ago(1),
[2025-12-01T13:47:32.017+0000] {logging_mixin.py:188} INFO - [2025-12-01T13:47:32.017+0000] {warnings.py:109} WARNING - /opt/airflow/dags/ingestion_dag.py:254: RemovedInAirflow3Warning: Param `schedule_interval` is deprecated and will be removed in a future release. Please use `schedule` instead. 
  with DAG(
[2025-12-01T13:47:32.021+0000] {processor.py:840} INFO - DAG(s) 'ingestion_dag' retrieved from /opt/airflow/dags/ingestion_dag.py
[2025-12-01T13:47:32.037+0000] {logging_mixin.py:188} INFO - [2025-12-01T13:47:32.037+0000] {dag.py:3047} INFO - Sync 1 DAGs
[2025-12-01T13:47:32.052+0000] {logging_mixin.py:188} INFO - [2025-12-01T13:47:32.052+0000] {dag.py:3834} INFO - Setting next_dagrun for ingestion_dag to 2025-12-01 13:47:00+00:00, run_after=2025-12-01 13:48:00+00:00
[2025-12-01T13:47:32.060+0000] {processor.py:183} INFO - Processing /opt/airflow/dags/ingestion_dag.py took 1.486 seconds
[2025-12-01T13:48:03.044+0000] {processor.py:161} INFO - Started process (PID=88107) to work on /opt/airflow/dags/ingestion_dag.py
[2025-12-01T13:48:03.046+0000] {processor.py:830} INFO - Processing file /opt/airflow/dags/ingestion_dag.py for tasks to queue
[2025-12-01T13:48:03.047+0000] {logging_mixin.py:188} INFO - [2025-12-01T13:48:03.047+0000] {dagbag.py:540} INFO - Filling up the DagBag from /opt/airflow/dags/ingestion_dag.py
[2025-12-01T13:48:04.507+0000] {logging_mixin.py:188} INFO - [2025-12-01T13:48:04.506+0000] {warnings.py:109} WARNING - /opt/airflow/dags/ingestion_dag.py:257: RemovedInAirflow3Warning: Function `days_ago` is deprecated and will be removed in Airflow 3.0. You can achieve equivalent behavior with `pendulum.today('UTC').add(days=-N, ...)`
  start_date=days_ago(1),
[2025-12-01T13:48:04.507+0000] {logging_mixin.py:188} INFO - [2025-12-01T13:48:04.507+0000] {warnings.py:109} WARNING - /opt/airflow/dags/ingestion_dag.py:254: RemovedInAirflow3Warning: Param `schedule_interval` is deprecated and will be removed in a future release. Please use `schedule` instead. 
  with DAG(
[2025-12-01T13:48:04.511+0000] {processor.py:840} INFO - DAG(s) 'ingestion_dag' retrieved from /opt/airflow/dags/ingestion_dag.py
[2025-12-01T13:48:04.529+0000] {logging_mixin.py:188} INFO - [2025-12-01T13:48:04.529+0000] {dag.py:3047} INFO - Sync 1 DAGs
[2025-12-01T13:48:04.553+0000] {logging_mixin.py:188} INFO - [2025-12-01T13:48:04.553+0000] {dag.py:3834} INFO - Setting next_dagrun for ingestion_dag to 2025-12-01 13:48:00+00:00, run_after=2025-12-01 13:49:00+00:00
[2025-12-01T13:48:04.565+0000] {processor.py:183} INFO - Processing /opt/airflow/dags/ingestion_dag.py took 1.527 seconds
[2025-12-01T13:48:35.482+0000] {processor.py:161} INFO - Started process (PID=88179) to work on /opt/airflow/dags/ingestion_dag.py
[2025-12-01T13:48:35.485+0000] {processor.py:830} INFO - Processing file /opt/airflow/dags/ingestion_dag.py for tasks to queue
[2025-12-01T13:48:35.487+0000] {logging_mixin.py:188} INFO - [2025-12-01T13:48:35.486+0000] {dagbag.py:540} INFO - Filling up the DagBag from /opt/airflow/dags/ingestion_dag.py
[2025-12-01T13:48:38.202+0000] {logging_mixin.py:188} INFO - [2025-12-01T13:48:38.202+0000] {warnings.py:109} WARNING - /opt/airflow/dags/ingestion_dag.py:257: RemovedInAirflow3Warning: Function `days_ago` is deprecated and will be removed in Airflow 3.0. You can achieve equivalent behavior with `pendulum.today('UTC').add(days=-N, ...)`
  start_date=days_ago(1),
[2025-12-01T13:48:38.203+0000] {logging_mixin.py:188} INFO - [2025-12-01T13:48:38.203+0000] {warnings.py:109} WARNING - /opt/airflow/dags/ingestion_dag.py:254: RemovedInAirflow3Warning: Param `schedule_interval` is deprecated and will be removed in a future release. Please use `schedule` instead. 
  with DAG(
[2025-12-01T13:48:38.207+0000] {processor.py:840} INFO - DAG(s) 'ingestion_dag' retrieved from /opt/airflow/dags/ingestion_dag.py
[2025-12-01T13:48:38.226+0000] {logging_mixin.py:188} INFO - [2025-12-01T13:48:38.226+0000] {dag.py:3047} INFO - Sync 1 DAGs
[2025-12-01T13:48:38.245+0000] {logging_mixin.py:188} INFO - [2025-12-01T13:48:38.245+0000] {dag.py:3834} INFO - Setting next_dagrun for ingestion_dag to 2025-12-01 13:48:00+00:00, run_after=2025-12-01 13:49:00+00:00
[2025-12-01T13:48:38.254+0000] {processor.py:183} INFO - Processing /opt/airflow/dags/ingestion_dag.py took 2.781 seconds
[2025-12-01T13:49:08.655+0000] {processor.py:161} INFO - Started process (PID=88259) to work on /opt/airflow/dags/ingestion_dag.py
[2025-12-01T13:49:08.657+0000] {processor.py:830} INFO - Processing file /opt/airflow/dags/ingestion_dag.py for tasks to queue
[2025-12-01T13:49:08.658+0000] {logging_mixin.py:188} INFO - [2025-12-01T13:49:08.658+0000] {dagbag.py:540} INFO - Filling up the DagBag from /opt/airflow/dags/ingestion_dag.py
[2025-12-01T13:49:10.171+0000] {logging_mixin.py:188} INFO - [2025-12-01T13:49:10.171+0000] {warnings.py:109} WARNING - /opt/airflow/dags/ingestion_dag.py:257: RemovedInAirflow3Warning: Function `days_ago` is deprecated and will be removed in Airflow 3.0. You can achieve equivalent behavior with `pendulum.today('UTC').add(days=-N, ...)`
  start_date=days_ago(1),
[2025-12-01T13:49:10.171+0000] {logging_mixin.py:188} INFO - [2025-12-01T13:49:10.171+0000] {warnings.py:109} WARNING - /opt/airflow/dags/ingestion_dag.py:254: RemovedInAirflow3Warning: Param `schedule_interval` is deprecated and will be removed in a future release. Please use `schedule` instead. 
  with DAG(
[2025-12-01T13:49:10.176+0000] {processor.py:840} INFO - DAG(s) 'ingestion_dag' retrieved from /opt/airflow/dags/ingestion_dag.py
[2025-12-01T13:49:10.194+0000] {logging_mixin.py:188} INFO - [2025-12-01T13:49:10.194+0000] {dag.py:3047} INFO - Sync 1 DAGs
[2025-12-01T13:49:10.215+0000] {logging_mixin.py:188} INFO - [2025-12-01T13:49:10.215+0000] {dag.py:3834} INFO - Setting next_dagrun for ingestion_dag to 2025-12-01 13:49:00+00:00, run_after=2025-12-01 13:50:00+00:00
[2025-12-01T13:49:10.225+0000] {processor.py:183} INFO - Processing /opt/airflow/dags/ingestion_dag.py took 1.573 seconds
[2025-12-01T13:49:41.172+0000] {processor.py:161} INFO - Started process (PID=88277) to work on /opt/airflow/dags/ingestion_dag.py
[2025-12-01T13:49:41.175+0000] {processor.py:830} INFO - Processing file /opt/airflow/dags/ingestion_dag.py for tasks to queue
[2025-12-01T13:49:41.178+0000] {logging_mixin.py:188} INFO - [2025-12-01T13:49:41.177+0000] {dagbag.py:540} INFO - Filling up the DagBag from /opt/airflow/dags/ingestion_dag.py
[2025-12-01T13:49:42.755+0000] {logging_mixin.py:188} INFO - [2025-12-01T13:49:42.755+0000] {warnings.py:109} WARNING - /opt/airflow/dags/ingestion_dag.py:257: RemovedInAirflow3Warning: Function `days_ago` is deprecated and will be removed in Airflow 3.0. You can achieve equivalent behavior with `pendulum.today('UTC').add(days=-N, ...)`
  start_date=days_ago(1),
[2025-12-01T13:49:42.756+0000] {logging_mixin.py:188} INFO - [2025-12-01T13:49:42.756+0000] {warnings.py:109} WARNING - /opt/airflow/dags/ingestion_dag.py:254: RemovedInAirflow3Warning: Param `schedule_interval` is deprecated and will be removed in a future release. Please use `schedule` instead. 
  with DAG(
[2025-12-01T13:49:42.759+0000] {processor.py:840} INFO - DAG(s) 'ingestion_dag' retrieved from /opt/airflow/dags/ingestion_dag.py
[2025-12-01T13:49:42.781+0000] {logging_mixin.py:188} INFO - [2025-12-01T13:49:42.781+0000] {dag.py:3047} INFO - Sync 1 DAGs
[2025-12-01T13:49:42.802+0000] {logging_mixin.py:188} INFO - [2025-12-01T13:49:42.802+0000] {dag.py:3834} INFO - Setting next_dagrun for ingestion_dag to 2025-12-01 13:49:00+00:00, run_after=2025-12-01 13:50:00+00:00
[2025-12-01T13:49:42.813+0000] {processor.py:183} INFO - Processing /opt/airflow/dags/ingestion_dag.py took 1.647 seconds
[2025-12-01T13:50:13.628+0000] {processor.py:161} INFO - Started process (PID=88363) to work on /opt/airflow/dags/ingestion_dag.py
[2025-12-01T13:50:13.631+0000] {processor.py:830} INFO - Processing file /opt/airflow/dags/ingestion_dag.py for tasks to queue
[2025-12-01T13:50:13.633+0000] {logging_mixin.py:188} INFO - [2025-12-01T13:50:13.632+0000] {dagbag.py:540} INFO - Filling up the DagBag from /opt/airflow/dags/ingestion_dag.py
[2025-12-01T13:50:15.156+0000] {logging_mixin.py:188} INFO - [2025-12-01T13:50:15.156+0000] {warnings.py:109} WARNING - /opt/airflow/dags/ingestion_dag.py:257: RemovedInAirflow3Warning: Function `days_ago` is deprecated and will be removed in Airflow 3.0. You can achieve equivalent behavior with `pendulum.today('UTC').add(days=-N, ...)`
  start_date=days_ago(1),
[2025-12-01T13:50:15.156+0000] {logging_mixin.py:188} INFO - [2025-12-01T13:50:15.156+0000] {warnings.py:109} WARNING - /opt/airflow/dags/ingestion_dag.py:254: RemovedInAirflow3Warning: Param `schedule_interval` is deprecated and will be removed in a future release. Please use `schedule` instead. 
  with DAG(
[2025-12-01T13:50:15.160+0000] {processor.py:840} INFO - DAG(s) 'ingestion_dag' retrieved from /opt/airflow/dags/ingestion_dag.py
[2025-12-01T13:50:15.187+0000] {logging_mixin.py:188} INFO - [2025-12-01T13:50:15.186+0000] {dag.py:3047} INFO - Sync 1 DAGs
[2025-12-01T13:50:15.202+0000] {logging_mixin.py:188} INFO - [2025-12-01T13:50:15.202+0000] {dag.py:3834} INFO - Setting next_dagrun for ingestion_dag to 2025-12-01 13:50:00+00:00, run_after=2025-12-01 13:51:00+00:00
[2025-12-01T13:50:15.212+0000] {processor.py:183} INFO - Processing /opt/airflow/dags/ingestion_dag.py took 1.595 seconds
[2025-12-01T13:50:46.205+0000] {processor.py:161} INFO - Started process (PID=88381) to work on /opt/airflow/dags/ingestion_dag.py
[2025-12-01T13:50:46.208+0000] {processor.py:830} INFO - Processing file /opt/airflow/dags/ingestion_dag.py for tasks to queue
[2025-12-01T13:50:46.210+0000] {logging_mixin.py:188} INFO - [2025-12-01T13:50:46.209+0000] {dagbag.py:540} INFO - Filling up the DagBag from /opt/airflow/dags/ingestion_dag.py
[2025-12-01T13:50:47.888+0000] {logging_mixin.py:188} INFO - [2025-12-01T13:50:47.888+0000] {warnings.py:109} WARNING - /opt/airflow/dags/ingestion_dag.py:257: RemovedInAirflow3Warning: Function `days_ago` is deprecated and will be removed in Airflow 3.0. You can achieve equivalent behavior with `pendulum.today('UTC').add(days=-N, ...)`
  start_date=days_ago(1),
[2025-12-01T13:50:47.888+0000] {logging_mixin.py:188} INFO - [2025-12-01T13:50:47.888+0000] {warnings.py:109} WARNING - /opt/airflow/dags/ingestion_dag.py:254: RemovedInAirflow3Warning: Param `schedule_interval` is deprecated and will be removed in a future release. Please use `schedule` instead. 
  with DAG(
[2025-12-01T13:50:47.893+0000] {processor.py:840} INFO - DAG(s) 'ingestion_dag' retrieved from /opt/airflow/dags/ingestion_dag.py
[2025-12-01T13:50:47.923+0000] {logging_mixin.py:188} INFO - [2025-12-01T13:50:47.923+0000] {dag.py:3047} INFO - Sync 1 DAGs
[2025-12-01T13:50:47.943+0000] {logging_mixin.py:188} INFO - [2025-12-01T13:50:47.942+0000] {dag.py:3834} INFO - Setting next_dagrun for ingestion_dag to 2025-12-01 13:50:00+00:00, run_after=2025-12-01 13:51:00+00:00
[2025-12-01T13:50:47.956+0000] {processor.py:183} INFO - Processing /opt/airflow/dags/ingestion_dag.py took 1.759 seconds
[2025-12-01T13:51:18.349+0000] {processor.py:161} INFO - Started process (PID=88461) to work on /opt/airflow/dags/ingestion_dag.py
[2025-12-01T13:51:18.352+0000] {processor.py:830} INFO - Processing file /opt/airflow/dags/ingestion_dag.py for tasks to queue
[2025-12-01T13:51:18.353+0000] {logging_mixin.py:188} INFO - [2025-12-01T13:51:18.352+0000] {dagbag.py:540} INFO - Filling up the DagBag from /opt/airflow/dags/ingestion_dag.py
[2025-12-01T13:51:19.896+0000] {logging_mixin.py:188} INFO - [2025-12-01T13:51:19.896+0000] {warnings.py:109} WARNING - /opt/airflow/dags/ingestion_dag.py:257: RemovedInAirflow3Warning: Function `days_ago` is deprecated and will be removed in Airflow 3.0. You can achieve equivalent behavior with `pendulum.today('UTC').add(days=-N, ...)`
  start_date=days_ago(1),
[2025-12-01T13:51:19.896+0000] {logging_mixin.py:188} INFO - [2025-12-01T13:51:19.896+0000] {warnings.py:109} WARNING - /opt/airflow/dags/ingestion_dag.py:254: RemovedInAirflow3Warning: Param `schedule_interval` is deprecated and will be removed in a future release. Please use `schedule` instead. 
  with DAG(
[2025-12-01T13:51:19.900+0000] {processor.py:840} INFO - DAG(s) 'ingestion_dag' retrieved from /opt/airflow/dags/ingestion_dag.py
[2025-12-01T13:51:19.913+0000] {logging_mixin.py:188} INFO - [2025-12-01T13:51:19.913+0000] {dag.py:3047} INFO - Sync 1 DAGs
[2025-12-01T13:51:19.926+0000] {logging_mixin.py:188} INFO - [2025-12-01T13:51:19.926+0000] {dag.py:3834} INFO - Setting next_dagrun for ingestion_dag to 2025-12-01 13:51:00+00:00, run_after=2025-12-01 13:52:00+00:00
[2025-12-01T13:51:19.934+0000] {processor.py:183} INFO - Processing /opt/airflow/dags/ingestion_dag.py took 1.601 seconds
[2025-12-01T13:51:50.034+0000] {processor.py:161} INFO - Started process (PID=88484) to work on /opt/airflow/dags/ingestion_dag.py
[2025-12-01T13:51:50.035+0000] {processor.py:830} INFO - Processing file /opt/airflow/dags/ingestion_dag.py for tasks to queue
[2025-12-01T13:51:50.035+0000] {logging_mixin.py:188} INFO - [2025-12-01T13:51:50.035+0000] {dagbag.py:540} INFO - Filling up the DagBag from /opt/airflow/dags/ingestion_dag.py
[2025-12-01T13:51:51.471+0000] {logging_mixin.py:188} INFO - [2025-12-01T13:51:51.470+0000] {warnings.py:109} WARNING - /opt/airflow/dags/ingestion_dag.py:257: RemovedInAirflow3Warning: Function `days_ago` is deprecated and will be removed in Airflow 3.0. You can achieve equivalent behavior with `pendulum.today('UTC').add(days=-N, ...)`
  start_date=days_ago(1),
[2025-12-01T13:51:51.471+0000] {logging_mixin.py:188} INFO - [2025-12-01T13:51:51.471+0000] {warnings.py:109} WARNING - /opt/airflow/dags/ingestion_dag.py:254: RemovedInAirflow3Warning: Param `schedule_interval` is deprecated and will be removed in a future release. Please use `schedule` instead. 
  with DAG(
[2025-12-01T13:51:51.474+0000] {processor.py:840} INFO - DAG(s) 'ingestion_dag' retrieved from /opt/airflow/dags/ingestion_dag.py
[2025-12-01T13:51:51.489+0000] {logging_mixin.py:188} INFO - [2025-12-01T13:51:51.489+0000] {dag.py:3047} INFO - Sync 1 DAGs
[2025-12-01T13:51:51.503+0000] {logging_mixin.py:188} INFO - [2025-12-01T13:51:51.503+0000] {dag.py:3834} INFO - Setting next_dagrun for ingestion_dag to 2025-12-01 13:51:00+00:00, run_after=2025-12-01 13:52:00+00:00
[2025-12-01T13:51:51.514+0000] {processor.py:183} INFO - Processing /opt/airflow/dags/ingestion_dag.py took 1.482 seconds
[2025-12-01T13:52:22.356+0000] {processor.py:161} INFO - Started process (PID=88570) to work on /opt/airflow/dags/ingestion_dag.py
[2025-12-01T13:52:22.357+0000] {processor.py:830} INFO - Processing file /opt/airflow/dags/ingestion_dag.py for tasks to queue
[2025-12-01T13:52:22.358+0000] {logging_mixin.py:188} INFO - [2025-12-01T13:52:22.358+0000] {dagbag.py:540} INFO - Filling up the DagBag from /opt/airflow/dags/ingestion_dag.py
[2025-12-01T13:52:23.843+0000] {logging_mixin.py:188} INFO - [2025-12-01T13:52:23.843+0000] {warnings.py:109} WARNING - /opt/airflow/dags/ingestion_dag.py:257: RemovedInAirflow3Warning: Function `days_ago` is deprecated and will be removed in Airflow 3.0. You can achieve equivalent behavior with `pendulum.today('UTC').add(days=-N, ...)`
  start_date=days_ago(1),
[2025-12-01T13:52:23.843+0000] {logging_mixin.py:188} INFO - [2025-12-01T13:52:23.843+0000] {warnings.py:109} WARNING - /opt/airflow/dags/ingestion_dag.py:254: RemovedInAirflow3Warning: Param `schedule_interval` is deprecated and will be removed in a future release. Please use `schedule` instead. 
  with DAG(
[2025-12-01T13:52:23.847+0000] {processor.py:840} INFO - DAG(s) 'ingestion_dag' retrieved from /opt/airflow/dags/ingestion_dag.py
[2025-12-01T13:52:23.864+0000] {logging_mixin.py:188} INFO - [2025-12-01T13:52:23.864+0000] {dag.py:3047} INFO - Sync 1 DAGs
[2025-12-01T13:52:23.879+0000] {logging_mixin.py:188} INFO - [2025-12-01T13:52:23.879+0000] {dag.py:3834} INFO - Setting next_dagrun for ingestion_dag to 2025-12-01 13:52:00+00:00, run_after=2025-12-01 13:53:00+00:00
[2025-12-01T13:52:23.889+0000] {processor.py:183} INFO - Processing /opt/airflow/dags/ingestion_dag.py took 1.536 seconds
[2025-12-01T13:52:53.942+0000] {processor.py:161} INFO - Started process (PID=88588) to work on /opt/airflow/dags/ingestion_dag.py
[2025-12-01T13:52:53.944+0000] {processor.py:830} INFO - Processing file /opt/airflow/dags/ingestion_dag.py for tasks to queue
[2025-12-01T13:52:53.945+0000] {logging_mixin.py:188} INFO - [2025-12-01T13:52:53.945+0000] {dagbag.py:540} INFO - Filling up the DagBag from /opt/airflow/dags/ingestion_dag.py
[2025-12-01T13:52:55.229+0000] {logging_mixin.py:188} INFO - [2025-12-01T13:52:55.229+0000] {warnings.py:109} WARNING - /opt/airflow/dags/ingestion_dag.py:257: RemovedInAirflow3Warning: Function `days_ago` is deprecated and will be removed in Airflow 3.0. You can achieve equivalent behavior with `pendulum.today('UTC').add(days=-N, ...)`
  start_date=days_ago(1),
[2025-12-01T13:52:55.230+0000] {logging_mixin.py:188} INFO - [2025-12-01T13:52:55.230+0000] {warnings.py:109} WARNING - /opt/airflow/dags/ingestion_dag.py:254: RemovedInAirflow3Warning: Param `schedule_interval` is deprecated and will be removed in a future release. Please use `schedule` instead. 
  with DAG(
[2025-12-01T13:52:55.233+0000] {processor.py:840} INFO - DAG(s) 'ingestion_dag' retrieved from /opt/airflow/dags/ingestion_dag.py
[2025-12-01T13:52:55.248+0000] {logging_mixin.py:188} INFO - [2025-12-01T13:52:55.248+0000] {dag.py:3047} INFO - Sync 1 DAGs
[2025-12-01T13:52:55.262+0000] {logging_mixin.py:188} INFO - [2025-12-01T13:52:55.262+0000] {dag.py:3834} INFO - Setting next_dagrun for ingestion_dag to 2025-12-01 13:52:00+00:00, run_after=2025-12-01 13:53:00+00:00
[2025-12-01T13:52:55.271+0000] {processor.py:183} INFO - Processing /opt/airflow/dags/ingestion_dag.py took 1.335 seconds
[2025-12-01T13:53:25.403+0000] {processor.py:161} INFO - Started process (PID=88668) to work on /opt/airflow/dags/ingestion_dag.py
[2025-12-01T13:53:25.404+0000] {processor.py:830} INFO - Processing file /opt/airflow/dags/ingestion_dag.py for tasks to queue
[2025-12-01T13:53:25.405+0000] {logging_mixin.py:188} INFO - [2025-12-01T13:53:25.405+0000] {dagbag.py:540} INFO - Filling up the DagBag from /opt/airflow/dags/ingestion_dag.py
[2025-12-01T13:53:26.903+0000] {logging_mixin.py:188} INFO - [2025-12-01T13:53:26.903+0000] {warnings.py:109} WARNING - /opt/airflow/dags/ingestion_dag.py:257: RemovedInAirflow3Warning: Function `days_ago` is deprecated and will be removed in Airflow 3.0. You can achieve equivalent behavior with `pendulum.today('UTC').add(days=-N, ...)`
  start_date=days_ago(1),
[2025-12-01T13:53:26.904+0000] {logging_mixin.py:188} INFO - [2025-12-01T13:53:26.904+0000] {warnings.py:109} WARNING - /opt/airflow/dags/ingestion_dag.py:254: RemovedInAirflow3Warning: Param `schedule_interval` is deprecated and will be removed in a future release. Please use `schedule` instead. 
  with DAG(
[2025-12-01T13:53:26.907+0000] {processor.py:840} INFO - DAG(s) 'ingestion_dag' retrieved from /opt/airflow/dags/ingestion_dag.py
[2025-12-01T13:53:26.927+0000] {logging_mixin.py:188} INFO - [2025-12-01T13:53:26.927+0000] {dag.py:3047} INFO - Sync 1 DAGs
[2025-12-01T13:53:26.947+0000] {logging_mixin.py:188} INFO - [2025-12-01T13:53:26.947+0000] {dag.py:3834} INFO - Setting next_dagrun for ingestion_dag to 2025-12-01 13:53:00+00:00, run_after=2025-12-01 13:54:00+00:00
[2025-12-01T13:53:26.956+0000] {processor.py:183} INFO - Processing /opt/airflow/dags/ingestion_dag.py took 1.557 seconds
[2025-12-01T13:53:57.009+0000] {processor.py:161} INFO - Started process (PID=88686) to work on /opt/airflow/dags/ingestion_dag.py
[2025-12-01T13:53:57.012+0000] {processor.py:830} INFO - Processing file /opt/airflow/dags/ingestion_dag.py for tasks to queue
[2025-12-01T13:53:57.013+0000] {logging_mixin.py:188} INFO - [2025-12-01T13:53:57.013+0000] {dagbag.py:540} INFO - Filling up the DagBag from /opt/airflow/dags/ingestion_dag.py
[2025-12-01T13:53:58.583+0000] {logging_mixin.py:188} INFO - [2025-12-01T13:53:58.582+0000] {warnings.py:109} WARNING - /opt/airflow/dags/ingestion_dag.py:257: RemovedInAirflow3Warning: Function `days_ago` is deprecated and will be removed in Airflow 3.0. You can achieve equivalent behavior with `pendulum.today('UTC').add(days=-N, ...)`
  start_date=days_ago(1),
[2025-12-01T13:53:58.583+0000] {logging_mixin.py:188} INFO - [2025-12-01T13:53:58.583+0000] {warnings.py:109} WARNING - /opt/airflow/dags/ingestion_dag.py:254: RemovedInAirflow3Warning: Param `schedule_interval` is deprecated and will be removed in a future release. Please use `schedule` instead. 
  with DAG(
[2025-12-01T13:53:58.587+0000] {processor.py:840} INFO - DAG(s) 'ingestion_dag' retrieved from /opt/airflow/dags/ingestion_dag.py
[2025-12-01T13:53:58.609+0000] {logging_mixin.py:188} INFO - [2025-12-01T13:53:58.609+0000] {dag.py:3047} INFO - Sync 1 DAGs
[2025-12-01T13:53:58.635+0000] {logging_mixin.py:188} INFO - [2025-12-01T13:53:58.635+0000] {dag.py:3834} INFO - Setting next_dagrun for ingestion_dag to 2025-12-01 13:53:00+00:00, run_after=2025-12-01 13:54:00+00:00
[2025-12-01T13:53:58.649+0000] {processor.py:183} INFO - Processing /opt/airflow/dags/ingestion_dag.py took 1.645 seconds
[2025-12-01T13:54:29.379+0000] {processor.py:161} INFO - Started process (PID=88772) to work on /opt/airflow/dags/ingestion_dag.py
[2025-12-01T13:54:29.382+0000] {processor.py:830} INFO - Processing file /opt/airflow/dags/ingestion_dag.py for tasks to queue
[2025-12-01T13:54:29.383+0000] {logging_mixin.py:188} INFO - [2025-12-01T13:54:29.382+0000] {dagbag.py:540} INFO - Filling up the DagBag from /opt/airflow/dags/ingestion_dag.py
[2025-12-01T13:54:30.822+0000] {logging_mixin.py:188} INFO - [2025-12-01T13:54:30.822+0000] {warnings.py:109} WARNING - /opt/airflow/dags/ingestion_dag.py:257: RemovedInAirflow3Warning: Function `days_ago` is deprecated and will be removed in Airflow 3.0. You can achieve equivalent behavior with `pendulum.today('UTC').add(days=-N, ...)`
  start_date=days_ago(1),
[2025-12-01T13:54:30.822+0000] {logging_mixin.py:188} INFO - [2025-12-01T13:54:30.822+0000] {warnings.py:109} WARNING - /opt/airflow/dags/ingestion_dag.py:254: RemovedInAirflow3Warning: Param `schedule_interval` is deprecated and will be removed in a future release. Please use `schedule` instead. 
  with DAG(
[2025-12-01T13:54:30.826+0000] {processor.py:840} INFO - DAG(s) 'ingestion_dag' retrieved from /opt/airflow/dags/ingestion_dag.py
[2025-12-01T13:54:30.843+0000] {logging_mixin.py:188} INFO - [2025-12-01T13:54:30.843+0000] {dag.py:3047} INFO - Sync 1 DAGs
[2025-12-01T13:54:30.858+0000] {logging_mixin.py:188} INFO - [2025-12-01T13:54:30.858+0000] {dag.py:3834} INFO - Setting next_dagrun for ingestion_dag to 2025-12-01 13:54:00+00:00, run_after=2025-12-01 13:55:00+00:00
[2025-12-01T13:54:30.867+0000] {processor.py:183} INFO - Processing /opt/airflow/dags/ingestion_dag.py took 1.501 seconds
[2025-12-01T13:55:00.995+0000] {processor.py:161} INFO - Started process (PID=88791) to work on /opt/airflow/dags/ingestion_dag.py
[2025-12-01T13:55:00.998+0000] {processor.py:830} INFO - Processing file /opt/airflow/dags/ingestion_dag.py for tasks to queue
[2025-12-01T13:55:00.999+0000] {logging_mixin.py:188} INFO - [2025-12-01T13:55:00.999+0000] {dagbag.py:540} INFO - Filling up the DagBag from /opt/airflow/dags/ingestion_dag.py
[2025-12-01T13:55:02.473+0000] {logging_mixin.py:188} INFO - [2025-12-01T13:55:02.473+0000] {warnings.py:109} WARNING - /opt/airflow/dags/ingestion_dag.py:257: RemovedInAirflow3Warning: Function `days_ago` is deprecated and will be removed in Airflow 3.0. You can achieve equivalent behavior with `pendulum.today('UTC').add(days=-N, ...)`
  start_date=days_ago(1),
[2025-12-01T13:55:02.473+0000] {logging_mixin.py:188} INFO - [2025-12-01T13:55:02.473+0000] {warnings.py:109} WARNING - /opt/airflow/dags/ingestion_dag.py:254: RemovedInAirflow3Warning: Param `schedule_interval` is deprecated and will be removed in a future release. Please use `schedule` instead. 
  with DAG(
[2025-12-01T13:55:02.477+0000] {processor.py:840} INFO - DAG(s) 'ingestion_dag' retrieved from /opt/airflow/dags/ingestion_dag.py
[2025-12-01T13:55:02.495+0000] {logging_mixin.py:188} INFO - [2025-12-01T13:55:02.495+0000] {dag.py:3047} INFO - Sync 1 DAGs
[2025-12-01T13:55:02.513+0000] {logging_mixin.py:188} INFO - [2025-12-01T13:55:02.513+0000] {dag.py:3834} INFO - Setting next_dagrun for ingestion_dag to 2025-12-01 13:55:00+00:00, run_after=2025-12-01 13:56:00+00:00
[2025-12-01T13:55:02.523+0000] {processor.py:183} INFO - Processing /opt/airflow/dags/ingestion_dag.py took 1.536 seconds
[2025-12-01T13:55:33.315+0000] {processor.py:161} INFO - Started process (PID=88870) to work on /opt/airflow/dags/ingestion_dag.py
[2025-12-01T13:55:33.316+0000] {processor.py:830} INFO - Processing file /opt/airflow/dags/ingestion_dag.py for tasks to queue
[2025-12-01T13:55:33.317+0000] {logging_mixin.py:188} INFO - [2025-12-01T13:55:33.317+0000] {dagbag.py:540} INFO - Filling up the DagBag from /opt/airflow/dags/ingestion_dag.py
[2025-12-01T13:55:34.754+0000] {logging_mixin.py:188} INFO - [2025-12-01T13:55:34.754+0000] {warnings.py:109} WARNING - /opt/airflow/dags/ingestion_dag.py:257: RemovedInAirflow3Warning: Function `days_ago` is deprecated and will be removed in Airflow 3.0. You can achieve equivalent behavior with `pendulum.today('UTC').add(days=-N, ...)`
  start_date=days_ago(1),
[2025-12-01T13:55:34.754+0000] {logging_mixin.py:188} INFO - [2025-12-01T13:55:34.754+0000] {warnings.py:109} WARNING - /opt/airflow/dags/ingestion_dag.py:254: RemovedInAirflow3Warning: Param `schedule_interval` is deprecated and will be removed in a future release. Please use `schedule` instead. 
  with DAG(
[2025-12-01T13:55:34.758+0000] {processor.py:840} INFO - DAG(s) 'ingestion_dag' retrieved from /opt/airflow/dags/ingestion_dag.py
[2025-12-01T13:55:34.776+0000] {logging_mixin.py:188} INFO - [2025-12-01T13:55:34.776+0000] {dag.py:3047} INFO - Sync 1 DAGs
[2025-12-01T13:55:34.796+0000] {logging_mixin.py:188} INFO - [2025-12-01T13:55:34.796+0000] {dag.py:3834} INFO - Setting next_dagrun for ingestion_dag to 2025-12-01 13:55:00+00:00, run_after=2025-12-01 13:56:00+00:00
[2025-12-01T13:55:34.807+0000] {processor.py:183} INFO - Processing /opt/airflow/dags/ingestion_dag.py took 1.495 seconds
[2025-12-01T13:56:04.910+0000] {processor.py:161} INFO - Started process (PID=88905) to work on /opt/airflow/dags/ingestion_dag.py
[2025-12-01T13:56:04.912+0000] {processor.py:830} INFO - Processing file /opt/airflow/dags/ingestion_dag.py for tasks to queue
[2025-12-01T13:56:04.919+0000] {logging_mixin.py:188} INFO - [2025-12-01T13:56:04.917+0000] {dagbag.py:540} INFO - Filling up the DagBag from /opt/airflow/dags/ingestion_dag.py
[2025-12-01T13:56:06.778+0000] {logging_mixin.py:188} INFO - [2025-12-01T13:56:06.778+0000] {warnings.py:109} WARNING - /opt/airflow/dags/ingestion_dag.py:257: RemovedInAirflow3Warning: Function `days_ago` is deprecated and will be removed in Airflow 3.0. You can achieve equivalent behavior with `pendulum.today('UTC').add(days=-N, ...)`
  start_date=days_ago(1),
[2025-12-01T13:56:06.778+0000] {logging_mixin.py:188} INFO - [2025-12-01T13:56:06.778+0000] {warnings.py:109} WARNING - /opt/airflow/dags/ingestion_dag.py:254: RemovedInAirflow3Warning: Param `schedule_interval` is deprecated and will be removed in a future release. Please use `schedule` instead. 
  with DAG(
[2025-12-01T13:56:06.783+0000] {processor.py:840} INFO - DAG(s) 'ingestion_dag' retrieved from /opt/airflow/dags/ingestion_dag.py
[2025-12-01T13:56:06.819+0000] {logging_mixin.py:188} INFO - [2025-12-01T13:56:06.819+0000] {dag.py:3047} INFO - Sync 1 DAGs
[2025-12-01T13:56:06.837+0000] {logging_mixin.py:188} INFO - [2025-12-01T13:56:06.837+0000] {dag.py:3834} INFO - Setting next_dagrun for ingestion_dag to 2025-12-01 13:56:00+00:00, run_after=2025-12-01 13:57:00+00:00
[2025-12-01T13:56:06.849+0000] {processor.py:183} INFO - Processing /opt/airflow/dags/ingestion_dag.py took 1.956 seconds
[2025-12-01T13:56:37.763+0000] {processor.py:161} INFO - Started process (PID=88974) to work on /opt/airflow/dags/ingestion_dag.py
[2025-12-01T13:56:37.765+0000] {processor.py:830} INFO - Processing file /opt/airflow/dags/ingestion_dag.py for tasks to queue
[2025-12-01T13:56:37.767+0000] {logging_mixin.py:188} INFO - [2025-12-01T13:56:37.766+0000] {dagbag.py:540} INFO - Filling up the DagBag from /opt/airflow/dags/ingestion_dag.py
[2025-12-01T13:56:39.380+0000] {logging_mixin.py:188} INFO - [2025-12-01T13:56:39.380+0000] {warnings.py:109} WARNING - /opt/airflow/dags/ingestion_dag.py:257: RemovedInAirflow3Warning: Function `days_ago` is deprecated and will be removed in Airflow 3.0. You can achieve equivalent behavior with `pendulum.today('UTC').add(days=-N, ...)`
  start_date=days_ago(1),
[2025-12-01T13:56:39.381+0000] {logging_mixin.py:188} INFO - [2025-12-01T13:56:39.380+0000] {warnings.py:109} WARNING - /opt/airflow/dags/ingestion_dag.py:254: RemovedInAirflow3Warning: Param `schedule_interval` is deprecated and will be removed in a future release. Please use `schedule` instead. 
  with DAG(
[2025-12-01T13:56:39.385+0000] {processor.py:840} INFO - DAG(s) 'ingestion_dag' retrieved from /opt/airflow/dags/ingestion_dag.py
[2025-12-01T13:56:39.405+0000] {logging_mixin.py:188} INFO - [2025-12-01T13:56:39.405+0000] {dag.py:3047} INFO - Sync 1 DAGs
[2025-12-01T13:56:39.425+0000] {logging_mixin.py:188} INFO - [2025-12-01T13:56:39.425+0000] {dag.py:3834} INFO - Setting next_dagrun for ingestion_dag to 2025-12-01 13:56:00+00:00, run_after=2025-12-01 13:57:00+00:00
[2025-12-01T13:56:39.434+0000] {processor.py:183} INFO - Processing /opt/airflow/dags/ingestion_dag.py took 1.683 seconds
[2025-12-01T13:57:10.024+0000] {processor.py:161} INFO - Started process (PID=89027) to work on /opt/airflow/dags/ingestion_dag.py
[2025-12-01T13:57:10.142+0000] {processor.py:830} INFO - Processing file /opt/airflow/dags/ingestion_dag.py for tasks to queue
[2025-12-01T13:57:10.163+0000] {logging_mixin.py:188} INFO - [2025-12-01T13:57:10.153+0000] {dagbag.py:540} INFO - Filling up the DagBag from /opt/airflow/dags/ingestion_dag.py
[2025-12-01T13:57:13.601+0000] {logging_mixin.py:188} INFO - [2025-12-01T13:57:13.600+0000] {warnings.py:109} WARNING - /opt/airflow/dags/ingestion_dag.py:257: RemovedInAirflow3Warning: Function `days_ago` is deprecated and will be removed in Airflow 3.0. You can achieve equivalent behavior with `pendulum.today('UTC').add(days=-N, ...)`
  start_date=days_ago(1),
[2025-12-01T13:57:13.602+0000] {logging_mixin.py:188} INFO - [2025-12-01T13:57:13.602+0000] {warnings.py:109} WARNING - /opt/airflow/dags/ingestion_dag.py:254: RemovedInAirflow3Warning: Param `schedule_interval` is deprecated and will be removed in a future release. Please use `schedule` instead. 
  with DAG(
[2025-12-01T13:57:13.615+0000] {processor.py:840} INFO - DAG(s) 'ingestion_dag' retrieved from /opt/airflow/dags/ingestion_dag.py
[2025-12-01T13:57:13.644+0000] {logging_mixin.py:188} INFO - [2025-12-01T13:57:13.643+0000] {dag.py:3047} INFO - Sync 1 DAGs
[2025-12-01T13:57:13.669+0000] {logging_mixin.py:188} INFO - [2025-12-01T13:57:13.669+0000] {dag.py:3834} INFO - Setting next_dagrun for ingestion_dag to 2025-12-01 13:57:00+00:00, run_after=2025-12-01 13:58:00+00:00
[2025-12-01T13:57:13.689+0000] {processor.py:183} INFO - Processing /opt/airflow/dags/ingestion_dag.py took 3.782 seconds
[2025-12-01T13:57:44.142+0000] {processor.py:161} INFO - Started process (PID=89072) to work on /opt/airflow/dags/ingestion_dag.py
[2025-12-01T13:57:44.144+0000] {processor.py:830} INFO - Processing file /opt/airflow/dags/ingestion_dag.py for tasks to queue
[2025-12-01T13:57:44.145+0000] {logging_mixin.py:188} INFO - [2025-12-01T13:57:44.145+0000] {dagbag.py:540} INFO - Filling up the DagBag from /opt/airflow/dags/ingestion_dag.py
[2025-12-01T13:57:45.609+0000] {logging_mixin.py:188} INFO - [2025-12-01T13:57:45.609+0000] {warnings.py:109} WARNING - /opt/airflow/dags/ingestion_dag.py:257: RemovedInAirflow3Warning: Function `days_ago` is deprecated and will be removed in Airflow 3.0. You can achieve equivalent behavior with `pendulum.today('UTC').add(days=-N, ...)`
  start_date=days_ago(1),
[2025-12-01T13:57:45.609+0000] {logging_mixin.py:188} INFO - [2025-12-01T13:57:45.609+0000] {warnings.py:109} WARNING - /opt/airflow/dags/ingestion_dag.py:254: RemovedInAirflow3Warning: Param `schedule_interval` is deprecated and will be removed in a future release. Please use `schedule` instead. 
  with DAG(
[2025-12-01T13:57:45.613+0000] {processor.py:840} INFO - DAG(s) 'ingestion_dag' retrieved from /opt/airflow/dags/ingestion_dag.py
[2025-12-01T13:57:45.629+0000] {logging_mixin.py:188} INFO - [2025-12-01T13:57:45.629+0000] {dag.py:3047} INFO - Sync 1 DAGs
[2025-12-01T13:57:45.643+0000] {logging_mixin.py:188} INFO - [2025-12-01T13:57:45.643+0000] {dag.py:3834} INFO - Setting next_dagrun for ingestion_dag to 2025-12-01 13:57:00+00:00, run_after=2025-12-01 13:58:00+00:00
[2025-12-01T13:57:45.653+0000] {processor.py:183} INFO - Processing /opt/airflow/dags/ingestion_dag.py took 1.518 seconds
[2025-12-01T13:58:16.638+0000] {processor.py:161} INFO - Started process (PID=89158) to work on /opt/airflow/dags/ingestion_dag.py
[2025-12-01T13:58:16.643+0000] {processor.py:830} INFO - Processing file /opt/airflow/dags/ingestion_dag.py for tasks to queue
[2025-12-01T13:58:16.645+0000] {logging_mixin.py:188} INFO - [2025-12-01T13:58:16.644+0000] {dagbag.py:540} INFO - Filling up the DagBag from /opt/airflow/dags/ingestion_dag.py
[2025-12-01T13:58:18.204+0000] {logging_mixin.py:188} INFO - [2025-12-01T13:58:18.203+0000] {warnings.py:109} WARNING - /opt/airflow/dags/ingestion_dag.py:257: RemovedInAirflow3Warning: Function `days_ago` is deprecated and will be removed in Airflow 3.0. You can achieve equivalent behavior with `pendulum.today('UTC').add(days=-N, ...)`
  start_date=days_ago(1),
[2025-12-01T13:58:18.204+0000] {logging_mixin.py:188} INFO - [2025-12-01T13:58:18.204+0000] {warnings.py:109} WARNING - /opt/airflow/dags/ingestion_dag.py:254: RemovedInAirflow3Warning: Param `schedule_interval` is deprecated and will be removed in a future release. Please use `schedule` instead. 
  with DAG(
[2025-12-01T13:58:18.208+0000] {processor.py:840} INFO - DAG(s) 'ingestion_dag' retrieved from /opt/airflow/dags/ingestion_dag.py
[2025-12-01T13:58:18.232+0000] {logging_mixin.py:188} INFO - [2025-12-01T13:58:18.231+0000] {dag.py:3047} INFO - Sync 1 DAGs
[2025-12-01T13:58:18.251+0000] {logging_mixin.py:188} INFO - [2025-12-01T13:58:18.251+0000] {dag.py:3834} INFO - Setting next_dagrun for ingestion_dag to 2025-12-01 13:58:00+00:00, run_after=2025-12-01 13:59:00+00:00
[2025-12-01T13:58:18.265+0000] {processor.py:183} INFO - Processing /opt/airflow/dags/ingestion_dag.py took 1.633 seconds
[2025-12-01T13:58:49.280+0000] {processor.py:161} INFO - Started process (PID=89176) to work on /opt/airflow/dags/ingestion_dag.py
[2025-12-01T13:58:49.282+0000] {processor.py:830} INFO - Processing file /opt/airflow/dags/ingestion_dag.py for tasks to queue
[2025-12-01T13:58:49.283+0000] {logging_mixin.py:188} INFO - [2025-12-01T13:58:49.282+0000] {dagbag.py:540} INFO - Filling up the DagBag from /opt/airflow/dags/ingestion_dag.py
[2025-12-01T13:58:51.233+0000] {logging_mixin.py:188} INFO - [2025-12-01T13:58:51.232+0000] {warnings.py:109} WARNING - /opt/airflow/dags/ingestion_dag.py:257: RemovedInAirflow3Warning: Function `days_ago` is deprecated and will be removed in Airflow 3.0. You can achieve equivalent behavior with `pendulum.today('UTC').add(days=-N, ...)`
  start_date=days_ago(1),
[2025-12-01T13:58:51.233+0000] {logging_mixin.py:188} INFO - [2025-12-01T13:58:51.233+0000] {warnings.py:109} WARNING - /opt/airflow/dags/ingestion_dag.py:254: RemovedInAirflow3Warning: Param `schedule_interval` is deprecated and will be removed in a future release. Please use `schedule` instead. 
  with DAG(
[2025-12-01T13:58:51.241+0000] {processor.py:840} INFO - DAG(s) 'ingestion_dag' retrieved from /opt/airflow/dags/ingestion_dag.py
[2025-12-01T13:58:51.293+0000] {logging_mixin.py:188} INFO - [2025-12-01T13:58:51.293+0000] {dag.py:3047} INFO - Sync 1 DAGs
[2025-12-01T13:58:51.325+0000] {logging_mixin.py:188} INFO - [2025-12-01T13:58:51.325+0000] {dag.py:3834} INFO - Setting next_dagrun for ingestion_dag to 2025-12-01 13:58:00+00:00, run_after=2025-12-01 13:59:00+00:00
[2025-12-01T13:58:51.341+0000] {processor.py:183} INFO - Processing /opt/airflow/dags/ingestion_dag.py took 2.070 seconds
[2025-12-01T13:59:21.892+0000] {processor.py:161} INFO - Started process (PID=89256) to work on /opt/airflow/dags/ingestion_dag.py
[2025-12-01T13:59:21.899+0000] {processor.py:830} INFO - Processing file /opt/airflow/dags/ingestion_dag.py for tasks to queue
[2025-12-01T13:59:21.903+0000] {logging_mixin.py:188} INFO - [2025-12-01T13:59:21.902+0000] {dagbag.py:540} INFO - Filling up the DagBag from /opt/airflow/dags/ingestion_dag.py
[2025-12-01T13:59:23.461+0000] {logging_mixin.py:188} INFO - [2025-12-01T13:59:23.461+0000] {warnings.py:109} WARNING - /opt/airflow/dags/ingestion_dag.py:257: RemovedInAirflow3Warning: Function `days_ago` is deprecated and will be removed in Airflow 3.0. You can achieve equivalent behavior with `pendulum.today('UTC').add(days=-N, ...)`
  start_date=days_ago(1),
[2025-12-01T13:59:23.462+0000] {logging_mixin.py:188} INFO - [2025-12-01T13:59:23.462+0000] {warnings.py:109} WARNING - /opt/airflow/dags/ingestion_dag.py:254: RemovedInAirflow3Warning: Param `schedule_interval` is deprecated and will be removed in a future release. Please use `schedule` instead. 
  with DAG(
[2025-12-01T13:59:23.465+0000] {processor.py:840} INFO - DAG(s) 'ingestion_dag' retrieved from /opt/airflow/dags/ingestion_dag.py
[2025-12-01T13:59:23.496+0000] {logging_mixin.py:188} INFO - [2025-12-01T13:59:23.496+0000] {dag.py:3047} INFO - Sync 1 DAGs
[2025-12-01T13:59:23.512+0000] {logging_mixin.py:188} INFO - [2025-12-01T13:59:23.512+0000] {dag.py:3834} INFO - Setting next_dagrun for ingestion_dag to 2025-12-01 13:59:00+00:00, run_after=2025-12-01 14:00:00+00:00
[2025-12-01T13:59:23.521+0000] {processor.py:183} INFO - Processing /opt/airflow/dags/ingestion_dag.py took 1.642 seconds
[2025-12-01T13:59:54.412+0000] {processor.py:161} INFO - Started process (PID=89274) to work on /opt/airflow/dags/ingestion_dag.py
[2025-12-01T13:59:54.415+0000] {processor.py:830} INFO - Processing file /opt/airflow/dags/ingestion_dag.py for tasks to queue
[2025-12-01T13:59:54.416+0000] {logging_mixin.py:188} INFO - [2025-12-01T13:59:54.416+0000] {dagbag.py:540} INFO - Filling up the DagBag from /opt/airflow/dags/ingestion_dag.py
[2025-12-01T13:59:55.885+0000] {logging_mixin.py:188} INFO - [2025-12-01T13:59:55.885+0000] {warnings.py:109} WARNING - /opt/airflow/dags/ingestion_dag.py:257: RemovedInAirflow3Warning: Function `days_ago` is deprecated and will be removed in Airflow 3.0. You can achieve equivalent behavior with `pendulum.today('UTC').add(days=-N, ...)`
  start_date=days_ago(1),
[2025-12-01T13:59:55.885+0000] {logging_mixin.py:188} INFO - [2025-12-01T13:59:55.885+0000] {warnings.py:109} WARNING - /opt/airflow/dags/ingestion_dag.py:254: RemovedInAirflow3Warning: Param `schedule_interval` is deprecated and will be removed in a future release. Please use `schedule` instead. 
  with DAG(
[2025-12-01T13:59:55.888+0000] {processor.py:840} INFO - DAG(s) 'ingestion_dag' retrieved from /opt/airflow/dags/ingestion_dag.py
[2025-12-01T13:59:55.906+0000] {logging_mixin.py:188} INFO - [2025-12-01T13:59:55.906+0000] {dag.py:3047} INFO - Sync 1 DAGs
[2025-12-01T13:59:55.922+0000] {logging_mixin.py:188} INFO - [2025-12-01T13:59:55.922+0000] {dag.py:3834} INFO - Setting next_dagrun for ingestion_dag to 2025-12-01 13:59:00+00:00, run_after=2025-12-01 14:00:00+00:00
[2025-12-01T13:59:55.932+0000] {processor.py:183} INFO - Processing /opt/airflow/dags/ingestion_dag.py took 1.534 seconds
[2025-12-01T14:00:26.830+0000] {processor.py:161} INFO - Started process (PID=89360) to work on /opt/airflow/dags/ingestion_dag.py
[2025-12-01T14:00:26.833+0000] {processor.py:830} INFO - Processing file /opt/airflow/dags/ingestion_dag.py for tasks to queue
[2025-12-01T14:00:26.835+0000] {logging_mixin.py:188} INFO - [2025-12-01T14:00:26.834+0000] {dagbag.py:540} INFO - Filling up the DagBag from /opt/airflow/dags/ingestion_dag.py
[2025-12-01T14:00:28.316+0000] {logging_mixin.py:188} INFO - [2025-12-01T14:00:28.316+0000] {warnings.py:109} WARNING - /opt/airflow/dags/ingestion_dag.py:257: RemovedInAirflow3Warning: Function `days_ago` is deprecated and will be removed in Airflow 3.0. You can achieve equivalent behavior with `pendulum.today('UTC').add(days=-N, ...)`
  start_date=days_ago(1),
[2025-12-01T14:00:28.316+0000] {logging_mixin.py:188} INFO - [2025-12-01T14:00:28.316+0000] {warnings.py:109} WARNING - /opt/airflow/dags/ingestion_dag.py:254: RemovedInAirflow3Warning: Param `schedule_interval` is deprecated and will be removed in a future release. Please use `schedule` instead. 
  with DAG(
[2025-12-01T14:00:28.320+0000] {processor.py:840} INFO - DAG(s) 'ingestion_dag' retrieved from /opt/airflow/dags/ingestion_dag.py
[2025-12-01T14:00:28.334+0000] {logging_mixin.py:188} INFO - [2025-12-01T14:00:28.334+0000] {dag.py:3047} INFO - Sync 1 DAGs
[2025-12-01T14:00:28.347+0000] {logging_mixin.py:188} INFO - [2025-12-01T14:00:28.347+0000] {dag.py:3834} INFO - Setting next_dagrun for ingestion_dag to 2025-12-01 14:00:00+00:00, run_after=2025-12-01 14:01:00+00:00
[2025-12-01T14:00:28.356+0000] {processor.py:183} INFO - Processing /opt/airflow/dags/ingestion_dag.py took 1.535 seconds
[2025-12-01T14:00:58.444+0000] {processor.py:161} INFO - Started process (PID=89383) to work on /opt/airflow/dags/ingestion_dag.py
[2025-12-01T14:00:58.445+0000] {processor.py:830} INFO - Processing file /opt/airflow/dags/ingestion_dag.py for tasks to queue
[2025-12-01T14:00:58.446+0000] {logging_mixin.py:188} INFO - [2025-12-01T14:00:58.445+0000] {dagbag.py:540} INFO - Filling up the DagBag from /opt/airflow/dags/ingestion_dag.py
[2025-12-01T14:00:59.875+0000] {logging_mixin.py:188} INFO - [2025-12-01T14:00:59.875+0000] {warnings.py:109} WARNING - /opt/airflow/dags/ingestion_dag.py:257: RemovedInAirflow3Warning: Function `days_ago` is deprecated and will be removed in Airflow 3.0. You can achieve equivalent behavior with `pendulum.today('UTC').add(days=-N, ...)`
  start_date=days_ago(1),
[2025-12-01T14:00:59.875+0000] {logging_mixin.py:188} INFO - [2025-12-01T14:00:59.875+0000] {warnings.py:109} WARNING - /opt/airflow/dags/ingestion_dag.py:254: RemovedInAirflow3Warning: Param `schedule_interval` is deprecated and will be removed in a future release. Please use `schedule` instead. 
  with DAG(
[2025-12-01T14:00:59.879+0000] {processor.py:840} INFO - DAG(s) 'ingestion_dag' retrieved from /opt/airflow/dags/ingestion_dag.py
[2025-12-01T14:00:59.895+0000] {logging_mixin.py:188} INFO - [2025-12-01T14:00:59.895+0000] {dag.py:3047} INFO - Sync 1 DAGs
[2025-12-01T14:00:59.909+0000] {logging_mixin.py:188} INFO - [2025-12-01T14:00:59.909+0000] {dag.py:3834} INFO - Setting next_dagrun for ingestion_dag to 2025-12-01 14:00:00+00:00, run_after=2025-12-01 14:01:00+00:00
[2025-12-01T14:00:59.918+0000] {processor.py:183} INFO - Processing /opt/airflow/dags/ingestion_dag.py took 1.476 seconds
[2025-12-01T14:01:30.771+0000] {processor.py:161} INFO - Started process (PID=89463) to work on /opt/airflow/dags/ingestion_dag.py
[2025-12-01T14:01:30.773+0000] {processor.py:830} INFO - Processing file /opt/airflow/dags/ingestion_dag.py for tasks to queue
[2025-12-01T14:01:30.775+0000] {logging_mixin.py:188} INFO - [2025-12-01T14:01:30.774+0000] {dagbag.py:540} INFO - Filling up the DagBag from /opt/airflow/dags/ingestion_dag.py
[2025-12-01T14:01:32.229+0000] {logging_mixin.py:188} INFO - [2025-12-01T14:01:32.229+0000] {warnings.py:109} WARNING - /opt/airflow/dags/ingestion_dag.py:257: RemovedInAirflow3Warning: Function `days_ago` is deprecated and will be removed in Airflow 3.0. You can achieve equivalent behavior with `pendulum.today('UTC').add(days=-N, ...)`
  start_date=days_ago(1),
[2025-12-01T14:01:32.229+0000] {logging_mixin.py:188} INFO - [2025-12-01T14:01:32.229+0000] {warnings.py:109} WARNING - /opt/airflow/dags/ingestion_dag.py:254: RemovedInAirflow3Warning: Param `schedule_interval` is deprecated and will be removed in a future release. Please use `schedule` instead. 
  with DAG(
[2025-12-01T14:01:32.233+0000] {processor.py:840} INFO - DAG(s) 'ingestion_dag' retrieved from /opt/airflow/dags/ingestion_dag.py
[2025-12-01T14:01:32.249+0000] {logging_mixin.py:188} INFO - [2025-12-01T14:01:32.249+0000] {dag.py:3047} INFO - Sync 1 DAGs
[2025-12-01T14:01:32.264+0000] {logging_mixin.py:188} INFO - [2025-12-01T14:01:32.264+0000] {dag.py:3834} INFO - Setting next_dagrun for ingestion_dag to 2025-12-01 14:01:00+00:00, run_after=2025-12-01 14:02:00+00:00
[2025-12-01T14:01:32.273+0000] {processor.py:183} INFO - Processing /opt/airflow/dags/ingestion_dag.py took 1.517 seconds
[2025-12-01T14:02:02.437+0000] {processor.py:161} INFO - Started process (PID=89494) to work on /opt/airflow/dags/ingestion_dag.py
[2025-12-01T14:02:02.438+0000] {processor.py:830} INFO - Processing file /opt/airflow/dags/ingestion_dag.py for tasks to queue
[2025-12-01T14:02:02.438+0000] {logging_mixin.py:188} INFO - [2025-12-01T14:02:02.438+0000] {dagbag.py:540} INFO - Filling up the DagBag from /opt/airflow/dags/ingestion_dag.py
[2025-12-01T14:02:03.822+0000] {logging_mixin.py:188} INFO - [2025-12-01T14:02:03.822+0000] {warnings.py:109} WARNING - /opt/airflow/dags/ingestion_dag.py:257: RemovedInAirflow3Warning: Function `days_ago` is deprecated and will be removed in Airflow 3.0. You can achieve equivalent behavior with `pendulum.today('UTC').add(days=-N, ...)`
  start_date=days_ago(1),
[2025-12-01T14:02:03.823+0000] {logging_mixin.py:188} INFO - [2025-12-01T14:02:03.823+0000] {warnings.py:109} WARNING - /opt/airflow/dags/ingestion_dag.py:254: RemovedInAirflow3Warning: Param `schedule_interval` is deprecated and will be removed in a future release. Please use `schedule` instead. 
  with DAG(
[2025-12-01T14:02:03.827+0000] {processor.py:840} INFO - DAG(s) 'ingestion_dag' retrieved from /opt/airflow/dags/ingestion_dag.py
[2025-12-01T14:02:03.842+0000] {logging_mixin.py:188} INFO - [2025-12-01T14:02:03.842+0000] {dag.py:3047} INFO - Sync 1 DAGs
[2025-12-01T14:02:03.859+0000] {logging_mixin.py:188} INFO - [2025-12-01T14:02:03.858+0000] {dag.py:3834} INFO - Setting next_dagrun for ingestion_dag to 2025-12-01 14:02:00+00:00, run_after=2025-12-01 14:03:00+00:00
[2025-12-01T14:02:03.870+0000] {processor.py:183} INFO - Processing /opt/airflow/dags/ingestion_dag.py took 1.437 seconds
[2025-12-01T14:02:34.811+0000] {processor.py:161} INFO - Started process (PID=89567) to work on /opt/airflow/dags/ingestion_dag.py
[2025-12-01T14:02:34.813+0000] {processor.py:830} INFO - Processing file /opt/airflow/dags/ingestion_dag.py for tasks to queue
[2025-12-01T14:02:34.814+0000] {logging_mixin.py:188} INFO - [2025-12-01T14:02:34.814+0000] {dagbag.py:540} INFO - Filling up the DagBag from /opt/airflow/dags/ingestion_dag.py
[2025-12-01T14:02:36.270+0000] {logging_mixin.py:188} INFO - [2025-12-01T14:02:36.269+0000] {warnings.py:109} WARNING - /opt/airflow/dags/ingestion_dag.py:257: RemovedInAirflow3Warning: Function `days_ago` is deprecated and will be removed in Airflow 3.0. You can achieve equivalent behavior with `pendulum.today('UTC').add(days=-N, ...)`
  start_date=days_ago(1),
[2025-12-01T14:02:36.270+0000] {logging_mixin.py:188} INFO - [2025-12-01T14:02:36.270+0000] {warnings.py:109} WARNING - /opt/airflow/dags/ingestion_dag.py:254: RemovedInAirflow3Warning: Param `schedule_interval` is deprecated and will be removed in a future release. Please use `schedule` instead. 
  with DAG(
[2025-12-01T14:02:36.274+0000] {processor.py:840} INFO - DAG(s) 'ingestion_dag' retrieved from /opt/airflow/dags/ingestion_dag.py
[2025-12-01T14:02:36.291+0000] {logging_mixin.py:188} INFO - [2025-12-01T14:02:36.291+0000] {dag.py:3047} INFO - Sync 1 DAGs
[2025-12-01T14:02:36.305+0000] {logging_mixin.py:188} INFO - [2025-12-01T14:02:36.305+0000] {dag.py:3834} INFO - Setting next_dagrun for ingestion_dag to 2025-12-01 14:02:00+00:00, run_after=2025-12-01 14:03:00+00:00
[2025-12-01T14:02:36.315+0000] {processor.py:183} INFO - Processing /opt/airflow/dags/ingestion_dag.py took 1.509 seconds
[2025-12-01T14:03:06.423+0000] {processor.py:161} INFO - Started process (PID=89617) to work on /opt/airflow/dags/ingestion_dag.py
[2025-12-01T14:03:06.427+0000] {processor.py:830} INFO - Processing file /opt/airflow/dags/ingestion_dag.py for tasks to queue
[2025-12-01T14:03:06.428+0000] {logging_mixin.py:188} INFO - [2025-12-01T14:03:06.428+0000] {dagbag.py:540} INFO - Filling up the DagBag from /opt/airflow/dags/ingestion_dag.py
[2025-12-01T14:03:08.277+0000] {logging_mixin.py:188} INFO - [2025-12-01T14:03:08.277+0000] {warnings.py:109} WARNING - /opt/airflow/dags/ingestion_dag.py:257: RemovedInAirflow3Warning: Function `days_ago` is deprecated and will be removed in Airflow 3.0. You can achieve equivalent behavior with `pendulum.today('UTC').add(days=-N, ...)`
  start_date=days_ago(1),
[2025-12-01T14:03:08.279+0000] {logging_mixin.py:188} INFO - [2025-12-01T14:03:08.279+0000] {warnings.py:109} WARNING - /opt/airflow/dags/ingestion_dag.py:254: RemovedInAirflow3Warning: Param `schedule_interval` is deprecated and will be removed in a future release. Please use `schedule` instead. 
  with DAG(
[2025-12-01T14:03:08.285+0000] {processor.py:840} INFO - DAG(s) 'ingestion_dag' retrieved from /opt/airflow/dags/ingestion_dag.py
[2025-12-01T14:03:08.328+0000] {logging_mixin.py:188} INFO - [2025-12-01T14:03:08.328+0000] {dag.py:3047} INFO - Sync 1 DAGs
[2025-12-01T14:03:08.366+0000] {logging_mixin.py:188} INFO - [2025-12-01T14:03:08.366+0000] {dag.py:3834} INFO - Setting next_dagrun for ingestion_dag to 2025-12-01 14:03:00+00:00, run_after=2025-12-01 14:04:00+00:00
[2025-12-01T14:03:08.392+0000] {processor.py:183} INFO - Processing /opt/airflow/dags/ingestion_dag.py took 1.976 seconds
[2025-12-01T14:03:38.832+0000] {processor.py:161} INFO - Started process (PID=89665) to work on /opt/airflow/dags/ingestion_dag.py
[2025-12-01T14:03:38.834+0000] {processor.py:830} INFO - Processing file /opt/airflow/dags/ingestion_dag.py for tasks to queue
[2025-12-01T14:03:38.835+0000] {logging_mixin.py:188} INFO - [2025-12-01T14:03:38.835+0000] {dagbag.py:540} INFO - Filling up the DagBag from /opt/airflow/dags/ingestion_dag.py
[2025-12-01T14:03:40.405+0000] {logging_mixin.py:188} INFO - [2025-12-01T14:03:40.405+0000] {warnings.py:109} WARNING - /opt/airflow/dags/ingestion_dag.py:257: RemovedInAirflow3Warning: Function `days_ago` is deprecated and will be removed in Airflow 3.0. You can achieve equivalent behavior with `pendulum.today('UTC').add(days=-N, ...)`
  start_date=days_ago(1),
[2025-12-01T14:03:40.405+0000] {logging_mixin.py:188} INFO - [2025-12-01T14:03:40.405+0000] {warnings.py:109} WARNING - /opt/airflow/dags/ingestion_dag.py:254: RemovedInAirflow3Warning: Param `schedule_interval` is deprecated and will be removed in a future release. Please use `schedule` instead. 
  with DAG(
[2025-12-01T14:03:40.410+0000] {processor.py:840} INFO - DAG(s) 'ingestion_dag' retrieved from /opt/airflow/dags/ingestion_dag.py
[2025-12-01T14:03:40.439+0000] {logging_mixin.py:188} INFO - [2025-12-01T14:03:40.439+0000] {dag.py:3047} INFO - Sync 1 DAGs
[2025-12-01T14:03:40.456+0000] {logging_mixin.py:188} INFO - [2025-12-01T14:03:40.456+0000] {dag.py:3834} INFO - Setting next_dagrun for ingestion_dag to 2025-12-01 14:03:00+00:00, run_after=2025-12-01 14:04:00+00:00
[2025-12-01T14:03:40.467+0000] {processor.py:183} INFO - Processing /opt/airflow/dags/ingestion_dag.py took 1.643 seconds
[2025-12-01T14:04:11.308+0000] {processor.py:161} INFO - Started process (PID=89751) to work on /opt/airflow/dags/ingestion_dag.py
[2025-12-01T14:04:11.311+0000] {processor.py:830} INFO - Processing file /opt/airflow/dags/ingestion_dag.py for tasks to queue
[2025-12-01T14:04:11.314+0000] {logging_mixin.py:188} INFO - [2025-12-01T14:04:11.313+0000] {dagbag.py:540} INFO - Filling up the DagBag from /opt/airflow/dags/ingestion_dag.py
[2025-12-01T14:04:12.809+0000] {logging_mixin.py:188} INFO - [2025-12-01T14:04:12.809+0000] {warnings.py:109} WARNING - /opt/airflow/dags/ingestion_dag.py:257: RemovedInAirflow3Warning: Function `days_ago` is deprecated and will be removed in Airflow 3.0. You can achieve equivalent behavior with `pendulum.today('UTC').add(days=-N, ...)`
  start_date=days_ago(1),
[2025-12-01T14:04:12.810+0000] {logging_mixin.py:188} INFO - [2025-12-01T14:04:12.809+0000] {warnings.py:109} WARNING - /opt/airflow/dags/ingestion_dag.py:254: RemovedInAirflow3Warning: Param `schedule_interval` is deprecated and will be removed in a future release. Please use `schedule` instead. 
  with DAG(
[2025-12-01T14:04:12.814+0000] {processor.py:840} INFO - DAG(s) 'ingestion_dag' retrieved from /opt/airflow/dags/ingestion_dag.py
[2025-12-01T14:04:12.833+0000] {logging_mixin.py:188} INFO - [2025-12-01T14:04:12.833+0000] {dag.py:3047} INFO - Sync 1 DAGs
[2025-12-01T14:04:12.847+0000] {logging_mixin.py:188} INFO - [2025-12-01T14:04:12.847+0000] {dag.py:3834} INFO - Setting next_dagrun for ingestion_dag to 2025-12-01 14:04:00+00:00, run_after=2025-12-01 14:05:00+00:00
[2025-12-01T14:04:12.856+0000] {processor.py:183} INFO - Processing /opt/airflow/dags/ingestion_dag.py took 1.554 seconds
[2025-12-01T14:04:43.249+0000] {processor.py:161} INFO - Started process (PID=89769) to work on /opt/airflow/dags/ingestion_dag.py
[2025-12-01T14:04:43.276+0000] {processor.py:830} INFO - Processing file /opt/airflow/dags/ingestion_dag.py for tasks to queue
[2025-12-01T14:04:43.338+0000] {logging_mixin.py:188} INFO - [2025-12-01T14:04:43.336+0000] {dagbag.py:540} INFO - Filling up the DagBag from /opt/airflow/dags/ingestion_dag.py
[2025-12-01T14:04:45.274+0000] {logging_mixin.py:188} INFO - [2025-12-01T14:04:45.274+0000] {warnings.py:109} WARNING - /opt/airflow/dags/ingestion_dag.py:257: RemovedInAirflow3Warning: Function `days_ago` is deprecated and will be removed in Airflow 3.0. You can achieve equivalent behavior with `pendulum.today('UTC').add(days=-N, ...)`
  start_date=days_ago(1),
[2025-12-01T14:04:45.274+0000] {logging_mixin.py:188} INFO - [2025-12-01T14:04:45.274+0000] {warnings.py:109} WARNING - /opt/airflow/dags/ingestion_dag.py:254: RemovedInAirflow3Warning: Param `schedule_interval` is deprecated and will be removed in a future release. Please use `schedule` instead. 
  with DAG(
[2025-12-01T14:04:45.278+0000] {processor.py:840} INFO - DAG(s) 'ingestion_dag' retrieved from /opt/airflow/dags/ingestion_dag.py
[2025-12-01T14:04:45.299+0000] {logging_mixin.py:188} INFO - [2025-12-01T14:04:45.299+0000] {dag.py:3047} INFO - Sync 1 DAGs
[2025-12-01T14:04:45.318+0000] {logging_mixin.py:188} INFO - [2025-12-01T14:04:45.318+0000] {dag.py:3834} INFO - Setting next_dagrun for ingestion_dag to 2025-12-01 14:04:00+00:00, run_after=2025-12-01 14:05:00+00:00
[2025-12-01T14:04:45.328+0000] {processor.py:183} INFO - Processing /opt/airflow/dags/ingestion_dag.py took 2.184 seconds
[2025-12-01T14:05:15.447+0000] {processor.py:161} INFO - Started process (PID=89849) to work on /opt/airflow/dags/ingestion_dag.py
[2025-12-01T14:05:15.448+0000] {processor.py:830} INFO - Processing file /opt/airflow/dags/ingestion_dag.py for tasks to queue
[2025-12-01T14:05:15.450+0000] {logging_mixin.py:188} INFO - [2025-12-01T14:05:15.449+0000] {dagbag.py:540} INFO - Filling up the DagBag from /opt/airflow/dags/ingestion_dag.py
[2025-12-01T14:05:16.854+0000] {logging_mixin.py:188} INFO - [2025-12-01T14:05:16.854+0000] {warnings.py:109} WARNING - /opt/airflow/dags/ingestion_dag.py:257: RemovedInAirflow3Warning: Function `days_ago` is deprecated and will be removed in Airflow 3.0. You can achieve equivalent behavior with `pendulum.today('UTC').add(days=-N, ...)`
  start_date=days_ago(1),
[2025-12-01T14:05:16.855+0000] {logging_mixin.py:188} INFO - [2025-12-01T14:05:16.855+0000] {warnings.py:109} WARNING - /opt/airflow/dags/ingestion_dag.py:254: RemovedInAirflow3Warning: Param `schedule_interval` is deprecated and will be removed in a future release. Please use `schedule` instead. 
  with DAG(
[2025-12-01T14:05:16.858+0000] {processor.py:840} INFO - DAG(s) 'ingestion_dag' retrieved from /opt/airflow/dags/ingestion_dag.py
[2025-12-01T14:05:16.875+0000] {logging_mixin.py:188} INFO - [2025-12-01T14:05:16.875+0000] {dag.py:3047} INFO - Sync 1 DAGs
[2025-12-01T14:05:16.889+0000] {logging_mixin.py:188} INFO - [2025-12-01T14:05:16.889+0000] {dag.py:3834} INFO - Setting next_dagrun for ingestion_dag to 2025-12-01 14:05:00+00:00, run_after=2025-12-01 14:06:00+00:00
[2025-12-01T14:05:16.898+0000] {processor.py:183} INFO - Processing /opt/airflow/dags/ingestion_dag.py took 1.459 seconds
[2025-12-01T14:05:47.149+0000] {processor.py:161} INFO - Started process (PID=89867) to work on /opt/airflow/dags/ingestion_dag.py
[2025-12-01T14:05:47.151+0000] {processor.py:830} INFO - Processing file /opt/airflow/dags/ingestion_dag.py for tasks to queue
[2025-12-01T14:05:47.152+0000] {logging_mixin.py:188} INFO - [2025-12-01T14:05:47.152+0000] {dagbag.py:540} INFO - Filling up the DagBag from /opt/airflow/dags/ingestion_dag.py
[2025-12-01T14:05:48.701+0000] {logging_mixin.py:188} INFO - [2025-12-01T14:05:48.701+0000] {warnings.py:109} WARNING - /opt/airflow/dags/ingestion_dag.py:257: RemovedInAirflow3Warning: Function `days_ago` is deprecated and will be removed in Airflow 3.0. You can achieve equivalent behavior with `pendulum.today('UTC').add(days=-N, ...)`
  start_date=days_ago(1),
[2025-12-01T14:05:48.701+0000] {logging_mixin.py:188} INFO - [2025-12-01T14:05:48.701+0000] {warnings.py:109} WARNING - /opt/airflow/dags/ingestion_dag.py:254: RemovedInAirflow3Warning: Param `schedule_interval` is deprecated and will be removed in a future release. Please use `schedule` instead. 
  with DAG(
[2025-12-01T14:05:48.706+0000] {processor.py:840} INFO - DAG(s) 'ingestion_dag' retrieved from /opt/airflow/dags/ingestion_dag.py
[2025-12-01T14:05:48.730+0000] {logging_mixin.py:188} INFO - [2025-12-01T14:05:48.730+0000] {dag.py:3047} INFO - Sync 1 DAGs
[2025-12-01T14:05:48.748+0000] {logging_mixin.py:188} INFO - [2025-12-01T14:05:48.748+0000] {dag.py:3834} INFO - Setting next_dagrun for ingestion_dag to 2025-12-01 14:05:00+00:00, run_after=2025-12-01 14:06:00+00:00
[2025-12-01T14:05:48.759+0000] {processor.py:183} INFO - Processing /opt/airflow/dags/ingestion_dag.py took 1.626 seconds
[2025-12-01T14:06:19.421+0000] {processor.py:161} INFO - Started process (PID=89953) to work on /opt/airflow/dags/ingestion_dag.py
[2025-12-01T14:06:19.423+0000] {processor.py:830} INFO - Processing file /opt/airflow/dags/ingestion_dag.py for tasks to queue
[2025-12-01T14:06:19.424+0000] {logging_mixin.py:188} INFO - [2025-12-01T14:06:19.424+0000] {dagbag.py:540} INFO - Filling up the DagBag from /opt/airflow/dags/ingestion_dag.py
[2025-12-01T14:06:20.824+0000] {logging_mixin.py:188} INFO - [2025-12-01T14:06:20.824+0000] {warnings.py:109} WARNING - /opt/airflow/dags/ingestion_dag.py:257: RemovedInAirflow3Warning: Function `days_ago` is deprecated and will be removed in Airflow 3.0. You can achieve equivalent behavior with `pendulum.today('UTC').add(days=-N, ...)`
  start_date=days_ago(1),
[2025-12-01T14:06:20.824+0000] {logging_mixin.py:188} INFO - [2025-12-01T14:06:20.824+0000] {warnings.py:109} WARNING - /opt/airflow/dags/ingestion_dag.py:254: RemovedInAirflow3Warning: Param `schedule_interval` is deprecated and will be removed in a future release. Please use `schedule` instead. 
  with DAG(
[2025-12-01T14:06:20.828+0000] {processor.py:840} INFO - DAG(s) 'ingestion_dag' retrieved from /opt/airflow/dags/ingestion_dag.py
[2025-12-01T14:06:20.844+0000] {logging_mixin.py:188} INFO - [2025-12-01T14:06:20.844+0000] {dag.py:3047} INFO - Sync 1 DAGs
[2025-12-01T14:06:20.859+0000] {logging_mixin.py:188} INFO - [2025-12-01T14:06:20.859+0000] {dag.py:3834} INFO - Setting next_dagrun for ingestion_dag to 2025-12-01 14:06:00+00:00, run_after=2025-12-01 14:07:00+00:00
[2025-12-01T14:06:20.868+0000] {processor.py:183} INFO - Processing /opt/airflow/dags/ingestion_dag.py took 1.453 seconds
[2025-12-01T14:06:51.809+0000] {processor.py:161} INFO - Started process (PID=89971) to work on /opt/airflow/dags/ingestion_dag.py
[2025-12-01T14:06:51.811+0000] {processor.py:830} INFO - Processing file /opt/airflow/dags/ingestion_dag.py for tasks to queue
[2025-12-01T14:06:51.812+0000] {logging_mixin.py:188} INFO - [2025-12-01T14:06:51.812+0000] {dagbag.py:540} INFO - Filling up the DagBag from /opt/airflow/dags/ingestion_dag.py
[2025-12-01T14:06:53.263+0000] {logging_mixin.py:188} INFO - [2025-12-01T14:06:53.263+0000] {warnings.py:109} WARNING - /opt/airflow/dags/ingestion_dag.py:257: RemovedInAirflow3Warning: Function `days_ago` is deprecated and will be removed in Airflow 3.0. You can achieve equivalent behavior with `pendulum.today('UTC').add(days=-N, ...)`
  start_date=days_ago(1),
[2025-12-01T14:06:53.264+0000] {logging_mixin.py:188} INFO - [2025-12-01T14:06:53.264+0000] {warnings.py:109} WARNING - /opt/airflow/dags/ingestion_dag.py:254: RemovedInAirflow3Warning: Param `schedule_interval` is deprecated and will be removed in a future release. Please use `schedule` instead. 
  with DAG(
[2025-12-01T14:06:53.268+0000] {processor.py:840} INFO - DAG(s) 'ingestion_dag' retrieved from /opt/airflow/dags/ingestion_dag.py
[2025-12-01T14:06:53.285+0000] {logging_mixin.py:188} INFO - [2025-12-01T14:06:53.285+0000] {dag.py:3047} INFO - Sync 1 DAGs
[2025-12-01T14:06:53.306+0000] {logging_mixin.py:188} INFO - [2025-12-01T14:06:53.305+0000] {dag.py:3834} INFO - Setting next_dagrun for ingestion_dag to 2025-12-01 14:06:00+00:00, run_after=2025-12-01 14:07:00+00:00
[2025-12-01T14:06:53.315+0000] {processor.py:183} INFO - Processing /opt/airflow/dags/ingestion_dag.py took 1.512 seconds
[2025-12-01T14:07:24.257+0000] {processor.py:161} INFO - Started process (PID=90051) to work on /opt/airflow/dags/ingestion_dag.py
[2025-12-01T14:07:24.260+0000] {processor.py:830} INFO - Processing file /opt/airflow/dags/ingestion_dag.py for tasks to queue
[2025-12-01T14:07:24.262+0000] {logging_mixin.py:188} INFO - [2025-12-01T14:07:24.261+0000] {dagbag.py:540} INFO - Filling up the DagBag from /opt/airflow/dags/ingestion_dag.py
[2025-12-01T14:07:25.730+0000] {logging_mixin.py:188} INFO - [2025-12-01T14:07:25.730+0000] {warnings.py:109} WARNING - /opt/airflow/dags/ingestion_dag.py:257: RemovedInAirflow3Warning: Function `days_ago` is deprecated and will be removed in Airflow 3.0. You can achieve equivalent behavior with `pendulum.today('UTC').add(days=-N, ...)`
  start_date=days_ago(1),
[2025-12-01T14:07:25.730+0000] {logging_mixin.py:188} INFO - [2025-12-01T14:07:25.730+0000] {warnings.py:109} WARNING - /opt/airflow/dags/ingestion_dag.py:254: RemovedInAirflow3Warning: Param `schedule_interval` is deprecated and will be removed in a future release. Please use `schedule` instead. 
  with DAG(
[2025-12-01T14:07:25.734+0000] {processor.py:840} INFO - DAG(s) 'ingestion_dag' retrieved from /opt/airflow/dags/ingestion_dag.py
[2025-12-01T14:07:25.760+0000] {logging_mixin.py:188} INFO - [2025-12-01T14:07:25.759+0000] {dag.py:3047} INFO - Sync 1 DAGs
[2025-12-01T14:07:25.775+0000] {logging_mixin.py:188} INFO - [2025-12-01T14:07:25.775+0000] {dag.py:3834} INFO - Setting next_dagrun for ingestion_dag to 2025-12-01 14:07:00+00:00, run_after=2025-12-01 14:08:00+00:00
[2025-12-01T14:07:25.784+0000] {processor.py:183} INFO - Processing /opt/airflow/dags/ingestion_dag.py took 1.534 seconds
[2025-12-01T14:07:56.686+0000] {processor.py:161} INFO - Started process (PID=90069) to work on /opt/airflow/dags/ingestion_dag.py
[2025-12-01T14:07:56.688+0000] {processor.py:830} INFO - Processing file /opt/airflow/dags/ingestion_dag.py for tasks to queue
[2025-12-01T14:07:56.690+0000] {logging_mixin.py:188} INFO - [2025-12-01T14:07:56.689+0000] {dagbag.py:540} INFO - Filling up the DagBag from /opt/airflow/dags/ingestion_dag.py
[2025-12-01T14:07:58.160+0000] {logging_mixin.py:188} INFO - [2025-12-01T14:07:58.160+0000] {warnings.py:109} WARNING - /opt/airflow/dags/ingestion_dag.py:257: RemovedInAirflow3Warning: Function `days_ago` is deprecated and will be removed in Airflow 3.0. You can achieve equivalent behavior with `pendulum.today('UTC').add(days=-N, ...)`
  start_date=days_ago(1),
[2025-12-01T14:07:58.160+0000] {logging_mixin.py:188} INFO - [2025-12-01T14:07:58.160+0000] {warnings.py:109} WARNING - /opt/airflow/dags/ingestion_dag.py:254: RemovedInAirflow3Warning: Param `schedule_interval` is deprecated and will be removed in a future release. Please use `schedule` instead. 
  with DAG(
[2025-12-01T14:07:58.164+0000] {processor.py:840} INFO - DAG(s) 'ingestion_dag' retrieved from /opt/airflow/dags/ingestion_dag.py
[2025-12-01T14:07:58.182+0000] {logging_mixin.py:188} INFO - [2025-12-01T14:07:58.182+0000] {dag.py:3047} INFO - Sync 1 DAGs
[2025-12-01T14:07:58.197+0000] {logging_mixin.py:188} INFO - [2025-12-01T14:07:58.197+0000] {dag.py:3834} INFO - Setting next_dagrun for ingestion_dag to 2025-12-01 14:07:00+00:00, run_after=2025-12-01 14:08:00+00:00
[2025-12-01T14:07:58.206+0000] {processor.py:183} INFO - Processing /opt/airflow/dags/ingestion_dag.py took 1.534 seconds
[2025-12-01T14:08:29.068+0000] {processor.py:161} INFO - Started process (PID=90155) to work on /opt/airflow/dags/ingestion_dag.py
[2025-12-01T14:08:29.070+0000] {processor.py:830} INFO - Processing file /opt/airflow/dags/ingestion_dag.py for tasks to queue
[2025-12-01T14:08:29.072+0000] {logging_mixin.py:188} INFO - [2025-12-01T14:08:29.071+0000] {dagbag.py:540} INFO - Filling up the DagBag from /opt/airflow/dags/ingestion_dag.py
[2025-12-01T14:08:30.533+0000] {logging_mixin.py:188} INFO - [2025-12-01T14:08:30.533+0000] {warnings.py:109} WARNING - /opt/airflow/dags/ingestion_dag.py:257: RemovedInAirflow3Warning: Function `days_ago` is deprecated and will be removed in Airflow 3.0. You can achieve equivalent behavior with `pendulum.today('UTC').add(days=-N, ...)`
  start_date=days_ago(1),
[2025-12-01T14:08:30.533+0000] {logging_mixin.py:188} INFO - [2025-12-01T14:08:30.533+0000] {warnings.py:109} WARNING - /opt/airflow/dags/ingestion_dag.py:254: RemovedInAirflow3Warning: Param `schedule_interval` is deprecated and will be removed in a future release. Please use `schedule` instead. 
  with DAG(
[2025-12-01T14:08:30.537+0000] {processor.py:840} INFO - DAG(s) 'ingestion_dag' retrieved from /opt/airflow/dags/ingestion_dag.py
[2025-12-01T14:08:30.570+0000] {logging_mixin.py:188} INFO - [2025-12-01T14:08:30.569+0000] {dag.py:3047} INFO - Sync 1 DAGs
[2025-12-01T14:08:30.586+0000] {logging_mixin.py:188} INFO - [2025-12-01T14:08:30.585+0000] {dag.py:3834} INFO - Setting next_dagrun for ingestion_dag to 2025-12-01 14:08:00+00:00, run_after=2025-12-01 14:09:00+00:00
[2025-12-01T14:08:30.597+0000] {processor.py:183} INFO - Processing /opt/airflow/dags/ingestion_dag.py took 1.542 seconds
[2025-12-01T14:09:01.449+0000] {processor.py:161} INFO - Started process (PID=90174) to work on /opt/airflow/dags/ingestion_dag.py
[2025-12-01T14:09:01.451+0000] {processor.py:830} INFO - Processing file /opt/airflow/dags/ingestion_dag.py for tasks to queue
[2025-12-01T14:09:01.454+0000] {logging_mixin.py:188} INFO - [2025-12-01T14:09:01.454+0000] {dagbag.py:540} INFO - Filling up the DagBag from /opt/airflow/dags/ingestion_dag.py
[2025-12-01T14:09:02.908+0000] {logging_mixin.py:188} INFO - [2025-12-01T14:09:02.908+0000] {warnings.py:109} WARNING - /opt/airflow/dags/ingestion_dag.py:257: RemovedInAirflow3Warning: Function `days_ago` is deprecated and will be removed in Airflow 3.0. You can achieve equivalent behavior with `pendulum.today('UTC').add(days=-N, ...)`
  start_date=days_ago(1),
[2025-12-01T14:09:02.909+0000] {logging_mixin.py:188} INFO - [2025-12-01T14:09:02.909+0000] {warnings.py:109} WARNING - /opt/airflow/dags/ingestion_dag.py:254: RemovedInAirflow3Warning: Param `schedule_interval` is deprecated and will be removed in a future release. Please use `schedule` instead. 
  with DAG(
[2025-12-01T14:09:02.913+0000] {processor.py:840} INFO - DAG(s) 'ingestion_dag' retrieved from /opt/airflow/dags/ingestion_dag.py
[2025-12-01T14:09:02.931+0000] {logging_mixin.py:188} INFO - [2025-12-01T14:09:02.931+0000] {dag.py:3047} INFO - Sync 1 DAGs
[2025-12-01T14:09:02.950+0000] {logging_mixin.py:188} INFO - [2025-12-01T14:09:02.950+0000] {dag.py:3834} INFO - Setting next_dagrun for ingestion_dag to 2025-12-01 14:09:00+00:00, run_after=2025-12-01 14:10:00+00:00
[2025-12-01T14:09:02.964+0000] {processor.py:183} INFO - Processing /opt/airflow/dags/ingestion_dag.py took 1.519 seconds
[2025-12-01T14:09:33.871+0000] {processor.py:161} INFO - Started process (PID=90253) to work on /opt/airflow/dags/ingestion_dag.py
[2025-12-01T14:09:33.874+0000] {processor.py:830} INFO - Processing file /opt/airflow/dags/ingestion_dag.py for tasks to queue
[2025-12-01T14:09:33.875+0000] {logging_mixin.py:188} INFO - [2025-12-01T14:09:33.875+0000] {dagbag.py:540} INFO - Filling up the DagBag from /opt/airflow/dags/ingestion_dag.py
[2025-12-01T14:09:35.363+0000] {logging_mixin.py:188} INFO - [2025-12-01T14:09:35.363+0000] {warnings.py:109} WARNING - /opt/airflow/dags/ingestion_dag.py:257: RemovedInAirflow3Warning: Function `days_ago` is deprecated and will be removed in Airflow 3.0. You can achieve equivalent behavior with `pendulum.today('UTC').add(days=-N, ...)`
  start_date=days_ago(1),
[2025-12-01T14:09:35.363+0000] {logging_mixin.py:188} INFO - [2025-12-01T14:09:35.363+0000] {warnings.py:109} WARNING - /opt/airflow/dags/ingestion_dag.py:254: RemovedInAirflow3Warning: Param `schedule_interval` is deprecated and will be removed in a future release. Please use `schedule` instead. 
  with DAG(
[2025-12-01T14:09:35.367+0000] {processor.py:840} INFO - DAG(s) 'ingestion_dag' retrieved from /opt/airflow/dags/ingestion_dag.py
[2025-12-01T14:09:35.387+0000] {logging_mixin.py:188} INFO - [2025-12-01T14:09:35.387+0000] {dag.py:3047} INFO - Sync 1 DAGs
[2025-12-01T14:09:35.407+0000] {logging_mixin.py:188} INFO - [2025-12-01T14:09:35.407+0000] {dag.py:3834} INFO - Setting next_dagrun for ingestion_dag to 2025-12-01 14:09:00+00:00, run_after=2025-12-01 14:10:00+00:00
[2025-12-01T14:09:35.416+0000] {processor.py:183} INFO - Processing /opt/airflow/dags/ingestion_dag.py took 1.552 seconds
[2025-12-01T14:10:06.214+0000] {processor.py:161} INFO - Started process (PID=90298) to work on /opt/airflow/dags/ingestion_dag.py
[2025-12-01T14:10:06.215+0000] {processor.py:830} INFO - Processing file /opt/airflow/dags/ingestion_dag.py for tasks to queue
[2025-12-01T14:10:06.216+0000] {logging_mixin.py:188} INFO - [2025-12-01T14:10:06.216+0000] {dagbag.py:540} INFO - Filling up the DagBag from /opt/airflow/dags/ingestion_dag.py
[2025-12-01T14:10:07.766+0000] {logging_mixin.py:188} INFO - [2025-12-01T14:10:07.765+0000] {warnings.py:109} WARNING - /opt/airflow/dags/ingestion_dag.py:257: RemovedInAirflow3Warning: Function `days_ago` is deprecated and will be removed in Airflow 3.0. You can achieve equivalent behavior with `pendulum.today('UTC').add(days=-N, ...)`
  start_date=days_ago(1),
[2025-12-01T14:10:07.766+0000] {logging_mixin.py:188} INFO - [2025-12-01T14:10:07.766+0000] {warnings.py:109} WARNING - /opt/airflow/dags/ingestion_dag.py:254: RemovedInAirflow3Warning: Param `schedule_interval` is deprecated and will be removed in a future release. Please use `schedule` instead. 
  with DAG(
[2025-12-01T14:10:07.772+0000] {processor.py:840} INFO - DAG(s) 'ingestion_dag' retrieved from /opt/airflow/dags/ingestion_dag.py
[2025-12-01T14:10:07.795+0000] {logging_mixin.py:188} INFO - [2025-12-01T14:10:07.795+0000] {dag.py:3047} INFO - Sync 1 DAGs
[2025-12-01T14:10:07.812+0000] {logging_mixin.py:188} INFO - [2025-12-01T14:10:07.812+0000] {dag.py:3834} INFO - Setting next_dagrun for ingestion_dag to 2025-12-01 14:10:00+00:00, run_after=2025-12-01 14:11:00+00:00
[2025-12-01T14:10:07.823+0000] {processor.py:183} INFO - Processing /opt/airflow/dags/ingestion_dag.py took 1.614 seconds
[2025-12-01T14:10:38.699+0000] {processor.py:161} INFO - Started process (PID=90362) to work on /opt/airflow/dags/ingestion_dag.py
[2025-12-01T14:10:38.701+0000] {processor.py:830} INFO - Processing file /opt/airflow/dags/ingestion_dag.py for tasks to queue
[2025-12-01T14:10:38.702+0000] {logging_mixin.py:188} INFO - [2025-12-01T14:10:38.702+0000] {dagbag.py:540} INFO - Filling up the DagBag from /opt/airflow/dags/ingestion_dag.py
[2025-12-01T14:10:40.156+0000] {logging_mixin.py:188} INFO - [2025-12-01T14:10:40.156+0000] {warnings.py:109} WARNING - /opt/airflow/dags/ingestion_dag.py:257: RemovedInAirflow3Warning: Function `days_ago` is deprecated and will be removed in Airflow 3.0. You can achieve equivalent behavior with `pendulum.today('UTC').add(days=-N, ...)`
  start_date=days_ago(1),
[2025-12-01T14:10:40.157+0000] {logging_mixin.py:188} INFO - [2025-12-01T14:10:40.156+0000] {warnings.py:109} WARNING - /opt/airflow/dags/ingestion_dag.py:254: RemovedInAirflow3Warning: Param `schedule_interval` is deprecated and will be removed in a future release. Please use `schedule` instead. 
  with DAG(
[2025-12-01T14:10:40.160+0000] {processor.py:840} INFO - DAG(s) 'ingestion_dag' retrieved from /opt/airflow/dags/ingestion_dag.py
[2025-12-01T14:10:40.176+0000] {logging_mixin.py:188} INFO - [2025-12-01T14:10:40.176+0000] {dag.py:3047} INFO - Sync 1 DAGs
[2025-12-01T14:10:40.190+0000] {logging_mixin.py:188} INFO - [2025-12-01T14:10:40.190+0000] {dag.py:3834} INFO - Setting next_dagrun for ingestion_dag to 2025-12-01 14:10:00+00:00, run_after=2025-12-01 14:11:00+00:00
[2025-12-01T14:10:40.199+0000] {processor.py:183} INFO - Processing /opt/airflow/dags/ingestion_dag.py took 1.506 seconds
[2025-12-01T14:11:10.389+0000] {processor.py:161} INFO - Started process (PID=90442) to work on /opt/airflow/dags/ingestion_dag.py
[2025-12-01T14:11:10.392+0000] {processor.py:830} INFO - Processing file /opt/airflow/dags/ingestion_dag.py for tasks to queue
[2025-12-01T14:11:10.394+0000] {logging_mixin.py:188} INFO - [2025-12-01T14:11:10.394+0000] {dagbag.py:540} INFO - Filling up the DagBag from /opt/airflow/dags/ingestion_dag.py
[2025-12-01T14:11:11.703+0000] {logging_mixin.py:188} INFO - [2025-12-01T14:11:11.703+0000] {warnings.py:109} WARNING - /opt/airflow/dags/ingestion_dag.py:257: RemovedInAirflow3Warning: Function `days_ago` is deprecated and will be removed in Airflow 3.0. You can achieve equivalent behavior with `pendulum.today('UTC').add(days=-N, ...)`
  start_date=days_ago(1),
[2025-12-01T14:11:11.703+0000] {logging_mixin.py:188} INFO - [2025-12-01T14:11:11.703+0000] {warnings.py:109} WARNING - /opt/airflow/dags/ingestion_dag.py:254: RemovedInAirflow3Warning: Param `schedule_interval` is deprecated and will be removed in a future release. Please use `schedule` instead. 
  with DAG(
[2025-12-01T14:11:11.707+0000] {processor.py:840} INFO - DAG(s) 'ingestion_dag' retrieved from /opt/airflow/dags/ingestion_dag.py
[2025-12-01T14:11:11.720+0000] {logging_mixin.py:188} INFO - [2025-12-01T14:11:11.720+0000] {dag.py:3047} INFO - Sync 1 DAGs
[2025-12-01T14:11:11.733+0000] {logging_mixin.py:188} INFO - [2025-12-01T14:11:11.733+0000] {dag.py:3834} INFO - Setting next_dagrun for ingestion_dag to 2025-12-01 14:11:00+00:00, run_after=2025-12-01 14:12:00+00:00
[2025-12-01T14:11:11.742+0000] {processor.py:183} INFO - Processing /opt/airflow/dags/ingestion_dag.py took 1.362 seconds
[2025-12-01T14:11:41.784+0000] {processor.py:161} INFO - Started process (PID=90460) to work on /opt/airflow/dags/ingestion_dag.py
[2025-12-01T14:11:41.785+0000] {processor.py:830} INFO - Processing file /opt/airflow/dags/ingestion_dag.py for tasks to queue
[2025-12-01T14:11:41.786+0000] {logging_mixin.py:188} INFO - [2025-12-01T14:11:41.786+0000] {dagbag.py:540} INFO - Filling up the DagBag from /opt/airflow/dags/ingestion_dag.py
[2025-12-01T14:11:43.219+0000] {logging_mixin.py:188} INFO - [2025-12-01T14:11:43.218+0000] {warnings.py:109} WARNING - /opt/airflow/dags/ingestion_dag.py:257: RemovedInAirflow3Warning: Function `days_ago` is deprecated and will be removed in Airflow 3.0. You can achieve equivalent behavior with `pendulum.today('UTC').add(days=-N, ...)`
  start_date=days_ago(1),
[2025-12-01T14:11:43.219+0000] {logging_mixin.py:188} INFO - [2025-12-01T14:11:43.219+0000] {warnings.py:109} WARNING - /opt/airflow/dags/ingestion_dag.py:254: RemovedInAirflow3Warning: Param `schedule_interval` is deprecated and will be removed in a future release. Please use `schedule` instead. 
  with DAG(
[2025-12-01T14:11:43.222+0000] {processor.py:840} INFO - DAG(s) 'ingestion_dag' retrieved from /opt/airflow/dags/ingestion_dag.py
[2025-12-01T14:11:43.238+0000] {logging_mixin.py:188} INFO - [2025-12-01T14:11:43.238+0000] {dag.py:3047} INFO - Sync 1 DAGs
[2025-12-01T14:11:43.251+0000] {logging_mixin.py:188} INFO - [2025-12-01T14:11:43.251+0000] {dag.py:3834} INFO - Setting next_dagrun for ingestion_dag to 2025-12-01 14:11:00+00:00, run_after=2025-12-01 14:12:00+00:00
[2025-12-01T14:11:43.260+0000] {processor.py:183} INFO - Processing /opt/airflow/dags/ingestion_dag.py took 1.480 seconds
[2025-12-01T14:12:13.335+0000] {processor.py:161} INFO - Started process (PID=90546) to work on /opt/airflow/dags/ingestion_dag.py
[2025-12-01T14:12:13.337+0000] {processor.py:830} INFO - Processing file /opt/airflow/dags/ingestion_dag.py for tasks to queue
[2025-12-01T14:12:13.338+0000] {logging_mixin.py:188} INFO - [2025-12-01T14:12:13.338+0000] {dagbag.py:540} INFO - Filling up the DagBag from /opt/airflow/dags/ingestion_dag.py
[2025-12-01T14:12:14.745+0000] {logging_mixin.py:188} INFO - [2025-12-01T14:12:14.745+0000] {warnings.py:109} WARNING - /opt/airflow/dags/ingestion_dag.py:257: RemovedInAirflow3Warning: Function `days_ago` is deprecated and will be removed in Airflow 3.0. You can achieve equivalent behavior with `pendulum.today('UTC').add(days=-N, ...)`
  start_date=days_ago(1),
[2025-12-01T14:12:14.745+0000] {logging_mixin.py:188} INFO - [2025-12-01T14:12:14.745+0000] {warnings.py:109} WARNING - /opt/airflow/dags/ingestion_dag.py:254: RemovedInAirflow3Warning: Param `schedule_interval` is deprecated and will be removed in a future release. Please use `schedule` instead. 
  with DAG(
[2025-12-01T14:12:14.748+0000] {processor.py:840} INFO - DAG(s) 'ingestion_dag' retrieved from /opt/airflow/dags/ingestion_dag.py
[2025-12-01T14:12:14.764+0000] {logging_mixin.py:188} INFO - [2025-12-01T14:12:14.764+0000] {dag.py:3047} INFO - Sync 1 DAGs
[2025-12-01T14:12:14.778+0000] {logging_mixin.py:188} INFO - [2025-12-01T14:12:14.778+0000] {dag.py:3834} INFO - Setting next_dagrun for ingestion_dag to 2025-12-01 14:12:00+00:00, run_after=2025-12-01 14:13:00+00:00
[2025-12-01T14:12:14.788+0000] {processor.py:183} INFO - Processing /opt/airflow/dags/ingestion_dag.py took 1.460 seconds
[2025-12-01T14:12:44.924+0000] {processor.py:161} INFO - Started process (PID=90564) to work on /opt/airflow/dags/ingestion_dag.py
[2025-12-01T14:12:44.930+0000] {processor.py:830} INFO - Processing file /opt/airflow/dags/ingestion_dag.py for tasks to queue
[2025-12-01T14:12:44.932+0000] {logging_mixin.py:188} INFO - [2025-12-01T14:12:44.931+0000] {dagbag.py:540} INFO - Filling up the DagBag from /opt/airflow/dags/ingestion_dag.py
[2025-12-01T14:12:46.400+0000] {logging_mixin.py:188} INFO - [2025-12-01T14:12:46.400+0000] {warnings.py:109} WARNING - /opt/airflow/dags/ingestion_dag.py:257: RemovedInAirflow3Warning: Function `days_ago` is deprecated and will be removed in Airflow 3.0. You can achieve equivalent behavior with `pendulum.today('UTC').add(days=-N, ...)`
  start_date=days_ago(1),
[2025-12-01T14:12:46.400+0000] {logging_mixin.py:188} INFO - [2025-12-01T14:12:46.400+0000] {warnings.py:109} WARNING - /opt/airflow/dags/ingestion_dag.py:254: RemovedInAirflow3Warning: Param `schedule_interval` is deprecated and will be removed in a future release. Please use `schedule` instead. 
  with DAG(
[2025-12-01T14:12:46.404+0000] {processor.py:840} INFO - DAG(s) 'ingestion_dag' retrieved from /opt/airflow/dags/ingestion_dag.py
[2025-12-01T14:12:46.421+0000] {logging_mixin.py:188} INFO - [2025-12-01T14:12:46.421+0000] {dag.py:3047} INFO - Sync 1 DAGs
[2025-12-01T14:12:46.438+0000] {logging_mixin.py:188} INFO - [2025-12-01T14:12:46.438+0000] {dag.py:3834} INFO - Setting next_dagrun for ingestion_dag to 2025-12-01 14:12:00+00:00, run_after=2025-12-01 14:13:00+00:00
[2025-12-01T14:12:46.448+0000] {processor.py:183} INFO - Processing /opt/airflow/dags/ingestion_dag.py took 1.532 seconds
[2025-12-01T14:13:16.708+0000] {processor.py:161} INFO - Started process (PID=90644) to work on /opt/airflow/dags/ingestion_dag.py
[2025-12-01T14:13:16.710+0000] {processor.py:830} INFO - Processing file /opt/airflow/dags/ingestion_dag.py for tasks to queue
[2025-12-01T14:13:16.711+0000] {logging_mixin.py:188} INFO - [2025-12-01T14:13:16.711+0000] {dagbag.py:540} INFO - Filling up the DagBag from /opt/airflow/dags/ingestion_dag.py
[2025-12-01T14:13:18.258+0000] {logging_mixin.py:188} INFO - [2025-12-01T14:13:18.257+0000] {warnings.py:109} WARNING - /opt/airflow/dags/ingestion_dag.py:257: RemovedInAirflow3Warning: Function `days_ago` is deprecated and will be removed in Airflow 3.0. You can achieve equivalent behavior with `pendulum.today('UTC').add(days=-N, ...)`
  start_date=days_ago(1),
[2025-12-01T14:13:18.258+0000] {logging_mixin.py:188} INFO - [2025-12-01T14:13:18.258+0000] {warnings.py:109} WARNING - /opt/airflow/dags/ingestion_dag.py:254: RemovedInAirflow3Warning: Param `schedule_interval` is deprecated and will be removed in a future release. Please use `schedule` instead. 
  with DAG(
[2025-12-01T14:13:18.262+0000] {processor.py:840} INFO - DAG(s) 'ingestion_dag' retrieved from /opt/airflow/dags/ingestion_dag.py
[2025-12-01T14:13:18.278+0000] {logging_mixin.py:188} INFO - [2025-12-01T14:13:18.278+0000] {dag.py:3047} INFO - Sync 1 DAGs
[2025-12-01T14:13:18.293+0000] {logging_mixin.py:188} INFO - [2025-12-01T14:13:18.293+0000] {dag.py:3834} INFO - Setting next_dagrun for ingestion_dag to 2025-12-01 14:13:00+00:00, run_after=2025-12-01 14:14:00+00:00
[2025-12-01T14:13:18.304+0000] {processor.py:183} INFO - Processing /opt/airflow/dags/ingestion_dag.py took 1.605 seconds
[2025-12-01T14:13:48.791+0000] {processor.py:161} INFO - Started process (PID=90662) to work on /opt/airflow/dags/ingestion_dag.py
[2025-12-01T14:13:48.792+0000] {processor.py:830} INFO - Processing file /opt/airflow/dags/ingestion_dag.py for tasks to queue
[2025-12-01T14:13:48.793+0000] {logging_mixin.py:188} INFO - [2025-12-01T14:13:48.793+0000] {dagbag.py:540} INFO - Filling up the DagBag from /opt/airflow/dags/ingestion_dag.py
[2025-12-01T14:13:50.274+0000] {logging_mixin.py:188} INFO - [2025-12-01T14:13:50.274+0000] {warnings.py:109} WARNING - /opt/airflow/dags/ingestion_dag.py:257: RemovedInAirflow3Warning: Function `days_ago` is deprecated and will be removed in Airflow 3.0. You can achieve equivalent behavior with `pendulum.today('UTC').add(days=-N, ...)`
  start_date=days_ago(1),
[2025-12-01T14:13:50.274+0000] {logging_mixin.py:188} INFO - [2025-12-01T14:13:50.274+0000] {warnings.py:109} WARNING - /opt/airflow/dags/ingestion_dag.py:254: RemovedInAirflow3Warning: Param `schedule_interval` is deprecated and will be removed in a future release. Please use `schedule` instead. 
  with DAG(
[2025-12-01T14:13:50.278+0000] {processor.py:840} INFO - DAG(s) 'ingestion_dag' retrieved from /opt/airflow/dags/ingestion_dag.py
[2025-12-01T14:13:50.301+0000] {logging_mixin.py:188} INFO - [2025-12-01T14:13:50.301+0000] {dag.py:3047} INFO - Sync 1 DAGs
[2025-12-01T14:13:50.318+0000] {logging_mixin.py:188} INFO - [2025-12-01T14:13:50.317+0000] {dag.py:3834} INFO - Setting next_dagrun for ingestion_dag to 2025-12-01 14:13:00+00:00, run_after=2025-12-01 14:14:00+00:00
[2025-12-01T14:13:50.328+0000] {processor.py:183} INFO - Processing /opt/airflow/dags/ingestion_dag.py took 1.543 seconds
[2025-12-01T14:14:21.250+0000] {processor.py:161} INFO - Started process (PID=90748) to work on /opt/airflow/dags/ingestion_dag.py
[2025-12-01T14:14:21.253+0000] {processor.py:830} INFO - Processing file /opt/airflow/dags/ingestion_dag.py for tasks to queue
[2025-12-01T14:14:21.254+0000] {logging_mixin.py:188} INFO - [2025-12-01T14:14:21.254+0000] {dagbag.py:540} INFO - Filling up the DagBag from /opt/airflow/dags/ingestion_dag.py
[2025-12-01T14:14:22.763+0000] {logging_mixin.py:188} INFO - [2025-12-01T14:14:22.763+0000] {warnings.py:109} WARNING - /opt/airflow/dags/ingestion_dag.py:257: RemovedInAirflow3Warning: Function `days_ago` is deprecated and will be removed in Airflow 3.0. You can achieve equivalent behavior with `pendulum.today('UTC').add(days=-N, ...)`
  start_date=days_ago(1),
[2025-12-01T14:14:22.763+0000] {logging_mixin.py:188} INFO - [2025-12-01T14:14:22.763+0000] {warnings.py:109} WARNING - /opt/airflow/dags/ingestion_dag.py:254: RemovedInAirflow3Warning: Param `schedule_interval` is deprecated and will be removed in a future release. Please use `schedule` instead. 
  with DAG(
[2025-12-01T14:14:22.767+0000] {processor.py:840} INFO - DAG(s) 'ingestion_dag' retrieved from /opt/airflow/dags/ingestion_dag.py
[2025-12-01T14:14:22.795+0000] {logging_mixin.py:188} INFO - [2025-12-01T14:14:22.794+0000] {dag.py:3047} INFO - Sync 1 DAGs
[2025-12-01T14:14:22.811+0000] {logging_mixin.py:188} INFO - [2025-12-01T14:14:22.811+0000] {dag.py:3834} INFO - Setting next_dagrun for ingestion_dag to 2025-12-01 14:14:00+00:00, run_after=2025-12-01 14:15:00+00:00
[2025-12-01T14:14:22.821+0000] {processor.py:183} INFO - Processing /opt/airflow/dags/ingestion_dag.py took 1.581 seconds
[2025-12-01T14:14:53.685+0000] {processor.py:161} INFO - Started process (PID=90766) to work on /opt/airflow/dags/ingestion_dag.py
[2025-12-01T14:14:53.688+0000] {processor.py:830} INFO - Processing file /opt/airflow/dags/ingestion_dag.py for tasks to queue
[2025-12-01T14:14:53.689+0000] {logging_mixin.py:188} INFO - [2025-12-01T14:14:53.688+0000] {dagbag.py:540} INFO - Filling up the DagBag from /opt/airflow/dags/ingestion_dag.py
[2025-12-01T14:14:55.220+0000] {logging_mixin.py:188} INFO - [2025-12-01T14:14:55.220+0000] {warnings.py:109} WARNING - /opt/airflow/dags/ingestion_dag.py:257: RemovedInAirflow3Warning: Function `days_ago` is deprecated and will be removed in Airflow 3.0. You can achieve equivalent behavior with `pendulum.today('UTC').add(days=-N, ...)`
  start_date=days_ago(1),
[2025-12-01T14:14:55.220+0000] {logging_mixin.py:188} INFO - [2025-12-01T14:14:55.220+0000] {warnings.py:109} WARNING - /opt/airflow/dags/ingestion_dag.py:254: RemovedInAirflow3Warning: Param `schedule_interval` is deprecated and will be removed in a future release. Please use `schedule` instead. 
  with DAG(
[2025-12-01T14:14:55.224+0000] {processor.py:840} INFO - DAG(s) 'ingestion_dag' retrieved from /opt/airflow/dags/ingestion_dag.py
[2025-12-01T14:14:55.245+0000] {logging_mixin.py:188} INFO - [2025-12-01T14:14:55.244+0000] {dag.py:3047} INFO - Sync 1 DAGs
[2025-12-01T14:14:55.260+0000] {logging_mixin.py:188} INFO - [2025-12-01T14:14:55.260+0000] {dag.py:3834} INFO - Setting next_dagrun for ingestion_dag to 2025-12-01 14:14:00+00:00, run_after=2025-12-01 14:15:00+00:00
[2025-12-01T14:14:55.272+0000] {processor.py:183} INFO - Processing /opt/airflow/dags/ingestion_dag.py took 1.596 seconds
[2025-12-01T14:15:26.186+0000] {processor.py:161} INFO - Started process (PID=90846) to work on /opt/airflow/dags/ingestion_dag.py
[2025-12-01T14:15:26.190+0000] {processor.py:830} INFO - Processing file /opt/airflow/dags/ingestion_dag.py for tasks to queue
[2025-12-01T14:15:26.191+0000] {logging_mixin.py:188} INFO - [2025-12-01T14:15:26.191+0000] {dagbag.py:540} INFO - Filling up the DagBag from /opt/airflow/dags/ingestion_dag.py
[2025-12-01T14:15:27.752+0000] {logging_mixin.py:188} INFO - [2025-12-01T14:15:27.752+0000] {warnings.py:109} WARNING - /opt/airflow/dags/ingestion_dag.py:257: RemovedInAirflow3Warning: Function `days_ago` is deprecated and will be removed in Airflow 3.0. You can achieve equivalent behavior with `pendulum.today('UTC').add(days=-N, ...)`
  start_date=days_ago(1),
[2025-12-01T14:15:27.753+0000] {logging_mixin.py:188} INFO - [2025-12-01T14:15:27.753+0000] {warnings.py:109} WARNING - /opt/airflow/dags/ingestion_dag.py:254: RemovedInAirflow3Warning: Param `schedule_interval` is deprecated and will be removed in a future release. Please use `schedule` instead. 
  with DAG(
[2025-12-01T14:15:27.759+0000] {processor.py:840} INFO - DAG(s) 'ingestion_dag' retrieved from /opt/airflow/dags/ingestion_dag.py
[2025-12-01T14:15:27.780+0000] {logging_mixin.py:188} INFO - [2025-12-01T14:15:27.780+0000] {dag.py:3047} INFO - Sync 1 DAGs
[2025-12-01T14:15:27.796+0000] {logging_mixin.py:188} INFO - [2025-12-01T14:15:27.796+0000] {dag.py:3834} INFO - Setting next_dagrun for ingestion_dag to 2025-12-01 14:15:00+00:00, run_after=2025-12-01 14:16:00+00:00
[2025-12-01T14:15:27.805+0000] {processor.py:183} INFO - Processing /opt/airflow/dags/ingestion_dag.py took 1.634 seconds
[2025-12-01T14:15:58.752+0000] {processor.py:161} INFO - Started process (PID=90864) to work on /opt/airflow/dags/ingestion_dag.py
[2025-12-01T14:15:58.756+0000] {processor.py:830} INFO - Processing file /opt/airflow/dags/ingestion_dag.py for tasks to queue
[2025-12-01T14:15:58.758+0000] {logging_mixin.py:188} INFO - [2025-12-01T14:15:58.757+0000] {dagbag.py:540} INFO - Filling up the DagBag from /opt/airflow/dags/ingestion_dag.py
[2025-12-01T14:16:00.346+0000] {logging_mixin.py:188} INFO - [2025-12-01T14:16:00.346+0000] {warnings.py:109} WARNING - /opt/airflow/dags/ingestion_dag.py:257: RemovedInAirflow3Warning: Function `days_ago` is deprecated and will be removed in Airflow 3.0. You can achieve equivalent behavior with `pendulum.today('UTC').add(days=-N, ...)`
  start_date=days_ago(1),
[2025-12-01T14:16:00.347+0000] {logging_mixin.py:188} INFO - [2025-12-01T14:16:00.347+0000] {warnings.py:109} WARNING - /opt/airflow/dags/ingestion_dag.py:254: RemovedInAirflow3Warning: Param `schedule_interval` is deprecated and will be removed in a future release. Please use `schedule` instead. 
  with DAG(
[2025-12-01T14:16:00.352+0000] {processor.py:840} INFO - DAG(s) 'ingestion_dag' retrieved from /opt/airflow/dags/ingestion_dag.py
[2025-12-01T14:16:00.373+0000] {logging_mixin.py:188} INFO - [2025-12-01T14:16:00.372+0000] {dag.py:3047} INFO - Sync 1 DAGs
[2025-12-01T14:16:00.393+0000] {logging_mixin.py:188} INFO - [2025-12-01T14:16:00.393+0000] {dag.py:3834} INFO - Setting next_dagrun for ingestion_dag to 2025-12-01 14:16:00+00:00, run_after=2025-12-01 14:17:00+00:00
[2025-12-01T14:16:00.410+0000] {processor.py:183} INFO - Processing /opt/airflow/dags/ingestion_dag.py took 1.672 seconds
[2025-12-01T14:16:31.200+0000] {processor.py:161} INFO - Started process (PID=90950) to work on /opt/airflow/dags/ingestion_dag.py
[2025-12-01T14:16:31.207+0000] {processor.py:830} INFO - Processing file /opt/airflow/dags/ingestion_dag.py for tasks to queue
[2025-12-01T14:16:31.211+0000] {logging_mixin.py:188} INFO - [2025-12-01T14:16:31.210+0000] {dagbag.py:540} INFO - Filling up the DagBag from /opt/airflow/dags/ingestion_dag.py
[2025-12-01T14:16:32.725+0000] {logging_mixin.py:188} INFO - [2025-12-01T14:16:32.725+0000] {warnings.py:109} WARNING - /opt/airflow/dags/ingestion_dag.py:257: RemovedInAirflow3Warning: Function `days_ago` is deprecated and will be removed in Airflow 3.0. You can achieve equivalent behavior with `pendulum.today('UTC').add(days=-N, ...)`
  start_date=days_ago(1),
[2025-12-01T14:16:32.726+0000] {logging_mixin.py:188} INFO - [2025-12-01T14:16:32.726+0000] {warnings.py:109} WARNING - /opt/airflow/dags/ingestion_dag.py:254: RemovedInAirflow3Warning: Param `schedule_interval` is deprecated and will be removed in a future release. Please use `schedule` instead. 
  with DAG(
[2025-12-01T14:16:32.734+0000] {processor.py:840} INFO - DAG(s) 'ingestion_dag' retrieved from /opt/airflow/dags/ingestion_dag.py
[2025-12-01T14:16:32.758+0000] {logging_mixin.py:188} INFO - [2025-12-01T14:16:32.757+0000] {dag.py:3047} INFO - Sync 1 DAGs
[2025-12-01T14:16:32.774+0000] {logging_mixin.py:188} INFO - [2025-12-01T14:16:32.773+0000] {dag.py:3834} INFO - Setting next_dagrun for ingestion_dag to 2025-12-01 14:16:00+00:00, run_after=2025-12-01 14:17:00+00:00
[2025-12-01T14:16:32.783+0000] {processor.py:183} INFO - Processing /opt/airflow/dags/ingestion_dag.py took 1.590 seconds
[2025-12-01T14:17:03.726+0000] {processor.py:161} INFO - Started process (PID=90987) to work on /opt/airflow/dags/ingestion_dag.py
[2025-12-01T14:17:03.728+0000] {processor.py:830} INFO - Processing file /opt/airflow/dags/ingestion_dag.py for tasks to queue
[2025-12-01T14:17:03.729+0000] {logging_mixin.py:188} INFO - [2025-12-01T14:17:03.728+0000] {dagbag.py:540} INFO - Filling up the DagBag from /opt/airflow/dags/ingestion_dag.py
[2025-12-01T14:17:05.109+0000] {logging_mixin.py:188} INFO - [2025-12-01T14:17:05.109+0000] {warnings.py:109} WARNING - /opt/airflow/dags/ingestion_dag.py:257: RemovedInAirflow3Warning: Function `days_ago` is deprecated and will be removed in Airflow 3.0. You can achieve equivalent behavior with `pendulum.today('UTC').add(days=-N, ...)`
  start_date=days_ago(1),
[2025-12-01T14:17:05.109+0000] {logging_mixin.py:188} INFO - [2025-12-01T14:17:05.109+0000] {warnings.py:109} WARNING - /opt/airflow/dags/ingestion_dag.py:254: RemovedInAirflow3Warning: Param `schedule_interval` is deprecated and will be removed in a future release. Please use `schedule` instead. 
  with DAG(
[2025-12-01T14:17:05.114+0000] {processor.py:840} INFO - DAG(s) 'ingestion_dag' retrieved from /opt/airflow/dags/ingestion_dag.py
[2025-12-01T14:17:05.131+0000] {logging_mixin.py:188} INFO - [2025-12-01T14:17:05.130+0000] {dag.py:3047} INFO - Sync 1 DAGs
[2025-12-01T14:17:05.148+0000] {logging_mixin.py:188} INFO - [2025-12-01T14:17:05.148+0000] {dag.py:3834} INFO - Setting next_dagrun for ingestion_dag to 2025-12-01 14:17:00+00:00, run_after=2025-12-01 14:18:00+00:00
[2025-12-01T14:17:05.160+0000] {processor.py:183} INFO - Processing /opt/airflow/dags/ingestion_dag.py took 1.437 seconds
[2025-12-01T14:17:36.196+0000] {processor.py:161} INFO - Started process (PID=91048) to work on /opt/airflow/dags/ingestion_dag.py
[2025-12-01T14:17:36.198+0000] {processor.py:830} INFO - Processing file /opt/airflow/dags/ingestion_dag.py for tasks to queue
[2025-12-01T14:17:36.200+0000] {logging_mixin.py:188} INFO - [2025-12-01T14:17:36.199+0000] {dagbag.py:540} INFO - Filling up the DagBag from /opt/airflow/dags/ingestion_dag.py
[2025-12-01T14:17:37.808+0000] {logging_mixin.py:188} INFO - [2025-12-01T14:17:37.808+0000] {warnings.py:109} WARNING - /opt/airflow/dags/ingestion_dag.py:257: RemovedInAirflow3Warning: Function `days_ago` is deprecated and will be removed in Airflow 3.0. You can achieve equivalent behavior with `pendulum.today('UTC').add(days=-N, ...)`
  start_date=days_ago(1),
[2025-12-01T14:17:37.809+0000] {logging_mixin.py:188} INFO - [2025-12-01T14:17:37.808+0000] {warnings.py:109} WARNING - /opt/airflow/dags/ingestion_dag.py:254: RemovedInAirflow3Warning: Param `schedule_interval` is deprecated and will be removed in a future release. Please use `schedule` instead. 
  with DAG(
[2025-12-01T14:17:37.812+0000] {processor.py:840} INFO - DAG(s) 'ingestion_dag' retrieved from /opt/airflow/dags/ingestion_dag.py
[2025-12-01T14:17:37.831+0000] {logging_mixin.py:188} INFO - [2025-12-01T14:17:37.831+0000] {dag.py:3047} INFO - Sync 1 DAGs
[2025-12-01T14:17:37.853+0000] {logging_mixin.py:188} INFO - [2025-12-01T14:17:37.853+0000] {dag.py:3834} INFO - Setting next_dagrun for ingestion_dag to 2025-12-01 14:17:00+00:00, run_after=2025-12-01 14:18:00+00:00
[2025-12-01T14:17:37.863+0000] {processor.py:183} INFO - Processing /opt/airflow/dags/ingestion_dag.py took 1.675 seconds
[2025-12-01T14:18:08.597+0000] {processor.py:161} INFO - Started process (PID=91110) to work on /opt/airflow/dags/ingestion_dag.py
[2025-12-01T14:18:08.599+0000] {processor.py:830} INFO - Processing file /opt/airflow/dags/ingestion_dag.py for tasks to queue
[2025-12-01T14:18:08.601+0000] {logging_mixin.py:188} INFO - [2025-12-01T14:18:08.600+0000] {dagbag.py:540} INFO - Filling up the DagBag from /opt/airflow/dags/ingestion_dag.py
[2025-12-01T14:18:10.865+0000] {logging_mixin.py:188} INFO - [2025-12-01T14:18:10.864+0000] {warnings.py:109} WARNING - /opt/airflow/dags/ingestion_dag.py:257: RemovedInAirflow3Warning: Function `days_ago` is deprecated and will be removed in Airflow 3.0. You can achieve equivalent behavior with `pendulum.today('UTC').add(days=-N, ...)`
  start_date=days_ago(1),
[2025-12-01T14:18:10.866+0000] {logging_mixin.py:188} INFO - [2025-12-01T14:18:10.866+0000] {warnings.py:109} WARNING - /opt/airflow/dags/ingestion_dag.py:254: RemovedInAirflow3Warning: Param `schedule_interval` is deprecated and will be removed in a future release. Please use `schedule` instead. 
  with DAG(
[2025-12-01T14:18:10.871+0000] {processor.py:840} INFO - DAG(s) 'ingestion_dag' retrieved from /opt/airflow/dags/ingestion_dag.py
[2025-12-01T14:18:10.891+0000] {logging_mixin.py:188} INFO - [2025-12-01T14:18:10.891+0000] {dag.py:3047} INFO - Sync 1 DAGs
[2025-12-01T14:18:10.905+0000] {logging_mixin.py:188} INFO - [2025-12-01T14:18:10.905+0000] {dag.py:3834} INFO - Setting next_dagrun for ingestion_dag to 2025-12-01 14:18:00+00:00, run_after=2025-12-01 14:19:00+00:00
[2025-12-01T14:18:10.915+0000] {processor.py:183} INFO - Processing /opt/airflow/dags/ingestion_dag.py took 2.330 seconds
[2025-12-01T14:18:41.088+0000] {processor.py:161} INFO - Started process (PID=91152) to work on /opt/airflow/dags/ingestion_dag.py
[2025-12-01T14:18:41.091+0000] {processor.py:830} INFO - Processing file /opt/airflow/dags/ingestion_dag.py for tasks to queue
[2025-12-01T14:18:41.092+0000] {logging_mixin.py:188} INFO - [2025-12-01T14:18:41.091+0000] {dagbag.py:540} INFO - Filling up the DagBag from /opt/airflow/dags/ingestion_dag.py
[2025-12-01T14:18:42.606+0000] {logging_mixin.py:188} INFO - [2025-12-01T14:18:42.606+0000] {warnings.py:109} WARNING - /opt/airflow/dags/ingestion_dag.py:257: RemovedInAirflow3Warning: Function `days_ago` is deprecated and will be removed in Airflow 3.0. You can achieve equivalent behavior with `pendulum.today('UTC').add(days=-N, ...)`
  start_date=days_ago(1),
[2025-12-01T14:18:42.606+0000] {logging_mixin.py:188} INFO - [2025-12-01T14:18:42.606+0000] {warnings.py:109} WARNING - /opt/airflow/dags/ingestion_dag.py:254: RemovedInAirflow3Warning: Param `schedule_interval` is deprecated and will be removed in a future release. Please use `schedule` instead. 
  with DAG(
[2025-12-01T14:18:42.610+0000] {processor.py:840} INFO - DAG(s) 'ingestion_dag' retrieved from /opt/airflow/dags/ingestion_dag.py
[2025-12-01T14:18:42.630+0000] {logging_mixin.py:188} INFO - [2025-12-01T14:18:42.630+0000] {dag.py:3047} INFO - Sync 1 DAGs
[2025-12-01T14:18:42.645+0000] {logging_mixin.py:188} INFO - [2025-12-01T14:18:42.645+0000] {dag.py:3834} INFO - Setting next_dagrun for ingestion_dag to 2025-12-01 14:18:00+00:00, run_after=2025-12-01 14:19:00+00:00
[2025-12-01T14:18:42.655+0000] {processor.py:183} INFO - Processing /opt/airflow/dags/ingestion_dag.py took 1.580 seconds
[2025-12-01T14:19:13.626+0000] {processor.py:161} INFO - Started process (PID=91232) to work on /opt/airflow/dags/ingestion_dag.py
[2025-12-01T14:19:13.629+0000] {processor.py:830} INFO - Processing file /opt/airflow/dags/ingestion_dag.py for tasks to queue
[2025-12-01T14:19:13.630+0000] {logging_mixin.py:188} INFO - [2025-12-01T14:19:13.630+0000] {dagbag.py:540} INFO - Filling up the DagBag from /opt/airflow/dags/ingestion_dag.py
[2025-12-01T14:19:16.118+0000] {logging_mixin.py:188} INFO - [2025-12-01T14:19:16.118+0000] {warnings.py:109} WARNING - /opt/airflow/dags/ingestion_dag.py:257: RemovedInAirflow3Warning: Function `days_ago` is deprecated and will be removed in Airflow 3.0. You can achieve equivalent behavior with `pendulum.today('UTC').add(days=-N, ...)`
  start_date=days_ago(1),
[2025-12-01T14:19:16.119+0000] {logging_mixin.py:188} INFO - [2025-12-01T14:19:16.119+0000] {warnings.py:109} WARNING - /opt/airflow/dags/ingestion_dag.py:254: RemovedInAirflow3Warning: Param `schedule_interval` is deprecated and will be removed in a future release. Please use `schedule` instead. 
  with DAG(
[2025-12-01T14:19:16.124+0000] {processor.py:840} INFO - DAG(s) 'ingestion_dag' retrieved from /opt/airflow/dags/ingestion_dag.py
[2025-12-01T14:19:16.163+0000] {logging_mixin.py:188} INFO - [2025-12-01T14:19:16.162+0000] {dag.py:3047} INFO - Sync 1 DAGs
[2025-12-01T14:19:16.189+0000] {logging_mixin.py:188} INFO - [2025-12-01T14:19:16.189+0000] {dag.py:3834} INFO - Setting next_dagrun for ingestion_dag to 2025-12-01 14:19:00+00:00, run_after=2025-12-01 14:20:00+00:00
[2025-12-01T14:19:16.199+0000] {processor.py:183} INFO - Processing /opt/airflow/dags/ingestion_dag.py took 2.583 seconds
[2025-12-01T14:19:46.981+0000] {processor.py:161} INFO - Started process (PID=91255) to work on /opt/airflow/dags/ingestion_dag.py
[2025-12-01T14:19:46.982+0000] {processor.py:830} INFO - Processing file /opt/airflow/dags/ingestion_dag.py for tasks to queue
[2025-12-01T14:19:46.983+0000] {logging_mixin.py:188} INFO - [2025-12-01T14:19:46.982+0000] {dagbag.py:540} INFO - Filling up the DagBag from /opt/airflow/dags/ingestion_dag.py
[2025-12-01T14:19:48.584+0000] {logging_mixin.py:188} INFO - [2025-12-01T14:19:48.583+0000] {warnings.py:109} WARNING - /opt/airflow/dags/ingestion_dag.py:257: RemovedInAirflow3Warning: Function `days_ago` is deprecated and will be removed in Airflow 3.0. You can achieve equivalent behavior with `pendulum.today('UTC').add(days=-N, ...)`
  start_date=days_ago(1),
[2025-12-01T14:19:48.584+0000] {logging_mixin.py:188} INFO - [2025-12-01T14:19:48.584+0000] {warnings.py:109} WARNING - /opt/airflow/dags/ingestion_dag.py:254: RemovedInAirflow3Warning: Param `schedule_interval` is deprecated and will be removed in a future release. Please use `schedule` instead. 
  with DAG(
[2025-12-01T14:19:48.588+0000] {processor.py:840} INFO - DAG(s) 'ingestion_dag' retrieved from /opt/airflow/dags/ingestion_dag.py
[2025-12-01T14:19:48.618+0000] {logging_mixin.py:188} INFO - [2025-12-01T14:19:48.617+0000] {dag.py:3047} INFO - Sync 1 DAGs
[2025-12-01T14:19:48.635+0000] {logging_mixin.py:188} INFO - [2025-12-01T14:19:48.635+0000] {dag.py:3834} INFO - Setting next_dagrun for ingestion_dag to 2025-12-01 14:19:00+00:00, run_after=2025-12-01 14:20:00+00:00
[2025-12-01T14:19:48.647+0000] {processor.py:183} INFO - Processing /opt/airflow/dags/ingestion_dag.py took 1.671 seconds
[2025-12-01T14:20:18.758+0000] {processor.py:161} INFO - Started process (PID=91341) to work on /opt/airflow/dags/ingestion_dag.py
[2025-12-01T14:20:18.760+0000] {processor.py:830} INFO - Processing file /opt/airflow/dags/ingestion_dag.py for tasks to queue
[2025-12-01T14:20:18.762+0000] {logging_mixin.py:188} INFO - [2025-12-01T14:20:18.761+0000] {dagbag.py:540} INFO - Filling up the DagBag from /opt/airflow/dags/ingestion_dag.py
[2025-12-01T14:20:20.383+0000] {logging_mixin.py:188} INFO - [2025-12-01T14:20:20.382+0000] {warnings.py:109} WARNING - /opt/airflow/dags/ingestion_dag.py:257: RemovedInAirflow3Warning: Function `days_ago` is deprecated and will be removed in Airflow 3.0. You can achieve equivalent behavior with `pendulum.today('UTC').add(days=-N, ...)`
  start_date=days_ago(1),
[2025-12-01T14:20:20.383+0000] {logging_mixin.py:188} INFO - [2025-12-01T14:20:20.383+0000] {warnings.py:109} WARNING - /opt/airflow/dags/ingestion_dag.py:254: RemovedInAirflow3Warning: Param `schedule_interval` is deprecated and will be removed in a future release. Please use `schedule` instead. 
  with DAG(
[2025-12-01T14:20:20.388+0000] {processor.py:840} INFO - DAG(s) 'ingestion_dag' retrieved from /opt/airflow/dags/ingestion_dag.py
[2025-12-01T14:20:20.409+0000] {logging_mixin.py:188} INFO - [2025-12-01T14:20:20.409+0000] {dag.py:3047} INFO - Sync 1 DAGs
[2025-12-01T14:20:20.431+0000] {logging_mixin.py:188} INFO - [2025-12-01T14:20:20.431+0000] {dag.py:3834} INFO - Setting next_dagrun for ingestion_dag to 2025-12-01 14:20:00+00:00, run_after=2025-12-01 14:21:00+00:00
[2025-12-01T14:20:20.441+0000] {processor.py:183} INFO - Processing /opt/airflow/dags/ingestion_dag.py took 1.688 seconds
[2025-12-01T14:20:51.041+0000] {processor.py:161} INFO - Started process (PID=91359) to work on /opt/airflow/dags/ingestion_dag.py
[2025-12-01T14:20:51.042+0000] {processor.py:830} INFO - Processing file /opt/airflow/dags/ingestion_dag.py for tasks to queue
[2025-12-01T14:20:51.043+0000] {logging_mixin.py:188} INFO - [2025-12-01T14:20:51.043+0000] {dagbag.py:540} INFO - Filling up the DagBag from /opt/airflow/dags/ingestion_dag.py
[2025-12-01T14:20:52.564+0000] {logging_mixin.py:188} INFO - [2025-12-01T14:20:52.564+0000] {warnings.py:109} WARNING - /opt/airflow/dags/ingestion_dag.py:257: RemovedInAirflow3Warning: Function `days_ago` is deprecated and will be removed in Airflow 3.0. You can achieve equivalent behavior with `pendulum.today('UTC').add(days=-N, ...)`
  start_date=days_ago(1),
[2025-12-01T14:20:52.565+0000] {logging_mixin.py:188} INFO - [2025-12-01T14:20:52.565+0000] {warnings.py:109} WARNING - /opt/airflow/dags/ingestion_dag.py:254: RemovedInAirflow3Warning: Param `schedule_interval` is deprecated and will be removed in a future release. Please use `schedule` instead. 
  with DAG(
[2025-12-01T14:20:52.569+0000] {processor.py:840} INFO - DAG(s) 'ingestion_dag' retrieved from /opt/airflow/dags/ingestion_dag.py
[2025-12-01T14:20:52.588+0000] {logging_mixin.py:188} INFO - [2025-12-01T14:20:52.587+0000] {dag.py:3047} INFO - Sync 1 DAGs
[2025-12-01T14:20:52.603+0000] {logging_mixin.py:188} INFO - [2025-12-01T14:20:52.603+0000] {dag.py:3834} INFO - Setting next_dagrun for ingestion_dag to 2025-12-01 14:20:00+00:00, run_after=2025-12-01 14:21:00+00:00
[2025-12-01T14:20:52.617+0000] {processor.py:183} INFO - Processing /opt/airflow/dags/ingestion_dag.py took 1.578 seconds
[2025-12-01T14:21:23.501+0000] {processor.py:161} INFO - Started process (PID=91439) to work on /opt/airflow/dags/ingestion_dag.py
[2025-12-01T14:21:23.504+0000] {processor.py:830} INFO - Processing file /opt/airflow/dags/ingestion_dag.py for tasks to queue
[2025-12-01T14:21:23.506+0000] {logging_mixin.py:188} INFO - [2025-12-01T14:21:23.505+0000] {dagbag.py:540} INFO - Filling up the DagBag from /opt/airflow/dags/ingestion_dag.py
[2025-12-01T14:21:25.119+0000] {logging_mixin.py:188} INFO - [2025-12-01T14:21:25.119+0000] {warnings.py:109} WARNING - /opt/airflow/dags/ingestion_dag.py:257: RemovedInAirflow3Warning: Function `days_ago` is deprecated and will be removed in Airflow 3.0. You can achieve equivalent behavior with `pendulum.today('UTC').add(days=-N, ...)`
  start_date=days_ago(1),
[2025-12-01T14:21:25.119+0000] {logging_mixin.py:188} INFO - [2025-12-01T14:21:25.119+0000] {warnings.py:109} WARNING - /opt/airflow/dags/ingestion_dag.py:254: RemovedInAirflow3Warning: Param `schedule_interval` is deprecated and will be removed in a future release. Please use `schedule` instead. 
  with DAG(
[2025-12-01T14:21:25.123+0000] {processor.py:840} INFO - DAG(s) 'ingestion_dag' retrieved from /opt/airflow/dags/ingestion_dag.py
[2025-12-01T14:21:25.161+0000] {logging_mixin.py:188} INFO - [2025-12-01T14:21:25.160+0000] {dag.py:3047} INFO - Sync 1 DAGs
[2025-12-01T14:21:25.189+0000] {logging_mixin.py:188} INFO - [2025-12-01T14:21:25.189+0000] {dag.py:3834} INFO - Setting next_dagrun for ingestion_dag to 2025-12-01 14:21:00+00:00, run_after=2025-12-01 14:22:00+00:00
[2025-12-01T14:21:25.202+0000] {processor.py:183} INFO - Processing /opt/airflow/dags/ingestion_dag.py took 1.716 seconds
[2025-12-01T14:21:55.799+0000] {processor.py:161} INFO - Started process (PID=91457) to work on /opt/airflow/dags/ingestion_dag.py
[2025-12-01T14:21:55.801+0000] {processor.py:830} INFO - Processing file /opt/airflow/dags/ingestion_dag.py for tasks to queue
[2025-12-01T14:21:55.803+0000] {logging_mixin.py:188} INFO - [2025-12-01T14:21:55.802+0000] {dagbag.py:540} INFO - Filling up the DagBag from /opt/airflow/dags/ingestion_dag.py
[2025-12-01T14:21:57.504+0000] {logging_mixin.py:188} INFO - [2025-12-01T14:21:57.503+0000] {warnings.py:109} WARNING - /opt/airflow/dags/ingestion_dag.py:257: RemovedInAirflow3Warning: Function `days_ago` is deprecated and will be removed in Airflow 3.0. You can achieve equivalent behavior with `pendulum.today('UTC').add(days=-N, ...)`
  start_date=days_ago(1),
[2025-12-01T14:21:57.504+0000] {logging_mixin.py:188} INFO - [2025-12-01T14:21:57.504+0000] {warnings.py:109} WARNING - /opt/airflow/dags/ingestion_dag.py:254: RemovedInAirflow3Warning: Param `schedule_interval` is deprecated and will be removed in a future release. Please use `schedule` instead. 
  with DAG(
[2025-12-01T14:21:57.509+0000] {processor.py:840} INFO - DAG(s) 'ingestion_dag' retrieved from /opt/airflow/dags/ingestion_dag.py
[2025-12-01T14:21:57.552+0000] {logging_mixin.py:188} INFO - [2025-12-01T14:21:57.552+0000] {dag.py:3047} INFO - Sync 1 DAGs
[2025-12-01T14:21:57.573+0000] {logging_mixin.py:188} INFO - [2025-12-01T14:21:57.573+0000] {dag.py:3834} INFO - Setting next_dagrun for ingestion_dag to 2025-12-01 14:21:00+00:00, run_after=2025-12-01 14:22:00+00:00
[2025-12-01T14:21:57.583+0000] {processor.py:183} INFO - Processing /opt/airflow/dags/ingestion_dag.py took 1.801 seconds
[2025-12-01T14:22:28.562+0000] {processor.py:161} INFO - Started process (PID=91543) to work on /opt/airflow/dags/ingestion_dag.py
[2025-12-01T14:22:28.564+0000] {processor.py:830} INFO - Processing file /opt/airflow/dags/ingestion_dag.py for tasks to queue
[2025-12-01T14:22:28.566+0000] {logging_mixin.py:188} INFO - [2025-12-01T14:22:28.565+0000] {dagbag.py:540} INFO - Filling up the DagBag from /opt/airflow/dags/ingestion_dag.py
[2025-12-01T14:22:30.290+0000] {logging_mixin.py:188} INFO - [2025-12-01T14:22:30.289+0000] {warnings.py:109} WARNING - /opt/airflow/dags/ingestion_dag.py:257: RemovedInAirflow3Warning: Function `days_ago` is deprecated and will be removed in Airflow 3.0. You can achieve equivalent behavior with `pendulum.today('UTC').add(days=-N, ...)`
  start_date=days_ago(1),
[2025-12-01T14:22:30.290+0000] {logging_mixin.py:188} INFO - [2025-12-01T14:22:30.290+0000] {warnings.py:109} WARNING - /opt/airflow/dags/ingestion_dag.py:254: RemovedInAirflow3Warning: Param `schedule_interval` is deprecated and will be removed in a future release. Please use `schedule` instead. 
  with DAG(
[2025-12-01T14:22:30.295+0000] {processor.py:840} INFO - DAG(s) 'ingestion_dag' retrieved from /opt/airflow/dags/ingestion_dag.py
[2025-12-01T14:22:30.318+0000] {logging_mixin.py:188} INFO - [2025-12-01T14:22:30.317+0000] {dag.py:3047} INFO - Sync 1 DAGs
[2025-12-01T14:22:30.335+0000] {logging_mixin.py:188} INFO - [2025-12-01T14:22:30.335+0000] {dag.py:3834} INFO - Setting next_dagrun for ingestion_dag to 2025-12-01 14:22:00+00:00, run_after=2025-12-01 14:23:00+00:00
[2025-12-01T14:22:30.445+0000] {processor.py:183} INFO - Processing /opt/airflow/dags/ingestion_dag.py took 1.898 seconds
[2025-12-01T14:23:01.273+0000] {processor.py:161} INFO - Started process (PID=91562) to work on /opt/airflow/dags/ingestion_dag.py
[2025-12-01T14:23:01.275+0000] {processor.py:830} INFO - Processing file /opt/airflow/dags/ingestion_dag.py for tasks to queue
[2025-12-01T14:23:01.276+0000] {logging_mixin.py:188} INFO - [2025-12-01T14:23:01.275+0000] {dagbag.py:540} INFO - Filling up the DagBag from /opt/airflow/dags/ingestion_dag.py
[2025-12-01T14:23:03.860+0000] {logging_mixin.py:188} INFO - [2025-12-01T14:23:03.860+0000] {warnings.py:109} WARNING - /opt/airflow/dags/ingestion_dag.py:257: RemovedInAirflow3Warning: Function `days_ago` is deprecated and will be removed in Airflow 3.0. You can achieve equivalent behavior with `pendulum.today('UTC').add(days=-N, ...)`
  start_date=days_ago(1),
[2025-12-01T14:23:03.862+0000] {logging_mixin.py:188} INFO - [2025-12-01T14:23:03.862+0000] {warnings.py:109} WARNING - /opt/airflow/dags/ingestion_dag.py:254: RemovedInAirflow3Warning: Param `schedule_interval` is deprecated and will be removed in a future release. Please use `schedule` instead. 
  with DAG(
[2025-12-01T14:23:03.873+0000] {processor.py:840} INFO - DAG(s) 'ingestion_dag' retrieved from /opt/airflow/dags/ingestion_dag.py
[2025-12-01T14:23:03.919+0000] {logging_mixin.py:188} INFO - [2025-12-01T14:23:03.918+0000] {dag.py:3047} INFO - Sync 1 DAGs
[2025-12-01T14:23:03.938+0000] {logging_mixin.py:188} INFO - [2025-12-01T14:23:03.937+0000] {dag.py:3834} INFO - Setting next_dagrun for ingestion_dag to 2025-12-01 14:23:00+00:00, run_after=2025-12-01 14:24:00+00:00
[2025-12-01T14:23:03.950+0000] {processor.py:183} INFO - Processing /opt/airflow/dags/ingestion_dag.py took 2.684 seconds
[2025-12-01T14:23:34.439+0000] {processor.py:161} INFO - Started process (PID=91641) to work on /opt/airflow/dags/ingestion_dag.py
[2025-12-01T14:23:34.443+0000] {processor.py:830} INFO - Processing file /opt/airflow/dags/ingestion_dag.py for tasks to queue
[2025-12-01T14:23:34.444+0000] {logging_mixin.py:188} INFO - [2025-12-01T14:23:34.444+0000] {dagbag.py:540} INFO - Filling up the DagBag from /opt/airflow/dags/ingestion_dag.py
[2025-12-01T14:23:37.019+0000] {logging_mixin.py:188} INFO - [2025-12-01T14:23:37.013+0000] {warnings.py:109} WARNING - /opt/airflow/dags/ingestion_dag.py:257: RemovedInAirflow3Warning: Function `days_ago` is deprecated and will be removed in Airflow 3.0. You can achieve equivalent behavior with `pendulum.today('UTC').add(days=-N, ...)`
  start_date=days_ago(1),
[2025-12-01T14:23:37.020+0000] {logging_mixin.py:188} INFO - [2025-12-01T14:23:37.020+0000] {warnings.py:109} WARNING - /opt/airflow/dags/ingestion_dag.py:254: RemovedInAirflow3Warning: Param `schedule_interval` is deprecated and will be removed in a future release. Please use `schedule` instead. 
  with DAG(
[2025-12-01T14:23:37.033+0000] {processor.py:840} INFO - DAG(s) 'ingestion_dag' retrieved from /opt/airflow/dags/ingestion_dag.py
[2025-12-01T14:23:37.089+0000] {logging_mixin.py:188} INFO - [2025-12-01T14:23:37.089+0000] {dag.py:3047} INFO - Sync 1 DAGs
[2025-12-01T14:23:37.121+0000] {logging_mixin.py:188} INFO - [2025-12-01T14:23:37.121+0000] {dag.py:3834} INFO - Setting next_dagrun for ingestion_dag to 2025-12-01 14:23:00+00:00, run_after=2025-12-01 14:24:00+00:00
[2025-12-01T14:23:37.137+0000] {processor.py:183} INFO - Processing /opt/airflow/dags/ingestion_dag.py took 2.714 seconds
[2025-12-01T14:24:08.151+0000] {processor.py:161} INFO - Started process (PID=91685) to work on /opt/airflow/dags/ingestion_dag.py
[2025-12-01T14:24:08.156+0000] {processor.py:830} INFO - Processing file /opt/airflow/dags/ingestion_dag.py for tasks to queue
[2025-12-01T14:24:08.158+0000] {logging_mixin.py:188} INFO - [2025-12-01T14:24:08.157+0000] {dagbag.py:540} INFO - Filling up the DagBag from /opt/airflow/dags/ingestion_dag.py
[2025-12-01T14:24:10.947+0000] {logging_mixin.py:188} INFO - [2025-12-01T14:24:10.946+0000] {warnings.py:109} WARNING - /opt/airflow/dags/ingestion_dag.py:257: RemovedInAirflow3Warning: Function `days_ago` is deprecated and will be removed in Airflow 3.0. You can achieve equivalent behavior with `pendulum.today('UTC').add(days=-N, ...)`
  start_date=days_ago(1),
[2025-12-01T14:24:10.949+0000] {logging_mixin.py:188} INFO - [2025-12-01T14:24:10.949+0000] {warnings.py:109} WARNING - /opt/airflow/dags/ingestion_dag.py:254: RemovedInAirflow3Warning: Param `schedule_interval` is deprecated and will be removed in a future release. Please use `schedule` instead. 
  with DAG(
[2025-12-01T14:24:10.955+0000] {processor.py:840} INFO - DAG(s) 'ingestion_dag' retrieved from /opt/airflow/dags/ingestion_dag.py
[2025-12-01T14:24:10.997+0000] {logging_mixin.py:188} INFO - [2025-12-01T14:24:10.997+0000] {dag.py:3047} INFO - Sync 1 DAGs
[2025-12-01T14:24:11.246+0000] {logging_mixin.py:188} INFO - [2025-12-01T14:24:11.245+0000] {dag.py:3834} INFO - Setting next_dagrun for ingestion_dag to 2025-12-01 14:24:00+00:00, run_after=2025-12-01 14:25:00+00:00
[2025-12-01T14:24:11.256+0000] {processor.py:183} INFO - Processing /opt/airflow/dags/ingestion_dag.py took 3.130 seconds
[2025-12-01T14:24:42.311+0000] {processor.py:161} INFO - Started process (PID=91745) to work on /opt/airflow/dags/ingestion_dag.py
[2025-12-01T14:24:42.314+0000] {processor.py:830} INFO - Processing file /opt/airflow/dags/ingestion_dag.py for tasks to queue
[2025-12-01T14:24:42.316+0000] {logging_mixin.py:188} INFO - [2025-12-01T14:24:42.315+0000] {dagbag.py:540} INFO - Filling up the DagBag from /opt/airflow/dags/ingestion_dag.py
[2025-12-01T14:24:44.880+0000] {logging_mixin.py:188} INFO - [2025-12-01T14:24:44.879+0000] {warnings.py:109} WARNING - /opt/airflow/dags/ingestion_dag.py:257: RemovedInAirflow3Warning: Function `days_ago` is deprecated and will be removed in Airflow 3.0. You can achieve equivalent behavior with `pendulum.today('UTC').add(days=-N, ...)`
  start_date=days_ago(1),
[2025-12-01T14:24:44.881+0000] {logging_mixin.py:188} INFO - [2025-12-01T14:24:44.880+0000] {warnings.py:109} WARNING - /opt/airflow/dags/ingestion_dag.py:254: RemovedInAirflow3Warning: Param `schedule_interval` is deprecated and will be removed in a future release. Please use `schedule` instead. 
  with DAG(
[2025-12-01T14:24:45.261+0000] {processor.py:840} INFO - DAG(s) 'ingestion_dag' retrieved from /opt/airflow/dags/ingestion_dag.py
[2025-12-01T14:24:45.345+0000] {logging_mixin.py:188} INFO - [2025-12-01T14:24:45.345+0000] {dag.py:3047} INFO - Sync 1 DAGs
[2025-12-01T14:24:45.375+0000] {logging_mixin.py:188} INFO - [2025-12-01T14:24:45.374+0000] {dag.py:3834} INFO - Setting next_dagrun for ingestion_dag to 2025-12-01 14:24:00+00:00, run_after=2025-12-01 14:25:00+00:00
[2025-12-01T14:24:45.387+0000] {processor.py:183} INFO - Processing /opt/airflow/dags/ingestion_dag.py took 3.089 seconds
[2025-12-01T14:25:15.981+0000] {processor.py:161} INFO - Started process (PID=91825) to work on /opt/airflow/dags/ingestion_dag.py
[2025-12-01T14:25:15.984+0000] {processor.py:830} INFO - Processing file /opt/airflow/dags/ingestion_dag.py for tasks to queue
[2025-12-01T14:25:15.985+0000] {logging_mixin.py:188} INFO - [2025-12-01T14:25:15.985+0000] {dagbag.py:540} INFO - Filling up the DagBag from /opt/airflow/dags/ingestion_dag.py
[2025-12-01T14:25:17.593+0000] {logging_mixin.py:188} INFO - [2025-12-01T14:25:17.593+0000] {warnings.py:109} WARNING - /opt/airflow/dags/ingestion_dag.py:257: RemovedInAirflow3Warning: Function `days_ago` is deprecated and will be removed in Airflow 3.0. You can achieve equivalent behavior with `pendulum.today('UTC').add(days=-N, ...)`
  start_date=days_ago(1),
[2025-12-01T14:25:17.594+0000] {logging_mixin.py:188} INFO - [2025-12-01T14:25:17.594+0000] {warnings.py:109} WARNING - /opt/airflow/dags/ingestion_dag.py:254: RemovedInAirflow3Warning: Param `schedule_interval` is deprecated and will be removed in a future release. Please use `schedule` instead. 
  with DAG(
[2025-12-01T14:25:17.601+0000] {processor.py:840} INFO - DAG(s) 'ingestion_dag' retrieved from /opt/airflow/dags/ingestion_dag.py
[2025-12-01T14:25:17.622+0000] {logging_mixin.py:188} INFO - [2025-12-01T14:25:17.622+0000] {dag.py:3047} INFO - Sync 1 DAGs
[2025-12-01T14:25:17.735+0000] {logging_mixin.py:188} INFO - [2025-12-01T14:25:17.735+0000] {dag.py:3834} INFO - Setting next_dagrun for ingestion_dag to 2025-12-01 14:25:00+00:00, run_after=2025-12-01 14:26:00+00:00
[2025-12-01T14:25:17.745+0000] {processor.py:183} INFO - Processing /opt/airflow/dags/ingestion_dag.py took 1.775 seconds
[2025-12-01T14:25:48.493+0000] {processor.py:161} INFO - Started process (PID=91843) to work on /opt/airflow/dags/ingestion_dag.py
[2025-12-01T14:25:48.495+0000] {processor.py:830} INFO - Processing file /opt/airflow/dags/ingestion_dag.py for tasks to queue
[2025-12-01T14:25:48.497+0000] {logging_mixin.py:188} INFO - [2025-12-01T14:25:48.496+0000] {dagbag.py:540} INFO - Filling up the DagBag from /opt/airflow/dags/ingestion_dag.py
[2025-12-01T14:25:50.204+0000] {logging_mixin.py:188} INFO - [2025-12-01T14:25:50.203+0000] {warnings.py:109} WARNING - /opt/airflow/dags/ingestion_dag.py:257: RemovedInAirflow3Warning: Function `days_ago` is deprecated and will be removed in Airflow 3.0. You can achieve equivalent behavior with `pendulum.today('UTC').add(days=-N, ...)`
  start_date=days_ago(1),
[2025-12-01T14:25:50.204+0000] {logging_mixin.py:188} INFO - [2025-12-01T14:25:50.204+0000] {warnings.py:109} WARNING - /opt/airflow/dags/ingestion_dag.py:254: RemovedInAirflow3Warning: Param `schedule_interval` is deprecated and will be removed in a future release. Please use `schedule` instead. 
  with DAG(
[2025-12-01T14:25:50.210+0000] {processor.py:840} INFO - DAG(s) 'ingestion_dag' retrieved from /opt/airflow/dags/ingestion_dag.py
[2025-12-01T14:25:50.397+0000] {logging_mixin.py:188} INFO - [2025-12-01T14:25:50.397+0000] {dag.py:3047} INFO - Sync 1 DAGs
[2025-12-01T14:25:50.415+0000] {logging_mixin.py:188} INFO - [2025-12-01T14:25:50.414+0000] {dag.py:3834} INFO - Setting next_dagrun for ingestion_dag to 2025-12-01 14:25:00+00:00, run_after=2025-12-01 14:26:00+00:00
[2025-12-01T14:25:50.425+0000] {processor.py:183} INFO - Processing /opt/airflow/dags/ingestion_dag.py took 1.939 seconds
[2025-12-01T14:26:21.432+0000] {processor.py:161} INFO - Started process (PID=91929) to work on /opt/airflow/dags/ingestion_dag.py
[2025-12-01T14:26:21.434+0000] {processor.py:830} INFO - Processing file /opt/airflow/dags/ingestion_dag.py for tasks to queue
[2025-12-01T14:26:21.436+0000] {logging_mixin.py:188} INFO - [2025-12-01T14:26:21.435+0000] {dagbag.py:540} INFO - Filling up the DagBag from /opt/airflow/dags/ingestion_dag.py
[2025-12-01T14:26:24.140+0000] {logging_mixin.py:188} INFO - [2025-12-01T14:26:24.140+0000] {warnings.py:109} WARNING - /opt/airflow/dags/ingestion_dag.py:257: RemovedInAirflow3Warning: Function `days_ago` is deprecated and will be removed in Airflow 3.0. You can achieve equivalent behavior with `pendulum.today('UTC').add(days=-N, ...)`
  start_date=days_ago(1),
[2025-12-01T14:26:24.141+0000] {logging_mixin.py:188} INFO - [2025-12-01T14:26:24.141+0000] {warnings.py:109} WARNING - /opt/airflow/dags/ingestion_dag.py:254: RemovedInAirflow3Warning: Param `schedule_interval` is deprecated and will be removed in a future release. Please use `schedule` instead. 
  with DAG(
[2025-12-01T14:26:24.145+0000] {processor.py:840} INFO - DAG(s) 'ingestion_dag' retrieved from /opt/airflow/dags/ingestion_dag.py
[2025-12-01T14:26:24.179+0000] {logging_mixin.py:188} INFO - [2025-12-01T14:26:24.179+0000] {dag.py:3047} INFO - Sync 1 DAGs
[2025-12-01T14:26:24.204+0000] {logging_mixin.py:188} INFO - [2025-12-01T14:26:24.204+0000] {dag.py:3834} INFO - Setting next_dagrun for ingestion_dag to 2025-12-01 14:26:00+00:00, run_after=2025-12-01 14:27:00+00:00
[2025-12-01T14:26:24.352+0000] {processor.py:183} INFO - Processing /opt/airflow/dags/ingestion_dag.py took 2.936 seconds
[2025-12-01T14:26:55.291+0000] {processor.py:161} INFO - Started process (PID=91952) to work on /opt/airflow/dags/ingestion_dag.py
[2025-12-01T14:26:55.296+0000] {processor.py:830} INFO - Processing file /opt/airflow/dags/ingestion_dag.py for tasks to queue
[2025-12-01T14:26:55.299+0000] {logging_mixin.py:188} INFO - [2025-12-01T14:26:55.298+0000] {dagbag.py:540} INFO - Filling up the DagBag from /opt/airflow/dags/ingestion_dag.py
[2025-12-01T14:26:58.497+0000] {logging_mixin.py:188} INFO - [2025-12-01T14:26:58.496+0000] {warnings.py:109} WARNING - /opt/airflow/dags/ingestion_dag.py:257: RemovedInAirflow3Warning: Function `days_ago` is deprecated and will be removed in Airflow 3.0. You can achieve equivalent behavior with `pendulum.today('UTC').add(days=-N, ...)`
  start_date=days_ago(1),
[2025-12-01T14:26:58.497+0000] {logging_mixin.py:188} INFO - [2025-12-01T14:26:58.497+0000] {warnings.py:109} WARNING - /opt/airflow/dags/ingestion_dag.py:254: RemovedInAirflow3Warning: Param `schedule_interval` is deprecated and will be removed in a future release. Please use `schedule` instead. 
  with DAG(
[2025-12-01T14:26:58.503+0000] {processor.py:840} INFO - DAG(s) 'ingestion_dag' retrieved from /opt/airflow/dags/ingestion_dag.py
[2025-12-01T14:26:58.647+0000] {logging_mixin.py:188} INFO - [2025-12-01T14:26:58.647+0000] {dag.py:3047} INFO - Sync 1 DAGs
[2025-12-01T14:26:58.666+0000] {logging_mixin.py:188} INFO - [2025-12-01T14:26:58.666+0000] {dag.py:3834} INFO - Setting next_dagrun for ingestion_dag to 2025-12-01 14:26:00+00:00, run_after=2025-12-01 14:27:00+00:00
[2025-12-01T14:26:58.677+0000] {processor.py:183} INFO - Processing /opt/airflow/dags/ingestion_dag.py took 3.399 seconds
[2025-12-01T14:27:29.009+0000] {processor.py:161} INFO - Started process (PID=92032) to work on /opt/airflow/dags/ingestion_dag.py
[2025-12-01T14:27:29.026+0000] {processor.py:830} INFO - Processing file /opt/airflow/dags/ingestion_dag.py for tasks to queue
[2025-12-01T14:27:29.030+0000] {logging_mixin.py:188} INFO - [2025-12-01T14:27:29.028+0000] {dagbag.py:540} INFO - Filling up the DagBag from /opt/airflow/dags/ingestion_dag.py
[2025-12-01T14:27:30.845+0000] {logging_mixin.py:188} INFO - [2025-12-01T14:27:30.844+0000] {warnings.py:109} WARNING - /opt/airflow/dags/ingestion_dag.py:257: RemovedInAirflow3Warning: Function `days_ago` is deprecated and will be removed in Airflow 3.0. You can achieve equivalent behavior with `pendulum.today('UTC').add(days=-N, ...)`
  start_date=days_ago(1),
[2025-12-01T14:27:30.845+0000] {logging_mixin.py:188} INFO - [2025-12-01T14:27:30.845+0000] {warnings.py:109} WARNING - /opt/airflow/dags/ingestion_dag.py:254: RemovedInAirflow3Warning: Param `schedule_interval` is deprecated and will be removed in a future release. Please use `schedule` instead. 
  with DAG(
[2025-12-01T14:27:30.849+0000] {processor.py:840} INFO - DAG(s) 'ingestion_dag' retrieved from /opt/airflow/dags/ingestion_dag.py
[2025-12-01T14:27:30.869+0000] {logging_mixin.py:188} INFO - [2025-12-01T14:27:30.869+0000] {dag.py:3047} INFO - Sync 1 DAGs
[2025-12-01T14:27:30.885+0000] {logging_mixin.py:188} INFO - [2025-12-01T14:27:30.885+0000] {dag.py:3834} INFO - Setting next_dagrun for ingestion_dag to 2025-12-01 14:27:00+00:00, run_after=2025-12-01 14:28:00+00:00
[2025-12-01T14:27:30.894+0000] {processor.py:183} INFO - Processing /opt/airflow/dags/ingestion_dag.py took 1.896 seconds
[2025-12-01T14:28:01.652+0000] {processor.py:161} INFO - Started process (PID=92054) to work on /opt/airflow/dags/ingestion_dag.py
[2025-12-01T14:28:01.654+0000] {processor.py:830} INFO - Processing file /opt/airflow/dags/ingestion_dag.py for tasks to queue
[2025-12-01T14:28:01.654+0000] {logging_mixin.py:188} INFO - [2025-12-01T14:28:01.654+0000] {dagbag.py:540} INFO - Filling up the DagBag from /opt/airflow/dags/ingestion_dag.py
[2025-12-01T14:28:05.971+0000] {logging_mixin.py:188} INFO - [2025-12-01T14:28:05.970+0000] {warnings.py:109} WARNING - /opt/airflow/dags/ingestion_dag.py:257: RemovedInAirflow3Warning: Function `days_ago` is deprecated and will be removed in Airflow 3.0. You can achieve equivalent behavior with `pendulum.today('UTC').add(days=-N, ...)`
  start_date=days_ago(1),
[2025-12-01T14:28:05.972+0000] {logging_mixin.py:188} INFO - [2025-12-01T14:28:05.971+0000] {warnings.py:109} WARNING - /opt/airflow/dags/ingestion_dag.py:254: RemovedInAirflow3Warning: Param `schedule_interval` is deprecated and will be removed in a future release. Please use `schedule` instead. 
  with DAG(
[2025-12-01T14:28:05.982+0000] {processor.py:840} INFO - DAG(s) 'ingestion_dag' retrieved from /opt/airflow/dags/ingestion_dag.py
[2025-12-01T14:28:06.171+0000] {logging_mixin.py:188} INFO - [2025-12-01T14:28:06.171+0000] {dag.py:3047} INFO - Sync 1 DAGs
[2025-12-01T14:28:06.187+0000] {logging_mixin.py:188} INFO - [2025-12-01T14:28:06.187+0000] {dag.py:3834} INFO - Setting next_dagrun for ingestion_dag to 2025-12-01 14:28:00+00:00, run_after=2025-12-01 14:29:00+00:00
[2025-12-01T14:28:06.197+0000] {processor.py:183} INFO - Processing /opt/airflow/dags/ingestion_dag.py took 4.550 seconds
[2025-12-01T14:28:36.815+0000] {processor.py:161} INFO - Started process (PID=92136) to work on /opt/airflow/dags/ingestion_dag.py
[2025-12-01T14:28:36.818+0000] {processor.py:830} INFO - Processing file /opt/airflow/dags/ingestion_dag.py for tasks to queue
[2025-12-01T14:28:36.820+0000] {logging_mixin.py:188} INFO - [2025-12-01T14:28:36.819+0000] {dagbag.py:540} INFO - Filling up the DagBag from /opt/airflow/dags/ingestion_dag.py
[2025-12-01T14:28:38.614+0000] {logging_mixin.py:188} INFO - [2025-12-01T14:28:38.614+0000] {warnings.py:109} WARNING - /opt/airflow/dags/ingestion_dag.py:257: RemovedInAirflow3Warning: Function `days_ago` is deprecated and will be removed in Airflow 3.0. You can achieve equivalent behavior with `pendulum.today('UTC').add(days=-N, ...)`
  start_date=days_ago(1),
[2025-12-01T14:28:38.614+0000] {logging_mixin.py:188} INFO - [2025-12-01T14:28:38.614+0000] {warnings.py:109} WARNING - /opt/airflow/dags/ingestion_dag.py:254: RemovedInAirflow3Warning: Param `schedule_interval` is deprecated and will be removed in a future release. Please use `schedule` instead. 
  with DAG(
[2025-12-01T14:28:38.618+0000] {processor.py:840} INFO - DAG(s) 'ingestion_dag' retrieved from /opt/airflow/dags/ingestion_dag.py
[2025-12-01T14:28:38.638+0000] {logging_mixin.py:188} INFO - [2025-12-01T14:28:38.638+0000] {dag.py:3047} INFO - Sync 1 DAGs
[2025-12-01T14:28:38.653+0000] {logging_mixin.py:188} INFO - [2025-12-01T14:28:38.653+0000] {dag.py:3834} INFO - Setting next_dagrun for ingestion_dag to 2025-12-01 14:28:00+00:00, run_after=2025-12-01 14:29:00+00:00
[2025-12-01T14:28:38.661+0000] {processor.py:183} INFO - Processing /opt/airflow/dags/ingestion_dag.py took 1.857 seconds
[2025-12-01T14:29:09.519+0000] {processor.py:161} INFO - Started process (PID=92213) to work on /opt/airflow/dags/ingestion_dag.py
[2025-12-01T14:29:09.525+0000] {processor.py:830} INFO - Processing file /opt/airflow/dags/ingestion_dag.py for tasks to queue
[2025-12-01T14:29:09.528+0000] {logging_mixin.py:188} INFO - [2025-12-01T14:29:09.527+0000] {dagbag.py:540} INFO - Filling up the DagBag from /opt/airflow/dags/ingestion_dag.py
[2025-12-01T14:29:12.340+0000] {logging_mixin.py:188} INFO - [2025-12-01T14:29:12.339+0000] {warnings.py:109} WARNING - /opt/airflow/dags/ingestion_dag.py:257: RemovedInAirflow3Warning: Function `days_ago` is deprecated and will be removed in Airflow 3.0. You can achieve equivalent behavior with `pendulum.today('UTC').add(days=-N, ...)`
  start_date=days_ago(1),
[2025-12-01T14:29:12.340+0000] {logging_mixin.py:188} INFO - [2025-12-01T14:29:12.340+0000] {warnings.py:109} WARNING - /opt/airflow/dags/ingestion_dag.py:254: RemovedInAirflow3Warning: Param `schedule_interval` is deprecated and will be removed in a future release. Please use `schedule` instead. 
  with DAG(
[2025-12-01T14:29:12.347+0000] {processor.py:840} INFO - DAG(s) 'ingestion_dag' retrieved from /opt/airflow/dags/ingestion_dag.py
[2025-12-01T14:29:12.372+0000] {logging_mixin.py:188} INFO - [2025-12-01T14:29:12.372+0000] {dag.py:3047} INFO - Sync 1 DAGs
[2025-12-01T14:29:12.543+0000] {logging_mixin.py:188} INFO - [2025-12-01T14:29:12.543+0000] {dag.py:3834} INFO - Setting next_dagrun for ingestion_dag to 2025-12-01 14:29:00+00:00, run_after=2025-12-01 14:30:00+00:00
[2025-12-01T14:29:12.554+0000] {processor.py:183} INFO - Processing /opt/airflow/dags/ingestion_dag.py took 3.046 seconds
[2025-12-01T14:29:43.127+0000] {processor.py:161} INFO - Started process (PID=92234) to work on /opt/airflow/dags/ingestion_dag.py
[2025-12-01T14:29:43.130+0000] {processor.py:830} INFO - Processing file /opt/airflow/dags/ingestion_dag.py for tasks to queue
[2025-12-01T14:29:43.132+0000] {logging_mixin.py:188} INFO - [2025-12-01T14:29:43.131+0000] {dagbag.py:540} INFO - Filling up the DagBag from /opt/airflow/dags/ingestion_dag.py
[2025-12-01T14:29:44.677+0000] {logging_mixin.py:188} INFO - [2025-12-01T14:29:44.677+0000] {warnings.py:109} WARNING - /opt/airflow/dags/ingestion_dag.py:257: RemovedInAirflow3Warning: Function `days_ago` is deprecated and will be removed in Airflow 3.0. You can achieve equivalent behavior with `pendulum.today('UTC').add(days=-N, ...)`
  start_date=days_ago(1),
[2025-12-01T14:29:44.677+0000] {logging_mixin.py:188} INFO - [2025-12-01T14:29:44.677+0000] {warnings.py:109} WARNING - /opt/airflow/dags/ingestion_dag.py:254: RemovedInAirflow3Warning: Param `schedule_interval` is deprecated and will be removed in a future release. Please use `schedule` instead. 
  with DAG(
[2025-12-01T14:29:44.772+0000] {processor.py:840} INFO - DAG(s) 'ingestion_dag' retrieved from /opt/airflow/dags/ingestion_dag.py
[2025-12-01T14:29:44.793+0000] {logging_mixin.py:188} INFO - [2025-12-01T14:29:44.792+0000] {dag.py:3047} INFO - Sync 1 DAGs
[2025-12-01T14:29:44.808+0000] {logging_mixin.py:188} INFO - [2025-12-01T14:29:44.808+0000] {dag.py:3834} INFO - Setting next_dagrun for ingestion_dag to 2025-12-01 14:29:00+00:00, run_after=2025-12-01 14:30:00+00:00
[2025-12-01T14:29:44.817+0000] {processor.py:183} INFO - Processing /opt/airflow/dags/ingestion_dag.py took 1.702 seconds
[2025-12-01T14:30:15.724+0000] {processor.py:161} INFO - Started process (PID=92320) to work on /opt/airflow/dags/ingestion_dag.py
[2025-12-01T14:30:15.727+0000] {processor.py:830} INFO - Processing file /opt/airflow/dags/ingestion_dag.py for tasks to queue
[2025-12-01T14:30:15.729+0000] {logging_mixin.py:188} INFO - [2025-12-01T14:30:15.728+0000] {dagbag.py:540} INFO - Filling up the DagBag from /opt/airflow/dags/ingestion_dag.py
[2025-12-01T14:30:17.380+0000] {logging_mixin.py:188} INFO - [2025-12-01T14:30:17.380+0000] {warnings.py:109} WARNING - /opt/airflow/dags/ingestion_dag.py:257: RemovedInAirflow3Warning: Function `days_ago` is deprecated and will be removed in Airflow 3.0. You can achieve equivalent behavior with `pendulum.today('UTC').add(days=-N, ...)`
  start_date=days_ago(1),
[2025-12-01T14:30:17.381+0000] {logging_mixin.py:188} INFO - [2025-12-01T14:30:17.381+0000] {warnings.py:109} WARNING - /opt/airflow/dags/ingestion_dag.py:254: RemovedInAirflow3Warning: Param `schedule_interval` is deprecated and will be removed in a future release. Please use `schedule` instead. 
  with DAG(
[2025-12-01T14:30:17.384+0000] {processor.py:840} INFO - DAG(s) 'ingestion_dag' retrieved from /opt/airflow/dags/ingestion_dag.py
[2025-12-01T14:30:17.416+0000] {logging_mixin.py:188} INFO - [2025-12-01T14:30:17.416+0000] {dag.py:3047} INFO - Sync 1 DAGs
[2025-12-01T14:30:17.434+0000] {logging_mixin.py:188} INFO - [2025-12-01T14:30:17.434+0000] {dag.py:3834} INFO - Setting next_dagrun for ingestion_dag to 2025-12-01 14:30:00+00:00, run_after=2025-12-01 14:31:00+00:00
[2025-12-01T14:30:17.444+0000] {processor.py:183} INFO - Processing /opt/airflow/dags/ingestion_dag.py took 1.730 seconds
[2025-12-01T14:30:48.046+0000] {processor.py:161} INFO - Started process (PID=92338) to work on /opt/airflow/dags/ingestion_dag.py
[2025-12-01T14:30:48.048+0000] {processor.py:830} INFO - Processing file /opt/airflow/dags/ingestion_dag.py for tasks to queue
[2025-12-01T14:30:48.050+0000] {logging_mixin.py:188} INFO - [2025-12-01T14:30:48.049+0000] {dagbag.py:540} INFO - Filling up the DagBag from /opt/airflow/dags/ingestion_dag.py
[2025-12-01T14:30:49.585+0000] {logging_mixin.py:188} INFO - [2025-12-01T14:30:49.585+0000] {warnings.py:109} WARNING - /opt/airflow/dags/ingestion_dag.py:257: RemovedInAirflow3Warning: Function `days_ago` is deprecated and will be removed in Airflow 3.0. You can achieve equivalent behavior with `pendulum.today('UTC').add(days=-N, ...)`
  start_date=days_ago(1),
[2025-12-01T14:30:49.585+0000] {logging_mixin.py:188} INFO - [2025-12-01T14:30:49.585+0000] {warnings.py:109} WARNING - /opt/airflow/dags/ingestion_dag.py:254: RemovedInAirflow3Warning: Param `schedule_interval` is deprecated and will be removed in a future release. Please use `schedule` instead. 
  with DAG(
[2025-12-01T14:30:49.589+0000] {processor.py:840} INFO - DAG(s) 'ingestion_dag' retrieved from /opt/airflow/dags/ingestion_dag.py
[2025-12-01T14:30:49.747+0000] {logging_mixin.py:188} INFO - [2025-12-01T14:30:49.746+0000] {dag.py:3047} INFO - Sync 1 DAGs
[2025-12-01T14:30:49.775+0000] {logging_mixin.py:188} INFO - [2025-12-01T14:30:49.775+0000] {dag.py:3834} INFO - Setting next_dagrun for ingestion_dag to 2025-12-01 14:30:00+00:00, run_after=2025-12-01 14:31:00+00:00
[2025-12-01T14:30:49.786+0000] {processor.py:183} INFO - Processing /opt/airflow/dags/ingestion_dag.py took 1.753 seconds
[2025-12-01T14:31:20.677+0000] {processor.py:161} INFO - Started process (PID=92418) to work on /opt/airflow/dags/ingestion_dag.py
[2025-12-01T14:31:20.680+0000] {processor.py:830} INFO - Processing file /opt/airflow/dags/ingestion_dag.py for tasks to queue
[2025-12-01T14:31:20.681+0000] {logging_mixin.py:188} INFO - [2025-12-01T14:31:20.680+0000] {dagbag.py:540} INFO - Filling up the DagBag from /opt/airflow/dags/ingestion_dag.py
[2025-12-01T14:31:22.416+0000] {logging_mixin.py:188} INFO - [2025-12-01T14:31:22.415+0000] {warnings.py:109} WARNING - /opt/airflow/dags/ingestion_dag.py:257: RemovedInAirflow3Warning: Function `days_ago` is deprecated and will be removed in Airflow 3.0. You can achieve equivalent behavior with `pendulum.today('UTC').add(days=-N, ...)`
  start_date=days_ago(1),
[2025-12-01T14:31:22.416+0000] {logging_mixin.py:188} INFO - [2025-12-01T14:31:22.416+0000] {warnings.py:109} WARNING - /opt/airflow/dags/ingestion_dag.py:254: RemovedInAirflow3Warning: Param `schedule_interval` is deprecated and will be removed in a future release. Please use `schedule` instead. 
  with DAG(
[2025-12-01T14:31:22.420+0000] {processor.py:840} INFO - DAG(s) 'ingestion_dag' retrieved from /opt/airflow/dags/ingestion_dag.py
[2025-12-01T14:31:22.442+0000] {logging_mixin.py:188} INFO - [2025-12-01T14:31:22.442+0000] {dag.py:3047} INFO - Sync 1 DAGs
[2025-12-01T14:31:22.461+0000] {logging_mixin.py:188} INFO - [2025-12-01T14:31:22.461+0000] {dag.py:3834} INFO - Setting next_dagrun for ingestion_dag to 2025-12-01 14:31:00+00:00, run_after=2025-12-01 14:32:00+00:00
[2025-12-01T14:31:22.473+0000] {processor.py:183} INFO - Processing /opt/airflow/dags/ingestion_dag.py took 1.802 seconds
[2025-12-01T14:31:53.132+0000] {processor.py:161} INFO - Started process (PID=92436) to work on /opt/airflow/dags/ingestion_dag.py
[2025-12-01T14:31:53.135+0000] {processor.py:830} INFO - Processing file /opt/airflow/dags/ingestion_dag.py for tasks to queue
[2025-12-01T14:31:53.136+0000] {logging_mixin.py:188} INFO - [2025-12-01T14:31:53.135+0000] {dagbag.py:540} INFO - Filling up the DagBag from /opt/airflow/dags/ingestion_dag.py
[2025-12-01T14:31:54.788+0000] {logging_mixin.py:188} INFO - [2025-12-01T14:31:54.788+0000] {warnings.py:109} WARNING - /opt/airflow/dags/ingestion_dag.py:257: RemovedInAirflow3Warning: Function `days_ago` is deprecated and will be removed in Airflow 3.0. You can achieve equivalent behavior with `pendulum.today('UTC').add(days=-N, ...)`
  start_date=days_ago(1),
[2025-12-01T14:31:54.789+0000] {logging_mixin.py:188} INFO - [2025-12-01T14:31:54.789+0000] {warnings.py:109} WARNING - /opt/airflow/dags/ingestion_dag.py:254: RemovedInAirflow3Warning: Param `schedule_interval` is deprecated and will be removed in a future release. Please use `schedule` instead. 
  with DAG(
[2025-12-01T14:31:54.793+0000] {processor.py:840} INFO - DAG(s) 'ingestion_dag' retrieved from /opt/airflow/dags/ingestion_dag.py
[2025-12-01T14:31:54.929+0000] {logging_mixin.py:188} INFO - [2025-12-01T14:31:54.929+0000] {dag.py:3047} INFO - Sync 1 DAGs
[2025-12-01T14:31:54.953+0000] {logging_mixin.py:188} INFO - [2025-12-01T14:31:54.953+0000] {dag.py:3834} INFO - Setting next_dagrun for ingestion_dag to 2025-12-01 14:31:00+00:00, run_after=2025-12-01 14:32:00+00:00
[2025-12-01T14:31:54.964+0000] {processor.py:183} INFO - Processing /opt/airflow/dags/ingestion_dag.py took 1.843 seconds
[2025-12-01T14:32:25.730+0000] {processor.py:161} INFO - Started process (PID=92522) to work on /opt/airflow/dags/ingestion_dag.py
[2025-12-01T14:32:25.733+0000] {processor.py:830} INFO - Processing file /opt/airflow/dags/ingestion_dag.py for tasks to queue
[2025-12-01T14:32:25.735+0000] {logging_mixin.py:188} INFO - [2025-12-01T14:32:25.734+0000] {dagbag.py:540} INFO - Filling up the DagBag from /opt/airflow/dags/ingestion_dag.py
[2025-12-01T14:32:27.448+0000] {logging_mixin.py:188} INFO - [2025-12-01T14:32:27.448+0000] {warnings.py:109} WARNING - /opt/airflow/dags/ingestion_dag.py:257: RemovedInAirflow3Warning: Function `days_ago` is deprecated and will be removed in Airflow 3.0. You can achieve equivalent behavior with `pendulum.today('UTC').add(days=-N, ...)`
  start_date=days_ago(1),
[2025-12-01T14:32:27.449+0000] {logging_mixin.py:188} INFO - [2025-12-01T14:32:27.449+0000] {warnings.py:109} WARNING - /opt/airflow/dags/ingestion_dag.py:254: RemovedInAirflow3Warning: Param `schedule_interval` is deprecated and will be removed in a future release. Please use `schedule` instead. 
  with DAG(
[2025-12-01T14:32:27.629+0000] {processor.py:840} INFO - DAG(s) 'ingestion_dag' retrieved from /opt/airflow/dags/ingestion_dag.py
[2025-12-01T14:32:27.668+0000] {logging_mixin.py:188} INFO - [2025-12-01T14:32:27.668+0000] {dag.py:3047} INFO - Sync 1 DAGs
[2025-12-01T14:32:27.694+0000] {logging_mixin.py:188} INFO - [2025-12-01T14:32:27.694+0000] {dag.py:3834} INFO - Setting next_dagrun for ingestion_dag to 2025-12-01 14:32:00+00:00, run_after=2025-12-01 14:33:00+00:00
[2025-12-01T14:32:27.705+0000] {processor.py:183} INFO - Processing /opt/airflow/dags/ingestion_dag.py took 1.987 seconds
[2025-12-01T14:32:58.262+0000] {processor.py:161} INFO - Started process (PID=92540) to work on /opt/airflow/dags/ingestion_dag.py
[2025-12-01T14:32:58.267+0000] {processor.py:830} INFO - Processing file /opt/airflow/dags/ingestion_dag.py for tasks to queue
[2025-12-01T14:32:58.269+0000] {logging_mixin.py:188} INFO - [2025-12-01T14:32:58.269+0000] {dagbag.py:540} INFO - Filling up the DagBag from /opt/airflow/dags/ingestion_dag.py
[2025-12-01T14:32:59.784+0000] {logging_mixin.py:188} INFO - [2025-12-01T14:32:59.784+0000] {warnings.py:109} WARNING - /opt/airflow/dags/ingestion_dag.py:257: RemovedInAirflow3Warning: Function `days_ago` is deprecated and will be removed in Airflow 3.0. You can achieve equivalent behavior with `pendulum.today('UTC').add(days=-N, ...)`
  start_date=days_ago(1),
[2025-12-01T14:32:59.784+0000] {logging_mixin.py:188} INFO - [2025-12-01T14:32:59.784+0000] {warnings.py:109} WARNING - /opt/airflow/dags/ingestion_dag.py:254: RemovedInAirflow3Warning: Param `schedule_interval` is deprecated and will be removed in a future release. Please use `schedule` instead. 
  with DAG(
[2025-12-01T14:32:59.788+0000] {processor.py:840} INFO - DAG(s) 'ingestion_dag' retrieved from /opt/airflow/dags/ingestion_dag.py
[2025-12-01T14:32:59.815+0000] {logging_mixin.py:188} INFO - [2025-12-01T14:32:59.815+0000] {dag.py:3047} INFO - Sync 1 DAGs
[2025-12-01T14:32:59.925+0000] {logging_mixin.py:188} INFO - [2025-12-01T14:32:59.925+0000] {dag.py:3834} INFO - Setting next_dagrun for ingestion_dag to 2025-12-01 14:32:00+00:00, run_after=2025-12-01 14:33:00+00:00
[2025-12-01T14:32:59.934+0000] {processor.py:183} INFO - Processing /opt/airflow/dags/ingestion_dag.py took 1.685 seconds
[2025-12-01T14:33:30.825+0000] {processor.py:161} INFO - Started process (PID=92620) to work on /opt/airflow/dags/ingestion_dag.py
[2025-12-01T14:33:30.828+0000] {processor.py:830} INFO - Processing file /opt/airflow/dags/ingestion_dag.py for tasks to queue
[2025-12-01T14:33:30.830+0000] {logging_mixin.py:188} INFO - [2025-12-01T14:33:30.829+0000] {dagbag.py:540} INFO - Filling up the DagBag from /opt/airflow/dags/ingestion_dag.py
[2025-12-01T14:33:32.480+0000] {logging_mixin.py:188} INFO - [2025-12-01T14:33:32.480+0000] {warnings.py:109} WARNING - /opt/airflow/dags/ingestion_dag.py:257: RemovedInAirflow3Warning: Function `days_ago` is deprecated and will be removed in Airflow 3.0. You can achieve equivalent behavior with `pendulum.today('UTC').add(days=-N, ...)`
  start_date=days_ago(1),
[2025-12-01T14:33:32.481+0000] {logging_mixin.py:188} INFO - [2025-12-01T14:33:32.481+0000] {warnings.py:109} WARNING - /opt/airflow/dags/ingestion_dag.py:254: RemovedInAirflow3Warning: Param `schedule_interval` is deprecated and will be removed in a future release. Please use `schedule` instead. 
  with DAG(
[2025-12-01T14:33:32.487+0000] {processor.py:840} INFO - DAG(s) 'ingestion_dag' retrieved from /opt/airflow/dags/ingestion_dag.py
[2025-12-01T14:33:32.627+0000] {logging_mixin.py:188} INFO - [2025-12-01T14:33:32.627+0000] {dag.py:3047} INFO - Sync 1 DAGs
[2025-12-01T14:33:32.648+0000] {logging_mixin.py:188} INFO - [2025-12-01T14:33:32.648+0000] {dag.py:3834} INFO - Setting next_dagrun for ingestion_dag to 2025-12-01 14:33:00+00:00, run_after=2025-12-01 14:34:00+00:00
[2025-12-01T14:33:32.661+0000] {processor.py:183} INFO - Processing /opt/airflow/dags/ingestion_dag.py took 1.853 seconds
[2025-12-01T14:34:03.047+0000] {processor.py:161} INFO - Started process (PID=92659) to work on /opt/airflow/dags/ingestion_dag.py
[2025-12-01T14:34:03.048+0000] {processor.py:830} INFO - Processing file /opt/airflow/dags/ingestion_dag.py for tasks to queue
[2025-12-01T14:34:03.049+0000] {logging_mixin.py:188} INFO - [2025-12-01T14:34:03.048+0000] {dagbag.py:540} INFO - Filling up the DagBag from /opt/airflow/dags/ingestion_dag.py
[2025-12-01T14:34:04.715+0000] {logging_mixin.py:188} INFO - [2025-12-01T14:34:04.714+0000] {warnings.py:109} WARNING - /opt/airflow/dags/ingestion_dag.py:257: RemovedInAirflow3Warning: Function `days_ago` is deprecated and will be removed in Airflow 3.0. You can achieve equivalent behavior with `pendulum.today('UTC').add(days=-N, ...)`
  start_date=days_ago(1),
[2025-12-01T14:34:04.716+0000] {logging_mixin.py:188} INFO - [2025-12-01T14:34:04.716+0000] {warnings.py:109} WARNING - /opt/airflow/dags/ingestion_dag.py:254: RemovedInAirflow3Warning: Param `schedule_interval` is deprecated and will be removed in a future release. Please use `schedule` instead. 
  with DAG(
[2025-12-01T14:34:04.721+0000] {processor.py:840} INFO - DAG(s) 'ingestion_dag' retrieved from /opt/airflow/dags/ingestion_dag.py
[2025-12-01T14:34:04.748+0000] {logging_mixin.py:188} INFO - [2025-12-01T14:34:04.748+0000] {dag.py:3047} INFO - Sync 1 DAGs
[2025-12-01T14:34:04.766+0000] {logging_mixin.py:188} INFO - [2025-12-01T14:34:04.766+0000] {dag.py:3834} INFO - Setting next_dagrun for ingestion_dag to 2025-12-01 14:34:00+00:00, run_after=2025-12-01 14:35:00+00:00
[2025-12-01T14:34:04.777+0000] {processor.py:183} INFO - Processing /opt/airflow/dags/ingestion_dag.py took 1.735 seconds
[2025-12-01T14:34:35.520+0000] {processor.py:161} INFO - Started process (PID=92729) to work on /opt/airflow/dags/ingestion_dag.py
[2025-12-01T14:34:35.521+0000] {processor.py:830} INFO - Processing file /opt/airflow/dags/ingestion_dag.py for tasks to queue
[2025-12-01T14:34:35.522+0000] {logging_mixin.py:188} INFO - [2025-12-01T14:34:35.522+0000] {dagbag.py:540} INFO - Filling up the DagBag from /opt/airflow/dags/ingestion_dag.py
[2025-12-01T14:34:36.991+0000] {logging_mixin.py:188} INFO - [2025-12-01T14:34:36.990+0000] {warnings.py:109} WARNING - /opt/airflow/dags/ingestion_dag.py:257: RemovedInAirflow3Warning: Function `days_ago` is deprecated and will be removed in Airflow 3.0. You can achieve equivalent behavior with `pendulum.today('UTC').add(days=-N, ...)`
  start_date=days_ago(1),
[2025-12-01T14:34:36.991+0000] {logging_mixin.py:188} INFO - [2025-12-01T14:34:36.991+0000] {warnings.py:109} WARNING - /opt/airflow/dags/ingestion_dag.py:254: RemovedInAirflow3Warning: Param `schedule_interval` is deprecated and will be removed in a future release. Please use `schedule` instead. 
  with DAG(
[2025-12-01T14:34:36.996+0000] {processor.py:840} INFO - DAG(s) 'ingestion_dag' retrieved from /opt/airflow/dags/ingestion_dag.py
[2025-12-01T14:34:37.106+0000] {logging_mixin.py:188} INFO - [2025-12-01T14:34:37.106+0000] {dag.py:3047} INFO - Sync 1 DAGs
[2025-12-01T14:34:37.121+0000] {logging_mixin.py:188} INFO - [2025-12-01T14:34:37.121+0000] {dag.py:3834} INFO - Setting next_dagrun for ingestion_dag to 2025-12-01 14:34:00+00:00, run_after=2025-12-01 14:35:00+00:00
[2025-12-01T14:34:37.131+0000] {processor.py:183} INFO - Processing /opt/airflow/dags/ingestion_dag.py took 1.617 seconds
[2025-12-01T14:35:08.083+0000] {processor.py:161} INFO - Started process (PID=92779) to work on /opt/airflow/dags/ingestion_dag.py
[2025-12-01T14:35:08.085+0000] {processor.py:830} INFO - Processing file /opt/airflow/dags/ingestion_dag.py for tasks to queue
[2025-12-01T14:35:08.089+0000] {logging_mixin.py:188} INFO - [2025-12-01T14:35:08.087+0000] {dagbag.py:540} INFO - Filling up the DagBag from /opt/airflow/dags/ingestion_dag.py
[2025-12-01T14:35:10.886+0000] {logging_mixin.py:188} INFO - [2025-12-01T14:35:10.886+0000] {warnings.py:109} WARNING - /opt/airflow/dags/ingestion_dag.py:257: RemovedInAirflow3Warning: Function `days_ago` is deprecated and will be removed in Airflow 3.0. You can achieve equivalent behavior with `pendulum.today('UTC').add(days=-N, ...)`
  start_date=days_ago(1),
[2025-12-01T14:35:10.887+0000] {logging_mixin.py:188} INFO - [2025-12-01T14:35:10.887+0000] {warnings.py:109} WARNING - /opt/airflow/dags/ingestion_dag.py:254: RemovedInAirflow3Warning: Param `schedule_interval` is deprecated and will be removed in a future release. Please use `schedule` instead. 
  with DAG(
[2025-12-01T14:35:10.903+0000] {processor.py:840} INFO - DAG(s) 'ingestion_dag' retrieved from /opt/airflow/dags/ingestion_dag.py
[2025-12-01T14:35:10.958+0000] {logging_mixin.py:188} INFO - [2025-12-01T14:35:10.958+0000] {dag.py:3047} INFO - Sync 1 DAGs
[2025-12-01T14:35:11.018+0000] {logging_mixin.py:188} INFO - [2025-12-01T14:35:11.018+0000] {dag.py:3834} INFO - Setting next_dagrun for ingestion_dag to 2025-12-01 14:35:00+00:00, run_after=2025-12-01 14:36:00+00:00
[2025-12-01T14:35:11.045+0000] {processor.py:183} INFO - Processing /opt/airflow/dags/ingestion_dag.py took 2.973 seconds
[2025-12-01T14:35:41.585+0000] {processor.py:161} INFO - Started process (PID=92827) to work on /opt/airflow/dags/ingestion_dag.py
[2025-12-01T14:35:41.589+0000] {processor.py:830} INFO - Processing file /opt/airflow/dags/ingestion_dag.py for tasks to queue
[2025-12-01T14:35:41.590+0000] {logging_mixin.py:188} INFO - [2025-12-01T14:35:41.590+0000] {dagbag.py:540} INFO - Filling up the DagBag from /opt/airflow/dags/ingestion_dag.py
[2025-12-01T14:35:43.118+0000] {logging_mixin.py:188} INFO - [2025-12-01T14:35:43.118+0000] {warnings.py:109} WARNING - /opt/airflow/dags/ingestion_dag.py:257: RemovedInAirflow3Warning: Function `days_ago` is deprecated and will be removed in Airflow 3.0. You can achieve equivalent behavior with `pendulum.today('UTC').add(days=-N, ...)`
  start_date=days_ago(1),
[2025-12-01T14:35:43.118+0000] {logging_mixin.py:188} INFO - [2025-12-01T14:35:43.118+0000] {warnings.py:109} WARNING - /opt/airflow/dags/ingestion_dag.py:254: RemovedInAirflow3Warning: Param `schedule_interval` is deprecated and will be removed in a future release. Please use `schedule` instead. 
  with DAG(
[2025-12-01T14:35:43.122+0000] {processor.py:840} INFO - DAG(s) 'ingestion_dag' retrieved from /opt/airflow/dags/ingestion_dag.py
[2025-12-01T14:35:43.243+0000] {logging_mixin.py:188} INFO - [2025-12-01T14:35:43.243+0000] {dag.py:3047} INFO - Sync 1 DAGs
[2025-12-01T14:35:43.258+0000] {logging_mixin.py:188} INFO - [2025-12-01T14:35:43.258+0000] {dag.py:3834} INFO - Setting next_dagrun for ingestion_dag to 2025-12-01 14:35:00+00:00, run_after=2025-12-01 14:36:00+00:00
[2025-12-01T14:35:43.267+0000] {processor.py:183} INFO - Processing /opt/airflow/dags/ingestion_dag.py took 1.697 seconds
[2025-12-01T14:36:13.993+0000] {processor.py:161} INFO - Started process (PID=92913) to work on /opt/airflow/dags/ingestion_dag.py
[2025-12-01T14:36:13.995+0000] {processor.py:830} INFO - Processing file /opt/airflow/dags/ingestion_dag.py for tasks to queue
[2025-12-01T14:36:13.997+0000] {logging_mixin.py:188} INFO - [2025-12-01T14:36:13.996+0000] {dagbag.py:540} INFO - Filling up the DagBag from /opt/airflow/dags/ingestion_dag.py
[2025-12-01T14:36:15.530+0000] {logging_mixin.py:188} INFO - [2025-12-01T14:36:15.530+0000] {warnings.py:109} WARNING - /opt/airflow/dags/ingestion_dag.py:257: RemovedInAirflow3Warning: Function `days_ago` is deprecated and will be removed in Airflow 3.0. You can achieve equivalent behavior with `pendulum.today('UTC').add(days=-N, ...)`
  start_date=days_ago(1),
[2025-12-01T14:36:15.530+0000] {logging_mixin.py:188} INFO - [2025-12-01T14:36:15.530+0000] {warnings.py:109} WARNING - /opt/airflow/dags/ingestion_dag.py:254: RemovedInAirflow3Warning: Param `schedule_interval` is deprecated and will be removed in a future release. Please use `schedule` instead. 
  with DAG(
[2025-12-01T14:36:15.534+0000] {processor.py:840} INFO - DAG(s) 'ingestion_dag' retrieved from /opt/airflow/dags/ingestion_dag.py
[2025-12-01T14:36:15.552+0000] {logging_mixin.py:188} INFO - [2025-12-01T14:36:15.552+0000] {dag.py:3047} INFO - Sync 1 DAGs
[2025-12-01T14:36:15.567+0000] {logging_mixin.py:188} INFO - [2025-12-01T14:36:15.567+0000] {dag.py:3834} INFO - Setting next_dagrun for ingestion_dag to 2025-12-01 14:36:00+00:00, run_after=2025-12-01 14:37:00+00:00
[2025-12-01T14:36:15.576+0000] {processor.py:183} INFO - Processing /opt/airflow/dags/ingestion_dag.py took 1.591 seconds
[2025-12-01T14:36:45.637+0000] {processor.py:161} INFO - Started process (PID=92931) to work on /opt/airflow/dags/ingestion_dag.py
[2025-12-01T14:36:45.640+0000] {processor.py:830} INFO - Processing file /opt/airflow/dags/ingestion_dag.py for tasks to queue
[2025-12-01T14:36:45.641+0000] {logging_mixin.py:188} INFO - [2025-12-01T14:36:45.640+0000] {dagbag.py:540} INFO - Filling up the DagBag from /opt/airflow/dags/ingestion_dag.py
[2025-12-01T14:36:47.190+0000] {logging_mixin.py:188} INFO - [2025-12-01T14:36:47.189+0000] {warnings.py:109} WARNING - /opt/airflow/dags/ingestion_dag.py:257: RemovedInAirflow3Warning: Function `days_ago` is deprecated and will be removed in Airflow 3.0. You can achieve equivalent behavior with `pendulum.today('UTC').add(days=-N, ...)`
  start_date=days_ago(1),
[2025-12-01T14:36:47.190+0000] {logging_mixin.py:188} INFO - [2025-12-01T14:36:47.190+0000] {warnings.py:109} WARNING - /opt/airflow/dags/ingestion_dag.py:254: RemovedInAirflow3Warning: Param `schedule_interval` is deprecated and will be removed in a future release. Please use `schedule` instead. 
  with DAG(
[2025-12-01T14:36:47.194+0000] {processor.py:840} INFO - DAG(s) 'ingestion_dag' retrieved from /opt/airflow/dags/ingestion_dag.py
[2025-12-01T14:36:47.214+0000] {logging_mixin.py:188} INFO - [2025-12-01T14:36:47.214+0000] {dag.py:3047} INFO - Sync 1 DAGs
[2025-12-01T14:36:47.229+0000] {logging_mixin.py:188} INFO - [2025-12-01T14:36:47.229+0000] {dag.py:3834} INFO - Setting next_dagrun for ingestion_dag to 2025-12-01 14:36:00+00:00, run_after=2025-12-01 14:37:00+00:00
[2025-12-01T14:36:47.238+0000] {processor.py:183} INFO - Processing /opt/airflow/dags/ingestion_dag.py took 1.610 seconds
[2025-12-01T14:37:18.033+0000] {processor.py:161} INFO - Started process (PID=93011) to work on /opt/airflow/dags/ingestion_dag.py
[2025-12-01T14:37:18.037+0000] {processor.py:830} INFO - Processing file /opt/airflow/dags/ingestion_dag.py for tasks to queue
[2025-12-01T14:37:18.038+0000] {logging_mixin.py:188} INFO - [2025-12-01T14:37:18.038+0000] {dagbag.py:540} INFO - Filling up the DagBag from /opt/airflow/dags/ingestion_dag.py
[2025-12-01T14:37:19.517+0000] {logging_mixin.py:188} INFO - [2025-12-01T14:37:19.517+0000] {warnings.py:109} WARNING - /opt/airflow/dags/ingestion_dag.py:257: RemovedInAirflow3Warning: Function `days_ago` is deprecated and will be removed in Airflow 3.0. You can achieve equivalent behavior with `pendulum.today('UTC').add(days=-N, ...)`
  start_date=days_ago(1),
[2025-12-01T14:37:19.518+0000] {logging_mixin.py:188} INFO - [2025-12-01T14:37:19.517+0000] {warnings.py:109} WARNING - /opt/airflow/dags/ingestion_dag.py:254: RemovedInAirflow3Warning: Param `schedule_interval` is deprecated and will be removed in a future release. Please use `schedule` instead. 
  with DAG(
[2025-12-01T14:37:19.522+0000] {processor.py:840} INFO - DAG(s) 'ingestion_dag' retrieved from /opt/airflow/dags/ingestion_dag.py
[2025-12-01T14:37:19.627+0000] {logging_mixin.py:188} INFO - [2025-12-01T14:37:19.627+0000] {dag.py:3047} INFO - Sync 1 DAGs
[2025-12-01T14:37:19.641+0000] {logging_mixin.py:188} INFO - [2025-12-01T14:37:19.641+0000] {dag.py:3834} INFO - Setting next_dagrun for ingestion_dag to 2025-12-01 14:37:00+00:00, run_after=2025-12-01 14:38:00+00:00
[2025-12-01T14:37:19.650+0000] {processor.py:183} INFO - Processing /opt/airflow/dags/ingestion_dag.py took 1.631 seconds
[2025-12-01T14:37:50.498+0000] {processor.py:161} INFO - Started process (PID=93029) to work on /opt/airflow/dags/ingestion_dag.py
[2025-12-01T14:37:50.500+0000] {processor.py:830} INFO - Processing file /opt/airflow/dags/ingestion_dag.py for tasks to queue
[2025-12-01T14:37:50.502+0000] {logging_mixin.py:188} INFO - [2025-12-01T14:37:50.501+0000] {dagbag.py:540} INFO - Filling up the DagBag from /opt/airflow/dags/ingestion_dag.py
[2025-12-01T14:37:52.152+0000] {logging_mixin.py:188} INFO - [2025-12-01T14:37:52.152+0000] {warnings.py:109} WARNING - /opt/airflow/dags/ingestion_dag.py:257: RemovedInAirflow3Warning: Function `days_ago` is deprecated and will be removed in Airflow 3.0. You can achieve equivalent behavior with `pendulum.today('UTC').add(days=-N, ...)`
  start_date=days_ago(1),
[2025-12-01T14:37:52.152+0000] {logging_mixin.py:188} INFO - [2025-12-01T14:37:52.152+0000] {warnings.py:109} WARNING - /opt/airflow/dags/ingestion_dag.py:254: RemovedInAirflow3Warning: Param `schedule_interval` is deprecated and will be removed in a future release. Please use `schedule` instead. 
  with DAG(
[2025-12-01T14:37:52.158+0000] {processor.py:840} INFO - DAG(s) 'ingestion_dag' retrieved from /opt/airflow/dags/ingestion_dag.py
[2025-12-01T14:37:52.430+0000] {logging_mixin.py:188} INFO - [2025-12-01T14:37:52.429+0000] {dag.py:3047} INFO - Sync 1 DAGs
[2025-12-01T14:37:52.521+0000] {logging_mixin.py:188} INFO - [2025-12-01T14:37:52.521+0000] {dag.py:3834} INFO - Setting next_dagrun for ingestion_dag to 2025-12-01 14:37:00+00:00, run_after=2025-12-01 14:38:00+00:00
[2025-12-01T14:37:52.918+0000] {processor.py:183} INFO - Processing /opt/airflow/dags/ingestion_dag.py took 2.428 seconds
[2025-12-01T14:38:23.370+0000] {processor.py:161} INFO - Started process (PID=93115) to work on /opt/airflow/dags/ingestion_dag.py
[2025-12-01T14:38:23.372+0000] {processor.py:830} INFO - Processing file /opt/airflow/dags/ingestion_dag.py for tasks to queue
[2025-12-01T14:38:23.375+0000] {logging_mixin.py:188} INFO - [2025-12-01T14:38:23.374+0000] {dagbag.py:540} INFO - Filling up the DagBag from /opt/airflow/dags/ingestion_dag.py
[2025-12-01T14:38:25.338+0000] {logging_mixin.py:188} INFO - [2025-12-01T14:38:25.336+0000] {warnings.py:109} WARNING - /opt/airflow/dags/ingestion_dag.py:257: RemovedInAirflow3Warning: Function `days_ago` is deprecated and will be removed in Airflow 3.0. You can achieve equivalent behavior with `pendulum.today('UTC').add(days=-N, ...)`
  start_date=days_ago(1),
[2025-12-01T14:38:25.338+0000] {logging_mixin.py:188} INFO - [2025-12-01T14:38:25.338+0000] {warnings.py:109} WARNING - /opt/airflow/dags/ingestion_dag.py:254: RemovedInAirflow3Warning: Param `schedule_interval` is deprecated and will be removed in a future release. Please use `schedule` instead. 
  with DAG(
[2025-12-01T14:38:25.345+0000] {processor.py:840} INFO - DAG(s) 'ingestion_dag' retrieved from /opt/airflow/dags/ingestion_dag.py
[2025-12-01T14:38:25.381+0000] {logging_mixin.py:188} INFO - [2025-12-01T14:38:25.381+0000] {dag.py:3047} INFO - Sync 1 DAGs
[2025-12-01T14:38:25.418+0000] {logging_mixin.py:188} INFO - [2025-12-01T14:38:25.418+0000] {dag.py:3834} INFO - Setting next_dagrun for ingestion_dag to 2025-12-01 14:38:00+00:00, run_after=2025-12-01 14:39:00+00:00
[2025-12-01T14:38:25.433+0000] {processor.py:183} INFO - Processing /opt/airflow/dags/ingestion_dag.py took 2.080 seconds
[2025-12-01T14:38:55.875+0000] {processor.py:161} INFO - Started process (PID=93133) to work on /opt/airflow/dags/ingestion_dag.py
[2025-12-01T14:38:55.881+0000] {processor.py:830} INFO - Processing file /opt/airflow/dags/ingestion_dag.py for tasks to queue
[2025-12-01T14:38:55.882+0000] {logging_mixin.py:188} INFO - [2025-12-01T14:38:55.882+0000] {dagbag.py:540} INFO - Filling up the DagBag from /opt/airflow/dags/ingestion_dag.py
[2025-12-01T14:38:57.551+0000] {logging_mixin.py:188} INFO - [2025-12-01T14:38:57.551+0000] {warnings.py:109} WARNING - /opt/airflow/dags/ingestion_dag.py:257: RemovedInAirflow3Warning: Function `days_ago` is deprecated and will be removed in Airflow 3.0. You can achieve equivalent behavior with `pendulum.today('UTC').add(days=-N, ...)`
  start_date=days_ago(1),
[2025-12-01T14:38:57.551+0000] {logging_mixin.py:188} INFO - [2025-12-01T14:38:57.551+0000] {warnings.py:109} WARNING - /opt/airflow/dags/ingestion_dag.py:254: RemovedInAirflow3Warning: Param `schedule_interval` is deprecated and will be removed in a future release. Please use `schedule` instead. 
  with DAG(
[2025-12-01T14:38:57.555+0000] {processor.py:840} INFO - DAG(s) 'ingestion_dag' retrieved from /opt/airflow/dags/ingestion_dag.py
[2025-12-01T14:38:57.579+0000] {logging_mixin.py:188} INFO - [2025-12-01T14:38:57.578+0000] {dag.py:3047} INFO - Sync 1 DAGs
[2025-12-01T14:38:57.594+0000] {logging_mixin.py:188} INFO - [2025-12-01T14:38:57.594+0000] {dag.py:3834} INFO - Setting next_dagrun for ingestion_dag to 2025-12-01 14:38:00+00:00, run_after=2025-12-01 14:39:00+00:00
[2025-12-01T14:38:57.603+0000] {processor.py:183} INFO - Processing /opt/airflow/dags/ingestion_dag.py took 1.741 seconds
[2025-12-01T14:39:28.356+0000] {processor.py:161} INFO - Started process (PID=93213) to work on /opt/airflow/dags/ingestion_dag.py
[2025-12-01T14:39:28.359+0000] {processor.py:830} INFO - Processing file /opt/airflow/dags/ingestion_dag.py for tasks to queue
[2025-12-01T14:39:28.361+0000] {logging_mixin.py:188} INFO - [2025-12-01T14:39:28.360+0000] {dagbag.py:540} INFO - Filling up the DagBag from /opt/airflow/dags/ingestion_dag.py
[2025-12-01T14:39:29.969+0000] {logging_mixin.py:188} INFO - [2025-12-01T14:39:29.969+0000] {warnings.py:109} WARNING - /opt/airflow/dags/ingestion_dag.py:257: RemovedInAirflow3Warning: Function `days_ago` is deprecated and will be removed in Airflow 3.0. You can achieve equivalent behavior with `pendulum.today('UTC').add(days=-N, ...)`
  start_date=days_ago(1),
[2025-12-01T14:39:29.970+0000] {logging_mixin.py:188} INFO - [2025-12-01T14:39:29.970+0000] {warnings.py:109} WARNING - /opt/airflow/dags/ingestion_dag.py:254: RemovedInAirflow3Warning: Param `schedule_interval` is deprecated and will be removed in a future release. Please use `schedule` instead. 
  with DAG(
[2025-12-01T14:39:29.973+0000] {processor.py:840} INFO - DAG(s) 'ingestion_dag' retrieved from /opt/airflow/dags/ingestion_dag.py
[2025-12-01T14:39:29.999+0000] {logging_mixin.py:188} INFO - [2025-12-01T14:39:29.999+0000] {dag.py:3047} INFO - Sync 1 DAGs
[2025-12-01T14:39:30.016+0000] {logging_mixin.py:188} INFO - [2025-12-01T14:39:30.016+0000] {dag.py:3834} INFO - Setting next_dagrun for ingestion_dag to 2025-12-01 14:39:00+00:00, run_after=2025-12-01 14:40:00+00:00
[2025-12-01T14:39:30.027+0000] {processor.py:183} INFO - Processing /opt/airflow/dags/ingestion_dag.py took 1.681 seconds
[2025-12-01T14:40:00.867+0000] {processor.py:161} INFO - Started process (PID=93234) to work on /opt/airflow/dags/ingestion_dag.py
[2025-12-01T14:40:00.871+0000] {processor.py:830} INFO - Processing file /opt/airflow/dags/ingestion_dag.py for tasks to queue
[2025-12-01T14:40:00.875+0000] {logging_mixin.py:188} INFO - [2025-12-01T14:40:00.873+0000] {dagbag.py:540} INFO - Filling up the DagBag from /opt/airflow/dags/ingestion_dag.py
[2025-12-01T14:40:02.970+0000] {logging_mixin.py:188} INFO - [2025-12-01T14:40:02.969+0000] {warnings.py:109} WARNING - /opt/airflow/dags/ingestion_dag.py:257: RemovedInAirflow3Warning: Function `days_ago` is deprecated and will be removed in Airflow 3.0. You can achieve equivalent behavior with `pendulum.today('UTC').add(days=-N, ...)`
  start_date=days_ago(1),
[2025-12-01T14:40:02.970+0000] {logging_mixin.py:188} INFO - [2025-12-01T14:40:02.970+0000] {warnings.py:109} WARNING - /opt/airflow/dags/ingestion_dag.py:254: RemovedInAirflow3Warning: Param `schedule_interval` is deprecated and will be removed in a future release. Please use `schedule` instead. 
  with DAG(
[2025-12-01T14:40:02.976+0000] {processor.py:840} INFO - DAG(s) 'ingestion_dag' retrieved from /opt/airflow/dags/ingestion_dag.py
[2025-12-01T14:40:02.999+0000] {logging_mixin.py:188} INFO - [2025-12-01T14:40:02.998+0000] {dag.py:3047} INFO - Sync 1 DAGs
[2025-12-01T14:40:03.023+0000] {logging_mixin.py:188} INFO - [2025-12-01T14:40:03.023+0000] {dag.py:3834} INFO - Setting next_dagrun for ingestion_dag to 2025-12-01 14:40:00+00:00, run_after=2025-12-01 14:41:00+00:00
[2025-12-01T14:40:03.043+0000] {processor.py:183} INFO - Processing /opt/airflow/dags/ingestion_dag.py took 2.185 seconds
[2025-12-01T14:40:33.414+0000] {processor.py:161} INFO - Started process (PID=93317) to work on /opt/airflow/dags/ingestion_dag.py
[2025-12-01T14:40:33.417+0000] {processor.py:830} INFO - Processing file /opt/airflow/dags/ingestion_dag.py for tasks to queue
[2025-12-01T14:40:33.419+0000] {logging_mixin.py:188} INFO - [2025-12-01T14:40:33.418+0000] {dagbag.py:540} INFO - Filling up the DagBag from /opt/airflow/dags/ingestion_dag.py
[2025-12-01T14:40:35.006+0000] {logging_mixin.py:188} INFO - [2025-12-01T14:40:35.006+0000] {warnings.py:109} WARNING - /opt/airflow/dags/ingestion_dag.py:257: RemovedInAirflow3Warning: Function `days_ago` is deprecated and will be removed in Airflow 3.0. You can achieve equivalent behavior with `pendulum.today('UTC').add(days=-N, ...)`
  start_date=days_ago(1),
[2025-12-01T14:40:35.007+0000] {logging_mixin.py:188} INFO - [2025-12-01T14:40:35.006+0000] {warnings.py:109} WARNING - /opt/airflow/dags/ingestion_dag.py:254: RemovedInAirflow3Warning: Param `schedule_interval` is deprecated and will be removed in a future release. Please use `schedule` instead. 
  with DAG(
[2025-12-01T14:40:35.012+0000] {processor.py:840} INFO - DAG(s) 'ingestion_dag' retrieved from /opt/airflow/dags/ingestion_dag.py
[2025-12-01T14:40:35.048+0000] {logging_mixin.py:188} INFO - [2025-12-01T14:40:35.047+0000] {dag.py:3047} INFO - Sync 1 DAGs
[2025-12-01T14:40:35.065+0000] {logging_mixin.py:188} INFO - [2025-12-01T14:40:35.065+0000] {dag.py:3834} INFO - Setting next_dagrun for ingestion_dag to 2025-12-01 14:40:00+00:00, run_after=2025-12-01 14:41:00+00:00
[2025-12-01T14:40:35.074+0000] {processor.py:183} INFO - Processing /opt/airflow/dags/ingestion_dag.py took 1.672 seconds
[2025-12-01T14:41:05.546+0000] {processor.py:161} INFO - Started process (PID=93347) to work on /opt/airflow/dags/ingestion_dag.py
[2025-12-01T14:41:05.547+0000] {processor.py:830} INFO - Processing file /opt/airflow/dags/ingestion_dag.py for tasks to queue
[2025-12-01T14:41:05.549+0000] {logging_mixin.py:188} INFO - [2025-12-01T14:41:05.548+0000] {dagbag.py:540} INFO - Filling up the DagBag from /opt/airflow/dags/ingestion_dag.py
[2025-12-01T14:41:10.149+0000] {logging_mixin.py:188} INFO - [2025-12-01T14:41:10.149+0000] {warnings.py:109} WARNING - /opt/airflow/dags/ingestion_dag.py:257: RemovedInAirflow3Warning: Function `days_ago` is deprecated and will be removed in Airflow 3.0. You can achieve equivalent behavior with `pendulum.today('UTC').add(days=-N, ...)`
  start_date=days_ago(1),
[2025-12-01T14:41:10.150+0000] {logging_mixin.py:188} INFO - [2025-12-01T14:41:10.150+0000] {warnings.py:109} WARNING - /opt/airflow/dags/ingestion_dag.py:254: RemovedInAirflow3Warning: Param `schedule_interval` is deprecated and will be removed in a future release. Please use `schedule` instead. 
  with DAG(
[2025-12-01T14:41:10.157+0000] {processor.py:840} INFO - DAG(s) 'ingestion_dag' retrieved from /opt/airflow/dags/ingestion_dag.py
[2025-12-01T14:41:10.208+0000] {logging_mixin.py:188} INFO - [2025-12-01T14:41:10.208+0000] {dag.py:3047} INFO - Sync 1 DAGs
[2025-12-01T14:41:10.239+0000] {logging_mixin.py:188} INFO - [2025-12-01T14:41:10.239+0000] {dag.py:3834} INFO - Setting next_dagrun for ingestion_dag to 2025-12-01 14:41:00+00:00, run_after=2025-12-01 14:42:00+00:00
[2025-12-01T14:41:10.255+0000] {processor.py:183} INFO - Processing /opt/airflow/dags/ingestion_dag.py took 4.714 seconds
[2025-12-01T14:41:40.848+0000] {processor.py:161} INFO - Started process (PID=93420) to work on /opt/airflow/dags/ingestion_dag.py
[2025-12-01T14:41:40.851+0000] {processor.py:830} INFO - Processing file /opt/airflow/dags/ingestion_dag.py for tasks to queue
[2025-12-01T14:41:40.852+0000] {logging_mixin.py:188} INFO - [2025-12-01T14:41:40.851+0000] {dagbag.py:540} INFO - Filling up the DagBag from /opt/airflow/dags/ingestion_dag.py
[2025-12-01T14:41:42.567+0000] {logging_mixin.py:188} INFO - [2025-12-01T14:41:42.567+0000] {warnings.py:109} WARNING - /opt/airflow/dags/ingestion_dag.py:257: RemovedInAirflow3Warning: Function `days_ago` is deprecated and will be removed in Airflow 3.0. You can achieve equivalent behavior with `pendulum.today('UTC').add(days=-N, ...)`
  start_date=days_ago(1),
[2025-12-01T14:41:42.567+0000] {logging_mixin.py:188} INFO - [2025-12-01T14:41:42.567+0000] {warnings.py:109} WARNING - /opt/airflow/dags/ingestion_dag.py:254: RemovedInAirflow3Warning: Param `schedule_interval` is deprecated and will be removed in a future release. Please use `schedule` instead. 
  with DAG(
[2025-12-01T14:41:42.572+0000] {processor.py:840} INFO - DAG(s) 'ingestion_dag' retrieved from /opt/airflow/dags/ingestion_dag.py
[2025-12-01T14:41:42.587+0000] {logging_mixin.py:188} INFO - [2025-12-01T14:41:42.587+0000] {dag.py:3047} INFO - Sync 1 DAGs
[2025-12-01T14:41:42.604+0000] {logging_mixin.py:188} INFO - [2025-12-01T14:41:42.604+0000] {dag.py:3834} INFO - Setting next_dagrun for ingestion_dag to 2025-12-01 14:41:00+00:00, run_after=2025-12-01 14:42:00+00:00
[2025-12-01T14:41:42.616+0000] {processor.py:183} INFO - Processing /opt/airflow/dags/ingestion_dag.py took 1.770 seconds
[2025-12-01T14:42:13.511+0000] {processor.py:161} INFO - Started process (PID=93479) to work on /opt/airflow/dags/ingestion_dag.py
[2025-12-01T14:42:13.513+0000] {processor.py:830} INFO - Processing file /opt/airflow/dags/ingestion_dag.py for tasks to queue
[2025-12-01T14:42:13.515+0000] {logging_mixin.py:188} INFO - [2025-12-01T14:42:13.514+0000] {dagbag.py:540} INFO - Filling up the DagBag from /opt/airflow/dags/ingestion_dag.py
[2025-12-01T14:42:16.900+0000] {logging_mixin.py:188} INFO - [2025-12-01T14:42:16.898+0000] {warnings.py:109} WARNING - /opt/airflow/dags/ingestion_dag.py:257: RemovedInAirflow3Warning: Function `days_ago` is deprecated and will be removed in Airflow 3.0. You can achieve equivalent behavior with `pendulum.today('UTC').add(days=-N, ...)`
  start_date=days_ago(1),
[2025-12-01T14:42:16.903+0000] {logging_mixin.py:188} INFO - [2025-12-01T14:42:16.903+0000] {warnings.py:109} WARNING - /opt/airflow/dags/ingestion_dag.py:254: RemovedInAirflow3Warning: Param `schedule_interval` is deprecated and will be removed in a future release. Please use `schedule` instead. 
  with DAG(
[2025-12-01T14:42:16.909+0000] {processor.py:840} INFO - DAG(s) 'ingestion_dag' retrieved from /opt/airflow/dags/ingestion_dag.py
[2025-12-01T14:42:16.951+0000] {logging_mixin.py:188} INFO - [2025-12-01T14:42:16.950+0000] {dag.py:3047} INFO - Sync 1 DAGs
[2025-12-01T14:42:16.990+0000] {logging_mixin.py:188} INFO - [2025-12-01T14:42:16.990+0000] {dag.py:3834} INFO - Setting next_dagrun for ingestion_dag to 2025-12-01 14:42:00+00:00, run_after=2025-12-01 14:43:00+00:00
[2025-12-01T14:42:17.013+0000] {processor.py:183} INFO - Processing /opt/airflow/dags/ingestion_dag.py took 3.514 seconds
[2025-12-01T14:42:47.224+0000] {processor.py:161} INFO - Started process (PID=93524) to work on /opt/airflow/dags/ingestion_dag.py
[2025-12-01T14:42:47.229+0000] {processor.py:830} INFO - Processing file /opt/airflow/dags/ingestion_dag.py for tasks to queue
[2025-12-01T14:42:47.230+0000] {logging_mixin.py:188} INFO - [2025-12-01T14:42:47.230+0000] {dagbag.py:540} INFO - Filling up the DagBag from /opt/airflow/dags/ingestion_dag.py
[2025-12-01T14:42:49.134+0000] {logging_mixin.py:188} INFO - [2025-12-01T14:42:49.134+0000] {warnings.py:109} WARNING - /opt/airflow/dags/ingestion_dag.py:257: RemovedInAirflow3Warning: Function `days_ago` is deprecated and will be removed in Airflow 3.0. You can achieve equivalent behavior with `pendulum.today('UTC').add(days=-N, ...)`
  start_date=days_ago(1),
[2025-12-01T14:42:49.134+0000] {logging_mixin.py:188} INFO - [2025-12-01T14:42:49.134+0000] {warnings.py:109} WARNING - /opt/airflow/dags/ingestion_dag.py:254: RemovedInAirflow3Warning: Param `schedule_interval` is deprecated and will be removed in a future release. Please use `schedule` instead. 
  with DAG(
[2025-12-01T14:42:49.139+0000] {processor.py:840} INFO - DAG(s) 'ingestion_dag' retrieved from /opt/airflow/dags/ingestion_dag.py
[2025-12-01T14:42:49.162+0000] {logging_mixin.py:188} INFO - [2025-12-01T14:42:49.162+0000] {dag.py:3047} INFO - Sync 1 DAGs
[2025-12-01T14:42:49.179+0000] {logging_mixin.py:188} INFO - [2025-12-01T14:42:49.179+0000] {dag.py:3834} INFO - Setting next_dagrun for ingestion_dag to 2025-12-01 14:42:00+00:00, run_after=2025-12-01 14:43:00+00:00
[2025-12-01T14:42:49.193+0000] {processor.py:183} INFO - Processing /opt/airflow/dags/ingestion_dag.py took 1.978 seconds
[2025-12-01T14:43:19.562+0000] {processor.py:161} INFO - Started process (PID=93604) to work on /opt/airflow/dags/ingestion_dag.py
[2025-12-01T14:43:19.565+0000] {processor.py:830} INFO - Processing file /opt/airflow/dags/ingestion_dag.py for tasks to queue
[2025-12-01T14:43:19.567+0000] {logging_mixin.py:188} INFO - [2025-12-01T14:43:19.566+0000] {dagbag.py:540} INFO - Filling up the DagBag from /opt/airflow/dags/ingestion_dag.py
[2025-12-01T14:43:21.483+0000] {logging_mixin.py:188} INFO - [2025-12-01T14:43:21.483+0000] {warnings.py:109} WARNING - /opt/airflow/dags/ingestion_dag.py:257: RemovedInAirflow3Warning: Function `days_ago` is deprecated and will be removed in Airflow 3.0. You can achieve equivalent behavior with `pendulum.today('UTC').add(days=-N, ...)`
  start_date=days_ago(1),
[2025-12-01T14:43:21.483+0000] {logging_mixin.py:188} INFO - [2025-12-01T14:43:21.483+0000] {warnings.py:109} WARNING - /opt/airflow/dags/ingestion_dag.py:254: RemovedInAirflow3Warning: Param `schedule_interval` is deprecated and will be removed in a future release. Please use `schedule` instead. 
  with DAG(
[2025-12-01T14:43:21.487+0000] {processor.py:840} INFO - DAG(s) 'ingestion_dag' retrieved from /opt/airflow/dags/ingestion_dag.py
[2025-12-01T14:43:21.506+0000] {logging_mixin.py:188} INFO - [2025-12-01T14:43:21.506+0000] {dag.py:3047} INFO - Sync 1 DAGs
[2025-12-01T14:43:21.528+0000] {logging_mixin.py:188} INFO - [2025-12-01T14:43:21.528+0000] {dag.py:3834} INFO - Setting next_dagrun for ingestion_dag to 2025-12-01 14:43:00+00:00, run_after=2025-12-01 14:44:00+00:00
[2025-12-01T14:43:21.540+0000] {processor.py:183} INFO - Processing /opt/airflow/dags/ingestion_dag.py took 1.991 seconds
[2025-12-01T14:43:52.022+0000] {processor.py:161} INFO - Started process (PID=93622) to work on /opt/airflow/dags/ingestion_dag.py
[2025-12-01T14:43:52.025+0000] {processor.py:830} INFO - Processing file /opt/airflow/dags/ingestion_dag.py for tasks to queue
[2025-12-01T14:43:52.027+0000] {logging_mixin.py:188} INFO - [2025-12-01T14:43:52.026+0000] {dagbag.py:540} INFO - Filling up the DagBag from /opt/airflow/dags/ingestion_dag.py
[2025-12-01T14:43:53.661+0000] {logging_mixin.py:188} INFO - [2025-12-01T14:43:53.660+0000] {warnings.py:109} WARNING - /opt/airflow/dags/ingestion_dag.py:257: RemovedInAirflow3Warning: Function `days_ago` is deprecated and will be removed in Airflow 3.0. You can achieve equivalent behavior with `pendulum.today('UTC').add(days=-N, ...)`
  start_date=days_ago(1),
[2025-12-01T14:43:53.661+0000] {logging_mixin.py:188} INFO - [2025-12-01T14:43:53.661+0000] {warnings.py:109} WARNING - /opt/airflow/dags/ingestion_dag.py:254: RemovedInAirflow3Warning: Param `schedule_interval` is deprecated and will be removed in a future release. Please use `schedule` instead. 
  with DAG(
[2025-12-01T14:43:53.665+0000] {processor.py:840} INFO - DAG(s) 'ingestion_dag' retrieved from /opt/airflow/dags/ingestion_dag.py
[2025-12-01T14:43:53.686+0000] {logging_mixin.py:188} INFO - [2025-12-01T14:43:53.686+0000] {dag.py:3047} INFO - Sync 1 DAGs
[2025-12-01T14:43:53.705+0000] {logging_mixin.py:188} INFO - [2025-12-01T14:43:53.705+0000] {dag.py:3834} INFO - Setting next_dagrun for ingestion_dag to 2025-12-01 14:43:00+00:00, run_after=2025-12-01 14:44:00+00:00
[2025-12-01T14:43:53.716+0000] {processor.py:183} INFO - Processing /opt/airflow/dags/ingestion_dag.py took 1.709 seconds
[2025-12-01T14:44:24.495+0000] {processor.py:161} INFO - Started process (PID=93708) to work on /opt/airflow/dags/ingestion_dag.py
[2025-12-01T14:44:24.498+0000] {processor.py:830} INFO - Processing file /opt/airflow/dags/ingestion_dag.py for tasks to queue
[2025-12-01T14:44:24.499+0000] {logging_mixin.py:188} INFO - [2025-12-01T14:44:24.499+0000] {dagbag.py:540} INFO - Filling up the DagBag from /opt/airflow/dags/ingestion_dag.py
[2025-12-01T14:44:26.722+0000] {logging_mixin.py:188} INFO - [2025-12-01T14:44:26.721+0000] {warnings.py:109} WARNING - /opt/airflow/dags/ingestion_dag.py:257: RemovedInAirflow3Warning: Function `days_ago` is deprecated and will be removed in Airflow 3.0. You can achieve equivalent behavior with `pendulum.today('UTC').add(days=-N, ...)`
  start_date=days_ago(1),
[2025-12-01T14:44:26.723+0000] {logging_mixin.py:188} INFO - [2025-12-01T14:44:26.723+0000] {warnings.py:109} WARNING - /opt/airflow/dags/ingestion_dag.py:254: RemovedInAirflow3Warning: Param `schedule_interval` is deprecated and will be removed in a future release. Please use `schedule` instead. 
  with DAG(
[2025-12-01T14:44:26.730+0000] {processor.py:840} INFO - DAG(s) 'ingestion_dag' retrieved from /opt/airflow/dags/ingestion_dag.py
[2025-12-01T14:44:26.781+0000] {logging_mixin.py:188} INFO - [2025-12-01T14:44:26.781+0000] {dag.py:3047} INFO - Sync 1 DAGs
[2025-12-01T14:44:26.809+0000] {logging_mixin.py:188} INFO - [2025-12-01T14:44:26.809+0000] {dag.py:3834} INFO - Setting next_dagrun for ingestion_dag to 2025-12-01 14:44:00+00:00, run_after=2025-12-01 14:45:00+00:00
[2025-12-01T14:44:26.829+0000] {processor.py:183} INFO - Processing /opt/airflow/dags/ingestion_dag.py took 2.350 seconds
[2025-12-01T14:44:57.141+0000] {processor.py:161} INFO - Started process (PID=93726) to work on /opt/airflow/dags/ingestion_dag.py
[2025-12-01T14:44:57.143+0000] {processor.py:830} INFO - Processing file /opt/airflow/dags/ingestion_dag.py for tasks to queue
[2025-12-01T14:44:57.145+0000] {logging_mixin.py:188} INFO - [2025-12-01T14:44:57.144+0000] {dagbag.py:540} INFO - Filling up the DagBag from /opt/airflow/dags/ingestion_dag.py
[2025-12-01T14:44:59.238+0000] {logging_mixin.py:188} INFO - [2025-12-01T14:44:59.238+0000] {warnings.py:109} WARNING - /opt/airflow/dags/ingestion_dag.py:257: RemovedInAirflow3Warning: Function `days_ago` is deprecated and will be removed in Airflow 3.0. You can achieve equivalent behavior with `pendulum.today('UTC').add(days=-N, ...)`
  start_date=days_ago(1),
[2025-12-01T14:44:59.239+0000] {logging_mixin.py:188} INFO - [2025-12-01T14:44:59.239+0000] {warnings.py:109} WARNING - /opt/airflow/dags/ingestion_dag.py:254: RemovedInAirflow3Warning: Param `schedule_interval` is deprecated and will be removed in a future release. Please use `schedule` instead. 
  with DAG(
[2025-12-01T14:44:59.243+0000] {processor.py:840} INFO - DAG(s) 'ingestion_dag' retrieved from /opt/airflow/dags/ingestion_dag.py
[2025-12-01T14:44:59.274+0000] {logging_mixin.py:188} INFO - [2025-12-01T14:44:59.274+0000] {dag.py:3047} INFO - Sync 1 DAGs
[2025-12-01T14:44:59.292+0000] {logging_mixin.py:188} INFO - [2025-12-01T14:44:59.291+0000] {dag.py:3834} INFO - Setting next_dagrun for ingestion_dag to 2025-12-01 14:44:00+00:00, run_after=2025-12-01 14:45:00+00:00
[2025-12-01T14:44:59.304+0000] {processor.py:183} INFO - Processing /opt/airflow/dags/ingestion_dag.py took 2.178 seconds
[2025-12-01T14:45:29.739+0000] {processor.py:161} INFO - Started process (PID=93806) to work on /opt/airflow/dags/ingestion_dag.py
[2025-12-01T14:45:29.742+0000] {processor.py:830} INFO - Processing file /opt/airflow/dags/ingestion_dag.py for tasks to queue
[2025-12-01T14:45:29.744+0000] {logging_mixin.py:188} INFO - [2025-12-01T14:45:29.743+0000] {dagbag.py:540} INFO - Filling up the DagBag from /opt/airflow/dags/ingestion_dag.py
[2025-12-01T14:45:31.514+0000] {logging_mixin.py:188} INFO - [2025-12-01T14:45:31.514+0000] {warnings.py:109} WARNING - /opt/airflow/dags/ingestion_dag.py:257: RemovedInAirflow3Warning: Function `days_ago` is deprecated and will be removed in Airflow 3.0. You can achieve equivalent behavior with `pendulum.today('UTC').add(days=-N, ...)`
  start_date=days_ago(1),
[2025-12-01T14:45:31.514+0000] {logging_mixin.py:188} INFO - [2025-12-01T14:45:31.514+0000] {warnings.py:109} WARNING - /opt/airflow/dags/ingestion_dag.py:254: RemovedInAirflow3Warning: Param `schedule_interval` is deprecated and will be removed in a future release. Please use `schedule` instead. 
  with DAG(
[2025-12-01T14:45:31.518+0000] {processor.py:840} INFO - DAG(s) 'ingestion_dag' retrieved from /opt/airflow/dags/ingestion_dag.py
[2025-12-01T14:45:31.545+0000] {logging_mixin.py:188} INFO - [2025-12-01T14:45:31.545+0000] {dag.py:3047} INFO - Sync 1 DAGs
[2025-12-01T14:45:31.571+0000] {logging_mixin.py:188} INFO - [2025-12-01T14:45:31.571+0000] {dag.py:3834} INFO - Setting next_dagrun for ingestion_dag to 2025-12-01 14:45:00+00:00, run_after=2025-12-01 14:46:00+00:00
[2025-12-01T14:45:31.581+0000] {processor.py:183} INFO - Processing /opt/airflow/dags/ingestion_dag.py took 1.849 seconds
[2025-12-01T14:46:02.098+0000] {processor.py:161} INFO - Started process (PID=93830) to work on /opt/airflow/dags/ingestion_dag.py
[2025-12-01T14:46:02.100+0000] {processor.py:830} INFO - Processing file /opt/airflow/dags/ingestion_dag.py for tasks to queue
[2025-12-01T14:46:02.102+0000] {logging_mixin.py:188} INFO - [2025-12-01T14:46:02.101+0000] {dagbag.py:540} INFO - Filling up the DagBag from /opt/airflow/dags/ingestion_dag.py
[2025-12-01T14:46:05.483+0000] {logging_mixin.py:188} INFO - [2025-12-01T14:46:05.482+0000] {warnings.py:109} WARNING - /opt/airflow/dags/ingestion_dag.py:257: RemovedInAirflow3Warning: Function `days_ago` is deprecated and will be removed in Airflow 3.0. You can achieve equivalent behavior with `pendulum.today('UTC').add(days=-N, ...)`
  start_date=days_ago(1),
[2025-12-01T14:46:05.483+0000] {logging_mixin.py:188} INFO - [2025-12-01T14:46:05.483+0000] {warnings.py:109} WARNING - /opt/airflow/dags/ingestion_dag.py:254: RemovedInAirflow3Warning: Param `schedule_interval` is deprecated and will be removed in a future release. Please use `schedule` instead. 
  with DAG(
[2025-12-01T14:46:05.489+0000] {processor.py:840} INFO - DAG(s) 'ingestion_dag' retrieved from /opt/airflow/dags/ingestion_dag.py
[2025-12-01T14:46:05.535+0000] {logging_mixin.py:188} INFO - [2025-12-01T14:46:05.535+0000] {dag.py:3047} INFO - Sync 1 DAGs
[2025-12-01T14:46:05.565+0000] {logging_mixin.py:188} INFO - [2025-12-01T14:46:05.565+0000] {dag.py:3834} INFO - Setting next_dagrun for ingestion_dag to 2025-12-01 14:46:00+00:00, run_after=2025-12-01 14:47:00+00:00
[2025-12-01T14:46:05.582+0000] {processor.py:183} INFO - Processing /opt/airflow/dags/ingestion_dag.py took 3.491 seconds
[2025-12-01T14:46:35.742+0000] {processor.py:161} INFO - Started process (PID=93910) to work on /opt/airflow/dags/ingestion_dag.py
[2025-12-01T14:46:35.745+0000] {processor.py:830} INFO - Processing file /opt/airflow/dags/ingestion_dag.py for tasks to queue
[2025-12-01T14:46:35.747+0000] {logging_mixin.py:188} INFO - [2025-12-01T14:46:35.746+0000] {dagbag.py:540} INFO - Filling up the DagBag from /opt/airflow/dags/ingestion_dag.py
[2025-12-01T14:46:37.501+0000] {logging_mixin.py:188} INFO - [2025-12-01T14:46:37.500+0000] {warnings.py:109} WARNING - /opt/airflow/dags/ingestion_dag.py:257: RemovedInAirflow3Warning: Function `days_ago` is deprecated and will be removed in Airflow 3.0. You can achieve equivalent behavior with `pendulum.today('UTC').add(days=-N, ...)`
  start_date=days_ago(1),
[2025-12-01T14:46:37.501+0000] {logging_mixin.py:188} INFO - [2025-12-01T14:46:37.501+0000] {warnings.py:109} WARNING - /opt/airflow/dags/ingestion_dag.py:254: RemovedInAirflow3Warning: Param `schedule_interval` is deprecated and will be removed in a future release. Please use `schedule` instead. 
  with DAG(
[2025-12-01T14:46:37.505+0000] {processor.py:840} INFO - DAG(s) 'ingestion_dag' retrieved from /opt/airflow/dags/ingestion_dag.py
[2025-12-01T14:46:37.535+0000] {logging_mixin.py:188} INFO - [2025-12-01T14:46:37.535+0000] {dag.py:3047} INFO - Sync 1 DAGs
[2025-12-01T14:46:37.555+0000] {logging_mixin.py:188} INFO - [2025-12-01T14:46:37.555+0000] {dag.py:3834} INFO - Setting next_dagrun for ingestion_dag to 2025-12-01 14:46:00+00:00, run_after=2025-12-01 14:47:00+00:00
[2025-12-01T14:46:37.567+0000] {processor.py:183} INFO - Processing /opt/airflow/dags/ingestion_dag.py took 1.841 seconds
[2025-12-01T14:47:07.993+0000] {processor.py:161} INFO - Started process (PID=93957) to work on /opt/airflow/dags/ingestion_dag.py
[2025-12-01T14:47:07.998+0000] {processor.py:830} INFO - Processing file /opt/airflow/dags/ingestion_dag.py for tasks to queue
[2025-12-01T14:47:07.999+0000] {logging_mixin.py:188} INFO - [2025-12-01T14:47:07.998+0000] {dagbag.py:540} INFO - Filling up the DagBag from /opt/airflow/dags/ingestion_dag.py
[2025-12-01T14:47:11.139+0000] {logging_mixin.py:188} INFO - [2025-12-01T14:47:11.137+0000] {warnings.py:109} WARNING - /opt/airflow/dags/ingestion_dag.py:257: RemovedInAirflow3Warning: Function `days_ago` is deprecated and will be removed in Airflow 3.0. You can achieve equivalent behavior with `pendulum.today('UTC').add(days=-N, ...)`
  start_date=days_ago(1),
[2025-12-01T14:47:11.139+0000] {logging_mixin.py:188} INFO - [2025-12-01T14:47:11.139+0000] {warnings.py:109} WARNING - /opt/airflow/dags/ingestion_dag.py:254: RemovedInAirflow3Warning: Param `schedule_interval` is deprecated and will be removed in a future release. Please use `schedule` instead. 
  with DAG(
[2025-12-01T14:47:11.154+0000] {processor.py:840} INFO - DAG(s) 'ingestion_dag' retrieved from /opt/airflow/dags/ingestion_dag.py
[2025-12-01T14:47:11.231+0000] {logging_mixin.py:188} INFO - [2025-12-01T14:47:11.231+0000] {dag.py:3047} INFO - Sync 1 DAGs
[2025-12-01T14:47:11.271+0000] {logging_mixin.py:188} INFO - [2025-12-01T14:47:11.271+0000] {dag.py:3834} INFO - Setting next_dagrun for ingestion_dag to 2025-12-01 14:47:00+00:00, run_after=2025-12-01 14:48:00+00:00
[2025-12-01T14:47:11.449+0000] {processor.py:183} INFO - Processing /opt/airflow/dags/ingestion_dag.py took 3.466 seconds
[2025-12-01T14:47:41.693+0000] {processor.py:161} INFO - Started process (PID=94008) to work on /opt/airflow/dags/ingestion_dag.py
[2025-12-01T14:47:41.696+0000] {processor.py:830} INFO - Processing file /opt/airflow/dags/ingestion_dag.py for tasks to queue
[2025-12-01T14:47:41.697+0000] {logging_mixin.py:188} INFO - [2025-12-01T14:47:41.697+0000] {dagbag.py:540} INFO - Filling up the DagBag from /opt/airflow/dags/ingestion_dag.py
[2025-12-01T14:47:43.555+0000] {logging_mixin.py:188} INFO - [2025-12-01T14:47:43.555+0000] {warnings.py:109} WARNING - /opt/airflow/dags/ingestion_dag.py:257: RemovedInAirflow3Warning: Function `days_ago` is deprecated and will be removed in Airflow 3.0. You can achieve equivalent behavior with `pendulum.today('UTC').add(days=-N, ...)`
  start_date=days_ago(1),
[2025-12-01T14:47:43.556+0000] {logging_mixin.py:188} INFO - [2025-12-01T14:47:43.556+0000] {warnings.py:109} WARNING - /opt/airflow/dags/ingestion_dag.py:254: RemovedInAirflow3Warning: Param `schedule_interval` is deprecated and will be removed in a future release. Please use `schedule` instead. 
  with DAG(
[2025-12-01T14:47:43.560+0000] {processor.py:840} INFO - DAG(s) 'ingestion_dag' retrieved from /opt/airflow/dags/ingestion_dag.py
[2025-12-01T14:47:43.591+0000] {logging_mixin.py:188} INFO - [2025-12-01T14:47:43.591+0000] {dag.py:3047} INFO - Sync 1 DAGs
[2025-12-01T14:47:43.614+0000] {logging_mixin.py:188} INFO - [2025-12-01T14:47:43.614+0000] {dag.py:3834} INFO - Setting next_dagrun for ingestion_dag to 2025-12-01 14:47:00+00:00, run_after=2025-12-01 14:48:00+00:00
[2025-12-01T14:47:43.628+0000] {processor.py:183} INFO - Processing /opt/airflow/dags/ingestion_dag.py took 1.946 seconds
[2025-12-01T14:48:14.370+0000] {processor.py:161} INFO - Started process (PID=94094) to work on /opt/airflow/dags/ingestion_dag.py
[2025-12-01T14:48:14.372+0000] {processor.py:830} INFO - Processing file /opt/airflow/dags/ingestion_dag.py for tasks to queue
[2025-12-01T14:48:14.373+0000] {logging_mixin.py:188} INFO - [2025-12-01T14:48:14.372+0000] {dagbag.py:540} INFO - Filling up the DagBag from /opt/airflow/dags/ingestion_dag.py
[2025-12-01T14:48:16.290+0000] {logging_mixin.py:188} INFO - [2025-12-01T14:48:16.290+0000] {warnings.py:109} WARNING - /opt/airflow/dags/ingestion_dag.py:257: RemovedInAirflow3Warning: Function `days_ago` is deprecated and will be removed in Airflow 3.0. You can achieve equivalent behavior with `pendulum.today('UTC').add(days=-N, ...)`
  start_date=days_ago(1),
[2025-12-01T14:48:16.291+0000] {logging_mixin.py:188} INFO - [2025-12-01T14:48:16.291+0000] {warnings.py:109} WARNING - /opt/airflow/dags/ingestion_dag.py:254: RemovedInAirflow3Warning: Param `schedule_interval` is deprecated and will be removed in a future release. Please use `schedule` instead. 
  with DAG(
[2025-12-01T14:48:16.295+0000] {processor.py:840} INFO - DAG(s) 'ingestion_dag' retrieved from /opt/airflow/dags/ingestion_dag.py
[2025-12-01T14:48:16.340+0000] {logging_mixin.py:188} INFO - [2025-12-01T14:48:16.339+0000] {dag.py:3047} INFO - Sync 1 DAGs
[2025-12-01T14:48:16.362+0000] {logging_mixin.py:188} INFO - [2025-12-01T14:48:16.362+0000] {dag.py:3834} INFO - Setting next_dagrun for ingestion_dag to 2025-12-01 14:48:00+00:00, run_after=2025-12-01 14:49:00+00:00
[2025-12-01T14:48:16.433+0000] {processor.py:183} INFO - Processing /opt/airflow/dags/ingestion_dag.py took 2.074 seconds
[2025-12-01T14:48:46.898+0000] {processor.py:161} INFO - Started process (PID=94112) to work on /opt/airflow/dags/ingestion_dag.py
[2025-12-01T14:48:46.901+0000] {processor.py:830} INFO - Processing file /opt/airflow/dags/ingestion_dag.py for tasks to queue
[2025-12-01T14:48:46.903+0000] {logging_mixin.py:188} INFO - [2025-12-01T14:48:46.903+0000] {dagbag.py:540} INFO - Filling up the DagBag from /opt/airflow/dags/ingestion_dag.py
[2025-12-01T14:48:48.588+0000] {logging_mixin.py:188} INFO - [2025-12-01T14:48:48.588+0000] {warnings.py:109} WARNING - /opt/airflow/dags/ingestion_dag.py:257: RemovedInAirflow3Warning: Function `days_ago` is deprecated and will be removed in Airflow 3.0. You can achieve equivalent behavior with `pendulum.today('UTC').add(days=-N, ...)`
  start_date=days_ago(1),
[2025-12-01T14:48:48.588+0000] {logging_mixin.py:188} INFO - [2025-12-01T14:48:48.588+0000] {warnings.py:109} WARNING - /opt/airflow/dags/ingestion_dag.py:254: RemovedInAirflow3Warning: Param `schedule_interval` is deprecated and will be removed in a future release. Please use `schedule` instead. 
  with DAG(
[2025-12-01T14:48:48.592+0000] {processor.py:840} INFO - DAG(s) 'ingestion_dag' retrieved from /opt/airflow/dags/ingestion_dag.py
[2025-12-01T14:48:48.615+0000] {logging_mixin.py:188} INFO - [2025-12-01T14:48:48.614+0000] {dag.py:3047} INFO - Sync 1 DAGs
[2025-12-01T14:48:48.631+0000] {logging_mixin.py:188} INFO - [2025-12-01T14:48:48.631+0000] {dag.py:3834} INFO - Setting next_dagrun for ingestion_dag to 2025-12-01 14:48:00+00:00, run_after=2025-12-01 14:49:00+00:00
[2025-12-01T14:48:48.641+0000] {processor.py:183} INFO - Processing /opt/airflow/dags/ingestion_dag.py took 1.756 seconds
[2025-12-01T14:49:19.481+0000] {processor.py:161} INFO - Started process (PID=94197) to work on /opt/airflow/dags/ingestion_dag.py
[2025-12-01T14:49:19.484+0000] {processor.py:830} INFO - Processing file /opt/airflow/dags/ingestion_dag.py for tasks to queue
[2025-12-01T14:49:19.485+0000] {logging_mixin.py:188} INFO - [2025-12-01T14:49:19.485+0000] {dagbag.py:540} INFO - Filling up the DagBag from /opt/airflow/dags/ingestion_dag.py
[2025-12-01T14:49:21.331+0000] {logging_mixin.py:188} INFO - [2025-12-01T14:49:21.331+0000] {warnings.py:109} WARNING - /opt/airflow/dags/ingestion_dag.py:257: RemovedInAirflow3Warning: Function `days_ago` is deprecated and will be removed in Airflow 3.0. You can achieve equivalent behavior with `pendulum.today('UTC').add(days=-N, ...)`
  start_date=days_ago(1),
[2025-12-01T14:49:21.331+0000] {logging_mixin.py:188} INFO - [2025-12-01T14:49:21.331+0000] {warnings.py:109} WARNING - /opt/airflow/dags/ingestion_dag.py:254: RemovedInAirflow3Warning: Param `schedule_interval` is deprecated and will be removed in a future release. Please use `schedule` instead. 
  with DAG(
[2025-12-01T14:49:21.339+0000] {processor.py:840} INFO - DAG(s) 'ingestion_dag' retrieved from /opt/airflow/dags/ingestion_dag.py
[2025-12-01T14:49:21.369+0000] {logging_mixin.py:188} INFO - [2025-12-01T14:49:21.369+0000] {dag.py:3047} INFO - Sync 1 DAGs
[2025-12-01T14:49:21.396+0000] {logging_mixin.py:188} INFO - [2025-12-01T14:49:21.396+0000] {dag.py:3834} INFO - Setting next_dagrun for ingestion_dag to 2025-12-01 14:49:00+00:00, run_after=2025-12-01 14:50:00+00:00
[2025-12-01T14:49:21.408+0000] {processor.py:183} INFO - Processing /opt/airflow/dags/ingestion_dag.py took 1.936 seconds
[2025-12-01T14:49:52.024+0000] {processor.py:161} INFO - Started process (PID=94215) to work on /opt/airflow/dags/ingestion_dag.py
[2025-12-01T14:49:52.026+0000] {processor.py:830} INFO - Processing file /opt/airflow/dags/ingestion_dag.py for tasks to queue
[2025-12-01T14:49:52.027+0000] {logging_mixin.py:188} INFO - [2025-12-01T14:49:52.027+0000] {dagbag.py:540} INFO - Filling up the DagBag from /opt/airflow/dags/ingestion_dag.py
[2025-12-01T14:49:53.839+0000] {logging_mixin.py:188} INFO - [2025-12-01T14:49:53.839+0000] {warnings.py:109} WARNING - /opt/airflow/dags/ingestion_dag.py:257: RemovedInAirflow3Warning: Function `days_ago` is deprecated and will be removed in Airflow 3.0. You can achieve equivalent behavior with `pendulum.today('UTC').add(days=-N, ...)`
  start_date=days_ago(1),
[2025-12-01T14:49:53.840+0000] {logging_mixin.py:188} INFO - [2025-12-01T14:49:53.840+0000] {warnings.py:109} WARNING - /opt/airflow/dags/ingestion_dag.py:254: RemovedInAirflow3Warning: Param `schedule_interval` is deprecated and will be removed in a future release. Please use `schedule` instead. 
  with DAG(
[2025-12-01T14:49:53.844+0000] {processor.py:840} INFO - DAG(s) 'ingestion_dag' retrieved from /opt/airflow/dags/ingestion_dag.py
[2025-12-01T14:49:53.880+0000] {logging_mixin.py:188} INFO - [2025-12-01T14:49:53.879+0000] {dag.py:3047} INFO - Sync 1 DAGs
[2025-12-01T14:49:53.897+0000] {logging_mixin.py:188} INFO - [2025-12-01T14:49:53.897+0000] {dag.py:3834} INFO - Setting next_dagrun for ingestion_dag to 2025-12-01 14:49:00+00:00, run_after=2025-12-01 14:50:00+00:00
[2025-12-01T14:49:53.908+0000] {processor.py:183} INFO - Processing /opt/airflow/dags/ingestion_dag.py took 1.889 seconds
[2025-12-01T14:50:24.428+0000] {processor.py:161} INFO - Started process (PID=94301) to work on /opt/airflow/dags/ingestion_dag.py
[2025-12-01T14:50:24.430+0000] {processor.py:830} INFO - Processing file /opt/airflow/dags/ingestion_dag.py for tasks to queue
[2025-12-01T14:50:24.431+0000] {logging_mixin.py:188} INFO - [2025-12-01T14:50:24.431+0000] {dagbag.py:540} INFO - Filling up the DagBag from /opt/airflow/dags/ingestion_dag.py
[2025-12-01T14:50:26.208+0000] {logging_mixin.py:188} INFO - [2025-12-01T14:50:26.208+0000] {warnings.py:109} WARNING - /opt/airflow/dags/ingestion_dag.py:257: RemovedInAirflow3Warning: Function `days_ago` is deprecated and will be removed in Airflow 3.0. You can achieve equivalent behavior with `pendulum.today('UTC').add(days=-N, ...)`
  start_date=days_ago(1),
[2025-12-01T14:50:26.209+0000] {logging_mixin.py:188} INFO - [2025-12-01T14:50:26.209+0000] {warnings.py:109} WARNING - /opt/airflow/dags/ingestion_dag.py:254: RemovedInAirflow3Warning: Param `schedule_interval` is deprecated and will be removed in a future release. Please use `schedule` instead. 
  with DAG(
[2025-12-01T14:50:26.213+0000] {processor.py:840} INFO - DAG(s) 'ingestion_dag' retrieved from /opt/airflow/dags/ingestion_dag.py
[2025-12-01T14:50:26.238+0000] {logging_mixin.py:188} INFO - [2025-12-01T14:50:26.238+0000] {dag.py:3047} INFO - Sync 1 DAGs
[2025-12-01T14:50:26.256+0000] {logging_mixin.py:188} INFO - [2025-12-01T14:50:26.256+0000] {dag.py:3834} INFO - Setting next_dagrun for ingestion_dag to 2025-12-01 14:50:00+00:00, run_after=2025-12-01 14:51:00+00:00
[2025-12-01T14:50:26.267+0000] {processor.py:183} INFO - Processing /opt/airflow/dags/ingestion_dag.py took 1.857 seconds
[2025-12-01T14:50:56.853+0000] {processor.py:161} INFO - Started process (PID=94319) to work on /opt/airflow/dags/ingestion_dag.py
[2025-12-01T14:50:56.858+0000] {processor.py:830} INFO - Processing file /opt/airflow/dags/ingestion_dag.py for tasks to queue
[2025-12-01T14:50:56.860+0000] {logging_mixin.py:188} INFO - [2025-12-01T14:50:56.859+0000] {dagbag.py:540} INFO - Filling up the DagBag from /opt/airflow/dags/ingestion_dag.py
[2025-12-01T14:50:58.518+0000] {logging_mixin.py:188} INFO - [2025-12-01T14:50:58.518+0000] {warnings.py:109} WARNING - /opt/airflow/dags/ingestion_dag.py:257: RemovedInAirflow3Warning: Function `days_ago` is deprecated and will be removed in Airflow 3.0. You can achieve equivalent behavior with `pendulum.today('UTC').add(days=-N, ...)`
  start_date=days_ago(1),
[2025-12-01T14:50:58.518+0000] {logging_mixin.py:188} INFO - [2025-12-01T14:50:58.518+0000] {warnings.py:109} WARNING - /opt/airflow/dags/ingestion_dag.py:254: RemovedInAirflow3Warning: Param `schedule_interval` is deprecated and will be removed in a future release. Please use `schedule` instead. 
  with DAG(
[2025-12-01T14:50:58.522+0000] {processor.py:840} INFO - DAG(s) 'ingestion_dag' retrieved from /opt/airflow/dags/ingestion_dag.py
[2025-12-01T14:50:58.541+0000] {logging_mixin.py:188} INFO - [2025-12-01T14:50:58.541+0000] {dag.py:3047} INFO - Sync 1 DAGs
[2025-12-01T14:50:58.557+0000] {logging_mixin.py:188} INFO - [2025-12-01T14:50:58.557+0000] {dag.py:3834} INFO - Setting next_dagrun for ingestion_dag to 2025-12-01 14:50:00+00:00, run_after=2025-12-01 14:51:00+00:00
[2025-12-01T14:50:58.566+0000] {processor.py:183} INFO - Processing /opt/airflow/dags/ingestion_dag.py took 1.722 seconds
[2025-12-01T14:51:28.796+0000] {processor.py:161} INFO - Started process (PID=94399) to work on /opt/airflow/dags/ingestion_dag.py
[2025-12-01T14:51:28.798+0000] {processor.py:830} INFO - Processing file /opt/airflow/dags/ingestion_dag.py for tasks to queue
[2025-12-01T14:51:28.799+0000] {logging_mixin.py:188} INFO - [2025-12-01T14:51:28.799+0000] {dagbag.py:540} INFO - Filling up the DagBag from /opt/airflow/dags/ingestion_dag.py
[2025-12-01T14:51:31.416+0000] {logging_mixin.py:188} INFO - [2025-12-01T14:51:31.415+0000] {warnings.py:109} WARNING - /opt/airflow/dags/ingestion_dag.py:257: RemovedInAirflow3Warning: Function `days_ago` is deprecated and will be removed in Airflow 3.0. You can achieve equivalent behavior with `pendulum.today('UTC').add(days=-N, ...)`
  start_date=days_ago(1),
[2025-12-01T14:51:31.417+0000] {logging_mixin.py:188} INFO - [2025-12-01T14:51:31.417+0000] {warnings.py:109} WARNING - /opt/airflow/dags/ingestion_dag.py:254: RemovedInAirflow3Warning: Param `schedule_interval` is deprecated and will be removed in a future release. Please use `schedule` instead. 
  with DAG(
[2025-12-01T14:51:31.424+0000] {processor.py:840} INFO - DAG(s) 'ingestion_dag' retrieved from /opt/airflow/dags/ingestion_dag.py
[2025-12-01T14:51:31.463+0000] {logging_mixin.py:188} INFO - [2025-12-01T14:51:31.463+0000] {dag.py:3047} INFO - Sync 1 DAGs
[2025-12-01T14:51:31.492+0000] {logging_mixin.py:188} INFO - [2025-12-01T14:51:31.492+0000] {dag.py:3834} INFO - Setting next_dagrun for ingestion_dag to 2025-12-01 14:51:00+00:00, run_after=2025-12-01 14:52:00+00:00
[2025-12-01T14:51:31.504+0000] {processor.py:183} INFO - Processing /opt/airflow/dags/ingestion_dag.py took 2.717 seconds
[2025-12-01T14:52:02.162+0000] {processor.py:161} INFO - Started process (PID=94422) to work on /opt/airflow/dags/ingestion_dag.py
[2025-12-01T14:52:02.163+0000] {processor.py:830} INFO - Processing file /opt/airflow/dags/ingestion_dag.py for tasks to queue
[2025-12-01T14:52:02.164+0000] {logging_mixin.py:188} INFO - [2025-12-01T14:52:02.163+0000] {dagbag.py:540} INFO - Filling up the DagBag from /opt/airflow/dags/ingestion_dag.py
[2025-12-01T14:52:04.753+0000] {logging_mixin.py:188} INFO - [2025-12-01T14:52:04.753+0000] {warnings.py:109} WARNING - /opt/airflow/dags/ingestion_dag.py:257: RemovedInAirflow3Warning: Function `days_ago` is deprecated and will be removed in Airflow 3.0. You can achieve equivalent behavior with `pendulum.today('UTC').add(days=-N, ...)`
  start_date=days_ago(1),
[2025-12-01T14:52:04.755+0000] {logging_mixin.py:188} INFO - [2025-12-01T14:52:04.755+0000] {warnings.py:109} WARNING - /opt/airflow/dags/ingestion_dag.py:254: RemovedInAirflow3Warning: Param `schedule_interval` is deprecated and will be removed in a future release. Please use `schedule` instead. 
  with DAG(
[2025-12-01T14:52:04.763+0000] {processor.py:840} INFO - DAG(s) 'ingestion_dag' retrieved from /opt/airflow/dags/ingestion_dag.py
[2025-12-01T14:52:04.791+0000] {logging_mixin.py:188} INFO - [2025-12-01T14:52:04.790+0000] {dag.py:3047} INFO - Sync 1 DAGs
[2025-12-01T14:52:04.813+0000] {logging_mixin.py:188} INFO - [2025-12-01T14:52:04.813+0000] {dag.py:3834} INFO - Setting next_dagrun for ingestion_dag to 2025-12-01 14:52:00+00:00, run_after=2025-12-01 14:53:00+00:00
[2025-12-01T14:52:04.825+0000] {processor.py:183} INFO - Processing /opt/airflow/dags/ingestion_dag.py took 2.667 seconds
[2025-12-01T14:52:35.495+0000] {processor.py:161} INFO - Started process (PID=94503) to work on /opt/airflow/dags/ingestion_dag.py
[2025-12-01T14:52:35.499+0000] {processor.py:830} INFO - Processing file /opt/airflow/dags/ingestion_dag.py for tasks to queue
[2025-12-01T14:52:35.501+0000] {logging_mixin.py:188} INFO - [2025-12-01T14:52:35.500+0000] {dagbag.py:540} INFO - Filling up the DagBag from /opt/airflow/dags/ingestion_dag.py
[2025-12-01T14:52:37.267+0000] {logging_mixin.py:188} INFO - [2025-12-01T14:52:37.267+0000] {warnings.py:109} WARNING - /opt/airflow/dags/ingestion_dag.py:257: RemovedInAirflow3Warning: Function `days_ago` is deprecated and will be removed in Airflow 3.0. You can achieve equivalent behavior with `pendulum.today('UTC').add(days=-N, ...)`
  start_date=days_ago(1),
[2025-12-01T14:52:37.267+0000] {logging_mixin.py:188} INFO - [2025-12-01T14:52:37.267+0000] {warnings.py:109} WARNING - /opt/airflow/dags/ingestion_dag.py:254: RemovedInAirflow3Warning: Param `schedule_interval` is deprecated and will be removed in a future release. Please use `schedule` instead. 
  with DAG(
[2025-12-01T14:52:37.271+0000] {processor.py:840} INFO - DAG(s) 'ingestion_dag' retrieved from /opt/airflow/dags/ingestion_dag.py
[2025-12-01T14:52:37.303+0000] {logging_mixin.py:188} INFO - [2025-12-01T14:52:37.303+0000] {dag.py:3047} INFO - Sync 1 DAGs
[2025-12-01T14:52:37.322+0000] {logging_mixin.py:188} INFO - [2025-12-01T14:52:37.322+0000] {dag.py:3834} INFO - Setting next_dagrun for ingestion_dag to 2025-12-01 14:52:00+00:00, run_after=2025-12-01 14:53:00+00:00
[2025-12-01T14:52:37.336+0000] {processor.py:183} INFO - Processing /opt/airflow/dags/ingestion_dag.py took 1.853 seconds
[2025-12-01T14:53:07.937+0000] {processor.py:161} INFO - Started process (PID=94551) to work on /opt/airflow/dags/ingestion_dag.py
[2025-12-01T14:53:07.938+0000] {processor.py:830} INFO - Processing file /opt/airflow/dags/ingestion_dag.py for tasks to queue
[2025-12-01T14:53:07.940+0000] {logging_mixin.py:188} INFO - [2025-12-01T14:53:07.939+0000] {dagbag.py:540} INFO - Filling up the DagBag from /opt/airflow/dags/ingestion_dag.py
[2025-12-01T14:53:11.339+0000] {logging_mixin.py:188} INFO - [2025-12-01T14:53:11.339+0000] {warnings.py:109} WARNING - /opt/airflow/dags/ingestion_dag.py:257: RemovedInAirflow3Warning: Function `days_ago` is deprecated and will be removed in Airflow 3.0. You can achieve equivalent behavior with `pendulum.today('UTC').add(days=-N, ...)`
  start_date=days_ago(1),
[2025-12-01T14:53:11.340+0000] {logging_mixin.py:188} INFO - [2025-12-01T14:53:11.340+0000] {warnings.py:109} WARNING - /opt/airflow/dags/ingestion_dag.py:254: RemovedInAirflow3Warning: Param `schedule_interval` is deprecated and will be removed in a future release. Please use `schedule` instead. 
  with DAG(
[2025-12-01T14:53:11.346+0000] {processor.py:840} INFO - DAG(s) 'ingestion_dag' retrieved from /opt/airflow/dags/ingestion_dag.py
[2025-12-01T14:53:11.399+0000] {logging_mixin.py:188} INFO - [2025-12-01T14:53:11.399+0000] {dag.py:3047} INFO - Sync 1 DAGs
[2025-12-01T14:53:11.420+0000] {logging_mixin.py:188} INFO - [2025-12-01T14:53:11.420+0000] {dag.py:3834} INFO - Setting next_dagrun for ingestion_dag to 2025-12-01 14:53:00+00:00, run_after=2025-12-01 14:54:00+00:00
[2025-12-01T14:53:11.447+0000] {processor.py:183} INFO - Processing /opt/airflow/dags/ingestion_dag.py took 3.515 seconds
[2025-12-01T14:53:42.439+0000] {processor.py:161} INFO - Started process (PID=94601) to work on /opt/airflow/dags/ingestion_dag.py
[2025-12-01T14:53:42.442+0000] {processor.py:830} INFO - Processing file /opt/airflow/dags/ingestion_dag.py for tasks to queue
[2025-12-01T14:53:42.443+0000] {logging_mixin.py:188} INFO - [2025-12-01T14:53:42.443+0000] {dagbag.py:540} INFO - Filling up the DagBag from /opt/airflow/dags/ingestion_dag.py
[2025-12-01T14:53:44.278+0000] {logging_mixin.py:188} INFO - [2025-12-01T14:53:44.278+0000] {warnings.py:109} WARNING - /opt/airflow/dags/ingestion_dag.py:257: RemovedInAirflow3Warning: Function `days_ago` is deprecated and will be removed in Airflow 3.0. You can achieve equivalent behavior with `pendulum.today('UTC').add(days=-N, ...)`
  start_date=days_ago(1),
[2025-12-01T14:53:44.278+0000] {logging_mixin.py:188} INFO - [2025-12-01T14:53:44.278+0000] {warnings.py:109} WARNING - /opt/airflow/dags/ingestion_dag.py:254: RemovedInAirflow3Warning: Param `schedule_interval` is deprecated and will be removed in a future release. Please use `schedule` instead. 
  with DAG(
[2025-12-01T14:53:44.282+0000] {processor.py:840} INFO - DAG(s) 'ingestion_dag' retrieved from /opt/airflow/dags/ingestion_dag.py
[2025-12-01T14:53:44.312+0000] {logging_mixin.py:188} INFO - [2025-12-01T14:53:44.312+0000] {dag.py:3047} INFO - Sync 1 DAGs
[2025-12-01T14:53:44.329+0000] {logging_mixin.py:188} INFO - [2025-12-01T14:53:44.329+0000] {dag.py:3834} INFO - Setting next_dagrun for ingestion_dag to 2025-12-01 14:53:00+00:00, run_after=2025-12-01 14:54:00+00:00
[2025-12-01T14:53:44.339+0000] {processor.py:183} INFO - Processing /opt/airflow/dags/ingestion_dag.py took 1.912 seconds
[2025-12-01T14:54:14.911+0000] {processor.py:161} INFO - Started process (PID=94687) to work on /opt/airflow/dags/ingestion_dag.py
[2025-12-01T14:54:14.917+0000] {processor.py:830} INFO - Processing file /opt/airflow/dags/ingestion_dag.py for tasks to queue
[2025-12-01T14:54:14.920+0000] {logging_mixin.py:188} INFO - [2025-12-01T14:54:14.919+0000] {dagbag.py:540} INFO - Filling up the DagBag from /opt/airflow/dags/ingestion_dag.py
[2025-12-01T14:54:16.690+0000] {logging_mixin.py:188} INFO - [2025-12-01T14:54:16.690+0000] {warnings.py:109} WARNING - /opt/airflow/dags/ingestion_dag.py:257: RemovedInAirflow3Warning: Function `days_ago` is deprecated and will be removed in Airflow 3.0. You can achieve equivalent behavior with `pendulum.today('UTC').add(days=-N, ...)`
  start_date=days_ago(1),
[2025-12-01T14:54:16.690+0000] {logging_mixin.py:188} INFO - [2025-12-01T14:54:16.690+0000] {warnings.py:109} WARNING - /opt/airflow/dags/ingestion_dag.py:254: RemovedInAirflow3Warning: Param `schedule_interval` is deprecated and will be removed in a future release. Please use `schedule` instead. 
  with DAG(
[2025-12-01T14:54:16.694+0000] {processor.py:840} INFO - DAG(s) 'ingestion_dag' retrieved from /opt/airflow/dags/ingestion_dag.py
[2025-12-01T14:54:16.726+0000] {logging_mixin.py:188} INFO - [2025-12-01T14:54:16.726+0000] {dag.py:3047} INFO - Sync 1 DAGs
[2025-12-01T14:54:16.746+0000] {logging_mixin.py:188} INFO - [2025-12-01T14:54:16.745+0000] {dag.py:3834} INFO - Setting next_dagrun for ingestion_dag to 2025-12-01 14:54:00+00:00, run_after=2025-12-01 14:55:00+00:00
[2025-12-01T14:54:16.758+0000] {processor.py:183} INFO - Processing /opt/airflow/dags/ingestion_dag.py took 1.856 seconds
[2025-12-01T14:54:47.437+0000] {processor.py:161} INFO - Started process (PID=94705) to work on /opt/airflow/dags/ingestion_dag.py
[2025-12-01T14:54:47.441+0000] {processor.py:830} INFO - Processing file /opt/airflow/dags/ingestion_dag.py for tasks to queue
[2025-12-01T14:54:47.446+0000] {logging_mixin.py:188} INFO - [2025-12-01T14:54:47.444+0000] {dagbag.py:540} INFO - Filling up the DagBag from /opt/airflow/dags/ingestion_dag.py
[2025-12-01T14:54:49.740+0000] {logging_mixin.py:188} INFO - [2025-12-01T14:54:49.739+0000] {warnings.py:109} WARNING - /opt/airflow/dags/ingestion_dag.py:257: RemovedInAirflow3Warning: Function `days_ago` is deprecated and will be removed in Airflow 3.0. You can achieve equivalent behavior with `pendulum.today('UTC').add(days=-N, ...)`
  start_date=days_ago(1),
[2025-12-01T14:54:49.740+0000] {logging_mixin.py:188} INFO - [2025-12-01T14:54:49.740+0000] {warnings.py:109} WARNING - /opt/airflow/dags/ingestion_dag.py:254: RemovedInAirflow3Warning: Param `schedule_interval` is deprecated and will be removed in a future release. Please use `schedule` instead. 
  with DAG(
[2025-12-01T14:54:49.746+0000] {processor.py:840} INFO - DAG(s) 'ingestion_dag' retrieved from /opt/airflow/dags/ingestion_dag.py
[2025-12-01T14:54:49.783+0000] {logging_mixin.py:188} INFO - [2025-12-01T14:54:49.782+0000] {dag.py:3047} INFO - Sync 1 DAGs
[2025-12-01T14:54:49.812+0000] {logging_mixin.py:188} INFO - [2025-12-01T14:54:49.812+0000] {dag.py:3834} INFO - Setting next_dagrun for ingestion_dag to 2025-12-01 14:54:00+00:00, run_after=2025-12-01 14:55:00+00:00
[2025-12-01T14:54:49.829+0000] {processor.py:183} INFO - Processing /opt/airflow/dags/ingestion_dag.py took 2.408 seconds
[2025-12-01T14:55:20.071+0000] {processor.py:161} INFO - Started process (PID=94785) to work on /opt/airflow/dags/ingestion_dag.py
[2025-12-01T14:55:20.074+0000] {processor.py:830} INFO - Processing file /opt/airflow/dags/ingestion_dag.py for tasks to queue
[2025-12-01T14:55:20.076+0000] {logging_mixin.py:188} INFO - [2025-12-01T14:55:20.075+0000] {dagbag.py:540} INFO - Filling up the DagBag from /opt/airflow/dags/ingestion_dag.py
[2025-12-01T14:55:22.370+0000] {logging_mixin.py:188} INFO - [2025-12-01T14:55:22.369+0000] {warnings.py:109} WARNING - /opt/airflow/dags/ingestion_dag.py:257: RemovedInAirflow3Warning: Function `days_ago` is deprecated and will be removed in Airflow 3.0. You can achieve equivalent behavior with `pendulum.today('UTC').add(days=-N, ...)`
  start_date=days_ago(1),
[2025-12-01T14:55:22.371+0000] {logging_mixin.py:188} INFO - [2025-12-01T14:55:22.370+0000] {warnings.py:109} WARNING - /opt/airflow/dags/ingestion_dag.py:254: RemovedInAirflow3Warning: Param `schedule_interval` is deprecated and will be removed in a future release. Please use `schedule` instead. 
  with DAG(
[2025-12-01T14:55:22.376+0000] {processor.py:840} INFO - DAG(s) 'ingestion_dag' retrieved from /opt/airflow/dags/ingestion_dag.py
[2025-12-01T14:55:22.408+0000] {logging_mixin.py:188} INFO - [2025-12-01T14:55:22.408+0000] {dag.py:3047} INFO - Sync 1 DAGs
[2025-12-01T14:55:22.429+0000] {logging_mixin.py:188} INFO - [2025-12-01T14:55:22.429+0000] {dag.py:3834} INFO - Setting next_dagrun for ingestion_dag to 2025-12-01 14:55:00+00:00, run_after=2025-12-01 14:56:00+00:00
[2025-12-01T14:55:22.439+0000] {processor.py:183} INFO - Processing /opt/airflow/dags/ingestion_dag.py took 2.383 seconds
[2025-12-01T14:55:52.608+0000] {processor.py:161} INFO - Started process (PID=94803) to work on /opt/airflow/dags/ingestion_dag.py
[2025-12-01T14:55:52.610+0000] {processor.py:830} INFO - Processing file /opt/airflow/dags/ingestion_dag.py for tasks to queue
[2025-12-01T14:55:52.613+0000] {logging_mixin.py:188} INFO - [2025-12-01T14:55:52.612+0000] {dagbag.py:540} INFO - Filling up the DagBag from /opt/airflow/dags/ingestion_dag.py
[2025-12-01T14:55:54.194+0000] {logging_mixin.py:188} INFO - [2025-12-01T14:55:54.193+0000] {warnings.py:109} WARNING - /opt/airflow/dags/ingestion_dag.py:257: RemovedInAirflow3Warning: Function `days_ago` is deprecated and will be removed in Airflow 3.0. You can achieve equivalent behavior with `pendulum.today('UTC').add(days=-N, ...)`
  start_date=days_ago(1),
[2025-12-01T14:55:54.194+0000] {logging_mixin.py:188} INFO - [2025-12-01T14:55:54.194+0000] {warnings.py:109} WARNING - /opt/airflow/dags/ingestion_dag.py:254: RemovedInAirflow3Warning: Param `schedule_interval` is deprecated and will be removed in a future release. Please use `schedule` instead. 
  with DAG(
[2025-12-01T14:55:54.198+0000] {processor.py:840} INFO - DAG(s) 'ingestion_dag' retrieved from /opt/airflow/dags/ingestion_dag.py
[2025-12-01T14:55:54.219+0000] {logging_mixin.py:188} INFO - [2025-12-01T14:55:54.219+0000] {dag.py:3047} INFO - Sync 1 DAGs
[2025-12-01T14:55:54.235+0000] {logging_mixin.py:188} INFO - [2025-12-01T14:55:54.235+0000] {dag.py:3834} INFO - Setting next_dagrun for ingestion_dag to 2025-12-01 14:55:00+00:00, run_after=2025-12-01 14:56:00+00:00
[2025-12-01T14:55:54.245+0000] {processor.py:183} INFO - Processing /opt/airflow/dags/ingestion_dag.py took 1.646 seconds
[2025-12-01T14:56:24.314+0000] {processor.py:161} INFO - Started process (PID=94894) to work on /opt/airflow/dags/ingestion_dag.py
[2025-12-01T14:56:24.314+0000] {processor.py:830} INFO - Processing file /opt/airflow/dags/ingestion_dag.py for tasks to queue
[2025-12-01T14:56:24.315+0000] {logging_mixin.py:188} INFO - [2025-12-01T14:56:24.315+0000] {dagbag.py:540} INFO - Filling up the DagBag from /opt/airflow/dags/ingestion_dag.py
[2025-12-01T14:56:25.903+0000] {logging_mixin.py:188} INFO - [2025-12-01T14:56:25.903+0000] {warnings.py:109} WARNING - /opt/airflow/dags/ingestion_dag.py:257: RemovedInAirflow3Warning: Function `days_ago` is deprecated and will be removed in Airflow 3.0. You can achieve equivalent behavior with `pendulum.today('UTC').add(days=-N, ...)`
  start_date=days_ago(1),
[2025-12-01T14:56:25.904+0000] {logging_mixin.py:188} INFO - [2025-12-01T14:56:25.904+0000] {warnings.py:109} WARNING - /opt/airflow/dags/ingestion_dag.py:254: RemovedInAirflow3Warning: Param `schedule_interval` is deprecated and will be removed in a future release. Please use `schedule` instead. 
  with DAG(
[2025-12-01T14:56:25.907+0000] {processor.py:840} INFO - DAG(s) 'ingestion_dag' retrieved from /opt/airflow/dags/ingestion_dag.py
[2025-12-01T14:56:25.928+0000] {logging_mixin.py:188} INFO - [2025-12-01T14:56:25.928+0000] {dag.py:3047} INFO - Sync 1 DAGs
[2025-12-01T14:56:25.948+0000] {logging_mixin.py:188} INFO - [2025-12-01T14:56:25.948+0000] {dag.py:3834} INFO - Setting next_dagrun for ingestion_dag to 2025-12-01 14:56:00+00:00, run_after=2025-12-01 14:57:00+00:00
[2025-12-01T14:56:25.957+0000] {processor.py:183} INFO - Processing /opt/airflow/dags/ingestion_dag.py took 1.645 seconds
[2025-12-01T14:56:56.438+0000] {processor.py:161} INFO - Started process (PID=94912) to work on /opt/airflow/dags/ingestion_dag.py
[2025-12-01T14:56:56.439+0000] {processor.py:830} INFO - Processing file /opt/airflow/dags/ingestion_dag.py for tasks to queue
[2025-12-01T14:56:56.440+0000] {logging_mixin.py:188} INFO - [2025-12-01T14:56:56.440+0000] {dagbag.py:540} INFO - Filling up the DagBag from /opt/airflow/dags/ingestion_dag.py
[2025-12-01T14:56:57.998+0000] {logging_mixin.py:188} INFO - [2025-12-01T14:56:57.997+0000] {warnings.py:109} WARNING - /opt/airflow/dags/ingestion_dag.py:257: RemovedInAirflow3Warning: Function `days_ago` is deprecated and will be removed in Airflow 3.0. You can achieve equivalent behavior with `pendulum.today('UTC').add(days=-N, ...)`
  start_date=days_ago(1),
[2025-12-01T14:56:57.998+0000] {logging_mixin.py:188} INFO - [2025-12-01T14:56:57.998+0000] {warnings.py:109} WARNING - /opt/airflow/dags/ingestion_dag.py:254: RemovedInAirflow3Warning: Param `schedule_interval` is deprecated and will be removed in a future release. Please use `schedule` instead. 
  with DAG(
[2025-12-01T14:56:58.002+0000] {processor.py:840} INFO - DAG(s) 'ingestion_dag' retrieved from /opt/airflow/dags/ingestion_dag.py
[2025-12-01T14:56:58.025+0000] {logging_mixin.py:188} INFO - [2025-12-01T14:56:58.025+0000] {dag.py:3047} INFO - Sync 1 DAGs
[2025-12-01T14:56:58.041+0000] {logging_mixin.py:188} INFO - [2025-12-01T14:56:58.041+0000] {dag.py:3834} INFO - Setting next_dagrun for ingestion_dag to 2025-12-01 14:56:00+00:00, run_after=2025-12-01 14:57:00+00:00
[2025-12-01T14:56:58.052+0000] {processor.py:183} INFO - Processing /opt/airflow/dags/ingestion_dag.py took 1.621 seconds
[2025-12-01T14:57:28.129+0000] {processor.py:161} INFO - Started process (PID=94992) to work on /opt/airflow/dags/ingestion_dag.py
[2025-12-01T14:57:28.131+0000] {processor.py:830} INFO - Processing file /opt/airflow/dags/ingestion_dag.py for tasks to queue
[2025-12-01T14:57:28.132+0000] {logging_mixin.py:188} INFO - [2025-12-01T14:57:28.132+0000] {dagbag.py:540} INFO - Filling up the DagBag from /opt/airflow/dags/ingestion_dag.py
[2025-12-01T14:57:29.785+0000] {logging_mixin.py:188} INFO - [2025-12-01T14:57:29.785+0000] {warnings.py:109} WARNING - /opt/airflow/dags/ingestion_dag.py:257: RemovedInAirflow3Warning: Function `days_ago` is deprecated and will be removed in Airflow 3.0. You can achieve equivalent behavior with `pendulum.today('UTC').add(days=-N, ...)`
  start_date=days_ago(1),
[2025-12-01T14:57:29.786+0000] {logging_mixin.py:188} INFO - [2025-12-01T14:57:29.786+0000] {warnings.py:109} WARNING - /opt/airflow/dags/ingestion_dag.py:254: RemovedInAirflow3Warning: Param `schedule_interval` is deprecated and will be removed in a future release. Please use `schedule` instead. 
  with DAG(
[2025-12-01T14:57:29.790+0000] {processor.py:840} INFO - DAG(s) 'ingestion_dag' retrieved from /opt/airflow/dags/ingestion_dag.py
[2025-12-01T14:57:29.814+0000] {logging_mixin.py:188} INFO - [2025-12-01T14:57:29.814+0000] {dag.py:3047} INFO - Sync 1 DAGs
[2025-12-01T14:57:29.832+0000] {logging_mixin.py:188} INFO - [2025-12-01T14:57:29.832+0000] {dag.py:3834} INFO - Setting next_dagrun for ingestion_dag to 2025-12-01 14:57:00+00:00, run_after=2025-12-01 14:58:00+00:00
[2025-12-01T14:57:29.841+0000] {processor.py:183} INFO - Processing /opt/airflow/dags/ingestion_dag.py took 1.717 seconds
[2025-12-01T14:58:00.317+0000] {processor.py:161} INFO - Started process (PID=95010) to work on /opt/airflow/dags/ingestion_dag.py
[2025-12-01T14:58:00.319+0000] {processor.py:830} INFO - Processing file /opt/airflow/dags/ingestion_dag.py for tasks to queue
[2025-12-01T14:58:00.320+0000] {logging_mixin.py:188} INFO - [2025-12-01T14:58:00.319+0000] {dagbag.py:540} INFO - Filling up the DagBag from /opt/airflow/dags/ingestion_dag.py
[2025-12-01T14:58:03.250+0000] {logging_mixin.py:188} INFO - [2025-12-01T14:58:03.247+0000] {warnings.py:109} WARNING - /opt/airflow/dags/ingestion_dag.py:257: RemovedInAirflow3Warning: Function `days_ago` is deprecated and will be removed in Airflow 3.0. You can achieve equivalent behavior with `pendulum.today('UTC').add(days=-N, ...)`
  start_date=days_ago(1),
[2025-12-01T14:58:03.252+0000] {logging_mixin.py:188} INFO - [2025-12-01T14:58:03.252+0000] {warnings.py:109} WARNING - /opt/airflow/dags/ingestion_dag.py:254: RemovedInAirflow3Warning: Param `schedule_interval` is deprecated and will be removed in a future release. Please use `schedule` instead. 
  with DAG(
[2025-12-01T14:58:03.267+0000] {processor.py:840} INFO - DAG(s) 'ingestion_dag' retrieved from /opt/airflow/dags/ingestion_dag.py
[2025-12-01T14:58:03.334+0000] {logging_mixin.py:188} INFO - [2025-12-01T14:58:03.334+0000] {dag.py:3047} INFO - Sync 1 DAGs
[2025-12-01T14:58:03.382+0000] {logging_mixin.py:188} INFO - [2025-12-01T14:58:03.382+0000] {dag.py:3834} INFO - Setting next_dagrun for ingestion_dag to 2025-12-01 14:58:00+00:00, run_after=2025-12-01 14:59:00+00:00
[2025-12-01T14:58:03.404+0000] {processor.py:183} INFO - Processing /opt/airflow/dags/ingestion_dag.py took 3.092 seconds
[2025-12-01T14:58:33.904+0000] {processor.py:161} INFO - Started process (PID=95096) to work on /opt/airflow/dags/ingestion_dag.py
[2025-12-01T14:58:33.907+0000] {processor.py:830} INFO - Processing file /opt/airflow/dags/ingestion_dag.py for tasks to queue
[2025-12-01T14:58:33.909+0000] {logging_mixin.py:188} INFO - [2025-12-01T14:58:33.908+0000] {dagbag.py:540} INFO - Filling up the DagBag from /opt/airflow/dags/ingestion_dag.py
[2025-12-01T14:58:35.545+0000] {logging_mixin.py:188} INFO - [2025-12-01T14:58:35.545+0000] {warnings.py:109} WARNING - /opt/airflow/dags/ingestion_dag.py:257: RemovedInAirflow3Warning: Function `days_ago` is deprecated and will be removed in Airflow 3.0. You can achieve equivalent behavior with `pendulum.today('UTC').add(days=-N, ...)`
  start_date=days_ago(1),
[2025-12-01T14:58:35.545+0000] {logging_mixin.py:188} INFO - [2025-12-01T14:58:35.545+0000] {warnings.py:109} WARNING - /opt/airflow/dags/ingestion_dag.py:254: RemovedInAirflow3Warning: Param `schedule_interval` is deprecated and will be removed in a future release. Please use `schedule` instead. 
  with DAG(
[2025-12-01T14:58:35.549+0000] {processor.py:840} INFO - DAG(s) 'ingestion_dag' retrieved from /opt/airflow/dags/ingestion_dag.py
[2025-12-01T14:58:35.570+0000] {logging_mixin.py:188} INFO - [2025-12-01T14:58:35.570+0000] {dag.py:3047} INFO - Sync 1 DAGs
[2025-12-01T14:58:35.586+0000] {logging_mixin.py:188} INFO - [2025-12-01T14:58:35.586+0000] {dag.py:3834} INFO - Setting next_dagrun for ingestion_dag to 2025-12-01 14:58:00+00:00, run_after=2025-12-01 14:59:00+00:00
[2025-12-01T14:58:35.598+0000] {processor.py:183} INFO - Processing /opt/airflow/dags/ingestion_dag.py took 1.703 seconds
[2025-12-01T14:59:06.441+0000] {processor.py:161} INFO - Started process (PID=95143) to work on /opt/airflow/dags/ingestion_dag.py
[2025-12-01T14:59:06.442+0000] {processor.py:830} INFO - Processing file /opt/airflow/dags/ingestion_dag.py for tasks to queue
[2025-12-01T14:59:06.443+0000] {logging_mixin.py:188} INFO - [2025-12-01T14:59:06.443+0000] {dagbag.py:540} INFO - Filling up the DagBag from /opt/airflow/dags/ingestion_dag.py
[2025-12-01T14:59:08.228+0000] {logging_mixin.py:188} INFO - [2025-12-01T14:59:08.227+0000] {warnings.py:109} WARNING - /opt/airflow/dags/ingestion_dag.py:257: RemovedInAirflow3Warning: Function `days_ago` is deprecated and will be removed in Airflow 3.0. You can achieve equivalent behavior with `pendulum.today('UTC').add(days=-N, ...)`
  start_date=days_ago(1),
[2025-12-01T14:59:08.230+0000] {logging_mixin.py:188} INFO - [2025-12-01T14:59:08.229+0000] {warnings.py:109} WARNING - /opt/airflow/dags/ingestion_dag.py:254: RemovedInAirflow3Warning: Param `schedule_interval` is deprecated and will be removed in a future release. Please use `schedule` instead. 
  with DAG(
[2025-12-01T14:59:08.238+0000] {processor.py:840} INFO - DAG(s) 'ingestion_dag' retrieved from /opt/airflow/dags/ingestion_dag.py
[2025-12-01T14:59:08.287+0000] {logging_mixin.py:188} INFO - [2025-12-01T14:59:08.286+0000] {dag.py:3047} INFO - Sync 1 DAGs
[2025-12-01T14:59:08.340+0000] {logging_mixin.py:188} INFO - [2025-12-01T14:59:08.339+0000] {dag.py:3834} INFO - Setting next_dagrun for ingestion_dag to 2025-12-01 14:59:00+00:00, run_after=2025-12-01 15:00:00+00:00
[2025-12-01T14:59:08.382+0000] {processor.py:183} INFO - Processing /opt/airflow/dags/ingestion_dag.py took 1.946 seconds
[2025-12-01T14:59:38.974+0000] {processor.py:161} INFO - Started process (PID=95194) to work on /opt/airflow/dags/ingestion_dag.py
[2025-12-01T14:59:38.980+0000] {processor.py:830} INFO - Processing file /opt/airflow/dags/ingestion_dag.py for tasks to queue
[2025-12-01T14:59:38.982+0000] {logging_mixin.py:188} INFO - [2025-12-01T14:59:38.981+0000] {dagbag.py:540} INFO - Filling up the DagBag from /opt/airflow/dags/ingestion_dag.py
[2025-12-01T14:59:40.601+0000] {logging_mixin.py:188} INFO - [2025-12-01T14:59:40.601+0000] {warnings.py:109} WARNING - /opt/airflow/dags/ingestion_dag.py:257: RemovedInAirflow3Warning: Function `days_ago` is deprecated and will be removed in Airflow 3.0. You can achieve equivalent behavior with `pendulum.today('UTC').add(days=-N, ...)`
  start_date=days_ago(1),
[2025-12-01T14:59:40.602+0000] {logging_mixin.py:188} INFO - [2025-12-01T14:59:40.602+0000] {warnings.py:109} WARNING - /opt/airflow/dags/ingestion_dag.py:254: RemovedInAirflow3Warning: Param `schedule_interval` is deprecated and will be removed in a future release. Please use `schedule` instead. 
  with DAG(
[2025-12-01T14:59:40.605+0000] {processor.py:840} INFO - DAG(s) 'ingestion_dag' retrieved from /opt/airflow/dags/ingestion_dag.py
[2025-12-01T14:59:40.628+0000] {logging_mixin.py:188} INFO - [2025-12-01T14:59:40.627+0000] {dag.py:3047} INFO - Sync 1 DAGs
[2025-12-01T14:59:40.644+0000] {logging_mixin.py:188} INFO - [2025-12-01T14:59:40.644+0000] {dag.py:3834} INFO - Setting next_dagrun for ingestion_dag to 2025-12-01 14:59:00+00:00, run_after=2025-12-01 15:00:00+00:00
[2025-12-01T14:59:40.662+0000] {processor.py:183} INFO - Processing /opt/airflow/dags/ingestion_dag.py took 1.701 seconds
[2025-12-01T15:00:11.558+0000] {processor.py:161} INFO - Started process (PID=95280) to work on /opt/airflow/dags/ingestion_dag.py
[2025-12-01T15:00:11.559+0000] {processor.py:830} INFO - Processing file /opt/airflow/dags/ingestion_dag.py for tasks to queue
[2025-12-01T15:00:11.562+0000] {logging_mixin.py:188} INFO - [2025-12-01T15:00:11.561+0000] {dagbag.py:540} INFO - Filling up the DagBag from /opt/airflow/dags/ingestion_dag.py
[2025-12-01T15:00:13.533+0000] {logging_mixin.py:188} INFO - [2025-12-01T15:00:13.533+0000] {warnings.py:109} WARNING - /opt/airflow/dags/ingestion_dag.py:257: RemovedInAirflow3Warning: Function `days_ago` is deprecated and will be removed in Airflow 3.0. You can achieve equivalent behavior with `pendulum.today('UTC').add(days=-N, ...)`
  start_date=days_ago(1),
[2025-12-01T15:00:13.534+0000] {logging_mixin.py:188} INFO - [2025-12-01T15:00:13.534+0000] {warnings.py:109} WARNING - /opt/airflow/dags/ingestion_dag.py:254: RemovedInAirflow3Warning: Param `schedule_interval` is deprecated and will be removed in a future release. Please use `schedule` instead. 
  with DAG(
[2025-12-01T15:00:13.538+0000] {processor.py:840} INFO - DAG(s) 'ingestion_dag' retrieved from /opt/airflow/dags/ingestion_dag.py
[2025-12-01T15:00:13.566+0000] {logging_mixin.py:188} INFO - [2025-12-01T15:00:13.566+0000] {dag.py:3047} INFO - Sync 1 DAGs
[2025-12-01T15:00:13.587+0000] {logging_mixin.py:188} INFO - [2025-12-01T15:00:13.587+0000] {dag.py:3834} INFO - Setting next_dagrun for ingestion_dag to 2025-12-01 15:00:00+00:00, run_after=2025-12-01 15:01:00+00:00
[2025-12-01T15:00:13.596+0000] {processor.py:183} INFO - Processing /opt/airflow/dags/ingestion_dag.py took 2.047 seconds
[2025-12-01T15:00:44.145+0000] {processor.py:161} INFO - Started process (PID=95298) to work on /opt/airflow/dags/ingestion_dag.py
[2025-12-01T15:00:44.148+0000] {processor.py:830} INFO - Processing file /opt/airflow/dags/ingestion_dag.py for tasks to queue
[2025-12-01T15:00:44.151+0000] {logging_mixin.py:188} INFO - [2025-12-01T15:00:44.150+0000] {dagbag.py:540} INFO - Filling up the DagBag from /opt/airflow/dags/ingestion_dag.py
[2025-12-01T15:00:45.772+0000] {logging_mixin.py:188} INFO - [2025-12-01T15:00:45.771+0000] {warnings.py:109} WARNING - /opt/airflow/dags/ingestion_dag.py:257: RemovedInAirflow3Warning: Function `days_ago` is deprecated and will be removed in Airflow 3.0. You can achieve equivalent behavior with `pendulum.today('UTC').add(days=-N, ...)`
  start_date=days_ago(1),
[2025-12-01T15:00:45.772+0000] {logging_mixin.py:188} INFO - [2025-12-01T15:00:45.772+0000] {warnings.py:109} WARNING - /opt/airflow/dags/ingestion_dag.py:254: RemovedInAirflow3Warning: Param `schedule_interval` is deprecated and will be removed in a future release. Please use `schedule` instead. 
  with DAG(
[2025-12-01T15:00:45.776+0000] {processor.py:840} INFO - DAG(s) 'ingestion_dag' retrieved from /opt/airflow/dags/ingestion_dag.py
[2025-12-01T15:00:45.793+0000] {logging_mixin.py:188} INFO - [2025-12-01T15:00:45.793+0000] {dag.py:3047} INFO - Sync 1 DAGs
[2025-12-01T15:00:45.812+0000] {logging_mixin.py:188} INFO - [2025-12-01T15:00:45.812+0000] {dag.py:3834} INFO - Setting next_dagrun for ingestion_dag to 2025-12-01 15:00:00+00:00, run_after=2025-12-01 15:01:00+00:00
[2025-12-01T15:00:45.823+0000] {processor.py:183} INFO - Processing /opt/airflow/dags/ingestion_dag.py took 1.687 seconds
[2025-12-01T15:01:16.619+0000] {processor.py:161} INFO - Started process (PID=95378) to work on /opt/airflow/dags/ingestion_dag.py
[2025-12-01T15:01:16.623+0000] {processor.py:830} INFO - Processing file /opt/airflow/dags/ingestion_dag.py for tasks to queue
[2025-12-01T15:01:16.628+0000] {logging_mixin.py:188} INFO - [2025-12-01T15:01:16.627+0000] {dagbag.py:540} INFO - Filling up the DagBag from /opt/airflow/dags/ingestion_dag.py
[2025-12-01T15:01:18.207+0000] {logging_mixin.py:188} INFO - [2025-12-01T15:01:18.207+0000] {warnings.py:109} WARNING - /opt/airflow/dags/ingestion_dag.py:257: RemovedInAirflow3Warning: Function `days_ago` is deprecated and will be removed in Airflow 3.0. You can achieve equivalent behavior with `pendulum.today('UTC').add(days=-N, ...)`
  start_date=days_ago(1),
[2025-12-01T15:01:18.207+0000] {logging_mixin.py:188} INFO - [2025-12-01T15:01:18.207+0000] {warnings.py:109} WARNING - /opt/airflow/dags/ingestion_dag.py:254: RemovedInAirflow3Warning: Param `schedule_interval` is deprecated and will be removed in a future release. Please use `schedule` instead. 
  with DAG(
[2025-12-01T15:01:18.211+0000] {processor.py:840} INFO - DAG(s) 'ingestion_dag' retrieved from /opt/airflow/dags/ingestion_dag.py
[2025-12-01T15:01:18.237+0000] {logging_mixin.py:188} INFO - [2025-12-01T15:01:18.237+0000] {dag.py:3047} INFO - Sync 1 DAGs
[2025-12-01T15:01:18.253+0000] {logging_mixin.py:188} INFO - [2025-12-01T15:01:18.253+0000] {dag.py:3834} INFO - Setting next_dagrun for ingestion_dag to 2025-12-01 15:01:00+00:00, run_after=2025-12-01 15:02:00+00:00
[2025-12-01T15:01:18.264+0000] {processor.py:183} INFO - Processing /opt/airflow/dags/ingestion_dag.py took 1.655 seconds
[2025-12-01T15:01:49.137+0000] {processor.py:161} INFO - Started process (PID=95396) to work on /opt/airflow/dags/ingestion_dag.py
[2025-12-01T15:01:49.141+0000] {processor.py:830} INFO - Processing file /opt/airflow/dags/ingestion_dag.py for tasks to queue
[2025-12-01T15:01:49.143+0000] {logging_mixin.py:188} INFO - [2025-12-01T15:01:49.142+0000] {dagbag.py:540} INFO - Filling up the DagBag from /opt/airflow/dags/ingestion_dag.py
[2025-12-01T15:01:50.916+0000] {logging_mixin.py:188} INFO - [2025-12-01T15:01:50.916+0000] {warnings.py:109} WARNING - /opt/airflow/dags/ingestion_dag.py:257: RemovedInAirflow3Warning: Function `days_ago` is deprecated and will be removed in Airflow 3.0. You can achieve equivalent behavior with `pendulum.today('UTC').add(days=-N, ...)`
  start_date=days_ago(1),
[2025-12-01T15:01:50.916+0000] {logging_mixin.py:188} INFO - [2025-12-01T15:01:50.916+0000] {warnings.py:109} WARNING - /opt/airflow/dags/ingestion_dag.py:254: RemovedInAirflow3Warning: Param `schedule_interval` is deprecated and will be removed in a future release. Please use `schedule` instead. 
  with DAG(
[2025-12-01T15:01:50.921+0000] {processor.py:840} INFO - DAG(s) 'ingestion_dag' retrieved from /opt/airflow/dags/ingestion_dag.py
[2025-12-01T15:01:50.947+0000] {logging_mixin.py:188} INFO - [2025-12-01T15:01:50.946+0000] {dag.py:3047} INFO - Sync 1 DAGs
[2025-12-01T15:01:50.965+0000] {logging_mixin.py:188} INFO - [2025-12-01T15:01:50.965+0000] {dag.py:3834} INFO - Setting next_dagrun for ingestion_dag to 2025-12-01 15:01:00+00:00, run_after=2025-12-01 15:02:00+00:00
[2025-12-01T15:01:50.976+0000] {processor.py:183} INFO - Processing /opt/airflow/dags/ingestion_dag.py took 1.855 seconds
[2025-12-01T15:02:21.837+0000] {processor.py:161} INFO - Started process (PID=95482) to work on /opt/airflow/dags/ingestion_dag.py
[2025-12-01T15:02:21.843+0000] {processor.py:830} INFO - Processing file /opt/airflow/dags/ingestion_dag.py for tasks to queue
[2025-12-01T15:02:21.844+0000] {logging_mixin.py:188} INFO - [2025-12-01T15:02:21.844+0000] {dagbag.py:540} INFO - Filling up the DagBag from /opt/airflow/dags/ingestion_dag.py
[2025-12-01T15:02:23.656+0000] {logging_mixin.py:188} INFO - [2025-12-01T15:02:23.656+0000] {warnings.py:109} WARNING - /opt/airflow/dags/ingestion_dag.py:257: RemovedInAirflow3Warning: Function `days_ago` is deprecated and will be removed in Airflow 3.0. You can achieve equivalent behavior with `pendulum.today('UTC').add(days=-N, ...)`
  start_date=days_ago(1),
[2025-12-01T15:02:23.657+0000] {logging_mixin.py:188} INFO - [2025-12-01T15:02:23.657+0000] {warnings.py:109} WARNING - /opt/airflow/dags/ingestion_dag.py:254: RemovedInAirflow3Warning: Param `schedule_interval` is deprecated and will be removed in a future release. Please use `schedule` instead. 
  with DAG(
[2025-12-01T15:02:23.661+0000] {processor.py:840} INFO - DAG(s) 'ingestion_dag' retrieved from /opt/airflow/dags/ingestion_dag.py
[2025-12-01T15:02:23.690+0000] {logging_mixin.py:188} INFO - [2025-12-01T15:02:23.690+0000] {dag.py:3047} INFO - Sync 1 DAGs
[2025-12-01T15:02:23.709+0000] {logging_mixin.py:188} INFO - [2025-12-01T15:02:23.709+0000] {dag.py:3834} INFO - Setting next_dagrun for ingestion_dag to 2025-12-01 15:02:00+00:00, run_after=2025-12-01 15:03:00+00:00
[2025-12-01T15:02:23.719+0000] {processor.py:183} INFO - Processing /opt/airflow/dags/ingestion_dag.py took 1.897 seconds
[2025-12-01T15:02:54.199+0000] {processor.py:161} INFO - Started process (PID=95500) to work on /opt/airflow/dags/ingestion_dag.py
[2025-12-01T15:02:54.202+0000] {processor.py:830} INFO - Processing file /opt/airflow/dags/ingestion_dag.py for tasks to queue
[2025-12-01T15:02:54.204+0000] {logging_mixin.py:188} INFO - [2025-12-01T15:02:54.203+0000] {dagbag.py:540} INFO - Filling up the DagBag from /opt/airflow/dags/ingestion_dag.py
[2025-12-01T15:02:55.809+0000] {logging_mixin.py:188} INFO - [2025-12-01T15:02:55.809+0000] {warnings.py:109} WARNING - /opt/airflow/dags/ingestion_dag.py:257: RemovedInAirflow3Warning: Function `days_ago` is deprecated and will be removed in Airflow 3.0. You can achieve equivalent behavior with `pendulum.today('UTC').add(days=-N, ...)`
  start_date=days_ago(1),
[2025-12-01T15:02:55.809+0000] {logging_mixin.py:188} INFO - [2025-12-01T15:02:55.809+0000] {warnings.py:109} WARNING - /opt/airflow/dags/ingestion_dag.py:254: RemovedInAirflow3Warning: Param `schedule_interval` is deprecated and will be removed in a future release. Please use `schedule` instead. 
  with DAG(
[2025-12-01T15:02:55.813+0000] {processor.py:840} INFO - DAG(s) 'ingestion_dag' retrieved from /opt/airflow/dags/ingestion_dag.py
[2025-12-01T15:02:55.841+0000] {logging_mixin.py:188} INFO - [2025-12-01T15:02:55.841+0000] {dag.py:3047} INFO - Sync 1 DAGs
[2025-12-01T15:02:55.856+0000] {logging_mixin.py:188} INFO - [2025-12-01T15:02:55.856+0000] {dag.py:3834} INFO - Setting next_dagrun for ingestion_dag to 2025-12-01 15:02:00+00:00, run_after=2025-12-01 15:03:00+00:00
[2025-12-01T15:02:55.868+0000] {processor.py:183} INFO - Processing /opt/airflow/dags/ingestion_dag.py took 1.679 seconds
[2025-12-01T15:03:26.033+0000] {processor.py:161} INFO - Started process (PID=95580) to work on /opt/airflow/dags/ingestion_dag.py
[2025-12-01T15:03:26.040+0000] {processor.py:830} INFO - Processing file /opt/airflow/dags/ingestion_dag.py for tasks to queue
[2025-12-01T15:03:26.042+0000] {logging_mixin.py:188} INFO - [2025-12-01T15:03:26.041+0000] {dagbag.py:540} INFO - Filling up the DagBag from /opt/airflow/dags/ingestion_dag.py
[2025-12-01T15:03:28.563+0000] {logging_mixin.py:188} INFO - [2025-12-01T15:03:28.563+0000] {warnings.py:109} WARNING - /opt/airflow/dags/ingestion_dag.py:257: RemovedInAirflow3Warning: Function `days_ago` is deprecated and will be removed in Airflow 3.0. You can achieve equivalent behavior with `pendulum.today('UTC').add(days=-N, ...)`
  start_date=days_ago(1),
[2025-12-01T15:03:28.564+0000] {logging_mixin.py:188} INFO - [2025-12-01T15:03:28.564+0000] {warnings.py:109} WARNING - /opt/airflow/dags/ingestion_dag.py:254: RemovedInAirflow3Warning: Param `schedule_interval` is deprecated and will be removed in a future release. Please use `schedule` instead. 
  with DAG(
[2025-12-01T15:03:28.567+0000] {processor.py:840} INFO - DAG(s) 'ingestion_dag' retrieved from /opt/airflow/dags/ingestion_dag.py
[2025-12-01T15:03:28.594+0000] {logging_mixin.py:188} INFO - [2025-12-01T15:03:28.594+0000] {dag.py:3047} INFO - Sync 1 DAGs
[2025-12-01T15:03:28.611+0000] {logging_mixin.py:188} INFO - [2025-12-01T15:03:28.611+0000] {dag.py:3834} INFO - Setting next_dagrun for ingestion_dag to 2025-12-01 15:03:00+00:00, run_after=2025-12-01 15:04:00+00:00
[2025-12-01T15:03:28.621+0000] {processor.py:183} INFO - Processing /opt/airflow/dags/ingestion_dag.py took 2.595 seconds
[2025-12-01T15:03:59.228+0000] {processor.py:161} INFO - Started process (PID=95598) to work on /opt/airflow/dags/ingestion_dag.py
[2025-12-01T15:03:59.230+0000] {processor.py:830} INFO - Processing file /opt/airflow/dags/ingestion_dag.py for tasks to queue
[2025-12-01T15:03:59.232+0000] {logging_mixin.py:188} INFO - [2025-12-01T15:03:59.231+0000] {dagbag.py:540} INFO - Filling up the DagBag from /opt/airflow/dags/ingestion_dag.py
[2025-12-01T15:04:04.181+0000] {logging_mixin.py:188} INFO - [2025-12-01T15:04:04.181+0000] {warnings.py:109} WARNING - /opt/airflow/dags/ingestion_dag.py:257: RemovedInAirflow3Warning: Function `days_ago` is deprecated and will be removed in Airflow 3.0. You can achieve equivalent behavior with `pendulum.today('UTC').add(days=-N, ...)`
  start_date=days_ago(1),
[2025-12-01T15:04:04.182+0000] {logging_mixin.py:188} INFO - [2025-12-01T15:04:04.182+0000] {warnings.py:109} WARNING - /opt/airflow/dags/ingestion_dag.py:254: RemovedInAirflow3Warning: Param `schedule_interval` is deprecated and will be removed in a future release. Please use `schedule` instead. 
  with DAG(
[2025-12-01T15:04:04.198+0000] {processor.py:840} INFO - DAG(s) 'ingestion_dag' retrieved from /opt/airflow/dags/ingestion_dag.py
[2025-12-01T15:04:04.234+0000] {logging_mixin.py:188} INFO - [2025-12-01T15:04:04.234+0000] {dag.py:3047} INFO - Sync 1 DAGs
[2025-12-01T15:04:04.283+0000] {logging_mixin.py:188} INFO - [2025-12-01T15:04:04.283+0000] {dag.py:3834} INFO - Setting next_dagrun for ingestion_dag to 2025-12-01 15:04:00+00:00, run_after=2025-12-01 15:05:00+00:00
[2025-12-01T15:04:04.304+0000] {processor.py:183} INFO - Processing /opt/airflow/dags/ingestion_dag.py took 5.090 seconds
[2025-12-01T15:04:34.616+0000] {processor.py:161} INFO - Started process (PID=95689) to work on /opt/airflow/dags/ingestion_dag.py
[2025-12-01T15:04:34.619+0000] {processor.py:830} INFO - Processing file /opt/airflow/dags/ingestion_dag.py for tasks to queue
[2025-12-01T15:04:34.620+0000] {logging_mixin.py:188} INFO - [2025-12-01T15:04:34.620+0000] {dagbag.py:540} INFO - Filling up the DagBag from /opt/airflow/dags/ingestion_dag.py
[2025-12-01T15:04:36.300+0000] {logging_mixin.py:188} INFO - [2025-12-01T15:04:36.299+0000] {warnings.py:109} WARNING - /opt/airflow/dags/ingestion_dag.py:257: RemovedInAirflow3Warning: Function `days_ago` is deprecated and will be removed in Airflow 3.0. You can achieve equivalent behavior with `pendulum.today('UTC').add(days=-N, ...)`
  start_date=days_ago(1),
[2025-12-01T15:04:36.300+0000] {logging_mixin.py:188} INFO - [2025-12-01T15:04:36.300+0000] {warnings.py:109} WARNING - /opt/airflow/dags/ingestion_dag.py:254: RemovedInAirflow3Warning: Param `schedule_interval` is deprecated and will be removed in a future release. Please use `schedule` instead. 
  with DAG(
[2025-12-01T15:04:36.304+0000] {processor.py:840} INFO - DAG(s) 'ingestion_dag' retrieved from /opt/airflow/dags/ingestion_dag.py
[2025-12-01T15:04:36.331+0000] {logging_mixin.py:188} INFO - [2025-12-01T15:04:36.331+0000] {dag.py:3047} INFO - Sync 1 DAGs
[2025-12-01T15:04:36.348+0000] {logging_mixin.py:188} INFO - [2025-12-01T15:04:36.348+0000] {dag.py:3834} INFO - Setting next_dagrun for ingestion_dag to 2025-12-01 15:04:00+00:00, run_after=2025-12-01 15:05:00+00:00
[2025-12-01T15:04:36.357+0000] {processor.py:183} INFO - Processing /opt/airflow/dags/ingestion_dag.py took 1.748 seconds
[2025-12-01T15:05:07.051+0000] {processor.py:161} INFO - Started process (PID=95729) to work on /opt/airflow/dags/ingestion_dag.py
[2025-12-01T15:05:07.054+0000] {processor.py:830} INFO - Processing file /opt/airflow/dags/ingestion_dag.py for tasks to queue
[2025-12-01T15:05:07.057+0000] {logging_mixin.py:188} INFO - [2025-12-01T15:05:07.056+0000] {dagbag.py:540} INFO - Filling up the DagBag from /opt/airflow/dags/ingestion_dag.py
[2025-12-01T15:05:11.512+0000] {logging_mixin.py:188} INFO - [2025-12-01T15:05:11.511+0000] {warnings.py:109} WARNING - /opt/airflow/dags/ingestion_dag.py:257: RemovedInAirflow3Warning: Function `days_ago` is deprecated and will be removed in Airflow 3.0. You can achieve equivalent behavior with `pendulum.today('UTC').add(days=-N, ...)`
  start_date=days_ago(1),
[2025-12-01T15:05:11.513+0000] {logging_mixin.py:188} INFO - [2025-12-01T15:05:11.513+0000] {warnings.py:109} WARNING - /opt/airflow/dags/ingestion_dag.py:254: RemovedInAirflow3Warning: Param `schedule_interval` is deprecated and will be removed in a future release. Please use `schedule` instead. 
  with DAG(
[2025-12-01T15:05:11.528+0000] {processor.py:840} INFO - DAG(s) 'ingestion_dag' retrieved from /opt/airflow/dags/ingestion_dag.py
[2025-12-01T15:05:11.585+0000] {logging_mixin.py:188} INFO - [2025-12-01T15:05:11.585+0000] {dag.py:3047} INFO - Sync 1 DAGs
[2025-12-01T15:05:11.640+0000] {logging_mixin.py:188} INFO - [2025-12-01T15:05:11.639+0000] {dag.py:3834} INFO - Setting next_dagrun for ingestion_dag to 2025-12-01 15:05:00+00:00, run_after=2025-12-01 15:06:00+00:00
[2025-12-01T15:05:11.677+0000] {processor.py:183} INFO - Processing /opt/airflow/dags/ingestion_dag.py took 4.637 seconds
